time_s,pos_x_m,pos_y_m,x_disp_m,altitude_m,vel_x_ms,vel_y_ms,speed_ms,acc_x_ms2,acc_y_ms2,body_angle_deg,flight_angle_deg,aoa_deg,c_l,c_d_induced,rho_kgm3,air_temp_K,speed_of_sound_ms,mach,mass_kg,fuel_mass_kg,fuel_burn_kgs,thrust_N,thrust_x_N,thrust_y_N,lift_x_N,lift_y_N,drag_x_N,drag_y_N,drag_parasite_N,drag_induced_N,friction_x_N,normal_y_N,netforce_x_N,netforce_y_N,on_ground,stalled
0.0167,400.0,594.1,0.0,0.0,0.0,0.0,0.0,0.0,0.0,0,0,0,0.15,0,1.225,288.15,340.35,0.0,64000.0,14000.0,0.0,0,0.0,-0.0,0.0,0.0,0.0,0.0,0.0,0.0,0.0,-627840.0,0.0,0.0,1,0
0.1167,400.0,594.1,0.0,0.0,0.0,0.0,0.0,0.0,0.0,0,0,0,0.15,0,1.225,288.15,340.35,0.0,64000.0,14000.0,0.0,0,0.0,-0.0,0.0,0.0,0.0,0.0,0.0,0.0,0.0,-627840.0,0.0,0.0,1,0
0.2167,400.0,594.1,0.0,0.0,0.0,0.0,0.0,0.0,0.0,0,0,0,0.15,0,1.225,288.15,340.35,0.0,64000.0,14000.0,0.0,0,0.0,-0.0,0.0,0.0,0.0,0.0,0.0,0.0,0.0,-627840.0,0.0,0.0,1,0
0.3167,400.0,594.1,0.0,0.0,0.0,0.0,0.0,0.0,0.0,0,0,0,0.15,0,1.225,288.15,340.35,0.0,64000.0,14000.0,0.0,0,0.0,-0.0,0.0,0.0,0.0,0.0,0.0,0.0,0.0,-627840.0,0.0,0.0,1,0
0.4167,400.0,594.1,0.0,0.0,0.0,0.0,0.0,0.0,0.0,0,0,0,0.15,0,1.225,288.15,340.35,0.0,64000.0,14000.0,0.0,0,0.0,-0.0,0.0,0.0,0.0,0.0,0.0,0.0,0.0,-627840.0,0.0,0.0,1,0
0.5167,400.0,594.1,0.0,0.0,0.0,0.0,0.0,0.0,0.0,0,0,0,0.15,0,1.225,288.15,340.35,0.0,64000.0,14000.0,0.0,0,0.0,-0.0,0.0,0.0,0.0,0.0,0.0,0.0,0.0,-627840.0,0.0,0.0,1,0
0.6,400.0,594.1,0.0,0.0,0.0,0.0,0.0,0.0,0.0,0,0,0,0.15,0,1.225,288.15,340.35,0.0,64000.0,14000.0,0.0,0,0.0,-0.0,0.0,0.0,0.0,0.0,0.0,0.0,0.0,-627840.0,0.0,0.0,1,0
0.7,400.0,594.1,0.0,0.0,0.0,0.0,0.0,0.0,0.0,0,0,0,0.15,0,1.225,288.15,340.35,0.0,64000.0,14000.0,0.0,0,0.0,-0.0,0.0,0.0,0.0,0.0,0.0,0.0,0.0,-627840.0,0.0,0.0,1,0
0.8,400.0,594.1,0.0,0.0,0.0,0.0,0.0,0.0,0.0,0,0,0,0.15,0,1.225,288.15,340.35,0.0,64000.0,14000.0,0.0,0,0.0,-0.0,0.0,0.0,0.0,0.0,0.0,0.0,0.0,-627840.0,0.0,0.0,1,0
0.9,400.0,594.1,0.0,0.0,0.0,0.0,0.0,0.0,0.0,0,0,0,0.15,0,1.225,288.15,340.35,0.0,64000.0,14000.0,0.0,0,0.0,-0.0,0.0,0.0,0.0,0.0,0.0,0.0,0.0,-627840.0,0.0,0.0,1,0
1.0,400.0,594.1,0.0,0.0,0.0,0.0,0.0,0.0,0.0,0,0,0,0.15,0,1.225,288.15,340.35,0.0,64000.0,14000.0,0.0,0,0.0,-0.0,0.0,0.0,0.0,0.0,0.0,0.0,0.0,-627840.0,0.0,0.0,1,0
1.1,400.0,594.1,0.0,0.0,0.0,0.0,0.0,0.0,0.0,0,0,0,0.15,0,1.225,288.15,340.35,0.0,64000.0,14000.0,0.0,0,0.0,-0.0,0.0,0.0,0.0,0.0,0.0,0.0,0.0,-627840.0,0.0,0.0,1,0
1.2,400.0,594.1,0.0,0.0,0.0,0.0,0.0,0.0,0.0,0,0,0,0.15,0,1.225,288.15,340.35,0.0,64000.0,14000.0,0.0,0,0.0,-0.0,0.0,0.0,0.0,0.0,0.0,0.0,0.0,-627840.0,0.0,0.0,1,0
1.3,400.0,594.1,0.0,0.0,0.0,0.0,0.0,0.0,0.0,0,0,0,0.15,0,1.225,288.15,340.35,0.0,64000.0,14000.0,0.0,0,0.0,-0.0,0.0,0.0,0.0,0.0,0.0,0.0,0.0,-627840.0,0.0,0.0,1,0
1.4167,400.0,594.1,0.0,0.0,0.0,0.0,0.0,0.0,0.0,0,0,0,0.15,0,1.225,288.15,340.35,0.0,64000.0,14000.0,0.0,0,0.0,-0.0,0.0,0.0,0.0,0.0,0.0,0.0,0.0,-627840.0,0.0,0.0,1,0
1.5167,400.0,594.1,0.0,0.0,0.0,0.0,0.0,0.0,0.0,0,0,0,0.15,0,1.225,288.15,340.35,0.0,64000.0,14000.0,0.0,0,0.0,-0.0,0.0,0.0,0.0,0.0,0.0,0.0,0.0,-627840.0,0.0,0.0,1,0
1.6167,400.0,594.1,0.0,0.0,0.0,0.0,0.0,0.0,0.0,0,0,0,0.15,0,1.225,288.15,340.35,0.0,64000.0,14000.0,0.0,0,0.0,-0.0,0.0,0.0,0.0,0.0,0.0,0.0,0.0,-627840.0,0.0,0.0,1,0
1.7167,400.0,594.1,0.0,0.0,0.0,0.0,0.0,0.0,0.0,0,0,0,0.15,0,1.225,288.15,340.35,0.0,64000.0,14000.0,0.0,0,0.0,-0.0,0.0,0.0,0.0,0.0,0.0,0.0,0.0,-627840.0,0.0,0.0,1,0
1.8167,400.0,594.1,0.0,0.0,0.0,0.0,0.0,0.0,0.0,0,0,0,0.15,0,1.225,288.15,340.35,0.0,64000.0,14000.0,0.0,0,0.0,-0.0,0.0,0.0,0.0,0.0,0.0,0.0,0.0,-627840.0,0.0,0.0,1,0
1.9167,400.0,594.1,0.0,0.0,0.0,0.0,0.0,0.0,0.0,0,0,0,0.15,0,1.225,288.15,340.35,0.0,64000.0,14000.0,0.0,0,0.0,-0.0,0.0,0.0,0.0,0.0,0.0,0.0,0.0,-627840.0,0.0,0.0,1,0
2.0167,400.0,594.1,0.0,0.0,0.0,0.0,0.0,0.0,0.0,0,0,0,0.15,0,1.225,288.15,340.35,0.0,64000.0,14000.0,0.0,0,0.0,-0.0,0.0,0.0,0.0,0.0,0.0,0.0,0.0,-627840.0,0.0,0.0,1,0
2.1167,400.0,594.1,0.0,0.0,0.0,0.0,0.0,0.0,0.0,0,0,0,0.15,0,1.225,288.15,340.35,0.0,64000.0,14000.0,0.0,0,0.0,-0.0,0.0,0.0,0.0,0.0,0.0,0.0,0.0,-627840.0,0.0,0.0,1,0
2.2167,400.0,594.1,0.0,0.0,0.0,0.0,0.0,0.0,0.0,0,0,0,0.15,0,1.225,288.15,340.35,0.0,64000.0,14000.0,0.0,0,0.0,-0.0,0.0,0.0,0.0,0.0,0.0,0.0,0.0,-627840.0,0.0,0.0,1,0
2.3167,400.0,594.1,0.0,0.0,0.0,0.0,0.0,0.0,0.0,0,0,0,0.15,0,1.225,288.15,340.35,0.0,64000.0,14000.0,0.0,0,0.0,-0.0,0.0,0.0,0.0,0.0,0.0,0.0,0.0,-627840.0,0.0,0.0,1,0
2.4167,400.0,594.1,0.0,0.0,0.0,0.0,0.0,0.0,0.0,0,0,0,0.15,0,1.225,288.15,340.35,0.0,64000.0,14000.0,0.0,0,0.0,-0.0,0.0,0.0,0.0,0.0,0.0,0.0,0.0,-627840.0,0.0,0.0,1,0
2.5167,400.0,594.1,0.0,0.0,0.0,0.0,0.0,0.0,0.0,0,0,0,0.15,0,1.225,288.15,340.35,0.0,64000.0,14000.0,0.0,0,0.0,-0.0,0.0,0.0,0.0,0.0,0.0,0.0,0.0,-627840.0,0.0,0.0,1,0
2.6167,400.0,594.1,0.0,0.0,0.0,0.0,0.0,0.0,0.0,0,0,0,0.15,0,1.225,288.15,340.35,0.0,64000.0,14000.0,0.0,0,0.0,-0.0,0.0,0.0,0.0,0.0,0.0,0.0,0.0,-627840.0,0.0,0.0,1,0
2.7167,400.0,594.1,0.0,0.0,0.0,0.0,0.0,0.0,0.0,0,0,0,0.15,0,1.225,288.15,340.35,0.0,64000.0,14000.0,0.0,0,0.0,-0.0,0.0,0.0,0.0,0.0,0.0,0.0,0.0,-627840.0,0.0,0.0,1,0
2.8167,400.0,594.1,0.0,0.0,0.0,0.0,0.0,0.0,0.0,0,0,0,0.15,0,1.225,288.15,340.35,0.0,64000.0,14000.0,0.0,0,0.0,-0.0,0.0,0.0,0.0,0.0,0.0,0.0,0.0,-627840.0,0.0,0.0,1,0
2.9167,400.0,594.1,0.0,0.0,0.0,0.0,0.0,0.0,0.0,0,0,0,0.15,0,1.225,288.15,340.35,0.0,64000.0,14000.0,0.0,0,0.0,-0.0,0.0,0.0,0.0,0.0,0.0,0.0,0.0,-627840.0,0.0,0.0,1,0
3.0167,400.0,594.1,0.0,0.0,0.0,0.0,0.0,0.0,0.0,0,0,0,0.15,0,1.225,288.15,340.35,0.0,64000.0,14000.0,0.0,0,0.0,-0.0,0.0,0.0,0.0,0.0,0.0,0.0,0.0,-627840.0,0.0,0.0,1,0
3.1167,400.0,594.1,0.0,0.0,0.0,0.0,0.0,0.0,0.0,0,0,0,0.15,0,1.225,288.15,340.35,0.0,64000.0,14000.0,0.0,0,0.0,-0.0,0.0,0.0,0.0,0.0,0.0,0.0,0.0,-627840.0,0.0,0.0,1,0
3.2167,400.0,594.1,0.0,0.0,0.0,0.0,0.0,0.0,0.0,0,0,0,0.15,0,1.225,288.15,340.35,0.0,64000.0,14000.0,0.0,0,0.0,-0.0,0.0,0.0,0.0,0.0,0.0,0.0,0.0,-627840.0,0.0,0.0,1,0
3.3167,400.0,594.1,0.0,0.0,0.0,0.0,0.0,0.0,0.0,0,0,0,0.15,0,1.225,288.15,340.35,0.0,64000.0,14000.0,0.0,0,0.0,-0.0,0.0,0.0,0.0,0.0,0.0,0.0,0.0,-627840.0,0.0,0.0,1,0
3.4167,400.0,594.1,0.0,0.0,0.0,0.0,0.0,0.0,0.0,0,0,0,0.15,0,1.225,288.15,340.35,0.0,64000.0,14000.0,0.0,0,0.0,-0.0,0.0,0.0,0.0,0.0,0.0,0.0,0.0,-627840.0,0.0,0.0,1,0
3.5167,400.0,594.1,0.0,0.0,0.0,0.0,0.0,0.0,0.0,0,0,0,0.15,0,1.225,288.15,340.35,0.0,64000.0,14000.0,0.0,0,0.0,-0.0,0.0,0.0,0.0,0.0,0.0,0.0,0.0,-627840.0,0.0,0.0,1,0
3.6167,400.0,594.1,0.0,0.0,0.0,0.0,0.0,0.0,0.0,0,0,0,0.15,0,1.225,288.15,340.35,0.0,64000.0,14000.0,0.0,0,0.0,-0.0,0.0,0.0,0.0,0.0,0.0,0.0,0.0,-627840.0,0.0,0.0,1,0
3.7167,400.0,594.1,0.0,0.0,0.0,0.0,0.0,0.0,0.0,0,0,0,0.15,0,1.225,288.15,340.35,0.0,64000.0,14000.0,0.0,0,0.0,-0.0,0.0,0.0,0.0,0.0,0.0,0.0,0.0,-627840.0,0.0,0.0,1,0
3.8167,400.0,594.1,0.0,0.0,0.0,0.0,0.0,0.0,0.0,0,0,0,0.15,0,1.225,288.15,340.35,0.0,64000.0,14000.0,0.0,0,0.0,-0.0,0.0,0.0,0.0,0.0,0.0,0.0,0.0,-627840.0,0.0,0.0,1,0
3.9167,400.0,594.1,0.0,0.0,0.0,0.0,0.0,0.0,0.0,0,0,0,0.15,0,1.225,288.15,340.35,0.0,64000.0,14000.0,0.0,0,0.0,-0.0,0.0,0.0,0.0,0.0,0.0,0.0,0.0,-627840.0,0.0,0.0,1,0
4.0167,400.0,594.1,0.0,0.0,0.0,0.0,0.0,0.0,0.0,0,0,0,0.15,0,1.225,288.15,340.35,0.0,64000.0,14000.0,0.0,0,0.0,-0.0,0.0,0.0,0.0,0.0,0.0,0.0,0.0,-627840.0,0.0,0.0,1,0
4.1167,400.0,594.1,0.0,0.0,0.0,0.0,0.0,0.0,0.0,0,0,0,0.15,0,1.225,288.15,340.35,0.0,64000.0,14000.0,0.0,0,0.0,-0.0,0.0,0.0,0.0,0.0,0.0,0.0,0.0,-627840.0,0.0,0.0,1,0
4.2167,400.0,594.1,0.0,0.0,0.0,0.0,0.0,0.0,0.0,0,0,0,0.15,0,1.225,288.15,340.35,0.0,64000.0,14000.0,0.0,0,0.0,-0.0,0.0,0.0,0.0,0.0,0.0,0.0,0.0,-627840.0,0.0,0.0,1,0
4.3167,400.0,594.1,0.0,0.0,0.0,0.0,0.0,0.0,0.0,0,0,0,0.15,0,1.225,288.15,340.35,0.0,64000.0,14000.0,0.0,0,0.0,-0.0,0.0,0.0,0.0,0.0,0.0,0.0,0.0,-627840.0,0.0,0.0,1,0
4.4167,400.0,594.1,0.0,0.0,0.0,0.0,0.0,0.0,0.0,0,0,0,0.15,0,1.225,288.15,340.35,0.0,64000.0,14000.0,0.0,0,0.0,-0.0,0.0,0.0,0.0,0.0,0.0,0.0,0.0,-627840.0,0.0,0.0,1,0
4.5167,400.0,594.1,0.0,0.0,0.0,0.0,0.0,0.0,0.0,0,0,0,0.15,0,1.225,288.15,340.35,0.0,64000.0,14000.0,0.0,0,0.0,-0.0,0.0,0.0,0.0,0.0,0.0,0.0,0.0,-627840.0,0.0,0.0,1,0
4.6167,400.0,594.1,0.0,0.0,0.0,0.0,0.0,0.0,0.0,0,0,0,0.15,0,1.225,288.15,340.35,0.0,64000.0,14000.0,0.0,0,0.0,-0.0,0.0,0.0,0.0,0.0,0.0,0.0,0.0,-627840.0,0.0,0.0,1,0
4.7167,400.0,594.1,0.0,0.0,0.0,0.0,0.0,0.0,0.0,0,0,0,0.15,0,1.225,288.15,340.35,0.0,64000.0,14000.0,0.0,0,0.0,-0.0,0.0,0.0,0.0,0.0,0.0,0.0,0.0,-627840.0,0.0,0.0,1,0
4.8167,400.0,594.1,0.0,0.0,0.0,0.0,0.0,0.0,0.0,0,0,0,0.15,0,1.225,288.15,340.35,0.0,64000.0,14000.0,0.0,0,0.0,-0.0,0.0,0.0,0.0,0.0,0.0,0.0,0.0,-627840.0,0.0,0.0,1,0
4.9167,400.0,594.1,0.0,0.0,0.0,0.0,0.0,0.0,0.0,0,0,0,0.15,0,1.225,288.15,340.35,0.0,64000.0,14000.0,0.0,0,0.0,-0.0,0.0,0.0,0.0,0.0,0.0,0.0,0.0,-627840.0,0.0,0.0,1,0
5.0167,400.0,594.1,0.0,0.0,0.0,0.0,0.0,0.0,0.0,0,0,0,0.15,0,1.225,288.15,340.35,0.0,64000.0,14000.0,0.0,0,0.0,-0.0,0.0,0.0,0.0,0.0,0.0,0.0,0.0,-627840.0,0.0,0.0,1,0
5.1167,400.0,594.1,0.0,0.0,0.0,0.0,0.0,0.0,0.0,0,0,0,0.15,0,1.225,288.15,340.35,0.0,64000.0,14000.0,0.0,0,0.0,-0.0,0.0,0.0,0.0,0.0,0.0,0.0,0.0,-627840.0,0.0,0.0,1,0
5.2167,400.0,594.1,0.0,0.0,0.0,0.0,0.0,0.0,0.0,0,0,0,0.15,0,1.225,288.15,340.35,0.0,64000.0,14000.0,0.0,0,0.0,-0.0,0.0,0.0,0.0,0.0,0.0,0.0,0.0,-627840.0,0.0,0.0,1,0
5.3167,400.0,594.1,0.0,0.0,0.0,0.0,0.0,0.0,0.0,0,0,0,0.15,0,1.225,288.15,340.35,0.0,64000.0,14000.0,0.0,0,0.0,-0.0,0.0,0.0,0.0,0.0,0.0,0.0,0.0,-627840.0,0.0,0.0,1,0
5.4167,400.0,594.1,0.0,0.0,0.0,0.0,0.0,0.0,0.0,0,0,0,0.15,0,1.225,288.15,340.35,0.0,64000.0,14000.0,0.0,0,0.0,-0.0,0.0,0.0,0.0,0.0,0.0,0.0,0.0,-627840.0,0.0,0.0,1,0
5.5167,400.0,594.1,0.0,0.0,0.0,0.0,0.0,0.0,0.0,0,0,0,0.15,0,1.225,288.15,340.35,0.0,64000.0,14000.0,0.0,0,0.0,-0.0,0.0,0.0,0.0,0.0,0.0,0.0,0.0,-627840.0,0.0,0.0,1,0
5.6167,400.0,594.1,0.0,0.0,0.0,0.0,0.0,0.0,0.0,0,0,0,0.15,0,1.225,288.15,340.35,0.0,64000.0,14000.0,0.0,0,0.0,-0.0,0.0,0.0,0.0,0.0,0.0,0.0,0.0,-627840.0,0.0,0.0,1,0
5.7167,400.0,594.1,0.0,0.0,0.0,0.0,0.0,0.0,0.0,0,0,0,0.15,0,1.225,288.15,340.35,0.0,64000.0,14000.0,0.0,0,0.0,-0.0,0.0,0.0,0.0,0.0,0.0,0.0,0.0,-627840.0,0.0,0.0,1,0
5.8167,400.0,594.1,0.0,0.0,0.0,0.0,0.0,0.0,0.0,0,0,0,0.15,0,1.225,288.15,340.35,0.0,64000.0,14000.0,0.0,0,0.0,-0.0,0.0,0.0,0.0,0.0,0.0,0.0,0.0,-627840.0,0.0,0.0,1,0
5.9167,400.0,594.1,0.0,0.0,0.0,0.0,0.0,0.0,0.0,0,0,0,0.15,0,1.225,288.15,340.35,0.0,64000.0,14000.0,0.0,0,0.0,-0.0,0.0,0.0,0.0,0.0,0.0,0.0,0.0,-627840.0,0.0,0.0,1,0
6.0167,400.0,594.1,0.0,0.0,0.0,0.0,0.0,0.0,0.0,0,0,0,0.15,0,1.225,288.15,340.35,0.0,64000.0,14000.0,0.0,0,0.0,-0.0,0.0,0.0,0.0,0.0,0.0,0.0,0.0,-627840.0,0.0,0.0,1,0
6.1167,400.0,594.1,0.0,0.0,0.0,0.0,0.0,0.0,0.0,0,0,0,0.15,0,1.225,288.15,340.35,0.0,64000.0,14000.0,0.0,0,0.0,-0.0,0.0,0.0,0.0,0.0,0.0,0.0,0.0,-627840.0,0.0,0.0,1,0
6.2167,400.0,594.1,0.0,0.0,0.0,0.0,0.0,0.0,0.0,0,0,0,0.15,0,1.225,288.15,340.35,0.0,64000.0,14000.0,0.0,0,0.0,-0.0,0.0,0.0,0.0,0.0,0.0,0.0,0.0,-627840.0,0.0,0.0,1,0
6.3167,400.0,594.1,0.0,0.0,0.0,0.0,0.0,0.0,0.0,0,0,0,0.15,0,1.225,288.15,340.35,0.0,64000.0,14000.0,0.0,0,0.0,-0.0,0.0,0.0,0.0,0.0,0.0,0.0,0.0,-627840.0,0.0,0.0,1,0
6.4167,400.0,594.1,0.0,0.0,0.0,0.0,0.0,0.0,0.0,0,0,0,0.15,0,1.225,288.15,340.35,0.0,64000.0,14000.0,0.0,0,0.0,-0.0,0.0,0.0,0.0,0.0,0.0,0.0,0.0,-627840.0,0.0,0.0,1,0
6.5167,400.0,594.1,0.0,0.0,0.0,0.0,0.0,0.0,0.0,0,0,0,0.15,0,1.225,288.15,340.35,0.0,64000.0,14000.0,0.0,0,0.0,-0.0,0.0,0.0,0.0,0.0,0.0,0.0,0.0,-627840.0,0.0,0.0,1,0
6.6167,400.0,594.1,0.0,0.0,0.0,0.0,0.0,0.0,0.0,0,0,0,0.15,0,1.225,288.15,340.35,0.0,64000.0,14000.0,0.0,0,0.0,-0.0,0.0,0.0,0.0,0.0,0.0,0.0,0.0,-627840.0,0.0,0.0,1,0
6.7167,400.0,594.1,0.0,0.0,0.0,0.0,0.0,0.0,0.0,0,0,0,0.15,0,1.225,288.15,340.35,0.0,64000.0,14000.0,0.0,0,0.0,-0.0,0.0,0.0,0.0,0.0,0.0,0.0,0.0,-627840.0,0.0,0.0,1,0
6.8167,400.0,594.1,0.0,0.0,0.0,0.0,0.0,0.0,0.0,0,0,0,0.15,0,1.225,288.15,340.35,0.0,64000.0,14000.0,0.0,0,0.0,-0.0,0.0,0.0,0.0,0.0,0.0,0.0,0.0,-627840.0,0.0,0.0,1,0
6.9167,400.0,594.1,0.0,0.0,0.0,0.0,0.0,0.0,0.0,0,0,0,0.15,0,1.225,288.15,340.35,0.0,64000.0,14000.0,0.0,0,0.0,-0.0,0.0,0.0,0.0,0.0,0.0,0.0,0.0,-627840.0,0.0,0.0,1,0
7.0167,400.0,594.1,0.0,0.0,0.0,0.0,0.0,0.0,0.0,0,0,0,0.15,0,1.225,288.15,340.35,0.0,64000.0,14000.0,0.0,0,0.0,-0.0,0.0,0.0,0.0,0.0,0.0,0.0,0.0,-627840.0,0.0,0.0,1,0
7.1167,400.0,594.1,0.0,0.0,0.0,0.0,0.0,0.0,0.0,0,0,0,0.15,0,1.225,288.15,340.35,0.0,64000.0,14000.0,0.0,0,0.0,-0.0,0.0,0.0,0.0,0.0,0.0,0.0,0.0,-627840.0,0.0,0.0,1,0
7.2167,400.0,594.1,0.0,0.0,0.0,0.0,0.0,0.0,0.0,0,0,0,0.15,0,1.225,288.15,340.35,0.0,64000.0,14000.0,0.0,0,0.0,-0.0,0.0,0.0,0.0,0.0,0.0,0.0,0.0,-627840.0,0.0,0.0,1,0
7.3167,400.0,594.1,0.0,0.0,0.0,0.0,0.0,0.008,0.0,0,0,0,0.15,0,1.225,288.15,340.35,0.0,64000.0,14000.0,0.0085,500,500.0,-0.0,0.0,0.0,0.0,0.0,0.0,0.0,0.0,-627840.0,500.0,0.0,1,0
7.4167,400.0,594.1,-0.0,0.0,0.004,0.0,0.004,0.349,0.0,0,0,0,0.15,0,1.225,288.15,340.35,0.0,64000.0,14000.0,0.0595,3500,3500.0,-0.0,0.0,0.0,0.0,0.0,0.0,0.0,18835.2,-627840.0,22335.2,0.0,1,0
7.5167,400.0,594.1,0.0,0.0,0.002,0.0,0.002,-0.193,0.0,0,0,0,0.15,0,1.225,288.15,340.35,0.0,64000.0,13999.99,0.1105,6500,6500.0,-0.0,0.0,0.0,0.0,0.0,0.0,0.0,-18835.2,-627839.9,-12335.2,0.0,1,0
7.6167,400.0,594.1,0.0,0.0,0.005,0.0,0.005,0.443,0.0,0,0,0,0.15,0,1.225,288.15,340.35,0.0,64000.0,13999.97,0.1615,9500,9500.0,-0.0,0.0,0.0,0.0,0.0,0.0,0.0,18835.2,-627839.7,28335.2,0.0,1,0
7.7167,400.001,594.1,0.001,0.0,0.003,0.0,0.003,-0.099,0.0,0,0,0,0.15,0,1.225,288.15,340.35,0.0,64000.0,13999.95,0.2125,12500,12500.0,-0.0,0.0,0.0,0.0,0.0,0.0,0.0,-18835.2,-627839.5,-6335.2,0.0,1,0
7.8167,400.001,594.1,0.001,0.0,0.006,0.0,0.006,-0.052,0.0,0,0,0,0.15,0,1.225,288.15,340.35,0.0,63999.9,13999.93,0.2635,15500,15500.0,-0.0,0.0,0.0,0.0,0.0,0.0,0.0,-18835.2,-627839.3,-3335.2,0.0,1,0
7.9167,400.001,594.1,0.001,0.0,0.003,0.0,0.003,-0.005,0.0,0,0,0,0.15,0,1.225,288.15,340.35,0.0,63999.9,13999.9,0.3145,18500,18500.0,-0.0,0.0,0.0,0.0,0.0,0.0,0.0,-18835.2,-627839.0,-335.2,0.0,1,0
8.0167,400.002,594.1,0.002,0.0,0.005,0.0,0.005,0.042,0.0,0,0,0,0.15,0,1.225,288.15,340.35,0.0,63999.9,13999.87,0.3655,21500,21500.0,-0.0,0.0,0.0,0.0,0.0,0.0,0.0,-18835.2,-627838.7,2664.8,0.0,1,0
8.1167,400.003,594.1,0.003,0.0,0.012,0.0,0.012,0.089,0.0,0,0,0,0.15,0,1.225,288.15,340.35,0.0,63999.8,13999.83,0.4165,24500,24500.0,-0.0,0.0,0.0,0.0,0.0,0.0,0.0,-18835.1,-627838.3,5664.9,0.0,1,0
8.2,400.004,594.1,0.004,0.0,0.022,0.0,0.022,0.128,0.0,0,0,0,0.15,0,1.225,288.15,340.35,0.0001,63999.8,13999.79,0.459,27000,27000.0,-0.0,0.0,0.0,0.0,0.0,0.0,0.0,-18835.1,-627837.9,8164.9,0.0,1,0
8.3,400.007,594.1,0.007,0.0,0.037,0.0,0.037,0.174,0.0,0,0,0,0.15,0,1.225,288.15,340.35,0.0001,63999.7,13999.74,0.51,30000,30000.0,-0.0,0.0,0.0,0.0,0.0,0.0,0.0,-18835.1,-627837.5,11164.9,0.0,1,0
8.4,400.012,594.1,0.012,0.0,0.057,0.0,0.057,0.221,0.0,0,0,0,0.15,0,1.225,288.15,340.35,0.0002,63999.7,13999.69,0.561,33000,33000.0,-0.0,0.0,0.0,0.0,0.0,0.0,0.0,-18835.1,-627836.9,14164.9,0.0,1,0
8.5,400.019,594.1,0.019,0.0,0.082,0.0,0.082,0.268,0.0,0,0,0,0.15,0,1.225,288.15,340.35,0.0002,63999.6,13999.63,0.612,36000,36000.0,-0.0,0.0,0.0,0.0,0.0,0.0,0.0,-18835.1,-627836.3,17164.9,0.0,1,0
8.6,400.029,594.1,0.029,0.0,0.112,0.0,0.112,0.315,0.0,0,0,0,0.15,0,1.225,288.15,340.35,0.0003,63999.6,13999.56,0.663,39000,39000.0,-0.0,0.0,0.0,0.0,0.0,0.0,0.0,-18835.1,-627835.7,20164.9,0.0,1,0
8.7,400.042,594.1,0.042,0.0,0.146,0.0,0.146,0.362,0.0,0,0,0,0.15,0,1.225,288.15,340.35,0.0004,63999.5,13999.49,0.714,42000,42000.0,-0.0,0.0,0.0,0.0,0.0,0.0,0.0,-18835.1,-627835.0,23164.9,0.0,1,0
8.8,400.059,594.1,0.059,0.0,0.185,0.0,0.185,0.409,0.0,0,0,0,0.15,0,1.225,288.15,340.35,0.0005,63999.4,13999.42,0.765,45000,45000.0,-0.0,0.0,0.0,0.0,0.0,0.0,0.0,-18835.0,-627834.3,26165.0,0.0,1,0
8.9,400.08,594.1,0.08,0.0,0.229,0.0,0.229,0.456,0.0,0,0,0,0.15,0,1.225,288.15,340.35,0.0007,63999.3,13999.34,0.816,48000,48000.0,-0.0,0.0,0.0,0.0,0.0,0.0,0.0,-18835.0,-627833.5,29165.0,0.0,1,0
9.0,400.106,594.1,0.106,0.0,0.277,0.0,0.277,0.503,0.0,0,0,0,0.15,0,1.225,288.15,340.35,0.0008,63999.3,13999.26,0.867,51000,51000.0,-0.0,0.0,0.0,0.0,0.0,0.0,0.0,-18835.0,-627832.7,32165.0,0.0,1,0
9.1,400.136,594.1,0.136,0.0,0.33,0.0,0.33,0.549,0.0,0,0,0,0.15,0,1.225,288.15,340.35,0.001,63999.2,13999.17,0.918,54000,54000.0,-0.0,0.0,0.0,0.0,0.0,0.0,0.0,-18835.0,-627831.8,35165.0,0.0,1,0
9.2,400.173,594.1,0.173,0.0,0.388,0.0,0.388,0.596,0.0,0,0,0,0.15,0,1.225,288.15,340.35,0.0011,63999.1,13999.07,0.969,57000,57000.0,-0.0,0.0,0.0,0.0,0.0,0.0,0.0,-18834.9,-627830.9,38165.1,0.0,1,0
9.3,400.215,594.1,0.215,0.0,0.45,0.0,0.45,0.643,0.0,0,0,0,0.15,0,1.225,288.15,340.35,0.0013,63999.0,13998.97,1.02,60000,60000.0,-0.0,0.0,0.0,0.0,0.0,0.0,0.0,-18834.9,-627829.9,41165.1,0.0,1,0
9.4,400.264,594.1,0.264,0.0,0.517,0.0,0.517,0.69,0.0,0,0,0,0.15,0,1.225,288.15,340.35,0.0015,63998.9,13998.87,1.071,63000,63000.0,-0.0,0.0,0.0,0.0,0.0,0.0,0.0,-18834.9,-627828.9,44165.1,0.0,1,0
9.5,400.32,594.1,0.32,0.0,0.589,0.0,0.589,0.737,0.0,0,0,0,0.15,0,1.225,288.15,340.35,0.0017,63998.8,13998.76,1.122,66000,66000.0,-0.0,0.0,0.0,0.0,0.0,0.0,0.0,-18834.8,-627827.8,47165.2,0.0,1,0
9.6,400.383,594.1,0.383,0.0,0.665,0.0,0.665,0.784,0.0,0,0,0,0.15,0,1.225,288.15,340.35,0.002,63998.6,13998.64,1.173,69000,69000.0,-0.0,0.0,0.0,0.0,0.0,0.0,0.0,-18834.8,-627826.7,50165.2,0.0,1,0
9.7,400.454,594.1,0.454,0.0,0.746,0.0,0.746,0.831,0.0,0,0,0,0.15,0,1.225,288.15,340.35,0.0022,63998.5,13998.52,1.224,72000,72000.0,-0.0,0.0,0.0,0.0,0.0,0.0,0.0,-18834.8,-627825.5,53165.2,0.0,1,0
9.8,400.534,594.1,0.534,0.0,0.832,0.0,0.832,0.878,0.0,0,0,0,0.15,0,1.225,288.15,340.35,0.0024,63998.4,13998.4,1.275,75000,75000.0,-0.0,0.0,0.0,0.0,0.0,0.0,0.0,-18834.7,-627824.3,56165.3,0.0,1,0
9.9,400.622,594.1,0.622,0.0,0.923,0.0,0.923,0.924,0.0,0,0,0,0.15,0,1.225,288.15,340.35,0.0027,63998.3,13998.27,1.326,78000,78000.0,-0.0,0.0,0.0,0.0,0.0,0.0,0.0,-18834.7,-627823.0,59165.3,0.0,1,0
10.0,400.72,594.1,0.72,0.0,1.018,0.0,1.018,0.971,0.0,0,-0.0,0.0,0.15,0.001,1.225,288.15,340.35,0.003,63998.1,13998.13,1.377,81000,81000.0,-0.0,0.0,-11.3,-2.3,-0.0,2.3,0.1,-18834.3,-627810.4,62163.4,0.0,1,0
10.1,400.828,594.1,0.828,0.0,1.118,0.0,1.118,1.018,0.0,0,0.0,-0.0,0.15,0.001,1.225,288.15,340.35,0.0033,63998.0,13997.99,1.428,84000,84000.0,-0.0,-0.0,-13.6,-2.8,0.0,2.7,0.1,-18834.2,-627806.6,65163.0,0.0,1,0
10.2,400.946,594.1,0.946,0.0,1.222,-0.0,1.222,1.065,-0.0,0,-0.0,0.0,0.15,0.001,1.225,288.15,340.35,0.0036,63997.8,13997.84,1.479,87000,87000.0,-0.0,0.0,-16.3,-3.4,-0.0,3.3,0.1,-18834.1,-627802.5,68162.6,-0.0,1,0
10.3,401.074,594.1,1.074,0.0,1.331,-0.0,1.331,1.112,-0.0,0,0.0,-0.0,0.15,0.001,1.225,288.15,340.35,0.0039,63997.7,13997.69,1.53,90000,90000.0,-0.0,-0.0,-19.4,-4.0,0.0,3.9,0.1,-18833.9,-627798.0,71162.1,-0.0,1,0
10.4,401.214,594.1,1.214,0.0,1.445,-0.0,1.445,1.159,0.0,0,0.0,-0.0,0.15,0.001,1.225,288.15,340.35,0.0042,63997.5,13997.54,1.581,93000,93000.0,-0.0,-0.0,-22.9,-4.7,0.0,4.6,0.1,-18833.8,-627793.0,74161.5,0.0,1,0
10.5,401.365,594.1,1.365,0.0,1.564,-0.0,1.564,1.206,-0.0,0,0.0,-0.0,0.15,0.001,1.225,288.15,340.35,0.0046,63997.4,13997.38,1.632,96000,96000.0,-0.0,-0.0,-26.8,-5.5,0.0,5.4,0.2,-18833.6,-627787.4,77160.8,-0.0,1,0
10.6,401.529,594.1,1.529,0.0,1.687,-0.0,1.687,1.253,-0.0,0,0.0,-0.0,0.15,0.001,1.225,288.15,340.35,0.005,63997.2,13997.21,1.683,99000,99000.0,-0.0,-0.0,-31.2,-6.4,0.0,6.2,0.2,-18833.4,-627781.4,80160.1,-0.0,1,0
10.7,401.705,594.1,1.705,0.0,1.815,-0.0,1.815,1.299,-0.0,0,-0.0,0.0,0.15,0.001,1.225,288.15,340.35,0.0053,63997.0,13997.04,1.734,102000,102000.0,-0.0,0.0,-36.2,-7.5,-0.0,7.2,0.2,-18833.2,-627774.8,83159.3,-0.0,1,0
10.8,401.894,594.1,1.894,0.0,1.948,0.0,1.948,1.346,0.0,0,-0.0,0.0,0.15,0.001,1.225,288.15,340.35,0.0057,63996.9,13996.86,1.785,105000,105000.0,-0.0,0.0,-41.7,-8.6,-0.0,8.3,0.3,-18833.0,-627767.5,86158.4,0.0,1,0
10.9,402.097,594.1,2.097,0.0,2.085,-0.0,2.085,1.393,-0.0,0,0.0,-0.0,0.15,0.001,1.225,288.15,340.35,0.0061,63996.7,13996.68,1.836,108000,108000.0,-0.0,-0.0,-47.8,-9.9,0.0,9.6,0.3,-18832.8,-627759.6,89157.3,-0.0,1,0
11.0,402.314,594.1,2.314,0.0,2.227,-0.0,2.227,1.44,0.0,0,0.0,-0.0,0.15,0.001,1.225,288.15,340.35,0.0065,63996.5,13996.49,1.887,111000,111000.0,-0.0,-0.0,-54.6,-11.3,0.0,10.9,0.3,-18832.5,-627751.0,92156.2,0.0,1,0
11.1,402.545,594.1,2.545,0.0,2.374,-0.0,2.374,1.487,-0.0,0,0.0,-0.0,0.15,0.001,1.225,288.15,340.35,0.007,63996.3,13996.3,1.938,114000,114000.0,-0.0,-0.0,-62.1,-12.8,0.0,12.4,0.4,-18832.2,-627741.7,95154.9,-0.0,1,0
11.2,402.791,594.1,2.791,0.0,2.525,-0.0,2.525,1.534,0.0,0,0.0,-0.0,0.15,0.001,1.225,288.15,340.35,0.0074,63996.1,13996.1,1.989,117000,117000.0,-0.0,-0.0,-70.3,-14.5,0.0,14.1,0.4,-18831.9,-627731.5,98153.6,0.0,1,0
11.3,403.053,594.1,3.053,0.0,2.682,-0.0,2.682,1.581,-0.0,0,0.0,-0.0,0.15,0.001,1.225,288.15,340.35,0.0079,63995.9,13995.9,2.04,120000,120000.0,-0.0,-0.0,-79.3,-16.4,0.0,15.9,0.5,-18831.6,-627720.5,101152.0,-0.0,1,0
11.4,403.33,594.1,3.33,0.0,2.842,-0.0,2.842,1.627,-0.0,0,0.0,-0.0,0.15,0.001,1.225,288.15,340.35,0.0084,63995.7,13995.7,2.091,123000,123000.0,-0.0,-0.0,-89.1,-18.4,0.0,17.8,0.6,-18831.3,-627708.6,104150.3,-0.0,1,0
11.5,403.624,594.1,3.624,0.0,3.008,-0.0,3.008,1.674,0.0,0,0.0,-0.0,0.15,0.001,1.225,288.15,340.35,0.0088,63995.5,13995.48,2.142,126000,126000.0,-0.0,-0.0,-99.9,-20.6,0.0,20.0,0.6,-18830.9,-627695.8,107148.5,0.0,1,0
11.6,403.935,594.1,3.935,0.0,3.178,-0.0,3.178,1.721,-0.0,0,0.0,-0.0,0.15,0.001,1.225,288.15,340.35,0.0093,63995.3,13995.27,2.193,129000,129000.0,-0.0,-0.0,-111.5,-23.0,0.0,22.3,0.7,-18830.5,-627682.0,110146.5,-0.0,1,0
11.7,404.263,594.1,4.263,0.0,3.353,-0.0,3.353,1.768,-0.0,0,0.0,-0.0,0.15,0.001,1.225,288.15,340.35,0.0099,63995.0,13995.04,2.244,132000,132000.0,-0.0,-0.0,-124.2,-25.6,0.0,24.8,0.8,-18830.0,-627667.2,113144.4,-0.0,1,0
11.8,404.609,594.1,4.609,0.0,3.532,-0.0,3.532,1.815,0.0,0,0.0,-0.0,0.15,0.001,1.225,288.15,340.35,0.0104,63994.8,13994.82,2.295,135000,135000.0,-0.0,-0.0,-137.9,-28.5,0.0,27.6,0.9,-18829.5,-627651.2,116142.0,0.0,1,0
11.9,404.972,594.1,4.972,0.0,3.717,-0.0,3.717,1.862,0.0,0,0.0,-0.0,0.15,0.001,1.225,288.15,340.35,0.0109,63994.6,13994.58,2.346,138000,138000.0,-0.0,-0.0,-152.8,-31.5,0.0,30.6,1.0,-18829.0,-627634.1,119139.5,0.0,1,0
12.0,405.355,594.1,5.355,0.0,3.906,-0.0,3.906,1.909,-0.0,0,0.0,-0.0,0.15,0.001,1.225,288.15,340.35,0.0115,63994.3,13994.35,2.397,141000,141000.0,-0.0,-0.0,-168.7,-34.8,0.0,33.7,1.1,-18828.5,-627615.8,122136.7,-0.0,1,0
12.1,405.757,594.1,5.757,0.0,4.099,-0.0,4.099,1.955,-0.0,0,0.0,-0.0,0.15,0.001,1.225,288.15,340.35,0.012,63994.1,13994.1,2.448,144000,144000.0,-0.0,-0.0,-186.0,-38.4,0.0,37.2,1.2,-18827.9,-627596.2,125133.7,-0.0,1,0
12.2,406.178,594.1,6.178,0.0,4.297,-0.0,4.297,2.002,-0.0,0,0.0,-0.0,0.15,0.001,1.225,288.15,340.35,0.0126,63993.9,13993.86,2.499,147000,147000.0,-0.0,-0.0,-204.5,-42.2,0.0,40.9,1.3,-18827.3,-627575.3,128130.6,-0.0,1,0
12.3,406.62,594.1,6.62,0.0,4.5,-0.0,4.5,2.049,-0.0,0,0.0,-0.0,0.15,0.001,1.225,288.15,340.35,0.0132,63993.6,13993.6,2.55,150000,150000.0,-0.0,-0.0,-224.3,-46.3,0.0,44.9,1.4,-18826.6,-627552.9,131127.1,-0.0,1,0
12.4,407.082,594.1,7.082,0.0,4.708,-0.0,4.708,2.096,-0.0,0,0.0,-0.0,0.15,0.001,1.225,288.15,340.35,0.0138,63993.3,13993.35,2.601,153000,153000.0,-0.0,-0.0,-245.6,-50.7,0.0,49.1,1.6,-18825.9,-627529.1,134123.5,-0.0,1,0
12.5,407.565,594.1,7.565,0.0,4.92,-0.0,4.92,2.143,-0.0,0,0.0,-0.0,0.15,0.001,1.225,288.15,340.35,0.0145,63993.1,13993.08,2.652,156000,156000.0,-0.0,-0.0,-268.3,-55.4,0.0,53.7,1.7,-18825.1,-627503.8,137119.5,-0.0,1,0
12.6,408.07,594.1,8.07,0.0,5.137,-0.0,5.137,2.19,-0.0,0,0.0,-0.0,0.15,0.001,1.225,288.15,340.35,0.0151,63992.8,13992.81,2.703,159000,159000.0,-0.0,-0.0,-292.6,-60.4,0.0,58.5,1.9,-18824.3,-627476.9,140115.3,-0.0,1,0
12.7,408.596,594.1,8.596,0.0,5.359,-0.0,5.359,2.236,-0.0,0,0.0,-0.0,0.15,0.001,1.225,288.15,340.35,0.0157,63992.5,13992.54,2.754,162000,162000.0,-0.0,-0.0,-318.5,-65.7,0.0,63.7,2.0,-18823.5,-627448.3,143110.8,-0.0,1,0
12.8,409.146,594.1,9.146,0.0,5.585,-0.0,5.585,2.283,0.0,0,0.0,-0.0,0.15,0.001,1.225,288.15,340.35,0.0164,63992.3,13992.26,2.805,165000,165000.0,-0.0,-0.0,-346.1,-71.4,0.0,69.2,2.2,-18822.5,-627418.0,146106.1,0.0,1,0
12.9,409.717,594.1,9.717,0.0,5.816,-0.0,5.816,2.33,0.0,0,0.0,-0.0,0.15,0.001,1.225,288.15,340.35,0.0171,63992.0,13991.98,2.856,168000,168000.0,-0.0,-0.0,-375.4,-77.5,0.0,75.1,2.4,-18821.6,-627385.9,149101.0,0.0,1,0
13.0,410.313,594.1,10.313,0.0,6.052,-0.0,6.052,2.377,0.0,0,0.0,-0.0,0.15,0.001,1.225,288.15,340.35,0.0178,63991.7,13991.69,2.907,171000,171000.0,-0.0,-0.0,-406.5,-83.9,0.0,81.3,2.6,-18820.6,-627352.0,152095.6,0.0,1,0
13.1,410.932,594.1,10.932,0.0,6.293,-0.0,6.293,2.424,-0.0,0,0.0,-0.0,0.15,0.001,1.225,288.15,340.35,0.0185,63991.4,13991.4,2.958,174000,174000.0,-0.0,-0.0,-439.6,-90.7,0.0,87.9,2.8,-18819.5,-627316.0,155089.8,-0.0,1,0
13.2,411.576,594.1,11.576,0.0,6.538,-0.0,6.538,2.47,0.0,0,0.0,-0.0,0.15,0.001,1.225,288.15,340.35,0.0192,63991.1,13991.1,3.009,177000,177000.0,-0.0,-0.0,-474.6,-97.9,0.0,94.9,3.0,-18818.3,-627278.1,158083.7,0.0,1,0
13.3,412.244,594.1,12.244,0.0,6.787,-0.0,6.787,2.517,0.0,0,0.0,-0.0,0.15,0.001,1.225,288.15,340.35,0.0199,63990.8,13990.79,3.06,180000,180000.0,-0.0,-0.0,-511.7,-105.6,0.0,102.3,3.2,-18817.1,-627238.0,161077.3,0.0,1,0
13.4,412.937,594.1,12.937,0.0,7.042,-0.0,7.042,2.564,0.0,0,0.0,-0.0,0.15,0.001,1.225,288.15,340.35,0.0207,63990.5,13990.49,3.111,183000,183000.0,-0.0,-0.0,-550.9,-113.7,0.0,110.2,3.5,-18815.9,-627195.8,164070.5,0.0,1,0
13.5,413.657,594.1,13.657,0.0,7.301,-0.0,7.301,2.611,0.0,0,0.0,-0.0,0.15,0.001,1.225,288.15,340.35,0.0215,63990.2,13990.17,3.162,186000,186000.0,-0.0,-0.0,-592.3,-122.2,0.0,118.5,3.8,-18814.5,-627151.3,167063.2,0.0,1,0
13.6,414.402,594.1,14.402,0.0,7.565,0.0,7.565,2.658,0.0,0,-0.0,0.0,0.15,0.001,1.225,288.15,340.35,0.0222,63989.9,13989.85,3.213,189000,189000.0,-0.0,0.0,-636.0,-131.2,-0.0,127.2,4.0,-18813.1,-627104.4,170055.6,0.0,1,0
13.7,415.174,594.1,15.174,0.0,7.833,-0.0,7.833,2.704,0.0,0,0.0,-0.0,0.15,0.001,1.225,288.15,340.35,0.023,63989.5,13989.53,3.264,192000,192000.0,-0.0,-0.0,-682.1,-140.8,0.0,136.4,4.3,-18811.7,-627055.2,173047.6,0.0,1,0
13.8,415.973,594.1,15.973,0.0,8.106,-0.0,8.106,2.751,-0.0,0,0.0,-0.0,0.15,0.001,1.225,288.15,340.35,0.0238,63989.2,13989.2,3.315,195000,195000.0,-0.0,-0.0,-730.7,-150.8,0.0,146.1,4.6,-18810.1,-627003.4,176039.1,-0.0,1,0
13.9,416.8,594.1,16.8,0.0,8.384,-0.0,8.384,2.798,-0.0,0,0.0,-0.0,0.15,0.001,1.225,288.15,340.35,0.0246,63988.9,13988.86,3.366,198000,198000.0,-0.0,-0.0,-781.7,-161.3,0.0,156.3,5.0,-18808.5,-626949.0,179030.2,-0.0,1,0
14.0,417.655,594.1,17.655,0.0,8.667,-0.0,8.667,2.845,0.0,0,0.0,-0.0,0.15,0.001,1.225,288.15,340.35,0.0255,63988.5,13988.52,3.417,201000,201000.0,-0.0,-0.0,-835.5,-172.4,0.0,167.1,5.3,-18806.8,-626892.0,182020.8,0.0,1,0
14.1,418.539,594.1,18.539,0.0,8.954,-0.0,8.954,2.891,-0.0,0,0.0,-0.0,0.15,0.001,1.225,288.15,340.35,0.0263,63988.2,13988.18,3.468,204000,204000.0,-0.0,-0.0,-891.9,-184.0,0.0,178.4,5.7,-18805.0,-626832.1,185011.0,-0.0,1,0
14.2,419.451,594.1,19.451,0.0,9.246,-0.0,9.246,2.938,-0.0,0,0.0,-0.0,0.15,0.001,1.225,288.15,340.35,0.0272,63987.8,13987.83,3.519,207000,207000.0,-0.0,-0.0,-951.2,-196.3,0.0,190.2,6.0,-18803.1,-626769.4,188000.6,-0.0,1,0
14.3,420.393,594.1,20.393,0.0,9.542,-0.0,9.542,2.985,0.0,0,0.0,-0.0,0.15,0.001,1.225,288.15,340.35,0.028,63987.5,13987.48,3.57,210000,210000.0,-0.0,-0.0,-1013.3,-209.1,0.0,202.7,6.4,-18801.1,-626703.8,190989.8,0.0,1,0
14.4,421.365,594.1,21.365,0.0,9.844,-0.0,9.844,3.032,-0.0,0,0.0,-0.0,0.15,0.001,1.225,288.15,340.35,0.0289,63987.1,13987.12,3.621,213000,213000.0,-0.0,-0.0,-1078.5,-222.5,0.0,215.7,6.8,-18799.1,-626635.1,193978.4,-0.0,1,0
14.5,422.367,594.1,22.367,0.0,10.149,-0.0,10.149,3.078,0.0,0,0.0,-0.0,0.15,0.001,1.225,288.15,340.35,0.0298,63986.8,13986.75,3.672,216000,216000.0,-0.0,-0.0,-1146.7,-236.6,0.0,229.3,7.3,-18796.9,-626563.3,196966.5,0.0,1,0
14.6,423.4,594.1,23.4,0.0,10.46,-0.0,10.46,3.125,0.0,0,0.0,-0.0,0.15,0.001,1.225,288.15,340.35,0.0307,63986.4,13986.38,3.723,219000,219000.0,-0.0,-0.0,-1218.2,-251.4,0.0,243.6,7.7,-18794.6,-626488.2,199954.0,0.0,1,0
14.7,424.464,594.1,24.464,0.0,10.775,-0.0,10.775,3.172,-0.0,0,0.0,-0.0,0.15,0.001,1.225,288.15,340.35,0.0317,63986.0,13986.0,3.774,222000,222000.0,-0.0,-0.0,-1292.9,-266.8,0.0,258.6,8.2,-18792.3,-626409.8,202940.9,-0.0,1,0
14.8,425.56,594.1,25.56,0.0,11.092,-0.0,11.092,3.171,-0.0,0,0.0,-0.0,0.15,0.001,1.225,288.15,340.35,0.0326,63985.6,13985.63,3.774,222000,222000.0,-0.0,-0.0,-1370.5,-282.8,0.0,274.1,8.7,-18789.9,-626328.5,202927.3,-0.0,1,0
14.9,426.688,594.1,26.688,0.0,11.41,-0.0,11.41,3.171,0.0,0,0.0,-0.0,0.15,0.001,1.225,288.15,340.35,0.0335,63985.2,13985.25,3.774,222000,222000.0,-0.0,-0.0,-1450.4,-299.3,0.0,290.1,9.2,-18787.3,-626244.9,202913.4,0.0,1,0
15.0,427.847,594.1,27.847,0.0,11.727,-0.0,11.727,3.171,0.0,0,0.0,-0.0,0.15,0.001,1.225,288.15,340.35,0.0345,63984.9,13984.87,3.774,222000,222000.0,-0.0,-0.0,-1532.5,-316.2,0.0,306.5,9.7,-18784.8,-626159.1,202899.0,0.0,1,0
15.1,429.038,594.1,29.038,0.0,12.044,-0.0,12.044,3.171,0.0,0,0.0,-0.0,0.15,0.001,1.225,288.15,340.35,0.0354,63984.5,13984.5,3.774,222000,222000.0,-0.0,-0.0,-1616.9,-333.6,0.0,323.4,10.3,-18782.1,-626071.0,202884.2,0.0,1,0
15.2,430.261,594.1,30.261,0.0,12.361,-0.0,12.361,3.171,0.0,0,0.0,-0.0,0.15,0.001,1.225,288.15,340.35,0.0363,63984.1,13984.12,3.774,222000,222000.0,-0.0,-0.0,-1703.5,-351.5,0.0,340.7,10.8,-18779.4,-625980.7,202869.1,0.0,1,0
15.3,431.516,594.1,31.516,0.0,12.678,-0.0,12.678,3.17,-0.0,0,0.0,-0.0,0.15,0.001,1.225,288.15,340.35,0.0372,63983.7,13983.74,3.774,222000,222000.0,-0.0,-0.0,-1792.4,-369.9,0.0,358.5,11.4,-18776.6,-625888.1,202853.5,-0.0,1,0
15.4,432.802,594.1,32.802,0.0,12.995,-0.0,12.995,3.17,-0.0,0,0.0,-0.0,0.15,0.001,1.225,288.15,340.35,0.0382,63983.4,13983.36,3.774,222000,222000.0,-0.0,-0.0,-1883.6,-388.7,0.0,376.7,12.0,-18773.8,-625793.2,202837.5,-0.0,1,0
15.5,434.12,594.1,34.12,0.0,13.312,-0.0,13.312,3.17,0.0,0,0.0,-0.0,0.15,0.001,1.225,288.15,340.35,0.0391,63983.0,13982.99,3.774,222000,222000.0,-0.0,-0.0,-1977.0,-407.9,0.0,395.4,12.6,-18770.9,-625696.1,202821.2,0.0,1,0
15.6,435.47,594.1,35.47,0.0,13.629,-0.0,13.629,3.17,-0.0,0,0.0,-0.0,0.15,0.001,1.225,288.15,340.35,0.04,63982.6,13982.61,3.774,222000,222000.0,-0.0,-0.0,-2072.6,-427.7,0.0,414.5,13.2,-18767.9,-625596.7,202804.4,-0.0,1,0
15.7,436.851,594.1,36.851,0.0,13.946,0.0,13.946,3.169,0.0,0,0.0,-0.0,0.15,0.001,1.225,288.15,340.35,0.041,63982.2,13982.23,3.774,222000,222000.0,-0.0,-0.0,-2170.5,-447.9,0.0,434.1,13.8,-18764.9,-625495.1,202787.3,0.0,1,0
15.8,438.264,594.1,38.264,0.0,14.263,0.0,14.263,3.169,0.0,0,0.0,-0.0,0.15,0.001,1.225,288.15,340.35,0.0419,63981.9,13981.85,3.774,222000,222000.0,-0.0,-0.0,-2270.7,-468.6,0.0,454.1,14.4,-18761.7,-625391.3,202769.7,0.0,1,0
15.9,439.709,594.1,39.709,0.0,14.58,0.0,14.58,3.169,0.0,0,0.0,-0.0,0.15,0.001,1.225,288.15,340.35,0.0428,63981.5,13981.48,3.774,222000,222000.0,-0.0,-0.0,-2373.1,-489.7,0.0,474.6,15.1,-18758.6,-625285.2,202751.8,0.0,1,0
16.0,441.185,594.1,41.185,0.0,14.897,-0.0,14.897,3.169,-0.0,0,0.0,-0.0,0.15,0.001,1.225,288.15,340.35,0.0438,63981.1,13981.1,3.774,222000,222000.0,-0.0,-0.0,-2477.8,-511.3,0.0,495.6,15.7,-18755.3,-625176.8,202733.4,-0.0,1,0
16.1,442.694,594.1,42.694,0.0,15.213,-0.0,15.213,3.168,-0.0,0,0.0,-0.0,0.15,0.001,1.225,288.15,340.35,0.0447,63980.7,13980.72,3.774,222000,222000.0,-0.0,-0.0,-2584.7,-533.3,0.0,516.9,16.4,-18752.0,-625066.2,202714.7,-0.0,1,0
16.2,444.233,594.1,44.233,0.0,15.53,-0.0,15.53,3.168,-0.0,0,0.0,-0.0,0.15,0.001,1.225,288.15,340.35,0.0456,63980.3,13980.34,3.774,222000,222000.0,-0.0,-0.0,-2693.8,-555.9,0.0,538.8,17.1,-18748.6,-624953.3,202695.5,-0.0,1,0
16.3,445.805,594.1,45.805,0.0,15.847,-0.0,15.847,3.168,-0.0,0,0.0,-0.0,0.15,0.001,1.225,288.15,340.35,0.0466,63980.0,13979.97,3.774,222000,222000.0,-0.0,-0.0,-2805.3,-578.9,0.0,561.1,17.8,-18745.1,-624838.2,202676.0,-0.0,1,0
16.4,447.408,594.1,47.408,0.0,16.164,-0.0,16.164,3.168,0.0,0,0.0,-0.0,0.15,0.001,1.225,288.15,340.35,0.0475,63979.6,13979.59,3.774,222000,222000.0,-0.0,-0.0,-2918.9,-602.3,0.0,583.8,18.5,-18741.6,-624720.9,202656.1,0.0,1,0
16.5,449.043,594.1,49.043,0.0,16.48,-0.0,16.48,3.167,-0.0,0,0.0,-0.0,0.15,0.001,1.225,288.15,340.35,0.0484,63979.2,13979.21,3.774,222000,222000.0,-0.0,-0.0,-3034.8,-626.2,0.0,607.0,19.3,-18738.0,-624601.3,202635.7,-0.0,1,0
16.6,450.709,594.1,50.709,0.0,16.797,-0.0,16.797,3.167,0.0,0,0.0,-0.0,0.15,0.001,1.225,288.15,340.35,0.0494,63978.8,13978.83,3.774,222000,222000.0,-0.0,-0.0,-3153.0,-650.6,0.0,630.6,20.0,-18734.4,-624479.4,202615.0,0.0,1,0
16.7,452.408,594.1,52.408,0.0,17.114,-0.0,17.114,3.167,0.0,0,0.0,-0.0,0.15,0.001,1.225,288.15,340.35,0.0503,63978.5,13978.46,3.774,222000,222000.0,-0.0,-0.0,-3273.3,-675.5,0.0,654.7,20.8,-18730.7,-624355.3,202593.9,0.0,1,0
16.8,454.138,594.1,54.138,0.0,17.43,-0.0,17.43,3.166,0.0,0,0.0,-0.0,0.15,0.001,1.225,288.15,340.35,0.0512,63978.1,13978.08,3.774,222000,222000.0,-0.0,-0.0,-3396.0,-700.8,0.0,679.2,21.6,-18726.9,-624229.0,202572.4,0.0,1,0
16.9,455.899,594.1,55.899,0.0,17.747,-0.0,17.747,3.166,-0.0,0,0.0,-0.0,0.15,0.001,1.225,288.15,340.35,0.0521,63977.7,13977.7,3.774,222000,222000.0,-0.0,-0.0,-3520.8,-726.5,0.0,704.2,22.4,-18723.0,-624100.4,202550.5,-0.0,1,0
17.0,457.692,594.1,57.692,0.0,18.064,-0.0,18.064,3.166,-0.0,0,0.0,-0.0,0.15,0.001,1.225,288.15,340.35,0.0531,63977.3,13977.32,3.774,222000,222000.0,-0.0,-0.0,-3648.0,-752.8,0.0,729.6,23.2,-18719.1,-623969.6,202528.2,-0.0,1,0
17.1,459.517,594.1,59.517,0.0,18.38,-0.0,18.38,3.165,-0.0,0,0.0,-0.0,0.15,0.001,1.225,288.15,340.35,0.054,63976.9,13976.95,3.774,222000,222000.0,-0.0,-0.0,-3777.3,-779.4,0.0,755.5,24.0,-18715.1,-623836.5,202505.5,-0.0,1,0
17.2,461.374,594.1,61.374,0.0,18.697,-0.0,18.697,3.165,-0.0,0,0.0,-0.0,0.15,0.001,1.225,288.15,340.35,0.0549,63976.6,13976.57,3.774,222000,222000.0,-0.0,-0.0,-3908.9,-806.6,0.0,781.8,24.8,-18711.0,-623701.2,202482.4,-0.0,1,0
17.3,463.262,594.1,63.262,0.0,19.013,-0.0,19.013,3.165,-0.0,0,0.0,-0.0,0.15,0.001,1.225,288.15,340.35,0.0559,63976.2,13976.19,3.774,222000,222000.0,-0.0,-0.0,-4042.7,-834.2,0.0,808.5,25.7,-18706.9,-623563.7,202458.9,-0.0,1,0
17.4,465.181,594.1,65.181,0.0,19.33,-0.0,19.33,3.164,0.0,0,0.0,-0.0,0.15,0.001,1.225,288.15,340.35,0.0568,63975.8,13975.81,3.774,222000,222000.0,-0.0,-0.0,-4178.8,-862.3,0.0,835.8,26.5,-18702.7,-623423.9,202435.0,0.0,1,0
17.5,467.133,594.1,67.133,0.0,19.646,-0.0,19.646,3.164,0.0,0,0.0,-0.0,0.15,0.001,1.225,288.15,340.35,0.0577,63975.4,13975.44,3.774,222000,222000.0,-0.0,-0.0,-4317.1,-890.8,0.0,863.4,27.4,-18698.5,-623281.9,202410.7,0.0,1,0
17.6,469.116,594.1,69.116,0.0,19.962,-0.0,19.962,3.164,-0.0,0,0.0,-0.0,0.15,0.001,1.225,288.15,340.35,0.0587,63975.1,13975.06,3.774,222000,222000.0,-0.0,-0.0,-4457.7,-919.8,0.0,891.5,28.3,-18694.1,-623137.7,202386.0,-0.0,1,0
17.7,471.131,594.1,71.131,0.0,20.279,-0.0,20.279,3.163,-0.0,0,0.0,-0.0,0.15,0.001,1.225,288.15,340.35,0.0596,63974.7,13974.68,3.774,222000,222000.0,-0.0,-0.0,-4600.4,-949.3,0.0,920.1,29.2,-18689.7,-622991.2,202361.0,-0.0,1,0
17.8,473.177,594.1,73.177,0.0,20.595,-0.0,20.595,3.163,0.0,0,0.0,-0.0,0.15,0.001,1.225,288.15,340.35,0.0605,63974.3,13974.31,3.774,222000,222000.0,-0.0,-0.0,-4745.4,-979.2,0.0,949.1,30.1,-18685.3,-622842.5,202335.5,0.0,1,0
17.9,475.255,594.1,75.255,0.0,20.911,-0.0,20.911,3.162,-0.0,0,0.0,-0.0,0.15,0.001,1.225,288.15,340.35,0.0614,63973.9,13973.93,3.774,222000,222000.0,-0.0,-0.0,-4892.7,-1009.6,0.0,978.5,31.1,-18680.7,-622691.5,202309.7,-0.0,1,0
18.0,477.364,594.1,77.364,0.0,21.227,-0.0,21.227,3.162,-0.0,0,0.0,-0.0,0.15,0.001,1.225,288.15,340.35,0.0624,63973.6,13973.55,3.774,222000,222000.0,-0.0,-0.0,-5042.2,-1040.4,0.0,1008.4,32.0,-18676.2,-622538.4,202283.4,-0.0,1,0
18.1,479.506,594.1,79.506,0.0,21.544,-0.0,21.544,3.162,0.0,0,0.0,-0.0,0.15,0.001,1.225,288.15,340.35,0.0633,63973.2,13973.17,3.774,222000,222000.0,-0.0,-0.0,-5193.9,-1071.8,0.0,1038.8,33.0,-18671.5,-622383.0,202256.8,0.0,1,0
18.2,481.678,594.1,81.678,0.0,21.86,-0.0,21.86,3.161,-0.0,0,0.0,-0.0,0.15,0.001,1.225,288.15,340.35,0.0642,63972.8,13972.8,3.774,222000,222000.0,-0.0,-0.0,-5347.8,-1103.5,0.0,1069.6,34.0,-18666.8,-622225.3,202229.7,-0.0,1,0
18.3,483.883,594.1,83.883,0.0,22.176,-0.0,22.176,3.161,-0.0,0,0.0,-0.0,0.15,0.001,1.225,288.15,340.35,0.0652,63972.4,13972.42,3.774,222000,222000.0,-0.0,-0.0,-5504.0,-1135.7,0.0,1100.8,34.9,-18662.0,-622065.5,202202.3,-0.0,1,0
18.4,486.119,594.1,86.119,0.0,22.492,-0.0,22.492,3.16,-0.0,0,0.0,-0.0,0.15,0.001,1.225,288.15,340.35,0.0661,63972.0,13972.04,3.774,222000,222000.0,-0.0,-0.0,-5662.3,-1168.4,0.0,1132.5,36.0,-18657.1,-621903.4,202174.5,-0.0,1,0
18.5,488.387,594.1,88.387,0.0,22.808,-0.0,22.808,3.16,-0.0,0,0.0,-0.0,0.15,0.001,1.225,288.15,340.35,0.067,63971.7,13971.66,3.774,222000,222000.0,-0.0,-0.0,-5823.0,-1201.6,0.0,1164.6,37.0,-18652.2,-621739.1,202146.3,-0.0,1,0
18.6,490.686,594.1,90.686,0.0,23.124,-0.0,23.124,3.16,-0.0,0,0.0,-0.0,0.15,0.001,1.225,288.15,340.35,0.0679,63971.3,13971.29,3.774,222000,222000.0,-0.0,-0.0,-5985.8,-1235.2,0.0,1197.2,38.0,-18647.2,-621572.5,202117.7,-0.0,1,0
18.7,493.017,594.1,93.017,0.0,23.44,-0.0,23.44,3.159,0.0,0,0.0,-0.0,0.15,0.001,1.225,288.15,340.35,0.0689,63970.9,13970.91,3.774,222000,222000.0,-0.0,-0.0,-6150.9,-1269.2,0.0,1230.2,39.1,-18642.1,-621403.8,202088.7,0.0,1,0
18.8,495.379,594.1,95.379,0.0,23.756,-0.0,23.756,3.159,-0.0,0,0.0,-0.0,0.15,0.001,1.225,288.15,340.35,0.0698,63970.5,13970.53,3.774,222000,222000.0,-0.0,-0.0,-6318.1,-1303.7,0.0,1263.6,40.1,-18637.0,-621232.8,202059.3,-0.0,1,0
18.9,497.773,594.1,97.773,0.0,24.072,-0.0,24.072,3.158,0.0,0,0.0,-0.0,0.15,0.001,1.225,288.15,340.35,0.0707,63970.2,13970.15,3.774,222000,222000.0,-0.0,-0.0,-6487.6,-1338.7,0.0,1297.5,41.2,-18631.8,-621059.6,202029.5,0.0,1,0
19.0,500.199,594.1,100.199,0.0,24.387,-0.0,24.387,3.158,-0.0,0,0.0,-0.0,0.15,0.001,1.225,288.15,340.35,0.0717,63969.8,13969.78,3.774,222000,222000.0,-0.0,-0.0,-6659.4,-1374.2,0.0,1331.9,42.3,-18626.5,-620884.2,201999.3,-0.0,1,0
19.1,502.656,594.1,102.656,0.0,24.703,-0.0,24.703,3.157,-0.0,0,0.0,-0.0,0.15,0.001,1.225,288.15,340.35,0.0726,63969.4,13969.4,3.774,222000,222000.0,-0.0,-0.0,-6833.3,-1410.0,0.0,1366.7,43.4,-18621.2,-620706.5,201968.8,-0.0,1,0
19.2,505.144,594.1,105.144,0.0,25.019,-0.0,25.019,3.157,-0.0,0,0.0,-0.0,0.15,0.001,1.225,288.15,340.35,0.0735,63969.0,13969.02,3.774,222000,222000.0,-0.0,-0.0,-7009.4,-1446.4,0.0,1401.9,44.5,-18615.8,-620526.7,201937.8,-0.0,1,0
19.3,507.665,594.1,107.665,0.0,25.334,-0.0,25.334,3.156,-0.0,0,0.0,-0.0,0.15,0.001,1.225,288.15,340.35,0.0744,63968.6,13968.64,3.774,222000,222000.0,-0.0,-0.0,-7187.8,-1483.2,0.0,1437.6,45.6,-18610.3,-620344.6,201906.5,-0.0,1,0
19.4,510.217,594.1,110.217,0.0,25.65,-0.0,25.65,3.156,-0.0,0,0.0,-0.0,0.15,0.001,1.225,288.15,340.35,0.0754,63968.3,13968.27,3.774,222000,222000.0,-0.0,-0.0,-7368.4,-1520.5,0.0,1473.7,46.8,-18604.8,-620160.3,201874.7,-0.0,1,0
19.5,512.8,594.1,112.8,0.0,25.966,-0.0,25.966,3.155,0.0,0,0.0,-0.0,0.15,0.001,1.225,288.15,340.35,0.0763,63967.9,13967.89,3.774,222000,222000.0,-0.0,-0.0,-7551.2,-1558.2,0.0,1510.2,47.9,-18599.2,-619973.8,201842.6,0.0,1,0
19.6,515.415,594.1,115.415,0.0,26.281,-0.0,26.281,3.155,0.0,0,0.0,-0.0,0.15,0.001,1.225,288.15,340.35,0.0772,63967.5,13967.51,3.774,222000,222000.0,-0.0,-0.0,-7736.2,-1596.4,0.0,1547.2,49.1,-18593.6,-619785.1,201810.1,0.0,1,0
19.7,518.062,594.1,118.062,0.0,26.597,-0.0,26.597,3.154,-0.0,0,0.0,-0.0,0.15,0.001,1.225,288.15,340.35,0.0781,63967.1,13967.13,3.774,222000,222000.0,-0.0,-0.0,-7923.4,-1635.0,0.0,1584.7,50.3,-18587.8,-619594.2,201777.2,-0.0,1,0
19.8,520.74,594.1,120.74,0.0,26.912,-0.0,26.912,3.154,0.0,0,0.0,-0.0,0.15,0.001,1.225,288.15,340.35,0.0791,63966.8,13966.76,3.774,222000,222000.0,-0.0,-0.0,-8112.8,-1674.1,0.0,1622.6,51.5,-18582.0,-619401.1,201743.9,0.0,1,0
19.9,523.449,594.1,123.449,0.0,27.227,-0.0,27.227,3.153,0.0,0,0.0,-0.0,0.15,0.001,1.225,288.15,340.35,0.08,63966.4,13966.38,3.774,222000,222000.0,-0.0,-0.0,-8304.5,-1713.6,0.0,1660.9,52.7,-18576.2,-619205.7,201710.2,0.0,1,0
20.0,526.19,594.1,126.19,0.0,27.543,-0.0,27.543,3.153,-0.0,0,0.0,-0.0,0.15,0.001,1.225,288.15,340.35,0.0809,63966.0,13966.0,3.774,222000,222000.0,-0.0,-0.0,-8498.3,-1753.6,0.0,1699.7,54.0,-18570.2,-619008.2,201676.1,-0.0,1,0
20.1,528.963,594.1,128.963,0.0,27.858,-0.0,27.858,3.152,-0.0,0,0.0,-0.0,0.15,0.001,1.225,288.15,340.35,0.0819,63965.6,13965.63,3.774,222000,222000.0,-0.0,-0.0,-8694.3,-1794.1,0.0,1738.9,55.2,-18564.3,-618808.4,201641.7,-0.0,1,0
20.2,531.767,594.1,131.767,0.0,28.173,-0.0,28.173,3.152,0.0,0,0.0,-0.0,0.15,0.001,1.225,288.15,340.35,0.0828,63965.2,13965.25,3.774,222000,222000.0,-0.0,-0.0,-8892.6,-1835.0,0.0,1778.5,56.5,-18558.2,-618606.5,201606.8,0.0,1,0
20.3,534.603,594.1,134.603,0.0,28.488,-0.0,28.488,3.151,-0.0,0,0.0,-0.0,0.15,0.001,1.225,288.15,340.35,0.0837,63964.9,13964.87,3.774,222000,222000.0,-0.0,-0.0,-9093.0,-1876.3,0.0,1818.6,57.7,-18552.1,-618402.4,201571.6,-0.0,1,0
20.4,537.47,594.1,137.47,0.0,28.803,-0.0,28.803,3.151,-0.0,0,0.0,-0.0,0.15,0.001,1.225,288.15,340.35,0.0846,63964.5,13964.49,3.774,222000,222000.0,-0.0,-0.0,-9295.7,-1918.2,0.0,1859.1,59.0,-18545.9,-618196.0,201536.0,-0.0,1,0
20.5,540.369,594.1,140.369,0.0,29.118,-0.0,29.118,3.15,-0.0,0,0.0,-0.0,0.15,0.001,1.225,288.15,340.35,0.0856,63964.1,13964.12,3.774,222000,222000.0,-0.0,-0.0,-9500.5,-1960.4,0.0,1900.1,60.3,-18539.6,-617987.5,201500.0,-0.0,1,0
20.6,543.299,594.1,143.299,0.0,29.433,-0.0,29.433,3.15,-0.0,0,0.0,-0.0,0.15,0.001,1.225,288.15,340.35,0.0865,63963.7,13963.74,3.774,222000,222000.0,-0.0,-0.0,-9707.5,-2003.1,0.0,1941.5,61.6,-18533.3,-617776.7,201463.6,-0.0,1,0
20.7,546.261,594.1,146.261,0.0,29.748,-0.0,29.748,3.149,0.0,0,0.0,-0.0,0.15,0.001,1.225,288.15,340.35,0.0874,63963.4,13963.36,3.774,222000,222000.0,-0.0,-0.0,-9916.8,-2046.3,0.0,1983.4,63.0,-18526.9,-617563.8,201426.8,0.0,1,0
20.8,549.254,594.1,149.254,0.0,30.063,-0.0,30.063,3.149,-0.0,0,0.0,-0.0,0.15,0.001,1.225,288.15,340.35,0.0883,63963.0,13962.98,3.774,222000,222000.0,-0.0,-0.0,-10128.2,-2089.9,0.0,2025.6,64.3,-18520.5,-617348.7,201389.6,-0.0,1,0
20.9,552.279,594.1,152.279,0.0,30.378,-0.0,30.378,3.148,0.0,0,0.0,-0.0,0.15,0.001,1.225,288.15,340.35,0.0893,63962.6,13962.61,3.774,222000,222000.0,-0.0,-0.0,-10341.8,-2134.0,0.0,2068.4,65.7,-18513.9,-617131.3,201352.0,0.0,1,0
21.0,555.335,594.1,155.335,0.0,30.693,-0.0,30.693,3.147,-0.0,0,0.0,-0.0,0.15,0.001,1.225,288.15,340.35,0.0902,63962.2,13962.23,3.774,222000,222000.0,-0.0,-0.0,-10557.6,-2178.6,0.0,2111.5,67.0,-18507.4,-616911.8,201314.1,-0.0,1,0
21.1,558.422,594.1,158.422,0.0,31.008,-0.0,31.008,3.147,0.0,0,0.0,-0.0,0.15,0.001,1.225,288.15,340.35,0.0911,63961.9,13961.85,3.774,222000,222000.0,-0.0,-0.0,-10775.6,-2223.5,0.0,2155.1,68.4,-18500.7,-616690.1,201275.8,0.0,1,0
21.2,561.541,594.1,161.541,0.0,31.322,-0.0,31.322,3.146,-0.0,0,0.0,-0.0,0.15,0.001,1.225,288.15,340.35,0.092,63961.5,13961.47,3.774,222000,222000.0,-0.0,-0.0,-10995.8,-2269.0,0.0,2199.2,69.8,-18494.0,-616466.3,201237.0,-0.0,1,0
21.3,564.692,594.1,164.692,0.0,31.637,-0.0,31.637,3.146,-0.0,0,0.0,-0.0,0.15,0.001,1.225,288.15,340.35,0.093,63961.1,13961.1,3.774,222000,222000.0,-0.0,-0.0,-11218.2,-2314.9,0.0,2243.6,71.2,-18487.2,-616240.2,201197.9,-0.0,1,0
21.4,567.874,594.1,167.874,0.0,31.951,-0.0,31.951,3.145,0.0,0,0.0,-0.0,0.15,0.001,1.225,288.15,340.35,0.0939,63960.7,13960.72,3.774,222000,222000.0,-0.0,-0.0,-11442.7,-2361.2,0.0,2288.5,72.7,-18480.4,-616011.9,201158.4,0.0,1,0
21.5,571.088,594.1,171.088,0.0,32.266,-0.0,32.266,3.144,0.0,0,0.0,-0.0,0.15,0.001,1.225,288.15,340.35,0.0948,63960.3,13960.34,3.774,222000,222000.0,-0.0,-0.0,-11669.4,-2408.0,0.0,2333.9,74.1,-18473.4,-615781.5,201118.6,0.0,1,0
21.6,574.332,594.1,174.332,0.0,32.58,-0.0,32.58,3.144,-0.0,0,0.0,-0.0,0.15,0.001,1.225,288.15,340.35,0.0957,63960.0,13959.96,3.774,222000,222000.0,-0.0,-0.0,-11898.4,-2455.2,0.0,2379.7,75.5,-18466.5,-615548.9,201078.3,-0.0,1,0
21.7,577.609,594.1,177.609,0.0,32.894,-0.0,32.894,3.143,0.0,0,0.0,-0.0,0.15,0.001,1.225,288.15,340.35,0.0966,63959.6,13959.59,3.774,222000,222000.0,-0.0,-0.0,-12129.4,-2502.9,0.0,2425.9,77.0,-18459.4,-615314.1,201037.7,0.0,1,0
21.8,580.917,594.1,180.917,0.0,33.209,-0.0,33.209,3.143,0.0,0,0.0,-0.0,0.15,0.001,1.225,288.15,340.35,0.0976,63959.2,13959.21,3.774,222000,222000.0,-0.0,-0.0,-12362.7,-2551.0,0.0,2472.5,78.5,-18452.3,-615077.1,200996.7,0.0,1,0
21.9167,584.815,594.1,184.815,0.0,33.575,-0.0,33.575,3.142,0.0,0,0.0,-0.0,0.15,0.001,1.225,288.15,340.35,0.0986,63958.8,13958.77,3.774,222000,222000.0,-0.0,-0.0,-12637.6,-2607.8,0.0,2527.5,80.2,-18443.9,-614797.9,200948.3,0.0,1,0
22.0167,588.191,594.1,188.191,0.0,33.89,-0.0,33.89,3.141,0.0,0,0.0,-0.0,0.15,0.001,1.225,288.15,340.35,0.0996,63958.4,13958.39,3.774,222000,222000.0,-0.0,-0.0,-12875.6,-2656.9,0.0,2575.1,81.8,-18436.7,-614556.3,200906.4,0.0,1,0
22.1167,591.599,594.1,191.599,0.0,34.204,-0.0,34.204,3.141,0.0,0,0.0,-0.0,0.15,0.001,1.225,288.15,340.35,0.1005,63958.0,13958.01,3.774,222000,222000.0,-0.0,-0.0,-13115.7,-2706.4,0.0,2623.1,83.3,-18429.4,-614312.4,200864.2,0.0,1,0
22.2167,595.037,594.1,195.037,0.0,34.518,-0.0,34.518,3.14,-0.0,0,0.0,-0.0,0.15,0.001,1.225,288.15,340.35,0.1014,63957.6,13957.64,3.774,222000,222000.0,-0.0,-0.0,-13358.0,-2756.4,0.0,2671.6,84.8,-18422.0,-614066.4,200821.6,-0.0,1,0
22.3167,598.507,594.1,198.507,0.0,34.832,-0.0,34.832,3.139,0.0,0,0.0,-0.0,0.15,0.001,1.225,288.15,340.35,0.1023,63957.3,13957.26,3.774,222000,222000.0,-0.0,-0.0,-13602.5,-2806.9,0.0,2720.5,86.4,-18414.5,-613818.2,200778.6,0.0,1,0
22.4167,602.009,594.1,202.009,0.0,35.145,-0.0,35.145,3.139,0.0,0,0.0,-0.0,0.15,0.001,1.225,288.15,340.35,0.1033,63956.9,13956.88,3.774,222000,222000.0,-0.0,-0.0,-13849.2,-2857.8,0.0,2769.8,87.9,-18407.0,-613567.9,200735.2,0.0,1,0
22.5167,605.542,594.1,205.542,0.0,35.459,-0.0,35.459,3.138,-0.0,0,0.0,-0.0,0.15,0.001,1.225,288.15,340.35,0.1042,63956.5,13956.5,3.774,222000,222000.0,-0.0,-0.0,-14098.0,-2909.1,0.0,2819.6,89.5,-18399.5,-613315.3,200691.4,-0.0,1,0
22.6167,609.106,594.1,209.106,0.0,35.773,-0.0,35.773,3.137,0.0,0,0.0,-0.0,0.15,0.001,1.225,288.15,340.35,0.1051,63956.1,13956.13,3.774,222000,222000.0,-0.0,-0.0,-14348.9,-2960.9,0.0,2869.8,91.1,-18391.8,-613060.7,200647.3,0.0,1,0
22.7167,612.701,594.1,212.701,0.0,36.087,-0.0,36.087,3.137,0.0,0,0.0,-0.0,0.15,0.001,1.225,288.15,340.35,0.106,63955.7,13955.75,3.774,222000,222000.0,-0.0,-0.0,-14602.1,-3013.1,0.0,2920.4,92.7,-18384.1,-612803.8,200602.8,0.0,1,0
22.8167,616.328,594.1,216.328,0.0,36.4,-0.0,36.4,3.136,0.0,0,0.0,-0.0,0.15,0.001,1.225,288.15,340.35,0.107,63955.4,13955.37,3.774,222000,222000.0,-0.0,-0.0,-14857.4,-3065.8,0.0,2971.5,94.3,-18376.3,-612544.9,200557.9,0.0,1,0
22.9167,619.987,594.1,219.987,0.0,36.714,-0.0,36.714,3.135,0.0,0,0.0,-0.0,0.15,0.001,1.225,288.15,340.35,0.1079,63955.0,13955.0,3.774,222000,222000.0,-0.0,-0.0,-15114.8,-3118.9,0.0,3023.0,96.0,-18368.5,-612283.7,200512.6,0.0,1,0
23.0167,623.676,594.1,223.676,0.0,37.027,-0.0,37.027,3.135,0.0,0,0.0,-0.0,0.15,0.001,1.225,288.15,340.35,0.1088,63954.6,13954.62,3.774,222000,222000.0,-0.0,-0.0,-15374.4,-3172.5,0.0,3074.9,97.6,-18360.6,-612020.4,200466.9,0.0,1,0
23.1167,627.397,594.1,227.397,0.0,37.341,-0.0,37.341,3.134,0.0,0,0.0,-0.0,0.15,0.001,1.225,288.15,340.35,0.1097,63954.2,13954.24,3.774,222000,222000.0,-0.0,-0.0,-15636.1,-3226.5,0.0,3127.2,99.3,-18352.6,-611755.0,200420.8,0.0,1,0
23.2167,631.15,594.1,231.15,0.0,37.654,-0.0,37.654,3.133,-0.0,0,0.0,-0.0,0.15,0.001,1.225,288.15,340.35,0.1106,63953.9,13953.86,3.774,222000,222000.0,-0.0,-0.0,-15900.0,-3281.0,0.0,3180.0,101.0,-18344.6,-611487.4,200374.4,-0.0,1,0
23.3167,634.933,594.1,234.933,0.0,37.967,-0.0,37.967,3.132,0.0,0,0.0,-0.0,0.15,0.001,1.225,288.15,340.35,0.1116,63953.5,13953.49,3.774,222000,222000.0,-0.0,-0.0,-16166.1,-3335.9,0.0,3233.2,102.6,-18336.5,-611217.6,200327.6,0.0,1,0
23.4167,638.748,594.1,238.748,0.0,38.281,-0.0,38.281,3.132,-0.0,0,0.0,-0.0,0.15,0.001,1.225,288.15,340.35,0.1125,63953.1,13953.11,3.774,222000,222000.0,-0.0,-0.0,-16434.3,-3391.2,0.0,3286.9,104.3,-18328.4,-610945.7,200280.4,-0.0,1,0
23.5167,642.595,594.1,242.595,0.0,38.594,-0.0,38.594,3.131,0.0,0,0.0,-0.0,0.15,0.001,1.225,288.15,340.35,0.1134,63952.7,13952.73,3.774,222000,222000.0,-0.0,-0.0,-16704.6,-3447.0,0.0,3340.9,106.1,-18320.2,-610671.7,200232.9,0.0,1,0
23.6167,646.472,594.1,246.472,0.0,38.907,-0.0,38.907,3.13,-0.0,0,0.0,-0.0,0.15,0.001,1.225,288.15,340.35,0.1143,63952.4,13952.35,3.774,222000,222000.0,-0.0,-0.0,-16977.1,-3503.2,0.0,3395.4,107.8,-18311.9,-610395.5,200184.9,-0.0,1,0
23.7167,650.381,594.1,250.381,0.0,39.22,-0.0,39.22,3.129,-0.0,0,0.0,-0.0,0.15,0.001,1.225,288.15,340.35,0.1152,63952.0,13951.98,3.774,222000,222000.0,-0.0,-0.0,-17251.7,-3559.9,0.0,3450.3,109.5,-18303.5,-610117.2,200136.6,-0.0,1,0
23.8167,654.322,594.1,254.322,0.0,39.533,-0.0,39.533,3.129,0.0,0,0.0,-0.0,0.15,0.001,1.225,288.15,340.35,0.1162,63951.6,13951.6,3.774,222000,222000.0,-0.0,-0.0,-17528.5,-3617.0,0.0,3505.7,111.3,-18295.1,-609836.7,200087.9,0.0,1,0
23.9167,658.293,594.1,258.293,0.0,39.845,-0.0,39.845,3.128,0.0,0,0.0,-0.0,0.15,0.001,1.225,288.15,340.35,0.1171,63951.2,13951.22,3.774,222000,222000.0,-0.0,-0.0,-17807.4,-3674.5,0.0,3561.5,113.1,-18286.6,-609554.1,200038.8,0.0,1,0
24.0167,662.296,594.1,262.296,0.0,40.158,-0.0,40.158,3.127,0.0,0,0.0,-0.0,0.15,0.001,1.225,288.15,340.35,0.118,63950.8,13950.84,3.774,222000,222000.0,-0.0,-0.0,-18088.4,-3732.5,0.0,3617.7,114.8,-18278.1,-609269.4,199989.4,0.0,1,0
24.1167,666.33,594.1,266.33,0.0,40.471,-0.0,40.471,3.126,0.0,0,0.0,-0.0,0.15,0.001,1.225,288.15,340.35,0.1189,63950.5,13950.47,3.774,222000,222000.0,-0.0,-0.0,-18371.5,-3791.0,0.0,3674.3,116.6,-18269.5,-608982.5,199939.6,0.0,1,0
24.2167,670.395,594.1,270.395,0.0,40.784,-0.0,40.784,3.126,0.0,0,0.0,-0.0,0.15,0.001,1.225,288.15,340.35,0.1198,63950.1,13950.09,3.774,222000,222000.0,-0.0,-0.0,-18656.8,-3849.8,0.0,3731.4,118.5,-18260.8,-608693.5,199889.4,0.0,1,0
24.3167,674.492,594.1,274.492,0.0,41.096,-0.0,41.096,3.125,-0.0,0,0.0,-0.0,0.15,0.001,1.225,288.15,340.35,0.1207,63949.7,13949.71,3.774,222000,222000.0,-0.0,-0.0,-18944.2,-3909.1,0.0,3788.8,120.3,-18252.1,-608402.4,199838.8,-0.0,1,0
24.4167,678.62,594.1,278.62,0.0,41.408,-0.0,41.408,3.124,-0.0,0,0.0,-0.0,0.15,0.001,1.225,288.15,340.35,0.1217,63949.3,13949.33,3.774,222000,222000.0,-0.0,-0.0,-19233.8,-3968.9,0.0,3846.8,122.1,-18243.3,-608109.2,199787.8,-0.0,1,0
24.5167,682.779,594.1,282.779,0.0,41.721,-0.0,41.721,3.123,-0.0,0,0.0,-0.0,0.15,0.001,1.225,288.15,340.35,0.1226,63949.0,13948.96,3.774,222000,222000.0,-0.0,-0.0,-19525.4,-4029.1,0.0,3905.1,124.0,-18234.4,-607813.8,199736.5,-0.0,1,0
24.6167,686.969,594.1,286.969,0.0,42.033,-0.0,42.033,3.123,-0.0,0,0.0,-0.0,0.15,0.001,1.225,288.15,340.35,0.1235,63948.6,13948.58,3.774,222000,222000.0,-0.0,-0.0,-19819.2,-4089.7,0.0,3963.8,125.8,-18225.5,-607516.3,199684.8,-0.0,1,0
24.7167,691.191,594.1,291.191,0.0,42.345,-0.0,42.345,3.122,0.0,0,0.0,-0.0,0.15,0.001,1.225,288.15,340.35,0.1244,63948.2,13948.2,3.774,222000,222000.0,-0.0,-0.0,-20115.1,-4150.7,0.0,4023.0,127.7,-18216.5,-607216.7,199632.8,0.0,1,0
24.8167,695.443,594.1,295.443,0.0,42.657,-0.0,42.657,3.121,0.0,0,0.0,-0.0,0.15,0.001,1.225,288.15,340.35,0.1253,63947.8,13947.82,3.774,222000,222000.0,-0.0,-0.0,-20413.1,-4212.2,0.0,4082.6,129.6,-18207.5,-606915.0,199580.3,0.0,1,0
24.9167,699.727,594.1,299.727,0.0,42.97,-0.0,42.97,3.12,0.0,0,0.0,-0.0,0.15,0.001,1.225,288.15,340.35,0.1263,63947.4,13947.45,3.774,222000,222000.0,-0.0,-0.0,-20713.3,-4274.2,0.0,4142.7,131.5,-18198.3,-606611.2,199527.5,0.0,1,0
25.0167,704.042,594.1,304.042,0.0,43.282,-0.0,43.282,3.119,-0.0,0,0.0,-0.0,0.15,0.001,1.225,288.15,340.35,0.1272,63947.1,13947.07,3.774,222000,222000.0,-0.0,-0.0,-21015.5,-4336.5,0.0,4203.1,133.4,-18189.2,-606305.3,199474.3,-0.0,1,0
25.1167,708.389,594.1,308.389,0.0,43.593,-0.0,43.593,3.119,0.0,0,0.0,-0.0,0.15,0.001,1.225,288.15,340.35,0.1281,63946.7,13946.69,3.774,222000,222000.0,-0.0,-0.0,-21319.8,-4399.3,0.0,4264.0,135.4,-18179.9,-605997.2,199420.7,0.0,1,0
25.2167,712.766,594.1,312.766,0.0,43.905,-0.0,43.905,3.118,0.0,0,0.0,-0.0,0.15,0.001,1.225,288.15,340.35,0.129,63946.3,13946.31,3.774,222000,222000.0,-0.0,-0.0,-21626.3,-4462.6,0.0,4325.3,137.3,-18170.6,-605687.0,199366.8,0.0,1,0
25.3167,717.175,594.1,317.175,0.0,44.217,-0.0,44.217,3.117,0.0,0,0.0,-0.0,0.15,0.001,1.225,288.15,340.35,0.1299,63945.9,13945.94,3.774,222000,222000.0,-0.0,-0.0,-21934.9,-4526.2,0.0,4387.0,139.3,-18161.2,-605374.8,199312.5,0.0,1,0
25.4167,721.615,594.1,321.615,0.0,44.529,-0.0,44.529,3.116,0.0,0,0.0,-0.0,0.15,0.001,1.225,288.15,340.35,0.1308,63945.6,13945.56,3.774,222000,222000.0,-0.0,-0.0,-22245.5,-4590.3,0.0,4449.1,141.2,-18151.8,-605060.4,199257.8,0.0,1,0
25.5167,726.086,594.1,326.086,0.0,44.84,-0.0,44.84,3.115,0.0,0,0.0,-0.0,0.15,0.001,1.225,288.15,340.35,0.1317,63945.2,13945.18,3.774,222000,222000.0,-0.0,-0.0,-22558.3,-4654.9,0.0,4511.7,143.2,-18142.3,-604744.0,199202.8,0.0,1,0
25.6167,730.588,594.1,330.588,0.0,45.152,-0.0,45.152,3.114,0.0,0,0.0,-0.0,0.15,0.001,1.225,288.15,340.35,0.1327,63944.8,13944.81,3.774,222000,222000.0,-0.0,-0.0,-22873.2,-4719.9,0.0,4574.6,145.2,-18132.8,-604425.4,199147.4,0.0,1,0
25.7167,735.121,594.1,335.121,0.0,45.463,-0.0,45.463,3.114,0.0,0,0.0,-0.0,0.15,0.001,1.225,288.15,340.35,0.1336,63944.4,13944.43,3.774,222000,222000.0,-0.0,-0.0,-23190.1,-4785.3,0.0,4638.0,147.2,-18123.1,-604104.7,199091.6,0.0,1,0
25.8167,739.686,594.1,339.686,0.0,45.774,-0.0,45.774,3.113,0.0,0,0.0,-0.0,0.15,0.001,1.225,288.15,340.35,0.1345,63944.1,13944.05,3.774,222000,222000.0,-0.0,-0.0,-23509.2,-4851.1,0.0,4701.8,149.3,-18113.5,-603782.0,199035.4,0.0,1,0
25.9167,744.281,594.1,344.281,0.0,46.086,-0.0,46.086,3.112,0.0,0,0.0,-0.0,0.15,0.001,1.225,288.15,340.35,0.1354,63943.7,13943.67,3.774,222000,222000.0,-0.0,-0.0,-23830.3,-4917.4,0.0,4766.1,151.3,-18103.7,-603457.1,198978.9,0.0,1,0
26.0167,748.908,594.1,348.908,0.0,46.397,-0.0,46.397,3.111,-0.0,0,0.0,-0.0,0.15,0.001,1.225,288.15,340.35,0.1363,63943.3,13943.3,3.774,222000,222000.0,-0.0,-0.0,-24153.5,-4984.1,0.0,4830.7,153.4,-18093.9,-603130.2,198922.0,-0.0,1,0
26.1167,753.566,594.1,353.566,0.0,46.708,-0.0,46.708,3.11,-0.0,0,0.0,-0.0,0.15,0.001,1.225,288.15,340.35,0.1372,63942.9,13942.92,3.774,222000,222000.0,-0.0,-0.0,-24478.8,-5051.2,0.0,4895.8,155.4,-18084.0,-602801.2,198864.8,-0.0,1,0
26.2167,758.255,594.1,358.255,0.0,47.019,-0.0,47.019,3.109,0.0,0,0.0,-0.0,0.15,0.001,1.225,288.15,340.35,0.1381,63942.5,13942.54,3.774,222000,222000.0,-0.0,-0.0,-24806.2,-5118.7,0.0,4961.2,157.5,-18074.1,-602470.1,198807.1,0.0,1,0
26.3167,762.975,594.1,362.975,0.0,47.329,-0.0,47.329,3.108,-0.0,0,0.0,-0.0,0.15,0.001,1.225,288.15,340.35,0.1391,63942.2,13942.16,3.774,222000,222000.0,-0.0,-0.0,-25135.7,-5186.7,0.0,5027.1,159.6,-18064.1,-602136.9,198749.2,-0.0,1,0
26.4167,767.726,594.1,367.726,0.0,47.64,-0.0,47.64,3.107,-0.0,0,0.0,-0.0,0.15,0.001,1.225,288.15,340.35,0.14,63941.8,13941.79,3.774,222000,222000.0,-0.0,-0.0,-25467.3,-5255.2,0.0,5093.5,161.7,-18054.0,-601801.7,198690.8,-0.0,1,0
26.5167,772.508,594.1,372.508,0.0,47.951,-0.0,47.951,3.106,0.0,0,0.0,-0.0,0.15,0.001,1.225,288.15,340.35,0.1409,63941.4,13941.41,3.774,222000,222000.0,-0.0,-0.0,-25800.9,-5324.0,0.0,5160.2,163.8,-18043.9,-601464.3,198632.1,0.0,1,0
26.6167,777.321,594.1,377.321,0.0,48.262,-0.0,48.262,3.106,0.0,0,0.0,-0.0,0.15,0.001,1.225,288.15,340.35,0.1418,63941.0,13941.03,3.774,222000,222000.0,-0.0,-0.0,-26136.6,-5393.3,0.0,5227.3,165.9,-18033.7,-601124.9,198573.0,0.0,1,0
26.7167,782.166,594.1,382.166,0.0,48.572,-0.0,48.572,3.105,0.0,0,0.0,-0.0,0.15,0.001,1.225,288.15,340.35,0.1427,63940.7,13940.65,3.774,222000,222000.0,-0.0,-0.0,-26474.4,-5463.0,0.0,5294.9,168.1,-18023.5,-600783.4,198513.5,0.0,1,0
26.8167,787.041,594.1,387.041,0.0,48.882,-0.0,48.882,3.104,-0.0,0,0.0,-0.0,0.15,0.001,1.225,288.15,340.35,0.1436,63940.3,13940.28,3.774,222000,222000.0,-0.0,-0.0,-26814.2,-5533.1,0.0,5362.8,170.3,-18013.2,-600439.9,198453.7,-0.0,1,0
26.9167,791.947,594.1,391.947,0.0,49.193,-0.0,49.193,3.103,-0.0,0,0.0,-0.0,0.15,0.001,1.225,288.15,340.35,0.1445,63939.9,13939.9,3.774,222000,222000.0,-0.0,-0.0,-27156.1,-5603.6,0.0,5431.2,172.4,-18002.8,-600094.3,198393.5,-0.0,1,0
27.0167,796.885,594.1,396.885,0.0,49.503,-0.0,49.503,3.102,-0.0,0,0.0,-0.0,0.15,0.001,1.225,288.15,340.35,0.1454,63939.5,13939.52,3.774,222000,222000.0,-0.0,-0.0,-27500.1,-5674.6,0.0,5500.0,174.6,-17992.4,-599746.6,198333.0,-0.0,1,0
27.1167,801.853,594.1,401.853,0.0,49.813,-0.0,49.813,3.101,-0.0,0,0.0,-0.0,0.15,0.001,1.225,288.15,340.35,0.1464,63939.1,13939.14,3.774,222000,222000.0,-0.0,-0.0,-27846.1,-5746.0,0.0,5569.2,176.8,-17981.9,-599396.9,198272.1,-0.0,1,0
27.2167,806.852,594.1,406.852,0.0,50.123,-0.0,50.123,3.1,0.0,0,0.0,-0.0,0.15,0.001,1.225,288.15,340.35,0.1473,63938.8,13938.77,3.774,222000,222000.0,-0.0,-0.0,-28194.2,-5817.9,0.0,5638.8,179.0,-17971.4,-599045.1,198210.8,0.0,1,0
27.3167,811.883,594.1,411.883,0.0,50.433,-0.0,50.433,3.099,-0.0,0,0.0,-0.0,0.15,0.001,1.225,288.15,340.35,0.1482,63938.4,13938.39,3.774,222000,222000.0,-0.0,-0.0,-28544.4,-5890.1,0.0,5708.9,181.2,-17960.7,-598691.2,198149.2,-0.0,1,0
27.4167,816.944,594.1,416.944,0.0,50.743,-0.0,50.743,3.098,-0.0,0,0.0,-0.0,0.15,0.001,1.225,288.15,340.35,0.1491,63938.0,13938.01,3.774,222000,222000.0,-0.0,-0.0,-28896.6,-5962.8,0.0,5779.3,183.5,-17950.1,-598335.3,198087.2,-0.0,1,0
27.5167,822.037,594.1,422.037,0.0,51.053,-0.0,51.053,3.097,0.0,0,0.0,-0.0,0.15,0.001,1.225,288.15,340.35,0.15,63937.6,13937.63,3.774,222000,222000.0,-0.0,-0.0,-29250.8,-6035.9,0.0,5850.2,185.7,-17939.3,-597977.4,198024.8,0.0,1,0
27.6167,827.16,594.1,427.16,0.0,51.362,-0.0,51.362,3.096,-0.0,0,0.0,-0.0,0.15,0.001,1.225,288.15,340.35,0.1509,63937.3,13937.26,3.774,222000,222000.0,-0.0,-0.0,-29607.1,-6109.4,0.0,5921.4,188.0,-17928.5,-597617.4,197962.1,-0.0,1,0
27.7167,832.314,594.1,432.314,0.0,51.672,-0.0,51.672,3.095,0.0,0,0.0,-0.0,0.15,0.001,1.225,288.15,340.35,0.1518,63936.9,13936.88,3.774,222000,222000.0,-0.0,-0.0,-29965.5,-6183.3,0.0,5993.1,190.3,-17917.7,-597255.3,197899.0,0.0,1,0
27.8167,837.499,594.1,437.499,0.0,51.981,-0.0,51.981,3.094,-0.0,0,0.0,-0.0,0.15,0.001,1.225,288.15,340.35,0.1527,63936.5,13936.5,3.774,222000,222000.0,-0.0,-0.0,-30325.8,-6257.7,0.0,6065.2,192.5,-17906.7,-596891.2,197835.5,-0.0,1,0
27.9167,842.716,594.1,442.716,0.0,52.291,-0.0,52.291,3.093,0.0,0,0.0,-0.0,0.15,0.001,1.225,288.15,340.35,0.1536,63936.1,13936.13,3.774,222000,222000.0,-0.0,-0.0,-30688.3,-6332.5,0.0,6137.7,194.8,-17895.8,-596525.1,197771.7,0.0,1,0
28.0167,847.963,594.1,447.963,0.0,52.6,-0.0,52.6,3.092,0.0,0,0.0,-0.0,0.15,0.001,1.225,288.15,340.35,0.1545,63935.7,13935.75,3.774,222000,222000.0,-0.0,-0.0,-31052.7,-6407.7,0.0,6210.5,197.2,-17884.7,-596157.0,197707.6,0.0,1,0
28.1167,853.241,594.1,453.241,0.0,52.909,-0.0,52.909,3.091,0.0,0,0.0,-0.0,0.15,0.001,1.225,288.15,340.35,0.1555,63935.4,13935.37,3.774,222000,222000.0,-0.0,-0.0,-31419.2,-6483.3,0.0,6283.8,199.5,-17873.6,-595786.8,197643.1,0.0,1,0
28.2167,858.55,594.1,458.55,0.0,53.218,-0.0,53.218,3.09,0.0,0,0.0,-0.0,0.15,0.001,1.225,288.15,340.35,0.1564,63935.0,13934.99,3.774,222000,222000.0,-0.0,-0.0,-31787.7,-6559.4,0.0,6357.5,201.8,-17862.4,-595414.5,197578.2,0.0,1,0
28.3167,863.89,594.1,463.89,0.0,53.527,-0.0,53.527,3.089,-0.0,0,0.0,-0.0,0.15,0.001,1.225,288.15,340.35,0.1573,63934.6,13934.62,3.774,222000,222000.0,-0.0,-0.0,-32158.3,-6635.8,0.0,6431.7,204.2,-17851.2,-595040.3,197513.0,-0.0,1,0
28.4167,869.26,594.1,469.26,0.0,53.836,-0.0,53.836,3.088,-0.0,0,0.0,-0.0,0.15,0.001,1.225,288.15,340.35,0.1582,63934.2,13934.24,3.774,222000,222000.0,-0.0,-0.0,-32530.9,-6712.7,0.0,6506.2,206.5,-17839.9,-594664.0,197447.4,-0.0,1,0
28.5167,874.662,594.1,474.662,0.0,54.145,-0.0,54.145,3.087,-0.0,0,0.0,-0.0,0.15,0.001,1.225,288.15,340.35,0.1591,63933.9,13933.86,3.774,222000,222000.0,-0.0,-0.0,-32905.5,-6790.0,0.0,6581.1,208.9,-17828.6,-594285.7,197381.4,-0.0,1,0
28.6167,880.094,594.1,480.094,0.0,54.454,-0.0,54.454,3.086,0.0,0,0.0,-0.0,0.15,0.001,1.225,288.15,340.35,0.16,63933.5,13933.48,3.774,222000,222000.0,-0.0,-0.0,-33282.1,-6867.7,0.0,6656.4,211.3,-17817.2,-593905.4,197315.1,0.0,1,0
28.7167,885.558,594.1,485.558,0.0,54.762,-0.0,54.762,3.085,0.0,0,0.0,-0.0,0.15,0.001,1.225,288.15,340.35,0.1609,63933.1,13933.11,3.774,222000,222000.0,-0.0,-0.0,-33660.7,-6945.9,0.0,6732.1,213.7,-17805.7,-593523.0,197248.4,0.0,1,0
28.8167,891.052,594.1,491.052,0.0,55.071,-0.0,55.071,3.084,0.0,0,0.0,-0.0,0.15,0.001,1.225,288.15,340.35,0.1618,63932.7,13932.73,3.774,222000,222000.0,-0.0,-0.0,-34041.4,-7024.4,0.0,6808.3,216.1,-17794.2,-593138.7,197181.4,0.0,1,0
28.9167,896.577,594.1,496.577,0.0,55.379,-0.0,55.379,3.083,-0.0,0,0.0,-0.0,0.15,0.001,1.225,288.15,340.35,0.1627,63932.4,13932.35,3.774,222000,222000.0,-0.0,-0.0,-34424.1,-7103.4,0.0,6884.8,218.6,-17782.6,-592752.3,197114.1,-0.0,1,0
29.0167,902.133,594.1,502.133,0.0,55.687,-0.0,55.687,3.082,0.0,0,0.0,-0.0,0.15,0.001,1.225,288.15,340.35,0.1636,63932.0,13931.97,3.774,222000,222000.0,-0.0,-0.0,-34808.7,-7182.8,0.0,6961.7,221.0,-17770.9,-592363.9,197046.3,0.0,1,0
29.1167,907.72,594.1,507.72,0.0,55.995,-0.0,55.995,3.081,0.0,0,0.0,-0.0,0.15,0.001,1.225,288.15,340.35,0.1645,63931.6,13931.6,3.774,222000,222000.0,-0.0,-0.0,-35195.4,-7262.5,0.0,7039.1,223.5,-17759.2,-591973.5,196978.2,0.0,1,0
29.2167,913.337,594.1,513.337,0.0,56.303,-0.0,56.303,3.08,0.0,0,0.0,-0.0,0.15,0.001,1.225,288.15,340.35,0.1654,63931.2,13931.22,3.774,222000,222000.0,-0.0,-0.0,-35584.1,-7342.8,0.0,7116.8,225.9,-17747.4,-591581.2,196909.8,0.0,1,0
29.3167,918.985,594.1,518.985,0.0,56.611,-0.0,56.611,3.079,0.0,0,0.0,-0.0,0.15,0.001,1.225,288.15,340.35,0.1663,63930.8,13930.84,3.774,222000,222000.0,-0.0,-0.0,-35974.8,-7423.4,0.0,7195.0,228.4,-17735.6,-591186.8,196841.0,0.0,1,0
29.4167,924.665,594.1,524.665,0.0,56.919,-0.0,56.919,3.078,-0.0,0,0.0,-0.0,0.15,0.001,1.225,288.15,340.35,0.1672,63930.5,13930.46,3.774,222000,222000.0,-0.0,-0.0,-36367.5,-7504.4,0.0,7273.5,230.9,-17723.7,-590790.4,196771.9,-0.0,1,0
29.5167,930.374,594.1,530.374,0.0,57.227,-0.0,57.227,3.077,0.0,0,0.0,-0.0,0.15,0.001,1.225,288.15,340.35,0.1681,63930.1,13930.09,3.774,222000,222000.0,-0.0,-0.0,-36762.1,-7585.8,0.0,7352.4,233.4,-17711.8,-590392.0,196702.4,0.0,1,0
29.6167,936.115,594.1,536.115,0.0,57.535,-0.0,57.535,3.076,-0.0,0,0.0,-0.0,0.15,0.001,1.225,288.15,340.35,0.169,63929.7,13929.71,3.774,222000,222000.0,-0.0,-0.0,-37158.8,-7667.7,0.0,7431.8,235.9,-17699.7,-589991.6,196632.6,-0.0,1,0
29.7167,941.886,594.1,541.886,0.0,57.842,-0.0,57.842,3.075,0.0,0,0.0,-0.0,0.15,0.001,1.225,288.15,340.35,0.1699,63929.3,13929.33,3.774,222000,222000.0,-0.0,-0.0,-37557.5,-7750.0,0.0,7511.5,238.5,-17687.7,-589589.3,196562.4,0.0,1,0
29.8167,947.689,594.1,547.689,0.0,58.149,-0.0,58.149,3.074,-0.0,0,0.0,-0.0,0.15,0.001,1.225,288.15,340.35,0.1709,63929.0,13928.95,3.774,222000,222000.0,-0.0,-0.0,-37958.1,-7832.6,0.0,7591.6,241.0,-17675.5,-589184.9,196491.8,-0.0,1,0
29.9167,953.522,594.1,553.522,0.0,58.457,-0.0,58.457,3.073,-0.0,0,0.0,-0.0,0.15,0.001,1.225,288.15,340.35,0.1718,63928.6,13928.58,3.774,222000,222000.0,-0.0,-0.0,-38360.7,-7915.7,0.0,7672.1,243.6,-17663.4,-588778.6,196420.9,-0.0,1,0
30.0167,959.385,594.1,559.385,0.0,58.764,-0.0,58.764,3.071,-0.0,0,0.0,-0.0,0.15,0.001,1.225,288.15,340.35,0.1727,63928.2,13928.2,3.774,222000,222000.0,-0.0,-0.0,-38765.3,-7999.2,0.0,7753.1,246.1,-17651.1,-588370.3,196349.7,-0.0,1,0
30.1167,965.279,594.1,565.279,0.0,59.071,-0.0,59.071,3.07,0.0,0,0.0,-0.0,0.15,0.001,1.225,288.15,340.35,0.1736,63927.8,13927.82,3.774,222000,222000.0,-0.0,-0.0,-39171.9,-8083.1,0.0,7834.4,248.7,-17638.8,-587960.0,196278.1,0.0,1,0
30.2167,971.204,594.1,571.204,0.0,59.378,-0.0,59.378,3.069,0.0,0,0.0,-0.0,0.15,0.001,1.225,288.15,340.35,0.1745,63927.4,13927.44,3.774,222000,222000.0,-0.0,-0.0,-39580.5,-8167.4,0.0,7916.1,251.3,-17626.4,-587547.7,196206.2,0.0,1,0
30.3167,977.16,594.1,577.16,0.0,59.685,-0.0,59.685,3.068,-0.0,0,0.0,-0.0,0.15,0.001,1.225,288.15,340.35,0.1754,63927.1,13927.07,3.774,222000,222000.0,-0.0,-0.0,-39991.0,-8252.1,0.0,7998.2,253.9,-17614.0,-587133.5,196133.9,-0.0,1,0
30.4167,983.146,594.1,583.146,0.0,59.992,-0.0,59.992,3.067,0.0,0,0.0,-0.0,0.15,0.001,1.225,288.15,340.35,0.1763,63926.7,13926.69,3.774,222000,222000.0,-0.0,-0.0,-40403.5,-8337.2,0.0,8080.7,256.5,-17601.5,-586717.3,196061.2,0.0,1,0
30.5167,989.164,594.1,589.164,0.0,60.298,-0.0,60.298,3.066,-0.0,0,0.0,-0.0,0.15,0.001,1.225,288.15,340.35,0.1772,63926.3,13926.31,3.774,222000,222000.0,-0.0,-0.0,-40818.0,-8422.8,0.0,8163.6,259.2,-17589.0,-586299.2,195988.3,-0.0,1,0
30.6167,995.211,594.1,595.211,0.0,60.605,-0.0,60.605,3.065,-0.0,0,0.0,-0.0,0.15,0.001,1.225,288.15,340.35,0.1781,63925.9,13925.94,3.774,222000,222000.0,-0.0,-0.0,-41234.4,-8508.7,0.0,8246.9,261.8,-17576.4,-585879.0,195914.9,-0.0,1,0
30.7167,1001.29,594.1,601.29,0.0,60.911,-0.0,60.911,3.064,-0.0,0,0.0,-0.0,0.15,0.001,1.225,288.15,340.35,0.179,63925.6,13925.56,3.774,222000,222000.0,-0.0,-0.0,-41652.8,-8595.0,0.0,8330.6,264.5,-17563.7,-585457.0,195841.3,-0.0,1,0
30.8167,1007.399,594.1,607.399,0.0,61.217,-0.0,61.217,3.062,-0.0,0,0.0,-0.0,0.15,0.001,1.225,288.15,340.35,0.1799,63925.2,13925.18,3.774,222000,222000.0,-0.0,-0.0,-42073.1,-8681.8,0.0,8414.6,267.1,-17551.0,-585032.9,195767.3,-0.0,1,0
30.9167,1013.538,594.1,613.538,0.0,61.524,-0.0,61.524,3.061,-0.0,0,0.0,-0.0,0.15,0.001,1.225,288.15,340.35,0.1808,63924.8,13924.8,3.774,222000,222000.0,-0.0,-0.0,-42495.4,-8768.9,0.0,8499.1,269.8,-17538.2,-584606.9,195692.9,-0.0,1,0
31.0167,1019.708,594.1,619.708,0.0,61.83,-0.0,61.83,3.06,0.0,0,0.0,-0.0,0.15,0.001,1.225,288.15,340.35,0.1817,63924.4,13924.43,3.774,222000,222000.0,-0.0,-0.0,-42919.6,-8856.4,0.0,8583.9,272.5,-17525.4,-584179.0,195618.2,0.0,1,0
31.1167,1025.909,594.1,625.909,0.0,62.136,-0.0,62.136,3.059,-0.0,0,0.0,-0.0,0.15,0.001,1.225,288.15,340.35,0.1826,63924.0,13924.05,3.774,222000,222000.0,-0.0,-0.0,-43345.8,-8944.4,0.0,8669.2,275.2,-17512.5,-583749.1,195543.2,-0.0,1,0
31.2167,1032.141,594.1,632.141,0.0,62.441,-0.0,62.441,3.058,0.0,0,0.0,-0.0,0.15,0.001,1.225,288.15,340.35,0.1835,63923.7,13923.67,3.774,222000,222000.0,-0.0,-0.0,-43773.9,-9032.7,0.0,8754.8,277.9,-17499.5,-583317.3,195467.8,0.0,1,0
31.3167,1038.403,594.1,638.403,0.0,62.747,-0.0,62.747,3.057,-0.0,0,0.0,-0.0,0.15,0.001,1.225,288.15,340.35,0.1844,63923.3,13923.29,3.774,222000,222000.0,-0.0,-0.0,-44204.0,-9121.5,0.0,8840.8,280.7,-17486.5,-582883.5,195392.0,-0.0,1,0
31.4167,1044.695,594.1,644.695,0.0,63.053,-0.0,63.053,3.055,0.0,0,0.0,-0.0,0.15,0.001,1.225,288.15,340.35,0.1853,63922.9,13922.92,3.774,222000,222000.0,-0.0,-0.0,-44636.0,-9210.6,0.0,8927.2,283.4,-17473.4,-582447.8,195316.0,0.0,1,0
31.5167,1051.018,594.1,651.018,0.0,63.358,-0.0,63.358,3.054,0.0,0,0.0,-0.0,0.15,0.001,1.225,288.15,340.35,0.1862,63922.5,13922.54,3.774,222000,222000.0,-0.0,-0.0,-45069.9,-9300.1,0.0,9014.0,286.2,-17460.3,-582010.2,195239.5,0.0,1,0
31.6167,1057.372,594.1,657.372,0.0,63.664,-0.0,63.664,3.053,0.0,0,0.0,-0.0,0.15,0.001,1.225,288.15,340.35,0.1871,63922.2,13922.16,3.774,222000,222000.0,-0.0,-0.0,-45505.8,-9390.1,0.0,9101.2,288.9,-17447.1,-581570.6,195162.8,0.0,1,0
31.7167,1063.756,594.1,663.756,0.0,63.969,-0.0,63.969,3.052,0.0,0,0.0,-0.0,0.15,0.001,1.225,288.15,340.35,0.188,63921.8,13921.78,3.774,222000,222000.0,-0.0,-0.0,-45943.6,-9480.4,0.0,9188.7,291.7,-17433.9,-581129.1,195085.7,0.0,1,0
31.8167,1070.171,594.1,670.171,0.0,64.274,-0.0,64.274,3.051,-0.0,0,0.0,-0.0,0.15,0.001,1.225,288.15,340.35,0.1888,63921.4,13921.41,3.774,222000,222000.0,-0.0,-0.0,-46383.3,-9571.2,0.0,9276.7,294.5,-17420.6,-580685.7,195008.3,-0.0,1,0
31.9167,1076.616,594.1,676.616,0.0,64.579,-0.0,64.579,3.05,0.0,0,0.0,-0.0,0.15,0.001,1.225,288.15,340.35,0.1897,63921.0,13921.03,3.774,222000,222000.0,-0.0,-0.0,-46824.9,-9662.3,0.0,9365.0,297.3,-17407.2,-580240.3,194930.5,0.0,1,0
32.0167,1083.092,594.1,683.092,0.0,64.884,-0.0,64.884,3.048,0.0,0,0.0,-0.0,0.15,0.001,1.225,288.15,340.35,0.1906,63920.7,13920.65,3.774,222000,222000.0,-0.0,-0.0,-47268.5,-9753.8,0.0,9453.7,300.1,-17393.8,-579793.1,194852.4,0.0,1,0
32.1167,1089.598,594.1,689.598,0.0,65.189,-0.0,65.189,3.047,0.0,0,0.0,-0.0,0.15,0.001,1.225,288.15,340.35,0.1915,63920.3,13920.27,3.774,222000,222000.0,-0.0,-0.0,-47714.0,-9845.7,0.0,9542.8,302.9,-17380.3,-579343.9,194773.9,0.0,1,0
32.2167,1096.134,594.1,696.134,0.0,65.493,-0.0,65.493,3.046,-0.0,0,0.0,-0.0,0.15,0.001,1.225,288.15,340.35,0.1924,63919.9,13919.9,3.774,222000,222000.0,-0.0,-0.0,-48161.4,-9938.1,0.0,9632.3,305.8,-17366.8,-578892.8,194695.2,-0.0,1,0
32.3167,1102.701,594.1,702.701,0.0,65.798,-0.0,65.798,3.045,-0.0,0,0.0,-0.0,0.15,0.001,1.225,288.15,340.35,0.1933,63919.5,13919.52,3.774,222000,222000.0,-0.0,-0.0,-48610.6,-10030.8,0.0,9722.1,308.6,-17353.2,-578439.8,194616.0,-0.0,1,0
32.4167,1109.299,594.1,709.299,0.0,66.102,-0.0,66.102,3.043,-0.0,0,0.0,-0.0,0.15,0.001,1.225,288.15,340.35,0.1942,63919.1,13919.14,3.774,222000,222000.0,-0.0,-0.0,-49061.8,-10123.9,0.0,9812.4,311.5,-17339.5,-577985.0,194536.6,-0.0,1,0
32.5167,1115.927,594.1,715.927,0.0,66.406,-0.0,66.406,3.042,-0.0,0,0.0,-0.0,0.15,0.001,1.225,288.15,340.35,0.1951,63918.8,13918.76,3.774,222000,222000.0,-0.0,-0.0,-49514.9,-10217.4,0.0,9903.0,314.4,-17325.8,-577528.2,194456.8,-0.0,1,0
32.6167,1122.585,594.1,722.585,0.0,66.711,-0.0,66.711,3.041,0.0,0,0.0,-0.0,0.15,0.001,1.225,288.15,340.35,0.196,63918.4,13918.39,3.774,222000,222000.0,-0.0,-0.0,-49969.9,-10311.3,0.0,9994.0,317.3,-17312.1,-577069.5,194376.7,0.0,1,0
32.7167,1129.274,594.1,729.274,0.0,67.015,-0.0,67.015,3.04,0.0,0,0.0,-0.0,0.15,0.001,1.225,288.15,340.35,0.1969,63918.0,13918.01,3.774,222000,222000.0,-0.0,-0.0,-50426.8,-10405.5,0.0,10085.4,320.2,-17298.3,-576608.9,194296.2,0.0,1,0
32.8167,1135.993,594.1,735.993,0.0,67.319,-0.0,67.319,3.039,-0.0,0,0.0,-0.0,0.15,0.001,1.225,288.15,340.35,0.1978,63917.6,13917.63,3.774,222000,222000.0,-0.0,-0.0,-50885.6,-10500.2,0.0,10177.1,323.1,-17284.4,-576146.4,194215.4,-0.0,1,0
32.9167,1142.743,594.1,742.743,0.0,67.622,-0.0,67.622,3.037,-0.0,0,0.0,-0.0,0.15,0.001,1.225,288.15,340.35,0.1987,63917.3,13917.26,3.774,222000,222000.0,-0.0,-0.0,-51346.2,-10595.3,0.0,10269.2,326.0,-17270.5,-575682.0,194134.3,-0.0,1,0
33.0167,1149.523,594.1,749.523,0.0,67.926,-0.0,67.926,3.036,-0.0,0,0.0,-0.0,0.15,0.001,1.225,288.15,340.35,0.1996,63916.9,13916.88,3.774,222000,222000.0,-0.0,-0.0,-51808.8,-10690.7,0.0,10361.8,328.9,-17256.5,-575215.8,194052.8,-0.0,1,0
33.1167,1156.333,594.1,756.333,0.0,68.23,-0.0,68.23,3.035,-0.0,0,0.0,-0.0,0.15,0.001,1.225,288.15,340.35,0.2005,63916.5,13916.5,3.774,222000,222000.0,-0.0,-0.0,-52273.2,-10786.5,0.0,10454.6,331.9,-17242.4,-574747.6,193971.0,-0.0,1,0
33.2167,1163.174,594.1,763.174,0.0,68.533,-0.0,68.533,3.033,0.0,0,0.0,-0.0,0.15,0.001,1.225,288.15,340.35,0.2014,63916.1,13916.12,3.774,222000,222000.0,-0.0,-0.0,-52739.5,-10882.8,0.0,10547.9,334.9,-17228.3,-574277.6,193888.9,0.0,1,0
33.3167,1170.045,594.1,770.045,0.0,68.836,-0.0,68.836,3.032,0.0,0,0.0,-0.0,0.15,0.001,1.225,288.15,340.35,0.2023,63915.7,13915.75,3.774,222000,222000.0,-0.0,-0.0,-53207.7,-10979.4,0.0,10641.5,337.8,-17214.2,-573805.7,193806.5,0.0,1,0
33.4167,1176.946,594.1,776.946,0.0,69.139,-0.0,69.139,3.031,0.0,0,0.0,-0.0,0.15,0.001,1.225,288.15,340.35,0.2031,63915.4,13915.37,3.774,222000,222000.0,-0.0,-0.0,-53677.8,-11076.4,0.0,10735.6,340.8,-17200.0,-573332.0,193723.7,0.0,1,0
33.5167,1183.878,594.1,783.878,0.0,69.442,-0.0,69.442,3.03,0.0,0,0.0,-0.0,0.15,0.001,1.225,288.15,340.35,0.204,63915.0,13914.99,3.774,222000,222000.0,-0.0,-0.0,-54149.7,-11173.7,0.0,10829.9,343.8,-17185.7,-572856.4,193640.6,0.0,1,0
33.6167,1190.84,594.1,790.84,0.0,69.745,-0.0,69.745,3.028,-0.0,0,0.0,-0.0,0.15,0.001,1.225,288.15,340.35,0.2049,63914.6,13914.61,3.774,222000,222000.0,-0.0,-0.0,-54623.5,-11271.5,0.0,10924.7,346.8,-17171.4,-572378.9,193557.1,-0.0,1,0
33.7167,1197.832,594.1,797.832,0.0,70.048,-0.0,70.048,3.027,0.0,0,0.0,-0.0,0.15,0.001,1.225,288.15,340.35,0.2058,63914.2,13914.24,3.774,222000,222000.0,-0.0,-0.0,-55099.1,-11369.7,0.0,11019.8,349.8,-17157.0,-571899.5,193473.4,0.0,1,0
33.8167,1204.854,594.1,804.854,0.0,70.351,-0.0,70.351,3.026,0.0,0,0.0,-0.0,0.15,0.001,1.225,288.15,340.35,0.2067,63913.9,13913.86,3.774,222000,222000.0,-0.0,-0.0,-55576.6,-11468.2,0.0,11115.3,352.9,-17142.5,-571418.3,193389.3,0.0,1,0
33.9167,1211.907,594.1,811.907,0.0,70.653,-0.0,70.653,3.024,0.0,0,0.0,-0.0,0.15,0.001,1.225,288.15,340.35,0.2076,63913.5,13913.48,3.774,222000,222000.0,-0.0,-0.0,-56056.0,-11567.1,0.0,11211.2,355.9,-17128.1,-570935.3,193304.8,0.0,1,0
34.0167,1218.99,594.1,818.99,0.0,70.956,-0.0,70.956,3.023,0.0,0,0.0,-0.0,0.15,0.001,1.225,288.15,340.35,0.2085,63913.1,13913.1,3.774,222000,222000.0,-0.0,-0.0,-56537.2,-11666.4,0.0,11307.4,359.0,-17113.5,-570450.4,193220.1,0.0,1,0
34.1167,1226.103,594.1,826.103,0.0,71.258,-0.0,71.258,3.022,0.0,0,0.0,-0.0,0.15,0.001,1.225,288.15,340.35,0.2094,63912.7,13912.73,3.774,222000,222000.0,-0.0,-0.0,-57020.2,-11766.1,0.0,11404.0,362.0,-17098.9,-569963.6,193135.0,0.0,1,0
34.2167,1233.247,594.1,833.247,0.0,71.56,-0.0,71.56,3.021,0.0,0,0.0,-0.0,0.15,0.001,1.225,288.15,340.35,0.2103,63912.3,13912.35,3.774,222000,222000.0,-0.0,-0.0,-57505.1,-11866.1,0.0,11501.0,365.1,-17084.3,-569475.0,193049.6,0.0,1,0
34.3167,1240.42,594.1,840.42,0.0,71.862,-0.0,71.862,3.019,-0.0,0,0.0,-0.0,0.15,0.001,1.225,288.15,340.35,0.2111,63912.0,13911.97,3.774,222000,222000.0,-0.0,-0.0,-57991.9,-11966.6,0.0,11598.4,368.2,-17069.5,-568984.6,192963.9,-0.0,1,0
34.4167,1247.624,594.1,847.624,0.0,72.164,-0.0,72.164,3.018,-0.0,0,0.0,-0.0,0.15,0.001,1.225,288.15,340.35,0.212,63911.6,13911.59,3.774,222000,222000.0,-0.0,-0.0,-58480.4,-12067.4,0.0,11696.1,371.3,-17054.8,-568492.3,192877.8,-0.0,1,0
34.5167,1254.858,594.1,854.858,0.0,72.465,-0.0,72.465,3.017,0.0,0,0.0,-0.0,0.15,0.001,1.225,288.15,340.35,0.2129,63911.2,13911.22,3.774,222000,222000.0,-0.0,-0.0,-58970.8,-12168.6,0.0,11794.2,374.4,-17039.9,-567998.2,192791.5,0.0,1,0
34.6167,1262.122,594.1,862.122,0.0,72.767,-0.0,72.767,3.015,0.0,0,0.0,-0.0,0.15,0.001,1.225,288.15,340.35,0.2138,63910.8,13910.84,3.774,222000,222000.0,-0.0,-0.0,-59463.1,-12270.2,0.0,11892.6,377.5,-17025.1,-567502.3,192704.8,0.0,1,0
34.7167,1269.416,594.1,869.416,0.0,73.068,-0.0,73.068,3.014,0.0,0,0.0,-0.0,0.15,0.001,1.225,288.15,340.35,0.2147,63910.5,13910.46,3.774,222000,222000.0,-0.0,-0.0,-59957.1,-12372.1,0.0,11991.4,380.7,-17010.1,-567004.5,192617.8,0.0,1,0
34.8167,1276.741,594.1,876.741,0.0,73.37,-0.0,73.37,3.013,-0.0,0,0.0,-0.0,0.15,0.001,1.225,288.15,340.35,0.2156,63910.1,13910.08,3.774,222000,222000.0,-0.0,-0.0,-60453.0,-12474.4,0.0,12090.6,383.8,-16995.1,-566504.9,192530.4,-0.0,1,0
34.9167,1284.095,594.1,884.095,0.0,73.671,-0.0,73.671,3.011,0.0,0,0.0,-0.0,0.15,0.001,1.225,288.15,340.35,0.2165,63909.7,13909.71,3.774,222000,222000.0,-0.0,-0.0,-60950.7,-12577.1,0.0,12190.1,387.0,-16980.1,-566003.5,192442.8,0.0,1,0
35.0167,1291.48,594.1,891.48,0.0,73.972,-0.0,73.972,3.01,-0.0,0,0.0,-0.0,0.15,0.001,1.225,288.15,340.35,0.2173,63909.3,13909.33,3.774,222000,222000.0,-0.0,-0.0,-61450.2,-12680.2,0.0,12290.0,390.2,-16965.0,-565500.3,192354.8,-0.0,1,0
35.1167,1298.895,594.1,898.895,0.0,74.273,-0.0,74.273,3.008,0.0,0,0.0,-0.0,0.15,0.001,1.225,288.15,340.35,0.2182,63909.0,13908.95,3.774,222000,222000.0,-0.0,-0.0,-61951.6,-12783.7,0.0,12390.3,393.3,-16949.9,-564995.3,192266.5,0.0,1,0
35.2167,1306.34,594.1,906.34,0.0,74.574,-0.0,74.574,3.007,0.0,0,0.0,-0.0,0.15,0.001,1.225,288.15,340.35,0.2191,63908.6,13908.57,3.774,222000,222000.0,-0.0,-0.0,-62454.7,-12887.5,0.0,12490.9,396.5,-16934.7,-564488.4,192177.9,0.0,1,0
35.3167,1313.814,594.1,913.814,0.0,74.874,-0.0,74.874,3.006,-0.0,0,0.0,-0.0,0.15,0.001,1.225,288.15,340.35,0.22,63908.2,13908.2,3.774,222000,222000.0,-0.0,-0.0,-62959.6,-12991.7,0.0,12591.9,399.7,-16919.4,-563979.8,192088.9,-0.0,1,0
35.4167,1321.319,594.1,921.319,0.0,75.175,-0.0,75.175,3.004,0.0,0,0.0,-0.0,0.15,0.001,1.225,288.15,340.35,0.2209,63907.8,13907.82,3.774,222000,222000.0,-0.0,-0.0,-63466.4,-13096.2,0.0,12693.3,403.0,-16904.1,-563469.3,191999.7,0.0,1,0
35.5167,1328.854,594.1,928.854,0.0,75.475,-0.0,75.475,3.003,0.0,0,0.0,-0.0,0.15,0.001,1.225,288.15,340.35,0.2218,63907.4,13907.44,3.774,222000,222000.0,-0.0,-0.0,-63974.9,-13201.2,0.0,12795.0,406.2,-16888.7,-562957.1,191910.1,0.0,1,0
35.6167,1336.419,594.1,936.419,0.0,75.775,-0.0,75.775,3.002,-0.0,0,0.0,-0.0,0.15,0.001,1.225,288.15,340.35,0.2226,63907.1,13907.07,3.774,222000,222000.0,-0.0,-0.0,-64485.2,-13306.5,0.0,12897.0,409.4,-16873.3,-562443.1,191820.2,-0.0,1,0
35.7167,1344.014,594.1,944.014,0.0,76.075,-0.0,76.075,3.0,0.0,0,0.0,-0.0,0.15,0.001,1.225,288.15,340.35,0.2235,63906.7,13906.69,3.774,222000,222000.0,-0.0,-0.0,-64997.4,-13412.2,0.0,12999.5,412.7,-16857.8,-561927.2,191730.0,0.0,1,0
35.8167,1351.639,594.1,951.639,0.0,76.375,-0.0,76.375,2.999,0.0,0,0.0,-0.0,0.15,0.001,1.225,288.15,340.35,0.2244,63906.3,13906.31,3.774,222000,222000.0,-0.0,-0.0,-65511.3,-13518.2,0.0,13102.3,415.9,-16842.3,-561409.6,191639.5,0.0,1,0
35.9167,1359.294,594.1,959.294,0.0,76.675,-0.0,76.675,2.997,0.0,0,0.0,-0.0,0.15,0.001,1.225,288.15,340.35,0.2253,63905.9,13905.93,3.774,222000,222000.0,-0.0,-0.0,-66027.0,-13624.6,0.0,13205.4,419.2,-16826.7,-560890.2,191548.7,0.0,1,0
36.0167,1366.979,594.1,966.979,0.0,76.975,-0.0,76.975,2.996,0.0,0,0.0,-0.0,0.15,0.001,1.225,288.15,340.35,0.2262,63905.6,13905.56,3.774,222000,222000.0,-0.0,-0.0,-66544.4,-13731.4,0.0,13308.9,422.5,-16811.1,-560369.1,191457.5,0.0,1,0
36.1167,1374.694,594.1,974.694,0.0,77.274,-0.0,77.274,2.995,-0.0,0,0.0,-0.0,0.15,0.001,1.225,288.15,340.35,0.227,63905.2,13905.18,3.774,222000,222000.0,-0.0,-0.0,-67063.7,-13838.5,0.0,13412.7,425.8,-16795.4,-559846.1,191366.1,-0.0,1,0
36.2167,1382.439,594.1,982.439,0.0,77.574,-0.0,77.574,2.993,-0.0,0,0.0,-0.0,0.15,0.001,1.225,288.15,340.35,0.2279,63904.8,13904.8,3.774,222000,222000.0,-0.0,-0.0,-67584.7,-13946.0,0.0,13516.9,429.1,-16779.6,-559321.4,191274.3,-0.0,1,0
36.3167,1390.214,594.1,990.214,0.0,77.873,-0.0,77.873,2.992,-0.0,0,0.0,-0.0,0.15,0.001,1.225,288.15,340.35,0.2288,63904.4,13904.42,3.774,222000,222000.0,-0.0,-0.0,-68107.5,-14053.9,0.0,13621.5,432.4,-16763.8,-558794.9,191182.2,-0.0,1,0
36.4167,1398.019,594.1,998.019,0.0,78.172,-0.0,78.172,2.99,0.0,0,0.0,-0.0,0.15,0.001,1.225,288.15,340.35,0.2297,63904.0,13904.05,3.774,222000,222000.0,-0.0,-0.0,-68632.0,-14162.2,0.0,13726.4,435.8,-16748.0,-558266.7,191089.8,0.0,1,0
36.5167,1405.854,594.1,1005.854,0.0,78.471,-0.0,78.471,2.989,-0.0,0,0.0,-0.0,0.15,0.001,1.225,288.15,340.35,0.2306,63903.7,13903.67,3.774,222000,222000.0,-0.0,-0.0,-69158.3,-14270.8,0.0,13831.7,439.1,-16732.1,-557736.7,190997.1,-0.0,1,0
36.6167,1413.718,594.1,1013.718,0.0,78.77,-0.0,78.77,2.987,-0.0,0,0.0,-0.0,0.15,0.001,1.225,288.15,340.35,0.2314,63903.3,13903.29,3.774,222000,222000.0,-0.0,-0.0,-69686.4,-14379.7,0.0,13937.3,442.5,-16716.1,-557204.9,190904.1,-0.0,1,0
36.7167,1421.612,594.1,1021.612,0.0,79.068,-0.0,79.068,2.986,0.0,0,0.0,-0.0,0.15,0.001,1.225,288.15,340.35,0.2323,63902.9,13902.91,3.774,222000,222000.0,-0.0,-0.0,-70216.2,-14489.1,0.0,14043.2,445.8,-16700.1,-556671.4,190810.8,0.0,1,0
36.8167,1429.537,594.1,1029.537,0.0,79.367,-0.0,79.367,2.985,-0.0,0,0.0,-0.0,0.15,0.001,1.225,288.15,340.35,0.2332,63902.5,13902.54,3.774,222000,222000.0,-0.0,-0.0,-70747.7,-14598.7,0.0,14149.5,449.2,-16684.1,-556136.2,190717.2,-0.0,1,0
36.9167,1437.491,594.1,1037.491,0.0,79.665,-0.0,79.665,2.983,0.0,0,0.0,-0.0,0.15,0.001,1.225,288.15,340.35,0.2341,63902.2,13902.16,3.774,222000,222000.0,-0.0,-0.0,-71281.0,-14708.8,0.0,14256.2,452.6,-16668.0,-555599.1,190623.2,0.0,1,0
37.0167,1445.475,594.1,1045.475,0.0,79.963,-0.0,79.963,2.982,-0.0,0,0.0,-0.0,0.15,0.001,1.225,288.15,340.35,0.2349,63901.8,13901.78,3.774,222000,222000.0,-0.0,-0.0,-71816.1,-14819.2,0.0,14363.2,456.0,-16651.8,-555060.4,190529.0,-0.0,1,0
37.1167,1453.488,594.1,1053.488,0.0,80.262,-0.0,80.262,2.98,-0.0,0,0.0,-0.0,0.15,0.001,1.225,288.15,340.35,0.2358,63901.4,13901.4,3.774,222000,222000.0,-0.0,-0.0,-72352.9,-14930.0,0.0,14470.6,459.4,-16635.6,-554519.9,190434.4,-0.0,1,0
37.2167,1461.532,594.1,1061.532,0.0,80.559,-0.0,80.559,2.979,0.0,0,0.0,-0.0,0.15,0.001,1.225,288.15,340.35,0.2367,63901.0,13901.03,3.774,222000,222000.0,-0.0,-0.0,-72891.4,-15041.1,0.0,14578.3,462.8,-16619.3,-553977.7,190339.6,0.0,1,0
37.3167,1469.605,594.1,1069.605,0.0,80.857,-0.0,80.857,2.977,0.0,0,0.0,-0.0,0.15,0.001,1.225,288.15,340.35,0.2376,63900.6,13900.65,3.774,222000,222000.0,-0.0,-0.0,-73431.6,-15152.6,0.0,14686.3,466.2,-16603.0,-553433.7,190244.4,0.0,1,0
37.4167,1477.708,594.1,1077.708,0.0,81.156,-0.0,81.156,2.98,0.0,4,0.0,4.0,0.51,0.011,1.225,288.15,340.35,0.2384,63900.3,13900.27,3.774,222000,221459.2,-15485.9,-0.0,-251514.2,-20224.5,0.0,14795.0,5429.6,-10795.8,-359861.5,190438.9,0.0,1,0
37.5167,1485.841,594.1,1085.841,0.0,81.445,-0.0,81.445,2.841,0.0,9,0.0,9.0,0.96,0.039,1.225,288.15,340.35,0.2393,63899.9,13899.89,3.774,222000,219266.8,-34728.5,-0.0,-476855.3,-34278.9,0.0,14901.7,19377.2,-3458.2,-115274.2,181529.7,0.0,1,0
37.6167,1494.002,594.1,1094.002,0.0,81.729,-0.0,81.729,2.839,0.0,9,0.0,9.0,0.96,0.039,1.225,288.15,340.35,0.2401,63899.5,13899.52,3.774,222000,219266.8,-34728.5,-0.0,-480188.5,-34518.5,0.0,15005.9,19512.6,-3358.1,-111937.3,181390.2,0.0,1,0
37.7167,1502.192,594.1,1102.192,0.0,82.013,-0.0,82.013,2.837,0.0,9,0.0,9.0,0.96,0.039,1.225,288.15,340.35,0.241,63899.1,13899.14,3.774,222000,219266.8,-34728.5,-0.0,-483530.8,-34758.8,0.0,15110.3,19648.4,-3257.7,-108591.3,181250.3,0.0,1,0
37.8167,1510.409,594.1,1110.409,0.0,82.297,-0.0,82.297,2.834,0.0,9,0.0,9.0,0.96,0.039,1.225,288.15,340.35,0.2418,63898.8,13898.76,3.774,222000,219266.8,-34728.5,-0.0,-486882.2,-34999.7,0.0,15215.1,19784.6,-3157.1,-105236.2,181110.1,0.0,1,0
37.9167,1518.655,594.099,1118.655,0.001,82.57,-0.037,82.57,2.555,-1.513,13,0.01,12.99,1.3192,0.0737,1.225,288.15,340.35,0.2426,63898.4,13898.39,3.774,222000,216310.2,-49939.1,-99.4,-673603.9,-52933.0,7.8,15318.0,37614.9,0.0,0.0,163277.8,-96692.1,0,0
38.0167,1526.927,594.087,1126.927,0.013,82.824,-0.158,82.824,2.58,-0.674,18,0.1,17.9,1.1706,0.058,1.225,288.15,340.35,0.2434,63898.0,13898.01,3.774,222000,211134.5,-68601.8,-1067.5,-601379.1,-45209.8,80.2,15412.6,29797.3,0.0,0.0,164857.3,-43061.1,0,1
38.1167,1535.224,594.067,1135.224,0.033,83.082,-0.23,83.082,2.566,-0.752,18,0.15,17.85,1.173,0.0582,1.225,288.15,340.35,0.2441,63897.6,13897.63,3.774,222000,211134.5,-68601.8,-1588.6,-606376.0,-45615.5,119.5,15508.6,30107.1,0.0,0.0,163930.4,-48022.5,0,1
38.2167,1543.548,594.039,1143.548,0.061,83.337,-0.31,83.338,2.55,-0.831,18,0.2,17.8,1.1757,0.0585,1.225,288.15,340.35,0.2449,63897.3,13897.25,3.774,222000,211134.5,-68601.8,-2173.2,-611511.0,-46035.4,163.6,15604.4,30431.4,0.0,0.0,162925.9,-53117.2,0,1
38.3167,1551.896,594.003,1151.896,0.097,83.591,-0.398,83.592,2.533,-0.913,18,0.26,17.74,1.1786,0.0588,1.225,288.15,340.35,0.2456,63896.9,13896.88,3.774,222000,211134.5,-68601.8,-2824.0,-616787.3,-46470.1,212.8,15699.9,30770.7,0.0,0.0,161840.5,-58347.9,0,1
38.4167,1560.27,593.958,1160.27,0.142,83.843,-0.494,83.845,2.515,-0.997,18,0.33,17.67,1.1818,0.0591,1.225,288.15,340.35,0.2464,63896.5,13896.5,3.774,222000,211134.5,-68601.8,-3544.1,-622207.8,-46919.9,267.3,15795.0,31125.6,0.0,0.0,160670.6,-63717.7,0,1
38.5167,1568.669,593.903,1168.669,0.197,84.094,-0.599,84.096,2.495,-1.083,18,0.4,17.6,1.1853,0.0595,1.225,288.15,340.35,0.2471,63896.1,13896.12,3.774,222000,211134.5,-68601.8,-4336.7,-627775.8,-47385.3,327.3,15889.8,31496.6,0.0,0.0,159412.6,-69229.3,0,1
38.6167,1577.093,593.836,1177.093,0.264,84.342,-0.712,84.345,2.474,-1.172,18,0.47,17.53,1.189,0.0598,1.225,288.15,340.35,0.2478,63895.7,13895.74,3.774,222000,211134.5,-68601.8,-5205.0,-633494.4,-47866.9,393.3,15984.2,31884.4,0.0,0.0,158062.6,-74885.6,0,1
38.7167,1585.541,593.758,1185.541,0.342,84.588,-0.835,84.592,2.451,-1.263,18,0.55,17.45,1.193,0.0602,1.225,288.15,340.35,0.2485,63895.4,13895.37,3.774,222000,211134.5,-68601.8,-6152.7,-639366.7,-48365.2,465.4,16078.1,32289.4,0.0,0.0,156616.6,-80689.5,0,1
38.8167,1594.014,593.667,1194.014,0.433,84.832,-0.966,84.837,2.427,-1.356,18,0.64,17.36,1.1974,0.0607,1.225,288.15,340.35,0.2493,63895.0,13894.99,3.774,222000,211134.5,-68601.8,-7183.5,-645395.9,-48880.7,544.1,16171.4,32712.4,0.0,0.0,155070.3,-86643.8,0,1
38.9167,1602.512,593.562,1202.512,0.538,85.073,-1.108,85.08,2.401,-1.452,18,0.73,17.27,1.202,0.0612,1.2249,288.15,340.35,0.25,63894.6,13894.61,3.774,222000,211134.5,-68601.8,-8301.2,-651585.1,-49414.0,629.5,16264.2,33153.9,0.0,0.0,153419.3,-92751.2,0,1
39.0167,1611.033,593.443,1211.033,0.657,85.311,-1.258,85.321,2.374,-1.55,18,0.83,17.17,1.2069,0.0617,1.2249,288.15,340.35,0.2507,63894.2,13894.23,3.774,222000,211134.5,-68601.8,-9510.1,-657937.5,-49965.7,722.2,16356.3,33614.6,0.0,0.0,151658.7,-99014.6,0,1
39.1167,1619.578,593.308,1219.578,0.792,85.547,-1.419,85.559,2.344,-1.65,18,0.93,17.07,1.2121,0.0622,1.2249,288.15,340.35,0.2514,63893.9,13893.86,3.774,222000,211134.5,-68601.8,-10814.4,-664456.1,-50536.4,822.5,16447.7,34095.4,0.0,0.0,149783.8,-105436.7,0,1
39.2167,1628.146,593.156,1228.146,0.944,85.78,-1.59,85.795,2.313,-1.753,18,1.04,16.96,1.2176,0.0628,1.2249,288.14,340.34,0.2521,63893.5,13893.48,3.774,222000,211134.5,-68601.8,-12218.7,-671144.0,-51126.7,930.8,16538.4,34596.7,0.0,0.0,147789.2,-112020.0,0,1
39.3167,1636.737,592.986,1236.737,1.114,86.009,-1.772,86.027,2.28,-1.859,18,1.16,16.84,1.2235,0.0634,1.2249,288.14,340.34,0.2528,63893.1,13893.1,3.774,222000,211134.5,-68601.8,-13727.7,-678004.2,-51737.2,1047.5,16628.3,35119.6,0.0,0.0,145669.6,-118767.1,0,1
39.4167,1645.352,592.798,1245.352,1.302,86.235,-1.964,86.257,2.245,-1.967,18,1.28,16.72,1.2296,0.064,1.2249,288.14,340.34,0.2534,63892.7,13892.72,3.774,222000,211134.5,-68601.8,-15346.7,-685039.6,-52368.7,1173.2,16717.3,35664.6,0.0,0.0,143419.1,-125680.5,0,1
39.5167,1653.988,592.59,1253.988,1.51,86.457,-2.167,86.485,2.207,-2.078,18,1.41,16.59,1.2362,0.0647,1.2248,288.14,340.34,0.2541,63892.3,13892.35,3.774,222000,211134.5,-68601.8,-17080.8,-692253.0,-53021.9,1308.3,16805.3,36232.7,0.0,0.0,141031.9,-132762.6,0,1
39.6167,1662.647,592.361,1262.647,1.739,86.676,-2.381,86.709,2.168,-2.191,18,1.55,16.45,1.243,0.0654,1.2248,288.14,340.34,0.2548,63892.0,13891.97,3.774,222000,211134.5,-68601.8,-18935.6,-699647.3,-53697.4,1453.3,16892.3,36824.8,0.0,0.0,138501.5,-140015.6,0,1
39.7167,1671.327,592.109,1271.327,1.991,86.89,-2.607,86.929,2.126,-2.308,18,1.69,16.31,1.2502,0.0662,1.2248,288.14,340.34,0.2554,63891.6,13891.59,3.774,222000,211134.5,-68601.8,-20916.9,-707225.1,-54396.1,1608.8,16978.3,37441.6,0.0,0.0,135821.5,-147441.5,0,1
39.8167,1680.028,591.835,1280.028,2.265,87.1,-2.845,87.147,2.081,-2.427,18,1.84,16.16,1.2577,0.067,1.2247,288.14,340.34,0.2561,63891.2,13891.21,3.774,222000,211134.5,-68601.8,-23031.0,-714988.9,-55118.6,1775.5,17063.1,38084.1,0.0,0.0,132984.9,-155042.4,0,1
39.9167,1688.75,591.536,1288.75,2.564,87.306,-3.095,87.36,2.034,-2.548,18,2.0,16.0,1.2656,0.0678,1.2247,288.13,340.34,0.2567,63890.8,13890.84,3.774,222000,211134.5,-68601.8,-25284.2,-722941.2,-55865.9,1953.9,17146.8,38753.3,0.0,0.0,129984.5,-162820.0,0,1
40.0167,1697.492,591.211,1297.492,2.889,87.506,-3.357,87.571,1.985,-2.673,18,2.17,15.83,1.2739,0.0687,1.2247,288.13,340.34,0.2573,63890.5,13890.46,3.774,222000,211134.5,-68601.8,-27683.2,-731084.0,-56638.6,2144.7,17229.1,39450.1,0.0,0.0,126812.8,-170775.7,0,1
40.1167,1706.254,590.86,1306.254,3.24,87.702,-3.631,87.777,1.932,-2.8,18,2.34,15.66,1.2826,0.0696,1.2246,288.13,340.34,0.2579,63890.1,13890.08,3.774,222000,211134.5,-68601.8,-30235.1,-739419.5,-57437.7,2348.6,17310.1,40175.6,0.0,0.0,123461.8,-178911.0,0,1
40.2167,1715.036,590.48,1315.036,3.62,87.892,-3.919,87.979,1.877,-2.93,18,2.52,15.48,1.2916,0.0706,1.2246,288.13,340.33,0.2585,63889.7,13889.7,3.774,222000,211134.5,-68601.8,-32947.2,-747949.5,-58264.0,2566.5,17389.6,40930.9,0.0,0.0,119923.4,-187226.8,0,1
40.3167,1723.836,590.071,1323.836,4.029,88.076,-4.22,88.177,1.819,-3.063,18,2.71,15.29,1.301,0.0716,1.2245,288.12,340.33,0.2591,63889.3,13889.33,3.774,222000,211134.5,-68601.8,-35827.4,-756675.6,-59118.3,2799.2,17467.6,41717.0,0.0,0.0,116188.8,-195723.9,0,1
40.4167,1732.654,589.63,1332.654,4.47,88.254,-4.534,88.371,1.757,-3.199,18,2.91,15.09,1.3109,0.0727,1.2245,288.12,340.33,0.2597,63889.0,13888.95,3.774,222000,211134.5,-68601.8,-38883.6,-765599.0,-60001.7,3047.4,17544.0,42535.1,0.0,0.0,112249.3,-204402.8,0,1
40.5167,1741.489,589.158,1341.489,4.942,88.426,-4.862,88.56,1.692,-3.338,18,3.11,14.89,1.3211,0.0739,1.2244,288.12,340.33,0.2602,63888.6,13888.57,3.774,222000,211134.5,-68601.8,-42124.2,-774720.8,-60915.0,3312.2,17618.7,43386.3,0.0,0.0,108095.3,-213263.5,0,1
40.6167,1750.342,588.652,1350.342,5.448,88.591,-5.204,88.744,1.623,-3.48,18,3.33,14.67,1.3318,0.0751,1.2244,288.12,340.33,0.2608,63888.2,13888.2,3.774,222000,211134.5,-68601.8,-45558.0,-784041.6,-61859.2,3594.4,17691.6,44271.9,0.0,0.0,103717.3,-222305.8,0,1
40.7167,1759.21,588.111,1359.21,5.989,88.75,-5.561,88.924,1.551,-3.624,18,3.55,14.45,1.3428,0.0763,1.2243,288.11,340.33,0.2613,63887.8,13887.82,3.774,222000,211134.5,-68601.8,-49194.2,-793561.8,-62835.2,3895.3,17762.7,45193.1,0.0,0.0,99105.1,-231528.8,0,1
40.8167,1768.094,587.533,1368.094,6.567,88.9,-5.931,89.098,1.475,-3.771,18,3.78,14.22,1.3544,0.0776,1.2242,288.11,340.32,0.2618,63887.4,13887.44,3.774,222000,211134.5,-68601.8,-53042.3,-803281.4,-63844.0,4215.7,17831.8,46151.2,0.0,0.0,94248.3,-240931.6,0,1
40.9167,1776.992,586.918,1376.992,7.182,89.043,-6.317,89.267,1.395,-3.921,18,4.02,13.98,1.3663,0.079,1.2242,288.1,340.32,0.2623,63887.1,13887.06,3.774,222000,211134.5,-68601.8,-57112.1,-813199.7,-64886.6,4557.1,17898.9,47147.6,0.0,0.0,89135.9,-250512.3,0,1
41.0167,1785.905,586.263,1385.905,7.837,89.178,-6.718,89.431,1.311,-4.074,18,4.27,13.73,1.3788,0.0805,1.2241,288.1,340.32,0.2628,63886.7,13886.69,3.774,222000,211134.5,-68601.8,-61413.9,-823315.8,-65964.0,4920.5,17963.8,48183.5,0.0,0.0,83756.6,-260268.7,0,1
41.1167,1794.83,585.567,1394.83,8.533,89.306,-7.122,89.59,1.276,-3.967,18,4.52,13.48,1.3633,0.0787,1.224,288.1,340.32,0.2633,63886.3,13886.31,3.774,222000,211134.5,-68601.8,-64539.3,-816674.4,-65099.3,5144.6,18026.9,47275.4,0.0,0.0,81496.0,-253406.9,0,0
41.2167,1803.768,584.832,1403.768,9.268,89.433,-7.509,89.747,1.255,-3.799,18,4.76,13.24,1.3416,0.0762,1.2239,288.09,340.31,0.2637,63885.9,13885.93,3.774,222000,211134.5,-68601.8,-67129.9,-806147.9,-63805.6,5313.3,18089.2,45937.3,0.0,0.0,80199.0,-242715.4,0,0
41.3167,1812.718,584.06,1412.718,10.04,89.557,-7.879,89.903,1.237,-3.64,18,4.99,13.01,1.3208,0.0738,1.2238,288.09,340.31,0.2642,63885.6,13885.55,3.774,222000,211134.5,-68601.8,-69520.4,-796113.2,-62591.9,5465.8,18150.8,44679.3,0.0,0.0,79022.2,-232531.9,0,0
41.4167,1821.681,583.251,1421.681,10.849,89.68,-8.234,90.057,1.22,-3.488,18,5.21,12.79,1.301,0.0717,1.2237,288.08,340.31,0.2646,63885.2,13885.18,3.774,222000,211134.5,-68601.8,-71728.1,-786548.9,-61452.8,5604.1,18211.8,43496.0,0.0,0.0,77953.7,-222833.0,0,0
41.5167,1830.656,582.407,1430.656,11.693,89.801,-8.575,90.209,1.205,-3.343,18,5.42,12.58,1.2822,0.0696,1.2236,288.07,340.3,0.2651,63884.8,13884.8,3.774,222000,211134.5,-68601.8,-73768.7,-777434.3,-60383.2,5729.6,18272.1,42382.4,0.0,0.0,76982.6,-213596.6,0,0
41.6167,1839.643,581.531,1439.643,12.569,89.921,-8.901,90.36,1.191,-3.206,18,5.62,12.38,1.2641,0.0676,1.2235,288.07,340.3,0.2655,63884.4,13884.42,3.774,222000,211134.5,-68601.8,-75656.8,-768749.4,-59378.6,5843.8,18331.8,41333.7,0.0,0.0,76099.1,-204801.3,0,0
41.7167,1848.642,580.622,1448.642,13.478,90.039,-9.214,90.509,1.179,-3.075,18,5.81,12.19,1.2469,0.0658,1.2234,288.06,340.3,0.266,63884.0,13884.04,3.774,222000,211134.5,-68601.8,-77405.6,-760475.2,-58434.7,5947.8,18390.9,40345.7,0.0,0.0,75294.3,-196426.7,0,0
41.8167,1857.653,579.683,1457.653,14.417,90.156,-9.514,90.657,1.167,-2.95,18,5.99,12.01,1.2305,0.0641,1.2233,288.06,340.29,0.2664,63883.7,13883.67,3.774,222000,211134.5,-68601.8,-79027.0,-752593.1,-57547.4,6042.8,18449.4,39414.4,0.0,0.0,74560.2,-188453.3,0,0
41.9167,1866.676,578.715,1466.676,15.385,90.272,-9.802,90.803,1.157,-2.831,18,6.17,11.83,1.2148,0.0625,1.2232,288.05,340.29,0.2668,63883.3,13883.29,3.774,222000,211134.5,-68601.8,-80531.9,-745085.5,-56713.0,6129.8,18507.3,38536.1,0.0,0.0,73889.6,-180862.4,0,0
42.0167,1875.71,577.719,1475.71,16.381,90.387,-10.079,90.948,1.147,-2.718,18,6.34,11.66,1.1998,0.0609,1.2231,288.04,340.29,0.2673,63882.9,13882.91,3.774,222000,211134.5,-68601.8,-81930.4,-737935.3,-55928.2,6209.5,18564.6,37707.2,0.0,0.0,73276.0,-173636.2,0,0
42.1167,1884.755,576.695,1484.755,17.405,90.502,-10.344,91.091,1.138,-2.61,18,6.49,11.51,1.1855,0.0595,1.223,288.04,340.28,0.2677,63882.5,13882.53,3.774,222000,211134.5,-68601.8,-83231.5,-731126.2,-55189.7,6282.8,18621.4,36924.7,0.0,0.0,72713.4,-166757.6,0,0
42.2167,1893.812,575.646,1493.812,18.454,90.615,-10.599,91.233,1.13,-2.508,18,6.65,11.35,1.1718,0.0581,1.2229,288.03,340.28,0.2681,63882.2,13882.16,3.774,222000,211134.5,-68601.8,-84443.5,-724642.6,-54494.5,6350.3,18677.7,36185.5,0.0,0.0,72196.5,-160210.1,0,0
42.3167,1902.88,574.571,1502.88,19.529,90.728,-10.844,91.373,1.123,-2.41,18,6.79,11.21,1.1587,0.0568,1.2227,288.02,340.27,0.2685,63881.8,13881.78,3.774,222000,211134.5,-68601.8,-85574.0,-718469.3,-53839.9,6412.7,18733.5,35486.9,0.0,0.0,71720.6,-153978.2,0,0
42.4167,1911.959,573.473,1511.959,20.627,90.839,-11.08,91.513,1.116,-2.318,18,6.93,11.07,1.1462,0.0556,1.2226,288.02,340.27,0.2689,63881.4,13881.4,3.774,222000,211134.5,-68601.8,-86629.9,-712592.1,-53223.3,6470.4,18788.8,34826.4,0.0,0.0,71281.3,-148046.9,0,0
42.5167,1921.05,572.352,1521.05,21.748,90.951,-11.306,91.651,1.109,-2.229,18,7.06,10.94,1.1342,0.0545,1.2225,288.01,340.27,0.2694,63881.0,13881.02,3.774,222000,211134.5,-68601.8,-87617.5,-706997.1,-52642.3,6523.9,18843.6,34201.4,0.0,0.0,70874.7,-142402.1,0,0
42.6167,1930.151,571.209,1530.151,22.891,91.061,-11.524,91.788,1.104,-2.145,18,7.19,10.81,1.1227,0.0534,1.2223,288.0,340.26,0.2698,63880.6,13880.65,3.774,222000,211134.5,-68601.8,-88542.5,-701671.0,-52094.7,6573.7,18898.0,33609.9,0.0,0.0,70497.4,-137029.9,0,0
42.7167,1939.264,570.044,1539.264,24.056,91.171,-11.734,91.923,1.098,-2.065,18,7.31,10.69,1.1117,0.0523,1.2222,287.99,340.26,0.2702,63880.3,13880.27,3.774,222000,211134.5,-68601.8,-89410.1,-696601.4,-51578.4,6620.2,18951.9,33049.6,0.0,0.0,70146.0,-131917.6,0,0
42.8167,1948.387,568.859,1548.387,25.241,91.281,-11.936,92.058,1.093,-1.989,18,7.43,10.57,1.1012,0.0513,1.2221,287.99,340.25,0.2706,63879.9,13879.89,3.774,222000,211134.5,-68601.8,-90225.2,-691776.1,-51091.4,6663.6,19005.3,32518.8,0.0,0.0,69817.9,-127052.5,0,0
42.9167,1957.522,567.654,1557.522,26.446,91.39,-12.131,92.191,1.088,-1.916,18,7.54,10.46,1.0911,0.0504,1.2219,287.98,340.25,0.271,63879.5,13879.52,3.774,222000,211134.5,-68601.8,-90992.1,-687183.5,-50632.0,6704.3,19058.4,32015.6,0.0,0.0,69510.4,-122422.9,0,0
43.0167,1966.667,566.429,1566.667,27.671,91.498,-12.318,92.324,1.084,-1.848,18,7.65,10.35,1.0815,0.0495,1.2218,287.97,340.24,0.2713,63879.1,13879.14,3.774,222000,211134.5,-68601.8,-91714.8,-682812.7,-50198.5,6742.6,19111.0,31538.3,0.0,0.0,69221.2,-118017.5,0,0
43.1167,1975.823,565.187,1575.823,28.913,91.606,-12.499,92.455,1.079,-1.782,18,7.75,10.25,1.0722,0.0487,1.2216,287.96,340.24,0.2717,63878.8,13878.76,3.774,222000,211134.5,-68601.8,-92396.9,-678652.9,-49789.3,6778.7,19163.3,31085.4,0.0,0.0,68948.3,-113825.4,0,0
43.2167,1984.988,563.919,1584.988,30.181,91.666,-12.864,92.564,0.359,-4.437,23,7.94,15.06,1.3127,0.0729,1.2215,287.96,340.23,0.2721,63878.4,13878.38,3.774,222000,204352.1,-86742.3,-116154.2,-832410.4,-65275.4,9108.5,19208.4,46699.5,0.0,0.0,22922.4,-283397.2,0,1
43.3167,1994.157,562.61,1594.157,31.49,91.715,-13.236,92.665,0.472,-3.697,25,8.17,16.83,1.2242,0.0634,1.2213,287.95,340.23,0.2724,63878.0,13878.01,3.774,222000,201200.3,-93821.3,-111688.9,-777472.2,-59340.5,8524.6,19247.7,40702.0,0.0,0.0,30170.9,-236125.5,0,1
43.4167,2003.331,561.265,1603.331,32.835,91.757,-13.613,92.761,0.391,-3.82,25,8.4,16.6,1.2355,0.0646,1.2212,287.94,340.22,0.2726,63877.6,13877.63,3.774,222000,201200.3,-93821.3,-116030.4,-785727.1,-60169.7,8885.4,19285.7,41536.5,0.0,0.0,25000.3,-244023.5,0,1
43.5167,2012.509,559.881,1612.509,34.219,91.791,-14.002,92.853,0.307,-3.946,25,8.63,16.37,1.2472,0.0658,1.221,287.93,340.22,0.2729,63877.3,13877.25,3.774,222000,201200.3,-93821.3,-120577.3,-794138.1,-61025.5,9265.8,19321.7,42403.2,0.0,0.0,19597.5,-252057.7,0,1
43.6167,2021.69,558.457,1621.69,35.643,91.817,-14.404,92.94,0.218,-4.074,25,8.87,16.13,1.2592,0.0671,1.2208,287.92,340.21,0.2732,63876.9,13876.87,3.774,222000,201200.3,-93821.3,-125338.3,-802703.4,-61908.6,9666.7,19355.6,43303.2,0.0,0.0,13953.5,-260225.8,0,1
43.7167,2030.873,556.993,1630.873,37.107,91.834,-14.819,93.021,0.126,-4.204,25,9.12,15.88,1.2717,0.0685,1.2207,287.91,340.21,0.2734,63876.5,13876.5,3.774,222000,201200.3,-93821.3,-130322.0,-811421.0,-62819.8,10089.5,19387.2,44237.7,0.0,0.0,8058.6,-268524.4,0,1
43.8167,2040.056,555.486,1640.056,38.614,91.841,-15.247,93.098,0.03,-4.336,25,9.38,15.62,1.2846,0.0698,1.2205,287.9,340.2,0.2737,63876.1,13876.12,3.774,222000,201200.3,-93821.3,-135537.4,-820288.4,-63759.8,10535.1,19416.5,45207.9,0.0,0.0,1903.0,-276949.8,0,1
43.9167,2049.24,553.936,1649.24,40.164,91.838,-15.688,93.168,-0.071,-4.47,25,9.65,15.35,1.2979,0.0713,1.2203,287.89,340.2,0.2739,63875.7,13875.74,3.774,222000,201200.3,-93821.3,-140994.0,-829302.7,-64729.5,11005.0,19443.4,46214.9,0.0,0.0,-4523.2,-285497.9,0,1
44.0167,2058.424,552.341,1658.424,41.759,91.825,-16.143,93.233,-0.176,-4.605,25,9.92,15.08,1.3117,0.0728,1.2201,287.88,340.19,0.2741,63875.4,13875.36,3.774,222000,201200.3,-93821.3,-146701.2,-838460.1,-65729.6,11500.4,19467.9,47260.2,0.0,0.0,-11230.5,-294163.7,0,1
44.1167,2067.605,550.699,1667.605,43.401,91.801,-16.612,93.291,-0.285,-4.743,25,10.21,14.79,1.3259,0.0744,1.2199,287.87,340.18,0.2742,63875.0,13874.99,3.774,222000,201200.3,-93821.3,-152668.9,-847756.5,-66760.7,12022.7,19489.8,48344.8,0.0,0.0,-18229.3,-302941.5,0,1
44.2167,2076.783,549.01,1676.783,45.09,91.765,-17.094,93.344,-0.4,-4.882,25,10.5,14.5,1.3406,0.0761,1.2197,287.86,340.18,0.2744,63874.6,13874.61,3.774,222000,201200.3,-93821.3,-158907.0,-857187.0,-67823.7,12573.3,19509.0,49470.2,0.0,0.0,-25530.4,-311825.0,0,1
44.3167,2085.957,547.272,1685.957,46.828,91.719,-17.591,93.39,-0.519,-5.022,25,10.81,14.19,1.3558,0.0778,1.2195,287.85,340.17,0.2745,63874.2,13874.23,3.774,222000,201200.3,-93821.3,-165426.0,-866746.0,-68919.1,13153.8,19525.5,50637.7,0.0,0.0,-33144.8,-320807.2,0,1
44.4167,2095.125,545.483,1695.125,48.617,91.659,-18.101,93.43,-0.643,-5.165,25,11.12,13.88,1.3714,0.0796,1.2193,287.84,340.16,0.2747,63873.9,13873.85,3.774,222000,201200.3,-93821.3,-172236.1,-876427.3,-70047.8,13765.9,19539.2,51848.5,0.0,0.0,-41083.6,-329880.2,0,1
44.5167,2104.287,543.642,1704.287,50.458,91.589,-18.621,93.463,-0.718,-5.141,25,11.44,13.56,1.3705,0.0795,1.2191,287.82,340.16,0.2748,63873.5,13873.48,3.774,222000,201200.3,-93821.3,-177125.5,-875335.1,-69939.0,14152.3,19550.0,51806.5,0.0,0.0,-45864.2,-328405.3,0,0
44.6167,2113.442,541.751,1713.442,52.349,91.518,-19.119,93.494,-0.703,-4.855,25,11.75,13.25,1.3425,0.0763,1.2189,287.81,340.15,0.2749,63873.1,13873.1,3.774,222000,201200.3,-93821.3,-178243.9,-856965.5,-67848.6,14112.1,19559.5,49741.2,0.0,0.0,-44892.2,-310079.5,0,0
44.7167,2122.59,539.811,1722.59,54.289,91.449,-19.588,93.523,-0.686,-4.584,25,12.04,12.96,1.3162,0.0733,1.2187,287.8,340.14,0.275,63872.7,13872.72,3.774,222000,201200.3,-93821.3,-179117.1,-839602.3,-65912.6,14061.5,19568.2,47827.5,0.0,0.0,-43829.3,-292770.6,0,0
44.8167,2131.731,537.827,1731.731,56.273,91.381,-20.031,93.551,-0.668,-4.328,25,12.32,12.68,1.2912,0.0706,1.2184,287.79,340.13,0.275,63872.3,13872.34,3.774,222000,201200.3,-93821.3,-179777.8,-823190.7,-64118.2,14002.9,19576.3,46053.2,0.0,0.0,-42695.7,-276421.4,0,0
44.9167,2140.865,535.799,1740.865,58.301,91.316,-20.45,93.577,-0.65,-4.086,25,12.58,12.42,1.2677,0.068,1.2182,287.77,340.13,0.2751,63872.0,13871.97,3.774,222000,201200.3,-93821.3,-180255.2,-807679.1,-62453.9,13938.2,19583.6,44406.7,0.0,0.0,-41508.7,-260978.1,0,0
45.0167,2149.993,533.731,1749.993,60.369,91.252,-20.845,93.602,-0.631,-3.858,25,12.83,12.17,1.2455,0.0657,1.218,287.76,340.12,0.2752,63871.6,13871.59,3.774,222000,201200.3,-93821.3,-180574.6,-793018.2,-60909.1,13869.3,19590.2,42878.0,0.0,0.0,-40283.3,-246389.9,0,0
45.1167,2159.114,531.624,1759.114,62.476,91.19,-21.218,93.626,-0.611,-3.642,25,13.06,11.94,1.2245,0.0635,1.2177,287.75,340.11,0.2753,63871.2,13871.21,3.774,222000,201200.3,-93821.3,-180758.5,-779161.7,-59474.2,13797.5,19596.2,41457.5,0.0,0.0,-39032.4,-232608.8,0,0
45.2167,2168.23,529.482,1768.23,64.618,91.13,-21.57,93.648,-0.591,-3.438,25,13.28,11.72,1.2047,0.0614,1.2175,287.73,340.1,0.2754,63870.8,13870.83,3.774,222000,201200.3,-93821.3,-180826.8,-766065.4,-58140.6,13723.9,19601.5,40136.9,0.0,0.0,-37767.1,-219589.9,0,0
45.3167,2177.339,527.305,1777.339,66.795,91.072,-21.903,93.669,-0.571,-3.245,25,13.49,11.51,1.186,0.0595,1.2172,287.72,340.09,0.2754,63870.5,13870.46,3.774,222000,201200.3,-93821.3,-180796.8,-753687.7,-56900.2,13649.4,19606.2,38908.2,0.0,0.0,-36496.6,-207290.4,0,0
45.4167,2186.443,525.096,1786.443,69.004,91.016,-22.217,93.688,-0.552,-3.064,25,13.69,11.31,1.1683,0.0578,1.2169,287.7,340.08,0.2755,63870.1,13870.08,3.774,222000,201200.3,-93821.3,-180683.7,-741989.2,-55745.7,13574.8,19610.3,37764.4,0.0,0.0,-35229.1,-195670.2,0,0
45.5167,2195.542,522.857,1795.542,71.243,90.962,-22.513,93.706,-0.532,-2.892,25,13.87,11.13,1.1516,0.0561,1.2167,287.69,340.08,0.2755,63869.7,13869.7,3.774,222000,201200.3,-93821.3,-180501.0,-730932.7,-54670.5,13500.7,19613.8,36699.0,0.0,0.0,-33971.1,-184691.5,0,0
45.6167,2204.635,520.589,1804.635,73.511,90.91,-22.793,93.723,-0.512,-2.729,25,14.05,10.95,1.1358,0.0546,1.2164,287.67,340.07,0.2756,63869.3,13869.33,3.774,222000,201200.3,-93821.3,-180260.2,-720482.8,-53668.6,13427.5,19616.8,35706.0,0.0,0.0,-32728.4,-174318.4,0,0
45.7167,2213.723,518.295,1813.723,75.805,90.86,-23.057,93.739,-0.493,-2.576,25,14.21,10.79,1.1209,0.0532,1.2162,287.66,340.06,0.2757,63868.9,13868.95,3.774,222000,201200.3,-93821.3,-179971.7,-710606.3,-52734.3,13355.7,19619.2,34780.0,0.0,0.0,-31505.6,-164517.4,0,0
45.8167,2222.804,515.97,1822.804,78.13,90.761,-23.438,93.738,-1.418,-4.861,29,14.43,14.57,1.3369,0.0757,1.2159,287.64,340.05,0.2757,63868.6,13868.57,3.774,222000,194165.6,-107627.7,-217811.2,-846600.7,-66905.5,17213.3,19616.7,49467.6,0.0,0.0,-90551.1,-310464.5,0,1
45.9167,2231.873,513.603,1831.873,80.497,90.651,-23.823,93.729,-1.065,-3.672,32,14.69,17.31,1.1997,0.0609,1.2156,287.63,340.04,0.2756,63868.2,13868.19,3.774,222000,188266.7,-117642.1,-198787.0,-758526.6,-57487.7,15065.8,19607.8,39821.3,0.0,0.0,-68008.0,-234555.9,0,1
46.0167,2240.932,511.199,1840.932,82.901,90.539,-24.195,93.716,-1.154,-3.764,32,14.92,17.08,1.2116,0.0621,1.2153,287.61,340.03,0.2756,63867.8,13867.82,3.774,222000,188266.7,-117642.1,-203808.8,-764800.5,-58159.3,15498.7,19598.3,40590.7,0.0,0.0,-73701.4,-240400.7,0,1
46.1167,2249.979,508.757,1849.979,85.343,90.418,-24.577,93.699,-1.246,-3.856,32,15.17,16.83,1.2237,0.0634,1.215,287.6,340.02,0.2756,63867.4,13867.44,3.774,222000,188266.7,-117642.1,-209014.3,-771151.1,-58849.6,15950.7,19586.9,41386.1,0.0,0.0,-79597.2,-246302.9,0,1
46.2167,2259.013,506.277,1859.013,87.823,90.288,-24.968,93.677,-1.342,-3.95,32,15.42,16.58,1.2363,0.0647,1.2148,287.58,340.01,0.2755,63867.1,13867.06,3.774,222000,188266.7,-117642.1,-214409.2,-777574.7,-59559.0,16422.9,19573.3,42208.4,0.0,0.0,-85701.5,-252258.0,0,1
46.3167,2268.034,503.756,1868.034,90.344,90.148,-25.369,93.65,-1.441,-4.044,32,15.67,16.33,1.2492,0.066,1.2145,287.57,340.0,0.2754,63866.7,13866.68,3.774,222000,188266.7,-117642.1,-219999.4,-784067.1,-60287.7,16916.0,19557.6,43058.3,0.0,0.0,-92020.4,-258261.0,0,1
46.4167,2277.04,501.196,1877.04,92.904,89.998,-25.779,93.617,-1.543,-4.138,32,15.94,16.06,1.2624,0.0675,1.2142,287.55,339.99,0.2754,63866.3,13866.31,3.774,222000,188266.7,-117642.1,-225790.5,-790623.7,-61036.1,17431.0,19539.6,43936.7,0.0,0.0,-98559.9,-264306.3,0,1
46.5167,2286.031,498.594,1886.031,95.506,89.838,-26.198,93.58,-1.649,-4.234,32,16.21,15.79,1.276,0.0689,1.2139,287.53,339.98,0.2752,63865.9,13865.93,3.774,222000,188266.7,-117642.1,-231788.6,-797239.5,-61804.4,17969.0,19519.4,44844.2,0.0,0.0,-105326.4,-270387.9,0,1
46.6167,2295.005,495.949,1895.005,98.151,89.667,-26.627,93.537,-1.759,-4.329,32,16.49,15.51,1.2901,0.0704,1.2135,287.51,339.97,0.2751,63865.6,13865.55,3.774,222000,188266.7,-117642.1,-237999.5,-803909.1,-62593.1,18530.8,19496.8,45781.7,0.0,0.0,-112325.9,-276499.3,0,1
46.7167,2303.961,493.261,1903.961,100.839,89.484,-27.065,93.488,-1.872,-4.425,32,16.78,15.22,1.3045,0.072,1.2132,287.5,339.96,0.275,63865.2,13865.17,3.774,222000,188266.7,-117642.1,-244429.1,-810626.4,-63402.2,19117.7,19471.8,46750.0,0.0,0.0,-119564.6,-282633.4,0,1
46.8167,2312.898,490.528,1912.898,103.572,89.29,-27.514,93.433,-1.989,-4.522,32,17.08,14.92,1.3193,0.0737,1.2129,287.48,339.95,0.2748,63864.8,13864.8,3.774,222000,188266.7,-117642.1,-251083.3,-817384.9,-64232.2,19730.8,19444.3,47750.0,0.0,0.0,-127048.8,-288782.5,0,1
46.9167,2321.815,487.75,1921.815,106.35,89.084,-27.971,93.372,-2.11,-4.618,32,17.38,14.62,1.3345,0.0754,1.2126,287.46,339.94,0.2747,63864.4,13864.42,3.774,222000,188266.7,-117642.1,-257968.1,-824177.4,-65083.1,20371.1,19414.3,48782.4,0.0,0.0,-134784.5,-294938.5,0,1
47.0167,2330.711,484.926,1930.711,109.174,88.866,-28.439,93.305,-2.236,-4.715,32,17.69,14.31,1.3501,0.0772,1.2123,287.44,339.93,0.2745,63864.0,13864.04,3.774,222000,188266.7,-117642.1,-265089.4,-830996.4,-65955.1,21039.8,19381.7,49848.0,0.0,0.0,-142777.8,-301092.5,0,1
47.1167,2339.584,482.054,1939.584,112.046,88.635,-28.916,93.232,-2.365,-4.811,32,18.01,13.99,1.3662,0.079,1.2119,287.42,339.92,0.2743,63863.7,13863.66,3.774,222000,188266.7,-117642.1,-272452.9,-837833.6,-66848.3,21738.2,19346.4,50947.6,0.0,0.0,-151034.5,-307234.9,0,1
47.2167,2348.434,479.134,1948.434,114.966,88.391,-29.402,93.153,-2.483,-4.874,32,18.34,13.66,1.3791,0.0805,1.2116,287.41,339.91,0.2741,63863.3,13863.29,3.774,222000,188266.7,-117642.1,-279338.6,-842491.3,-67507.0,22382.8,19308.4,51812.5,0.0,0.0,-158579.0,-311251.7,0,0
47.3167,2357.258,476.166,1957.258,117.934,88.146,-29.87,93.07,-2.418,-4.549,32,18.67,13.33,1.3499,0.0771,1.2112,287.39,339.9,0.2738,63862.9,13862.91,3.774,222000,188266.7,-117642.1,-277518.1,-821405.7,-65189.0,22024.6,19268.7,49540.3,0.0,0.0,-154440.4,-290528.0,0,0
47.4167,2366.059,473.154,1966.059,120.946,87.908,-30.307,92.986,-2.354,-4.244,32,18.97,13.03,1.3224,0.074,1.2109,287.37,339.89,0.2736,63862.5,13862.53,3.774,222000,188266.7,-117642.1,-275577.1,-801556.2,-63051.8,21677.4,19228.5,47445.6,0.0,0.0,-150362.2,-271029.4,0,0
47.5167,2374.836,470.099,1974.836,124.001,87.676,-30.715,92.901,-2.292,-3.957,32,19.26,12.74,1.2966,0.0712,1.2105,287.35,339.87,0.2733,63862.2,13862.15,3.774,222000,188266.7,-117642.1,-273546.2,-782868.0,-61079.4,21342.1,19187.7,45512.9,0.0,0.0,-146358.9,-252680.3,0,0
47.6167,2383.591,467.005,1983.591,127.095,87.451,-31.095,92.814,-2.23,-3.686,32,19.53,12.47,1.2723,0.0685,1.2102,287.33,339.86,0.2731,63861.8,13861.78,3.774,222000,188266.7,-117642.1,-271451.4,-765271.1,-59257.5,21019.4,19146.5,43728.5,0.0,0.0,-142442.2,-235409.8,0,0
47.7167,2392.323,463.875,1992.323,130.225,87.231,-31.448,92.727,-2.171,-3.432,32,19.78,12.22,1.2494,0.0661,1.2098,287.31,339.85,0.2728,63861.4,13861.4,3.774,222000,188266.7,-117642.1,-269315.0,-748699.7,-57572.9,20709.6,19104.7,42079.6,0.0,0.0,-138621.2,-219151.8,0,0
47.8167,2401.033,460.711,2001.033,133.389,87.018,-31.777,92.638,-2.112,-3.192,32,20.02,11.98,1.2279,0.0638,1.2095,287.29,339.84,0.2726,63861.0,13861.02,3.774,222000,188266.7,-117642.1,-267155.7,-733092.1,-56014.0,20412.8,19062.5,40555.0,0.0,0.0,-134903.1,-203844.7,0,0
47.9167,2409.723,457.515,2009.723,136.585,86.81,-32.083,92.549,-2.056,-2.966,32,20.25,11.75,1.2077,0.0617,1.2091,287.27,339.83,0.2723,63860.6,13860.65,3.774,222000,188266.7,-117642.1,-264989.6,-718390.5,-54570.1,20129.0,19019.9,39144.3,0.0,0.0,-131293.0,-189430.6,0,0
48.0167,2418.392,454.29,2018.392,139.81,86.607,-32.367,92.458,-2.001,-2.754,32,20.46,11.54,1.1888,0.0598,1.2087,287.24,339.81,0.2721,63860.3,13860.27,3.774,222000,188266.7,-117642.1,-262829.9,-704540.6,-53231.5,19858.1,18976.8,37838.2,0.0,0.0,-127794.8,-175855.4,0,0
48.1167,2427.041,451.037,2027.041,143.063,86.41,-32.631,92.366,-1.948,-2.554,32,20.66,11.34,1.1709,0.058,1.2083,287.22,339.8,0.2718,63859.9,13859.89,3.774,222000,188266.7,-117642.1,-260687.9,-691491.7,-51989.6,19599.7,18933.3,36628.1,0.0,0.0,-124410.8,-163068.5,0,0
48.2167,2435.671,447.76,2035.671,146.34,86.218,-32.875,92.273,-1.897,-2.365,32,20.84,11.16,1.1542,0.0564,1.2079,287.2,339.79,0.2716,63859.5,13859.51,3.774,222000,188266.7,-117642.1,-258572.6,-679195.8,-50836.3,19353.6,18889.5,35506.3,0.0,0.0,-121142.3,-151022.5,0,0
48.3167,2444.282,444.459,2044.282,149.641,86.032,-33.101,92.18,-1.848,-2.187,32,21.02,10.98,1.1385,0.0549,1.2076,287.18,339.78,0.2713,63859.1,13859.14,3.774,222000,188266.7,-117642.1,-256491.8,-667608.4,-49764.6,19119.3,18845.2,34465.8,0.0,0.0,-117989.7,-139673.0,0,0
48.4167,2452.875,441.137,2052.875,152.963,85.85,-33.31,92.085,-1.8,-2.02,32,21.18,10.82,1.1238,0.0535,1.2072,287.16,339.76,0.271,63858.8,13858.76,3.774,222000,188266.7,-117642.1,-254451.4,-656687.4,-48767.9,18896.4,18800.7,33500.2,0.0,0.0,-114952.6,-128978.6,0,0
48.5167,2461.449,437.794,2061.449,156.306,85.672,-33.503,91.99,-1.754,-1.862,32,21.33,10.67,1.11,0.0521,1.2068,287.14,339.75,0.2708,63858.4,13858.38,3.774,222000,188266.7,-117642.1,-252456.4,-646393.3,-47840.2,18684.5,18755.8,32603.7,0.0,0.0,-112029.9,-118900.1,0,0
48.6167,2470.006,434.434,2070.006,159.666,85.499,-33.68,91.894,-1.71,-1.713,32,21.48,10.52,1.097,0.0509,1.2064,287.12,339.74,0.2705,63858.0,13858.0,3.774,222000,188266.7,-117642.1,-250510.4,-636689.2,-46976.2,18483.2,18710.7,31770.9,0.0,0.0,-109219.9,-109401.1,0,0
48.7167,2478.546,431.056,2078.546,163.044,85.331,-33.843,91.797,-1.668,-1.573,32,21.61,10.39,1.0849,0.0498,1.206,287.09,339.72,0.2702,63857.6,13857.63,3.774,222000,188266.7,-117642.1,-248616.4,-627540.4,-46170.9,18291.8,18665.2,30997.0,0.0,0.0,-106520.6,-100447.4,0,0
48.8167,2487.07,427.663,2087.07,166.437,85.166,-33.993,91.7,-1.628,-1.441,32,21.74,10.26,1.0735,0.0488,1.2056,287.07,339.71,0.2699,63857.2,13857.25,3.774,222000,188266.7,-117642.1,-246776.5,-618914.3,-45419.8,18110.0,18619.6,30277.6,0.0,0.0,-103929.6,-92006.8,0,0
48.9167,2495.577,424.255,2095.577,169.845,85.006,-34.13,91.602,-1.589,-1.316,32,21.86,10.14,1.0629,0.0478,1.2052,287.05,339.7,0.2697,63856.9,13856.87,3.774,222000,188266.7,-117642.1,-244991.9,-610780.3,-44718.9,17937.3,18573.7,29608.5,0.0,0.0,-101444.1,-84049.1,0,0
49.0167,2504.068,420.835,2104.068,173.265,84.849,-34.254,91.503,-1.551,-1.199,32,21.97,10.03,1.053,0.0469,1.2048,287.03,339.68,0.2694,63856.5,13856.49,3.774,222000,188266.7,-117642.1,-243263.5,-603109.6,-44064.4,17773.3,18527.6,28986.2,0.0,0.0,-99061.2,-76546.2,0,0
49.1167,2512.544,417.403,2112.544,176.697,84.696,-34.368,91.403,-1.516,-1.088,32,22.07,9.93,1.0437,0.0461,1.2044,287.01,339.67,0.2691,63856.1,13856.12,3.774,222000,188266.7,-117642.1,-241591.6,-595875.3,-43452.8,17617.5,18481.3,28407.0,0.0,0.0,-96777.7,-69471.3,0,0
49.2167,2521.005,413.96,2121.005,180.14,84.547,-34.47,91.304,-1.481,-0.983,32,22.17,9.83,1.0351,0.0454,1.204,286.98,339.66,0.2688,63855.7,13855.74,3.774,222000,188266.7,-117642.1,-239976.2,-589052.0,-42881.0,17469.5,18434.9,27868.1,0.0,0.0,-94590.6,-62799.8,0,0
49.3167,2529.451,410.508,2129.451,183.592,84.401,-34.563,91.203,-1.449,-0.885,32,22.26,9.74,1.027,0.0446,1.2036,286.96,339.65,0.2685,63855.4,13855.36,3.774,222000,188266.7,-117642.1,-238416.8,-582615.9,-42346.3,17328.8,18388.3,27366.4,0.0,0.0,-92496.4,-56508.0,0,0
49.4167,2537.883,407.046,2137.883,187.054,84.258,-34.646,91.102,-1.417,-0.792,32,22.34,9.66,1.0195,0.044,1.2032,286.94,339.63,0.2682,63855.0,13854.98,3.774,222000,188266.7,-117642.1,-236912.7,-576544.6,-41845.8,17195.2,18341.6,26899.3,0.0,0.0,-90491.8,-50574.1,0,0
49.5167,2546.301,403.577,2146.301,190.523,84.118,-34.72,91.001,-1.387,-0.704,32,22.42,9.58,1.0125,0.0434,1.2028,286.92,339.62,0.268,63854.6,13854.61,3.774,222000,188266.7,-117642.1,-235463.0,-570817.1,-41377.2,17068.2,18294.8,26464.5,0.0,0.0,-88573.5,-44977.3,0,0
49.6167,2554.704,400.102,2154.704,193.998,83.981,-34.785,90.9,-1.358,-0.622,32,22.49,9.51,1.0061,0.0428,1.2024,286.89,339.61,0.2677,63854.2,13854.23,3.774,222000,188266.7,-117642.1,-234066.4,-565413.6,-40938.3,16947.4,18247.9,26059.6,0.0,0.0,-86738.1,-39698.3,0,0
49.7167,2563.095,396.62,2163.095,197.48,83.846,-34.843,90.798,-1.331,-0.544,32,22.56,9.44,1.0,0.0423,1.202,286.87,339.59,0.2674,63853.9,13853.85,3.774,222000,188266.7,-117642.1,-232721.9,-560315.6,-40527.0,16832.5,18201.0,25682.7,0.0,0.0,-84982.2,-34718.8,0,0
49.8167,2571.472,393.132,2171.472,200.968,83.715,-34.893,90.696,-1.305,-0.47,32,22.62,9.38,0.9945,0.0419,1.2016,286.85,339.58,0.2671,63853.5,13853.47,3.774,222000,188266.7,-117642.1,-231427.9,-555505.5,-40141.5,16723.3,18153.9,25331.8,0.0,0.0,-83302.7,-30021.7,0,0
49.9167,2579.835,389.64,2179.835,204.46,83.586,-34.936,90.593,-1.279,-0.401,32,22.67,9.33,0.9893,0.0414,1.2012,286.82,339.56,0.2668,63853.1,13853.1,3.774,222000,188266.7,-117642.1,-230182.9,-550966.9,-39780.0,16619.3,18106.8,25005.2,0.0,0.0,-81696.2,-25590.8,0,0
50.0167,2588.187,386.145,2188.187,207.955,83.459,-34.972,90.49,-1.255,-0.335,32,22.73,9.27,0.9846,0.041,1.2008,286.8,339.55,0.2665,63852.7,13852.72,3.774,222000,188266.7,-117642.1,-228985.4,-546684.4,-39440.8,16520.3,18059.7,24701.2,0.0,0.0,-80159.5,-21411.0,0,0
50.1167,2596.525,382.646,2196.525,211.454,83.335,-35.002,90.387,-1.232,-0.274,32,22.78,9.22,0.9802,0.0407,1.2004,286.78,339.54,0.2662,63852.3,13852.34,3.774,222000,188266.7,-117642.1,-227833.8,-542643.3,-39122.6,16426.0,18012.6,24418.4,0.0,0.0,-78689.7,-17468.0,0,0
50.2167,2604.852,379.144,2204.852,214.956,83.213,-35.026,90.284,-1.21,-0.215,32,22.82,9.18,0.9762,0.0403,1.2,286.76,339.52,0.2659,63852.0,13851.96,3.774,222000,188266.7,-117642.1,-226726.4,-538830.1,-38823.9,16336.2,17965.5,24155.4,0.0,0.0,-77283.7,-13748.3,0,0
50.3167,2613.166,375.64,2213.166,218.46,83.093,-35.044,90.181,-1.189,-0.16,32,22.86,9.14,0.9725,0.04,1.1996,286.73,339.51,0.2656,63851.6,13851.59,3.774,222000,188266.7,-117642.1,-225661.7,-535231.9,-38543.6,16250.5,17918.3,23910.9,0.0,0.0,-75938.6,-10239.3,0,0
50.4167,2621.468,372.135,2221.468,221.965,82.976,-35.057,90.078,-1.169,-0.109,32,22.9,9.1,0.9692,0.0398,1.1992,286.71,339.5,0.2653,63851.2,13851.21,3.774,222000,188266.7,-117642.1,-224637.9,-531836.4,-38280.3,16168.9,17871.2,23683.7,0.0,0.0,-74651.6,-6929.2,0,0
50.5167,2629.759,368.629,2229.759,225.471,82.86,-35.065,89.974,-1.15,-0.06,32,22.93,9.07,0.9661,0.0395,1.1988,286.69,339.48,0.265,63850.8,13850.83,3.774,222000,188266.7,-117642.1,-223653.5,-528632.4,-38033.1,16091.0,17824.2,23472.8,0.0,0.0,-73419.9,-3806.8,0,0
50.6167,2638.039,365.122,2238.039,228.978,82.746,-35.069,89.87,-1.131,-0.013,32,22.96,9.04,0.9633,0.0393,1.1984,286.67,339.47,0.2647,63850.5,13850.46,3.774,222000,188266.7,-117642.1,-222706.7,-525609.0,-37800.9,16016.7,17777.1,23277.0,0.0,0.0,-72240.9,-861.4,0,0
50.7167,2646.307,361.615,2246.307,232.485,82.634,-35.067,89.767,-1.114,0.03,32,22.99,9.01,0.9608,0.0391,1.198,286.64,339.46,0.2644,63850.1,13850.08,3.774,222000,188266.7,-117642.1,-221796.1,-522756.1,-37582.8,15945.7,17730.1,23095.5,0.0,0.0,-71112.2,1916.8,0,0
50.8167,2654.564,358.109,2254.564,235.991,82.523,-35.062,89.663,-1.097,0.071,32,23.02,8.98,0.9586,0.0389,1.1976,286.62,339.44,0.2641,63849.7,13849.7,3.774,222000,188266.7,-117642.1,-220920.0,-520064.2,-37377.9,15877.9,17683.2,22927.3,0.0,0.0,-70031.2,4537.1,0,0
50.9167,2662.81,354.603,2262.81,239.497,82.415,-35.053,89.559,-1.081,0.11,32,23.04,8.96,0.9566,0.0387,1.1971,286.6,339.43,0.2639,63849.3,13849.32,3.774,222000,188266.7,-117642.1,-220076.9,-517524.4,-37185.5,15813.1,17636.4,22771.7,0.0,0.0,-68995.7,7008.5,0,0
51.0167,2671.045,351.098,2271.045,243.002,82.308,-35.039,89.456,-1.065,0.146,32,23.06,8.94,0.9549,0.0386,1.1967,286.57,339.42,0.2636,63848.9,13848.95,3.774,222000,188266.7,-117642.1,-219265.4,-515128.1,-37004.7,15751.1,17589.6,22627.9,0.0,0.0,-68003.4,9339.1,0,0
51.1167,2679.269,347.595,2279.269,246.505,82.202,-35.023,89.352,-1.05,0.181,32,23.07,8.93,0.9533,0.0385,1.1963,286.55,339.4,0.2633,63848.6,13848.57,3.774,222000,188266.7,-117642.1,-218484.0,-512867.4,-36834.9,15691.8,17542.9,22495.1,0.0,0.0,-67052.2,11536.8,0,0
51.2167,2687.483,344.094,2287.483,250.006,82.098,-35.003,89.248,-1.036,0.213,32,23.09,8.91,0.952,0.0384,1.1959,286.53,339.39,0.263,63848.2,13848.19,3.774,222000,188266.7,-117642.1,-217731.2,-510734.8,-36675.4,15635.1,17496.3,22372.8,0.0,0.0,-66140.0,13608.9,0,0
51.3167,2695.687,340.595,2295.687,253.505,81.995,-34.98,89.145,-1.022,0.244,32,23.1,8.9,0.9509,0.0383,1.1955,286.51,339.38,0.2627,63847.8,13847.81,3.774,222000,188266.7,-117642.1,-217005.9,-508723.2,-36525.7,15580.8,17449.8,22260.2,0.0,0.0,-65264.9,15562.5,0,0
51.4167,2703.881,337.099,2303.881,257.001,81.893,-34.954,89.041,-1.009,0.273,32,23.11,8.89,0.9499,0.0382,1.1951,286.48,339.36,0.2624,63847.4,13847.44,3.774,222000,188266.7,-117642.1,-216306.5,-506826.0,-36385.1,15528.7,17403.4,22156.9,0.0,0.0,-64425.0,17404.0,0,0
51.5167,2712.064,333.605,2312.064,260.495,81.793,-34.925,88.938,-0.996,0.3,32,23.12,8.88,0.9491,0.0381,1.1947,286.46,339.35,0.2621,63847.1,13847.06,3.774,222000,188266.7,-117642.1,-215632.0,-505036.7,-36253.1,15478.7,17357.1,22062.1,0.0,0.0,-63618.5,19139.6,0,0
51.6167,2720.238,330.115,2320.238,263.985,81.694,-34.893,88.834,-0.984,0.325,32,23.13,8.87,0.9485,0.0381,1.1943,286.44,339.34,0.2618,63846.7,13846.68,3.774,222000,188266.7,-117642.1,-214981.1,-503349.6,-36129.3,15430.9,17311.0,21975.6,0.0,0.0,-62843.7,20775.2,0,0
51.7167,2728.401,326.627,2328.401,267.473,81.597,-34.859,88.731,-0.973,0.35,32,23.13,8.87,0.9481,0.038,1.1939,286.42,339.32,0.2615,63846.3,13846.3,3.774,222000,188266.7,-117642.1,-214352.6,-501758.9,-36013.1,15384.9,17265.0,21896.8,0.0,0.0,-62099.0,22316.1,0,0
51.8167,2736.556,323.143,2336.556,270.957,81.5,-34.823,88.628,-0.961,0.372,32,23.14,8.86,0.9478,0.038,1.1935,286.39,339.31,0.2612,63845.9,13845.93,3.774,222000,188266.7,-117642.1,-213745.4,-500259.5,-35904.2,15340.8,17219.1,21825.1,0.0,0.0,-61383.0,23767.7,0,0
51.9167,2744.7,319.663,2344.7,274.437,81.405,-34.785,88.525,-0.951,0.394,32,23.14,8.86,0.9477,0.038,1.1931,286.37,339.3,0.2609,63845.5,13845.55,3.774,222000,188266.7,-117642.1,-213158.5,-498846.3,-35802.1,15298.4,17173.3,21760.4,0.0,0.0,-60693.9,25134.8,0,0
52.0167,2752.835,316.187,2352.835,277.913,81.31,-34.744,88.422,-0.94,0.414,32,23.14,8.86,0.9476,0.038,1.1927,286.35,339.28,0.2606,63845.2,13845.17,3.774,222000,188266.7,-117642.1,-212590.8,-497514.7,-35706.5,15257.6,17127.7,21702.0,0.0,0.0,-60030.6,26421.9,0,0
52.1167,2760.96,312.715,2360.96,281.385,81.217,-34.702,88.32,-0.93,0.433,32,23.14,8.86,0.9478,0.038,1.1923,286.32,339.27,0.2603,63844.8,13844.79,3.774,222000,188266.7,-117642.1,-212041.4,-496260.2,-35617.0,15218.4,17082.2,21649.8,0.0,0.0,-59391.7,27633.5,0,0
52.2167,2769.077,309.248,2369.077,284.852,81.124,-34.657,88.217,-0.921,0.451,32,23.13,8.87,0.948,0.038,1.1919,286.3,339.26,0.26,63844.4,13844.42,3.774,222000,188266.7,-117642.1,-211509.3,-495078.7,-35533.3,15180.6,17036.9,21603.3,0.0,0.0,-58775.9,28773.6,0,0
52.3167,2777.184,305.785,2377.184,288.315,81.033,-34.611,88.115,-0.911,0.467,32,23.13,8.87,0.9484,0.0381,1.1915,286.28,339.24,0.2597,63844.0,13844.04,3.774,222000,188266.7,-117642.1,-210993.7,-493966.1,-35455.0,15144.3,16991.7,21562.2,0.0,0.0,-58182.0,29846.2,0,0
52.4167,2785.282,302.326,2385.282,291.774,80.942,-34.563,88.013,-0.902,0.483,32,23.12,8.88,0.9488,0.0381,1.1911,286.26,339.23,0.2594,63843.7,13843.66,3.774,222000,188266.7,-117642.1,-210493.7,-492918.8,-35381.9,15109.3,16946.7,21526.2,0.0,0.0,-57608.9,30854.8,0,0
52.5167,2793.371,298.873,2393.371,295.227,80.852,-34.514,87.911,-0.894,0.498,32,23.12,8.88,0.9494,0.0382,1.1907,286.23,339.22,0.2592,63843.3,13843.28,3.774,222000,188266.7,-117642.1,-210008.5,-491933.2,-35313.7,15075.6,16901.9,21495.1,0.0,0.0,-57055.4,31802.9,0,0
52.6167,2801.451,295.424,2401.451,298.676,80.763,-34.464,87.809,-0.885,0.512,32,23.11,8.89,0.9501,0.0382,1.1903,286.21,339.2,0.2589,63842.9,13842.91,3.774,222000,188266.7,-117642.1,-209537.3,-491006.0,-35250.1,15043.0,16857.2,21468.5,0.0,0.0,-56520.7,32693.8,0,0
52.7167,2809.522,291.981,2409.522,302.119,80.675,-34.412,87.708,-0.877,0.525,32,23.1,8.9,0.9508,0.0383,1.1899,286.19,339.19,0.2586,63842.5,13842.53,3.774,222000,188266.7,-117642.1,-209079.4,-490134.1,-35190.9,15011.6,16812.7,21446.2,0.0,0.0,-56003.6,33530.6,0,0
52.8167,2817.584,288.543,2417.584,305.557,80.588,-34.358,87.607,-0.869,0.538,32,23.09,8.91,0.9517,0.0383,1.1895,286.17,339.18,0.2583,63842.2,13842.15,3.774,222000,188266.7,-117642.1,-208634.1,-489314.6,-35135.9,14981.3,16768.4,21428.1,0.0,0.0,-55503.3,34316.1,0,0
52.9167,2825.638,285.11,2425.638,308.99,80.502,-34.304,87.506,-0.862,0.549,32,23.08,8.92,0.9526,0.0384,1.1891,286.15,339.16,0.258,63841.8,13841.78,3.774,222000,188266.7,-117642.1,-208200.8,-488544.6,-35084.8,14951.9,16724.2,21413.8,0.0,0.0,-55018.9,35053.1,0,0
53.0167,2833.683,281.683,2433.683,312.417,80.416,-34.248,87.405,-0.854,0.56,32,23.07,8.93,0.9536,0.0385,1.1887,286.12,339.15,0.2577,63841.4,13841.4,3.774,222000,188266.7,-117642.1,-207778.8,-487821.4,-35037.5,14923.6,16680.2,21403.1,0.0,0.0,-54549.6,35744.2,0,0
53.1167,2841.72,278.261,2441.72,315.839,80.331,-34.192,87.305,-0.847,0.57,32,23.06,8.94,0.9547,0.0386,1.1883,286.1,339.14,0.2574,63841.0,13841.02,3.774,222000,188266.7,-117642.1,-207367.5,-487142.6,-34993.8,14896.2,16636.4,21396.0,0.0,0.0,-54094.6,36391.9,0,0
53.2167,2849.748,274.846,2449.748,319.254,80.247,-34.134,87.205,-0.84,0.58,32,23.05,8.95,0.9559,0.0387,1.188,286.08,339.12,0.2571,63840.6,13840.64,3.774,222000,188266.7,-117642.1,-206966.4,-486505.9,-34953.4,14869.7,16592.8,21392.1,0.0,0.0,-53653.1,36998.4,0,0
53.3167,2857.768,271.436,2457.768,322.664,80.163,-34.076,87.105,-0.834,0.588,32,23.03,8.97,0.9571,0.0388,1.1876,286.06,339.11,0.2569,63840.3,13840.27,3.774,222000,188266.7,-117642.1,-206574.9,-485909.0,-34916.2,14844.0,16549.3,21391.3,0.0,0.0,-53224.4,37565.9,0,0
53.4167,2865.779,268.031,2465.779,326.069,80.08,-34.016,87.005,-0.827,0.597,32,23.02,8.98,0.9584,0.0389,1.1872,286.03,339.1,0.2566,63839.9,13839.89,3.774,222000,188266.7,-117642.1,-206192.5,-485349.7,-34882.1,14819.1,16506.0,21393.4,0.0,0.0,-52807.9,38096.6,0,0
53.5167,2873.782,264.633,2473.782,329.467,79.998,-33.956,86.906,-0.821,0.605,32,23.0,9.0,0.9598,0.039,1.1868,286.01,339.08,0.2563,63839.5,13839.51,3.774,222000,188266.7,-117642.1,-205818.7,-484826.1,-34850.9,14794.9,16463.0,21398.3,0.0,0.0,-52403.0,38592.3,0,0
53.6167,2881.777,261.241,2481.777,332.859,79.916,-33.895,86.807,-0.815,0.612,32,22.99,9.01,0.9612,0.0391,1.1864,285.99,339.07,0.256,63839.1,13839.13,3.774,222000,188266.7,-117642.1,-205453.1,-484336.4,-34822.5,14771.5,16420.1,21405.9,0.0,0.0,-52008.9,39055.0,0,0
53.7167,2889.764,257.855,2489.764,336.245,79.835,-33.834,86.708,-0.809,0.619,32,22.97,9.03,0.9627,0.0392,1.186,285.97,339.06,0.2557,63838.8,13838.76,3.774,222000,188266.7,-117642.1,-205095.3,-483878.7,-34796.7,14748.8,16377.4,21416.0,0.0,0.0,-51625.3,39486.3,0,0
53.8167,2897.743,254.475,2497.743,339.625,79.754,-33.772,86.61,-0.803,0.625,32,22.95,9.05,0.9642,0.0394,1.1856,285.95,339.04,0.2555,63838.4,13838.38,3.774,222000,188266.7,-117642.1,-204744.8,-483451.3,-34773.3,14726.7,16334.8,21428.4,0.0,0.0,-51251.4,39887.9,0,0
53.9167,2905.714,251.102,2505.714,342.998,79.674,-33.709,86.512,-0.797,0.631,32,22.94,9.06,0.9658,0.0395,1.1852,285.92,339.03,0.2552,63838.0,13838.0,3.774,222000,188266.7,-117642.1,-204401.2,-483052.7,-34752.4,14705.3,16292.5,21443.1,0.0,0.0,-50886.9,40261.3,0,0
54.0167,2913.677,247.735,2513.677,346.365,79.595,-33.645,86.414,-0.792,0.636,32,22.92,9.08,0.9674,0.0396,1.1848,285.9,339.02,0.2549,63837.6,13837.62,3.774,222000,188266.7,-117642.1,-204064.2,-482681.3,-34733.7,14684.4,16250.4,21459.9,0.0,0.0,-50531.2,40608.1,0,0
54.1167,2921.631,244.374,2521.631,349.726,79.516,-33.582,86.316,-0.786,0.641,32,22.9,9.1,0.9691,0.0398,1.1845,285.88,339.01,0.2546,63837.2,13837.25,3.774,222000,188266.7,-117642.1,-203733.4,-482335.8,-34717.2,14664.2,16208.5,21478.7,0.0,0.0,-50183.9,40929.7,0,0
54.2167,2929.578,241.02,2529.578,353.08,79.438,-33.517,86.219,-0.781,0.646,32,22.88,9.12,0.9708,0.0399,1.1841,285.86,338.99,0.2543,63836.9,13836.87,3.774,222000,188266.7,-117642.1,-203408.5,-482014.7,-34702.8,14644.4,16166.7,21499.4,0.0,0.0,-49844.6,41227.3,0,0
54.3167,2937.518,237.672,2537.518,356.428,79.36,-33.452,86.122,-0.776,0.65,32,22.86,9.14,0.9726,0.04,1.1837,285.84,338.98,0.2541,63836.5,13836.49,3.774,222000,188266.7,-117642.1,-203089.2,-481716.9,-34690.3,14625.2,16125.2,21522.0,0.0,0.0,-49512.7,41502.2,0,0
54.4167,2945.449,234.33,2545.449,359.77,79.283,-33.387,86.026,-0.771,0.654,32,22.84,9.16,0.9744,0.0402,1.1833,285.82,338.97,0.2538,63836.1,13836.11,3.774,222000,188266.7,-117642.1,-202775.1,-481441.1,-34679.6,14606.5,16083.8,21546.3,0.0,0.0,-49188.1,41755.6,0,0
54.5167,2953.373,230.995,2553.373,363.105,79.206,-33.321,85.93,-0.766,0.658,32,22.82,9.18,0.9762,0.0403,1.1829,285.79,338.95,0.2535,63835.7,13835.74,3.774,222000,188266.7,-117642.1,-202466.1,-481186.1,-34670.8,14588.2,16042.7,21572.2,0.0,0.0,-48870.2,41988.6,0,0
54.6167,2961.289,227.667,2561.289,366.433,79.13,-33.255,85.834,-0.761,0.661,32,22.8,9.2,0.9781,0.0405,1.1825,285.77,338.94,0.2532,63835.4,13835.36,3.774,222000,188266.7,-117642.1,-202161.8,-480950.9,-34663.7,14570.4,16001.7,21599.7,0.0,0.0,-48558.8,42202.3,0,0
54.7167,2969.198,224.345,2569.198,369.755,79.054,-33.189,85.738,-0.756,0.664,32,22.78,9.22,0.98,0.0407,1.1822,285.75,338.93,0.253,63835.0,13834.98,3.774,222000,188266.7,-117642.1,-201861.9,-480734.5,-34658.2,14553.1,15961.0,21628.7,0.0,0.0,-48253.4,42397.6,0,0
54.8167,2977.099,221.03,2577.099,373.07,78.979,-33.123,85.643,-0.751,0.667,32,22.76,9.24,0.9819,0.0408,1.1818,285.73,338.92,0.2527,63834.6,13834.6,3.774,222000,188266.7,-117642.1,-201566.4,-480535.9,-34654.2,14536.1,15920.4,21659.0,0.0,0.0,-47953.9,42575.6,0,0
54.9167,2984.992,217.722,2584.992,376.378,78.904,-33.056,85.548,-0.747,0.67,32,22.73,9.27,0.9839,0.041,1.1814,285.71,338.9,0.2524,63834.2,13834.23,3.774,222000,188266.7,-117642.1,-201274.8,-480354.2,-34651.8,14519.6,15880.1,21690.7,0.0,0.0,-47659.9,42737.1,0,0
55.0167,2992.878,214.42,2592.878,379.68,78.829,-32.989,85.454,-0.742,0.672,32,22.71,9.29,0.9859,0.0411,1.181,285.69,338.89,0.2522,63833.8,13833.85,3.774,222000,188266.7,-117642.1,-200987.1,-480188.5,-34650.7,14503.4,15839.9,21723.7,0.0,0.0,-47371.1,42882.9,0,0
55.1167,3000.757,211.125,2600.757,382.975,78.755,-32.921,85.359,-0.738,0.674,32,22.69,9.31,0.9879,0.0413,1.1807,285.66,338.88,0.2519,63833.5,13833.47,3.774,222000,188266.7,-117642.1,-200703.0,-480037.9,-34651.1,14487.5,15799.9,21757.8,0.0,0.0,-47087.3,43013.9,0,0
55.2167,3008.628,207.837,2608.628,386.263,78.682,-32.854,85.265,-0.733,0.676,32,22.67,9.33,0.99,0.0415,1.1803,285.64,338.86,0.2516,63833.1,13833.09,3.774,222000,188266.7,-117642.1,-200422.3,-479901.8,-34652.7,14472.1,15760.2,21793.1,0.0,0.0,-46808.3,43130.8,0,0
55.3167,3016.492,204.556,2616.492,389.544,78.609,-32.786,85.172,-0.729,0.677,32,22.64,9.36,0.992,0.0417,1.1799,285.62,338.85,0.2514,63832.7,13832.72,3.774,222000,188266.7,-117642.1,-200144.8,-479779.4,-34655.6,14456.9,15720.6,21829.5,0.0,0.0,-46533.7,43234.4,0,0
55.4167,3024.349,201.281,2624.349,392.819,78.536,-32.718,85.079,-0.725,0.679,32,22.62,9.38,0.9941,0.0418,1.1795,285.6,338.84,0.2511,63832.3,13832.34,3.774,222000,188266.7,-117642.1,-199870.4,-479669.9,-34659.6,14442.1,15681.3,21866.9,0.0,0.0,-46263.4,43325.3,0,0
55.5167,3032.198,198.013,2632.198,396.087,78.464,-32.65,84.986,-0.721,0.68,32,22.6,9.4,0.9963,0.042,1.1792,285.58,338.83,0.2508,63832.0,13831.96,3.774,222000,188266.7,-117642.1,-199598.9,-479572.8,-34664.8,14427.6,15642.1,21905.3,0.0,0.0,-45997.1,43404.2,0,0
55.6167,3040.04,194.752,2640.04,399.348,78.392,-32.582,84.894,-0.716,0.681,32,22.57,9.43,0.9984,0.0422,1.1788,285.56,338.81,0.2506,63831.6,13831.59,3.774,222000,188266.7,-117642.1,-199330.2,-479487.4,-34671.1,14413.3,15603.1,21944.6,0.0,0.0,-45734.7,43471.7,0,0
55.7167,3047.875,191.498,2647.875,402.602,78.321,-32.514,84.801,-0.712,0.682,32,22.55,9.45,1.0006,0.0424,1.1784,285.54,338.8,0.2503,63831.2,13831.21,3.774,222000,188266.7,-117642.1,-199064.2,-479413.1,-34678.5,14399.4,15564.4,21984.7,0.0,0.0,-45476.0,43528.3,0,0
55.8167,3055.703,188.25,2655.703,405.85,78.25,-32.446,84.71,-0.708,0.683,32,22.53,9.47,1.0027,0.0426,1.178,285.52,338.79,0.25,63830.8,13830.83,3.774,222000,188266.7,-117642.1,-198800.6,-479349.3,-34686.8,14385.7,15525.8,22025.8,0.0,0.0,-45220.7,43574.7,0,0
55.9167,3063.524,185.01,2663.524,409.09,78.179,-32.378,84.618,-0.705,0.683,32,22.5,9.5,1.0049,0.0427,1.1777,285.49,338.78,0.2498,63830.5,13830.45,3.774,222000,188266.7,-117642.1,-198539.4,-479295.5,-34696.1,14372.2,15487.5,22067.6,0.0,0.0,-44968.8,43611.3,0,0
56.0167,3071.338,181.776,2671.338,412.324,78.109,-32.309,84.527,-0.701,0.684,32,22.48,9.52,1.0071,0.0429,1.1773,285.47,338.76,0.2495,63830.1,13830.08,3.774,222000,188266.7,-117642.1,-198280.4,-479251.3,-34706.4,14359.0,15449.3,22110.2,0.0,0.0,-44720.1,43638.7,0,0
56.1167,3079.145,178.549,2679.145,415.551,78.039,-32.241,84.437,-0.697,0.684,32,22.45,9.55,1.0094,0.0431,1.1769,285.45,338.75,0.2493,63829.7,13829.7,3.774,222000,188266.7,-117642.1,-198023.5,-479216.1,-34717.5,14346.1,15411.3,22153.5,0.0,0.0,-44474.3,43657.3,0,0
56.2167,3086.944,175.329,2686.944,418.771,77.969,-32.173,84.346,-0.693,0.684,32,22.43,9.57,1.0116,0.0433,1.1766,285.43,338.74,0.249,63829.3,13829.32,3.774,222000,188266.7,-117642.1,-197768.7,-479189.4,-34729.5,14333.4,15373.6,22197.4,0.0,0.0,-44231.5,43667.5,0,0
56.3167,3094.737,172.116,2694.737,421.984,77.9,-32.104,84.256,-0.689,0.684,32,22.4,9.6,1.0139,0.0435,1.1762,285.41,338.73,0.2487,63828.9,13828.94,3.774,222000,188266.7,-117642.1,-197515.8,-479170.9,-34742.3,14320.9,15336.0,22242.1,0.0,0.0,-43991.4,43669.8,0,0
56.4167,3102.523,168.909,2702.523,425.191,77.832,-32.036,84.167,-0.685,0.684,32,22.38,9.62,1.0161,0.0437,1.1758,285.39,338.71,0.2485,63828.6,13828.57,3.774,222000,188266.7,-117642.1,-197264.7,-479160.2,-34755.8,14308.6,15298.6,22287.3,0.0,0.0,-43753.9,43664.6,0,0
56.5167,3110.302,165.71,2710.302,428.39,77.763,-31.967,84.078,-0.682,0.684,32,22.35,9.65,1.0184,0.0439,1.1755,285.37,338.7,0.2482,63828.2,13828.19,3.774,222000,188266.7,-117642.1,-197015.4,-479156.8,-34770.2,14296.5,15261.5,22333.1,0.0,0.0,-43518.9,43652.2,0,0
56.6167,3118.075,162.517,2718.075,431.583,77.695,-31.899,83.989,-0.678,0.684,32,22.33,9.67,1.0207,0.0441,1.1751,285.35,338.69,0.248,63827.8,13827.81,3.774,222000,188266.7,-117642.1,-196767.7,-479160.3,-34785.2,14284.6,15224.5,22379.5,0.0,0.0,-43286.2,43633.0,0,0
56.7167,3125.84,159.331,2725.84,434.769,77.628,-31.831,83.9,-0.675,0.683,32,22.3,9.7,1.023,0.0443,1.1747,285.33,338.68,0.2477,63827.4,13827.43,3.774,222000,188266.7,-117642.1,-196521.6,-479170.6,-34801.0,14272.9,15187.7,22426.4,0.0,0.0,-43055.9,43607.4,0,0
56.8167,3133.599,156.152,2733.599,437.948,77.561,-31.762,83.812,-0.671,0.683,32,22.27,9.73,1.0253,0.0445,1.1744,285.31,338.67,0.2475,63827.1,13827.06,3.774,222000,188266.7,-117642.1,-196276.9,-479187.1,-34817.4,14261.4,15151.2,22473.8,0.0,0.0,-42827.7,43575.6,0,0
56.9167,3141.351,152.98,2741.351,441.12,77.494,-31.694,83.724,-0.667,0.682,32,22.25,9.75,1.0276,0.0447,1.174,285.29,338.65,0.2472,63826.7,13826.68,3.774,222000,188266.7,-117642.1,-196033.8,-479209.6,-34834.5,14250.0,15114.8,22521.7,0.0,0.0,-42601.6,43538.1,0,0
57.0167,3149.097,149.814,2749.097,444.286,77.427,-31.626,83.637,-0.664,0.681,32,22.22,9.78,1.03,0.0449,1.1737,285.27,338.64,0.247,63826.3,13826.3,3.774,222000,188266.7,-117642.1,-195791.9,-479237.8,-34852.2,14238.8,15078.6,22570.1,0.0,0.0,-42377.5,43495.0,0,0
57.1167,3156.836,146.656,2756.836,447.444,77.361,-31.558,83.55,-0.66,0.681,32,22.2,9.8,1.0323,0.0451,1.1733,285.25,338.63,0.2467,63825.9,13825.92,3.774,222000,188266.7,-117642.1,-195551.4,-479271.4,-34870.5,14227.8,15042.6,22618.8,0.0,0.0,-42155.3,43446.6,0,0
57.2167,3164.568,143.504,2764.568,450.596,77.295,-31.49,83.463,-0.657,0.68,32,22.17,9.83,1.0347,0.0453,1.1729,285.22,338.62,0.2465,63825.5,13825.55,3.774,222000,188266.7,-117642.1,-195312.1,-479310.2,-34889.4,14216.9,15006.8,22668.0,0.0,0.0,-41934.8,43393.3,0,0
57.3167,3172.294,140.359,2772.294,453.741,77.23,-31.422,83.377,-0.654,0.679,32,22.14,9.86,1.037,0.0455,1.1726,285.2,338.6,0.2462,63825.2,13825.17,3.774,222000,188266.7,-117642.1,-195074.0,-479353.9,-34908.9,14206.2,14971.2,22717.6,0.0,0.0,-41716.2,43335.2,0,0
57.4167,3180.013,137.221,2780.013,456.879,77.164,-31.354,83.291,-0.65,0.678,32,22.12,9.88,1.0394,0.0457,1.1722,285.18,338.59,0.246,63824.8,13824.79,3.774,222000,188266.7,-117642.1,-194837.0,-479402.2,-34928.8,14195.7,14935.8,22767.5,0.0,0.0,-41499.2,43272.6,0,0
57.5167,3187.725,134.089,2787.725,460.011,77.1,-31.286,83.206,-0.647,0.677,32,22.09,9.91,1.0418,0.0459,1.1719,285.16,338.58,0.2457,63824.4,13824.41,3.774,222000,188266.7,-117642.1,-194601.1,-479455.0,-34949.4,14185.2,14900.6,22817.8,0.0,0.0,-41283.8,43205.7,0,0
57.6167,3195.432,130.964,2795.432,463.136,77.035,-31.219,83.12,-0.643,0.676,32,22.06,9.94,1.0442,0.0462,1.1715,285.14,338.57,0.2455,63824.0,13824.04,3.774,222000,188266.7,-117642.1,-194366.3,-479512.0,-34970.4,14174.9,14865.6,22868.4,0.0,0.0,-41069.9,43134.7,0,0
57.7167,3203.131,127.847,2803.131,466.253,76.971,-31.151,83.036,-0.64,0.675,32,22.04,9.96,1.0466,0.0464,1.1712,285.12,338.56,0.2453,63823.7,13823.66,3.774,222000,188266.7,-117642.1,-194132.4,-479572.9,-34991.8,14164.8,14830.8,22919.3,0.0,0.0,-40857.5,43059.9,0,0
57.8167,3210.825,124.735,2810.825,469.365,76.907,-31.084,82.951,-0.637,0.673,32,22.01,9.99,1.049,0.0466,1.1708,285.1,338.54,0.245,63823.3,13823.28,3.774,222000,188266.7,-117642.1,-193899.5,-479637.7,-35013.8,14154.8,14796.1,22970.6,0.0,0.0,-40646.6,42981.4,0,0
57.9167,3218.512,121.631,2818.512,472.469,76.844,-31.016,82.867,-0.634,0.672,32,21.98,10.02,1.0514,0.0468,1.1704,285.08,338.53,0.2448,63822.9,13822.91,3.774,222000,188266.7,-117642.1,-193667.4,-479706.1,-35036.2,14144.8,14761.7,23022.1,0.0,0.0,-40437.0,42899.4,0,0
58.0167,3226.192,118.533,2826.192,475.567,76.78,-30.949,82.783,-0.63,0.671,32,21.96,10.04,1.0538,0.047,1.1701,285.06,338.52,0.2445,63822.5,13822.53,3.774,222000,188266.7,-117642.1,-193436.3,-479777.9,-35059.0,14135.1,14727.4,23073.8,0.0,0.0,-40228.7,42814.0,0,0
58.1167,3233.865,115.439,2833.865,478.661,76.661,-30.987,82.687,-1.88,-1.631,36,21.98,14.02,1.3646,0.0788,1.1697,285.04,338.51,0.2443,63822.2,13822.15,3.774,222000,179601.8,-130488.3,-250146.2,-619657.1,-49415.7,19948.4,14690.5,38599.7,0.0,0.0,-119960.2,-104101.8,0,1
58.2167,3241.522,112.335,2841.522,481.765,76.52,-31.053,82.581,-1.183,-0.17,41,22.08,18.92,1.1195,0.0531,1.1694,285.02,338.5,0.244,63821.8,13821.77,3.774,222000,167545.5,-145645.1,-205485.9,-506531.0,-37577.0,15244.0,14647.8,25903.5,0.0,0.0,-75517.4,-10840.5,0,1
58.3167,3249.167,109.229,2849.167,484.871,76.402,-31.069,82.477,-1.186,-0.16,41,22.12,18.88,1.1216,0.0532,1.169,285.0,338.48,0.2437,63821.4,13821.4,3.774,222000,167545.5,-145645.1,-205657.2,-505899.1,-37549.5,15264.6,14606.7,25926.8,0.0,0.0,-75661.2,-10191.7,0,1
58.4167,3256.801,106.121,2856.801,487.979,76.283,-31.085,82.373,-1.188,-0.149,41,22.16,18.84,1.1237,0.0534,1.1687,284.98,338.47,0.2434,63821.0,13821.02,3.774,222000,167545.5,-145645.1,-205814.8,-505248.1,-37520.4,15284.1,14565.5,25948.5,0.0,0.0,-75789.7,-9524.9,0,1
58.5167,3264.422,103.011,2864.422,491.089,76.164,-31.099,82.269,-1.189,-0.139,41,22.2,18.8,1.1257,0.0536,1.1683,284.96,338.46,0.2431,63820.6,13820.64,3.774,222000,167545.5,-145645.1,-205958.3,-504577.8,-37489.7,15302.5,14524.2,25968.3,0.0,0.0,-75902.4,-8839.9,0,1
58.6167,3272.031,99.9,2872.031,494.2,76.038,-31.127,82.162,-1.47,-0.707,39,22.25,16.75,1.2279,0.0638,1.168,284.94,338.45,0.2428,63820.3,13820.26,3.774,222000,172526.4,-139709.1,-224430.4,-548635.7,-41919.4,17148.0,14482.6,30808.5,0.0,0.0,-93823.4,-45120.1,0,1
58.7167,3279.626,96.782,2879.626,497.318,75.89,-31.203,82.055,-0.833,0.42,33,22.35,10.65,1.1084,0.052,1.1676,284.92,338.44,0.2425,63819.9,13819.89,3.774,222000,186184.9,-120909.9,-202873.3,-493399.1,-36503.0,15009.1,14439.3,25028.9,0.0,0.0,-53191.4,26773.2,0,0
58.8167,3287.213,93.67,2887.213,500.43,75.87,-31.042,81.975,-0.153,1.694,31,22.27,8.73,0.9357,0.0371,1.1673,284.9,338.42,0.2422,63819.5,13819.51,3.774,222000,190291.1,-114338.5,-170284.7,-415826.3,-29801.7,12204.1,14406.0,17797.7,0.0,0.0,-9795.3,108108.7,0,0
58.9167,3294.799,90.576,2894.799,503.524,75.854,-30.876,81.897,-0.167,1.639,31,22.17,8.83,0.9451,0.0378,1.1669,284.88,338.41,0.242,63819.1,13819.13,3.774,222000,190291.1,-114338.5,-170848.3,-419370.4,-30088.7,12257.9,14374.3,18115.4,0.0,0.0,-10645.8,104614.8,0,0
59.0167,3302.384,87.498,2902.384,506.602,75.836,-30.715,81.82,-0.179,1.587,31,22.07,8.93,0.9541,0.0385,1.1666,284.86,338.4,0.2418,63818.8,13818.75,3.774,222000,190291.1,-114338.5,-171365.6,-422757.1,-30366.2,12309.0,14343.1,18423.1,0.0,0.0,-11440.7,101275.4,0,0
59.1167,3309.966,84.435,2909.966,509.665,75.818,-30.559,81.745,-0.191,1.537,31,21.97,9.03,0.9628,0.0392,1.1662,284.84,338.39,0.2416,63818.4,13818.38,3.774,222000,190291.1,-114338.5,-171839.8,-425994.0,-30634.7,12357.6,14312.2,18720.9,0.0,0.0,-12183.3,98083.4,0,0
59.2167,3317.547,81.388,2917.547,512.712,75.798,-30.408,81.67,-0.202,1.489,31,21.87,9.13,0.9713,0.0399,1.1659,284.82,338.38,0.2414,63818.0,13818.0,3.774,222000,190291.1,-114338.5,-172273.9,-429088.0,-30894.2,12403.7,14281.8,19009.3,0.0,0.0,-12876.9,95031.8,0,0
59.3167,3325.128,78.362,2925.128,515.738,75.857,-30.1,81.61,1.356,4.686,26,21.7,4.3,0.537,0.0122,1.1655,284.8,338.36,0.2412,63817.6,13817.62,3.774,222000,199532.3,-97318.4,-94350.7,-237096.1,-18634.5,7415.5,14255.2,5800.6,0.0,0.0,86547.1,299051.8,0,0
59.4167,3332.725,75.386,2932.725,518.714,76.042,-29.523,81.572,1.861,5.764,24,21.29,2.71,0.394,0.0066,1.1652,284.78,338.35,0.2411,63817.2,13817.24,3.774,222000,202807.1,-90295.5,-67880.9,-174201.1,-16170.4,6301.1,14237.0,3117.7,0.0,0.0,118755.9,367851.6,0,0
59.5167,3340.34,72.466,2940.34,521.634,76.223,-28.962,81.54,1.773,5.501,24,20.87,3.13,0.4315,0.0079,1.1649,284.76,338.34,0.241,63816.9,13816.87,3.774,222000,202807.1,-90295.5,-72872.7,-191107.8,-16778.3,6397.8,14221.4,3735.3,0.0,0.0,113156.2,351037.9,0,0
59.6167,3347.972,69.602,2947.972,524.498,76.395,-28.427,81.513,1.692,5.248,24,20.47,3.53,0.4673,0.0092,1.1645,284.74,338.33,0.2409,63816.5,13816.49,3.774,222000,202807.1,-90295.5,-77406.9,-207311.4,-17410.5,6500.8,14207.7,4376.8,0.0,0.0,107989.8,334933.7,0,0
59.7167,3355.621,66.789,2955.621,527.311,76.56,-27.916,81.491,1.617,5.007,24,20.1,3.9,0.5014,0.0106,1.1642,284.73,338.32,0.2409,63816.1,13816.11,3.774,222000,202807.1,-90295.5,-81525.6,-222839.1,-18061.6,6607.8,14195.9,5036.5,0.0,0.0,103219.9,319509.2,0,0
59.8167,3363.287,64.026,2963.287,530.074,76.718,-27.429,81.474,1.548,4.775,24,19.73,4.27,0.5341,0.0121,1.1639,284.71,338.31,0.2408,63815.7,13815.73,3.774,222000,202807.1,-90295.5,-85267.1,-237717.8,-18726.9,6717.2,14185.9,5709.3,0.0,0.0,98813.1,304736.2,0,0
59.9167,3370.967,61.31,2970.967,532.79,76.869,-26.965,81.461,1.485,4.554,24,19.39,4.61,0.5652,0.0135,1.1636,284.69,338.3,0.2408,63815.4,13815.36,3.774,222000,202807.1,-90295.5,-88666.1,-251973.2,-19402.2,6827.4,14177.5,6390.9,0.0,0.0,94738.8,290587.3,0,0
60.0167,3378.663,58.64,2978.663,535.46,77.014,-26.522,81.453,1.426,4.341,24,19.06,4.94,0.595,0.015,1.1633,284.67,338.29,0.2408,63815.0,13814.98,3.774,222000,202807.1,-90295.5,-91754.3,-265630.1,-20083.6,6937.3,14170.6,7077.4,0.0,0.0,90969.2,277036.6,0,0
60.1167,3386.372,56.012,2986.372,538.088,77.153,-26.099,81.448,1.371,4.138,24,18.74,5.26,0.6233,0.0164,1.163,284.66,338.28,0.2408,63814.6,13814.6,3.774,222000,202807.1,-90295.5,-94560.4,-278712.7,-20767.8,7046.0,14165.2,7765.4,0.0,0.0,87478.8,264059.0,0,0
60.2167,3394.095,53.426,2994.095,540.674,77.287,-25.697,81.447,1.32,3.943,24,18.44,5.56,0.6504,0.0179,1.1627,284.64,338.27,0.2408,63814.2,13814.22,3.774,222000,202807.1,-90295.5,-97110.6,-291244.2,-21451.9,7152.8,14161.1,8451.9,0.0,0.0,84244.6,251630.6,0,0
60.3167,3401.832,50.879,3001.832,543.221,77.417,-25.314,81.45,1.273,3.757,24,18.15,5.85,0.6762,0.0194,1.1624,284.62,338.26,0.2408,63813.8,13813.85,3.774,222000,202807.1,-90295.5,-99428.5,-303246.9,-22133.4,7257.1,14158.3,9134.4,0.0,0.0,81245.2,239728.5,0,0
60.4167,3409.581,48.369,3009.581,545.731,77.541,-24.949,81.456,1.23,3.578,24,17.88,6.12,0.7008,0.0208,1.1621,284.61,338.25,0.2408,63813.5,13813.47,3.774,222000,202807.1,-90295.5,-101535.8,-314742.4,-22809.8,7358.5,14156.8,9810.6,0.0,0.0,78461.4,228330.7,0,0
60.5167,3417.342,45.895,3017.342,548.205,77.662,-24.601,81.465,1.189,3.407,24,17.62,6.38,0.7243,0.0222,1.1619,284.59,338.24,0.2409,63813.1,13813.09,3.774,222000,202807.1,-90295.5,-103452.1,-325751.3,-23479.4,7456.6,14156.3,10478.7,0.0,0.0,75875.5,217416.2,0,0
60.6167,3425.115,43.454,3025.115,550.646,77.779,-24.27,81.477,1.151,3.243,24,17.37,6.63,0.7467,0.0236,1.1616,284.57,338.23,0.2409,63812.7,13812.72,3.774,222000,202807.1,-90295.5,-105195.3,-336293.6,-24140.3,7551.3,14157.0,11136.9,0.0,0.0,73471.4,206964.9,0,0
60.7167,3432.899,41.046,3032.899,553.054,77.892,-23.955,81.492,1.116,3.087,24,17.13,6.87,0.768,0.025,1.1613,284.56,338.22,0.2409,63812.3,13812.34,3.774,222000,202807.1,-90295.5,-106781.6,-346388.4,-24791.2,7642.4,14158.6,11783.8,0.0,0.0,71234.3,196957.5,0,0
60.8167,3440.695,38.668,3040.695,555.432,78.001,-23.655,81.509,1.084,2.936,24,16.91,7.09,0.7884,0.0263,1.161,284.54,338.21,0.241,63812.0,13811.96,3.774,222000,202807.1,-90295.5,-108225.6,-356054.2,-25430.7,7729.9,14161.2,12418.3,0.0,0.0,69150.7,187375.4,0,0
60.9167,3448.501,36.319,3048.501,557.781,78.108,-23.37,81.529,1.053,2.793,24,16.69,7.31,0.8077,0.0276,1.1608,284.53,338.2,0.2411,63811.6,13811.58,3.774,222000,202807.1,-90295.5,-109541.0,-365308.7,-26057.9,7813.7,14164.7,13039.4,0.0,0.0,67208.3,178201.1,0,0
61.0167,3456.318,33.998,3056.318,560.102,78.212,-23.098,81.551,1.025,2.655,24,16.49,7.51,0.8262,0.0289,1.1605,284.51,338.19,0.2411,63811.2,13811.21,3.774,222000,202807.1,-90295.5,-110739.7,-374168.8,-26671.7,7893.8,14169.1,13646.3,0.0,0.0,65395.6,169417.4,0,0
61.1167,3464.145,31.703,3064.145,562.397,78.312,-22.841,81.575,0.998,2.523,24,16.29,7.71,0.8438,0.0301,1.1603,284.5,338.18,0.2412,63810.8,13810.83,3.774,222000,202807.1,-90295.5,-111833.0,-382650.9,-27271.6,7970.4,14174.2,14238.3,0.0,0.0,63702.5,161008.2,0,0
61.2167,3471.982,29.434,3071.982,564.666,78.411,-22.596,81.602,0.973,2.397,24,16.11,7.89,0.8605,0.0313,1.16,284.48,338.18,0.2413,63810.5,13810.45,3.774,222000,202807.1,-90295.5,-112830.8,-390770.6,-27856.9,8043.4,14180.1,14814.8,0.0,0.0,62119.4,152957.8,0,0
61.3167,3479.829,27.188,3079.829,566.912,78.507,-22.363,81.63,0.95,2.276,24,15.93,8.07,0.8764,0.0325,1.1597,284.47,338.17,0.2414,63810.1,13810.07,3.774,222000,202807.1,-90295.5,-113742.3,-398542.9,-28427.2,8113.0,14186.7,15375.5,0.0,0.0,60637.6,145251.4,0,0
61.4167,3487.685,24.964,3087.685,569.136,78.601,-22.142,81.66,0.929,2.161,24,15.76,8.24,0.8916,0.0336,1.1595,284.45,338.16,0.2415,63809.7,13809.7,3.774,222000,202807.1,-90295.5,-114575.9,-405982.3,-28982.0,8179.3,14193.9,15920.2,0.0,0.0,59249.2,137874.5,0,0
61.5167,3495.55,22.762,3095.55,571.338,78.692,-21.933,81.692,0.908,2.05,24,15.6,8.4,0.906,0.0347,1.1592,284.44,338.15,0.2416,63809.3,13809.32,3.774,222000,202807.1,-90295.5,-115339.0,-413102.6,-29521.2,8242.4,14201.8,16448.5,0.0,0.0,57946.9,130813.6,0,0
61.6167,3503.425,20.581,3103.425,573.519,78.782,-21.734,81.725,0.889,1.944,24,15.45,8.55,0.9197,0.0358,1.159,284.42,338.14,0.2417,63808.9,13808.94,3.774,222000,202807.1,-90295.5,-116038.4,-419917.1,-30044.7,8302.4,14210.3,16960.4,0.0,0.0,56724.0,124055.5,0,0
61.7167,3511.308,18.419,3111.308,575.681,78.87,-21.545,81.76,0.871,1.843,24,15.3,8.7,0.9328,0.0368,1.1588,284.41,338.13,0.2418,63808.6,13808.56,3.774,222000,202807.1,-90295.5,-116680.5,-426438.5,-30552.2,8359.6,14219.3,17455.9,0.0,0.0,55574.5,117587.5,0,0
61.8167,3519.2,16.275,3119.2,577.825,78.956,-21.367,81.796,0.854,1.746,24,15.16,8.84,0.9452,0.0378,1.1585,284.4,338.12,0.2419,63808.2,13808.19,3.774,222000,202807.1,-90295.5,-117270.7,-432679.1,-31043.8,8413.9,14228.9,17935.0,0.0,0.0,54492.6,111397.6,0,0
61.9167,3527.101,14.148,3127.101,579.952,79.04,-21.198,81.833,0.838,1.653,24,15.03,8.97,0.9569,0.0388,1.1583,284.38,338.12,0.242,63807.8,13807.81,3.774,222000,202807.1,-90295.5,-117814.3,-438650.4,-31519.6,8465.6,14238.9,18397.7,0.0,0.0,53473.2,105474.3,0,0
62.0167,3535.01,12.037,3135.01,582.063,79.123,-21.038,81.872,0.823,1.564,24,14.91,9.09,0.9681,0.0397,1.158,284.37,338.11,0.2421,63807.4,13807.43,3.774,222000,202807.1,-90295.5,-118315.8,-444363.9,-31979.6,8514.8,14249.4,18844.3,0.0,0.0,52511.7,99806.3,0,0
62.1167,3542.927,9.943,3142.927,584.157,79.205,-20.886,81.912,0.809,1.479,24,14.79,9.21,0.9788,0.0405,1.1578,284.36,338.1,0.2423,63807.1,13807.05,3.774,222000,202807.1,-90295.5,-118779.5,-449830.2,-32423.9,8561.7,14260.4,19274.9,0.0,0.0,51603.7,94383.1,0,0
62.2167,3550.852,7.862,3150.852,586.238,79.285,-20.743,81.953,0.795,1.398,24,14.68,9.32,0.9888,0.0414,1.1576,284.34,338.09,0.2424,63806.7,13806.68,3.774,222000,202807.1,-90295.5,-119209.1,-455059.7,-32852.9,8606.3,14271.7,19689.7,0.0,0.0,50745.1,89194.5,0,0
62.3167,3558.785,5.796,3158.785,588.304,79.364,-20.608,81.995,0.783,1.32,24,14.57,9.43,0.9984,0.0422,1.1573,284.33,338.08,0.2425,63806.3,13806.3,3.774,222000,202807.1,-90295.5,-119608.1,-460062.2,-33266.6,8648.7,14283.5,20089.0,0.0,0.0,49932.4,84230.8,0,0
62.4167,3566.728,3.749,3166.728,590.351,79.5,-20.308,82.053,1.926,4.669,19,14.39,4.61,0.5651,0.0135,1.1571,284.31,338.08,0.2427,63805.9,13805.92,3.774,222000,209905.1,-72276.1,-66926.8,-260890.1,-20090.8,5153.9,14299.0,6442.3,0.0,0.0,122887.6,297923.8,0,0
62.5167,3574.692,1.756,3174.692,592.344,79.761,-19.612,82.136,3.05,8.593,13,13.92,-0.92,0.0673,0.0002,1.1569,284.3,338.07,0.243,63805.5,13805.54,3.774,222000,216310.2,-49939.1,-7724.8,-31169.2,-13992.2,3467.8,14324.1,91.4,0.0,0.0,194593.1,548291.8,0,0
62.6167,3582.689,-0.145,3182.689,594.245,80.116,-18.529,82.231,3.877,12.41,7,13.17,-6.17,-0.4055,0.007,1.1567,284.29,338.06,0.2432,63805.2,13805.17,3.774,222000,220345.2,-27055.0,44218.3,188931.9,-17219.6,4030.1,14354.2,3330.8,0.0,0.0,247344.0,791835.8,0,0
62.7167,3590.724,-1.916,3190.724,596.016,80.536,-17.07,82.325,4.384,16.123,1,12.16,-11.16,-0.8545,0.0309,1.1565,284.28,338.05,0.2435,63804.8,13804.79,3.774,222000,221966.2,-3874.4,86308.0,400519.5,-28548.2,6151.9,14384.9,14818.6,0.0,0.0,279726.0,1028721.9,0,0
62.8167,3598.804,-3.521,3198.804,597.621,80.981,-15.32,82.418,4.38,17.526,-2,10.92,-12.92,-1.013,0.0434,1.1563,284.27,338.05,0.2438,63804.4,13804.41,3.774,222000,221864.8,7747.7,92216.7,477891.8,-34644.0,6685.1,14414.3,20868.8,0.0,0.0,279437.5,1118245.8,0,0
62.9167,3606.927,-4.953,3206.927,599.053,81.405,-13.615,82.536,4.145,16.729,-2,9.69,-11.69,-0.9024,0.0345,1.1561,284.26,338.04,0.2442,63804.0,13804.04,3.774,222000,221864.8,7747.7,73195.7,428510.0,-30613.6,5229.2,14451.9,16605.0,0.0,0.0,264446.9,1067404.5,0,0
63.0167,3615.091,-6.219,3215.091,600.319,81.808,-11.986,82.681,3.946,15.968,-2,8.52,-10.52,-0.7972,0.0269,1.156,284.25,338.04,0.2446,63803.7,13803.66,3.774,222000,221864.8,7747.7,57117.1,381055.4,-27198.1,4076.8,14499.5,13002.4,0.0,0.0,251783.7,1018793.7,0,0
63.1167,3623.294,-7.327,3223.294,601.427,82.192,-10.432,82.852,3.78,15.239,-2,7.41,-9.41,-0.6972,0.0206,1.1558,284.24,338.03,0.2451,63803.3,13803.28,3.774,222000,221864.8,7747.7,43649.5,335467.5,-24335.0,3166.4,14556.4,9983.7,0.0,0.0,241179.3,972291.8,0,0
63.2167,3631.535,-8.283,3231.535,602.383,82.562,-8.949,83.046,3.642,14.541,-2,6.36,-8.36,-0.6022,0.0153,1.1557,284.24,338.03,0.2457,63802.9,13802.9,3.774,222000,221864.8,7747.7,32497.4,291684.8,-21966.6,2447.4,14622.0,7480.5,0.0,0.0,232395.6,927786.3,0,0
63.3167,3639.813,-9.095,3239.813,603.195,82.92,-7.534,83.261,3.53,13.874,-2,5.35,-7.35,-0.5119,0.0111,1.1556,284.23,338.03,0.2463,63802.5,13802.53,3.774,222000,221864.8,7747.7,23396.4,249644.7,-20040.4,1878.2,14695.6,5432.6,0.0,0.0,225220.8,885173.3,0,0
63.4167,3648.125,-9.769,3248.125,603.869,83.267,-6.185,83.497,3.44,13.234,-2,4.4,-6.4,-0.4262,0.0077,1.1555,284.23,338.02,0.247,63802.1,13802.15,3.774,222000,221864.8,7747.7,16109.9,209285.0,-18508.2,1424.7,14776.7,3786.3,0.0,0.0,219466.4,844356.5,0,0
63.5167,3656.471,-10.312,3256.471,604.412,83.607,-4.897,83.75,3.369,12.621,-2,3.5,-5.5,-0.3448,0.005,1.1555,284.22,338.02,0.2478,63801.8,13801.77,3.774,222000,221864.8,7747.7,10425.4,170544.3,-17326.4,1059.2,14864.8,2494.0,0.0,0.0,214963.8,805246.5,0,0
63.6167,3664.852,-10.729,3264.852,604.829,83.941,-3.67,84.021,3.316,12.034,-2,2.64,-4.64,-0.2677,0.003,1.1554,284.22,338.02,0.2486,63801.4,13801.39,3.774,222000,221864.8,7747.7,6152.7,133362.2,-16454.9,759.1,14959.4,1513.0,0.0,0.0,211562.6,767760.7,0,0
63.7167,3673.265,-11.032,3273.265,605.132,84.267,-2.626,84.308,3.191,8.433,2,1.88,0.12,0.1606,0.0011,1.1554,284.22,338.02,0.2494,63801.0,13801.02,3.774,222000,221864.8,-7747.7,-2648.1,-80604.7,-15600.4,512.5,15060.4,548.4,0.0,0.0,203616.3,538048.1,0,0
63.8167,3681.709,-11.258,3281.709,605.358,84.569,-2.074,84.594,2.877,3.476,8,1.44,6.56,0.74,0.0232,1.1554,284.22,338.02,0.2503,63800.6,13800.64,3.774,222000,219839.5,-30896.4,-9429.2,-373910.1,-26870.6,677.6,15163.6,11715.5,0.0,0.0,183539.7,221755.3,0,0
63.9167,3690.183,-11.446,3290.183,605.546,84.857,-1.738,84.875,2.883,3.267,8,1.21,6.79,0.761,0.0245,1.1554,284.21,338.02,0.2511,63800.3,13800.26,3.774,222000,219839.5,-30896.4,-8182.6,-387117.5,-27730.6,586.1,15263.9,12472.9,0.0,0.0,183926.3,208452.7,0,0
64.0167,3698.686,-11.601,3298.686,605.701,85.146,-1.423,85.158,2.889,3.067,8,0.99,7.01,0.7807,0.0258,1.1553,284.21,338.02,0.2519,63799.9,13799.88,3.774,222000,219839.5,-30896.4,-6926.2,-399785.3,-28573.9,495.0,15365.4,13212.7,0.0,0.0,184339.4,195690.1,0,0
64.1167,3707.217,-11.726,3307.217,605.826,85.435,-1.128,85.442,2.896,2.875,8,0.79,7.21,0.799,0.027,1.1553,284.21,338.01,0.2528,63799.5,13799.51,3.774,222000,219839.5,-30896.4,-5671.6,-411932.8,-29398.5,404.8,15468.2,13933.2,0.0,0.0,184769.4,183448.7,0,0
64.2167,3715.777,-11.822,3315.777,605.922,85.725,-0.851,85.729,2.903,2.691,8,0.6,7.4,0.8161,0.0282,1.1553,284.21,338.01,0.2536,63799.1,13799.13,3.774,222000,219839.5,-30896.4,-4428.9,-423578.4,-30203.0,315.8,15572.0,14632.7,0.0,0.0,185207.6,171710.5,0,0
64.3167,3724.367,-11.892,3324.367,605.992,86.016,-0.592,86.018,2.91,2.515,8,0.42,7.58,0.832,0.0293,1.1553,284.21,338.01,0.2545,63798.8,13798.75,3.774,222000,219839.5,-30896.4,-3206.6,-434740.1,-30986.1,228.6,15676.8,15310.1,0.0,0.0,185646.8,160457.8,0,0
64.4167,3732.986,-11.937,3332.986,606.037,86.307,-0.351,86.308,2.917,2.346,8,0.26,7.74,0.8467,0.0303,1.1553,284.21,338.01,0.2553,63798.4,13798.37,3.774,222000,219839.5,-30896.4,-2012.3,-445435.3,-31746.7,143.4,15782.6,15964.4,0.0,0.0,186080.5,149673.8,0,0
64.5167,3741.633,-11.959,3341.633,606.059,86.599,-0.125,86.599,2.923,2.184,8,0.11,7.89,0.8604,0.0313,1.1553,284.21,338.01,0.2562,63798.0,13798.0,3.774,222000,219839.5,-30896.4,-852.3,-455680.6,-32484.0,60.8,15889.3,16594.8,0.0,0.0,186503.2,139342.0,0,0
64.6167,3750.31,-11.959,3350.31,606.059,86.892,0.084,86.892,2.93,2.029,8,-0.03,8.03,0.873,0.0323,1.1553,284.21,338.01,0.2571,63797.6,13797.62,3.774,222000,219839.5,-30896.4,268.1,-465492.4,-33197.5,-19.1,15996.9,17200.6,0.0,0.0,186910.1,129446.7,0,0
64.7167,3759.017,-11.939,3359.017,606.039,87.185,0.278,87.186,2.936,1.881,8,-0.16,8.16,0.8846,0.0331,1.1553,284.21,338.01,0.2579,63797.2,13797.24,3.774,222000,219839.5,-30896.4,1344.4,-474886.3,-33886.6,-95.9,16105.2,17781.5,0.0,0.0,187297.2,119972.3,0,0
64.8167,3767.752,-11.901,3367.752,606.001,87.479,0.458,87.48,2.942,1.738,8,-0.28,8.28,0.8953,0.0339,1.1553,284.21,338.01,0.2588,63796.9,13796.86,3.774,222000,219839.5,-30896.4,2372.9,-483877.3,-34551.2,-169.4,16214.3,18337.3,0.0,0.0,187661.2,110904.0,0,0
64.9167,3776.517,-11.845,3376.517,605.945,87.774,0.624,87.776,2.947,1.602,8,-0.39,8.39,0.9051,0.0347,1.1553,284.21,338.01,0.2597,63796.5,13796.49,3.774,222000,219839.5,-30896.4,3350.8,-492480.2,-35191.1,-239.4,16324.2,18867.8,0.0,0.0,187999.2,102227.4,0,0
65.0167,3785.312,-11.774,3385.312,605.874,88.069,0.776,88.072,2.952,1.472,8,-0.49,8.49,0.914,0.0354,1.1553,284.21,338.01,0.2606,63796.1,13796.11,3.774,222000,219839.5,-30896.4,4275.9,-500709.2,-35806.3,-305.8,16434.6,19373.0,0.0,0.0,188309.1,93928.4,0,0
65.1167,3794.136,-11.688,3394.136,605.788,88.364,0.916,88.369,2.956,1.348,8,-0.58,8.58,0.9222,0.036,1.1553,284.21,338.01,0.2614,63795.7,13795.73,3.774,222000,219839.5,-30896.4,5146.3,-508577.9,-36396.9,-368.3,16545.7,19853.0,0.0,0.0,188588.9,85993.5,0,0
65.2167,3802.99,-11.589,3402.99,605.689,88.66,1.044,88.666,2.96,1.229,8,-0.66,8.66,0.9296,0.0366,1.1553,284.21,338.02,0.2623,63795.4,13795.35,3.774,222000,219839.5,-30896.4,5961.0,-516099.6,-36963.1,-426.9,16657.4,20308.2,0.0,0.0,188837.4,78409.5,0,0
65.3167,3811.873,-11.478,3411.873,605.578,88.956,1.16,88.964,2.963,1.116,8,-0.74,8.74,0.9362,0.0371,1.1553,284.21,338.02,0.2632,63795.0,13794.98,3.774,222000,219839.5,-30896.4,6719.2,-523287.1,-37505.2,-481.6,16769.7,20738.7,0.0,0.0,189053.4,71163.6,0,0
65.4167,3820.786,-11.355,3420.786,605.455,89.253,1.265,89.262,2.966,1.007,8,-0.8,8.8,0.9422,0.0376,1.1554,284.21,338.02,0.2641,63794.6,13794.6,3.774,222000,219839.5,-30896.4,7420.6,-530153.0,-38023.6,-532.2,16882.4,21144.9,0.0,0.0,189236.4,64243.4,0,0
65.5167,3829.728,-11.223,3429.728,605.323,89.549,1.36,89.56,2.969,0.903,8,-0.86,8.86,0.9475,0.038,1.1554,284.22,338.02,0.265,63794.2,13794.22,3.774,222000,219839.5,-30896.4,8065.2,-536709.1,-38518.7,-578.8,16995.6,21527.4,0.0,0.0,189386.0,57636.9,0,0
65.6167,3838.701,-11.082,3438.701,605.182,89.846,1.445,89.858,2.971,0.805,8,-0.91,8.91,0.9522,0.0384,1.1554,284.22,338.02,0.2658,63793.8,13793.85,3.774,222000,219839.5,-30896.4,8653.5,-542967.2,-38991.0,-621.4,17109.3,21886.6,0.0,0.0,189502.0,51332.6,0,0
65.7167,3847.703,-10.933,3447.703,605.033,90.143,1.519,90.156,2.972,0.71,8,-0.96,8.96,0.9563,0.0387,1.1554,284.22,338.02,0.2667,63793.5,13793.47,3.774,222000,219839.5,-30896.4,9185.9,-548938.5,-39440.9,-660.0,17223.4,22223.0,0.0,0.0,189584.5,45319.0,0,0
65.8167,3856.734,-10.786,3456.734,604.886,90.422,1.374,90.433,2.596,-3.396,13,-0.91,13.91,1.3701,0.0795,1.1554,284.22,338.02,0.2675,63793.1,13793.09,3.774,222000,216310.2,-49939.1,12527.1,-791494.4,-63233.7,-1000.8,17332.4,45909.3,0.0,0.0,165603.5,-216624.1,0,1
65.9167,3865.791,-10.663,3465.791,604.763,90.688,1.158,90.695,2.68,-1.55,18,-0.75,18.75,1.1281,0.0539,1.1554,284.22,338.02,0.2683,63792.7,13792.71,3.774,222000,211134.5,-68601.8,8558.6,-655456.6,-48729.0,-636.3,17432.7,31300.5,0.0,0.0,170964.1,-98888.2,0,1
66.0167,3874.876,-10.556,3474.876,604.656,90.954,0.997,90.96,2.654,-1.656,18,-0.65,18.65,1.1332,0.0544,1.1554,284.22,338.02,0.2691,63792.3,13792.34,3.774,222000,211134.5,-68601.8,7461.3,-662315.2,-49303.0,-555.4,17534.9,31771.2,0.0,0.0,169292.8,-105669.6,0,1
66.1167,3883.986,-10.467,3483.986,604.567,91.218,0.825,91.222,2.626,-1.766,18,-0.54,18.54,1.1386,0.0549,1.1555,284.22,338.02,0.2699,63792.0,13791.96,3.774,222000,211134.5,-68601.8,6269.5,-669361.7,-49897.1,-467.4,17636.5,32262.8,0.0,0.0,167507.0,-112631.7,0,1
66.2167,3893.123,-10.395,3493.123,604.495,91.479,0.641,91.481,2.596,-1.878,18,-0.42,18.42,1.1444,0.0554,1.1555,284.22,338.02,0.2706,63791.6,13791.58,3.774,222000,211134.5,-68601.8,4978.3,-676600.0,-50511.8,-371.7,17737.3,32775.9,0.0,0.0,165601.1,-119778.0,0,1
66.3167,3902.286,-10.342,3502.286,604.442,91.737,0.447,91.738,2.564,-1.993,18,-0.3,18.3,1.1505,0.056,1.1555,284.22,338.02,0.2714,63791.2,13791.2,3.774,222000,211134.5,-68601.8,3582.6,-684034.1,-51148.0,-267.9,17837.2,33311.5,0.0,0.0,163569.1,-127112.1,0,1
66.4167,3911.475,-10.309,3511.475,604.409,91.991,0.241,91.992,2.53,-2.111,18,-0.17,18.17,1.1569,0.0567,1.1555,284.22,338.02,0.2721,63790.8,13790.83,3.774,222000,211134.5,-68601.8,2076.8,-691668.0,-51806.4,-155.6,17936.3,33870.3,0.0,0.0,161404.9,-134637.4,0,1
66.5167,3920.689,-10.298,3520.689,604.398,92.242,0.023,92.242,2.494,-2.232,18,-0.04,18.04,1.1636,0.0573,1.1555,284.22,338.02,0.2729,63790.4,13790.45,3.774,222000,211134.5,-68601.8,455.3,-699505.6,-52487.9,-34.2,18034.5,34453.5,0.0,0.0,159101.9,-142357.3,0,1
66.6167,3929.927,-10.309,3529.927,604.409,92.489,-0.208,92.49,2.456,-2.356,18,0.1,17.9,1.1707,0.058,1.1555,284.22,338.02,0.2736,63790.1,13790.07,3.774,222000,211134.5,-68601.8,-1288.1,-707550.7,-53193.3,96.8,18131.6,35061.8,0.0,0.0,156653.1,-150275.0,0,1
66.7167,3939.191,-10.343,3539.191,604.443,92.733,-0.451,92.734,2.415,-2.483,18,0.25,17.75,1.1781,0.0588,1.1555,284.22,338.02,0.2743,63789.7,13789.69,3.774,222000,211134.5,-68601.8,-3159.7,-715807.0,-53923.5,238.0,18227.6,35696.4,0.0,0.0,154051.4,-158393.8,0,1
66.8167,3948.478,-10.397,3548.478,604.497,92.981,-0.558,92.983,2.526,-0.054,24,0.34,23.66,0.8827,0.033,1.1555,284.22,338.02,0.2751,63789.3,13789.32,3.774,222000,202807.1,-90295.5,-3232.0,-539142.8,-38467.7,230.6,18324.9,20143.5,0.0,0.0,161107.4,-3434.5,0,1
66.9167,3957.791,-10.447,3557.791,604.547,93.236,-0.459,93.237,2.559,1.202,27,0.29,26.71,0.7302,0.0226,1.1555,284.22,338.02,0.2758,63788.9,13788.94,3.774,222000,197803.4,-100785.9,-2304.2,-448463.3,-32286.2,165.9,18425.2,13861.4,0.0,0.0,163213.1,76686.1,0,1
67.0167,3967.13,-10.486,3567.13,604.586,93.493,-0.339,93.493,2.567,1.199,27,0.22,26.78,0.7265,0.0223,1.1555,284.22,338.02,0.2766,63788.6,13788.56,3.774,222000,197803.4,-100785.9,-1722.2,-448630.1,-32321.9,124.1,18526.4,13795.8,0.0,0.0,163759.3,76473.9,0,1
67.1167,3976.494,-10.513,3576.494,604.613,93.75,-0.219,93.75,2.576,1.195,27,0.15,26.85,0.7228,0.0221,1.1555,284.22,338.02,0.2774,63788.2,13788.18,3.774,222000,197803.4,-100785.9,-1144.7,-448806.9,-32359.2,82.5,18628.3,13731.0,0.0,0.0,164299.6,76251.9,0,1
67.2167,3985.884,-10.528,3585.884,604.628,94.008,-0.1,94.008,2.584,1.192,27,0.07,26.93,0.7191,0.0219,1.1555,284.22,338.02,0.2781,63787.8,13787.81,3.774,222000,197803.4,-100785.9,-571.5,-448993.9,-32398.0,41.2,18730.8,13667.2,0.0,0.0,164834.0,76019.8,0,1
67.3167,3995.3,-10.531,3595.3,604.631,94.267,0.019,94.267,2.592,1.188,27,0.0,27.0,0.7155,0.0217,1.1555,284.22,338.02,0.2789,63787.4,13787.43,3.774,222000,197803.4,-100785.9,-2.8,-449191.5,-32438.3,0.2,18834.1,13604.2,0.0,0.0,165362.4,75777.5,0,1
67.4167,4004.742,-10.522,3604.742,604.622,94.527,0.138,94.527,2.601,1.184,27,-0.07,27.07,0.7119,0.0215,1.1555,284.22,338.02,0.2796,63787.1,13787.05,3.774,222000,197803.4,-100785.9,561.5,-449399.8,-32480.1,-40.6,18938.0,13542.1,0.0,0.0,165884.8,75524.7,0,1
67.5167,4014.21,-10.502,3614.21,604.602,94.787,0.256,94.787,2.609,1.18,27,-0.14,27.14,0.7083,0.0212,1.1555,284.22,338.02,0.2804,63786.7,13786.67,3.774,222000,197803.4,-100785.9,1121.3,-449619.2,-32523.5,-81.1,19042.7,13480.9,0.0,0.0,166401.3,75261.0,0,1
67.6167,4023.704,-10.469,3623.704,604.569,95.048,0.374,95.049,2.617,1.176,27,-0.21,27.21,0.7048,0.021,1.1555,284.22,338.02,0.2812,63786.3,13786.3,3.774,222000,197803.4,-100785.9,1676.6,-449850.1,-32568.4,-121.4,19148.0,13420.6,0.0,0.0,166911.7,74986.2,0,1
67.7167,4033.224,-10.425,3633.224,604.525,95.311,0.491,95.312,2.625,1.171,27,-0.28,27.28,0.7013,0.0208,1.1555,284.22,338.02,0.282,63785.9,13785.92,3.774,222000,197803.4,-100785.9,2227.4,-450092.6,-32614.9,-161.4,19254.1,13361.2,0.0,0.0,167416.0,74700.0,0,1
67.8167,4042.77,-10.369,3642.77,604.469,95.573,0.608,95.575,2.632,1.166,27,-0.35,27.35,0.6978,0.0206,1.1555,284.22,338.02,0.2828,63785.5,13785.54,3.774,222000,197803.4,-100785.9,2773.7,-450347.1,-32662.9,-201.2,19360.8,13302.7,0.0,0.0,167914.2,74402.0,0,1
67.9167,4052.343,-10.302,3652.343,604.402,95.837,0.724,95.84,2.64,1.162,27,-0.42,27.42,0.6944,0.0204,1.1555,284.22,338.02,0.2835,63785.2,13785.17,3.774,222000,197803.4,-100785.9,3315.5,-450614.0,-32712.6,-240.7,19468.2,13245.2,0.0,0.0,168406.3,74091.9,0,1
68.0167,4061.942,-10.222,3661.942,604.322,96.102,0.84,96.105,2.648,1.157,27,-0.49,27.49,0.691,0.0202,1.1555,284.22,338.02,0.2843,63784.8,13784.79,3.774,222000,197803.4,-100785.9,3852.7,-450893.5,-32763.8,-280.0,19576.3,13188.7,0.0,0.0,168892.3,73769.4,0,1
68.1167,4071.568,-10.132,3671.568,604.232,96.367,0.955,96.372,2.655,1.151,27,-0.56,27.56,0.6876,0.02,1.1555,284.22,338.02,0.2851,63784.4,13784.41,3.774,222000,197803.4,-100785.9,4385.3,-451186.2,-32816.7,-319.0,19685.1,13133.1,0.0,0.0,169372.0,73434.0,0,1
68.2167,4081.22,-10.029,3681.22,604.129,96.633,1.07,96.639,2.663,1.146,27,-0.62,27.62,0.6843,0.0198,1.1555,284.22,338.02,0.2859,63784.0,13784.03,3.774,222000,197803.4,-100785.9,4913.3,-451492.3,-32871.2,-357.7,19794.6,13078.5,0.0,0.0,169845.5,73085.5,0,1
68.3167,4090.899,-9.916,3690.899,604.016,96.9,1.184,96.907,2.67,1.14,27,-0.69,27.69,0.681,0.0196,1.1555,284.22,338.02,0.2867,63783.7,13783.66,3.774,222000,197803.4,-100785.9,5436.7,-451812.3,-32927.3,-396.2,19904.8,13024.9,0.0,0.0,170312.8,72723.3,0,1
68.4167,4100.604,-9.791,3700.604,603.891,97.167,1.298,97.176,2.677,1.134,27,-0.75,27.75,0.6777,0.0194,1.1555,284.22,338.02,0.2875,63783.3,13783.28,3.774,222000,197803.4,-100785.9,5955.4,-452146.5,-32985.1,-434.5,20015.6,12972.3,0.0,0.0,170773.7,72347.1,0,1
68.5167,4110.337,-9.654,3710.337,603.754,97.435,1.411,97.445,2.685,1.128,27,-0.82,27.82,0.6745,0.0193,1.1555,284.23,338.02,0.2883,63782.9,13782.9,3.774,222000,197803.4,-100785.9,6469.4,-452495.4,-33044.5,-472.4,20127.1,12920.8,0.0,0.0,171228.3,71956.5,0,1
68.6167,4120.096,-9.507,3720.096,603.607,97.704,1.524,97.716,2.692,1.122,27,-0.88,27.88,0.6713,0.0191,1.1556,284.23,338.02,0.2891,63782.5,13782.52,3.774,222000,197803.4,-100785.9,6978.7,-452859.5,-33105.7,-510.2,20239.3,12870.3,0.0,0.0,171676.5,71551.0,0,1
68.7167,4129.882,-9.348,3729.882,603.448,97.974,1.635,97.987,2.699,1.115,27,-0.95,27.95,0.6682,0.0189,1.1556,284.23,338.02,0.2899,63782.1,13782.15,3.774,222000,197803.4,-100785.9,7483.3,-453239.2,-33168.5,-547.6,20352.2,12820.8,0.0,0.0,172118.2,71130.2,0,1
68.8167,4139.695,-9.178,3739.695,603.278,98.244,1.747,98.259,2.705,1.108,27,-1.01,28.01,0.6651,0.0187,1.1556,284.23,338.02,0.2907,63781.8,13781.77,3.774,222000,197803.4,-100785.9,7983.1,-453635.0,-33233.0,-584.8,20465.7,12772.4,0.0,0.0,172553.5,70693.5,0,1
68.9167,4149.535,-8.996,3749.535,603.096,98.515,1.857,98.532,2.712,1.101,27,-1.07,28.07,0.662,0.0185,1.1556,284.23,338.03,0.2915,63781.4,13781.39,3.774,222000,197803.4,-100785.9,8478.1,-454047.4,-33299.3,-621.8,20579.9,12725.2,0.0,0.0,172982.2,70240.4,0,1
69.0167,4159.403,-8.804,3759.403,602.904,98.786,1.967,98.806,2.719,1.094,27,-1.13,28.13,0.659,0.0184,1.1556,284.23,338.03,0.2923,63781.0,13781.01,3.774,222000,197803.4,-100785.9,8968.2,-454476.9,-33367.3,-658.4,20694.8,12679.0,0.0,0.0,173404.4,69770.5,0,1
69.1167,4169.297,-8.601,3769.297,602.701,99.059,2.076,99.08,2.725,1.086,27,-1.19,28.19,0.656,0.0182,1.1557,284.23,338.03,0.2931,63780.6,13780.64,3.774,222000,197803.4,-100785.9,9453.5,-454924.1,-33437.1,-694.8,20810.3,12634.0,0.0,0.0,173819.9,69283.2,0,1
69.2167,4179.219,-8.387,3779.219,602.487,99.332,2.184,99.356,2.732,1.078,27,-1.25,28.25,0.653,0.018,1.1557,284.23,338.03,0.2939,63780.3,13780.26,3.774,222000,197803.4,-100785.9,9933.9,-455389.6,-33508.6,-731.0,20926.5,12590.1,0.0,0.0,174228.7,68777.8,0,1
69.3167,4189.168,-8.163,3789.168,602.263,99.605,2.291,99.631,2.738,1.07,27,-1.31,28.31,0.6501,0.0179,1.1557,284.24,338.03,0.2947,63779.9,13779.88,3.774,222000,197803.4,-100785.9,10409.4,-455874.0,-33582.0,-766.8,21043.3,12547.4,0.0,0.0,174630.8,68253.9,0,1
69.4167,4199.144,-7.927,3799.144,602.027,99.879,2.398,99.908,2.744,1.062,27,-1.37,28.37,0.6472,0.0177,1.1557,284.24,338.03,0.2956,63779.5,13779.5,3.774,222000,197803.4,-100785.9,10879.9,-456377.9,-33657.2,-802.4,21160.8,12506.0,0.0,0.0,175026.1,67710.8,0,1
69.5167,4209.148,-7.682,3809.148,601.782,100.154,2.503,100.185,2.75,1.053,27,-1.42,28.42,0.6444,0.0176,1.1558,284.24,338.03,0.2964,63779.1,13779.13,3.774,222000,197803.4,-100785.9,11345.4,-456901.8,-33734.3,-837.7,21279.0,12465.7,0.0,0.0,175414.6,67147.8,0,1
69.6167,4219.18,-7.425,3819.18,601.525,100.429,2.608,100.463,2.756,1.044,27,-1.48,28.48,0.6416,0.0174,1.1558,284.24,338.03,0.2972,63778.7,13778.75,3.774,222000,197803.4,-100785.9,11805.8,-457446.6,-33813.2,-872.7,21397.7,12426.7,0.0,0.0,175796.1,66564.3,0,1
69.7167,4229.239,-7.158,3829.239,601.258,100.705,2.712,100.742,2.762,1.034,27,-1.53,28.53,0.6388,0.0173,1.1558,284.24,338.03,0.298,63778.4,13778.37,3.774,222000,197803.4,-100785.9,12261.1,-458012.9,-33894.0,-907.3,21517.1,12389.0,0.0,0.0,176170.6,65959.6,0,1
69.8167,4239.326,-6.881,3839.326,600.981,100.982,2.815,101.021,2.768,1.024,27,-1.59,28.59,0.6361,0.0171,1.1559,284.24,338.03,0.2988,63778.0,13777.99,3.774,222000,197803.4,-100785.9,12711.3,-458601.5,-33976.7,-941.7,21637.2,12352.6,0.0,0.0,176538.0,65333.0,0,1
69.9167,4249.44,-6.594,3849.44,600.694,101.259,2.917,101.301,2.774,1.014,27,-1.64,28.64,0.6334,0.017,1.1559,284.25,338.03,0.2997,63777.6,13777.62,3.774,222000,197803.4,-100785.9,13156.3,-459213.0,-34061.4,-975.8,21757.9,12317.5,0.0,0.0,176898.3,64683.6,0,1
70.0167,4259.582,-6.296,3859.582,600.396,101.537,3.017,101.582,2.779,1.004,27,-1.69,28.69,0.6308,0.0168,1.1559,284.25,338.04,0.3005,63777.2,13777.24,3.774,222000,197803.4,-100785.9,13596.0,-459848.4,-34148.0,-1009.6,21879.2,12283.7,0.0,0.0,177251.4,64010.8,0,1
70.1167,4269.752,-5.988,3869.752,600.088,101.815,3.117,101.863,2.785,0.993,27,-1.75,28.75,0.6282,0.0167,1.156,284.25,338.04,0.3013,63776.9,13776.86,3.774,222000,197803.4,-100785.9,14030.4,-460508.4,-34236.7,-1043.1,22001.1,12251.4,0.0,0.0,177597.2,63313.7,0,1
70.2167,4279.95,-5.671,3879.95,599.771,102.094,3.216,102.144,2.79,0.981,27,-1.8,28.8,0.6257,0.0166,1.156,284.25,338.04,0.3022,63776.5,13776.48,3.774,222000,197803.4,-100785.9,14459.5,-461193.8,-34327.3,-1076.2,22123.7,12220.5,0.0,0.0,177935.6,62591.4,0,1
70.3167,4290.175,-5.344,3890.175,599.444,102.373,3.313,102.427,2.795,0.97,27,-1.85,28.85,0.6232,0.0164,1.156,284.25,338.04,0.303,63776.1,13776.11,3.774,222000,197803.4,-100785.9,14883.1,-461905.7,-34420.1,-1109.1,22246.9,12191.1,0.0,0.0,178266.5,61843.0,0,1
70.4167,4300.429,-5.007,3900.429,599.107,102.653,3.409,102.71,2.8,0.958,27,-1.89,28.89,0.6208,0.0163,1.1561,284.26,338.04,0.3038,63775.7,13775.73,3.774,222000,197803.4,-100785.9,15301.2,-462644.8,-34514.9,-1141.5,22370.6,12163.1,0.0,0.0,178589.8,61067.7,0,1
70.5167,4310.711,-4.66,3910.711,598.76,102.933,3.505,102.993,2.805,0.945,27,-1.94,28.94,0.6184,0.0162,1.1561,284.26,338.04,0.3047,63775.4,13775.35,3.774,222000,197803.4,-100785.9,15713.8,-463412.2,-34611.8,-1173.6,22495.0,12136.7,0.0,0.0,178905.4,60264.4,0,1
70.6167,4321.02,-4.304,3921.02,598.404,103.214,3.598,103.277,2.81,0.932,27,-1.99,28.99,0.616,0.0161,1.1561,284.26,338.04,0.3055,63775.0,13774.98,3.774,222000,197803.4,-100785.9,16120.7,-464209.0,-34710.9,-1205.4,22620.0,12111.9,0.0,0.0,179213.2,59432.2,0,1
70.7167,4331.358,-3.939,3931.358,598.039,103.495,3.691,103.561,2.815,0.918,27,-2.03,29.03,0.6137,0.0159,1.1562,284.26,338.04,0.3064,63774.6,13774.6,3.774,222000,197803.4,-100785.9,16522.0,-465036.0,-34812.2,-1236.8,22745.5,12088.7,0.0,0.0,179513.2,58570.1,0,1
70.8167,4341.724,-3.565,3941.724,597.665,103.777,3.782,103.846,2.819,0.904,27,-2.08,29.08,0.6115,0.0158,1.1562,284.26,338.05,0.3072,63774.2,13774.22,3.774,222000,197803.4,-100785.9,16917.4,-465894.5,-34915.8,-1267.8,22871.7,12067.1,0.0,0.0,179805.1,57676.8,0,1
70.9167,4352.118,-3.181,3952.118,597.281,104.059,3.871,104.131,2.824,0.89,27,-2.12,29.12,0.6093,0.0157,1.1563,284.27,338.05,0.308,63773.8,13773.84,3.774,222000,197803.4,-100785.9,17307.0,-466785.6,-35021.6,-1298.5,22998.4,12047.2,0.0,0.0,180088.8,56751.4,0,1
71.0167,4362.541,-2.789,3962.541,596.889,104.342,3.959,104.417,2.828,0.875,27,-2.17,29.17,0.6072,0.0156,1.1563,284.27,338.05,0.3089,63773.5,13773.47,3.774,222000,197803.4,-100785.9,17690.6,-467710.5,-35129.7,-1328.7,23125.7,12029.1,0.0,0.0,180364.3,55792.6,0,1
71.1167,4372.991,-2.388,3972.991,596.488,104.625,4.046,104.703,2.832,0.859,27,-2.21,29.21,0.6051,0.0155,1.1564,284.27,338.05,0.3097,63773.1,13773.09,3.774,222000,197803.4,-100785.9,18068.1,-468670.4,-35240.2,-1358.6,23253.6,12012.8,0.0,0.0,180631.3,54799.2,0,1
71.2167,4383.47,-1.978,3983.47,596.078,104.908,4.131,104.99,2.836,0.843,27,-2.25,29.25,0.6031,0.0154,1.1564,284.28,338.05,0.3106,63772.7,13772.71,3.774,222000,197803.4,-100785.9,18439.4,-469666.5,-35353.1,-1388.0,23382.0,11998.3,0.0,0.0,180889.8,53769.9,0,1
71.3167,4393.978,-1.561,3993.978,595.661,105.192,4.214,105.277,2.84,0.826,27,-2.29,29.29,0.6011,0.0153,1.1565,284.28,338.05,0.3114,63772.3,13772.33,3.774,222000,197803.4,-100785.9,18804.5,-470700.4,-35468.4,-1417.0,23511.0,11985.7,0.0,0.0,181139.5,52703.4,0,1
71.4167,4404.514,-1.134,4004.514,595.234,105.477,4.296,105.564,2.844,0.809,27,-2.33,29.33,0.5992,0.0152,1.1565,284.28,338.06,0.3123,63772.0,13771.96,3.774,222000,197803.4,-100785.9,19163.1,-471773.2,-35586.3,-1445.5,23640.5,11975.1,0.0,0.0,181380.3,51598.3,0,1
71.5167,4415.078,-0.7,4015.078,594.8,105.761,4.376,105.852,2.848,0.791,27,-2.36,29.36,0.5973,0.0151,1.1566,284.28,338.06,0.3131,63771.6,13771.58,3.774,222000,197803.4,-100785.9,19515.3,-472886.6,-35706.7,-1473.6,23770.6,11966.5,0.0,0.0,181612.0,50453.2,0,1
71.6167,4425.671,-0.258,4025.671,594.358,106.046,4.454,106.14,2.851,0.773,27,-2.4,29.4,0.5955,0.015,1.1566,284.29,338.06,0.314,63771.2,13771.2,3.774,222000,197803.4,-100785.9,19860.7,-474041.9,-35829.7,-1501.1,23901.1,11960.0,0.0,0.0,181834.5,49266.5,0,1
71.7167,4436.292,0.192,4036.292,593.908,106.332,4.53,106.428,2.855,0.753,27,-2.43,29.43,0.5938,0.0149,1.1567,284.29,338.06,0.3148,63770.8,13770.82,3.774,222000,197803.4,-100785.9,20199.4,-475240.8,-35955.4,-1528.2,24032.2,11955.6,0.0,0.0,182047.5,48036.8,0,1
71.8167,4446.942,0.649,4046.942,593.451,106.617,4.604,106.717,2.858,0.733,27,-2.47,29.47,0.5921,0.0148,1.1567,284.29,338.06,0.3157,63770.4,13770.45,3.774,222000,197803.4,-100785.9,20531.1,-476485.0,-36083.8,-1554.8,24163.9,11953.4,0.0,0.0,182250.8,46762.4,0,1
71.9167,4457.62,1.114,4057.62,592.986,106.903,4.676,107.005,2.861,0.713,27,-2.5,29.5,0.5905,0.0148,1.1568,284.3,338.06,0.3165,63770.1,13770.07,3.774,222000,197803.4,-100785.9,20855.7,-477776.1,-36215.0,-1580.8,24296.0,11953.5,0.0,0.0,182444.2,45441.5,0,1
72.0167,4468.327,1.586,4068.327,592.514,107.189,4.746,107.294,2.864,0.691,27,-2.53,29.53,0.589,0.0147,1.1568,284.3,338.07,0.3174,63769.7,13769.69,3.774,222000,197803.4,-100785.9,21173.0,-479116.0,-36349.0,-1606.3,24428.6,11955.9,0.0,0.0,182627.4,44072.5,0,1
72.1167,4479.063,2.064,4079.063,592.036,107.476,4.814,107.584,2.867,0.669,27,-2.56,29.56,0.5875,0.0146,1.1569,284.3,338.07,0.3182,63769.3,13769.31,3.774,222000,197803.4,-100785.9,21482.8,-480506.4,-36486.0,-1631.2,24561.7,11960.8,0.0,0.0,182800.2,42653.5,0,1
72.2167,4489.827,2.55,4089.827,591.55,107.763,4.88,107.873,2.869,0.646,27,-2.59,29.59,0.5861,0.0145,1.1569,284.3,338.07,0.3191,63768.9,13768.94,3.774,222000,197803.4,-100785.9,21785.0,-481949.3,-36626.0,-1655.6,24695.2,11968.2,0.0,0.0,182962.4,41182.5,0,1
72.3167,4500.62,3.041,4100.62,591.059,108.05,4.943,108.163,2.872,0.622,27,-2.61,29.61,0.5847,0.0145,1.157,284.31,338.07,0.3199,63768.6,13768.56,3.774,222000,197803.4,-100785.9,22079.2,-483446.7,-36769.1,-1679.3,24829.2,11978.2,0.0,0.0,183113.5,39657.7,0,1
72.4167,4511.442,3.539,4111.442,590.561,108.337,5.004,108.453,2.874,0.597,27,-2.64,29.64,0.5835,0.0144,1.157,284.31,338.07,0.3208,63768.2,13768.18,3.774,222000,197803.4,-100785.9,22365.4,-485000.8,-36915.4,-1702.3,24963.7,11990.9,0.0,0.0,183253.4,38076.9,0,1
72.5167,4522.292,4.043,4122.292,590.057,108.625,5.062,108.743,2.876,0.571,27,-2.66,29.66,0.5823,0.0144,1.1571,284.31,338.08,0.3217,63767.8,13767.8,3.774,222000,197803.4,-100785.9,22643.2,-486613.6,-37064.9,-1724.7,25098.6,12006.4,0.0,0.0,183381.8,36437.9,0,1
72.6167,4533.172,4.552,4133.172,589.548,108.912,5.117,109.032,2.878,0.545,27,-2.69,29.69,0.5812,0.0143,1.1571,284.32,338.08,0.3225,63767.4,13767.43,3.774,222000,197803.4,-100785.9,22912.4,-488287.6,-37217.7,-1746.4,25234.0,12024.7,0.0,0.0,183498.1,34738.6,0,1
72.7167,4544.08,5.067,4144.08,589.033,109.2,5.17,109.323,2.879,0.517,27,-2.71,29.71,0.5801,0.0142,1.1572,284.32,338.08,0.3234,63767.0,13767.05,3.774,222000,197803.4,-100785.9,23172.7,-490024.9,-37374.0,-1767.4,25369.7,12046.0,0.0,0.0,183602.2,32976.6,0,1
72.8167,4555.016,5.587,4155.016,588.513,109.488,5.22,109.613,2.881,0.488,27,-2.73,29.73,0.5791,0.0142,1.1573,284.32,338.08,0.3242,63766.7,13766.67,3.774,222000,197803.4,-100785.9,23423.9,-491828.2,-37533.8,-1787.6,25505.9,12070.5,0.0,0.0,183693.5,31149.4,0,1
72.9167,4565.982,6.112,4165.982,587.988,109.776,5.267,109.903,2.882,0.459,27,-2.74,29.74,0.5783,0.0142,1.1573,284.33,338.08,0.3251,63766.3,13766.3,3.774,222000,197803.4,-100785.9,23665.5,-493699.9,-37697.2,-1807.0,25642.4,12098.1,0.0,0.0,183771.7,29254.5,0,1
73.0167,4576.976,6.641,4176.976,587.459,110.065,5.312,110.193,2.883,0.428,27,-2.76,29.76,0.5775,0.0141,1.1574,284.33,338.09,0.3259,63765.9,13765.92,3.774,222000,197803.4,-100785.9,23897.4,-495642.8,-37864.4,-1825.6,25779.3,12129.1,0.0,0.0,183836.4,27289.3,0,1
73.1167,4588.0,7.175,4188.0,586.925,110.353,5.353,110.483,2.884,0.396,27,-2.77,29.77,0.5767,0.0141,1.1574,284.33,338.09,0.3268,63765.5,13765.54,3.774,222000,197803.4,-100785.9,24119.0,-497659.6,-38035.5,-1843.4,25916.6,12163.5,0.0,0.0,183887.0,25251.1,0,1
73.2167,4599.052,7.712,4199.052,586.388,110.641,5.39,110.773,2.884,0.363,27,-2.79,29.79,0.5761,0.014,1.1575,284.34,338.09,0.3276,63765.2,13765.16,3.774,222000,197803.4,-100785.9,24330.0,-499753.2,-38210.5,-1860.2,26054.2,12201.6,0.0,0.0,183923.0,23136.9,0,1
73.3167,4610.133,8.253,4210.133,585.847,110.93,5.424,111.062,2.885,0.328,27,-2.8,29.8,0.5756,0.014,1.1576,284.34,338.09,0.3285,63764.8,13764.79,3.774,222000,197803.4,-100785.9,24530.1,-501926.6,-38389.6,-1876.2,26192.1,12243.3,0.0,0.0,183943.9,20943.9,0,1
73.4167,4621.243,8.798,4221.243,585.302,111.218,5.455,111.352,2.885,0.293,27,-2.81,29.81,0.5751,0.014,1.1576,284.34,338.09,0.3294,63764.4,13764.41,3.774,222000,197803.4,-100785.9,24718.7,-504183.0,-38573.0,-1891.1,26330.4,12289.0,0.0,0.0,183949.1,18668.8,0,1
73.5167,4632.381,9.345,4232.381,584.755,111.507,5.482,111.641,2.885,0.256,27,-2.81,29.81,0.5748,0.014,1.1577,284.35,338.1,0.3302,63764.0,13764.03,3.774,222000,197803.4,-100785.9,24895.4,-506525.6,-38760.8,-1905.1,26469.0,12338.6,0.0,0.0,183938.0,16308.6,0,1
73.6167,4643.549,9.894,4243.549,584.206,111.795,5.506,111.931,2.884,0.217,27,-2.82,29.82,0.5745,0.014,1.1577,284.35,338.1,0.3311,63763.7,13763.65,3.774,222000,197803.4,-100785.9,25059.6,-508957.9,-38953.1,-1917.9,26607.8,12392.5,0.0,0.0,183909.9,13859.7,0,1
73.7167,4654.745,10.446,4254.745,583.654,112.084,5.525,112.22,2.884,0.178,27,-2.82,29.82,0.5744,0.014,1.1578,284.36,338.1,0.3319,63763.3,13763.28,3.774,222000,197803.4,-100785.9,25210.8,-511483.4,-39150.1,-1929.7,26746.9,12450.8,0.0,0.0,183864.1,11318.8,0,1
73.8167,4665.97,11.0,4265.97,583.1,112.372,5.541,112.508,2.883,0.136,27,-2.82,29.82,0.5743,0.014,1.1579,284.36,338.1,0.3328,63762.9,13762.9,3.774,222000,197803.4,-100785.9,25348.5,-514105.7,-39352.0,-1940.3,26886.2,12513.6,0.0,0.0,183799.9,8682.2,0,1
73.9167,4677.224,11.554,4277.224,582.546,112.66,5.552,112.797,2.881,0.093,27,-2.82,29.82,0.5744,0.014,1.1579,284.36,338.1,0.3336,63762.5,13762.52,3.774,222000,197803.4,-100785.9,25471.8,-516828.7,-39559.0,-1949.7,27025.7,12581.2,0.0,0.0,183716.3,5946.1,0,1
74.0167,4688.507,12.11,4288.507,581.99,112.948,5.558,113.085,2.88,0.049,27,-2.82,29.82,0.5746,0.014,1.158,284.37,338.11,0.3345,63762.1,13762.14,3.774,222000,197803.4,-100785.9,25580.3,-519656.5,-39771.1,-1957.7,27165.5,12653.8,0.0,0.0,183612.7,3106.5,0,1
74.1167,4699.819,12.666,4299.819,581.434,113.236,5.561,113.372,2.878,0.003,27,-2.81,29.81,0.5749,0.014,1.1581,284.37,338.11,0.3353,63761.8,13761.77,3.774,222000,197803.4,-100785.9,25673.1,-522593.1,-39988.7,-1964.5,27305.4,12731.5,0.0,0.0,183487.9,159.5,0,1
74.2167,4711.159,13.222,4311.159,580.878,113.524,5.558,113.66,2.875,-0.045,27,-2.8,29.8,0.5753,0.014,1.1581,284.37,338.11,0.3362,63761.4,13761.39,3.774,222000,197803.4,-100785.9,25749.4,-525642.8,-40211.9,-1969.8,27445.5,12814.6,0.0,0.0,183341.0,-2899.4,0,1
74.3167,4722.528,13.777,4322.528,580.323,113.811,5.551,113.946,2.873,-0.095,27,-2.79,29.79,0.5758,0.014,1.1582,284.38,338.11,0.337,63761.0,13761.01,3.774,222000,197803.4,-100785.9,25808.4,-528810.3,-40440.9,-1973.7,27585.7,12903.3,0.0,0.0,183170.9,-6074.4,0,1
74.4167,4733.926,14.332,4333.926,579.768,114.098,5.538,114.232,2.87,-0.147,27,-2.78,29.78,0.5764,0.0141,1.1582,284.38,338.12,0.3379,63760.6,13760.63,3.774,222000,197803.4,-100785.9,25849.2,-532100.2,-40676.1,-1976.0,27726.1,12998.0,0.0,0.0,182976.6,-9370.3,0,1
74.5167,4745.353,14.884,4345.353,579.216,114.385,5.52,114.518,2.866,-0.201,27,-2.77,29.77,0.5772,0.0141,1.1583,284.38,338.12,0.3387,63760.3,13760.26,3.774,222000,197803.4,-100785.9,25870.7,-535517.2,-40917.5,-1976.7,27866.5,13098.8,0.0,0.0,182756.6,-12791.7,0,1
74.6167,4756.808,15.425,4356.808,578.675,114.677,5.258,114.797,2.93,-4.385,21,-2.66,23.66,0.8824,0.033,1.1584,284.39,338.12,0.3395,63759.9,13759.88,3.774,222000,207254.9,-79557.7,38263.1,-822791.3,-58705.0,-2730.0,28005.2,30763.3,0.0,0.0,186812.9,-279594.5,0,1
74.7167,4768.293,15.915,4368.293,578.185,114.964,4.634,115.057,2.824,-6.703,18,-2.36,20.36,1.0472,0.0464,1.1584,284.39,338.12,0.3403,63759.5,13759.5,3.774,222000,211134.5,-68601.8,40524.1,-981300.9,-71610.2,-2957.2,28135.0,43536.3,0.0,0.0,180048.4,-427379.2,0,1
74.8167,4779.805,16.339,4379.805,577.761,115.24,3.945,115.307,2.715,-7.024,18,-2.02,20.02,1.0645,0.048,1.1585,284.39,338.12,0.341,63759.1,13759.12,3.774,222000,211134.5,-68601.8,35337.1,-1002115.7,-73395.9,-2588.1,28259.4,45182.1,0.0,0.0,173075.8,-447828.6,0,1
74.9167,4791.345,16.692,4391.345,577.408,115.505,3.223,115.55,2.596,-7.354,18,-1.66,19.66,1.0825,0.0496,1.1585,284.4,338.12,0.3417,63758.7,13758.75,3.774,222000,211134.5,-68601.8,29663.1,-1023595.6,-75269.0,-2181.2,28379.9,46920.7,0.0,0.0,165528.6,-468905.3,0,1
75.0167,4802.91,16.97,4402.91,577.13,115.757,2.468,115.783,2.468,-7.695,18,-1.29,19.29,1.1012,0.0513,1.1585,284.4,338.13,0.3424,63758.4,13758.37,3.774,222000,211134.5,-68601.8,23464.6,-1045750.5,-77234.2,-1733.0,28496.3,48757.3,0.0,0.0,157365.0,-490615.6,0,1
75.1167,4814.5,17.171,4414.5,576.929,115.996,1.678,116.008,2.33,-8.045,18,-0.9,18.9,1.1207,0.0532,1.1586,284.4,338.13,0.3431,63758.0,13757.99,3.774,222000,211134.5,-68601.8,16702.2,-1068588.8,-79296.3,-1239.4,28608.4,50697.7,0.0,0.0,148540.4,-512964.1,0,1
75.2167,4826.113,17.291,4426.113,576.809,116.22,0.853,116.223,2.18,-8.406,18,-0.49,18.49,1.141,0.0551,1.1586,284.4,338.13,0.3437,63757.6,13757.61,3.774,222000,211134.5,-68601.8,9333.5,-1092117.5,-81460.4,-696.2,28715.9,52747.5,0.0,0.0,139007.6,-535953.3,0,1
75.3167,4837.747,17.326,4437.747,576.774,116.429,-0.009,116.429,2.019,-8.777,18,-0.07,18.07,1.1621,0.0572,1.1586,284.4,338.13,0.3443,63757.2,13757.24,3.774,222000,211134.5,-68601.8,1313.5,-1116341.7,-83731.7,-98.5,28818.5,54913.2,0.0,0.0,128716.4,-559583.5,0,1
75.4167,4849.401,17.273,4449.401,576.827,116.621,-0.909,116.624,1.845,-9.157,18,0.37,17.63,1.1841,0.0593,1.1586,284.4,338.13,0.3449,63756.9,13756.86,3.774,222000,211134.5,-68601.8,-7405.2,-1141264.1,-86115.4,558.8,28916.1,57201.1,0.0,0.0,117613.9,-583852.3,0,1
75.5167,4861.073,17.128,4461.073,576.972,116.794,-1.848,116.809,1.657,-9.548,18,0.83,17.17,1.2069,0.0617,1.1586,284.4,338.13,0.3455,63756.5,13756.48,3.774,222000,211134.5,-68601.8,-16873.2,-1166885.2,-88617.1,1281.4,29008.3,59618.1,0.0,0.0,105644.2,-608754.5,0,1
75.6167,4872.762,16.886,4472.762,577.214,116.948,-2.826,116.982,1.455,-9.949,18,1.3,16.7,1.2306,0.0641,1.1585,284.4,338.13,0.346,63756.1,13756.11,3.774,222000,211134.5,-68601.8,-27143.8,-1193202.6,-91242.5,2075.6,29094.9,62171.2,0.0,0.0,92748.2,-634281.4,0,1
75.7167,4884.465,16.545,4484.465,577.555,117.081,-3.844,117.144,1.237,-10.359,18,1.8,16.2,1.2553,0.0667,1.1585,284.4,338.12,0.3465,63755.7,13755.73,3.774,222000,211134.5,-68601.8,-38273.3,-1220210.9,-93997.4,2948.3,29175.6,64868.1,0.0,0.0,78863.9,-660420.6,0,1
75.8167,4896.179,16.097,4496.179,578.003,117.187,-4.939,117.291,1.027,-10.749,15,2.33,12.67,1.2906,0.0705,1.1585,284.39,338.12,0.3469,63755.4,13755.35,3.774,222000,214435.5,-57457.8,-51077.2,-1257244.2,-97907.4,3977.6,29248.3,68739.9,0.0,0.0,65451.0,-685284.4,0,0
75.9167,4907.907,15.563,4507.907,578.537,117.348,-5.555,117.479,1.79,-4.588,11,2.67,8.33,0.8994,0.0342,1.1584,284.39,338.12,0.3474,63755.0,13754.97,3.774,222000,217921.2,-42359.6,-41026.1,-878510.2,-62748.1,2930.3,29336.4,33480.1,0.0,0.0,114147.0,-292503.2,0,0
76.0167,4919.652,14.981,4519.652,579.119,117.526,-5.999,117.679,1.771,-4.333,11,2.89,8.11,0.8801,0.0328,1.1583,284.39,338.12,0.348,63754.6,13754.6,3.774,222000,217921.2,-42359.6,-43502.5,-862425.7,-61525.7,3103.5,29434.6,32169.4,0.0,0.0,112893.0,-276249.2,0,0
76.1167,4931.415,14.357,4531.415,579.743,117.702,-6.418,117.877,1.753,-4.094,11,3.09,7.91,0.862,0.0315,1.1583,284.38,338.12,0.3486,63754.2,13754.22,3.774,222000,217921.2,-42359.6,-45724.2,-847324.6,-60405.7,3259.7,29532.1,30961.5,0.0,0.0,111791.4,-260995.6,0,0
76.2167,4943.195,13.692,4543.195,580.408,117.876,-6.814,118.073,1.738,-3.869,11,3.28,7.72,0.845,0.0302,1.1582,284.38,338.11,0.3492,63753.8,13753.84,3.774,222000,217921.2,-42359.6,-47719.8,-833148.8,-59378.9,3401.0,29628.8,29847.4,0.0,0.0,110822.5,-246682.2,0,0
76.3167,4954.993,12.988,4554.993,581.112,118.049,-7.189,118.268,1.725,-3.659,11,3.46,7.54,0.8289,0.0291,1.1581,284.37,338.11,0.3498,63753.5,13753.46,3.774,222000,217921.2,-42359.6,-49514.9,-819843.8,-58437.3,3529.4,29724.8,28818.9,0.0,0.0,109969.0,-233252.6,0,0
76.4167,4966.808,12.249,4566.808,581.851,118.221,-7.543,118.461,1.713,-3.461,11,3.62,7.38,0.8139,0.028,1.158,284.37,338.11,0.3504,63753.1,13753.09,3.774,222000,217921.2,-42359.6,-51132.1,-807357.8,-57573.3,3646.3,29820.2,27868.5,0.0,0.0,109215.8,-220653.3,0,0
76.5167,4978.64,11.474,4578.64,582.626,118.392,-7.878,118.654,1.703,-3.276,11,3.78,7.22,0.7996,0.0271,1.1579,284.36,338.1,0.3509,63752.7,13752.71,3.774,222000,217921.2,-42359.6,-52591.4,-795641.9,-56780.5,3753.1,29914.9,26989.5,0.0,0.0,108549.4,-208834.3,0,0
76.6167,4990.489,10.668,4590.489,583.432,118.561,-8.196,118.844,1.693,-3.102,11,3.93,7.07,0.7863,0.0262,1.1579,284.36,338.1,0.3515,63752.3,13752.33,3.774,222000,217921.2,-42359.6,-53910.3,-784650.1,-56052.6,3851.2,30009.0,26175.8,0.0,0.0,107958.3,-197748.2,0,0
76.7167,5002.355,9.831,4602.355,584.269,118.73,-8.496,119.034,1.685,-2.939,11,4.07,6.93,0.7737,0.0253,1.1578,284.35,338.1,0.3521,63752.0,13751.95,3.774,222000,217921.2,-42359.6,-55104.7,-774338.8,-55384.3,3941.3,30102.5,25421.8,0.0,0.0,107432.3,-187350.4,0,0
76.8167,5014.238,8.964,4614.238,585.136,118.898,-8.781,119.222,1.678,-2.786,11,4.2,6.8,0.7618,0.0246,1.1577,284.35,338.1,0.3526,63751.6,13751.58,3.774,222000,217921.2,-42359.6,-56188.3,-764667.0,-54770.4,4024.6,30195.4,24722.7,0.0,0.0,106962.5,-177599.1,0,0
76.9167,5026.137,8.07,4626.137,586.03,119.066,-9.051,119.409,1.671,-2.642,11,4.33,6.67,0.7506,0.0238,1.1576,284.34,338.09,0.3532,63751.2,13751.2,3.774,222000,217921.2,-42359.6,-57173.6,-755596.0,-54206.6,4101.6,30287.7,24073.8,0.0,0.0,106541.1,-168454.7,0,0
77.0167,5038.054,7.15,4638.054,586.95,119.232,-9.308,119.595,1.665,-2.508,11,4.44,6.56,0.74,0.0232,1.1575,284.34,338.09,0.3537,63750.8,13750.82,3.774,222000,217921.2,-42359.6,-58071.2,-747089.2,-53688.7,4173.2,30379.6,23471.1,0.0,0.0,106161.3,-159880.1,0,0
77.1167,5049.987,6.205,4649.987,587.895,119.399,-9.551,119.78,1.66,-2.382,11,4.56,6.44,0.73,0.0226,1.1574,284.33,338.08,0.3543,63750.4,13750.44,3.774,222000,217921.2,-42359.6,-58891.0,-739112.4,-53212.9,4239.9,30470.9,22910.7,0.0,0.0,105817.3,-151840.3,0,0
77.2167,5061.936,5.237,4661.936,588.863,119.564,-9.782,119.964,1.655,-2.264,11,4.66,6.34,0.7206,0.022,1.1572,284.32,338.08,0.3548,63750.1,13750.07,3.774,222000,217921.2,-42359.6,-59641.5,-731633.2,-52775.9,4302.2,30561.7,22389.2,0.0,0.0,105503.8,-144302.5,0,0
77.3167,5073.902,4.245,4673.902,589.855,119.73,-10.002,120.147,1.65,-2.153,11,4.76,6.24,0.7117,0.0214,1.1571,284.32,338.08,0.3554,63749.7,13749.69,3.774,222000,217921.2,-42359.6,-60330.3,-724621.1,-52374.5,4360.6,30652.1,21903.6,0.0,0.0,105216.5,-137235.7,0,0
77.4167,5085.885,3.233,4685.885,590.867,119.894,-10.211,120.328,1.646,-2.049,11,4.85,6.15,0.7032,0.0209,1.157,284.31,338.07,0.3559,63749.3,13749.31,3.774,222000,217921.2,-42359.6,-60964.0,-718047.4,-52005.9,4415.4,30742.0,21451.0,0.0,0.0,104951.3,-130610.8,0,0
77.5167,5097.884,2.2,4697.884,591.9,120.059,-10.41,120.509,1.642,-1.951,11,4.94,6.06,0.6953,0.0205,1.1569,284.3,338.07,0.3565,63748.9,13748.93,3.774,222000,217921.2,-42359.6,-61548.8,-711885.1,-51667.5,4467.1,30831.5,21028.7,0.0,0.0,104705.0,-124400.5,0,0
77.6167,5109.899,1.148,4709.899,592.952,120.223,-10.6,120.689,1.639,-1.86,11,5.03,5.97,0.6877,0.02,1.1568,284.3,338.07,0.357,63748.6,13748.56,3.774,222000,217921.2,-42359.6,-62089.8,-706108.8,-51356.9,4515.9,30920.6,20634.5,0.0,0.0,104474.5,-118579.1,0,0
77.7167,5121.931,0.077,4721.931,594.023,120.387,-10.781,120.868,1.635,-1.775,11,5.1,5.9,0.6806,0.0196,1.1567,284.29,338.06,0.3575,63748.2,13748.18,3.774,222000,217921.2,-42359.6,-62591.8,-700694.6,-51072.1,4562.2,31009.3,20266.2,0.0,0.0,104257.4,-113122.4,0,0
77.8167,5133.979,-1.011,4733.979,595.111,120.55,-10.954,121.047,1.632,-1.694,11,5.18,5.82,0.6738,0.0192,1.1565,284.28,338.06,0.3581,63747.8,13747.8,3.774,222000,217921.2,-42359.6,-63058.9,-695620.2,-50810.9,4606.1,31097.6,19921.7,0.0,0.0,104051.5,-108007.8,0,0
77.9167,5146.044,-2.116,4746.044,596.216,120.713,-11.119,121.224,1.629,-1.619,11,5.25,5.75,0.6674,0.0189,1.1564,284.28,338.05,0.3586,63747.4,13747.43,3.774,222000,217921.2,-42359.6,-63494.9,-690864.3,-50571.6,4647.9,31185.6,19599.2,0.0,0.0,103854.8,-103213.8,0,0
78.0167,5158.125,-3.237,4758.125,597.337,120.876,-11.277,121.401,1.626,-1.549,11,5.32,5.68,0.6613,0.0185,1.1563,284.27,338.05,0.3591,63747.0,13747.05,3.774,222000,217921.2,-42359.6,-63903.0,-686407.2,-50352.6,4687.7,31273.2,19297.1,0.0,0.0,103665.7,-98720.5,0,0
78.1167,5170.222,-4.374,4770.222,598.474,121.038,-11.428,121.576,1.623,-1.483,11,5.38,5.62,0.6555,0.0182,1.1562,284.26,338.04,0.3596,63746.7,13746.67,3.774,222000,217921.2,-42359.6,-64286.2,-682230.1,-50152.2,4725.8,31360.5,19013.9,0.0,0.0,103482.8,-94509.1,0,0
78.2167,5182.335,-5.525,4782.335,599.625,121.2,-11.572,121.751,1.621,-1.421,11,5.44,5.56,0.65,0.0179,1.156,284.25,338.04,0.3602,63746.3,13746.29,3.774,222000,217921.2,-42359.6,-64647.1,-678315.6,-49969.2,4762.3,31447.4,18748.2,0.0,0.0,103305.0,-90561.8,0,0
78.3167,5194.464,-6.69,4794.464,600.79,121.362,-11.711,121.926,1.618,-1.363,11,5.5,5.5,0.6448,0.0176,1.1559,284.25,338.03,0.3607,63745.9,13745.92,3.774,222000,217921.2,-42359.6,-64987.9,-674647.3,-49802.1,4797.4,31534.1,18498.6,0.0,0.0,103131.2,-86862.1,0,0
78.4167,5206.61,-7.869,4806.61,601.969,121.524,-11.844,122.1,1.615,-1.308,11,5.56,5.44,0.6398,0.0173,1.1558,284.24,338.03,0.3612,63745.5,13745.54,3.774,222000,217921.2,-42359.6,-65310.8,-671209.6,-49649.9,4831.1,31620.5,18263.9,0.0,0.0,102960.5,-83394.3,0,0
78.5167,5218.772,-9.061,4818.772,603.161,121.685,-11.972,122.273,1.613,-1.257,11,5.61,5.39,0.6351,0.0171,1.1556,284.23,338.03,0.3617,63745.2,13745.16,3.774,222000,217921.2,-42359.6,-65617.7,-667988.0,-49511.4,4863.6,31706.6,18043.1,0.0,0.0,102792.2,-80144.0,0,0
78.6167,5230.95,-10.265,4830.95,604.365,121.846,-12.095,122.445,1.61,-1.209,11,5.66,5.34,0.6306,0.0168,1.1555,284.22,338.02,0.3622,63744.8,13744.78,3.774,222000,217921.2,-42359.6,-65910.0,-664969.0,-49385.7,4895.0,31792.4,17835.2,0.0,0.0,102625.6,-77097.3,0,0
78.7167,5243.144,-11.482,4843.144,605.582,122.007,-12.213,122.617,1.607,-1.165,11,5.71,5.29,0.6262,0.0166,1.1554,284.22,338.02,0.3628,63744.4,13744.41,3.774,222000,217921.2,-42359.6,-66189.2,-662139.8,-49271.7,4925.3,31878.0,17639.2,0.0,0.0,102460.3,-74241.4,0,0
78.8167,5255.354,-12.71,4855.354,606.81,122.168,-12.327,122.788,1.605,-1.123,11,5.75,5.25,0.6221,0.0164,1.1552,284.21,338.01,0.3633,63744.0,13744.03,3.774,222000,217921.2,-42359.6,-66456.8,-659488.3,-49168.7,4954.7,31963.3,17454.3,0.0,0.0,102295.8,-71564.3,0,0
78.9167,5267.58,-13.949,4867.58,608.049,122.328,-12.437,122.959,1.602,-1.083,11,5.8,5.2,0.6182,0.0162,1.1551,284.2,338.01,0.3638,63743.7,13743.65,3.774,222000,217921.2,-42359.6,-66713.7,-657003.3,-49075.8,4983.3,32048.4,17279.7,0.0,0.0,102131.7,-69054.4,0,0
79.0167,5279.822,-15.199,4879.822,609.299,122.488,-12.543,123.129,1.6,-1.046,11,5.84,5.16,0.6144,0.016,1.155,284.19,338.0,0.3643,63743.3,13743.27,3.774,222000,217921.2,-42359.6,-66961.1,-654674.3,-48992.4,5011.0,32133.3,17114.7,0.0,0.0,101967.7,-66701.3,0,0
79.1167,5292.08,-16.459,4892.08,610.559,122.648,-12.646,123.298,1.597,-1.012,11,5.88,5.12,0.6108,0.0158,1.1548,284.18,338.0,0.3648,63742.9,13742.9,3.774,222000,217921.2,-42359.6,-67199.9,-652491.2,-48917.7,5038.0,32217.9,16958.5,0.0,0.0,101803.7,-64495.0,0,0
79.2167,5304.354,-17.73,4904.354,611.83,122.808,-12.745,123.467,1.595,-0.979,11,5.92,5.08,0.6073,0.0156,1.1547,284.17,337.99,0.3653,63742.5,13742.52,3.774,222000,217921.2,-42359.6,-67430.8,-650445.0,-48851.1,5064.3,32302.3,16810.6,0.0,0.0,101639.3,-62426.1,0,0
79.3167,5316.644,-19.01,4916.644,613.11,122.967,-12.841,123.635,1.592,-0.949,11,5.96,5.04,0.604,0.0154,1.1545,284.17,337.99,0.3658,63742.1,13742.14,3.774,222000,217921.2,-42359.6,-67654.7,-648526.7,-48792.1,5090.0,32386.5,16670.4,0.0,0.0,101474.4,-60485.8,0,0
79.4167,5328.95,-20.299,4928.95,614.399,123.126,-12.934,123.803,1.589,-0.92,11,5.99,5.01,0.6008,0.0153,1.1544,284.16,337.98,0.3663,63741.8,13741.76,3.774,222000,217921.2,-42359.6,-67872.1,-646728.2,-48740.2,5115.1,32470.5,16537.3,0.0,0.0,101309.0,-58666.0,0,0
79.5167,5341.272,-21.598,4941.272,615.698,123.285,-13.025,123.971,1.587,-0.894,11,6.03,4.97,0.5977,0.0151,1.1542,284.15,337.98,0.3668,63741.4,13741.39,3.774,222000,217921.2,-42359.6,-68083.6,-645042.0,-48694.7,5139.7,32554.4,16410.9,0.0,0.0,101142.9,-56958.9,0,0
79.6167,5353.61,-22.906,4953.61,617.006,123.443,-13.113,124.138,1.584,-0.868,11,6.06,4.94,0.5948,0.015,1.1541,284.14,337.97,0.3673,63741.0,13741.01,3.774,222000,217921.2,-42359.6,-68289.8,-643460.8,-48655.4,5163.7,32638.0,16290.7,0.0,0.0,100976.0,-55357.3,0,0
79.7167,5365.964,-24.222,4965.964,618.322,123.601,-13.198,124.304,1.582,-0.845,11,6.09,4.91,0.5919,0.0148,1.1539,284.13,337.97,0.3678,63740.6,13740.63,3.774,222000,217921.2,-42359.6,-68491.2,-641977.8,-48621.7,5187.3,32721.4,16176.2,0.0,0.0,100808.4,-53854.4,0,0
79.8167,5378.333,-25.546,4978.333,619.646,123.759,-13.281,124.47,1.579,-0.823,11,6.12,4.88,0.5892,0.0147,1.1538,284.12,337.96,0.3683,63740.3,13740.25,3.774,222000,217921.2,-42359.6,-68688.1,-640586.8,-48593.3,5210.5,32804.7,16067.1,0.0,0.0,100639.9,-52444.0,0,0
79.9167,5390.718,-26.879,4990.718,620.979,123.917,-13.362,124.636,1.576,-0.802,11,6.15,4.85,0.5865,0.0146,1.1536,284.12,337.96,0.3688,63739.9,13739.88,3.774,222000,217921.2,-42359.6,-68880.9,-639281.8,-48569.7,5233.3,32887.8,15963.1,0.0,0.0,100470.6,-51120.0,0,0
80.0167,5403.119,-28.22,5003.119,622.32,124.075,-13.441,124.801,1.574,-0.783,11,6.18,4.82,0.584,0.0144,1.1535,284.11,337.95,0.3693,63739.5,13739.5,3.774,222000,217921.2,-42359.6,-69069.9,-638057.4,-48550.8,5255.6,32970.7,15863.7,0.0,0.0,100300.5,-49876.9,0,0
80.1167,5415.536,-29.569,5015.536,623.669,124.232,-13.518,124.965,1.571,-0.764,11,6.21,4.79,0.5815,0.0143,1.1533,284.1,337.95,0.3698,63739.1,13739.12,3.774,222000,217921.2,-42359.6,-69255.6,-636908.3,-48536.0,5277.7,33053.5,15768.7,0.0,0.0,100129.6,-48709.4,0,0
80.2167,5427.968,-30.925,5027.968,625.025,124.389,-13.594,125.129,1.568,-0.747,11,6.23,4.77,0.5791,0.0142,1.1532,284.09,337.94,0.3703,63738.7,13738.74,3.774,222000,217921.2,-42359.6,-69438.0,-635829.7,-48525.3,5299.4,33136.1,15677.7,0.0,0.0,99958.0,-47612.8,0,0
80.3167,5440.416,-32.289,5040.416,626.389,124.545,-13.668,125.293,1.566,-0.731,11,6.26,4.74,0.5767,0.0141,1.153,284.08,337.94,0.3708,63738.4,13738.37,3.774,222000,217921.2,-42359.6,-69617.5,-634817.0,-48518.2,5320.8,33218.5,15590.6,0.0,0.0,99785.5,-46582.4,0,0
80.4167,5452.88,-33.66,5052.88,627.76,124.702,-13.74,125.456,1.563,-0.716,11,6.28,4.72,0.5745,0.014,1.1529,284.07,337.93,0.3712,63738.0,13737.99,3.774,222000,217921.2,-42359.6,-69794.3,-633865.9,-48514.6,5341.9,33300.8,15507.0,0.0,0.0,99612.4,-45614.0,0,0
80.5167,5465.359,-35.038,5065.359,629.138,124.858,-13.811,125.619,1.56,-0.701,11,6.31,4.69,0.5723,0.0139,1.1527,284.06,337.93,0.3717,63737.6,13737.61,3.774,222000,217921.2,-42359.6,-69968.6,-632972.5,-48514.1,5362.7,33382.9,15426.7,0.0,0.0,99438.5,-44703.4,0,0
80.6167,5477.854,-36.423,5077.854,630.523,125.014,-13.88,125.782,1.557,-0.688,11,6.33,4.67,0.5702,0.0138,1.1526,284.05,337.92,0.3722,63737.2,13737.24,3.774,222000,217921.2,-42359.6,-70140.5,-632133.1,-48516.7,5383.3,33464.9,15349.5,0.0,0.0,99264.1,-43847.1,0,0
80.7167,5490.364,-37.815,5090.364,631.915,125.169,-13.948,125.944,1.555,-0.675,11,6.35,4.65,0.5681,0.0137,1.1524,284.04,337.91,0.3727,63736.9,13736.86,3.774,222000,217921.2,-42359.6,-70310.2,-631344.1,-48522.0,5403.7,33546.8,15275.3,0.0,0.0,99089.0,-43041.4,0,0
80.8167,5502.89,-39.214,5102.89,633.314,125.325,-14.015,126.106,1.552,-0.663,11,6.38,4.62,0.5661,0.0136,1.1523,284.03,337.91,0.3732,63736.5,13736.48,3.774,222000,217921.2,-42359.6,-70477.8,-630602.3,-48530.0,5423.8,33628.5,15203.7,0.0,0.0,98913.4,-42283.1,0,0
80.9167,5515.432,-40.619,5115.432,634.719,125.48,-14.08,126.267,1.549,-0.652,11,6.4,4.6,0.5641,0.0135,1.1521,284.03,337.9,0.3737,63736.1,13736.1,3.774,222000,217921.2,-42359.6,-70643.6,-629904.5,-48540.4,5443.8,33710.0,15134.6,0.0,0.0,98737.3,-41569.2,0,0
81.0167,5527.989,-42.031,5127.989,636.131,125.634,-14.145,126.428,1.546,-0.642,11,6.42,4.58,0.5622,0.0134,1.1519,284.02,337.9,0.3742,63735.7,13735.73,3.774,222000,217921.2,-42359.6,-70807.5,-629248.0,-48553.0,5463.5,33791.5,15068.0,0.0,0.0,98560.8,-40896.6,0,0
81.1167,5540.561,-43.449,5140.561,637.549,125.789,-14.209,126.589,1.544,-0.632,11,6.44,4.56,0.5603,0.0133,1.1518,284.01,337.89,0.3746,63735.3,13735.35,3.774,222000,217921.2,-42359.6,-70969.7,-628630.1,-48567.8,5483.1,33872.8,15003.5,0.0,0.0,98383.8,-40262.8,0,0
81.2167,5553.149,-44.874,5153.149,638.974,125.943,-14.271,126.749,1.541,-0.622,11,6.46,4.54,0.5585,0.0132,1.1516,284.0,337.89,0.3751,63735.0,13734.97,3.774,222000,217921.2,-42359.6,-71130.2,-628048.2,-48584.5,5502.5,33953.9,14941.2,0.0,0.0,98206.5,-39665.2,0,0
81.3167,5565.752,-46.304,5165.752,640.404,126.097,-14.333,126.909,1.538,-0.614,11,6.48,4.52,0.5567,0.0131,1.1515,283.99,337.88,0.3756,63734.6,13734.59,3.774,222000,217921.2,-42359.6,-71289.2,-627500.0,-48603.1,5521.7,34034.9,14880.8,0.0,0.0,98028.9,-39101.5,0,0
81.4167,5578.371,-47.741,5178.371,641.841,126.251,-14.394,127.069,1.535,-0.605,11,6.5,4.5,0.5549,0.013,1.1513,283.98,337.88,0.3761,63734.2,13734.22,3.774,222000,217921.2,-42359.6,-71446.8,-626983.3,-48623.4,5540.8,34115.9,14822.2,0.0,0.0,97851.1,-38569.4,0,0
81.5167,5591.005,-49.184,5191.005,643.284,126.404,-14.454,127.228,1.533,-0.597,11,6.52,4.48,0.5532,0.013,1.1511,283.97,337.87,0.3766,63733.8,13733.84,3.774,222000,217921.2,-42359.6,-71603.0,-626496.0,-48645.3,5559.7,34196.6,14765.3,0.0,0.0,97673.0,-38066.9,0,0
81.6167,5603.654,-50.633,5203.654,644.733,126.557,-14.513,127.387,1.53,-0.59,11,6.54,4.46,0.5515,0.0129,1.151,283.96,337.87,0.377,63733.5,13733.46,3.774,222000,217921.2,-42359.6,-71757.8,-626036.3,-48668.7,5578.5,34277.3,14710.1,0.0,0.0,97494.8,-37592.1,0,0
81.7167,5616.319,-52.088,5216.319,646.188,126.71,-14.572,127.545,1.527,-0.583,11,6.56,4.44,0.5499,0.0128,1.1508,283.95,337.86,0.3775,63733.1,13733.08,3.774,222000,217921.2,-42359.6,-71911.3,-625602.3,-48693.5,5597.2,34357.8,14656.3,0.0,0.0,97316.4,-37143.2,0,0
81.8167,5628.999,-53.548,5228.999,647.648,126.863,-14.63,127.703,1.524,-0.576,11,6.58,4.42,0.5482,0.0127,1.1506,283.94,337.85,0.378,63732.7,13732.71,3.774,222000,217921.2,-42359.6,-72063.6,-625192.4,-48719.7,5615.7,34438.2,14604.0,0.0,0.0,97137.9,-36718.4,0,0
81.9167,5641.694,-55.015,5241.694,649.115,127.015,-14.687,127.861,1.521,-0.57,11,6.59,4.41,0.5466,0.0126,1.1505,283.93,337.85,0.3785,63732.3,13732.33,3.774,222000,217921.2,-42359.6,-72214.8,-624804.9,-48747.0,5634.2,34518.5,14553.0,0.0,0.0,96959.4,-36316.2,0,0
82.0167,5654.404,-56.487,5254.404,650.587,127.167,-14.744,128.019,1.519,-0.564,11,6.61,4.39,0.5451,0.0126,1.1503,283.92,337.84,0.3789,63732.0,13731.95,3.774,222000,217921.2,-42359.6,-72364.7,-624438.5,-48775.6,5652.5,34598.7,14503.3,0.0,0.0,96780.9,-35935.1,0,0
82.1167,5667.13,-57.964,5267.13,652.064,127.318,-14.8,128.176,1.516,-0.558,11,6.63,4.37,0.5435,0.0125,1.1502,283.91,337.84,0.3794,63731.6,13731.57,3.774,222000,217921.2,-42359.6,-72513.6,-624091.7,-48805.2,5670.7,34678.7,14454.8,0.0,0.0,96602.5,-35573.8,0,0
82.2167,5679.871,-59.447,5279.871,653.547,127.47,-14.855,128.333,1.513,-0.553,11,6.64,4.36,0.542,0.0124,1.15,283.9,337.83,0.3799,63731.2,13731.2,3.774,222000,217921.2,-42359.6,-72661.4,-623763.2,-48835.8,5688.8,34758.7,14407.3,0.0,0.0,96424.1,-35231.0,0,0
82.3167,5692.627,-60.936,5292.627,655.036,127.621,-14.91,128.489,1.51,-0.548,11,6.66,4.34,0.5405,0.0124,1.1498,283.89,337.83,0.3803,63730.8,13730.82,3.774,222000,217921.2,-42359.6,-72808.2,-623451.9,-48867.3,5706.8,34838.5,14361.0,0.0,0.0,96245.7,-34905.4,0,0
82.4167,5705.397,-62.43,5305.397,656.53,127.772,-14.965,128.645,1.507,-0.543,11,6.68,4.32,0.539,0.0123,1.1497,283.88,337.82,0.3808,63730.4,13730.44,3.774,222000,217921.2,-42359.6,-72953.9,-623156.7,-48899.8,5724.8,34918.2,14315.6,0.0,0.0,96067.6,-34595.9,0,0
82.5167,5718.183,-63.93,5318.183,658.03,127.922,-15.019,128.801,1.505,-0.538,11,6.69,4.31,0.5376,0.0122,1.1495,283.87,337.81,0.3813,63730.1,13730.06,3.774,222000,217921.2,-42359.6,-73098.6,-622876.5,-48933.1,5742.6,34997.8,14271.1,0.0,0.0,95889.5,-34301.5,0,0
82.6167,5730.984,-65.435,5330.984,659.535,128.073,-15.072,128.957,1.502,-0.534,11,6.71,4.29,0.5362,0.0122,1.1493,283.86,337.81,0.3817,63729.7,13729.69,3.774,222000,217921.2,-42359.6,-73242.4,-622610.2,-48967.1,5760.4,35077.2,14227.5,0.0,0.0,95711.7,-34021.2,0,0
82.7167,5743.8,-66.945,5343.8,661.045,128.223,-15.125,129.112,1.499,-0.53,11,6.72,4.28,0.5348,0.0121,1.1491,283.85,337.8,0.3822,63729.3,13729.31,3.774,222000,217921.2,-42359.6,-73385.2,-622357.1,-49001.9,5778.1,35156.6,14184.8,0.0,0.0,95534.1,-33754.1,0,0
82.8167,5756.631,-68.461,5356.631,662.561,128.373,-15.178,129.267,1.496,-0.526,11,6.74,4.26,0.5334,0.012,1.149,283.84,337.8,0.3827,63728.9,13728.93,3.774,222000,217921.2,-42359.6,-73527.1,-622116.3,-49037.4,5795.7,35235.9,14142.8,0.0,0.0,95356.7,-33499.4,0,0
82.9167,5769.477,-69.982,5369.477,664.082,128.522,-15.23,129.421,1.494,-0.522,11,6.76,4.24,0.532,0.012,1.1488,283.84,337.79,0.3831,63728.6,13728.56,3.774,222000,217921.2,-42359.6,-73668.1,-621886.9,-49073.5,5813.2,35315.0,14101.6,0.0,0.0,95179.6,-33256.1,0,0
83.0167,5782.338,-71.508,5382.338,665.608,128.671,-15.282,129.576,1.491,-0.518,11,6.77,4.23,0.5306,0.0119,1.1486,283.83,337.78,0.3836,63728.2,13728.18,3.774,222000,217921.2,-42359.6,-73808.2,-621668.2,-49110.2,5830.7,35394.0,14061.1,0.0,0.0,95002.8,-33023.7,0,0
83.1167,5795.214,-73.039,5395.214,667.139,128.82,-15.334,129.729,1.488,-0.515,11,6.79,4.21,0.5293,0.0119,1.1485,283.82,337.78,0.3841,63727.8,13727.8,3.774,222000,217921.2,-42359.6,-73947.4,-621459.5,-49147.5,5848.1,35472.9,14021.3,0.0,0.0,94826.3,-32801.3,0,0
83.2167,5808.105,-74.575,5408.105,668.675,128.969,-15.385,129.883,1.485,-0.511,11,6.8,4.2,0.528,0.0118,1.1483,283.81,337.77,0.3845,63727.4,13727.42,3.774,222000,217921.2,-42359.6,-74085.8,-621260.2,-49185.3,5865.4,35551.7,13982.1,0.0,0.0,94650.1,-32588.4,0,0
83.3167,5821.01,-76.117,5421.01,670.217,129.117,-15.436,130.037,1.482,-0.508,11,6.82,4.18,0.5266,0.0117,1.1481,283.8,337.77,0.385,63727.0,13727.05,3.774,222000,217921.2,-42359.6,-74223.3,-621069.7,-49223.7,5882.7,35630.4,13943.5,0.0,0.0,94474.3,-32384.3,0,0
83.4167,5833.931,-77.663,5433.931,671.763,129.265,-15.487,130.19,1.48,-0.505,11,6.83,4.17,0.5253,0.0117,1.148,283.79,337.76,0.3854,63726.7,13726.67,3.774,222000,217921.2,-42359.6,-74360.0,-620887.3,-49262.5,5899.9,35709.0,13905.5,0.0,0.0,94298.8,-32188.4,0,0
83.5167,5846.866,-79.215,5446.866,673.315,129.413,-15.537,130.342,1.477,-0.502,11,6.84,4.16,0.5241,0.0116,1.1478,283.78,337.75,0.3859,63726.3,13726.29,3.774,222000,217921.2,-42359.6,-74495.8,-620712.6,-49301.7,5917.0,35787.5,13868.0,0.0,0.0,94123.7,-32000.3,0,0
83.6167,5859.816,-80.772,5459.816,674.872,129.561,-15.587,130.495,1.474,-0.499,11,6.86,4.14,0.5228,0.0116,1.1476,283.77,337.75,0.3864,63725.9,13725.91,3.774,222000,217921.2,-42359.6,-74630.9,-620545.1,-49341.4,5934.1,35865.9,13831.1,0.0,0.0,93949.0,-31819.4,0,0
83.7167,5872.78,-82.333,5472.78,676.433,129.708,-15.637,130.647,1.472,-0.497,11,6.87,4.13,0.5215,0.0115,1.1474,283.75,337.74,0.3868,63725.5,13725.54,3.774,222000,217921.2,-42359.6,-74765.1,-620384.4,-49381.4,5951.2,35944.1,13794.6,0.0,0.0,93774.7,-31645.3,0,0
83.8167,5885.76,-83.9,5485.76,678.0,129.855,-15.686,130.799,1.469,-0.494,11,6.89,4.11,0.5203,0.0115,1.1473,283.74,337.74,0.3873,63725.2,13725.16,3.774,222000,217921.2,-42359.6,-74898.5,-620229.9,-49421.9,5968.1,36022.3,13758.6,0.0,0.0,93600.9,-31477.5,0,0
83.9167,5898.754,-85.471,5498.754,679.571,130.002,-15.736,130.95,1.466,-0.491,11,6.9,4.1,0.5191,0.0114,1.1471,283.73,337.73,0.3877,63724.8,13724.78,3.774,222000,217921.2,-42359.6,-75031.2,-620081.2,-49462.6,5985.1,36100.3,13723.1,0.0,0.0,93427.4,-31315.6,0,0
84.0167,5911.762,-87.048,5511.762,681.148,130.148,-15.785,131.102,1.463,-0.489,11,6.91,4.09,0.5178,0.0114,1.1469,283.72,337.72,0.3882,63724.4,13724.4,3.774,222000,217921.2,-42359.6,-75163.0,-619938.1,-49503.8,6002.0,36178.3,13688.0,0.0,0.0,93254.5,-31159.3,0,0
84.1167,5924.786,-88.629,5524.786,682.729,130.294,-15.833,131.253,1.461,-0.487,11,6.93,4.07,0.5166,0.0113,1.1467,283.71,337.72,0.3886,63724.0,13724.03,3.774,222000,217921.2,-42359.6,-75294.1,-619800.2,-49545.2,6018.8,36256.1,13653.3,0.0,0.0,93081.9,-31008.3,0,0
84.2167,5937.824,-90.215,5537.824,684.315,130.44,-15.882,131.403,1.458,-0.484,11,6.94,4.06,0.5154,0.0112,1.1465,283.7,337.71,0.3891,63723.6,13723.65,3.774,222000,217921.2,-42359.6,-75424.4,-619667.1,-49586.9,6035.6,36333.9,13619.0,0.0,0.0,92909.9,-30862.1,0,0
84.3167,5950.876,-91.806,5550.876,685.906,130.586,-15.93,131.554,1.455,-0.482,11,6.95,4.05,0.5142,0.0112,1.1464,283.69,337.71,0.3896,63723.3,13723.27,3.774,222000,217921.2,-42359.6,-75554.0,-619538.5,-49628.9,6052.3,36411.5,13585.1,0.0,0.0,92738.3,-30720.4,0,0
84.4167,5963.943,-93.402,5563.943,687.502,130.731,-15.978,131.704,1.453,-0.48,11,6.97,4.03,0.513,0.0111,1.1462,283.68,337.7,0.39,63722.9,13722.89,3.774,222000,217921.2,-42359.6,-75682.8,-619414.1,-49671.2,6069.1,36489.0,13551.6,0.0,0.0,92567.2,-30583.1,0,0
84.5167,5977.025,-95.003,5577.025,689.103,130.876,-16.026,131.854,1.45,-0.478,11,6.98,4.02,0.5119,0.0111,1.146,283.67,337.69,0.3905,63722.5,13722.52,3.774,222000,217921.2,-42359.6,-75810.9,-619293.8,-49713.7,6085.7,36566.4,13518.4,0.0,0.0,92396.6,-30449.8,0,0
84.6167,5990.121,-96.608,5590.121,690.708,131.021,-16.074,132.003,1.447,-0.476,11,6.99,4.01,0.5107,0.011,1.1458,283.66,337.69,0.3909,63722.1,13722.14,3.774,222000,217921.2,-42359.6,-75938.3,-619177.2,-49756.4,6102.3,36643.7,13485.5,0.0,0.0,92226.5,-30320.2,0,0
84.7167,6003.231,-98.218,5603.231,692.318,131.166,-16.121,132.153,1.445,-0.474,11,7.0,4.0,0.5096,0.011,1.1457,283.65,337.68,0.3914,63721.8,13721.76,3.774,222000,217921.2,-42359.6,-76064.9,-619064.0,-49799.4,6118.9,36720.9,13453.0,0.0,0.0,92056.9,-30194.3,0,0
84.8167,6016.356,-99.833,5616.356,693.933,131.31,-16.169,132.302,1.442,-0.472,11,7.02,3.98,0.5084,0.0109,1.1455,283.64,337.68,0.3918,63721.4,13721.38,3.774,222000,217921.2,-42359.6,-76190.8,-618954.2,-49842.6,6135.4,36798.0,13420.8,0.0,0.0,91887.8,-30071.6,0,0
84.9167,6029.496,-101.453,5629.496,695.553,131.454,-16.216,132.45,1.439,-0.47,11,7.03,3.97,0.5073,0.0109,1.1453,283.63,337.67,0.3922,63721.0,13721.01,3.774,222000,217921.2,-42359.6,-76316.0,-618847.5,-49886.0,6151.9,36875.0,13388.8,0.0,0.0,91719.3,-29952.1,0,0
85.0167,6042.65,-103.077,5642.65,697.177,131.598,-16.263,132.599,1.437,-0.468,11,7.04,3.96,0.5062,0.0108,1.1451,283.62,337.66,0.3927,63720.6,13720.63,3.774,222000,217921.2,-42359.6,-76440.5,-618743.6,-49929.6,6168.4,36951.9,13357.2,0.0,0.0,91551.2,-29835.5,0,0
85.1167,6055.818,-104.706,5655.818,698.806,131.741,-16.309,132.747,1.434,-0.466,11,7.06,3.94,0.505,0.0108,1.1449,283.61,337.66,0.3931,63720.3,13720.25,3.774,222000,217921.2,-42359.6,-76564.2,-618642.5,-49973.3,6184.8,37028.7,13325.9,0.0,0.0,91383.7,-29721.6,0,0
85.2167,6069.0,-106.34,5669.0,700.44,131.885,-16.356,132.895,1.432,-0.465,11,7.07,3.93,0.5039,0.0107,1.1447,283.6,337.65,0.3936,63719.9,13719.87,3.774,222000,217921.2,-42359.6,-76687.3,-618543.9,-50017.3,6201.2,37105.4,13294.8,0.0,0.0,91216.7,-29610.4,0,0
85.3167,6082.197,-107.978,5682.197,702.078,132.028,-16.402,133.042,1.429,-0.463,11,7.08,3.92,0.5028,0.0107,1.1446,283.59,337.64,0.394,63719.5,13719.5,3.774,222000,217921.2,-42359.6,-76809.7,-618447.8,-50061.4,6217.5,37182.0,13264.0,0.0,0.0,91050.2,-29501.6,0,0
85.4167,6095.408,-109.621,5695.408,703.721,132.17,-16.448,133.19,1.426,-0.461,11,7.09,3.91,0.5017,0.0107,1.1444,283.58,337.64,0.3945,63719.1,13719.12,3.774,222000,217921.2,-42359.6,-76931.3,-618353.9,-50105.6,6233.8,37258.5,13233.5,0.0,0.0,90884.3,-29395.1,0,0
85.5167,6108.633,-111.269,5708.633,705.369,132.313,-16.494,133.337,1.424,-0.46,11,7.1,3.9,0.5006,0.0106,1.1442,283.57,337.63,0.3949,63718.7,13718.74,3.774,222000,217921.2,-42359.6,-77052.3,-618262.2,-50150.0,6250.1,37334.8,13203.2,0.0,0.0,90718.8,-29290.8,0,0
85.6167,6121.873,-112.921,5721.873,707.021,132.455,-16.54,133.484,1.421,-0.458,11,7.12,3.88,0.4996,0.0106,1.144,283.56,337.62,0.3954,63718.4,13718.37,3.774,222000,217921.2,-42359.6,-77172.7,-618172.4,-50194.6,6266.3,37411.1,13173.1,0.0,0.0,90554.0,-29188.6,0,0
85.7167,6135.127,-114.577,5735.127,708.677,132.597,-16.586,133.63,1.419,-0.457,11,7.13,3.87,0.4985,0.0105,1.1438,283.55,337.62,0.3958,63718.0,13717.99,3.774,222000,217921.2,-42359.6,-77292.3,-618084.6,-50239.3,6282.5,37487.3,13143.3,0.0,0.0,90389.6,-29088.2,0,0
85.8167,6148.395,-116.239,5748.395,710.339,132.739,-16.632,133.777,1.416,-0.455,11,7.14,3.86,0.4974,0.0105,1.1436,283.53,337.61,0.3962,63717.6,13717.61,3.774,222000,217921.2,-42359.6,-77411.3,-617998.5,-50284.1,6298.7,37563.4,13113.7,0.0,0.0,90225.9,-28989.7,0,0
85.9167,6161.677,-117.904,5761.677,712.004,132.88,-16.677,133.923,1.413,-0.453,11,7.15,3.85,0.4964,0.0104,1.1435,283.52,337.61,0.3967,63717.2,13717.23,3.774,222000,217921.2,-42359.6,-77529.6,-617914.2,-50329.0,6314.8,37639.3,13084.3,0.0,0.0,90062.6,-28892.9,0,0
86.0167,6174.973,-119.575,5774.973,713.675,133.021,-16.722,134.068,1.411,-0.452,11,7.16,3.84,0.4953,0.0104,1.1433,283.51,337.6,0.3971,63716.9,13716.86,3.774,222000,217921.2,-42359.6,-77647.2,-617831.4,-50374.1,6330.9,37715.2,13055.2,0.0,0.0,89899.9,-28797.8,0,0
86.1167,6188.283,-121.25,5788.283,715.35,133.162,-16.767,134.214,1.408,-0.45,11,7.17,3.83,0.4943,0.0103,1.1431,283.5,337.59,0.3976,63716.5,13716.48,3.774,222000,217921.2,-42359.6,-77764.2,-617750.2,-50419.3,6346.9,37790.9,13026.3,0.0,0.0,89737.7,-28704.2,0,0
86.2167,6201.608,-122.929,5801.608,717.029,133.303,-16.812,134.359,1.406,-0.449,11,7.19,3.81,0.4932,0.0103,1.1429,283.49,337.59,0.398,63716.1,13716.1,3.774,222000,217921.2,-42359.6,-77880.6,-617670.3,-50464.6,6363.0,37866.6,12997.5,0.0,0.0,89576.1,-28612.0,0,0
86.3167,6214.946,-124.613,5814.946,718.713,133.443,-16.857,134.504,1.403,-0.448,11,7.2,3.8,0.4922,0.0103,1.1427,283.48,337.58,0.3984,63715.7,13715.72,3.774,222000,217921.2,-42359.6,-77996.3,-617591.9,-50509.9,6379.0,37942.1,12969.0,0.0,0.0,89415.0,-28521.3,0,0
86.4167,6228.299,-126.301,5828.299,720.401,133.584,-16.902,134.649,1.401,-0.446,11,7.21,3.79,0.4912,0.0102,1.1425,283.47,337.57,0.3989,63715.3,13715.35,3.774,222000,217921.2,-42359.6,-78111.3,-617514.7,-50555.4,6394.9,38017.6,12940.7,0.0,0.0,89254.5,-28431.8,0,0
86.5167,6241.665,-127.994,5841.665,722.094,133.724,-16.946,134.793,1.398,-0.445,11,7.22,3.78,0.4901,0.0102,1.1423,283.46,337.57,0.3993,63715.0,13714.97,3.774,222000,217921.2,-42359.6,-78225.8,-617438.7,-50601.0,6410.8,38092.9,12912.6,0.0,0.0,89094.5,-28343.6,0,0
86.6167,6255.046,-129.691,5855.046,723.791,133.863,-16.991,134.937,1.396,-0.443,11,7.23,3.77,0.4891,0.0101,1.1421,283.45,337.56,0.3997,63714.6,13714.59,3.774,222000,217921.2,-42359.6,-78339.6,-617363.8,-50646.7,6426.7,38168.2,12884.6,0.0,0.0,88935.0,-28256.5,0,0
86.7167,6268.44,-131.393,5868.44,725.493,134.003,-17.035,135.081,1.393,-0.442,11,7.24,3.76,0.4881,0.0101,1.142,283.44,337.55,0.4002,63714.2,13714.21,3.774,222000,217921.2,-42359.6,-78452.7,-617290.1,-50692.4,6442.6,38243.3,12856.9,0.0,0.0,88776.1,-28170.6,0,0
86.8167,6281.849,-133.099,5881.849,727.199,134.142,-17.079,135.225,1.391,-0.441,11,7.25,3.75,0.4871,0.01,1.1418,283.43,337.55,0.4006,63713.8,13713.84,3.774,222000,217921.2,-42359.6,-78565.3,-617217.4,-50738.3,6458.4,38318.4,12829.3,0.0,0.0,88617.7,-28085.8,0,0
86.9167,6295.271,-134.81,5895.271,728.91,134.281,-17.123,135.368,1.388,-0.439,11,7.27,3.73,0.4861,0.01,1.1416,283.41,337.54,0.401,63713.5,13713.46,3.774,222000,217921.2,-42359.6,-78677.2,-617145.7,-50784.2,6474.3,38393.3,12801.9,0.0,0.0,88459.8,-28002.0,0,0
87.0167,6308.707,-136.524,5908.707,730.624,134.419,-17.167,135.511,1.386,-0.438,11,7.28,3.72,0.4851,0.01,1.1414,283.4,337.53,0.4015,63713.1,13713.08,3.774,222000,217921.2,-42359.6,-78788.5,-617074.9,-50830.2,6490.0,38468.1,12774.7,0.0,0.0,88302.5,-27919.1,0,0
87.1167,6322.157,-138.244,5922.157,732.344,134.558,-17.211,135.654,1.383,-0.437,11,7.29,3.71,0.4842,0.0099,1.1412,283.39,337.53,0.4019,63712.7,13712.7,3.774,222000,217921.2,-42359.6,-78899.2,-617005.0,-50876.3,6505.8,38542.9,12747.7,0.0,0.0,88145.7,-27837.2,0,0
87.2167,6335.621,-139.967,5935.621,734.067,134.696,-17.254,135.797,1.381,-0.436,11,7.3,3.7,0.4832,0.0099,1.141,283.38,337.52,0.4023,63712.3,13712.33,3.774,222000,217921.2,-42359.6,-79009.3,-616936.0,-50922.4,6521.5,38617.5,12720.8,0.0,0.0,87989.5,-27756.2,0,0
87.3167,6349.099,-141.695,5949.099,735.795,134.834,-17.298,135.939,1.379,-0.434,11,7.31,3.69,0.4822,0.0098,1.1408,283.37,337.51,0.4028,63711.9,13711.95,3.774,222000,217921.2,-42359.6,-79118.8,-616867.8,-50968.6,6537.2,38692.0,12694.1,0.0,0.0,87833.8,-27676.0,0,0
87.4167,6362.59,-143.428,5962.59,737.528,134.972,-17.341,136.081,1.376,-0.433,11,7.32,3.68,0.4812,0.0098,1.1406,283.36,337.51,0.4032,63711.6,13711.57,3.774,222000,217921.2,-42359.6,-79227.7,-616800.4,-51014.9,6552.8,38766.5,12667.6,0.0,0.0,87678.6,-27596.7,0,0
87.5167,6376.095,-145.164,5976.095,739.264,135.109,-17.385,136.223,1.374,-0.432,11,7.33,3.67,0.4803,0.0098,1.1404,283.35,337.5,0.4036,63711.2,13711.19,3.774,222000,217921.2,-42359.6,-79336.0,-616733.8,-51061.3,6568.5,38840.8,12641.2,0.0,0.0,87523.9,-27518.1,0,0
87.6167,6389.614,-146.905,5989.614,741.005,135.247,-17.428,136.365,1.371,-0.431,11,7.34,3.66,0.4793,0.0097,1.1402,283.34,337.49,0.4041,63710.8,13710.82,3.774,222000,217921.2,-42359.6,-79443.8,-616667.8,-51107.7,6584.1,38915.0,12615.0,0.0,0.0,87369.8,-27440.2,0,0
87.7167,6403.147,-148.651,6003.147,742.751,135.384,-17.471,136.506,1.369,-0.429,11,7.35,3.65,0.4784,0.0097,1.14,283.32,337.49,0.4045,63710.4,13710.44,3.774,222000,217921.2,-42359.6,-79550.9,-616602.6,-51154.1,6599.6,38989.1,12589.0,0.0,0.0,87216.2,-27363.1,0,0
87.8167,6416.693,-150.4,6016.693,744.5,135.52,-17.514,136.647,1.367,-0.428,11,7.36,3.64,0.4774,0.0096,1.1398,283.31,337.48,0.4049,63710.1,13710.06,3.774,222000,217921.2,-42359.6,-79657.5,-616538.0,-51200.7,6615.2,39063.2,12563.1,0.0,0.0,87063.1,-27286.7,0,0
87.9167,6430.253,-152.154,6030.253,746.254,135.657,-17.556,136.788,1.364,-0.427,11,7.37,3.63,0.4765,0.0096,1.1396,283.3,337.47,0.4053,63709.7,13709.69,3.774,222000,217921.2,-42359.6,-79763.5,-616474.0,-51247.2,6630.7,39137.1,12537.3,0.0,0.0,86910.6,-27210.9,0,0
88.0167,6443.827,-153.912,6043.827,748.012,135.793,-17.599,136.929,1.362,-0.426,11,7.38,3.62,0.4756,0.0096,1.1394,283.29,337.47,0.4058,63709.3,13709.31,3.774,222000,217921.2,-42359.6,-79868.9,-616410.7,-51293.9,6646.2,39210.9,12511.7,0.0,0.0,86758.5,-27135.8,0,0
88.1167,6457.414,-155.674,6057.414,749.774,135.929,-17.642,137.069,1.359,-0.425,11,7.39,3.61,0.4746,0.0095,1.1392,283.28,337.46,0.4062,63708.9,13708.93,3.774,222000,217921.2,-42359.6,-79973.7,-616347.9,-51340.5,6661.6,39284.6,12486.3,0.0,0.0,86607.0,-27061.3,0,0
88.2167,6471.015,-157.441,6071.015,751.541,136.065,-17.684,137.209,1.357,-0.424,11,7.4,3.6,0.4737,0.0095,1.1391,283.27,337.45,0.4066,63708.6,13708.55,3.774,222000,217921.2,-42359.6,-80078.0,-616285.7,-51387.3,6677.1,39358.2,12461.0,0.0,0.0,86456.0,-26987.3,0,0
88.3167,6484.629,-159.212,6084.629,753.312,136.2,-17.726,137.349,1.355,-0.422,11,7.41,3.59,0.4728,0.0095,1.1389,283.26,337.45,0.407,63708.2,13708.18,3.774,222000,217921.2,-42359.6,-80181.7,-616224.1,-51434.0,6692.5,39431.8,12435.9,0.0,0.0,86305.5,-26914.0,0,0
88.4167,6498.257,-160.987,6098.257,755.087,136.336,-17.768,137.489,1.352,-0.421,11,7.42,3.58,0.4719,0.0094,1.1387,283.24,337.44,0.4074,63707.8,13707.8,3.774,222000,217921.2,-42359.6,-80284.9,-616163.0,-51480.9,6707.9,39505.2,12410.9,0.0,0.0,86155.5,-26841.2,0,0
88.5167,6511.899,-162.766,6111.899,756.866,136.471,-17.81,137.628,1.35,-0.42,11,7.43,3.57,0.471,0.0094,1.1385,283.23,337.43,0.4079,63707.4,13707.42,3.774,222000,217921.2,-42359.6,-80387.5,-616102.4,-51527.7,6723.2,39578.5,12386.0,0.0,0.0,86006.0,-26769.0,0,0
88.6167,6525.554,-164.55,6125.554,758.65,136.606,-17.852,137.767,1.348,-0.419,11,7.44,3.56,0.4701,0.0094,1.1383,283.22,337.42,0.4083,63707.0,13707.04,3.774,222000,217921.2,-42359.6,-80489.6,-616042.3,-51574.6,6738.5,39651.7,12361.3,0.0,0.0,85857.0,-26697.3,0,0
88.7167,6539.222,-166.337,6139.222,760.437,136.74,-17.894,137.906,1.345,-0.418,11,7.45,3.55,0.4692,0.0093,1.1381,283.21,337.42,0.4087,63706.7,13706.67,3.774,222000,217921.2,-42359.6,-80591.1,-615982.7,-51621.6,6753.8,39724.8,12336.7,0.0,0.0,85708.5,-26626.0,0,0
88.8167,6552.904,-168.129,6152.904,762.229,136.875,-17.936,138.045,1.343,-0.417,11,7.46,3.54,0.4683,0.0093,1.1379,283.2,337.41,0.4091,63706.3,13706.29,3.774,222000,217921.2,-42359.6,-80692.1,-615923.5,-51668.6,6769.1,39797.8,12312.3,0.0,0.0,85560.5,-26555.3,0,0
88.9167,6566.599,-169.925,6166.599,764.025,137.009,-17.978,138.183,1.341,-0.416,11,7.47,3.53,0.4674,0.0092,1.1377,283.19,337.4,0.4095,63705.9,13705.91,3.774,222000,217921.2,-42359.6,-80792.6,-615864.8,-51715.6,6784.3,39870.7,12288.0,0.0,0.0,85413.0,-26485.1,0,0
89.0167,6580.308,-171.726,6180.308,765.826,137.143,-18.019,138.322,1.338,-0.415,11,7.48,3.52,0.4665,0.0092,1.1375,283.17,337.4,0.41,63705.5,13705.53,3.774,222000,217921.2,-42359.6,-80892.5,-615806.6,-51762.7,6799.6,39943.5,12263.8,0.0,0.0,85266.1,-26415.3,0,0
89.1167,6594.03,-173.53,6194.03,767.63,137.277,-18.061,138.46,1.336,-0.414,11,7.49,3.51,0.4656,0.0092,1.1373,283.16,337.39,0.4104,63705.2,13705.16,3.774,222000,217921.2,-42359.6,-80991.9,-615748.7,-51809.8,6814.7,40016.2,12239.8,0.0,0.0,85119.6,-26346.0,0,0
89.2167,6607.766,-175.338,6207.766,769.438,137.41,-18.102,138.597,1.334,-0.412,11,7.5,3.5,0.4647,0.0091,1.1371,283.15,337.38,0.4108,63704.8,13704.78,3.774,222000,217921.2,-42359.6,-81090.8,-615691.3,-51856.9,6829.9,40088.8,12215.9,0.0,0.0,84973.6,-26277.1,0,0
89.3167,6621.514,-177.151,6221.514,771.251,137.543,-18.143,138.735,1.332,-0.411,11,7.51,3.49,0.4639,0.0091,1.1369,283.14,337.38,0.4112,63704.4,13704.4,3.774,222000,217921.2,-42359.6,-81189.1,-615634.3,-51904.0,6845.0,40161.3,12192.1,0.0,0.0,84828.0,-26208.7,0,0
89.4167,6635.277,-178.968,6235.277,773.068,137.676,-18.184,138.872,1.329,-0.41,11,7.52,3.48,0.463,0.0091,1.1367,283.13,337.37,0.4116,63704.0,13704.02,3.774,222000,217921.2,-42359.6,-81287.0,-615577.7,-51951.2,6860.2,40233.7,12168.5,0.0,0.0,84683.0,-26140.7,0,0
89.5167,6649.052,-180.788,6249.052,774.888,137.809,-18.225,139.009,1.327,-0.409,11,7.53,3.47,0.4621,0.009,1.1365,283.12,337.36,0.412,63703.6,13703.65,3.774,222000,217921.2,-42359.6,-81384.3,-615521.5,-51998.5,6875.2,40306.0,12145.0,0.0,0.0,84538.5,-26073.1,0,0
89.6167,6662.841,-182.613,6262.841,776.713,137.942,-18.266,139.146,1.325,-0.408,11,7.54,3.46,0.4613,0.009,1.1363,283.1,337.35,0.4125,63703.3,13703.27,3.774,222000,217921.2,-42359.6,-81481.1,-615465.6,-52045.7,6890.3,40378.2,12121.6,0.0,0.0,84394.4,-26005.9,0,0
89.7167,6676.643,-184.442,6276.643,778.542,138.074,-18.307,139.282,1.323,-0.407,11,7.55,3.45,0.4604,0.009,1.1361,283.09,337.35,0.4129,63702.9,13702.89,3.774,222000,217921.2,-42359.6,-81577.4,-615410.2,-52093.0,6905.3,40450.3,12098.3,0.0,0.0,84250.8,-25939.0,0,0
89.8167,6690.458,-186.275,6290.458,780.375,138.206,-18.347,139.419,1.32,-0.406,11,7.56,3.44,0.4596,0.0089,1.1359,283.08,337.34,0.4133,63702.5,13702.51,3.774,222000,217921.2,-42359.6,-81673.3,-615355.0,-52140.3,6920.3,40522.3,12075.2,0.0,0.0,84107.7,-25872.6,0,0
89.9167,6704.286,-188.112,6304.286,782.212,138.338,-18.388,139.555,1.318,-0.405,11,7.57,3.43,0.4587,0.0089,1.1356,283.07,337.33,0.4137,63702.1,13702.14,3.774,222000,217921.2,-42359.6,-81768.6,-615300.3,-52187.6,6935.3,40594.2,12052.2,0.0,0.0,83965.0,-25806.6,0,0
90.0167,6718.127,-189.954,6318.127,784.054,138.47,-18.428,139.691,1.316,-0.404,11,7.58,3.42,0.4579,0.0089,1.1354,283.06,337.33,0.4141,63701.8,13701.76,3.774,222000,217921.2,-42359.6,-81863.4,-615245.9,-52235.0,6950.3,40666.0,12029.3,0.0,0.0,83822.9,-25740.9,0,0
90.1167,6731.982,-191.799,6331.982,785.899,138.601,-18.469,139.826,1.314,-0.403,11,7.59,3.41,0.457,0.0088,1.1352,283.04,337.32,0.4145,63701.4,13701.38,3.774,222000,217921.2,-42359.6,-81957.7,-615191.8,-52282.4,6965.2,40737.7,12006.5,0.0,0.0,83681.1,-25675.6,0,0
90.2167,6745.85,-193.648,6345.85,787.748,138.733,-18.509,139.962,1.311,-0.402,11,7.6,3.4,0.4562,0.0088,1.135,283.03,337.31,0.4149,63701.0,13701.0,3.774,222000,217921.2,-42359.6,-82051.6,-615138.0,-52329.8,6980.1,40809.3,11983.9,0.0,0.0,83539.9,-25610.7,0,0
90.3167,6759.731,-195.501,6359.731,789.601,138.864,-18.549,140.097,1.309,-0.401,11,7.61,3.39,0.4554,0.0088,1.1348,283.02,337.3,0.4153,63700.6,13700.63,3.774,222000,217921.2,-42359.6,-82144.9,-615084.6,-52377.2,6995.0,40880.8,11961.4,0.0,0.0,83399.1,-25546.1,0,0
90.4167,6773.625,-197.358,6373.625,791.458,138.994,-18.589,140.232,1.307,-0.4,11,7.62,3.38,0.4546,0.0087,1.1346,283.01,337.3,0.4158,63700.3,13700.25,3.774,222000,217921.2,-42359.6,-82237.8,-615031.5,-52424.6,7009.9,40952.2,11939.0,0.0,0.0,83258.8,-25481.8,0,0
90.5167,6787.532,-199.22,6387.532,793.32,139.125,-18.629,140.367,1.305,-0.399,11,7.63,3.37,0.4537,0.0087,1.1344,283.0,337.29,0.4162,63699.9,13699.87,3.774,222000,217921.2,-42359.6,-82330.2,-614978.8,-52472.1,7024.7,41023.5,11916.7,0.0,0.0,83118.9,-25417.9,0,0
90.6167,6801.452,-201.085,6401.452,795.185,139.255,-18.669,140.501,1.303,-0.398,11,7.63,3.37,0.4529,0.0087,1.1342,282.98,337.28,0.4166,63699.5,13699.5,3.774,222000,217921.2,-42359.6,-82422.1,-614926.3,-52519.6,7039.5,41094.7,11894.5,0.0,0.0,82979.5,-25354.4,0,0
90.7167,6815.385,-202.954,6415.385,797.054,139.385,-18.709,140.635,1.3,-0.397,11,7.64,3.36,0.4521,0.0087,1.134,282.97,337.28,0.417,63699.1,13699.12,3.774,222000,217921.2,-42359.6,-82513.6,-614874.1,-52567.1,7054.3,41165.8,11872.5,0.0,0.0,82840.6,-25291.1,0,0
90.8167,6829.331,-204.827,6429.331,798.927,139.515,-18.748,140.769,1.298,-0.396,11,7.65,3.35,0.4513,0.0086,1.1338,282.96,337.27,0.4174,63698.7,13698.74,3.774,222000,217921.2,-42359.6,-82604.6,-614822.3,-52614.6,7069.0,41236.8,11850.5,0.0,0.0,82702.1,-25228.2,0,0
90.9167,6843.29,-206.704,6443.29,800.804,139.645,-18.788,140.903,1.296,-0.395,11,7.66,3.34,0.4505,0.0086,1.1336,282.95,337.26,0.4178,63698.4,13698.36,3.774,222000,217921.2,-42359.6,-82695.1,-614770.7,-52662.1,7083.8,41307.7,11828.7,0.0,0.0,82564.0,-25165.6,0,0
91.0167,6857.262,-208.586,6457.262,802.686,139.775,-18.827,141.037,1.294,-0.394,11,7.67,3.33,0.4497,0.0086,1.1334,282.93,337.25,0.4182,63698.0,13697.99,3.774,222000,217921.2,-42359.6,-82785.2,-614719.5,-52709.6,7098.5,41378.5,11807.0,0.0,0.0,82426.4,-25103.3,0,0
91.1167,6871.247,-210.471,6471.247,804.571,139.904,-18.867,141.17,1.292,-0.393,11,7.68,3.32,0.4489,0.0085,1.1332,282.92,337.25,0.4186,63697.6,13697.61,3.774,222000,217921.2,-42359.6,-82874.8,-614668.5,-52757.2,7113.2,41449.2,11785.4,0.0,0.0,82289.3,-25041.4,0,0
91.2167,6885.245,-212.36,6485.245,806.46,140.033,-18.906,141.303,1.29,-0.392,11,7.69,3.31,0.4481,0.0085,1.133,282.91,337.24,0.419,63697.2,13697.23,3.774,222000,217921.2,-42359.6,-82963.9,-614617.8,-52804.8,7127.8,41519.8,11763.9,0.0,0.0,82152.5,-24979.7,0,0
91.3167,6899.256,-214.252,6499.256,808.352,140.162,-18.945,141.436,1.288,-0.391,11,7.7,3.3,0.4473,0.0085,1.1327,282.9,337.23,0.4194,63696.9,13696.85,3.774,222000,217921.2,-42359.6,-83052.6,-614567.4,-52852.4,7142.5,41590.3,11742.5,0.0,0.0,82016.3,-24918.4,0,0
91.4167,6913.28,-216.149,6513.28,810.249,140.29,-18.984,141.569,1.285,-0.39,11,7.71,3.29,0.4465,0.0084,1.1325,282.89,337.22,0.4198,63696.5,13696.48,3.774,222000,217921.2,-42359.6,-83140.9,-614517.2,-52899.9,7157.1,41660.7,11721.2,0.0,0.0,81880.4,-24857.3,0,0
91.5167,6927.316,-218.05,6527.316,812.15,140.419,-19.023,141.701,1.283,-0.389,11,7.71,3.29,0.4458,0.0084,1.1323,282.87,337.22,0.4202,63696.1,13696.1,3.774,222000,217921.2,-42359.6,-83228.7,-614467.4,-52947.5,7171.7,41731.0,11700.1,0.0,0.0,81745.0,-24796.6,0,0
91.6167,6941.366,-219.954,6541.366,814.054,140.547,-19.062,141.834,1.281,-0.388,11,7.72,3.28,0.445,0.0084,1.1321,282.86,337.21,0.4206,63695.7,13695.72,3.774,222000,217921.2,-42359.6,-83316.1,-614417.8,-52995.2,7186.2,41801.2,11679.0,0.0,0.0,81610.0,-24736.1,0,0
91.7167,6955.428,-221.863,6555.428,815.963,140.675,-19.101,141.966,1.279,-0.387,11,7.73,3.27,0.4442,0.0084,1.1319,282.85,337.2,0.421,63695.3,13695.34,3.774,222000,217921.2,-42359.6,-83403.0,-614368.4,-53042.8,7200.8,41871.3,11658.1,0.0,0.0,81475.5,-24675.9,0,0
91.8167,6969.503,-223.775,6569.503,817.875,140.803,-19.139,142.098,1.277,-0.386,11,7.74,3.26,0.4435,0.0083,1.1317,282.84,337.2,0.4214,63695.0,13694.97,3.774,222000,217921.2,-42359.6,-83489.5,-614319.4,-53090.4,7215.3,41941.3,11637.2,0.0,0.0,81341.3,-24616.0,0,0
91.9167,6983.59,-225.691,6583.59,819.791,140.93,-19.178,142.229,1.275,-0.386,11,7.75,3.25,0.4427,0.0083,1.1315,282.82,337.19,0.4218,63694.6,13694.59,3.774,222000,217921.2,-42359.6,-83575.5,-614270.5,-53138.0,7229.8,42011.1,11616.5,0.0,0.0,81207.6,-24556.4,0,0
92.0167,6997.691,-227.611,6597.691,821.711,141.058,-19.217,142.361,1.273,-0.385,11,7.76,3.24,0.4419,0.0083,1.1313,282.81,337.18,0.4222,63694.2,13694.21,3.774,222000,217921.2,-42359.6,-83661.2,-614222.0,-53185.7,7244.3,42080.9,11595.8,0.0,0.0,81074.4,-24497.1,0,0
92.1167,7011.804,-229.535,6611.804,823.635,141.185,-19.255,142.492,1.271,-0.384,11,7.76,3.24,0.4412,0.0082,1.1311,282.8,337.17,0.4226,63693.8,13693.83,3.774,222000,217921.2,-42359.6,-83746.4,-614173.7,-53233.3,7258.7,42150.6,11575.3,0.0,0.0,80941.5,-24438.1,0,0
92.2167,7025.93,-231.463,6625.93,825.563,141.312,-19.293,142.623,1.269,-0.383,11,7.77,3.23,0.4404,0.0082,1.1308,282.79,337.17,0.423,63693.5,13693.46,3.774,222000,217921.2,-42359.6,-83831.2,-614125.6,-53281.0,7273.1,42220.2,11554.9,0.0,0.0,80809.1,-24379.3,0,0
92.3167,7040.069,-233.395,6640.069,827.495,141.439,-19.331,142.754,1.267,-0.382,11,7.78,3.22,0.4397,0.0082,1.1306,282.77,337.16,0.4234,63693.1,13693.08,3.774,222000,217921.2,-42359.6,-83915.5,-614077.8,-53328.7,7287.5,42289.7,11534.6,0.0,0.0,80677.0,-24320.8,0,0
92.4167,7054.22,-235.33,6654.22,829.43,141.565,-19.37,142.884,1.265,-0.381,11,7.79,3.21,0.4389,0.0082,1.1304,282.76,337.15,0.4238,63692.7,13692.7,3.774,222000,217921.2,-42359.6,-83999.5,-614030.3,-53376.3,7301.9,42359.1,11514.3,0.0,0.0,80545.4,-24262.6,0,0
92.5167,7068.384,-237.269,6668.384,831.369,141.691,-19.408,143.014,1.263,-0.38,11,7.8,3.2,0.4382,0.0081,1.1302,282.75,337.14,0.4242,63692.3,13692.32,3.774,222000,217921.2,-42359.6,-84083.0,-613983.0,-53424.0,7316.2,42428.4,11494.2,0.0,0.0,80414.2,-24204.6,0,0
92.6167,7082.56,-239.212,6682.56,833.312,141.818,-19.446,143.145,1.26,-0.379,11,7.81,3.19,0.4374,0.0081,1.13,282.74,337.14,0.4246,63691.9,13691.95,3.774,222000,217921.2,-42359.6,-84166.1,-613935.9,-53471.6,7330.6,42497.6,11474.2,0.0,0.0,80283.5,-24146.9,0,0
92.7167,7096.749,-241.159,6696.749,835.259,141.944,-19.483,143.274,1.258,-0.378,11,7.81,3.19,0.4367,0.0081,1.1298,282.72,337.13,0.425,63691.6,13691.57,3.774,222000,217921.2,-42359.6,-84248.8,-613889.1,-53519.3,7344.9,42566.7,11454.3,0.0,0.0,80153.1,-24089.5,0,0
92.8167,7110.951,-243.11,6710.951,837.21,142.069,-19.521,143.404,1.256,-0.377,11,7.82,3.18,0.436,0.008,1.1296,282.71,337.12,0.4254,63691.2,13691.19,3.774,222000,217921.2,-42359.6,-84331.1,-613842.5,-53567.0,7359.2,42635.7,11434.4,0.0,0.0,80023.1,-24032.3,0,0
92.9167,7125.165,-245.064,6725.165,839.164,142.195,-19.559,143.534,1.254,-0.376,11,7.83,3.17,0.4353,0.008,1.1293,282.7,337.11,0.4258,63690.8,13690.82,3.774,222000,217921.2,-42359.6,-84413.0,-613796.1,-53614.7,7373.4,42704.6,11414.7,0.0,0.0,79893.5,-23975.4,0,0
93.0167,7139.392,-247.022,6739.392,841.122,142.32,-19.597,143.663,1.252,-0.376,11,7.84,3.16,0.4345,0.008,1.1291,282.68,337.11,0.4262,63690.4,13690.44,3.774,222000,217921.2,-42359.6,-84494.5,-613750.0,-53662.3,7387.7,42773.4,11395.1,0.0,0.0,79764.4,-23918.7,0,0
93.1167,7153.631,-248.984,6753.631,843.084,142.445,-19.634,143.792,1.25,-0.375,11,7.85,3.15,0.4338,0.008,1.1289,282.67,337.1,0.4266,63690.1,13690.06,3.774,222000,217921.2,-42359.6,-84575.6,-613704.1,-53710.0,7401.9,42842.1,11375.5,0.0,0.0,79635.6,-23862.3,0,0
93.2167,7167.883,-250.949,6767.883,845.049,142.57,-19.671,143.921,1.248,-0.374,11,7.85,3.15,0.4331,0.0079,1.1287,282.66,337.09,0.427,63689.7,13689.68,3.774,222000,217921.2,-42359.6,-84656.4,-613658.4,-53757.7,7416.1,42910.7,11356.1,0.0,0.0,79507.2,-23806.1,0,0
93.3167,7182.147,-252.919,6782.147,847.019,142.695,-19.709,144.05,1.246,-0.373,11,7.86,3.14,0.4324,0.0079,1.1285,282.65,337.08,0.4273,63689.3,13689.31,3.774,222000,217921.2,-42359.6,-84736.7,-613612.9,-53805.3,7430.2,42979.2,11336.7,0.0,0.0,79379.2,-23750.2,0,0
93.4167,7196.424,-254.892,6796.424,848.992,142.819,-19.746,144.178,1.244,-0.372,11,7.87,3.13,0.4317,0.0079,1.1283,282.63,337.07,0.4277,63688.9,13688.93,3.774,222000,217921.2,-42359.6,-84816.6,-613567.7,-53853.0,7444.4,43047.6,11317.5,0.0,0.0,79251.7,-23694.6,0,0
93.5167,7210.713,-256.868,6810.713,850.968,142.944,-19.783,144.306,1.242,-0.371,11,7.88,3.12,0.431,0.0079,1.128,282.62,337.07,0.4281,63688.6,13688.55,3.774,222000,217921.2,-42359.6,-84896.1,-613522.7,-53900.7,7458.5,43115.9,11298.3,0.0,0.0,79124.5,-23639.1,0,0
93.6167,7225.015,-258.849,6825.015,852.949,143.068,-19.82,144.434,1.24,-0.37,11,7.89,3.11,0.4303,0.0078,1.1278,282.61,337.06,0.4285,63688.2,13688.17,3.774,222000,217921.2,-42359.6,-84975.3,-613477.9,-53948.3,7472.6,43184.1,11279.3,0.0,0.0,78997.7,-23583.9,0,0
93.7167,7239.329,-260.833,6839.329,854.933,143.192,-19.857,144.562,1.238,-0.369,11,7.89,3.11,0.4296,0.0078,1.1276,282.6,337.05,0.4289,63687.8,13687.8,3.774,222000,217921.2,-42359.6,-85054.0,-613433.4,-53996.0,7486.7,43252.2,11260.3,0.0,0.0,78871.2,-23529.0,0,0
93.8167,7253.655,-262.821,6853.655,856.921,143.315,-19.894,144.69,1.236,-0.369,11,7.9,3.1,0.4289,0.0078,1.1274,282.58,337.04,0.4293,63687.4,13687.42,3.774,222000,217921.2,-42359.6,-85132.4,-613389.0,-54043.6,7500.7,43320.2,11241.4,0.0,0.0,78745.2,-23474.3,0,0
93.9167,7267.994,-264.813,6867.994,858.913,143.439,-19.931,144.817,1.234,-0.368,11,7.91,3.09,0.4282,0.0078,1.1272,282.57,337.04,0.4297,63687.0,13687.04,3.774,222000,217921.2,-42359.6,-85210.4,-613344.9,-54091.2,7514.8,43388.1,11222.6,0.0,0.0,78619.6,-23419.8,0,0
94.0167,7282.345,-266.808,6882.345,860.908,143.562,-19.968,144.944,1.233,-0.367,11,7.92,3.08,0.4275,0.0077,1.1269,282.56,337.03,0.4301,63686.7,13686.66,3.774,222000,217921.2,-42359.6,-85288.1,-613300.9,-54138.9,7528.8,43455.9,11203.9,0.0,0.0,78494.3,-23365.6,0,0
94.1167,7296.709,-268.807,6896.709,862.907,143.685,-20.004,145.071,1.231,-0.366,11,7.92,3.08,0.4268,0.0077,1.1267,282.54,337.02,0.4305,63686.3,13686.29,3.774,222000,217921.2,-42359.6,-85365.3,-613257.2,-54186.5,7542.8,43523.6,11185.3,0.0,0.0,78369.4,-23311.6,0,0
94.2167,7311.084,-270.809,6911.084,864.909,143.808,-20.041,145.198,1.229,-0.365,11,7.93,3.07,0.4261,0.0077,1.1265,282.53,337.01,0.4308,63685.9,13685.91,3.774,222000,217921.2,-42359.6,-85442.2,-613213.7,-54234.1,7556.7,43591.2,11166.8,0.0,0.0,78244.9,-23257.8,0,0
94.3167,7325.472,-272.815,6925.472,866.915,143.931,-20.077,145.325,1.227,-0.364,11,7.94,3.06,0.4254,0.0077,1.1263,282.52,337.01,0.4312,63685.5,13685.53,3.774,222000,217921.2,-42359.6,-85518.8,-613170.4,-54281.7,7570.7,43658.8,11148.4,0.0,0.0,78120.7,-23204.3,0,0
94.4167,7339.873,-274.825,6939.873,868.925,144.054,-20.114,145.451,1.225,-0.364,11,7.95,3.05,0.4247,0.0076,1.1261,282.5,337.0,0.4316,63685.2,13685.15,3.774,222000,217921.2,-42359.6,-85594.9,-613127.3,-54329.3,7584.6,43726.2,11130.0,0.0,0.0,77997.0,-23151.0,0,0
94.5167,7354.285,-276.839,6954.285,870.939,144.176,-20.15,145.577,1.223,-0.363,11,7.95,3.05,0.4241,0.0076,1.1258,282.49,336.99,0.432,63684.8,13684.78,3.774,222000,217921.2,-42359.6,-85670.7,-613084.4,-54376.9,7598.5,43793.5,11111.8,0.0,0.0,77873.6,-23097.9,0,0
94.6167,7368.71,-278.856,6968.71,872.956,144.298,-20.186,145.703,1.221,-0.362,11,7.96,3.04,0.4234,0.0076,1.1256,282.48,336.98,0.4324,63684.4,13684.4,3.774,222000,217921.2,-42359.6,-85746.2,-613041.7,-54424.5,7612.4,43860.7,11093.6,0.0,0.0,77750.6,-23045.0,0,0
94.7167,7383.147,-280.877,6983.147,874.977,144.42,-20.222,145.829,1.219,-0.361,11,7.97,3.03,0.4227,0.0076,1.1254,282.46,336.97,0.4328,63684.0,13684.02,3.774,222000,217921.2,-42359.6,-85821.3,-612999.2,-54472.1,7626.2,43927.8,11075.5,0.0,0.0,77627.9,-22992.3,0,0
94.8167,7397.596,-282.901,6997.596,877.001,144.542,-20.258,145.955,1.217,-0.36,11,7.98,3.02,0.4221,0.0075,1.1252,282.45,336.97,0.4331,63683.6,13683.64,3.774,222000,217921.2,-42359.6,-85896.0,-612956.9,-54519.6,7640.0,43994.8,11057.5,0.0,0.0,77505.6,-22939.9,0,0
94.9167,7412.057,-284.929,7012.057,879.029,144.664,-20.294,146.08,1.215,-0.359,11,7.98,3.02,0.4214,0.0075,1.1249,282.44,336.96,0.4335,63683.3,13683.27,3.774,222000,217921.2,-42359.6,-85970.4,-612914.8,-54567.2,7653.9,44061.7,11039.6,0.0,0.0,77383.7,-22887.7,0,0
95.0167,7426.531,-286.96,7026.531,881.06,144.785,-20.33,146.205,1.213,-0.359,11,7.99,3.01,0.4207,0.0075,1.1247,282.43,336.95,0.4339,63682.9,13682.89,3.774,222000,217921.2,-42359.6,-86044.4,-612872.9,-54614.7,7667.6,44128.6,11021.8,0.0,0.0,77262.1,-22835.7,0,0
95.1167,7441.016,-288.996,7041.016,883.096,144.906,-20.366,146.33,1.211,-0.358,11,8.0,3.0,0.4201,0.0075,1.1245,282.41,336.94,0.4343,63682.5,13682.51,3.774,222000,217921.2,-42359.6,-86118.0,-612831.2,-54662.2,7681.4,44195.3,11004.0,0.0,0.0,77141.0,-22784.0,0,0
95.2167,7455.514,-291.034,7055.514,885.134,145.027,-20.402,146.455,1.209,-0.357,11,8.01,2.99,0.4194,0.0074,1.1243,282.4,336.93,0.4347,63682.1,13682.13,3.774,222000,217921.2,-42359.6,-86191.4,-612789.7,-54709.7,7695.1,44261.9,10986.4,0.0,0.0,77020.1,-22732.4,0,0
95.3167,7470.024,-293.076,7070.024,887.176,145.148,-20.437,146.58,1.208,-0.356,11,8.01,2.99,0.4188,0.0074,1.124,282.39,336.93,0.435,63681.8,13681.76,3.774,222000,217921.2,-42359.6,-86264.4,-612748.4,-54757.2,7708.9,44328.4,10968.8,0.0,0.0,76899.6,-22681.1,0,0
95.4167,7484.546,-295.122,7084.546,889.222,145.269,-20.473,146.704,1.206,-0.355,11,8.02,2.98,0.4181,0.0074,1.1238,282.37,336.92,0.4354,63681.4,13681.38,3.774,222000,217921.2,-42359.6,-86337.0,-612707.2,-54804.7,7722.6,44394.8,10951.3,0.0,0.0,76779.5,-22629.9,0,0
95.5167,7499.08,-297.172,7099.08,891.272,145.389,-20.508,146.829,1.204,-0.355,11,8.03,2.97,0.4175,0.0074,1.1236,282.36,336.91,0.4358,63681.0,13681.0,3.774,222000,217921.2,-42359.6,-86409.3,-612666.3,-54852.2,7736.3,44461.2,10933.9,0.0,0.0,76659.7,-22579.0,0,0
95.6167,7513.625,-299.225,7113.625,893.325,145.509,-20.544,146.953,1.202,-0.354,11,8.04,2.96,0.4168,0.0074,1.1234,282.35,336.9,0.4362,63680.6,13680.63,3.774,222000,217921.2,-42359.6,-86481.3,-612625.5,-54899.6,7749.9,44527.4,10916.6,0.0,0.0,76540.3,-22528.3,0,0
95.7167,7528.183,-301.281,7128.183,895.381,145.63,-20.579,147.076,1.2,-0.353,11,8.04,2.96,0.4162,0.0073,1.1231,282.33,336.9,0.4366,63680.2,13680.25,3.774,222000,217921.2,-42359.6,-86552.9,-612584.9,-54947.1,7763.5,44593.5,10899.3,0.0,0.0,76421.2,-22477.8,0,0
95.8167,7542.753,-303.341,7142.753,897.441,145.749,-20.614,147.2,1.198,-0.352,11,8.05,2.95,0.4156,0.0073,1.1229,282.32,336.89,0.4369,63679.9,13679.87,3.774,222000,217921.2,-42359.6,-86624.2,-612544.6,-54994.5,7777.2,44659.6,10882.1,0.0,0.0,76302.5,-22427.5,0,0
95.9167,7557.335,-305.405,7157.335,899.505,145.869,-20.65,147.324,1.196,-0.351,11,8.06,2.94,0.4149,0.0073,1.1227,282.31,336.88,0.4373,63679.5,13679.49,3.774,222000,217921.2,-42359.6,-86695.2,-612504.3,-55041.9,7790.7,44725.5,10865.0,0.0,0.0,76184.2,-22377.4,0,0
96.0167,7571.929,-307.472,7171.929,901.572,145.989,-20.685,147.447,1.195,-0.351,11,8.06,2.94,0.4143,0.0073,1.1225,282.29,336.87,0.4377,63679.1,13679.12,3.774,222000,217921.2,-42359.6,-86765.8,-612464.3,-55089.3,7804.3,44791.3,10848.0,0.0,0.0,76066.1,-22327.5,0,0
96.1167,7586.535,-309.542,7186.535,903.642,146.108,-20.72,147.57,1.193,-0.35,11,8.07,2.93,0.4137,0.0072,1.1222,282.28,336.86,0.4381,63678.7,13678.74,3.774,222000,217921.2,-42359.6,-86836.1,-612424.5,-55136.7,7817.9,44857.1,10831.1,0.0,0.0,75948.5,-22277.8,0,0
96.2167,7601.153,-311.616,7201.153,905.716,146.227,-20.755,147.693,1.191,-0.349,11,8.08,2.92,0.4131,0.0072,1.122,282.27,336.85,0.4384,63678.4,13678.36,3.774,222000,217921.2,-42359.6,-86906.1,-612384.8,-55184.0,7831.4,44922.7,10814.2,0.0,0.0,75831.1,-22228.3,0,0
96.3167,7615.782,-313.694,7215.782,907.794,146.346,-20.79,147.815,1.189,-0.348,11,8.08,2.92,0.4124,0.0072,1.1218,282.25,336.85,0.4388,63678.0,13677.98,3.774,222000,217921.2,-42359.6,-86975.8,-612345.3,-55231.4,7844.9,44988.2,10797.5,0.0,0.0,75714.1,-22179.0,0,0
96.4167,7630.424,-315.777,7230.424,909.877,146.445,-20.931,147.933,0.388,-4.614,13,8.11,4.89,0.5905,0.0148,1.1215,282.24,336.84,0.4392,63677.6,13677.61,3.774,222000,216310.2,-49939.1,-125036.9,-878004.0,-66550.3,9477.5,45052.8,22168.9,0.0,0.0,24723.0,-293788.3,0,0
96.5167,7645.07,-317.896,7245.07,911.996,146.485,-21.372,148.036,0.414,-4.268,13,8.27,4.73,0.5753,0.014,1.1213,282.22,336.83,0.4395,63677.2,13677.23,3.774,222000,216310.2,-49939.1,-124486.6,-856039.7,-65484.0,9522.8,45106.3,21066.5,0.0,0.0,26339.5,-271782.4,0,0
96.6167,7659.721,-320.057,7259.721,914.157,146.528,-21.78,148.138,0.438,-3.95,13,8.43,4.57,0.5613,0.0133,1.1211,282.21,336.82,0.4398,63676.9,13676.85,3.774,222000,216310.2,-49939.1,-123867.3,-835808.9,-64529.3,9563.3,45159.0,20075.2,0.0,0.0,27913.6,-251514.9,0,0
96.7167,7674.377,-322.258,7274.377,916.358,146.573,-22.158,148.239,0.462,-3.657,13,8.57,4.43,0.5484,0.0127,1.1208,282.2,336.81,0.4401,63676.5,13676.47,3.774,222000,216310.2,-49939.1,-123201.8,-817175.3,-63673.6,9599.8,45210.8,19182.4,0.0,0.0,29434.8,-232848.5,0,0
96.8167,7689.037,-324.494,7289.037,918.594,146.621,-22.508,148.339,0.485,-3.387,13,8.71,4.29,0.5364,0.0122,1.1206,282.18,336.81,0.4404,63676.1,13676.1,3.774,222000,216310.2,-49939.1,-122508.5,-800013.2,-62905.9,9633.0,45261.8,18377.3,0.0,0.0,30895.8,-215656.9,0,0
96.9167,7703.702,-326.764,7303.702,920.864,146.671,-22.832,148.437,0.507,-3.138,13,8.83,4.17,0.5254,0.0117,1.1203,282.17,336.8,0.4407,63675.7,13675.72,3.774,222000,216310.2,-49939.1,-121802.1,-784206.7,-62216.5,9663.4,45312.1,17650.3,0.0,0.0,32291.6,-199823.6,0,0
97.0167,7718.372,-329.065,7318.372,923.165,146.723,-23.132,148.535,0.528,-2.909,13,8.94,4.06,0.5153,0.0112,1.1201,282.15,336.79,0.441,63675.3,13675.34,3.774,222000,216310.2,-49939.1,-121094.4,-769649.0,-61597.0,9691.5,45361.8,16993.0,0.0,0.0,33618.8,-185241.5,0,0
97.1167,7733.047,-331.394,7333.047,925.494,146.777,-23.411,148.632,0.548,-2.698,13,9.05,3.95,0.5059,0.0108,1.1198,282.14,336.78,0.4413,63675.0,13674.96,3.774,222000,216310.2,-49939.1,-120394.4,-756241.7,-61039.9,9717.6,45410.7,16397.8,0.0,0.0,34875.9,-171811.8,0,0
97.2167,7747.728,-333.751,7347.728,927.851,146.833,-23.669,148.728,0.566,-2.504,13,9.14,3.86,0.4972,0.0105,1.1196,282.12,336.77,0.4416,63674.6,13674.59,3.774,222000,216310.2,-49939.1,-119709.3,-743894.0,-60538.6,9742.0,45459.0,15858.4,0.0,0.0,36062.3,-159443.5,0,0
97.3167,7762.415,-336.132,7362.415,930.232,146.89,-23.909,148.823,0.584,-2.325,13,9.23,3.77,0.4892,0.0101,1.1193,282.11,336.76,0.4419,63674.2,13674.21,3.774,222000,216310.2,-49939.1,-119044.4,-732522.5,-60087.3,9765.0,45506.8,15368.8,0.0,0.0,37178.5,-148052.7,0,0
97.4167,7777.107,-338.536,7377.107,932.636,146.95,-24.132,148.918,0.6,-2.16,13,9.31,3.69,0.4819,0.0098,1.1191,282.09,336.75,0.4422,63673.8,13673.83,3.774,222000,216310.2,-49939.1,-118403.6,-722050.0,-59680.9,9786.6,45554.0,14924.0,0.0,0.0,38225.7,-137562.3,0,0
97.5167,7791.806,-340.961,7391.806,935.061,147.011,-24.339,149.012,0.616,-2.009,13,9.39,3.61,0.475,0.0096,1.1188,282.07,336.74,0.4425,63673.5,13673.45,3.774,222000,216310.2,-49939.1,-117789.7,-712405.7,-59314.8,9807.2,45600.6,14519.5,0.0,0.0,39205.7,-127901.1,0,0
97.6167,7806.511,-343.406,7406.511,937.506,147.073,-24.531,149.105,0.63,-1.869,13,9.46,3.54,0.4687,0.0093,1.1185,282.06,336.73,0.4428,63673.1,13673.08,3.774,222000,216310.2,-49939.1,-117204.7,-703524.1,-58985.0,9826.7,45646.8,14151.1,0.0,0.0,40120.5,-119003.6,0,0
97.7167,7821.222,-345.87,7421.222,939.97,147.137,-24.711,149.197,0.643,-1.74,13,9.52,3.48,0.4629,0.0091,1.1183,282.04,336.72,0.4431,63672.7,13672.7,3.774,222000,216310.2,-49939.1,-116649.6,-695344.9,-58687.8,9845.3,45692.5,13815.4,0.0,0.0,40972.8,-110809.5,0,0
97.8167,7835.939,-348.351,7435.939,942.451,147.202,-24.878,149.289,0.656,-1.622,13,9.58,3.42,0.4575,0.0089,1.118,282.03,336.71,0.4434,63672.3,13672.32,3.774,222000,216310.2,-49939.1,-116124.9,-687812.7,-58420.1,9863.2,45737.8,13509.1,0.0,0.0,41765.2,-103263.2,0,0
97.9167,7850.663,-350.848,7450.663,944.948,147.268,-25.033,149.381,0.667,-1.513,13,9.64,3.36,0.4525,0.0087,1.1177,282.01,336.7,0.4437,63671.9,13671.95,3.774,222000,216310.2,-49939.1,-115630.7,-680876.3,-58178.9,9880.3,45782.6,13229.3,0.0,0.0,42500.5,-96313.4,0,0
98.0167,7865.394,-353.36,7465.394,947.46,147.336,-25.179,149.471,0.678,-1.412,13,9.69,3.31,0.4479,0.0085,1.1174,281.99,336.69,0.4439,63671.6,13671.57,3.774,222000,216310.2,-49939.1,-115166.8,-674488.7,-57961.9,9896.8,45827.1,12973.6,0.0,0.0,43181.5,-89912.9,0,0
98.1167,7880.131,-355.886,7480.131,949.986,147.404,-25.314,149.562,0.688,-1.32,13,9.74,3.26,0.4437,0.0083,1.1172,281.98,336.68,0.4442,63671.2,13671.19,3.774,222000,216310.2,-49939.1,-114732.3,-668606.4,-57766.5,9912.7,45871.2,12739.7,0.0,0.0,43811.3,-84018.4,0,0
98.2167,7894.876,-358.425,7494.876,952.525,147.473,-25.441,149.652,0.697,-1.234,13,9.78,3.22,0.4397,0.0082,1.1169,281.96,336.67,0.4445,63670.8,13670.81,3.774,222000,216310.2,-49939.1,-114326.6,-663189.4,-57590.9,9928.0,45915.0,12525.4,0.0,0.0,44392.6,-78589.8,0,0
98.3167,7909.627,-360.976,7509.627,955.076,147.544,-25.56,149.741,0.706,-1.156,13,9.82,3.18,0.436,0.008,1.1166,281.94,336.66,0.4448,63670.4,13670.44,3.774,222000,216310.2,-49939.1,-113948.6,-658201.0,-57433.2,9942.9,45958.4,12329.1,0.0,0.0,44928.4,-73590.3,0,0
98.4167,7924.386,-363.538,7524.386,957.638,147.615,-25.671,149.83,0.713,-1.083,13,9.86,3.14,0.4326,0.0079,1.1163,281.93,336.65,0.4451,63670.1,13670.06,3.774,222000,216310.2,-49939.1,-113597.2,-653607.2,-57291.7,9957.3,46001.6,12149.0,0.0,0.0,45421.3,-68985.8,0,0
98.5167,7939.151,-366.112,7539.151,960.212,147.686,-25.776,149.919,0.721,-1.017,13,9.89,3.11,0.4295,0.0078,1.116,281.91,336.64,0.4453,63669.7,13669.68,3.774,222000,216310.2,-49939.1,-113271.3,-649376.8,-57164.9,9971.3,46044.4,11983.6,0.0,0.0,45874.0,-64745.0,0,0
98.6167,7953.924,-368.695,7553.924,962.795,147.759,-25.874,150.007,0.727,-0.956,13,9.93,3.07,0.4266,0.0077,1.1158,281.89,336.63,0.4456,63669.3,13669.3,3.774,222000,216310.2,-49939.1,-112969.5,-645481.0,-57051.5,9984.9,46087.0,11831.6,0.0,0.0,46289.2,-60839.3,0,0
98.7167,7968.704,-371.288,7568.704,965.388,147.832,-25.966,150.095,0.733,-0.899,13,9.96,3.04,0.4238,0.0076,1.1155,281.88,336.62,0.4459,63668.9,13668.93,3.774,222000,216310.2,-49939.1,-112690.7,-641893.2,-56950.3,9998.2,46129.3,11691.9,0.0,0.0,46669.2,-57242.0,0,0
98.8167,7983.492,-373.889,7583.492,967.989,147.905,-26.053,150.182,0.738,-0.847,13,9.99,3.01,0.4213,0.0075,1.1152,281.86,336.61,0.4462,63668.5,13668.55,3.774,222000,216310.2,-49939.1,-112433.6,-638589.1,-56860.1,10011.1,46171.4,11563.3,0.0,0.0,47016.4,-53928.7,0,0
98.9167,7998.287,-376.5,7598.287,970.6,147.98,-26.135,150.27,0.743,-0.799,13,10.01,2.99,0.419,0.0074,1.1149,281.84,336.6,0.4464,63668.2,13668.17,3.774,222000,216310.2,-49939.1,-112196.9,-635546.2,-56780.1,10023.7,46213.3,11444.8,0.0,0.0,47333.1,-50876.9,0,0
99.0167,8013.089,-379.118,7613.089,973.218,148.054,-26.212,150.357,0.748,-0.755,13,10.04,2.96,0.4168,0.0074,1.1146,281.83,336.59,0.4467,63667.8,13667.79,3.774,222000,216310.2,-49939.1,-111979.5,-632743.8,-56709.3,10036.1,46254.9,11335.6,0.0,0.0,47621.3,-48065.8,0,0
99.1167,8027.899,-381.743,7627.899,975.843,148.129,-26.285,150.443,0.752,-0.714,13,10.06,2.94,0.4147,0.0073,1.1143,281.81,336.58,0.447,63667.4,13667.42,3.774,222000,216310.2,-49939.1,-111780.2,-630162.8,-56646.9,10048.2,46296.3,11234.8,0.0,0.0,47883.1,-45476.4,0,0
99.2167,8042.716,-384.376,7642.716,978.476,148.205,-26.355,150.53,0.756,-0.677,13,10.08,2.92,0.4128,0.0072,1.114,281.79,336.57,0.4472,63667.0,13667.04,3.774,222000,216310.2,-49939.1,-111597.7,-627785.6,-56592.1,10060.1,46337.6,11141.8,0.0,0.0,48120.3,-43091.1,0,0
99.3167,8057.541,-387.015,7657.541,981.115,148.28,-26.42,150.616,0.759,-0.642,13,10.1,2.9,0.411,0.0072,1.1137,281.78,336.56,0.4475,63666.7,13666.66,3.774,222000,216310.2,-49939.1,-111431.1,-625596.1,-56544.4,10071.7,46378.6,11055.8,0.0,0.0,48334.6,-40893.6,0,0
99.4167,8072.373,-389.661,7672.373,983.761,148.356,-26.483,150.702,0.762,-0.611,13,10.12,2.88,0.4094,0.0071,1.1135,281.76,336.55,0.4478,63666.3,13666.28,3.774,222000,216310.2,-49939.1,-111279.3,-623579.4,-56503.0,10083.1,46419.5,10976.2,0.0,0.0,48527.8,-38869.2,0,0
99.5167,8087.214,-392.312,7687.214,986.412,148.433,-26.542,150.787,0.765,-0.581,13,10.14,2.86,0.4078,0.007,1.1132,281.74,336.54,0.448,63665.9,13665.91,3.774,222000,216310.2,-49939.1,-111141.3,-621721.7,-56467.5,10094.3,46460.2,10902.5,0.0,0.0,48701.3,-37003.9,0,0
99.6167,8102.061,-394.97,7702.061,989.07,148.51,-26.598,150.873,0.767,-0.554,13,10.15,2.85,0.4064,0.007,1.1129,281.72,336.53,0.4483,63665.5,13665.53,3.774,222000,216310.2,-49939.1,-111016.1,-620010.4,-56437.4,10105.4,46500.7,10834.2,0.0,0.0,48856.7,-35285.3,0,0
99.7167,8116.917,-397.633,7716.917,991.733,148.586,-26.652,150.958,0.77,-0.529,13,10.17,2.83,0.405,0.0069,1.1126,281.71,336.52,0.4486,63665.2,13665.15,3.774,222000,216310.2,-49939.1,-110902.9,-618433.9,-56412.1,10116.3,46541.1,10770.8,0.0,0.0,48995.2,-33701.6,0,0
99.8167,8131.78,-400.301,7731.78,994.401,148.663,-26.704,151.043,0.772,-0.506,13,10.18,2.82,0.4037,0.0069,1.1123,281.69,336.51,0.4488,63664.8,13664.77,3.774,222000,216310.2,-49939.1,-110800.8,-616981.5,-56391.2,10127.0,46581.3,10712.0,0.0,0.0,49118.1,-32242.2,0,0
99.9167,8146.651,-402.974,7746.651,997.074,148.741,-26.753,151.128,0.773,-0.485,13,10.19,2.81,0.4025,0.0069,1.112,281.67,336.5,0.4491,63664.4,13664.4,3.774,222000,216310.2,-49939.1,-110709.0,-615643.3,-56374.5,10137.6,46621.4,10657.3,0.0,0.0,49226.7,-30897.1,0,0
100.0167,8161.529,-405.653,7761.529,999.753,148.818,-26.801,151.212,0.775,-0.466,13,10.21,2.79,0.4014,0.0068,1.1117,281.65,336.49,0.4494,63664.0,13664.02,3.774,222000,216310.2,-49939.1,-110626.8,-614410.2,-56361.5,10148.1,46661.4,10606.4,0.0,0.0,49321.9,-29657.2,0,0
100.1167,8176.416,-408.335,7776.416,1002.435,148.896,-26.846,151.297,0.776,-0.448,13,10.22,2.78,0.4003,0.0068,1.1114,281.64,336.48,0.4496,63663.6,13663.64,3.774,222000,216310.2,-49939.1,-110553.4,-613273.9,-56351.9,10158.4,46701.2,10559.0,0.0,0.0,49404.8,-28514.3,0,0
100.2167,8191.31,-411.022,7791.31,1005.122,148.973,-26.89,151.381,0.777,-0.431,13,10.23,2.77,0.3993,0.0067,1.1111,281.62,336.47,0.4499,63663.3,13663.26,3.774,222000,216310.2,-49939.1,-110488.3,-612226.6,-56345.5,10168.6,46740.9,10514.8,0.0,0.0,49476.4,-27460.5,0,0
100.3167,8206.212,-413.714,7806.212,1007.814,149.051,-26.932,151.465,0.778,-0.416,13,10.24,2.76,0.3983,0.0067,1.1108,281.6,336.46,0.4502,63662.9,13662.89,3.774,222000,216310.2,-49939.1,-110430.8,-611261.4,-56341.9,10178.8,46780.5,10473.5,0.0,0.0,49537.5,-26488.8,0,0
100.4167,8221.121,-416.41,7821.121,1010.51,149.129,-26.973,151.549,0.779,-0.402,13,10.25,2.75,0.3974,0.0067,1.1105,281.58,336.45,0.4504,63662.5,13662.51,3.774,222000,216310.2,-49939.1,-110380.4,-610371.6,-56340.9,10188.8,46819.9,10434.9,0.0,0.0,49588.9,-25592.7,0,0
100.5167,8236.039,-419.109,7836.039,1013.209,149.207,-27.012,151.632,0.78,-0.389,13,10.26,2.74,0.3966,0.0067,1.1102,281.57,336.44,0.4507,63662.1,13662.13,3.774,222000,216310.2,-49939.1,-110336.4,-609551.2,-56342.4,10198.7,46859.2,10398.7,0.0,0.0,49631.4,-24766.1,0,0
100.6167,8250.964,-421.813,7850.964,1015.913,149.285,-27.051,151.716,0.78,-0.377,13,10.27,2.73,0.3958,0.0066,1.1099,281.55,336.43,0.451,63661.8,13661.76,3.774,222000,216310.2,-49939.1,-110298.5,-608794.7,-56346.0,10208.5,46898.5,10364.9,0.0,0.0,49665.6,-24003.6,0,0
100.7167,8265.897,-424.52,7865.897,1018.62,149.363,-27.088,151.799,0.781,-0.366,13,10.28,2.72,0.395,0.0066,1.1097,281.53,336.42,0.4512,63661.4,13661.38,3.774,222000,216310.2,-49939.1,-110266.2,-608097.1,-56351.7,10218.2,46937.6,10333.1,0.0,0.0,49692.3,-23299.9,0,0
100.8167,8280.838,-427.23,7880.838,1021.33,149.449,-27.087,151.884,1.254,1.87,12,10.29,1.71,0.3043,0.0039,1.1094,281.51,336.41,0.4515,63661.0,13661.0,3.774,222000,217148.8,-46156.4,-85074.5,-468788.8,-52259.2,9483.9,46976.6,6136.2,0.0,0.0,79815.1,119053.1,0,0
100.9167,8295.797,-429.894,7895.797,1023.994,149.718,-26.145,151.984,3.593,14.675,6,10.0,-4.0,-0.21,0.0019,1.1091,281.5,336.4,0.4518,63660.6,13660.62,3.774,222000,220783.9,-23205.3,57171.0,324221.4,-49192.9,8674.3,47025.0,2926.9,0.0,0.0,228761.9,934201.2,0,0
101.0167,8310.791,-432.413,7910.791,1026.513,150.096,-24.531,152.087,3.665,15.581,5,9.38,-4.38,-0.2444,0.0025,1.1088,281.48,336.39,0.4521,63660.2,13660.25,3.774,222000,221155.2,-19348.6,62520.6,378385.1,-50361.0,8321.2,47076.3,3967.5,0.0,0.0,233314.9,991864.7,0,0
101.1167,8325.821,-434.779,7925.821,1028.879,150.448,-23.047,152.203,3.43,14.312,5,8.8,-3.8,-0.1921,0.0016,1.1085,281.46,336.38,0.4525,63659.9,13659.87,3.774,222000,221155.2,-19348.6,46192.7,298333.6,-49007.2,7588.1,47136.0,2455.2,0.0,0.0,218340.7,911076.4,0,0
101.2167,8340.885,-437.003,7940.885,1031.103,150.779,-21.685,152.331,3.231,13.142,5,8.27,-3.27,-0.1442,0.0009,1.1083,281.45,336.37,0.4529,63659.5,13659.49,3.774,222000,221155.2,-19348.6,32625.4,224498.8,-48082.8,6987.7,47203.4,1384.5,0.0,0.0,205697.8,836637.4,0,0
101.3167,8355.982,-439.098,7955.982,1033.198,151.092,-20.435,152.468,3.063,12.065,5,7.78,-2.78,-0.1002,0.0004,1.1081,281.44,336.36,0.4533,63659.1,13659.11,3.774,222000,221155.2,-19348.6,21369.6,156413.7,-47505.8,6490.4,47277.7,669.4,0.0,0.0,195019.0,768051.4,0,0
101.4167,8371.108,-441.074,7971.108,1035.174,151.39,-19.287,152.614,2.922,11.072,5,7.33,-2.33,-0.0598,0.0002,1.1078,281.42,336.35,0.4537,63658.7,13658.74,3.774,222000,221155.2,-19348.6,12047.9,93643.4,-47208.1,6073.6,47358.1,239.0,0.0,0.0,185995.0,704860.7,0,0
101.5167,8386.264,-442.94,7986.264,1037.04,151.675,-18.233,152.767,2.802,10.158,5,6.92,-1.92,-0.0228,0.0,1.1076,281.41,336.35,0.4542,63658.4,13658.36,3.774,222000,221155.2,-19348.6,4342.9,35783.7,-47132.8,5720.3,47443.9,34.8,0.0,0.0,178365.3,646644.0,0,0
101.6167,8401.447,-444.713,8001.447,1038.813,151.921,-17.493,152.925,1.84,2.563,8,6.59,1.41,0.2773,0.0033,1.1074,281.4,336.34,0.4547,63658.0,13657.98,3.774,222000,219839.5,-30896.4,-50388.4,-436445.1,-52342.8,6043.1,47533.9,5156.6,0.0,0.0,117108.3,163186.3,0,0
101.7167,8416.645,-446.482,8016.645,1040.582,151.987,-17.991,153.048,0.031,-8.581,13,6.7,6.3,0.7172,0.0218,1.1072,281.39,336.33,0.4551,63657.6,13657.6,3.774,222000,216310.2,-49939.1,-132743.6,-1130362.6,-81597.9,9582.4,47607.5,34551.1,0.0,0.0,1968.7,-546238.3,0,0
101.8167,8431.844,-448.329,8031.844,1042.429,151.992,-18.809,153.151,0.058,-7.902,13,7.01,5.99,0.6895,0.0201,1.107,281.38,336.32,0.4554,63657.2,13657.23,3.774,222000,216310.2,-49939.1,-133608.4,-1087240.3,-79037.7,9712.8,47663.1,31969.2,0.0,0.0,3664.0,-502989.3,0,0
101.9167,8447.043,-450.255,8047.043,1044.355,151.999,-19.563,153.253,0.087,-7.277,13,7.29,5.71,0.664,0.0187,1.1068,281.36,336.32,0.4557,63656.8,13656.85,3.774,222000,216310.2,-49939.1,-133996.0,-1047608.8,-76776.0,9820.2,47717.6,29683.9,0.0,0.0,5538.1,-463254.1,0,0
102.0167,8462.244,-452.252,8062.244,1046.352,152.01,-20.257,153.353,0.118,-6.704,13,7.55,5.45,0.6406,0.0174,1.1066,281.35,336.31,0.456,63656.5,13656.47,3.774,222000,216310.2,-49939.1,-134008.5,-1011187.3,-74774.8,9909.6,47771.0,27657.5,0.0,0.0,7526.9,-426746.9,0,0
102.1167,8477.445,-454.315,8077.445,1048.415,152.023,-20.896,153.453,0.15,-6.177,13,7.79,5.21,0.619,0.0162,1.1064,281.34,336.3,0.4563,63656.1,13656.09,3.774,222000,216310.2,-49939.1,-133729.6,-977717.0,-73001.4,9984.9,47823.4,25857.7,0.0,0.0,9579.1,-393205.0,0,0
102.2167,8492.649,-456.44,8092.649,1050.54,152.04,-21.485,153.551,0.183,-5.693,13,8.01,4.99,0.5992,0.0152,1.1062,281.32,336.29,0.4566,63655.7,13655.72,3.774,222000,216310.2,-49939.1,-133228.4,-946959.8,-71427.5,10049.2,47874.7,24256.2,0.0,0.0,11654.3,-362387.2,0,0
102.3167,8507.856,-458.608,8107.856,1052.708,152.13,-21.653,153.663,1.833,3.695,9,8.13,0.87,0.2287,0.0022,1.1059,281.31,336.28,0.4569,63655.3,13655.34,3.774,222000,219266.8,-34728.5,-51653.4,-361802.5,-50953.2,7274.4,47931.1,3538.7,0.0,0.0,116660.3,235202.3,0,0
102.4167,8523.084,-460.724,8123.084,1054.824,152.395,-20.745,153.8,2.767,9.881,6,7.82,-1.82,-0.0134,0.0,1.1057,281.3,336.28,0.4574,63655.0,13654.96,3.774,222000,220783.9,-23205.3,2906.6,21177.0,-47571.7,6529.3,48005.6,12.1,0.0,0.0,176118.7,628956.1,0,0
102.5167,8538.339,-462.743,8138.339,1056.843,152.665,-19.806,153.944,2.655,9.056,6,7.45,-1.45,0.0195,0.0,1.1055,281.28,336.27,0.4578,63654.6,13654.58,3.774,222000,220783.9,-23205.3,-4056.0,-31018.5,-47705.0,6238.0,48085.3,25.8,0.0,0.0,169022.9,576465.6,0,0
102.6167,8553.621,-464.672,8153.621,1058.772,152.925,-18.945,154.094,2.56,8.297,6,7.12,-1.12,0.0496,0.0001,1.1053,281.27,336.26,0.4583,63654.2,13654.21,3.774,222000,220783.9,-23205.3,-9872.3,-79089.5,-47964.2,5987.1,48168.9,167.5,0.0,0.0,162947.4,528140.0,0,0
102.7167,8568.928,-466.52,8168.928,1060.62,153.176,-18.157,154.248,2.478,7.598,6,6.81,-0.81,0.0772,0.0003,1.1051,281.26,336.25,0.4587,63653.8,13653.83,3.774,222000,220783.9,-23205.3,-14727.9,-123355.5,-48319.2,5769.0,48256.2,406.1,0.0,0.0,157736.8,483652.2,0,0
102.8167,8584.26,-468.293,8184.26,1062.393,153.419,-17.435,154.407,2.408,6.955,6,6.53,-0.53,0.1025,0.0004,1.1049,281.25,336.25,0.4592,63653.5,13653.45,3.774,222000,220783.9,-23205.3,-18778.9,-164112.2,-48745.3,5577.8,48346.7,716.7,0.0,0.0,153259.7,442700.6,0,0
102.9167,8599.616,-469.998,8199.616,1064.098,153.656,-16.774,154.569,2.347,6.363,6,6.27,-0.27,0.1256,0.0007,1.1047,281.24,336.24,0.4597,63653.1,13653.08,3.774,222000,220783.9,-23205.3,-22156.5,-201632.9,-49222.4,5408.8,48440.0,1078.7,0.0,0.0,149405.0,405007.3,0,0
103.0167,8614.993,-471.652,8214.993,1065.752,153.838,-16.553,154.726,1.058,-3.297,10,6.12,3.88,0.499,0.0105,1.1045,281.22,336.23,0.4602,63652.7,13652.7,3.774,222000,218627.3,-38549.9,-86094.8,-802723.1,-65212.4,6994.2,48532.7,17053.7,0.0,0.0,67320.2,-209845.8,0,0
103.1167,8630.379,-473.355,8230.379,1067.455,153.85,-17.432,154.835,-0.063,-9.627,13,6.41,6.59,0.7435,0.0234,1.1043,281.21,336.23,0.4605,63652.3,13652.32,3.774,222000,216310.2,-49939.1,-134366.8,-1196940.0,-85964.7,9650.3,48597.0,37907.7,0.0,0.0,-4021.4,-612799.6,0,0
103.2167,8645.763,-475.153,8245.763,1069.253,153.845,-18.349,154.936,-0.038,-8.854,13,6.75,6.25,0.7128,0.0215,1.1041,281.2,336.22,0.4608,63651.9,13651.94,3.774,222000,216310.2,-49939.1,-135804.6,-1147896.3,-82947.0,9813.2,48652.0,34873.4,0.0,0.0,-2441.4,-563596.6,0,0
103.3167,8661.148,-477.037,8261.148,1071.137,153.843,-19.192,155.036,-0.009,-8.145,13,7.06,5.94,0.6845,0.0198,1.1039,281.19,336.21,0.4611,63651.6,13651.57,3.774,222000,216310.2,-49939.1,-136611.1,-1102862.8,-80290.2,9945.5,48706.0,32197.9,0.0,0.0,-591.2,-518434.6,0,0
103.4167,8676.532,-479.002,8276.532,1073.102,153.844,-19.968,155.135,0.023,-7.494,13,7.35,5.65,0.6585,0.0184,1.1037,281.18,336.21,0.4614,63651.2,13651.19,3.774,222000,216310.2,-49939.1,-136918.4,-1061513.7,-77947.5,10054.0,48758.9,29834.3,0.0,0.0,1444.2,-476980.6,0,0
103.5167,8691.917,-481.041,8291.917,1075.141,153.848,-20.682,155.232,0.056,-6.896,13,7.61,5.39,0.6347,0.0171,1.1035,281.16,336.2,0.4617,63650.8,13650.81,3.774,222000,216310.2,-49939.1,-136835.5,-1023549.0,-75878.4,10144.0,48810.8,27742.7,0.0,0.0,3596.2,-438929.7,0,0
103.6167,8707.302,-483.148,8307.302,1077.248,153.856,-21.34,155.329,0.091,-6.347,13,7.86,5.14,0.6128,0.0159,1.1033,281.15,336.19,0.462,63650.4,13650.43,3.774,222000,216310.2,-49939.1,-136451.7,-988692.9,-74048.0,10219.5,48861.6,25888.3,0.0,0.0,5810.5,-404001.8,0,0
103.7167,8722.691,-485.305,8322.691,1079.405,153.937,-21.562,155.44,1.765,3.28,9,7.99,1.01,0.2405,0.0024,1.103,281.14,336.18,0.4624,63650.1,13650.06,3.774,222000,219266.8,-34728.5,-54532.6,-388266.2,-52393.9,7358.8,48917.6,3990.5,0.0,0.0,112340.3,208771.3,0,0
103.8167,8738.1,-487.408,8338.1,1081.508,154.221,-20.489,155.576,3.294,14.229,4,7.66,-3.66,-0.1791,0.0014,1.1028,281.12,336.17,0.4628,63649.7,13649.68,3.774,222000,221459.2,-15485.9,38976.3,289916.0,-50753.8,6823.3,48992.5,2217.9,0.0,0.0,209681.7,905656.7,0,0
103.9167,8753.541,-489.377,8353.541,1083.477,154.54,-19.136,155.721,3.119,13.047,4,7.14,-3.14,-0.1326,0.0007,1.1026,281.11,336.16,0.4632,63649.3,13649.3,3.774,222000,221459.2,-15485.9,26969.3,215283.4,-49900.7,6251.2,49072.6,1218.1,0.0,0.0,198527.8,830448.3,0,0
104.0167,8769.012,-491.217,8369.012,1085.317,154.843,-17.895,155.874,2.973,11.96,4,6.67,-2.67,-0.0901,0.0003,1.1024,281.1,336.16,0.4637,63648.9,13648.92,3.774,222000,221459.2,-15485.9,17133.9,146575.9,-49385.8,5772.9,49159.5,562.6,0.0,0.0,189207.4,761258.9,0,0
104.1167,8784.514,-492.94,8384.514,1087.04,155.133,-16.758,156.036,2.85,10.96,4,6.23,-2.23,-0.0511,0.0001,1.1022,281.09,336.15,0.4642,63648.5,13648.55,3.774,222000,221459.2,-15485.9,9103.1,83334.9,-49141.3,5368.0,49252.4,181.2,0.0,0.0,181421.1,697609.2,0,0
104.2167,8800.043,-494.554,8400.043,1088.654,155.412,-15.716,156.205,2.748,10.04,4,5.84,-1.84,-0.0154,0.0,1.102,281.08,336.14,0.4647,63648.2,13648.17,3.774,222000,221459.2,-15485.9,2569.7,25135.0,-49111.0,5020.8,49350.5,16.4,0.0,0.0,174917.9,639058.4,0,0
104.3167,8815.6,-496.069,8415.6,1090.169,155.682,-14.762,156.38,2.663,9.194,4,5.47,-1.47,0.0173,0.0,1.1019,281.07,336.14,0.4652,63647.8,13647.79,3.774,222000,221459.2,-15485.9,-2723.4,-28417.6,-49248.7,4719.8,49453.4,20.9,0.0,0.0,169487.1,585201.0,0,0
104.4167,8831.184,-497.494,8431.184,1091.594,155.944,-13.889,156.561,2.592,8.416,4,5.14,-1.14,0.0472,0.0001,1.1017,281.06,336.13,0.4658,63647.4,13647.41,3.774,222000,221459.2,-15485.9,-6990.8,-77687.0,-49516.1,4455.8,49560.3,155.9,0.0,0.0,164952.2,535664.0,0,0
104.5167,8846.793,-498.836,8446.793,1092.936,156.2,-13.089,156.747,2.532,7.7,4,4.84,-0.84,0.0746,0.0002,1.1015,281.05,336.13,0.4663,63647.0,13647.04,3.774,222000,221459.2,-15485.9,-10412.1,-123009.8,-49882.2,4222.2,49671.0,389.6,0.0,0.0,161165.0,490104.0,0,0
104.6167,8862.428,-500.101,8462.428,1094.201,156.45,-12.358,156.937,2.482,7.042,4,4.56,-0.56,0.0996,0.0004,1.1014,281.04,336.12,0.4669,63646.7,13646.66,3.774,222000,221459.2,-15485.9,-13136.7,-164696.7,-50321.3,4013.8,49784.9,696.3,0.0,0.0,158001.2,448204.8,0,0
104.7167,8878.087,-501.298,8478.087,1095.398,156.696,-11.69,157.131,2.441,6.437,4,4.31,-0.31,0.1224,0.0006,1.1013,281.03,336.12,0.4675,63646.3,13646.28,3.774,222000,221459.2,-15485.9,-15289.8,-203034.9,-50812.7,3826.5,49901.6,1055.0,0.0,0.0,155356.7,409675.7,0,0
104.8167,8893.771,-502.431,8493.771,1096.531,156.938,-11.079,157.328,2.406,5.88,4,4.07,-0.07,0.1433,0.0009,1.1012,281.02,336.11,0.4681,63645.9,13645.9,3.774,222000,221459.2,-15485.9,-16975.1,-238289.0,-51339.7,3657.3,50021.0,1448.8,0.0,0.0,153144.4,374248.7,0,0
104.9167,8909.479,-503.505,8509.479,1097.605,157.177,-10.521,157.528,2.377,5.368,4,3.86,0.14,0.1623,0.0011,1.101,281.02,336.11,0.4687,63645.5,13645.53,3.774,222000,221459.2,-15485.9,-18279.2,-270703.3,-51888.8,3503.8,50142.7,1864.3,0.0,0.0,151291.3,341677.2,0,0
105.0167,8925.21,-504.528,8525.21,1098.628,157.413,-10.012,157.731,2.353,4.898,4,3.67,0.33,0.1797,0.0014,1.1009,281.01,336.11,0.4693,63645.1,13645.15,3.774,222000,221459.2,-15485.9,-19273.8,-300503.0,-52449.3,3364.0,50266.4,2290.6,0.0,0.0,149736.1,311734.0,0,0
105.1167,8940.965,-505.501,8540.965,1099.601,157.647,-9.548,157.936,2.332,4.466,4,3.49,0.51,0.1956,0.0016,1.1008,281.0,336.1,0.4699,63644.8,13644.77,3.774,222000,221459.2,-15485.9,-20018.5,-327895.6,-53012.7,3236.5,50392.0,2719.4,0.0,0.0,148428.0,284210.2,0,0
105.2167,8956.744,-506.431,8556.744,1100.531,157.879,-9.125,158.143,2.315,4.068,4,3.33,0.67,0.21,0.0019,1.1007,281.0,336.1,0.4705,63644.4,13644.39,3.774,222000,221459.2,-15485.9,-20562.6,-353072.7,-53572.5,3120.0,50519.2,3144.1,0.0,0.0,147324.1,258912.9,0,0
105.3167,8972.545,-507.321,8572.545,1101.421,158.11,-8.739,158.351,2.3,3.703,4,3.19,0.81,0.2232,0.0021,1.1006,280.99,336.09,0.4712,63644.0,13644.02,3.774,222000,221459.2,-15485.9,-20946.8,-376210.6,-54123.6,3013.5,50647.9,3559.6,0.0,0.0,146388.8,235664.8,0,0
105.4167,8988.369,-508.181,8588.369,1102.281,158.319,-8.631,158.554,1.663,-3.866,7,3.1,3.9,0.5012,0.0106,1.1005,280.99,336.09,0.4718,63643.6,13643.64,3.774,222000,220345.2,-27055.0,-45842.4,-847043.0,-68671.4,3716.5,50775.8,17996.1,0.0,0.0,105831.5,-246037.3,0,0
105.5167,9004.206,-509.1,8604.206,1103.2,158.402,-9.714,158.7,0.523,-12.865,11,3.43,7.57,0.8311,0.0292,1.1004,280.98,336.09,0.4722,63643.3,13643.26,3.774,222000,217921.2,-42359.6,-84371.7,-1406755.8,-100267.8,6013.7,50870.8,49577.2,0.0,0.0,33281.8,-818761.3,0,0
105.6167,9020.05,-510.144,8620.05,1104.244,158.452,-10.939,158.83,0.493,-11.812,11,3.88,7.12,0.7909,0.0265,1.1003,280.97,336.08,0.4726,63642.9,13642.89,3.774,222000,217921.2,-42359.6,-90857.2,-1340183.1,-95700.9,6488.0,50949.0,44971.5,0.0,0.0,31363.2,-751718.0,0,0
105.7167,9035.898,-511.304,8635.898,1105.404,158.501,-12.063,158.959,0.476,-10.846,11,4.29,6.71,0.7541,0.0241,1.1002,280.97,336.08,0.473,63642.5,13642.51,3.774,222000,217921.2,-42359.6,-95892.7,-1279113.1,-91714.9,6875.7,51026.4,40945.9,0.0,0.0,30313.6,-690264.0,0,0
105.8167,9051.75,-512.571,8651.75,1106.671,158.548,-13.095,159.088,0.471,-9.961,11,4.66,6.34,0.7204,0.022,1.1001,280.96,336.07,0.4734,63642.1,13642.13,3.774,222000,217921.2,-42359.6,-99744.1,-1223099.0,-88230.5,7195.2,51102.9,37420.5,0.0,0.0,29946.6,-633934.1,0,0
105.9167,9067.608,-513.937,8667.608,1108.037,158.595,-14.043,159.216,0.473,-9.15,11,5.01,5.99,0.6895,0.0201,1.0999,280.95,336.07,0.4738,63641.8,13641.75,3.774,222000,217921.2,-42359.6,-102632.2,-1171728.8,-85179.6,7460.9,51178.4,34327.4,0.0,0.0,30109.4,-582301.9,0,0
106.0167,9083.47,-515.393,8683.47,1109.493,158.643,-14.914,159.342,0.482,-8.406,11,5.32,5.68,0.6611,0.0185,1.0998,280.94,336.06,0.4741,63641.4,13641.38,3.774,222000,217921.2,-42359.6,-104739.7,-1124622.4,-82504.0,7683.9,51252.8,31608.2,0.0,0.0,30677.5,-534976.3,0,0
106.1167,9099.337,-516.931,8699.337,1111.031,158.692,-15.715,159.468,0.496,-7.725,11,5.61,5.39,0.6351,0.0171,1.0996,280.93,336.06,0.4745,63641.0,13641.0,3.774,222000,217921.2,-42359.6,-106218.1,-1081430.2,-80153.8,7872.7,51326.1,29213.4,0.0,0.0,31549.3,-491598.9,0,0
106.2167,9115.209,-518.546,8715.209,1112.646,158.742,-16.45,159.592,0.513,-7.1,11,5.87,5.13,0.6113,0.0158,1.0994,280.92,336.05,0.4749,63640.6,13640.62,3.774,222000,217921.2,-42359.6,-107192.4,-1041830.1,-78086.2,8034.2,51398.2,27100.2,0.0,0.0,32642.6,-451841.0,0,0
106.3167,9131.087,-520.231,8731.087,1114.331,158.795,-17.126,159.716,0.533,-6.527,11,6.12,4.88,0.5894,0.0147,1.0992,280.91,336.04,0.4753,63640.2,13640.24,3.774,222000,217921.2,-42359.6,-107765.6,-1005526.0,-76264.6,8173.5,51469.3,25232.0,0.0,0.0,33891.1,-415401.3,0,0
106.4167,9146.969,-521.98,8746.969,1116.08,158.849,-17.748,159.838,0.554,-6.003,11,6.34,4.66,0.5694,0.0137,1.099,280.9,336.04,0.4757,63639.9,13639.87,3.774,222000,217921.2,-42359.6,-108022.6,-972245.8,-74657.3,8294.9,51539.3,23577.4,0.0,0.0,35241.4,-382003.5,0,0
106.5167,9162.858,-523.789,8762.858,1117.889,158.906,-18.32,159.959,0.576,-5.522,11,6.54,4.46,0.551,0.0129,1.0989,280.89,336.03,0.476,63639.5,13639.49,3.774,222000,217921.2,-42359.6,-108032.9,-941739.5,-73237.1,8401.5,51608.2,22109.3,0.0,0.0,36651.2,-351394.2,0,0
106.6167,9178.752,-525.652,8778.752,1119.752,158.965,-18.846,160.078,0.598,-5.081,11,6.73,4.27,0.5342,0.0121,1.0987,280.87,336.02,0.4764,63639.1,13639.11,3.774,222000,217921.2,-42359.6,-107853.4,-913777.2,-71980.7,8495.9,51676.1,20804.3,0.0,0.0,38087.1,-323341.2,0,0
106.7167,9194.652,-527.565,8794.652,1121.665,159.026,-19.33,160.197,0.621,-4.677,11,6.9,4.1,0.5187,0.0114,1.0984,280.86,336.02,0.4768,63638.7,13638.73,3.774,222000,217921.2,-42359.6,-107530.5,-888148.1,-70867.8,8580.2,51743.0,19642.3,0.0,0.0,39522.9,-297631.5,0,0
106.8167,9210.558,-529.525,8810.558,1123.625,159.089,-19.776,160.314,0.643,-4.307,11,7.06,3.94,0.5045,0.0108,1.0982,280.85,336.01,0.4771,63638.4,13638.36,3.774,222000,217921.2,-42359.6,-107101.9,-864658.5,-69880.9,8655.9,51809.0,18605.9,0.0,0.0,40938.5,-274069.9,0,0
106.9167,9226.471,-531.526,8826.471,1125.626,159.155,-20.187,160.43,0.665,-3.967,11,7.21,3.79,0.4915,0.0102,1.098,280.84,336.0,0.4775,63638.0,13637.98,3.774,222000,217921.2,-42359.6,-106598.0,-843130.6,-69004.7,8724.3,51874.1,17679.9,0.0,0.0,42318.6,-252477.3,0,0
107.0167,9242.39,-533.567,8842.39,1127.667,159.223,-20.565,160.545,0.686,-3.656,11,7.34,3.66,0.4795,0.0097,1.0978,280.82,335.99,0.4778,63637.6,13637.6,3.774,222000,217921.2,-42359.6,-106043.2,-823401.5,-68226.2,8786.6,51938.4,16851.3,0.0,0.0,43651.8,-232689.6,0,0
107.1167,9258.316,-535.644,8858.316,1129.744,159.293,-20.914,160.66,0.706,-3.372,11,7.46,3.54,0.4686,0.0093,1.0976,280.81,335.98,0.4782,63637.2,13637.22,3.774,222000,217921.2,-42359.6,-105457.2,-805321.3,-67533.8,8843.6,52001.8,16108.6,0.0,0.0,44930.2,-214556.2,0,0
107.2167,9274.25,-537.755,8874.25,1131.855,159.364,-21.236,160.773,0.725,-3.11,11,7.57,3.43,0.4585,0.0089,1.0973,280.8,335.98,0.4785,63636.8,13636.85,3.774,222000,217921.2,-42359.6,-104855.3,-788752.9,-66917.7,8895.9,52064.5,15441.9,0.0,0.0,46148.2,-197939.1,0,0
107.3167,9290.191,-539.896,8890.191,1133.996,159.438,-21.533,160.885,0.743,-2.871,11,7.68,3.32,0.4492,0.0085,1.0971,280.78,335.97,0.4789,63636.5,13636.47,3.774,222000,217921.2,-42359.6,-104249.8,-773570.3,-66369.1,8944.2,52126.4,14842.7,0.0,0.0,47302.3,-182711.9,0,0
107.4167,9306.139,-542.065,8906.139,1136.165,159.513,-21.807,160.997,0.76,-2.652,11,7.77,3.23,0.4407,0.0082,1.0969,280.77,335.96,0.4792,63636.1,13636.09,3.774,222000,217921.2,-42359.6,-103649.9,-759657.9,-65880.5,8988.9,52187.7,14303.2,0.0,0.0,48390.8,-168758.5,0,0
107.5167,9322.095,-544.261,8922.095,1138.361,159.59,-22.06,161.108,0.777,-2.451,11,7.86,3.14,0.4329,0.0079,1.0966,280.75,335.95,0.4796,63635.7,13635.71,3.774,222000,217921.2,-42359.6,-103063.0,-746909.9,-65445.1,9030.5,52248.4,13816.8,0.0,0.0,49413.2,-155972.7,0,0
107.6167,9338.058,-546.481,8938.058,1140.581,159.669,-22.294,161.218,0.792,-2.267,11,7.94,3.06,0.4257,0.0077,1.0964,280.74,335.94,0.4799,63635.3,13635.34,3.774,222000,217921.2,-42359.6,-102494.2,-735229.1,-65057.2,9069.3,52308.4,13377.8,0.0,0.0,50369.8,-144256.8,0,0
107.7167,9354.03,-548.723,8954.03,1142.823,159.749,-22.511,161.327,0.806,-2.098,11,8.01,2.99,0.4191,0.0074,1.0962,280.72,335.93,0.4802,63635.0,13634.96,3.774,222000,217921.2,-42359.6,-101947.6,-724526.4,-64711.5,9105.5,52367.9,12981.1,0.0,0.0,51262.1,-133521.5,0,0
107.8167,9370.009,-550.986,8970.009,1145.086,159.83,-22.712,161.436,0.819,-1.944,11,8.08,2.92,0.4131,0.0072,1.0959,280.71,335.93,0.4806,63634.6,13634.58,3.774,222000,217921.2,-42359.6,-101425.8,-714720.0,-64403.7,9139.5,52426.9,12622.1,0.0,0.0,52091.8,-123684.8,0,0
107.9167,9385.997,-553.268,8985.997,1147.368,159.913,-22.898,161.544,0.831,-1.802,11,8.14,2.86,0.4075,0.007,1.0957,280.69,335.92,0.4809,63634.2,13634.21,3.774,222000,217921.2,-42359.6,-100930.5,-705735.2,-64129.6,9171.5,52485.3,12296.8,0.0,0.0,52861.1,-114671.7,0,0
108.0167,9401.993,-555.568,9001.993,1149.668,159.996,-23.07,161.651,0.842,-1.672,11,8.2,2.8,0.4024,0.0069,1.0954,280.68,335.91,0.4812,63633.8,13633.83,3.774,222000,217921.2,-42359.6,-100462.8,-697503.1,-63885.9,9201.6,52543.3,12001.8,0.0,0.0,53572.5,-106413.3,0,0
108.1167,9417.998,-557.885,9017.998,1151.985,160.081,-23.231,161.758,0.852,-1.553,11,8.25,2.75,0.3976,0.0067,1.0952,280.66,335.9,0.4816,63633.5,13633.45,3.774,222000,217921.2,-42359.6,-100023.1,-689961.0,-63669.2,9230.1,52600.9,11733.9,0.0,0.0,54228.9,-98846.3,0,0
108.2167,9434.011,-560.216,9034.011,1154.316,160.167,-23.38,161.864,0.862,-1.444,11,8.3,2.7,0.3933,0.0065,1.0949,280.65,335.89,0.4819,63633.1,13633.07,3.774,222000,217921.2,-42359.6,-99611.2,-683051.0,-63477.0,9257.0,52658.0,11490.4,0.0,0.0,54833.0,-91913.1,0,0
108.3167,9450.033,-562.563,9050.033,1156.663,160.254,-23.518,161.97,0.87,-1.345,11,8.34,2.66,0.3892,0.0064,1.0947,280.63,335.88,0.4822,63632.7,13632.7,3.774,222000,217921.2,-42359.6,-99226.9,-676720.2,-63306.7,9282.6,52714.8,11268.8,0.0,0.0,55387.7,-85560.5,0,0
108.4167,9466.063,-564.922,9066.063,1159.022,160.341,-23.647,162.075,0.878,-1.253,11,8.38,2.62,0.3855,0.0063,1.0944,280.62,335.87,0.4826,63632.3,13632.32,3.774,222000,217921.2,-42359.6,-98869.2,-670920.2,-63156.1,9306.9,52771.2,11067.0,0.0,0.0,55895.9,-79739.8,0,0
108.5167,9482.102,-567.294,9082.102,1161.394,160.429,-23.768,162.18,0.886,-1.169,11,8.42,2.58,0.3821,0.0062,1.0942,280.6,335.86,0.4829,63631.9,13631.94,3.774,222000,217921.2,-42359.6,-98537.5,-665606.4,-63023.3,9330.1,52827.3,10882.9,0.0,0.0,56360.4,-74406.6,0,0
108.6167,9498.15,-569.677,9098.15,1163.777,160.518,-23.88,162.285,0.892,-1.093,11,8.46,2.54,0.3789,0.0061,1.0939,280.59,335.85,0.4832,63631.6,13631.56,3.774,222000,217921.2,-42359.6,-98230.6,-660738.2,-62906.6,9352.2,52883.0,10715.0,0.0,0.0,56784.0,-69520.0,0,0
108.7167,9514.208,-572.071,9114.208,1166.171,160.608,-23.985,162.389,0.898,-1.022,11,8.49,2.51,0.376,0.006,1.0936,280.57,335.84,0.4835,63631.2,13631.19,3.774,222000,217921.2,-42359.6,-97947.5,-656278.1,-62804.3,9373.4,52938.4,10561.5,0.0,0.0,57169.4,-65042.5,0,0
108.8167,9530.274,-574.476,9130.274,1168.576,160.698,-24.083,162.493,0.904,-0.958,11,8.52,2.48,0.3733,0.0059,1.0934,280.56,335.83,0.4838,63630.8,13630.81,3.774,222000,217921.2,-42359.6,-97686.9,-652192.1,-62715.2,9393.6,52993.6,10421.2,0.0,0.0,57519.2,-60939.8,0,0
108.9167,9546.349,-576.889,9146.349,1170.989,160.789,-24.176,162.596,0.909,-0.899,11,8.55,2.45,0.3708,0.0058,1.0931,280.54,335.82,0.4842,63630.4,13630.43,3.774,222000,217921.2,-42359.6,-97447.6,-648448.5,-62637.9,9413.1,53048.5,10292.7,0.0,0.0,57835.8,-57180.5,0,0
109.0167,9562.433,-579.312,9162.433,1173.412,160.88,-24.262,162.699,0.913,-0.845,11,8.57,2.43,0.3685,0.0057,1.0929,280.53,335.82,0.4845,63630.1,13630.05,3.774,222000,217921.2,-42359.6,-97228.5,-645018.9,-62571.3,9431.8,53103.1,10175.0,0.0,0.0,58121.5,-53735.8,0,0
109.1167,9578.526,-581.743,9178.526,1175.843,160.972,-24.344,162.802,0.917,-0.795,11,8.6,2.4,0.3664,0.0057,1.0926,280.51,335.81,0.4848,63629.7,13629.68,3.774,222000,217921.2,-42359.6,-97028.2,-641876.6,-62514.4,9449.9,53157.5,10067.1,0.0,0.0,58378.7,-50579.2,0,0
109.2167,9594.629,-584.182,9194.629,1178.282,161.063,-24.421,162.904,0.921,-0.749,11,8.62,2.38,0.3644,0.0056,1.0923,280.49,335.8,0.4851,63629.3,13629.3,3.774,222000,217921.2,-42359.6,-96845.6,-638997.8,-62466.3,9467.3,53211.6,9968.0,0.0,0.0,58609.3,-47686.6,0,0
109.3167,9610.74,-586.628,9210.74,1180.728,161.156,-24.493,163.006,0.924,-0.708,11,8.64,2.36,0.3625,0.0056,1.0921,280.48,335.79,0.4854,63628.9,13628.92,3.774,222000,217921.2,-42359.6,-96679.7,-636360.1,-62426.2,9484.2,53265.6,9877.0,0.0,0.0,58815.4,-45035.8,0,0
109.4167,9626.861,-589.082,9226.861,1183.182,161.248,-24.562,163.108,0.927,-0.67,11,8.66,2.34,0.3608,0.0055,1.0918,280.46,335.78,0.4858,63628.5,13628.54,3.774,222000,217921.2,-42359.6,-96529.1,-633943.3,-62393.3,9500.5,53319.3,9793.2,0.0,0.0,58998.8,-42606.4,0,0
109.5167,9642.992,-591.542,9242.992,1185.642,161.341,-24.627,163.21,0.93,-0.635,11,8.68,2.32,0.3592,0.0055,1.0916,280.45,335.77,0.4861,63628.2,13628.17,3.774,222000,217921.2,-42359.6,-96393.0,-631728.9,-62367.0,9516.3,53372.8,9716.1,0.0,0.0,59161.2,-40379.9,0,0
109.6167,9659.131,-594.008,9259.131,1188.108,161.434,-24.688,163.311,0.932,-0.603,11,8.69,2.31,0.3577,0.0054,1.0913,280.43,335.76,0.4864,63627.8,13627.79,3.774,222000,217921.2,-42359.6,-96270.3,-629699.8,-62346.7,9531.7,53426.2,9645.0,0.0,0.0,59304.3,-38339.1,0,0
109.7167,9675.28,-596.48,9275.28,1190.58,161.528,-24.747,163.412,0.934,-0.573,11,8.71,2.29,0.3563,0.0054,1.091,280.41,335.75,0.4867,63627.4,13627.41,3.774,222000,217921.2,-42359.6,-96159.9,-627840.5,-62331.8,9546.7,53479.3,9579.4,0.0,0.0,59429.5,-36468.5,0,0
109.8167,9691.438,-598.958,9291.438,1193.058,161.621,-24.802,163.513,0.936,-0.546,11,8.72,2.28,0.355,0.0053,1.0908,280.4,335.74,0.487,63627.0,13627.03,3.774,222000,217921.2,-42359.6,-96061.1,-626136.6,-62321.9,9561.4,53532.3,9518.7,0.0,0.0,59538.2,-34753.6,0,0
109.9167,9707.606,-601.442,9307.606,1195.542,161.715,-24.856,163.614,0.937,-0.522,11,8.74,2.26,0.3538,0.0053,1.0905,280.38,335.73,0.4873,63626.7,13626.66,3.774,222000,217921.2,-42359.6,-95973.0,-624575.1,-62316.4,9575.6,53585.2,9462.7,0.0,0.0,59631.8,-33181.5,0,0
110.0167,9723.783,-603.93,9323.783,1198.03,161.809,-24.906,163.714,0.938,-0.499,11,8.75,2.25,0.3526,0.0053,1.0902,280.37,335.72,0.4877,63626.3,13626.28,3.774,222000,217921.2,-42359.6,-95894.8,-623143.9,-62315.0,9589.6,53637.8,9410.7,0.0,0.0,59711.5,-31740.1,0,0
110.1167,9739.969,-606.424,9339.969,1200.524,161.903,-24.955,163.815,0.94,-0.478,11,8.76,2.24,0.3516,0.0052,1.09,280.35,335.71,0.488,63625.9,13625.9,3.774,222000,217921.2,-42359.6,-95825.6,-621832.1,-62317.3,9603.2,53690.3,9362.6,0.0,0.0,59778.3,-30418.3,0,0
110.2167,9756.165,-608.922,9356.165,1203.022,161.997,-25.002,163.915,0.94,-0.459,11,8.77,2.23,0.3505,0.0052,1.0897,280.33,335.7,0.4883,63625.5,13625.52,3.774,222000,217921.2,-42359.6,-95764.9,-620629.6,-62323.0,9616.6,53742.7,9317.9,0.0,0.0,59833.3,-29206.2,0,0
110.3167,9772.37,-611.425,9372.37,1205.525,162.091,-25.047,164.014,0.941,-0.442,11,8.78,2.22,0.3496,0.0052,1.0894,280.32,335.69,0.4886,63625.1,13625.15,3.774,222000,217921.2,-42359.6,-95712.0,-619527.2,-62331.8,9629.8,53794.9,9276.3,0.0,0.0,59877.5,-28094.3,0,0
110.4167,9788.585,-613.932,9388.585,1208.032,162.185,-25.09,164.114,0.942,-0.426,11,8.79,2.21,0.3487,0.0051,1.0891,280.3,335.68,0.4889,63624.8,13624.77,3.774,222000,217921.2,-42359.6,-95666.2,-618516.5,-62343.4,9642.7,53847.0,9237.7,0.0,0.0,59911.7,-27074.4,0,0
110.5167,9804.809,-616.443,9404.809,1210.543,162.279,-25.132,164.213,0.942,-0.411,11,8.8,2.2,0.3478,0.0051,1.0889,280.28,335.67,0.4892,63624.4,13624.39,3.774,222000,217921.2,-42359.6,-95627.0,-617589.6,-62357.5,9655.4,53899.0,9201.6,0.0,0.0,59936.8,-26138.6,0,0
110.6167,9821.042,-618.959,9421.042,1213.059,162.373,-25.172,164.313,0.942,-0.397,11,8.81,2.19,0.347,0.0051,1.0886,280.27,335.66,0.4895,63624.0,13624.02,3.774,222000,217921.2,-42359.6,-95593.8,-616739.6,-62373.9,9667.9,53950.8,9167.9,0.0,0.0,59953.5,-25279.8,0,0
110.7167,9837.285,-621.478,9437.285,1215.578,162.467,-25.211,164.412,0.942,-0.385,11,8.82,2.18,0.3463,0.0051,1.0883,280.25,335.65,0.4898,63623.6,13623.64,3.774,222000,217921.2,-42359.6,-95566.2,-615960.0,-62392.4,9680.2,54002.5,9136.4,0.0,0.0,59962.6,-24491.5,0,0
110.8167,9853.537,-624.002,9453.537,1218.102,162.562,-25.249,164.511,0.942,-0.374,11,8.83,2.17,0.3456,0.0051,1.0881,280.24,335.64,0.4901,63623.3,13623.26,3.774,222000,217921.2,-42359.6,-95543.8,-615244.7,-62412.9,9692.3,54054.1,9106.9,0.0,0.0,59964.6,-23767.8,0,0
110.9167,9869.799,-626.529,9469.799,1220.629,162.656,-25.285,164.61,0.942,-0.363,11,8.83,2.17,0.3449,0.005,1.0878,280.22,335.63,0.4904,63622.9,13622.88,3.774,222000,217921.2,-42359.6,-95526.1,-614588.4,-62435.0,9704.3,54105.5,9079.2,0.0,0.0,59960.1,-23103.2,0,0
111.0167,9886.07,-629.059,9486.07,1223.159,162.75,-25.321,164.708,0.942,-0.354,11,8.84,2.16,0.3442,0.005,1.0875,280.2,335.62,0.4908,63622.5,13622.51,3.774,222000,217921.2,-42359.6,-95512.7,-613986.1,-62458.8,9716.2,54156.8,9053.2,0.0,0.0,59949.7,-22492.7,0,0
111.1167,9902.35,-631.593,9502.35,1225.693,162.844,-25.356,164.807,0.942,-0.345,11,8.85,2.15,0.3436,0.005,1.0872,280.19,335.61,0.4911,63622.1,13622.13,3.774,222000,217921.2,-42359.6,-95503.2,-613433.2,-62484.1,9727.9,54208.1,9028.7,0.0,0.0,59934.0,-21931.8,0,0
111.2167,9918.64,-634.131,9518.64,1228.231,162.939,-25.39,164.905,0.942,-0.337,11,8.86,2.14,0.343,0.005,1.087,280.17,335.6,0.4914,63621.8,13621.75,3.774,222000,217921.2,-42359.6,-95497.4,-612925.6,-62510.6,9739.5,54259.2,9005.6,0.0,0.0,59913.2,-21416.3,0,0
111.3167,9934.94,-636.672,9534.94,1230.772,163.033,-25.423,165.003,0.941,-0.329,11,8.86,2.14,0.3424,0.005,1.0867,280.15,335.59,0.4917,63621.4,13621.37,3.774,222000,217921.2,-42359.6,-95494.9,-612459.3,-62538.3,9751.0,54310.2,8983.8,0.0,0.0,59888.0,-20942.2,0,0
111.4167,9951.248,-639.216,9551.248,1233.316,163.127,-25.456,165.101,0.941,-0.322,11,8.87,2.13,0.3418,0.0049,1.0864,280.14,335.58,0.492,63621.0,13621.0,3.774,222000,217921.2,-42359.6,-95495.5,-612030.9,-62567.1,9762.4,54361.1,8963.1,0.0,0.0,59858.6,-20506.2,0,0
111.5167,9967.567,-641.764,9567.567,1235.864,163.221,-25.488,165.199,0.94,-0.316,11,8.87,2.13,0.3413,0.0049,1.0862,280.12,335.57,0.4923,63620.6,13620.62,3.774,222000,217921.2,-42359.6,-95498.9,-611637.3,-62597.0,9773.7,54411.9,8943.5,0.0,0.0,59825.4,-20104.9,0,0
111.6167,9983.894,-644.314,9583.894,1238.414,163.315,-25.519,165.297,0.94,-0.31,11,8.88,2.12,0.3408,0.0049,1.0859,280.1,335.56,0.4926,63620.2,13620.24,3.774,222000,217921.2,-42359.6,-95504.8,-611275.4,-62627.7,9784.9,54462.5,8924.9,0.0,0.0,59788.8,-19735.5,0,0
111.7167,10000.231,-646.868,9600.231,1240.968,163.409,-25.55,165.394,0.939,-0.305,11,8.89,2.11,0.3403,0.0049,1.0856,280.09,335.55,0.4929,63619.9,13619.86,3.774,222000,217921.2,-42359.6,-95513.1,-610942.5,-62659.2,9796.0,54513.1,8907.2,0.0,0.0,59749.0,-19395.3,0,0
111.8167,10016.578,-649.425,9616.578,1243.525,163.503,-25.58,165.492,0.938,-0.3,11,8.89,2.11,0.3398,0.0049,1.0853,280.07,335.54,0.4932,63619.5,13619.49,3.774,222000,217921.2,-42359.6,-95523.4,-610636.3,-62691.5,9807.0,54563.6,8890.3,0.0,0.0,59706.3,-19081.7,0,0
111.9167,10032.933,-651.984,9632.933,1246.084,163.597,-25.609,165.589,0.938,-0.295,11,8.9,2.1,0.3394,0.0049,1.0851,280.05,335.53,0.4935,63619.1,13619.11,3.774,222000,217921.2,-42359.6,-95535.8,-610354.4,-62724.4,9817.9,54614.0,8874.1,0.0,0.0,59661.1,-18792.6,0,0
112.0167,10049.298,-654.547,9649.298,1248.647,163.69,-25.639,165.686,0.937,-0.291,11,8.9,2.1,0.3389,0.0049,1.0848,280.04,335.52,0.4938,63618.7,13618.73,3.774,222000,217921.2,-42359.6,-95549.9,-610094.8,-62757.9,9828.8,54664.3,8858.7,0.0,0.0,59613.4,-18525.9,0,0
112.1167,10065.673,-657.112,9665.673,1251.212,163.784,-25.668,165.783,0.936,-0.287,11,8.91,2.09,0.3385,0.0048,1.0845,280.02,335.51,0.4941,63618.4,13618.35,3.774,222000,217921.2,-42359.6,-95565.6,-609855.6,-62792.0,9839.6,54714.4,8843.8,0.0,0.0,59563.6,-18279.6,0,0
112.2167,10082.057,-659.681,9682.057,1253.781,163.878,-25.696,165.88,0.935,-0.284,11,8.91,2.09,0.338,0.0048,1.0842,280.0,335.5,0.4944,63618.0,13617.98,3.774,222000,217921.2,-42359.6,-95582.9,-609635.1,-62826.6,9850.4,54764.5,8829.6,0.0,0.0,59511.8,-18052.0,0,0
112.3167,10098.45,-662.252,9698.45,1256.352,163.971,-25.724,165.977,0.935,-0.28,11,8.92,2.08,0.3376,0.0048,1.084,279.99,335.49,0.4947,63617.6,13617.6,3.774,222000,217921.2,-42359.6,-95601.4,-609431.7,-62861.6,9861.1,54814.5,8815.9,0.0,0.0,59458.2,-17841.6,0,0
112.4167,10114.852,-664.826,9714.852,1258.926,164.064,-25.752,166.073,0.934,-0.277,11,8.92,2.08,0.3372,0.0048,1.0837,279.97,335.48,0.495,63617.2,13617.22,3.774,222000,217921.2,-42359.6,-95621.2,-609243.9,-62897.1,9871.7,54864.4,8802.7,0.0,0.0,59403.0,-17646.8,0,0
112.5167,10131.264,-667.403,9731.264,1261.503,164.158,-25.78,166.17,0.933,-0.275,11,8.92,2.08,0.3368,0.0048,1.0834,279.95,335.47,0.4953,63616.8,13616.84,3.774,222000,217921.2,-42359.6,-95642.1,-609070.4,-62932.9,9882.3,54914.2,8789.9,0.0,0.0,59346.2,-17466.5,0,0
112.6167,10147.686,-669.983,9747.686,1264.083,164.251,-25.807,166.266,0.932,-0.272,11,8.93,2.07,0.3364,0.0048,1.0831,279.94,335.46,0.4956,63616.5,13616.47,3.774,222000,217921.2,-42359.6,-95664.0,-608910.1,-62969.0,9892.9,54963.9,8777.5,0.0,0.0,59288.2,-17299.2,0,0
112.7167,10164.116,-672.565,9764.116,1266.665,164.344,-25.834,166.362,0.931,-0.269,11,8.93,2.07,0.336,0.0048,1.0829,279.92,335.45,0.4959,63616.1,13616.09,3.774,222000,217921.2,-42359.6,-95686.8,-608761.7,-63005.5,9903.4,55013.5,8765.5,0.0,0.0,59228.9,-17144.1,0,0
112.8167,10180.556,-675.15,9780.556,1269.25,164.437,-25.861,166.458,0.93,-0.267,11,8.94,2.06,0.3357,0.0048,1.0826,279.9,335.44,0.4962,63615.7,13615.71,3.774,222000,217921.2,-42359.6,-95710.5,-608624.3,-63042.2,9913.8,55063.0,8753.9,0.0,0.0,59168.6,-16999.9,0,0
112.9167,10197.005,-677.738,9797.005,1271.838,164.53,-25.888,166.554,0.929,-0.265,11,8.94,2.06,0.3353,0.0048,1.0823,279.89,335.43,0.4965,63615.3,13615.34,3.774,222000,217921.2,-42359.6,-95734.9,-608496.9,-63079.1,9924.2,55112.5,8742.6,0.0,0.0,59107.2,-16865.8,0,0
113.0167,10213.464,-680.328,9813.464,1274.428,164.623,-25.914,166.65,0.928,-0.263,11,8.95,2.05,0.3349,0.0047,1.082,279.87,335.42,0.4968,63615.0,13614.96,3.774,222000,217921.2,-42359.6,-95760.0,-608378.7,-63116.3,9934.6,55161.8,8731.6,0.0,0.0,59045.0,-16741.0,0,0
113.1167,10229.931,-682.921,9829.931,1277.021,164.716,-25.94,166.746,0.927,-0.261,11,8.95,2.05,0.3346,0.0047,1.0817,279.85,335.41,0.4971,63614.6,13614.58,3.774,222000,217921.2,-42359.6,-95785.7,-608269.0,-63153.6,9945.0,55211.0,8720.8,0.0,0.0,58981.9,-16624.6,0,0
113.2167,10246.408,-685.516,9846.408,1279.616,164.808,-25.966,166.841,0.926,-0.26,11,8.95,2.05,0.3342,0.0047,1.0815,279.84,335.4,0.4974,63614.2,13614.2,3.774,222000,217921.2,-42359.6,-95811.9,-608166.9,-63191.1,9955.3,55260.2,8710.3,0.0,0.0,58918.2,-16515.9,0,0
113.3167,10262.894,-688.114,9862.894,1282.214,164.901,-25.992,166.937,0.925,-0.258,11,8.96,2.04,0.3339,0.0047,1.0812,279.82,335.39,0.4977,63613.8,13613.83,3.774,222000,217921.2,-42359.6,-95838.7,-608071.9,-63228.8,9965.5,55309.3,8700.1,0.0,0.0,58853.8,-16414.3,0,0
113.4167,10279.39,-690.715,9879.39,1284.815,164.993,-26.018,167.032,0.924,-0.257,11,8.96,2.04,0.3336,0.0047,1.0809,279.8,335.38,0.498,63613.4,13613.45,3.774,222000,217921.2,-42359.6,-95865.9,-607983.3,-63266.6,9975.8,55358.2,8690.0,0.0,0.0,58788.8,-16319.2,0,0
113.5167,10295.895,-693.318,9895.895,1287.418,165.086,-26.043,167.127,0.923,-0.255,11,8.96,2.04,0.3332,0.0047,1.0806,279.78,335.37,0.4983,63613.1,13613.07,3.774,222000,217921.2,-42359.6,-95893.4,-607900.7,-63304.5,9986.0,55407.1,8680.2,0.0,0.0,58723.3,-16230.0,0,0
113.6167,10312.409,-695.924,9912.409,1290.024,165.178,-26.069,167.222,0.922,-0.254,11,8.97,2.03,0.3329,0.0047,1.0804,279.77,335.36,0.4986,63612.7,13612.69,3.774,222000,217921.2,-42359.6,-95921.4,-607823.4,-63342.5,9996.2,55455.9,8670.5,0.0,0.0,58657.3,-16146.3,0,0
113.7167,10328.932,-698.533,9928.932,1292.633,165.27,-26.094,167.317,0.921,-0.253,11,8.97,2.03,0.3326,0.0047,1.0801,279.75,335.35,0.4989,63612.3,13612.32,3.774,222000,217921.2,-42359.6,-95949.6,-607751.1,-63380.6,10006.3,55504.6,8661.0,0.0,0.0,58591.0,-16067.6,0,0
113.8167,10345.464,-701.143,9945.464,1295.243,165.362,-26.119,167.412,0.92,-0.251,11,8.98,2.02,0.3322,0.0047,1.0798,279.73,335.34,0.4992,63611.9,13611.94,3.774,222000,217921.2,-42359.6,-95978.2,-607683.3,-63418.8,10016.4,55553.3,8651.7,0.0,0.0,58524.3,-15993.4,0,0
113.9167,10362.006,-703.757,9962.006,1297.857,165.454,-26.144,167.507,0.919,-0.25,11,8.98,2.02,0.3319,0.0047,1.0795,279.72,335.33,0.4995,63611.6,13611.56,3.774,222000,217921.2,-42359.6,-96006.9,-607619.7,-63457.0,10026.5,55601.8,8642.5,0.0,0.0,58457.3,-15923.3,0,0
114.0167,10378.557,-706.373,9978.557,1300.473,165.546,-26.169,167.602,0.918,-0.249,11,8.98,2.02,0.3316,0.0047,1.0792,279.7,335.32,0.4998,63611.2,13611.18,3.774,222000,217921.2,-42359.6,-96035.9,-607559.8,-63495.3,10036.6,55650.2,8633.4,0.0,0.0,58390.0,-15857.1,0,0
114.1167,10395.117,-708.991,9995.117,1303.091,165.638,-26.194,167.696,0.917,-0.248,11,8.99,2.01,0.3313,0.0046,1.079,279.68,335.31,0.5001,63610.8,13610.81,3.774,222000,217921.2,-42359.6,-96065.1,-607503.5,-63533.6,10046.6,55698.6,8624.5,0.0,0.0,58322.5,-15794.4,0,0
114.2167,10411.686,-711.612,10011.686,1305.712,165.729,-26.219,167.79,0.916,-0.247,11,8.99,2.01,0.331,0.0046,1.0787,279.67,335.3,0.5004,63610.4,13610.43,3.774,222000,217921.2,-42359.6,-96094.5,-607450.3,-63572.0,10056.7,55746.9,8615.7,0.0,0.0,58254.8,-15735.0,0,0
114.3167,10428.264,-714.235,10028.264,1308.335,165.821,-26.244,167.885,0.915,-0.246,11,8.99,2.01,0.3307,0.0046,1.0784,279.65,335.29,0.5007,63610.1,13610.05,3.774,222000,217921.2,-42359.6,-96123.9,-607400.1,-63610.4,10066.6,55795.1,8607.0,0.0,0.0,58186.9,-15678.4,0,0
114.4167,10444.851,-716.861,10044.851,1310.961,165.912,-26.268,167.979,0.914,-0.246,11,9.0,2.0,0.3303,0.0046,1.0781,279.63,335.28,0.501,63609.7,13609.67,3.774,222000,217921.2,-42359.6,-96153.5,-607352.5,-63648.8,10076.6,55843.2,8598.4,0.0,0.0,58118.9,-15624.5,0,0
114.5167,10461.448,-719.489,10061.448,1313.589,166.004,-26.293,168.073,0.913,-0.245,11,9.0,2.0,0.33,0.0046,1.0778,279.61,335.27,0.5013,63609.3,13609.3,3.774,222000,217921.2,-42359.6,-96183.2,-607307.3,-63687.2,10086.6,55891.2,8589.9,0.0,0.0,58050.7,-15573.2,0,0
114.6167,10478.054,-722.12,10078.054,1316.22,166.095,-26.317,168.167,0.912,-0.244,11,9.0,2.0,0.3297,0.0046,1.0776,279.6,335.26,0.5016,63608.9,13608.92,3.774,222000,217921.2,-42359.6,-96213.0,-607264.4,-63725.7,10096.5,55939.1,8581.5,0.0,0.0,57982.5,-15524.0,0,0
114.7167,10494.668,-724.753,10094.668,1318.853,166.186,-26.342,168.261,0.91,-0.243,11,9.01,1.99,0.3294,0.0046,1.0773,279.58,335.25,0.5019,63608.5,13608.54,3.774,222000,217921.2,-42359.6,-96242.9,-607223.6,-63764.1,10106.4,55986.9,8573.1,0.0,0.0,57914.2,-15477.0,0,0
114.8167,10511.292,-727.389,10111.292,1321.489,166.277,-26.366,168.354,0.909,-0.243,11,9.01,1.99,0.3291,0.0046,1.077,279.56,335.24,0.5022,63608.2,13608.16,3.774,222000,217921.2,-42359.6,-96272.8,-607184.6,-63802.6,10116.3,56034.7,8564.9,0.0,0.0,57845.9,-15431.8,0,0
114.9167,10527.925,-730.027,10127.925,1324.127,166.368,-26.39,168.448,0.908,-0.242,11,9.01,1.99,0.3288,0.0046,1.0767,279.55,335.23,0.5025,63607.8,13607.79,3.774,222000,217921.2,-42359.6,-96302.7,-607147.4,-63841.0,10126.1,56082.4,8556.7,0.0,0.0,57777.5,-15388.4,0,0
115.0167,10544.567,-732.667,10144.567,1326.767,166.459,-26.414,168.541,0.907,-0.241,11,9.02,1.98,0.3285,0.0046,1.0764,279.53,335.22,0.5028,63607.4,13607.41,3.774,222000,217921.2,-42359.6,-96332.7,-607111.7,-63879.4,10136.0,56129.9,8548.6,0.0,0.0,57709.2,-15346.6,0,0
115.1167,10561.218,-735.31,10161.218,1329.41,166.549,-26.438,168.635,0.906,-0.241,11,9.02,1.98,0.3283,0.0046,1.0762,279.51,335.21,0.5031,63607.0,13607.03,3.774,222000,217921.2,-42359.6,-96362.6,-607077.5,-63917.8,10145.8,56177.4,8540.6,0.0,0.0,57640.8,-15306.3,0,0
115.2167,10577.879,-737.955,10177.879,1332.055,166.64,-26.462,168.728,0.905,-0.24,11,9.02,1.98,0.328,0.0046,1.0759,279.49,335.2,0.5034,63606.7,13606.65,3.774,222000,217921.2,-42359.6,-96392.6,-607044.6,-63956.2,10155.6,56224.9,8532.6,0.0,0.0,57572.4,-15267.3,0,0
115.3167,10594.548,-740.603,10194.548,1334.703,166.73,-26.486,168.821,0.904,-0.239,11,9.03,1.97,0.3277,0.0045,1.0756,279.48,335.19,0.5037,63606.3,13606.28,3.774,222000,217921.2,-42359.6,-96422.6,-607013.0,-63994.5,10165.4,56272.2,8524.7,0.0,0.0,57504.1,-15229.6,0,0
115.4167,10611.226,-743.253,10211.226,1337.353,166.821,-26.51,168.914,0.903,-0.239,11,9.03,1.97,0.3274,0.0045,1.0753,279.46,335.18,0.504,63605.9,13605.9,3.774,222000,217921.2,-42359.6,-96452.6,-606982.4,-64032.9,10175.1,56319.4,8516.8,0.0,0.0,57435.8,-15193.0,0,0
115.5167,10627.914,-745.905,10227.914,1340.005,166.911,-26.534,169.007,0.902,-0.238,11,9.03,1.97,0.3271,0.0045,1.075,279.44,335.17,0.5042,63605.5,13605.52,3.774,222000,217921.2,-42359.6,-96482.5,-606952.9,-64071.2,10184.9,56366.6,8509.0,0.0,0.0,57367.6,-15157.4,0,0
115.6167,10644.61,-748.56,10244.61,1342.66,167.001,-26.558,169.099,0.901,-0.238,11,9.04,1.96,0.3268,0.0045,1.0747,279.43,335.16,0.5045,63605.1,13605.15,3.774,222000,217921.2,-42359.6,-96512.4,-606924.3,-64109.4,10194.6,56413.7,8501.3,0.0,0.0,57299.4,-15122.9,0,0
115.7167,10661.315,-751.217,10261.315,1345.317,167.091,-26.582,169.192,0.9,-0.237,11,9.04,1.96,0.3265,0.0045,1.0745,279.41,335.15,0.5048,63604.8,13604.77,3.774,222000,217921.2,-42359.6,-96542.3,-606896.6,-64147.7,10204.3,56460.7,8493.6,0.0,0.0,57231.3,-15089.2,0,0
115.8167,10678.03,-753.877,10278.03,1347.977,167.181,-26.605,169.285,0.899,-0.237,11,9.04,1.96,0.3262,0.0045,1.0742,279.39,335.14,0.5051,63604.4,13604.39,3.774,222000,217921.2,-42359.6,-96572.1,-606869.7,-64185.9,10214.0,56507.6,8485.9,0.0,0.0,57163.3,-15056.3,0,0
115.9167,10694.753,-756.539,10294.753,1350.639,167.271,-26.629,169.377,0.898,-0.236,11,9.04,1.96,0.326,0.0045,1.0739,279.37,335.13,0.5054,63604.0,13604.01,3.774,222000,217921.2,-42359.6,-96601.9,-606843.6,-64224.0,10223.7,56554.4,8478.3,0.0,0.0,57095.3,-15024.1,0,0
116.0167,10711.485,-759.203,10311.485,1353.303,167.36,-26.653,169.469,0.897,-0.236,11,9.05,1.95,0.3257,0.0045,1.0736,279.36,335.11,0.5057,63603.6,13603.64,3.774,222000,217921.2,-42359.6,-96631.6,-606818.1,-64262.2,10233.3,56601.1,8470.7,0.0,0.0,57027.5,-14992.7,0,0
116.1167,10728.226,-761.87,10328.226,1355.97,167.45,-26.676,169.561,0.896,-0.235,11,9.05,1.95,0.3254,0.0045,1.0733,279.34,335.1,0.506,63603.3,13603.26,3.774,222000,217921.2,-42359.6,-96661.3,-606793.2,-64300.3,10242.9,56647.8,8463.2,0.0,0.0,56959.7,-14961.9,0,0
116.2167,10744.977,-764.539,10344.977,1358.639,167.539,-26.7,169.654,0.894,-0.235,11,9.05,1.95,0.3251,0.0045,1.073,279.32,335.09,0.5063,63602.9,13602.88,3.774,222000,217921.2,-42359.6,-96690.9,-606768.9,-64338.3,10252.6,56694.4,8455.7,0.0,0.0,56892.0,-14931.7,0,0
116.3167,10761.736,-767.21,10361.736,1361.31,167.629,-26.723,169.746,0.893,-0.234,11,9.06,1.94,0.3248,0.0045,1.0728,279.3,335.08,0.5066,63602.5,13602.5,3.774,222000,217921.2,-42359.6,-96720.4,-606745.1,-64376.3,10262.1,56740.8,8448.3,0.0,0.0,56824.5,-14902.0,0,0
116.4167,10778.504,-769.884,10378.504,1363.984,167.718,-26.746,169.837,0.892,-0.234,11,9.06,1.94,0.3246,0.0045,1.0725,279.29,335.07,0.5069,63602.1,13602.13,3.774,222000,217921.2,-42359.6,-96749.9,-606721.8,-64414.3,10271.7,56787.2,8440.9,0.0,0.0,56757.0,-14872.8,0,0
116.5167,10795.281,-772.56,10395.281,1366.66,167.807,-26.77,169.929,0.891,-0.233,11,9.06,1.94,0.3243,0.0045,1.0722,279.27,335.06,0.5072,63601.7,13601.75,3.774,222000,217921.2,-42359.6,-96779.3,-606699.0,-64452.2,10281.3,56833.6,8433.5,0.0,0.0,56689.7,-14844.1,0,0
116.6167,10812.067,-775.238,10412.067,1369.338,167.896,-26.793,170.021,0.89,-0.233,11,9.07,1.93,0.324,0.0044,1.0719,279.25,335.05,0.5074,63601.4,13601.37,3.774,222000,217921.2,-42359.6,-96808.7,-606676.5,-64490.1,10290.8,56879.8,8426.2,0.0,0.0,56622.5,-14815.9,0,0
116.7167,10828.862,-777.919,10428.862,1372.019,167.985,-26.816,170.112,0.889,-0.233,11,9.07,1.93,0.3238,0.0044,1.0716,279.23,335.04,0.5077,63601.0,13600.99,3.774,222000,217921.2,-42359.6,-96837.9,-606654.5,-64527.9,10300.3,56926.0,8418.9,0.0,0.0,56555.4,-14788.0,0,0
116.8167,10845.665,-780.602,10445.665,1374.702,168.074,-26.84,170.204,0.888,-0.232,11,9.07,1.93,0.3235,0.0044,1.0713,279.22,335.03,0.508,63600.6,13600.62,3.774,222000,217921.2,-42359.6,-96867.1,-606632.8,-64565.7,10309.8,56972.0,8411.6,0.0,0.0,56488.4,-14760.5,0,0
116.9167,10862.478,-783.287,10462.478,1377.387,168.163,-26.863,170.295,0.887,-0.232,11,9.08,1.92,0.3232,0.0044,1.0711,279.2,335.02,0.5083,63600.2,13600.24,3.774,222000,217921.2,-42359.6,-96896.2,-606611.4,-64603.4,10319.3,57018.0,8404.4,0.0,0.0,56421.6,-14733.3,0,0
117.0167,10879.299,-785.975,10479.299,1380.075,168.252,-26.886,170.386,0.886,-0.231,11,9.08,1.92,0.3229,0.0044,1.0708,279.18,335.01,0.5086,63599.9,13599.86,3.774,222000,217921.2,-42359.6,-96925.3,-606590.4,-64641.1,10328.8,57063.9,8397.2,0.0,0.0,56354.9,-14706.5,0,0
117.1167,10896.13,-788.664,10496.13,1382.764,168.34,-26.909,170.477,0.885,-0.231,11,9.08,1.92,0.3227,0.0044,1.0705,279.16,335.0,0.5089,63599.5,13599.48,3.774,222000,217921.2,-42359.6,-96954.2,-606569.6,-64678.7,10338.3,57109.7,8390.0,0.0,0.0,56288.3,-14680.0,0,0
117.2167,10912.969,-791.357,10512.969,1385.457,168.429,-26.932,170.568,0.884,-0.23,11,9.08,1.92,0.3224,0.0044,1.0702,279.15,334.99,0.5092,63599.1,13599.11,3.774,222000,217921.2,-42359.6,-96983.1,-606549.0,-64716.3,10347.7,57155.5,8382.8,0.0,0.0,56221.9,-14653.7,0,0
117.3167,10929.817,-794.051,10529.817,1388.151,168.517,-26.955,170.659,0.883,-0.23,11,9.09,1.91,0.3221,0.0044,1.0699,279.13,334.98,0.5095,63598.7,13598.73,3.774,222000,217921.2,-42359.6,-97011.9,-606528.8,-64753.8,10357.1,57201.1,8375.7,0.0,0.0,56155.6,-14627.7,0,0
117.4167,10946.674,-796.748,10546.674,1390.848,168.605,-26.978,170.75,0.882,-0.23,11,9.09,1.91,0.3219,0.0044,1.0696,279.11,334.97,0.5097,63598.4,13598.35,3.774,222000,217921.2,-42359.6,-97040.5,-606508.7,-64791.3,10366.5,57246.7,8368.6,0.0,0.0,56089.4,-14602.0,0,0
117.5167,10963.539,-799.447,10563.539,1393.547,168.693,-27.001,170.841,0.881,-0.229,11,9.09,1.91,0.3216,0.0044,1.0693,279.09,334.96,0.51,63598.0,13597.97,3.774,222000,217921.2,-42359.6,-97069.2,-606488.9,-64828.7,10375.9,57292.2,8361.6,0.0,0.0,56023.4,-14576.4,0,0
117.6167,10980.414,-802.149,10580.414,1396.249,168.781,-27.024,170.931,0.88,-0.229,11,9.1,1.9,0.3214,0.0044,1.0691,279.08,334.95,0.5103,63597.6,13597.6,3.774,222000,217921.2,-42359.6,-97097.7,-606469.2,-64866.1,10385.3,57337.6,8354.6,0.0,0.0,55957.5,-14551.1,0,0
117.7167,10997.297,-804.852,10597.297,1398.952,168.869,-27.047,171.021,0.879,-0.228,11,9.1,1.9,0.3211,0.0044,1.0688,279.06,334.94,0.5106,63597.2,13597.22,3.774,222000,217921.2,-42359.6,-97126.1,-606449.7,-64903.4,10394.6,57382.9,8347.6,0.0,0.0,55891.8,-14526.0,0,0
117.8167,11014.189,-807.558,10614.189,1401.658,168.957,-27.07,171.112,0.878,-0.228,11,9.1,1.9,0.3208,0.0044,1.0685,279.04,334.93,0.5109,63596.8,13596.84,3.774,222000,217921.2,-42359.6,-97154.4,-606430.4,-64940.6,10403.9,57428.2,8340.6,0.0,0.0,55826.2,-14501.1,0,0
117.9167,11031.09,-810.267,10631.09,1404.367,169.045,-27.092,171.202,0.877,-0.228,11,9.1,1.9,0.3206,0.0044,1.0682,279.02,334.92,0.5112,63596.5,13596.47,3.774,222000,217921.2,-42359.6,-97182.7,-606411.3,-64977.8,10413.3,57473.3,8333.6,0.0,0.0,55760.7,-14476.3,0,0
118.0167,11048.0,-812.977,10648.0,1407.077,169.132,-27.115,171.292,0.876,-0.227,11,9.11,1.89,0.3203,0.0043,1.0679,279.01,334.91,0.5115,63596.1,13596.09,3.774,222000,217921.2,-42359.6,-97210.9,-606392.3,-65015.0,10422.6,57518.4,8326.7,0.0,0.0,55695.4,-14451.7,0,0
118.1167,11064.918,-815.69,10664.918,1409.79,169.22,-27.138,171.382,0.875,-0.227,11,9.11,1.89,0.3201,0.0043,1.0676,278.99,334.89,0.5117,63595.7,13595.71,3.774,222000,217921.2,-42359.6,-97238.9,-606373.5,-65052.1,10431.8,57563.4,8319.8,0.0,0.0,55630.2,-14427.3,0,0
118.2167,11081.845,-818.405,10681.845,1412.505,169.307,-27.16,171.472,0.874,-0.226,11,9.11,1.89,0.3198,0.0043,1.0673,278.97,334.88,0.512,63595.3,13595.33,3.774,222000,217921.2,-42359.6,-97266.9,-606354.7,-65089.2,10441.1,57608.3,8313.0,0.0,0.0,55565.2,-14403.0,0,0
118.3167,11098.781,-821.123,10698.781,1415.223,169.395,-27.183,171.562,0.873,-0.226,11,9.12,1.88,0.3195,0.0043,1.067,278.95,334.87,0.5123,63595.0,13594.96,3.774,222000,217921.2,-42359.6,-97294.8,-606336.2,-65126.1,10450.4,57653.1,8306.1,0.0,0.0,55500.3,-14378.9,0,0
118.4167,11115.725,-823.842,10715.725,1417.942,169.482,-27.206,171.652,0.872,-0.226,11,9.12,1.88,0.3193,0.0043,1.0668,278.94,334.86,0.5126,63594.6,13594.58,3.774,222000,217921.2,-42359.6,-97322.6,-606317.7,-65163.1,10459.6,57697.9,8299.3,0.0,0.0,55435.6,-14354.9,0,0
118.5167,11132.679,-826.564,10732.679,1420.664,169.569,-27.228,171.741,0.871,-0.225,11,9.12,1.88,0.319,0.0043,1.0665,278.92,334.85,0.5129,63594.2,13594.2,3.774,222000,217921.2,-42359.6,-97350.3,-606299.3,-65200.0,10468.8,57742.6,8292.5,0.0,0.0,55371.0,-14331.0,0,0
118.6167,11149.641,-829.288,10749.641,1423.388,169.656,-27.251,171.831,0.87,-0.225,11,9.12,1.88,0.3188,0.0043,1.0662,278.9,334.84,0.5132,63593.8,13593.82,3.774,222000,217921.2,-42359.6,-97377.9,-606281.1,-65236.8,10478.0,57787.2,8285.7,0.0,0.0,55306.5,-14307.3,0,0
118.7167,11166.611,-832.015,10766.611,1426.115,169.743,-27.273,171.92,0.869,-0.225,11,9.13,1.87,0.3185,0.0043,1.0659,278.88,334.83,0.5135,63593.4,13593.45,3.774,222000,217921.2,-42359.6,-97405.4,-606262.9,-65273.6,10487.2,57831.7,8279.0,0.0,0.0,55242.2,-14283.6,0,0
118.8167,11183.591,-834.743,10783.591,1428.843,169.83,-27.296,172.009,0.868,-0.224,11,9.13,1.87,0.3183,0.0043,1.0656,278.87,334.82,0.5137,63593.1,13593.07,3.774,222000,217921.2,-42359.6,-97432.8,-606244.9,-65310.3,10496.4,57876.1,8272.3,0.0,0.0,55178.1,-14260.1,0,0
118.9167,11200.579,-837.474,10800.579,1431.574,169.916,-27.318,172.098,0.867,-0.224,11,9.13,1.87,0.318,0.0043,1.0653,278.85,334.81,0.514,63592.7,13592.69,3.774,222000,217921.2,-42359.6,-97460.2,-606226.9,-65346.9,10505.5,57920.4,8265.6,0.0,0.0,55114.1,-14236.7,0,0
119.0167,11217.575,-840.207,10817.575,1434.307,170.003,-27.34,172.187,0.866,-0.224,11,9.14,1.86,0.3178,0.0043,1.065,278.83,334.8,0.5143,63592.3,13592.31,3.774,222000,217921.2,-42359.6,-97487.4,-606209.0,-65383.6,10514.6,57964.7,8258.9,0.0,0.0,55050.2,-14213.4,0,0
119.1167,11234.581,-842.943,10834.581,1437.043,170.09,-27.363,172.276,0.865,-0.223,11,9.14,1.86,0.3175,0.0043,1.0647,278.81,334.79,0.5146,63591.9,13591.94,3.774,222000,217921.2,-42359.6,-97514.6,-606191.3,-65420.1,10523.8,58008.9,8252.3,0.0,0.0,54986.5,-14190.2,0,0
119.2167,11251.595,-845.68,10851.595,1439.78,170.176,-27.385,172.365,0.864,-0.223,11,9.14,1.86,0.3173,0.0043,1.0645,278.79,334.78,0.5149,63591.6,13591.56,3.774,222000,217921.2,-42359.6,-97541.6,-606173.6,-65456.6,10532.9,58053.0,8245.7,0.0,0.0,54923.0,-14167.1,0,0
119.3167,11268.617,-848.42,10868.617,1442.52,170.262,-27.407,172.454,0.863,-0.222,11,9.14,1.86,0.317,0.0043,1.0642,278.78,334.77,0.5151,63591.2,13591.18,3.774,222000,217921.2,-42359.6,-97568.6,-606155.9,-65493.0,10541.9,58097.0,8239.1,0.0,0.0,54859.6,-14144.1,0,0
119.4167,11285.649,-851.162,10885.649,1445.262,170.348,-27.43,172.543,0.862,-0.222,11,9.15,1.85,0.3168,0.0042,1.0639,278.76,334.76,0.5154,63590.8,13590.8,3.774,222000,217921.2,-42359.6,-97595.5,-606138.4,-65529.4,10551.0,58140.9,8232.5,0.0,0.0,54796.3,-14121.2,0,0
119.5167,11302.689,-853.906,10902.689,1448.006,170.435,-27.452,172.631,0.861,-0.222,11,9.15,1.85,0.3165,0.0042,1.0636,278.74,334.75,0.5157,63590.4,13590.43,3.774,222000,217921.2,-42359.6,-97622.3,-606120.9,-65565.8,10560.1,58184.8,8225.9,0.0,0.0,54733.2,-14098.3,0,0
119.6167,11319.737,-856.653,10919.737,1450.753,170.521,-27.474,172.72,0.86,-0.221,11,9.15,1.85,0.3163,0.0042,1.0633,278.72,334.73,0.516,63590.0,13590.05,3.774,222000,217921.2,-42359.6,-97649.0,-606103.5,-65602.0,10569.1,58228.6,8219.4,0.0,0.0,54670.2,-14075.6,0,0
119.7167,11336.794,-859.401,10936.794,1453.501,170.607,-27.496,172.808,0.859,-0.221,11,9.15,1.85,0.3161,0.0042,1.063,278.71,334.72,0.5163,63589.7,13589.67,3.774,222000,217921.2,-42359.6,-97675.6,-606086.1,-65638.2,10578.1,58272.3,8212.9,0.0,0.0,54607.4,-14052.9,0,0
119.8167,11353.86,-862.152,10953.86,1456.252,170.692,-27.518,172.896,0.858,-0.221,11,9.16,1.84,0.3158,0.0042,1.0627,278.69,334.71,0.5166,63589.3,13589.29,3.774,222000,217921.2,-42359.6,-97702.1,-606068.8,-65674.4,10587.1,58315.9,8206.4,0.0,0.0,54544.7,-14030.3,0,0
119.9167,11370.934,-864.905,10970.934,1459.005,170.778,-27.54,172.984,0.857,-0.22,11,9.16,1.84,0.3156,0.0042,1.0624,278.67,334.7,0.5168,63588.9,13588.92,3.774,222000,217921.2,-42359.6,-97728.5,-606051.6,-65710.5,10596.1,58359.4,8199.9,0.0,0.0,54482.2,-14007.8,0,0
120.0167,11388.017,-867.661,10988.017,1461.761,170.864,-27.562,173.072,0.856,-0.22,11,9.16,1.84,0.3153,0.0042,1.0621,278.65,334.69,0.5171,63588.5,13588.54,3.774,222000,217921.2,-42359.6,-97754.9,-606034.4,-65746.5,10605.1,58402.9,8193.5,0.0,0.0,54419.8,-13985.4,0,0
120.1167,11405.108,-870.418,11005.108,1464.518,170.949,-27.584,173.16,0.855,-0.22,11,9.17,1.83,0.3151,0.0042,1.0618,278.63,334.68,0.5174,63588.2,13588.16,3.774,222000,217921.2,-42359.6,-97781.1,-606017.3,-65782.5,10614.0,58446.2,8187.1,0.0,0.0,54357.6,-13963.0,0,0
120.2167,11422.208,-873.178,11022.208,1467.278,171.035,-27.606,173.248,0.854,-0.219,11,9.17,1.83,0.3148,0.0042,1.0616,278.62,334.67,0.5177,63587.8,13587.78,3.774,222000,217921.2,-42359.6,-97807.3,-606000.3,-65818.5,10623.0,58489.5,8180.7,0.0,0.0,54295.5,-13940.8,0,0
120.3167,11439.317,-875.94,11039.317,1470.04,171.12,-27.628,173.336,0.853,-0.219,11,9.17,1.83,0.3146,0.0042,1.0613,278.6,334.66,0.5179,63587.4,13587.41,3.774,222000,217921.2,-42359.6,-97833.3,-605983.3,-65854.3,10631.9,58532.8,8174.3,0.0,0.0,54233.6,-13918.6,0,0
120.4167,11456.433,-878.704,11056.433,1472.804,171.205,-27.65,173.424,0.852,-0.219,11,9.17,1.83,0.3144,0.0042,1.061,278.58,334.65,0.5182,63587.0,13587.03,3.774,222000,217921.2,-42359.6,-97859.3,-605966.4,-65890.2,10640.8,58575.9,8167.9,0.0,0.0,54171.8,-13896.4,0,0
120.5167,11473.559,-881.47,11073.559,1475.57,171.29,-27.672,173.511,0.851,-0.218,11,9.18,1.82,0.3141,0.0042,1.0607,278.56,334.64,0.5185,63586.7,13586.65,3.774,222000,217921.2,-42359.6,-97885.2,-605949.5,-65925.9,10649.7,58618.9,8161.6,0.0,0.0,54110.1,-13874.4,0,0
120.6167,11490.693,-884.238,11090.693,1478.338,171.375,-27.693,173.599,0.85,-0.218,11,9.18,1.82,0.3139,0.0042,1.0604,278.54,334.63,0.5188,63586.3,13586.28,3.774,222000,217921.2,-42359.6,-97911.0,-605932.7,-65961.6,10658.6,58661.9,8155.3,0.0,0.0,54048.6,-13852.4,0,0
120.7167,11507.835,-887.009,11107.835,1481.109,171.46,-27.715,173.686,0.849,-0.218,11,9.18,1.82,0.3137,0.0042,1.0601,278.53,334.62,0.5191,63585.9,13585.9,3.774,222000,217921.2,-42359.6,-97936.7,-605915.9,-65997.3,10667.4,58704.8,8149.0,0.0,0.0,53987.2,-13830.4,0,0
120.8167,11524.986,-889.782,11124.986,1483.882,171.545,-27.737,173.773,0.848,-0.217,11,9.18,1.82,0.3134,0.0042,1.0598,278.51,334.61,0.5193,63585.5,13585.52,3.774,222000,217921.2,-42359.6,-97962.3,-605899.2,-66032.9,10676.3,58747.6,8142.7,0.0,0.0,53926.0,-13808.6,0,0
120.9167,11542.146,-892.557,11142.146,1486.657,171.63,-27.759,173.86,0.847,-0.217,11,9.19,1.81,0.3132,0.0042,1.0595,278.49,334.59,0.5196,63585.1,13585.14,3.774,222000,217921.2,-42359.6,-97987.9,-605882.5,-66068.4,10685.1,58790.4,8136.5,0.0,0.0,53864.9,-13786.8,0,0
121.0167,11559.314,-895.334,11159.314,1489.434,171.715,-27.78,173.947,0.846,-0.216,11,9.19,1.81,0.313,0.0041,1.0592,278.47,334.58,0.5199,63584.8,13584.77,3.774,222000,217921.2,-42359.6,-98013.3,-605865.9,-66103.9,10693.9,58833.0,8130.3,0.0,0.0,53804.0,-13765.0,0,0
121.1167,11576.49,-898.113,11176.49,1492.213,171.799,-27.802,174.034,0.845,-0.216,11,9.19,1.81,0.3127,0.0041,1.0589,278.45,334.57,0.5202,63584.4,13584.39,3.774,222000,217921.2,-42359.6,-98038.7,-605849.3,-66139.3,10702.7,58875.6,8124.1,0.0,0.0,53743.2,-13743.4,0,0
121.2167,11593.675,-900.895,11193.675,1494.995,171.884,-27.823,174.121,0.844,-0.216,11,9.19,1.81,0.3125,0.0041,1.0586,278.44,334.56,0.5204,63584.0,13584.01,3.774,222000,217921.2,-42359.6,-98064.0,-605832.8,-66174.7,10711.5,58918.1,8117.9,0.0,0.0,53682.6,-13721.8,0,0
121.3167,11610.868,-903.678,11210.868,1497.778,171.968,-27.845,174.208,0.843,-0.215,11,9.2,1.8,0.3123,0.0041,1.0583,278.42,334.55,0.5207,63583.6,13583.63,3.774,222000,217921.2,-42359.6,-98089.2,-605816.3,-66210.0,10720.2,58960.5,8111.7,0.0,0.0,53622.1,-13700.2,0,0
121.4167,11628.07,-906.464,11228.07,1500.564,172.052,-27.867,174.294,0.842,-0.215,11,9.2,1.8,0.312,0.0041,1.058,278.4,334.54,0.521,63583.3,13583.26,3.774,222000,217921.2,-42359.6,-98114.3,-605799.9,-66245.2,10729.0,59002.9,8105.6,0.0,0.0,53561.7,-13678.8,0,0
121.5167,11645.28,-909.252,11245.28,1503.352,172.136,-27.888,174.381,0.841,-0.215,11,9.2,1.8,0.3118,0.0041,1.0578,278.38,334.53,0.5213,63582.9,13582.88,3.774,222000,217921.2,-42359.6,-98139.3,-605783.5,-66280.4,10737.7,59045.1,8099.4,0.0,0.0,53501.5,-13657.4,0,0
121.6167,11662.499,-912.042,11262.499,1506.142,172.221,-27.91,174.467,0.841,-0.214,11,9.2,1.8,0.3116,0.0041,1.0575,278.36,334.52,0.5215,63582.5,13582.5,3.774,222000,217921.2,-42359.6,-98164.2,-605767.1,-66315.6,10746.4,59087.3,8093.3,0.0,0.0,53441.4,-13636.0,0,0
121.7167,11679.726,-914.834,11279.726,1508.934,172.305,-27.931,174.554,0.84,-0.214,11,9.21,1.79,0.3113,0.0041,1.0572,278.34,334.51,0.5218,63582.1,13582.12,3.774,222000,217921.2,-42359.6,-98189.1,-605750.9,-66350.7,10755.1,59129.4,8087.3,0.0,0.0,53381.5,-13614.7,0,0
121.8167,11696.961,-917.629,11296.961,1511.729,172.388,-27.952,174.64,0.839,-0.214,11,9.21,1.79,0.3111,0.0041,1.0569,278.33,334.5,0.5221,63581.7,13581.75,3.774,222000,217921.2,-42359.6,-98213.8,-605734.6,-66385.7,10763.8,59171.4,8081.2,0.0,0.0,53321.7,-13593.5,0,0
121.9167,11714.205,-920.425,11314.205,1514.525,172.472,-27.974,174.726,0.838,-0.213,11,9.21,1.79,0.3109,0.0041,1.0566,278.31,334.49,0.5224,63581.4,13581.37,3.774,222000,217921.2,-42359.6,-98238.5,-605718.4,-66420.7,10772.4,59213.4,8075.2,0.0,0.0,53262.1,-13572.3,0,0
122.0167,11731.457,-923.224,11331.457,1517.324,172.556,-27.995,174.812,0.837,-0.213,11,9.21,1.79,0.3107,0.0041,1.0563,278.29,334.47,0.5226,63581.0,13580.99,3.774,222000,217921.2,-42359.6,-98263.1,-605702.2,-66455.6,10781.1,59255.3,8069.1,0.0,0.0,53202.6,-13551.2,0,0
122.1167,11748.717,-926.024,11348.717,1520.124,172.64,-28.016,174.898,0.836,-0.213,11,9.22,1.78,0.3104,0.0041,1.056,278.27,334.46,0.5229,63580.6,13580.61,3.774,222000,217921.2,-42359.6,-98287.6,-605686.1,-66490.4,10789.7,59297.1,8063.1,0.0,0.0,53143.2,-13530.2,0,0
122.2167,11765.986,-928.827,11365.986,1522.927,172.723,-28.038,174.984,0.835,-0.212,11,9.22,1.78,0.3102,0.0041,1.0557,278.25,334.45,0.5232,63580.2,13580.24,3.774,222000,217921.2,-42359.6,-98312.0,-605670.0,-66525.2,10798.3,59338.8,8057.2,0.0,0.0,53084.0,-13509.2,0,0
122.3167,11783.263,-931.632,11383.263,1525.732,172.807,-28.059,175.07,0.834,-0.212,11,9.22,1.78,0.31,0.0041,1.0554,278.24,334.44,0.5235,63579.9,13579.86,3.774,222000,217921.2,-42359.6,-98336.4,-605654.0,-66560.0,10806.9,59380.4,8051.2,0.0,0.0,53024.9,-13488.2,0,0
122.4167,11800.549,-934.439,11400.549,1528.539,172.89,-28.08,175.155,0.833,-0.212,11,9.22,1.78,0.3098,0.0041,1.0551,278.22,334.43,0.5237,63579.5,13579.48,3.774,222000,217921.2,-42359.6,-98360.6,-605638.0,-66594.7,10815.5,59422.0,8045.2,0.0,0.0,52966.0,-13467.3,0,0
122.5167,11817.843,-937.249,11417.843,1531.349,172.973,-28.101,175.241,0.832,-0.211,11,9.23,1.77,0.3095,0.0041,1.0548,278.2,334.42,0.524,63579.1,13579.1,3.774,222000,217921.2,-42359.6,-98384.8,-605622.0,-66629.3,10824.1,59463.4,8039.3,0.0,0.0,52907.1,-13446.5,0,0
122.6167,11835.145,-940.06,11435.145,1534.16,173.056,-28.122,175.326,0.831,-0.211,11,9.23,1.77,0.3093,0.0041,1.0545,278.18,334.41,0.5243,63578.7,13578.73,3.774,222000,217921.2,-42359.6,-98408.9,-605606.1,-66663.9,10832.6,59504.8,8033.4,0.0,0.0,52848.5,-13425.8,0,0
122.7167,11852.455,-942.873,11452.455,1536.973,173.139,-28.143,175.412,0.83,-0.211,11,9.23,1.77,0.3091,0.004,1.0542,278.16,334.4,0.5246,63578.3,13578.35,3.774,222000,217921.2,-42359.6,-98432.9,-605590.2,-66698.4,10841.2,59546.2,8027.5,0.0,0.0,52790.0,-13405.1,0,0
122.8167,11869.774,-945.689,11469.774,1539.789,173.222,-28.164,175.497,0.829,-0.211,11,9.23,1.77,0.3089,0.004,1.0539,278.14,334.39,0.5248,63578.0,13577.97,3.774,222000,217921.2,-42359.6,-98456.8,-605574.4,-66732.8,10849.7,59587.4,8021.7,0.0,0.0,52731.6,-13384.4,0,0
122.9167,11887.101,-948.507,11487.101,1542.607,173.305,-28.186,175.582,0.828,-0.21,11,9.24,1.76,0.3087,0.004,1.0536,278.13,334.38,0.5251,63577.6,13577.6,3.774,222000,217921.2,-42359.6,-98480.7,-605558.6,-66767.2,10858.2,59628.6,8015.8,0.0,0.0,52673.3,-13363.8,0,0
123.0167,11904.437,-951.326,11504.437,1545.426,173.388,-28.207,175.667,0.828,-0.21,11,9.24,1.76,0.3084,0.004,1.0533,278.11,334.37,0.5254,63577.2,13577.22,3.774,222000,217921.2,-42359.6,-98504.5,-605542.9,-66801.6,10866.7,59669.7,8010.0,0.0,0.0,52615.2,-13343.3,0,0
123.1167,11921.78,-954.148,11521.78,1548.248,173.471,-28.227,175.752,0.827,-0.21,11,9.24,1.76,0.3082,0.004,1.053,278.09,334.35,0.5256,63576.8,13576.84,3.774,222000,217921.2,-42359.6,-98528.2,-605527.2,-66835.9,10875.2,59710.7,8004.2,0.0,0.0,52557.2,-13322.8,0,0
123.2167,11939.132,-956.972,11539.132,1551.072,173.553,-28.248,175.837,0.826,-0.209,11,9.24,1.76,0.308,0.004,1.0527,278.07,334.34,0.5259,63576.5,13576.46,3.774,222000,217921.2,-42359.6,-98551.8,-605511.5,-66870.1,10883.6,59751.6,7998.4,0.0,0.0,52499.4,-13302.4,0,0
123.3167,11956.492,-959.798,11556.492,1553.898,173.636,-28.269,175.922,0.825,-0.209,11,9.25,1.75,0.3078,0.004,1.0525,278.05,334.33,0.5262,63576.1,13576.09,3.774,222000,217921.2,-42359.6,-98575.3,-605495.9,-66904.3,10892.1,59792.5,7992.6,0.0,0.0,52441.7,-13282.0,0,0
123.4167,11973.861,-962.627,11573.861,1556.727,173.718,-28.29,176.007,0.824,-0.209,11,9.25,1.75,0.3076,0.004,1.0522,278.03,334.32,0.5265,63575.7,13575.71,3.774,222000,217921.2,-42359.6,-98598.7,-605480.3,-66938.4,10900.5,59833.2,7986.9,0.0,0.0,52384.1,-13261.7,0,0
123.5167,11991.237,-965.457,11591.237,1559.557,173.801,-28.311,176.091,0.823,-0.208,11,9.25,1.75,0.3074,0.004,1.0519,278.02,334.31,0.5267,63575.3,13575.33,3.774,222000,217921.2,-42359.6,-98622.1,-605464.7,-66972.5,10908.9,59873.9,7981.2,0.0,0.0,52326.7,-13241.4,0,0
123.6167,12008.622,-968.289,11608.622,1562.389,173.883,-28.332,176.176,0.822,-0.208,11,9.25,1.75,0.3072,0.004,1.0516,278.0,334.3,0.527,63575.0,13574.95,3.774,222000,217921.2,-42359.6,-98645.4,-605449.2,-67006.5,10917.3,59914.6,7975.4,0.0,0.0,52269.4,-13221.2,0,0
123.7167,12026.015,-971.123,11626.015,1565.223,173.965,-28.353,176.26,0.821,-0.208,11,9.26,1.74,0.3069,0.004,1.0513,277.98,334.29,0.5273,63574.6,13574.58,3.774,222000,217921.2,-42359.6,-98668.6,-605433.7,-67040.4,10925.7,59955.1,7969.8,0.0,0.0,52212.2,-13201.0,0,0
123.8167,12043.417,-973.96,11643.417,1568.06,174.047,-28.373,176.345,0.82,-0.207,11,9.26,1.74,0.3067,0.004,1.051,277.96,334.28,0.5275,63574.2,13574.2,3.774,222000,217921.2,-42359.6,-98691.7,-605418.3,-67074.3,10934.1,59995.6,7964.1,0.0,0.0,52155.2,-13180.9,0,0
123.9167,12060.826,-976.799,11660.826,1570.899,174.129,-28.394,176.429,0.819,-0.207,11,9.26,1.74,0.3065,0.004,1.0507,277.94,334.27,0.5278,63573.8,13573.82,3.774,222000,217921.2,-42359.6,-98714.8,-605402.9,-67108.1,10942.4,60036.0,7958.4,0.0,0.0,52098.3,-13160.9,0,0
124.0167,12078.244,-979.639,11678.244,1573.739,174.211,-28.415,176.513,0.819,-0.207,11,9.26,1.74,0.3063,0.004,1.0504,277.92,334.25,0.5281,63573.4,13573.44,3.774,222000,217921.2,-42359.6,-98737.8,-605387.5,-67141.9,10950.7,60076.3,7952.8,0.0,0.0,52041.5,-13140.9,0,0
124.1167,12095.67,-982.482,11695.67,1576.582,174.293,-28.435,176.597,0.818,-0.206,11,9.27,1.73,0.3061,0.004,1.0501,277.91,334.24,0.5283,63573.1,13573.07,3.774,222000,217921.2,-42359.6,-98760.7,-605372.2,-67175.6,10959.1,60116.5,7947.2,0.0,0.0,51984.9,-13120.9,0,0
124.2167,12113.104,-985.327,11713.104,1579.427,174.375,-28.456,176.681,0.817,-0.206,11,9.27,1.73,0.3059,0.004,1.0498,277.89,334.23,0.5286,63572.7,13572.69,3.774,222000,217921.2,-42359.6,-98783.5,-605356.9,-67209.3,10967.4,60156.7,7941.6,0.0,0.0,51928.4,-13101.1,0,0
124.3167,12130.546,-988.173,11730.546,1582.273,174.456,-28.477,176.765,0.816,-0.206,11,9.27,1.73,0.3057,0.004,1.0495,277.87,334.22,0.5289,63572.3,13572.31,3.774,222000,217921.2,-42359.6,-98806.2,-605341.7,-67242.9,10975.7,60196.8,7936.0,0.0,0.0,51872.1,-13081.2,0,0
124.4167,12147.996,-991.022,11747.996,1585.122,174.538,-28.497,176.849,0.815,-0.205,11,9.27,1.73,0.3055,0.0039,1.0492,277.85,334.21,0.5292,63571.9,13571.93,3.774,222000,217921.2,-42359.6,-98828.9,-605326.4,-67276.5,10983.9,60236.8,7930.4,0.0,0.0,51815.9,-13061.4,0,0
124.5167,12165.455,-993.873,11765.455,1587.973,174.619,-28.518,176.933,0.814,-0.205,11,9.27,1.73,0.3053,0.0039,1.0489,277.83,334.2,0.5294,63571.6,13571.56,3.774,222000,217921.2,-42359.6,-98851.5,-605311.3,-67310.0,10992.2,60276.7,7924.9,0.0,0.0,51759.8,-13041.7,0,0
124.6167,12182.921,-996.726,11782.921,1590.826,174.701,-28.538,177.016,0.813,-0.205,11,9.28,1.72,0.305,0.0039,1.0486,277.81,334.19,0.5297,63571.2,13571.18,3.774,222000,217921.2,-42359.6,-98874.0,-605296.1,-67343.4,11000.4,60316.6,7919.3,0.0,0.0,51703.8,-13022.0,0,0
124.7167,12200.396,-999.581,11800.396,1593.681,174.782,-28.559,177.1,0.812,-0.205,11,9.28,1.72,0.3048,0.0039,1.0483,277.79,334.18,0.53,63570.8,13570.8,3.774,222000,217921.2,-42359.6,-98896.5,-605281.0,-67376.8,11008.6,60356.4,7913.8,0.0,0.0,51648.0,-13002.4,0,0
124.8167,12217.879,-1002.438,11817.879,1596.538,174.863,-28.579,177.183,0.812,-0.204,11,9.28,1.72,0.3046,0.0039,1.048,277.78,334.17,0.5302,63570.4,13570.42,3.774,222000,217921.2,-42359.6,-98918.8,-605265.9,-67410.1,11016.9,60396.1,7908.3,0.0,0.0,51592.3,-12982.8,0,0
124.9167,12235.37,-1005.297,11835.37,1599.397,174.944,-28.6,177.266,0.811,-0.204,11,9.28,1.72,0.3044,0.0039,1.0477,277.76,334.15,0.5305,63570.0,13570.05,3.774,222000,217921.2,-42359.6,-98941.1,-605250.9,-67443.4,11025.1,60435.7,7902.9,0.0,0.0,51536.7,-12963.3,0,0
125.0167,12252.869,-1008.158,11852.869,1602.258,175.025,-28.62,177.35,0.81,-0.204,11,9.29,1.71,0.3042,0.0039,1.0474,277.74,334.14,0.5308,63569.7,13569.67,3.774,222000,217921.2,-42359.6,-98963.3,-605235.9,-67476.6,11033.2,60475.3,7897.4,0.0,0.0,51481.3,-12943.8,0,0
125.1167,12270.377,-1011.022,11870.377,1605.122,175.106,-28.64,177.433,0.809,-0.203,11,9.29,1.71,0.304,0.0039,1.0471,277.72,334.13,0.531,63569.3,13569.29,3.774,222000,217921.2,-42359.6,-98985.5,-605221.0,-67509.7,11041.4,60514.8,7892.0,0.0,0.0,51426.0,-12924.4,0,0
125.2167,12287.892,-1013.887,11887.892,1607.987,175.187,-28.661,177.516,0.808,-0.203,11,9.29,1.71,0.3038,0.0039,1.0468,277.7,334.12,0.5313,63568.9,13568.91,3.774,222000,217921.2,-42359.6,-99007.5,-605206.0,-67542.8,11049.5,60554.2,7886.5,0.0,0.0,51370.9,-12905.0,0,0
125.3167,12305.415,-1016.754,11905.415,1610.854,175.268,-28.681,177.599,0.807,-0.203,11,9.29,1.71,0.3036,0.0039,1.0465,277.68,334.11,0.5316,63568.5,13568.54,3.774,222000,217921.2,-42359.6,-99029.5,-605191.1,-67575.9,11057.7,60593.5,7881.1,0.0,0.0,51315.8,-12885.7,0,0
125.4167,12322.947,-1019.623,11922.947,1613.723,175.348,-28.701,177.682,0.806,-0.202,11,9.3,1.7,0.3034,0.0039,1.0462,277.66,334.1,0.5318,63568.2,13568.16,3.774,222000,217921.2,-42359.6,-99051.4,-605176.3,-67608.9,11065.8,60632.7,7875.7,0.0,0.0,51260.9,-12866.4,0,0
125.5167,12340.486,-1022.495,11940.486,1616.595,175.429,-28.721,177.765,0.806,-0.202,11,9.3,1.7,0.3032,0.0039,1.0459,277.65,334.09,0.5321,63567.8,13567.78,3.774,222000,217921.2,-42359.6,-99073.3,-605161.5,-67641.8,11073.9,60671.9,7870.4,0.0,0.0,51206.1,-12847.2,0,0
125.6167,12358.034,-1025.368,11958.034,1619.468,175.509,-28.742,177.847,0.805,-0.202,11,9.3,1.7,0.303,0.0039,1.0456,277.63,334.08,0.5324,63567.4,13567.41,3.774,222000,217921.2,-42359.6,-99095.1,-605146.7,-67674.7,11082.0,60711.0,7865.0,0.0,0.0,51151.5,-12828.1,0,0
125.7167,12375.59,-1028.243,11975.59,1622.343,175.59,-28.762,177.93,0.804,-0.202,11,9.3,1.7,0.3028,0.0039,1.0453,277.61,334.06,0.5326,63567.0,13567.03,3.774,222000,217921.2,-42359.6,-99116.8,-605131.9,-67707.5,11090.1,60750.0,7859.7,0.0,0.0,51097.0,-12808.9,0,0
125.8167,12393.153,-1031.121,11993.153,1625.221,175.67,-28.782,178.012,0.803,-0.201,11,9.3,1.7,0.3026,0.0039,1.045,277.59,334.05,0.5329,63566.7,13566.65,3.774,222000,217921.2,-42359.6,-99138.4,-605117.2,-67740.3,11098.1,60789.0,7854.4,0.0,0.0,51042.6,-12789.9,0,0
125.9167,12410.725,-1034.0,12010.725,1628.1,175.75,-28.802,178.095,0.802,-0.201,11,9.31,1.69,0.3024,0.0039,1.0447,277.57,334.04,0.5332,63566.3,13566.27,3.774,222000,217921.2,-42359.6,-99159.9,-605102.5,-67773.0,11106.2,60827.9,7849.1,0.0,0.0,50988.3,-12770.9,0,0
126.0167,12428.305,-1036.881,12028.305,1630.981,175.831,-28.822,178.177,0.801,-0.201,11,9.31,1.69,0.3022,0.0039,1.0444,277.55,334.03,0.5334,63565.9,13565.9,3.774,222000,217921.2,-42359.6,-99181.4,-605087.9,-67805.6,11114.2,60866.7,7843.8,0.0,0.0,50934.2,-12751.9,0,0
126.1167,12445.892,-1039.765,12045.892,1633.865,175.911,-28.842,178.259,0.8,-0.2,11,9.31,1.69,0.302,0.0039,1.0441,277.53,334.02,0.5337,63565.5,13565.52,3.774,222000,217921.2,-42359.6,-99202.8,-605073.3,-67838.2,11122.2,60905.4,7838.5,0.0,0.0,50880.2,-12733.0,0,0
126.2167,12463.488,-1042.65,12063.488,1636.75,175.991,-28.862,178.342,0.8,-0.2,11,9.31,1.69,0.3018,0.0039,1.0438,277.51,334.01,0.5339,63565.1,13565.14,3.774,222000,217921.2,-42359.6,-99224.2,-605058.7,-67870.7,11130.2,60944.1,7833.3,0.0,0.0,50826.3,-12714.1,0,0
126.3167,12481.092,-1045.537,12081.092,1639.637,176.071,-28.882,178.424,0.799,-0.2,11,9.32,1.68,0.3016,0.0039,1.0435,277.5,334.0,0.5342,63564.8,13564.76,3.774,222000,217921.2,-42359.6,-99245.4,-605044.2,-67903.2,11138.2,60982.6,7828.0,0.0,0.0,50772.6,-12695.3,0,0
126.4167,12498.704,-1048.427,12098.704,1642.527,176.15,-28.902,178.506,0.798,-0.199,11,9.32,1.68,0.3014,0.0038,1.0432,277.48,333.99,0.5345,63564.4,13564.39,3.774,222000,217921.2,-42359.6,-99266.6,-605029.7,-67935.7,11146.1,61021.1,7822.8,0.0,0.0,50718.9,-12676.5,0,0
126.5167,12516.323,-1051.318,12116.323,1645.418,176.23,-28.922,178.588,0.797,-0.199,11,9.32,1.68,0.3012,0.0038,1.0429,277.46,333.97,0.5347,63564.0,13564.01,3.774,222000,217921.2,-42359.6,-99287.8,-605015.2,-67968.0,11154.1,61059.6,7817.6,0.0,0.0,50665.4,-12657.8,0,0
126.6167,12533.951,-1054.211,12133.951,1648.311,176.31,-28.942,178.67,0.796,-0.199,11,9.32,1.68,0.301,0.0038,1.0426,277.44,333.96,0.535,63563.6,13563.63,3.774,222000,217921.2,-42359.6,-99308.8,-605000.7,-68000.3,11162.0,61097.9,7812.4,0.0,0.0,50612.1,-12639.1,0,0
126.7167,12551.587,-1057.107,12151.587,1651.207,176.389,-28.962,178.751,0.795,-0.199,11,9.32,1.68,0.3008,0.0038,1.0423,277.42,333.95,0.5353,63563.3,13563.25,3.774,222000,217921.2,-42359.6,-99329.8,-604986.3,-68032.6,11169.9,61136.2,7807.3,0.0,0.0,50558.8,-12620.5,0,0
126.8167,12569.23,-1060.004,12169.23,1654.104,176.469,-28.982,178.833,0.795,-0.198,11,9.33,1.67,0.3007,0.0038,1.042,277.4,333.94,0.5355,63562.9,13562.88,3.774,222000,217921.2,-42359.6,-99350.7,-604972.0,-68064.8,11177.9,61174.4,7802.1,0.0,0.0,50505.7,-12601.9,0,0
126.9167,12586.882,-1062.903,12186.882,1657.003,176.548,-29.001,178.914,0.794,-0.198,11,9.33,1.67,0.3005,0.0038,1.0417,277.38,333.93,0.5358,63562.5,13562.5,3.774,222000,217921.2,-42359.6,-99371.6,-604957.6,-68096.9,11185.7,61212.6,7797.0,0.0,0.0,50452.7,-12583.4,0,0
127.0167,12604.541,-1065.805,12204.541,1659.905,176.628,-29.021,178.996,0.793,-0.198,11,9.33,1.67,0.3003,0.0038,1.0414,277.36,333.92,0.536,63562.1,13562.12,3.774,222000,217921.2,-42359.6,-99392.3,-604943.3,-68129.0,11193.6,61250.6,7791.9,0.0,0.0,50399.9,-12564.9,0,0
127.1167,12622.209,-1068.708,12222.209,1662.808,176.707,-29.041,179.077,0.792,-0.197,11,9.33,1.67,0.3001,0.0038,1.0411,277.34,333.91,0.5363,63561.7,13561.74,3.774,222000,217921.2,-42359.6,-99413.1,-604929.0,-68161.1,11201.5,61288.6,7786.7,0.0,0.0,50347.1,-12546.4,0,0
127.2167,12639.884,-1071.613,12239.884,1665.713,176.786,-29.061,179.159,0.791,-0.197,11,9.33,1.67,0.2999,0.0038,1.0408,277.33,333.89,0.5366,63561.4,13561.37,3.774,222000,217921.2,-42359.6,-99433.7,-604914.8,-68193.0,11209.3,61326.5,7781.7,0.0,0.0,50294.5,-12528.1,0,0
127.3167,12657.567,-1074.52,12257.567,1668.62,176.865,-29.08,179.24,0.79,-0.197,11,9.34,1.66,0.2997,0.0038,1.0405,277.31,333.88,0.5368,63561.0,13560.99,3.774,222000,217921.2,-42359.6,-99454.3,-604900.6,-68225.0,11217.2,61364.3,7776.6,0.0,0.0,50242.0,-12509.7,0,0
127.4167,12675.258,-1077.43,12275.258,1671.53,176.944,-29.1,179.321,0.79,-0.197,11,9.34,1.66,0.2995,0.0038,1.0402,277.29,333.87,0.5371,63560.6,13560.61,3.774,222000,217921.2,-42359.6,-99474.8,-604886.4,-68256.8,11225.0,61402.1,7771.5,0.0,0.0,50189.6,-12491.4,0,0
127.5167,12692.957,-1080.341,12292.957,1674.441,177.023,-29.12,179.402,0.789,-0.196,11,9.34,1.66,0.2993,0.0038,1.0399,277.27,333.86,0.5374,63560.2,13560.23,3.774,222000,217921.2,-42359.6,-99495.2,-604872.3,-68288.6,11232.8,61439.8,7766.5,0.0,0.0,50137.4,-12473.2,0,0
127.6167,12710.664,-1083.254,12310.664,1677.354,177.102,-29.139,179.483,0.788,-0.196,11,9.34,1.66,0.2991,0.0038,1.0396,277.25,333.85,0.5376,63559.9,13559.86,3.774,222000,217921.2,-42359.6,-99515.6,-604858.1,-68320.4,11240.6,61477.4,7761.5,0.0,0.0,50085.3,-12455.0,0,0
127.7167,12728.379,-1086.169,12328.379,1680.269,177.181,-29.159,179.564,0.787,-0.196,11,9.35,1.65,0.2989,0.0038,1.0393,277.23,333.84,0.5379,63559.5,13559.48,3.774,222000,217921.2,-42359.6,-99535.9,-604844.1,-68352.1,11248.3,61515.0,7756.5,0.0,0.0,50033.3,-12436.8,0,0
127.8167,12746.102,-1089.086,12346.102,1683.186,177.259,-29.178,179.645,0.786,-0.195,11,9.35,1.65,0.2988,0.0038,1.039,277.21,333.83,0.5381,63559.1,13559.1,3.774,222000,217921.2,-42359.6,-99556.1,-604830.0,-68383.7,11256.1,61552.4,7751.5,0.0,0.0,49981.4,-12418.7,0,0
127.9167,12763.832,-1092.005,12363.832,1686.105,177.338,-29.198,179.725,0.786,-0.195,11,9.35,1.65,0.2986,0.0038,1.0387,277.19,333.82,0.5384,63558.7,13558.73,3.774,222000,217921.2,-42359.6,-99576.3,-604816.0,-68415.3,11263.8,61589.8,7746.5,0.0,0.0,49929.7,-12400.7,0,0
128.0167,12781.57,-1094.926,12381.57,1689.026,177.416,-29.217,179.806,0.785,-0.195,11,9.35,1.65,0.2984,0.0038,1.0384,277.17,333.8,0.5387,63558.3,13558.35,3.774,222000,217921.2,-42359.6,-99596.4,-604802.0,-68446.8,11271.6,61627.2,7741.6,0.0,0.0,49878.0,-12382.7,0,0
128.1167,12799.317,-1097.849,12399.317,1691.949,177.495,-29.237,179.887,0.784,-0.195,11,9.35,1.65,0.2982,0.0038,1.0381,277.16,333.79,0.5389,63558.0,13557.97,3.774,222000,217921.2,-42359.6,-99616.4,-604788.0,-68478.3,11279.3,61664.4,7736.6,0.0,0.0,49826.5,-12364.7,0,0
128.2167,12817.071,-1100.774,12417.071,1694.874,177.573,-29.256,179.967,0.783,-0.194,11,9.36,1.64,0.298,0.0038,1.0378,277.14,333.78,0.5392,63557.6,13557.59,3.774,222000,217921.2,-42359.6,-99636.4,-604774.1,-68509.7,11287.0,61701.6,7731.7,0.0,0.0,49775.1,-12346.8,0,0
128.3167,12834.833,-1103.7,12434.833,1697.8,177.651,-29.276,180.048,0.782,-0.194,11,9.36,1.64,0.2978,0.0038,1.0375,277.12,333.77,0.5394,63557.2,13557.22,3.774,222000,217921.2,-42359.6,-99656.3,-604760.2,-68541.1,11294.6,61738.7,7726.8,0.0,0.0,49723.9,-12328.9,0,0
128.4167,12852.602,-1106.629,12452.602,1700.729,177.73,-29.295,180.128,0.782,-0.194,11,9.36,1.64,0.2976,0.0037,1.0372,277.1,333.76,0.5397,63556.8,13556.84,3.774,222000,217921.2,-42359.6,-99676.1,-604746.4,-68572.4,11302.3,61775.7,7721.9,0.0,0.0,49672.7,-12311.1,0,0
128.5167,12870.38,-1109.56,12470.38,1703.66,177.808,-29.314,180.208,0.781,-0.193,11,9.36,1.64,0.2975,0.0037,1.0369,277.08,333.75,0.54,63556.5,13556.46,3.774,222000,217921.2,-42359.6,-99695.9,-604732.5,-68603.7,11310.0,61812.7,7717.0,0.0,0.0,49621.7,-12293.3,0,0
128.6167,12888.165,-1112.492,12488.165,1706.592,177.886,-29.334,180.288,0.78,-0.193,11,9.36,1.64,0.2973,0.0037,1.0366,277.06,333.73,0.5402,63556.1,13556.08,3.774,222000,217921.2,-42359.6,-99715.6,-604718.7,-68634.9,11317.6,61849.6,7712.1,0.0,0.0,49570.8,-12275.6,0,0
128.7167,12905.958,-1115.427,12505.958,1709.527,177.964,-29.353,180.368,0.779,-0.193,11,9.37,1.63,0.2971,0.0037,1.0363,277.04,333.72,0.5405,63555.7,13555.71,3.774,222000,217921.2,-42359.6,-99735.2,-604705.0,-68666.0,11325.2,61886.4,7707.3,0.0,0.0,49520.0,-12257.9,0,0
128.8167,12923.759,-1118.363,12523.759,1712.463,178.042,-29.372,180.448,0.778,-0.193,11,9.37,1.63,0.2969,0.0037,1.036,277.02,333.71,0.5407,63555.3,13555.33,3.774,222000,217921.2,-42359.6,-99754.8,-604691.2,-68697.1,11332.8,61923.1,7702.5,0.0,0.0,49469.4,-12240.2,0,0
128.9167,12941.568,-1121.301,12541.568,1715.401,178.119,-29.392,180.528,0.778,-0.192,11,9.37,1.63,0.2967,0.0037,1.0356,277.0,333.7,0.541,63555.0,13554.95,3.774,222000,217921.2,-42359.6,-99774.3,-604677.5,-68728.1,11340.4,61959.8,7697.6,0.0,0.0,49418.8,-12222.6,0,0
129.0167,12959.384,-1124.242,12559.384,1718.342,178.197,-29.411,180.608,0.777,-0.192,11,9.37,1.63,0.2966,0.0037,1.0353,276.98,333.69,0.5412,63554.6,13554.57,3.774,222000,217921.2,-42359.6,-99793.7,-604663.8,-68759.1,11348.0,61996.4,7692.8,0.0,0.0,49368.4,-12205.1,0,0
129.1167,12977.209,-1127.184,12577.209,1721.284,178.275,-29.43,180.688,0.776,-0.192,11,9.37,1.63,0.2964,0.0037,1.035,276.96,333.68,0.5415,63554.2,13554.2,3.774,222000,217921.2,-42359.6,-99813.1,-604650.2,-68790.0,11355.6,62032.9,7688.0,0.0,0.0,49318.1,-12187.6,0,0
129.2167,12995.041,-1130.128,12595.041,1724.228,178.352,-29.449,180.767,0.775,-0.191,11,9.38,1.62,0.2962,0.0037,1.0347,276.95,333.67,0.5418,63553.8,13553.82,3.774,222000,217921.2,-42359.6,-99832.4,-604636.6,-68820.9,11363.1,62069.4,7683.3,0.0,0.0,49267.9,-12170.1,0,0
129.3167,13012.88,-1133.074,12612.88,1727.174,178.43,-29.468,180.847,0.774,-0.191,11,9.38,1.62,0.296,0.0037,1.0344,276.93,333.65,0.542,63553.4,13553.44,3.774,222000,217921.2,-42359.6,-99851.7,-604623.0,-68851.7,11370.6,62105.8,7678.5,0.0,0.0,49217.9,-12152.7,0,0
129.4167,13030.728,-1136.022,12630.728,1730.122,178.507,-29.487,180.926,0.774,-0.191,11,9.38,1.62,0.2958,0.0037,1.0341,276.91,333.64,0.5423,63553.1,13553.06,3.774,222000,217921.2,-42359.6,-99870.9,-604609.4,-68882.4,11378.2,62142.1,7673.8,0.0,0.0,49167.9,-12135.3,0,0
129.5167,13048.583,-1138.972,12648.583,1733.072,178.584,-29.506,181.006,0.773,-0.191,11,9.38,1.62,0.2957,0.0037,1.0338,276.89,333.63,0.5425,63552.7,13552.69,3.774,222000,217921.2,-42359.6,-99890.0,-604595.9,-68913.1,11385.7,62178.3,7669.0,0.0,0.0,49118.1,-12118.0,0,0
129.6167,13066.446,-1141.924,12666.446,1736.024,178.662,-29.525,181.085,0.772,-0.19,11,9.38,1.62,0.2955,0.0037,1.0335,276.87,333.62,0.5428,63552.3,13552.31,3.774,222000,217921.2,-42359.6,-99909.1,-604582.4,-68943.8,11393.2,62214.5,7664.3,0.0,0.0,49068.4,-12100.7,0,0
129.7167,13084.317,-1144.877,12684.317,1738.977,178.739,-29.544,181.164,0.771,-0.19,11,9.39,1.61,0.2953,0.0037,1.0332,276.85,333.61,0.543,63551.9,13551.93,3.774,222000,217921.2,-42359.6,-99928.1,-604568.9,-68974.4,11400.6,62250.6,7659.6,0.0,0.0,49018.8,-12083.4,0,0
129.8167,13102.195,-1147.833,12702.195,1741.933,178.816,-29.563,181.243,0.771,-0.19,11,9.39,1.61,0.2951,0.0037,1.0329,276.83,333.6,0.5433,63551.6,13551.55,3.774,222000,217921.2,-42359.6,-99947.0,-604555.5,-69004.9,11408.1,62286.6,7654.9,0.0,0.0,48969.3,-12066.2,0,0
129.9167,13120.081,-1150.79,12720.081,1744.89,178.893,-29.582,181.322,0.77,-0.19,11,9.39,1.61,0.295,0.0037,1.0326,276.81,333.58,0.5436,63551.2,13551.18,3.774,222000,217921.2,-42359.6,-99965.9,-604542.1,-69035.4,11415.6,62322.5,7650.3,0.0,0.0,48920.0,-12049.1,0,0
130.0167,13137.975,-1153.75,12737.975,1747.85,178.97,-29.601,181.401,0.769,-0.189,11,9.39,1.61,0.2948,0.0037,1.0323,276.79,333.57,0.5438,63550.8,13550.8,3.774,222000,217921.2,-42359.6,-99984.7,-604528.7,-69065.8,11423.0,62358.4,7645.6,0.0,0.0,48870.8,-12032.0,0,0
130.1167,13155.876,-1156.711,12755.876,1750.811,179.047,-29.62,181.48,0.768,-0.189,11,9.39,1.61,0.2946,0.0037,1.032,276.77,333.56,0.5441,63550.4,13550.42,3.774,222000,217921.2,-42359.6,-100003.5,-604515.3,-69096.1,11430.4,62394.2,7641.0,0.0,0.0,48821.6,-12014.9,0,0
130.2167,13173.786,-1159.674,12773.786,1753.774,179.124,-29.639,181.559,0.767,-0.189,11,9.4,1.6,0.2944,0.0037,1.0317,276.75,333.55,0.5443,63550.0,13550.04,3.774,222000,217921.2,-42359.6,-100022.2,-604502.0,-69126.5,11437.8,62430.0,7636.4,0.0,0.0,48772.6,-11997.9,0,0
130.3167,13191.702,-1162.639,12791.702,1756.739,179.2,-29.658,181.638,0.767,-0.189,11,9.4,1.6,0.2943,0.0037,1.0314,276.73,333.54,0.5446,63549.7,13549.67,3.774,222000,217921.2,-42359.6,-100040.8,-604488.7,-69156.7,11445.2,62465.6,7631.7,0.0,0.0,48723.7,-11980.9,0,0
130.4167,13209.627,-1165.606,12809.627,1759.706,179.277,-29.677,181.717,0.766,-0.188,11,9.4,1.6,0.2941,0.0037,1.0311,276.72,333.53,0.5448,63549.3,13549.29,3.774,222000,217921.2,-42359.6,-100059.4,-604475.5,-69186.9,11452.6,62501.2,7627.1,0.0,0.0,48675.0,-11964.0,0,0
130.5167,13227.559,-1168.575,12827.559,1762.675,179.353,-29.696,181.795,0.765,-0.188,11,9.4,1.6,0.2939,0.0037,1.0308,276.7,333.52,0.5451,63548.9,13548.91,3.774,222000,217921.2,-42359.6,-100077.9,-604462.2,-69217.1,11459.9,62536.8,7622.6,0.0,0.0,48626.3,-11947.1,0,0
130.6167,13245.499,-1171.545,12845.499,1765.645,179.43,-29.714,181.874,0.764,-0.188,11,9.4,1.6,0.2937,0.0037,1.0305,276.68,333.5,0.5453,63548.5,13548.54,3.774,222000,217921.2,-42359.6,-100096.3,-604449.0,-69247.2,11467.3,62572.2,7618.0,0.0,0.0,48577.8,-11930.2,0,0
130.7167,13263.446,-1174.518,12863.446,1768.618,179.506,-29.733,181.952,0.764,-0.187,11,9.4,1.6,0.2936,0.0036,1.0302,276.66,333.49,0.5456,63548.2,13548.16,3.774,222000,217921.2,-42359.6,-100114.7,-604435.8,-69277.2,11474.6,62607.6,7613.4,0.0,0.0,48529.3,-11913.4,0,0
130.8167,13281.401,-1177.492,12881.401,1771.592,179.583,-29.752,182.03,0.763,-0.187,11,9.41,1.59,0.2934,0.0036,1.0298,276.64,333.48,0.5459,63547.8,13547.78,3.774,222000,217921.2,-42359.6,-100133.0,-604422.7,-69307.2,11481.9,62642.9,7608.9,0.0,0.0,48481.0,-11896.6,0,0
130.9167,13299.364,-1180.469,12899.364,1774.569,179.659,-29.771,182.109,0.762,-0.187,11,9.41,1.59,0.2932,0.0036,1.0295,276.62,333.47,0.5461,63547.4,13547.4,3.774,222000,217921.2,-42359.6,-100151.3,-604409.6,-69337.1,11489.2,62678.2,7604.4,0.0,0.0,48432.8,-11879.9,0,0
131.0167,13317.334,-1183.447,12917.334,1777.547,179.735,-29.789,182.187,0.761,-0.187,11,9.41,1.59,0.2931,0.0036,1.0292,276.6,333.46,0.5464,63547.0,13547.03,3.774,222000,217921.2,-42359.6,-100169.5,-604396.5,-69367.0,11496.5,62713.3,7599.9,0.0,0.0,48384.8,-11863.2,0,0
131.1167,13335.312,-1186.427,12935.312,1780.527,179.811,-29.808,182.265,0.761,-0.186,11,9.41,1.59,0.2929,0.0036,1.0289,276.58,333.45,0.5466,63546.6,13546.65,3.774,222000,217921.2,-42359.6,-100187.7,-604383.4,-69396.8,11503.8,62748.4,7595.4,0.0,0.0,48336.8,-11846.6,0,0
131.2167,13353.298,-1189.409,12953.298,1783.509,179.887,-29.827,182.343,0.76,-0.186,11,9.41,1.59,0.2927,0.0036,1.0286,276.56,333.43,0.5469,63546.3,13546.27,3.774,222000,217921.2,-42359.6,-100205.7,-604370.4,-69426.6,11511.1,62783.5,7590.9,0.0,0.0,48288.9,-11830.0,0,0
131.3167,13371.291,-1192.392,12971.291,1786.492,179.963,-29.845,182.421,0.759,-0.186,11,9.42,1.58,0.2926,0.0036,1.0283,276.54,333.42,0.5471,63545.9,13545.89,3.774,222000,217921.2,-42359.6,-100223.8,-604357.3,-69456.3,11518.3,62818.4,7586.4,0.0,0.0,48241.2,-11813.4,0,0
131.4167,13389.292,-1195.378,12989.292,1789.478,180.039,-29.864,182.499,0.758,-0.186,11,9.42,1.58,0.2924,0.0036,1.028,276.52,333.41,0.5474,63545.5,13545.52,3.774,222000,217921.2,-42359.6,-100241.7,-604344.4,-69485.9,11525.5,62853.3,7582.0,0.0,0.0,48193.6,-11796.9,0,0
131.5167,13407.3,-1198.365,13007.3,1792.465,180.115,-29.882,182.577,0.758,-0.185,11,9.42,1.58,0.2922,0.0036,1.0277,276.5,333.4,0.5476,63545.1,13545.14,3.774,222000,217921.2,-42359.6,-100259.7,-604331.4,-69515.5,11532.7,62888.2,7577.5,0.0,0.0,48146.1,-11780.4,0,0
131.6,13422.313,-1200.856,13022.313,1794.956,180.178,-29.898,182.642,0.757,-0.185,11,9.42,1.58,0.2921,0.0036,1.0274,276.49,333.39,0.5478,63544.8,13544.82,3.774,222000,217921.2,-42359.6,-100274.5,-604320.6,-69540.1,11538.8,62917.1,7573.8,0.0,0.0,48106.5,-11766.7,0,0
131.7,13440.335,-1203.847,13040.335,1797.947,180.254,-29.916,182.719,0.756,-0.185,11,9.42,1.58,0.2919,0.0036,1.0271,276.47,333.38,0.5481,63544.4,13544.45,3.774,222000,217921.2,-42359.6,-100292.4,-604307.7,-69569.6,11545.9,62951.8,7569.4,0.0,0.0,48059.2,-11750.3,0,0
131.8,13458.365,-1206.84,13058.365,1800.94,180.329,-29.935,182.797,0.756,-0.185,11,9.42,1.58,0.2918,0.0036,1.0268,276.45,333.37,0.5483,63544.1,13544.07,3.774,222000,217921.2,-42359.6,-100310.1,-604294.8,-69599.1,11553.1,62986.5,7565.0,0.0,0.0,48012.0,-11734.0,0,0
131.9,13476.402,-1209.835,13076.402,1803.935,180.405,-29.953,182.874,0.755,-0.184,11,9.43,1.57,0.2916,0.0036,1.0265,276.43,333.35,0.5486,63543.7,13543.69,3.774,222000,217921.2,-42359.6,-100327.8,-604282.0,-69628.5,11560.3,63021.0,7560.6,0.0,0.0,47965.0,-11717.7,0,0
132.0,13494.447,-1212.831,13094.447,1806.931,180.48,-29.972,182.952,0.754,-0.184,11,9.43,1.57,0.2914,0.0036,1.0262,276.41,333.34,0.5488,63543.3,13543.31,3.774,222000,217921.2,-42359.6,-100345.4,-604269.1,-69657.8,11567.4,63055.5,7556.2,0.0,0.0,47918.0,-11701.4,0,0
132.1,13512.499,-1215.829,13112.499,1809.929,180.555,-29.99,183.029,0.753,-0.184,11,9.43,1.57,0.2913,0.0036,1.0259,276.39,333.33,0.5491,63542.9,13542.94,3.774,222000,217921.2,-42359.6,-100363.0,-604256.3,-69687.1,11574.6,63089.9,7551.9,0.0,0.0,47871.1,-11685.2,0,0
132.2,13530.559,-1218.829,13130.559,1812.929,180.631,-30.008,183.106,0.753,-0.184,11,9.43,1.57,0.2911,0.0036,1.0256,276.37,333.32,0.5493,63542.6,13542.56,3.774,222000,217921.2,-42359.6,-100380.5,-604243.6,-69716.3,11581.7,63124.3,7547.5,0.0,0.0,47824.4,-11669.0,0,0
132.3,13548.627,-1221.831,13148.627,1815.931,180.706,-30.027,183.184,0.752,-0.183,11,9.43,1.57,0.2909,0.0036,1.0253,276.35,333.31,0.5496,63542.2,13542.18,3.774,222000,217921.2,-42359.6,-100398.0,-604230.8,-69745.5,11588.8,63158.5,7543.2,0.0,0.0,47777.8,-11652.8,0,0
132.4,13566.702,-1224.835,13166.702,1818.935,180.781,-30.045,183.261,0.751,-0.183,11,9.44,1.56,0.2908,0.0036,1.025,276.33,333.29,0.5498,63541.8,13541.8,3.774,222000,217921.2,-42359.6,-100415.4,-604218.1,-69774.6,11595.9,63192.7,7538.9,0.0,0.0,47731.2,-11636.7,0,0
132.5,13584.784,-1227.84,13184.784,1821.94,180.856,-30.063,183.338,0.75,-0.183,11,9.44,1.56,0.2906,0.0036,1.0247,276.31,333.28,0.5501,63541.4,13541.43,3.774,222000,217921.2,-42359.6,-100432.7,-604205.4,-69803.7,11603.0,63226.9,7534.6,0.0,0.0,47684.8,-11620.6,0,0
132.6,13602.874,-1230.848,13202.874,1824.948,180.931,-30.082,183.415,0.75,-0.183,11,9.44,1.56,0.2905,0.0036,1.0244,276.29,333.27,0.5503,63541.1,13541.05,3.774,222000,217921.2,-42359.6,-100450.0,-604192.7,-69832.7,11610.0,63261.0,7530.3,0.0,0.0,47638.5,-11604.6,0,0
132.7,13620.972,-1233.857,13220.972,1827.957,181.006,-30.1,183.492,0.749,-0.182,11,9.44,1.56,0.2903,0.0036,1.0241,276.27,333.26,0.5506,63540.7,13540.67,3.774,222000,217921.2,-42359.6,-100467.3,-604180.1,-69861.6,11617.1,63295.0,7526.0,0.0,0.0,47592.3,-11588.6,0,0
132.8,13639.077,-1236.868,13239.077,1830.968,181.081,-30.118,183.569,0.748,-0.182,11,9.44,1.56,0.2901,0.0036,1.0237,276.25,333.25,0.5508,63540.3,13540.3,3.774,222000,217921.2,-42359.6,-100484.4,-604167.5,-69890.5,11624.1,63328.9,7521.7,0.0,0.0,47546.2,-11572.7,0,0
132.9,13657.189,-1239.881,13257.189,1833.981,181.156,-30.136,183.645,0.748,-0.182,11,9.44,1.56,0.29,0.0036,1.0234,276.23,333.24,0.5511,63539.9,13539.92,3.774,222000,217921.2,-42359.6,-100501.6,-604154.9,-69919.4,11631.1,63362.8,7517.5,0.0,0.0,47500.3,-11556.8,0,0
133.0,13675.309,-1242.896,13275.309,1836.996,181.23,-30.155,183.722,0.747,-0.182,11,9.45,1.55,0.2898,0.0036,1.0231,276.21,333.22,0.5513,63539.5,13539.54,3.774,222000,217921.2,-42359.6,-100518.6,-604142.3,-69948.2,11638.1,63396.6,7513.2,0.0,0.0,47454.4,-11540.9,0,0
133.1,13693.437,-1245.912,13293.437,1840.012,181.305,-30.173,183.799,0.746,-0.181,11,9.45,1.55,0.2897,0.0036,1.0228,276.19,333.21,0.5516,63539.2,13539.16,3.774,222000,217921.2,-42359.6,-100535.7,-604129.8,-69976.9,11645.1,63430.3,7509.0,0.0,0.0,47408.6,-11525.1,0,0
133.2,13711.571,-1248.931,13311.571,1843.031,181.38,-30.191,183.875,0.745,-0.181,11,9.45,1.55,0.2895,0.0035,1.0225,276.17,333.2,0.5518,63538.8,13538.79,3.774,222000,217921.2,-42359.6,-100552.6,-604117.3,-70005.6,11652.1,63464.0,7504.8,0.0,0.0,47363.0,-11509.3,0,0
133.3,13729.714,-1251.951,13329.714,1846.051,181.454,-30.209,183.952,0.745,-0.181,11,9.45,1.55,0.2893,0.0035,1.0222,276.15,333.19,0.5521,63538.4,13538.41,3.774,222000,217921.2,-42359.6,-100569.5,-604104.8,-70034.3,11659.1,63497.5,7500.6,0.0,0.0,47317.5,-11493.5,0,0
133.4,13747.864,-1254.973,13347.864,1849.073,181.529,-30.227,184.028,0.744,-0.181,11,9.45,1.55,0.2892,0.0035,1.0219,276.13,333.18,0.5523,63538.0,13538.03,3.774,222000,217921.2,-42359.6,-100586.4,-604092.3,-70062.8,11666.0,63531.1,7496.4,0.0,0.0,47272.0,-11477.8,0,0
133.5,13766.021,-1257.996,13366.021,1852.096,181.603,-30.245,184.104,0.743,-0.18,11,9.46,1.54,0.289,0.0035,1.0216,276.11,333.16,0.5526,63537.7,13537.65,3.774,222000,217921.2,-42359.6,-100603.2,-604079.9,-70091.4,11673.0,63564.5,7492.2,0.0,0.0,47226.7,-11462.1,0,0
133.6,13784.185,-1261.022,13384.185,1855.122,181.677,-30.263,184.181,0.743,-0.18,11,9.46,1.54,0.2889,0.0035,1.0213,276.09,333.15,0.5528,63537.3,13537.28,3.774,222000,217921.2,-42359.6,-100619.9,-604067.5,-70119.8,11679.9,63597.9,7488.0,0.0,0.0,47181.5,-11446.5,0,0
133.7,13802.357,-1264.049,13402.357,1858.149,181.751,-30.281,184.257,0.742,-0.18,11,9.46,1.54,0.2887,0.0035,1.021,276.08,333.14,0.5531,63536.9,13536.9,3.774,222000,217921.2,-42359.6,-100636.6,-604055.1,-70148.2,11686.8,63631.2,7483.9,0.0,0.0,47136.4,-11430.9,0,0
133.8,13820.537,-1267.078,13420.537,1861.178,181.826,-30.299,184.333,0.741,-0.18,11,9.46,1.54,0.2886,0.0035,1.0207,276.06,333.13,0.5533,63536.5,13536.52,3.774,222000,217921.2,-42359.6,-100653.2,-604042.7,-70176.6,11693.7,63664.5,7479.7,0.0,0.0,47091.4,-11415.4,0,0
133.9,13838.724,-1270.109,13438.724,1864.209,181.9,-30.317,184.409,0.74,-0.179,11,9.46,1.54,0.2884,0.0035,1.0203,276.04,333.12,0.5536,63536.1,13536.14,3.774,222000,217921.2,-42359.6,-100669.8,-604030.4,-70204.9,11700.6,63697.7,7475.6,0.0,0.0,47046.5,-11399.8,0,0
134.0,13856.918,-1273.142,13456.918,1867.242,181.974,-30.335,184.485,0.74,-0.179,11,9.46,1.54,0.2883,0.0035,1.02,276.02,333.11,0.5538,63535.8,13535.77,3.774,222000,217921.2,-42359.6,-100686.3,-604018.1,-70233.2,11707.5,63730.8,7471.5,0.0,0.0,47001.7,-11384.4,0,0
134.1,13875.12,-1276.177,13475.12,1870.277,182.048,-30.353,184.561,0.739,-0.179,11,9.47,1.53,0.2881,0.0035,1.0197,276.0,333.09,0.5541,63535.4,13535.39,3.774,222000,217921.2,-42359.6,-100702.8,-604005.8,-70261.4,11714.3,63763.8,7467.4,0.0,0.0,46957.1,-11368.9,0,0
134.2,13893.329,-1279.213,13493.329,1873.313,182.122,-30.371,184.636,0.738,-0.179,11,9.47,1.53,0.2879,0.0035,1.0194,275.98,333.08,0.5543,63535.0,13535.01,3.774,222000,217921.2,-42359.6,-100719.2,-603993.6,-70289.5,11721.2,63796.8,7463.3,0.0,0.0,46912.5,-11353.5,0,0
134.3,13911.545,-1282.251,13511.545,1876.351,182.195,-30.389,184.712,0.738,-0.178,11,9.47,1.53,0.2878,0.0035,1.0191,275.96,333.07,0.5546,63534.6,13534.63,3.774,222000,217921.2,-42359.6,-100735.6,-603981.3,-70317.6,11728.0,63829.7,7459.2,0.0,0.0,46868.0,-11338.2,0,0
134.4,13929.769,-1285.291,13529.769,1879.391,182.269,-30.406,184.788,0.737,-0.178,11,9.47,1.53,0.2876,0.0035,1.0188,275.94,333.06,0.5548,63534.3,13534.26,3.774,222000,217921.2,-42359.6,-100751.9,-603969.1,-70345.7,11734.8,63862.6,7455.2,0.0,0.0,46823.7,-11322.8,0,0
134.5,13948.0,-1288.333,13548.0,1882.433,182.343,-30.424,184.863,0.736,-0.178,11,9.47,1.53,0.2875,0.0035,1.0185,275.92,333.05,0.5551,63533.9,13533.88,3.774,222000,217921.2,-42359.6,-100768.2,-603956.9,-70373.7,11741.6,63895.4,7451.1,0.0,0.0,46779.4,-11307.6,0,0
134.6,13966.239,-1291.376,13566.239,1885.476,182.416,-30.442,184.939,0.736,-0.178,11,9.47,1.53,0.2873,0.0035,1.0182,275.9,333.03,0.5553,63533.5,13533.5,3.774,222000,217921.2,-42359.6,-100784.4,-603944.8,-70401.6,11748.4,63928.1,7447.1,0.0,0.0,46735.3,-11292.3,0,0
134.7,13984.485,-1294.421,13584.485,1888.521,182.49,-30.46,185.014,0.735,-0.177,11,9.48,1.52,0.2872,0.0035,1.0179,275.88,333.02,0.5556,63533.1,13533.12,3.774,222000,217921.2,-42359.6,-100800.5,-603932.6,-70429.5,11755.2,63960.7,7443.0,0.0,0.0,46691.2,-11277.1,0,0
134.8,14002.738,-1297.468,13602.738,1891.568,182.563,-30.477,185.09,0.734,-0.177,11,9.48,1.52,0.287,0.0035,1.0176,275.86,333.01,0.5558,63532.7,13532.75,3.774,222000,217921.2,-42359.6,-100816.6,-603920.5,-70457.3,11761.9,63993.3,7439.0,0.0,0.0,46647.3,-11261.9,0,0
134.9,14020.999,-1300.517,13620.999,1894.617,182.637,-30.495,185.165,0.734,-0.177,11,9.48,1.52,0.2869,0.0035,1.0172,275.84,333.0,0.5561,63532.4,13532.37,3.774,222000,217921.2,-42359.6,-100832.7,-603908.4,-70485.1,11768.7,64025.8,7435.0,0.0,0.0,46603.5,-11246.8,0,0
135.0,14039.267,-1303.568,13639.267,1897.668,182.71,-30.513,185.24,0.733,-0.177,11,9.48,1.52,0.2867,0.0035,1.0169,275.82,332.99,0.5563,63532.0,13531.99,3.774,222000,217921.2,-42359.6,-100848.7,-603896.3,-70512.8,11775.4,64058.2,7431.0,0.0,0.0,46559.8,-11231.7,0,0
135.1,14057.542,-1306.62,13657.542,1900.72,182.783,-30.531,185.315,0.732,-0.177,11,9.48,1.52,0.2866,0.0035,1.0166,275.8,332.97,0.5565,63531.6,13531.62,3.774,222000,217921.2,-42359.6,-100864.6,-603884.3,-70540.5,11782.1,64090.6,7427.1,0.0,0.0,46516.1,-11216.6,0,0
135.2,14075.824,-1309.674,13675.824,1903.774,182.856,-30.548,185.391,0.731,-0.176,11,9.48,1.52,0.2864,0.0035,1.0163,275.78,332.96,0.5568,63531.2,13531.24,3.774,222000,217921.2,-42359.6,-100880.5,-603872.3,-70568.1,11788.8,64122.9,7423.1,0.0,0.0,46472.6,-11201.6,0,0
135.3,14094.114,-1312.73,13694.114,1906.83,182.929,-30.566,185.466,0.731,-0.176,11,9.49,1.51,0.2863,0.0035,1.016,275.76,332.95,0.557,63530.9,13530.86,3.774,222000,217921.2,-42359.6,-100896.4,-603860.3,-70595.7,11795.5,64155.2,7419.1,0.0,0.0,46429.2,-11186.6,0,0
135.4,14112.412,-1315.788,13712.412,1909.888,183.003,-30.583,185.54,0.73,-0.176,11,9.49,1.51,0.2861,0.0035,1.0157,275.74,332.94,0.5573,63530.5,13530.48,3.774,222000,217921.2,-42359.6,-100912.1,-603848.3,-70623.2,11802.2,64187.4,7415.2,0.0,0.0,46385.9,-11171.7,0,0
135.5,14130.716,-1318.847,13730.716,1912.947,183.076,-30.601,185.615,0.729,-0.176,11,9.49,1.51,0.286,0.0035,1.0154,275.72,332.93,0.5575,63530.1,13530.11,3.774,222000,217921.2,-42359.6,-100927.9,-603836.4,-70650.6,11808.9,64219.5,7411.3,0.0,0.0,46342.7,-11156.8,0,0
135.6,14149.028,-1321.908,13749.028,1916.008,183.148,-30.618,185.69,0.729,-0.175,11,9.49,1.51,0.2858,0.0035,1.0151,275.7,332.91,0.5578,63529.7,13529.73,3.774,222000,217921.2,-42359.6,-100943.6,-603824.5,-70678.0,11815.5,64251.5,7407.3,0.0,0.0,46299.6,-11141.9,0,0
135.7,14167.347,-1324.971,13767.347,1919.071,183.221,-30.636,185.765,0.728,-0.175,11,9.49,1.51,0.2857,0.0035,1.0147,275.68,332.9,0.558,63529.4,13529.35,3.774,222000,217921.2,-42359.6,-100959.2,-603812.6,-70705.4,11822.1,64283.5,7403.4,0.0,0.0,46256.6,-11127.1,0,0
135.8,14185.673,-1328.036,13785.673,1922.136,183.294,-30.654,185.84,0.727,-0.175,11,9.49,1.51,0.2856,0.0035,1.0144,275.66,332.89,0.5583,63529.0,13528.97,3.774,222000,217921.2,-42359.6,-100974.8,-603800.7,-70732.7,11828.8,64315.4,7399.5,0.0,0.0,46213.7,-11112.3,0,0
135.9,14204.007,-1331.102,13804.007,1925.202,183.367,-30.671,185.914,0.727,-0.175,11,9.5,1.5,0.2854,0.0034,1.0141,275.64,332.88,0.5585,63528.6,13528.6,3.774,222000,217921.2,-42359.6,-100990.4,-603788.8,-70759.9,11835.4,64347.3,7395.7,0.0,0.0,46170.9,-11097.5,0,0
136.0,14222.348,-1334.17,13822.348,1928.27,183.439,-30.688,185.989,0.726,-0.174,11,9.5,1.5,0.2853,0.0034,1.0138,275.62,332.87,0.5587,63528.2,13528.22,3.774,222000,217921.2,-42359.6,-101005.8,-603777.0,-70787.1,11842.0,64379.0,7391.8,0.0,0.0,46128.2,-11082.8,0,0
136.1,14240.696,-1337.24,13840.696,1931.34,183.512,-30.706,186.063,0.725,-0.174,11,9.5,1.5,0.2851,0.0034,1.0135,275.6,332.85,0.559,63527.8,13527.84,3.774,222000,217921.2,-42359.6,-101021.3,-603765.2,-70814.3,11848.6,64410.8,7387.9,0.0,0.0,46085.7,-11068.1,0,0
136.2,14259.052,-1340.311,13859.052,1934.411,183.584,-30.723,186.138,0.725,-0.174,11,9.5,1.5,0.285,0.0034,1.0132,275.58,332.84,0.5592,63527.5,13527.46,3.774,222000,217921.2,-42359.6,-101036.7,-603753.4,-70841.4,11855.1,64442.4,7384.1,0.0,0.0,46043.2,-11053.4,0,0
136.3,14277.414,-1343.385,13877.414,1937.485,183.657,-30.741,186.212,0.724,-0.174,11,9.5,1.5,0.2848,0.0034,1.0129,275.56,332.83,0.5595,63527.1,13527.09,3.774,222000,217921.2,-42359.6,-101052.0,-603741.6,-70868.4,11861.7,64474.0,7380.2,0.0,0.0,46000.8,-11038.8,0,0
136.4,14295.784,-1346.46,13895.784,1940.56,183.729,-30.758,186.286,0.723,-0.174,11,9.5,1.5,0.2847,0.0034,1.0126,275.54,332.82,0.5597,63526.7,13526.71,3.774,222000,217921.2,-42359.6,-101067.3,-603729.9,-70895.4,11868.2,64505.5,7376.4,0.0,0.0,45958.5,-11024.2,0,0
136.5,14314.161,-1349.537,13914.161,1943.637,183.802,-30.775,186.36,0.723,-0.173,11,9.51,1.49,0.2845,0.0034,1.0122,275.52,332.81,0.56,63526.3,13526.33,3.774,222000,217921.2,-42359.6,-101082.6,-603718.2,-70922.3,11874.8,64537.0,7372.6,0.0,0.0,45916.3,-11009.7,0,0
136.6,14332.546,-1352.615,13932.546,1946.715,183.874,-30.793,186.434,0.722,-0.173,11,9.51,1.49,0.2844,0.0034,1.0119,275.5,332.79,0.5602,63526.0,13525.95,3.774,222000,217921.2,-42359.6,-101097.8,-603706.5,-70949.2,11881.3,64568.4,7368.8,0.0,0.0,45874.3,-10995.2,0,0
136.7,14350.937,-1355.696,13950.937,1949.796,183.946,-30.81,186.508,0.721,-0.173,11,9.51,1.49,0.2843,0.0034,1.0116,275.48,332.78,0.5605,63525.6,13525.58,3.774,222000,217921.2,-42359.6,-101112.9,-603694.8,-70976.0,11887.8,64599.7,7365.0,0.0,0.0,45832.3,-10980.7,0,0
136.8,14369.336,-1358.778,13969.336,1952.878,184.018,-30.827,186.582,0.721,-0.173,11,9.51,1.49,0.2841,0.0034,1.0113,275.46,332.77,0.5607,63525.2,13525.2,3.774,222000,217921.2,-42359.6,-101128.0,-603683.2,-71002.8,11894.3,64630.9,7361.2,0.0,0.0,45790.4,-10966.3,0,0
136.9,14387.742,-1361.861,13987.742,1955.961,184.09,-30.845,186.656,0.72,-0.172,11,9.51,1.49,0.284,0.0034,1.011,275.44,332.76,0.5609,63524.8,13524.82,3.774,222000,217921.2,-42359.6,-101143.0,-603671.5,-71029.5,11900.8,64662.1,7357.5,0.0,0.0,45748.6,-10951.9,0,0
137.0,14406.155,-1364.947,14006.155,1959.047,184.162,-30.862,186.73,0.72,-0.172,11,9.51,1.49,0.2838,0.0034,1.0107,275.42,332.75,0.5612,63524.4,13524.44,3.774,222000,217921.2,-42359.6,-101158.1,-603659.9,-71056.2,11907.2,64693.3,7353.7,0.0,0.0,45707.0,-10937.5,0,0
137.1,14424.576,-1368.034,14024.576,1962.134,184.234,-30.879,186.804,0.719,-0.172,11,9.51,1.49,0.2837,0.0034,1.0104,275.4,332.73,0.5614,63524.1,13524.07,3.774,222000,217921.2,-42359.6,-101173.0,-603648.3,-71082.8,11913.7,64724.3,7350.0,0.0,0.0,45665.4,-10923.2,0,0
137.2,14443.003,-1371.123,14043.003,1965.223,184.306,-30.896,186.878,0.718,-0.172,11,9.52,1.48,0.2836,0.0034,1.0101,275.38,332.72,0.5617,63523.7,13523.69,3.774,222000,217921.2,-42359.6,-101187.9,-603636.8,-71109.4,11920.1,64755.3,7346.2,0.0,0.0,45623.9,-10908.9,0,0
137.3,14461.438,-1374.213,14061.438,1968.313,184.378,-30.913,186.951,0.718,-0.172,11,9.52,1.48,0.2834,0.0034,1.0097,275.36,332.71,0.5619,63523.3,13523.31,3.774,222000,217921.2,-42359.6,-101202.8,-603625.2,-71135.9,11926.5,64786.3,7342.5,0.0,0.0,45582.6,-10894.6,0,0
137.4,14479.88,-1377.306,14079.88,1971.406,184.449,-30.93,187.025,0.717,-0.171,11,9.52,1.48,0.2833,0.0034,1.0094,275.34,332.7,0.5621,63522.9,13522.93,3.774,222000,217921.2,-42359.6,-101217.6,-603613.7,-71162.4,11932.9,64817.1,7338.8,0.0,0.0,45541.3,-10880.4,0,0
137.5,14498.329,-1380.4,14098.329,1974.5,184.521,-30.948,187.098,0.716,-0.171,11,9.52,1.48,0.2831,0.0034,1.0091,275.32,332.68,0.5624,63522.6,13522.56,3.774,222000,217921.2,-42359.6,-101232.3,-603602.2,-71188.8,11939.3,64847.9,7335.1,0.0,0.0,45500.1,-10866.2,0,0
137.6,14516.785,-1383.496,14116.785,1977.596,184.593,-30.965,187.172,0.716,-0.171,11,9.52,1.48,0.283,0.0034,1.0088,275.3,332.67,0.5626,63522.2,13522.18,3.774,222000,217921.2,-42359.6,-101247.1,-603590.8,-71215.1,11945.7,64878.7,7331.4,0.0,0.0,45459.0,-10852.1,0,0
137.7,14535.249,-1386.593,14135.249,1980.693,184.664,-30.982,187.245,0.715,-0.171,11,9.52,1.48,0.2829,0.0034,1.0085,275.28,332.66,0.5629,63521.8,13521.8,3.774,222000,217921.2,-42359.6,-101261.7,-603579.3,-71241.5,11952.1,64909.3,7327.7,0.0,0.0,45418.1,-10837.9,0,0
137.8,14553.719,-1389.692,14153.719,1983.792,184.736,-30.999,187.318,0.714,-0.17,11,9.53,1.47,0.2827,0.0034,1.0082,275.26,332.65,0.5631,63521.4,13521.43,3.774,222000,217921.2,-42359.6,-101276.3,-603567.9,-71267.7,11958.4,64940.0,7324.1,0.0,0.0,45377.2,-10823.8,0,0
137.9,14572.197,-1392.793,14172.197,1986.893,184.807,-31.016,187.392,0.714,-0.17,11,9.53,1.47,0.2826,0.0034,1.0079,275.24,332.64,0.5634,63521.0,13521.05,3.774,222000,217921.2,-42359.6,-101290.9,-603556.5,-71293.9,11964.8,64970.5,7320.4,0.0,0.0,45336.4,-10809.8,0,0
138.0,14590.682,-1395.896,14190.682,1989.996,184.878,-31.033,187.465,0.713,-0.17,11,9.53,1.47,0.2825,0.0034,1.0075,275.22,332.62,0.5636,63520.7,13520.67,3.774,222000,217921.2,-42359.6,-101305.4,-603545.1,-71320.1,11971.1,65001.0,7316.8,0.0,0.0,45295.7,-10795.8,0,0
138.1,14609.174,-1399.0,14209.174,1993.1,184.95,-31.05,187.538,0.712,-0.17,11,9.53,1.47,0.2823,0.0034,1.0072,275.2,332.61,0.5638,63520.3,13520.29,3.774,222000,217921.2,-42359.6,-101319.9,-603533.7,-71346.2,11977.4,65031.4,7313.1,0.0,0.0,45255.2,-10781.8,0,0
138.2,14627.673,-1402.106,14227.673,1996.206,185.021,-31.067,187.611,0.712,-0.17,11,9.53,1.47,0.2822,0.0034,1.0069,275.18,332.6,0.5641,63519.9,13519.92,3.774,222000,217921.2,-42359.6,-101334.4,-603522.4,-71372.2,11983.7,65061.8,7309.5,0.0,0.0,45214.7,-10767.9,0,0
138.3,14646.179,-1405.214,14246.179,1999.314,185.092,-31.084,187.684,0.711,-0.169,11,9.53,1.47,0.282,0.0034,1.0066,275.16,332.59,0.5643,63519.5,13519.54,3.774,222000,217921.2,-42359.6,-101348.7,-603511.0,-71398.2,11990.0,65092.1,7305.9,0.0,0.0,45174.3,-10753.9,0,0
138.4,14664.693,-1408.323,14264.693,2002.423,185.163,-31.101,187.757,0.711,-0.169,11,9.53,1.47,0.2819,0.0034,1.0063,275.14,332.57,0.5646,63519.2,13519.16,3.774,222000,217921.2,-42359.6,-101363.1,-603499.7,-71424.2,11996.3,65122.3,7302.3,0.0,0.0,45134.0,-10740.1,0,0
138.5,14683.213,-1411.434,14283.213,2005.534,185.234,-31.117,187.83,0.71,-0.169,11,9.54,1.46,0.2818,0.0034,1.006,275.12,332.56,0.5648,63518.8,13518.78,3.774,222000,217921.2,-42359.6,-101377.4,-603488.5,-71450.0,12002.6,65152.4,7298.7,0.0,0.0,45093.8,-10726.2,0,0
138.6,14701.741,-1414.547,14301.741,2008.647,185.305,-31.134,187.902,0.709,-0.169,11,9.54,1.46,0.2816,0.0034,1.0057,275.1,332.55,0.565,63518.4,13518.41,3.774,222000,217921.2,-42359.6,-101391.6,-603477.2,-71475.9,12008.8,65182.6,7295.1,0.0,0.0,45053.7,-10712.4,0,0
138.7,14720.275,-1417.661,14320.275,2011.761,185.376,-31.151,187.975,0.709,-0.168,11,9.54,1.46,0.2815,0.0034,1.0053,275.08,332.54,0.5653,63518.0,13518.03,3.774,222000,217921.2,-42359.6,-101405.8,-603466.0,-71501.7,12015.1,65212.6,7291.6,0.0,0.0,45013.7,-10698.6,0,0
138.8,14738.817,-1420.777,14338.817,2014.877,185.447,-31.168,188.048,0.708,-0.168,11,9.54,1.46,0.2814,0.0034,1.005,275.06,332.53,0.5655,63517.7,13517.65,3.774,222000,217921.2,-42359.6,-101420.0,-603454.7,-71527.4,12021.3,65242.6,7288.0,0.0,0.0,44973.8,-10684.9,0,0
138.9,14757.366,-1423.895,14357.366,2017.995,185.518,-31.185,188.12,0.707,-0.168,11,9.54,1.46,0.2812,0.0033,1.0047,275.04,332.51,0.5658,63517.3,13517.27,3.774,222000,217921.2,-42359.6,-101434.1,-603443.5,-71553.1,12027.5,65272.5,7284.5,0.0,0.0,44934.0,-10671.2,0,0
139.0,14775.922,-1427.014,14375.922,2021.114,185.588,-31.202,188.193,0.707,-0.168,11,9.54,1.46,0.2811,0.0033,1.0044,275.02,332.5,0.566,63516.9,13516.9,3.774,222000,217921.2,-42359.6,-101448.2,-603432.4,-71578.7,12033.7,65302.3,7280.9,0.0,0.0,44894.3,-10657.5,0,0
139.1,14794.485,-1430.136,14394.485,2024.236,185.659,-31.218,188.265,0.706,-0.168,11,9.54,1.46,0.281,0.0033,1.0041,275.0,332.49,0.5662,63516.5,13516.52,3.774,222000,217921.2,-42359.6,-101462.2,-603421.2,-71604.3,12039.9,65332.1,7277.4,0.0,0.0,44854.7,-10643.9,0,0
139.2,14813.055,-1433.258,14413.055,2027.358,185.729,-31.235,188.338,0.706,-0.167,11,9.55,1.45,0.2808,0.0033,1.0038,274.98,332.48,0.5665,63516.1,13516.14,3.774,222000,217921.2,-42359.6,-101476.2,-603410.1,-71629.9,12046.1,65361.8,7273.9,0.0,0.0,44815.2,-10630.2,0,0
139.3,14831.632,-1436.383,14431.632,2030.483,185.8,-31.252,188.41,0.705,-0.167,11,9.55,1.45,0.2807,0.0033,1.0035,274.96,332.46,0.5667,63515.8,13515.76,3.774,222000,217921.2,-42359.6,-101490.1,-603399.0,-71655.4,12052.2,65391.5,7270.4,0.0,0.0,44775.8,-10616.7,0,0
139.4,14850.216,-1439.509,14450.216,2033.609,185.87,-31.269,188.482,0.704,-0.167,11,9.55,1.45,0.2806,0.0033,1.0031,274.93,332.45,0.5669,63515.4,13515.39,3.774,222000,217921.2,-42359.6,-101504.0,-603387.9,-71680.8,12058.4,65421.1,7266.9,0.0,0.0,44736.4,-10603.1,0,0
139.5,14868.807,-1442.637,14468.807,2036.737,185.941,-31.285,188.554,0.704,-0.167,11,9.55,1.45,0.2805,0.0033,1.0028,274.91,332.44,0.5672,63515.0,13515.01,3.774,222000,217921.2,-42359.6,-101517.9,-603376.8,-71706.2,12064.5,65450.6,7263.4,0.0,0.0,44697.2,-10589.6,0,0
139.6,14887.405,-1445.766,14487.405,2039.866,186.011,-31.302,188.627,0.703,-0.167,11,9.55,1.45,0.2803,0.0033,1.0025,274.89,332.43,0.5674,63514.6,13514.63,3.774,222000,217921.2,-42359.6,-101531.7,-603365.7,-71731.5,12070.7,65480.1,7259.9,0.0,0.0,44658.1,-10576.1,0,0
139.7,14906.01,-1448.898,14506.01,2042.998,186.081,-31.319,188.699,0.703,-0.166,11,9.55,1.45,0.2802,0.0033,1.0022,274.87,332.42,0.5677,63514.3,13514.25,3.774,222000,217921.2,-42359.6,-101545.4,-603354.7,-71756.8,12076.8,65509.5,7256.5,0.0,0.0,44619.0,-10562.7,0,0
139.8,14924.623,-1452.03,14524.623,2046.13,186.152,-31.335,188.771,0.702,-0.166,11,9.55,1.45,0.2801,0.0033,1.0019,274.85,332.4,0.5679,63513.9,13513.88,3.774,222000,217921.2,-42359.6,-101559.1,-603343.7,-71782.0,12082.9,65538.8,7253.0,0.0,0.0,44580.1,-10549.3,0,0
139.9,14943.242,-1455.165,14543.242,2049.265,186.222,-31.352,188.843,0.701,-0.166,11,9.56,1.44,0.2799,0.0033,1.0016,274.83,332.39,0.5681,63513.5,13513.5,3.774,222000,217921.2,-42359.6,-101572.8,-603332.7,-71807.2,12088.9,65568.1,7249.6,0.0,0.0,44541.2,-10535.9,0,0
140.0,14961.868,-1458.301,14561.868,2052.401,186.292,-31.368,188.914,0.701,-0.166,11,9.56,1.44,0.2798,0.0033,1.0012,274.81,332.38,0.5684,63513.1,13513.12,3.774,222000,217921.2,-42359.6,-101586.4,-603321.7,-71832.3,12095.0,65597.3,7246.1,0.0,0.0,44502.5,-10522.6,0,0
140.1,14980.501,-1461.439,14580.501,2055.539,186.362,-31.385,188.986,0.7,-0.165,11,9.56,1.44,0.2797,0.0033,1.0009,274.79,332.37,0.5686,63512.7,13512.75,3.774,222000,217921.2,-42359.6,-101600.0,-603310.8,-71857.4,12101.1,65626.5,7242.7,0.0,0.0,44463.8,-10509.3,0,0
140.2,14999.142,-1464.578,14599.142,2058.678,186.432,-31.401,189.058,0.699,-0.165,11,9.56,1.44,0.2795,0.0033,1.0006,274.77,332.35,0.5688,63512.4,13512.37,3.774,222000,217921.2,-42359.6,-101613.5,-603299.8,-71882.4,12107.1,65655.6,7239.3,0.0,0.0,44425.3,-10496.0,0,0
140.3,15017.789,-1467.719,14617.789,2061.819,186.502,-31.418,189.13,0.699,-0.165,11,9.56,1.44,0.2794,0.0033,1.0003,274.75,332.34,0.5691,63512.0,13511.99,3.774,222000,217921.2,-42359.6,-101627.0,-603288.9,-71907.4,12113.2,65684.6,7235.9,0.0,0.0,44386.8,-10482.7,0,0
140.4,15036.443,-1470.862,14636.443,2064.962,186.572,-31.434,189.201,0.698,-0.165,11,9.56,1.44,0.2793,0.0033,1.0,274.73,332.33,0.5693,63511.6,13511.61,3.774,222000,217921.2,-42359.6,-101640.5,-603278.0,-71932.3,12119.2,65713.6,7232.5,0.0,0.0,44348.4,-10469.5,0,0
140.5,15055.105,-1474.007,14655.105,2068.107,186.641,-31.451,189.273,0.698,-0.165,11,9.56,1.44,0.2792,0.0033,0.9997,274.71,332.32,0.5696,63511.2,13511.24,3.774,222000,217921.2,-42359.6,-101653.9,-603267.1,-71957.2,12125.2,65742.5,7229.1,0.0,0.0,44310.1,-10456.3,0,0
140.6,15073.773,-1477.153,14673.773,2071.253,186.711,-31.467,189.344,0.697,-0.164,11,9.57,1.43,0.279,0.0033,0.9993,274.69,332.3,0.5698,63510.9,13510.86,3.774,222000,217921.2,-42359.6,-101667.3,-603256.3,-71982.0,12131.2,65771.3,7225.8,0.0,0.0,44271.9,-10443.2,0,0
140.7,15092.444,-1480.317,14692.444,2074.417,186.676,-31.993,189.397,-1.871,-12.282,15,9.66,5.34,0.6304,0.0168,0.999,274.67,332.29,0.57,63510.5,13510.48,3.774,222000,214435.5,-57457.8,-232040.6,-1362869.2,-101224.9,17234.4,65792.9,36888.7,0.0,0.0,-118829.9,-780054.8,0,0
140.8,15111.09,-1483.632,14711.09,2077.732,186.231,-34.204,189.346,-6.411,-28.857,21,10.26,10.74,1.1168,0.0528,0.9987,274.65,332.28,0.5698,63510.1,13510.1,3.774,222000,207254.9,-79557.7,-435882.1,-2408490.4,-178551.4,32313.8,65751.2,115700.7,0.0,0.0,-407178.7,-1832700.2,0,0
140.9,15129.664,-1487.253,14729.664,2081.353,185.366,-37.686,189.158,-8.898,-34.362,27,11.31,15.69,1.2811,0.0695,0.9983,274.63,332.27,0.5693,63509.7,13509.73,3.774,222000,197803.4,-100785.9,-549602.5,-2747244.5,-213310.0,42673.9,65606.4,151930.3,0.0,0.0,-565109.1,-2182326.1,0,1
141.0,15148.152,-1491.205,14748.152,2085.305,184.528,-40.803,188.985,-8.608,-30.923,30,12.31,17.69,1.1808,0.059,0.9979,274.6,332.25,0.5688,63509.3,13509.35,3.774,222000,192257.6,-111000.0,-549177.0,-2517316.3,-189776.3,41401.5,65459.3,128780.6,0.0,0.0,-546695.7,-1963888.0,0,1
141.1,15166.551,-1495.469,14766.551,2089.569,183.598,-43.972,188.79,-9.811,-32.236,30,13.3,16.7,1.2304,0.0641,0.9975,274.57,332.23,0.5682,63509.0,13508.97,3.774,222000,192257.6,-111000.0,-616056.2,-2606379.3,-199292.9,47105.8,65300.0,139484.3,0.0,0.0,-623091.5,-2047250.5,0,1
141.2,15184.851,-1500.058,14784.851,2094.158,182.541,-47.273,188.563,-11.128,-33.561,30,14.34,15.66,1.2825,0.0696,0.9971,274.54,332.22,0.5676,63508.6,13508.59,3.774,222000,192257.6,-111000.0,-689480.9,-2697004.3,-209497.8,53557.5,65116.9,151118.5,0.0,0.0,-706721.1,-2131427.5,0,1
141.3,15203.036,-1504.984,14803.036,2099.084,181.345,-50.707,188.301,-12.567,-34.892,30,15.43,14.57,1.3372,0.0757,0.9966,274.51,332.2,0.5668,63508.2,13508.22,3.774,222000,192257.6,-111000.0,-769960.2,-2788824.3,-220418.2,60854.8,64908.4,163756.1,0.0,0.0,-798120.8,-2215953.9,0,1
141.4,15221.094,-1510.262,14821.094,2104.362,180.009,-54.249,188.005,-13.639,-35.063,30,16.58,13.42,1.3577,0.078,0.9961,274.48,332.18,0.566,63507.8,13507.84,3.774,222000,192257.6,-111000.0,-835261.3,-2805276.3,-223205.8,66458.8,64673.5,168216.2,0.0,0.0,-866209.5,-2226805.6,0,0
141.5,15239.016,-1515.882,14839.016,2109.982,178.68,-57.545,187.717,-13.031,-31.508,30,17.68,12.32,1.2589,0.0671,0.9955,274.44,332.15,0.5652,63507.5,13507.46,3.774,222000,192257.6,-111000.0,-821159.3,-2576355.4,-198684.0,63326.4,64437.1,144094.8,0.0,0.0,-827585.6,-2001020.9,0,0
141.6,15256.81,-1521.811,14856.81,2115.911,177.414,-60.507,187.448,-12.397,-28.322,30,18.68,11.32,1.1692,0.0579,0.9949,274.4,332.13,0.5644,63507.1,13507.08,3.774,222000,192257.6,-111000.0,-801352.5,-2370892.1,-178172.3,60221.6,64212.2,123862.3,0.0,0.0,-787267.2,-1798666.1,0,0
141.7,15274.481,-1528.02,14874.481,2122.12,176.211,-63.17,187.192,-11.753,-25.464,30,19.58,10.42,1.0878,0.0501,0.9943,274.36,332.11,0.5637,63506.7,13506.71,3.774,222000,192257.6,-111000.0,-777657.0,-2186360.3,-160968.3,57254.1,63996.0,106851.4,0.0,0.0,-746367.7,-1617105.4,0,0
141.8,15292.035,-1534.479,14892.035,2128.579,175.074,-65.564,186.948,-11.113,-22.896,30,20.4,9.6,1.0139,0.0435,0.9936,274.32,332.08,0.563,63506.3,13506.33,3.774,222000,192257.6,-111000.0,-751475.0,-2020514.8,-146498.0,54485.9,63786.5,92515.7,0.0,0.0,-705715.4,-1454031.8,0,0
141.9,15309.479,-1541.162,14909.479,2135.262,173.999,-67.717,186.712,-10.486,-20.587,30,21.15,8.85,0.9467,0.0379,0.993,274.28,332.05,0.5623,63506.0,13505.95,3.774,222000,192257.6,-111000.0,-723882.1,-1871361.1,-134291.8,51946.9,63582.2,80406.6,0.0,0.0,-665916.2,-1307420.8,0,0
142.0,15326.819,-1548.049,14926.819,2142.149,172.986,-69.653,186.482,-9.879,-18.51,30,21.83,8.17,0.8857,0.0332,0.9923,274.23,332.03,0.5616,63505.6,13505.57,3.774,222000,192257.6,-111000.0,-695696.2,-1737127.1,-123964.6,49646.2,63381.6,70154.8,0.0,0.0,-627403.2,-1175491.2,0,0
142.1,15344.062,-1555.117,14944.062,2149.217,172.032,-71.393,186.258,-9.298,-16.639,30,22.44,7.56,0.8303,0.0292,0.9916,274.19,332.0,0.561,63505.2,13505.2,3.774,222000,192257.6,-111000.0,-667531.9,-1616238.5,-115200.4,47579.6,63183.8,61455.4,0.0,0.0,-590474.6,-1056672.9,0,0
142.2,15361.212,-1562.349,14961.212,2156.449,171.135,-72.957,186.037,-8.745,-14.953,30,23.0,7.0,0.7799,0.0257,0.9909,274.14,331.97,0.5604,63504.8,13504.82,3.774,222000,192257.6,-111000.0,-639843.7,-1507296.0,-107739.1,45735.0,62988.1,54056.4,0.0,0.0,-555325.2,-949578.7,0,0
142.3,15378.276,-1569.728,14978.276,2163.828,170.291,-74.363,185.82,-8.221,-13.432,30,23.51,6.49,0.7341,0.0228,0.9901,274.09,331.94,0.5598,63504.4,13504.44,3.774,222000,192257.6,-111000.0,-612960.5,-1409055.2,-101366.6,44096.0,62793.8,47748.7,0.0,0.0,-522069.4,-852980.6,0,0
142.4,15395.259,-1577.239,14995.259,2171.339,169.498,-75.625,185.604,-7.728,-12.059,30,23.97,6.03,0.6925,0.0203,0.9894,274.04,331.91,0.5592,63504.1,13504.06,3.774,222000,192257.6,-111000.0,-587112.8,-1320408.7,-95905.9,42644.0,62600.4,42358.9,0.0,0.0,-490761.0,-765789.8,0,0
142.5,15412.165,-1584.868,15012.165,2178.968,168.753,-76.757,185.389,-7.266,-10.819,30,24.39,5.61,0.6547,0.0181,0.9886,274.0,331.88,0.5586,63503.7,13503.69,3.774,222000,192257.6,-111000.0,-562454.7,-1240370.7,-91210.7,41360.1,62407.6,37742.5,0.0,0.0,-461407.8,-687039.4,0,0
142.6,15428.999,-1592.604,15028.999,2186.704,168.051,-77.773,185.175,-6.834,-9.698,30,24.77,5.23,0.6203,0.0163,0.9879,273.94,331.85,0.558,63503.3,13503.31,3.774,222000,192257.6,-111000.0,-539081.1,-1168062.4,-87159.7,40225.7,62215.2,33779.2,0.0,0.0,-433983.2,-615869.2,0,0
142.7,15445.765,-1600.435,15045.765,2194.535,167.392,-78.683,184.962,-6.432,-8.685,30,25.12,4.88,0.5891,0.0147,0.9871,273.89,331.82,0.5574,63502.9,13502.93,3.774,222000,192257.6,-111000.0,-517041.3,-1102700.1,-83652.4,39223.5,62023.0,30368.5,0.0,0.0,-408436.0,-551512.8,0,0
142.8,15462.468,-1608.352,15062.468,2202.452,166.771,-79.497,184.749,-6.058,-7.768,30,25.44,4.56,0.5607,0.0133,0.9863,273.84,331.79,0.5568,63502.6,13502.56,3.774,222000,192257.6,-111000.0,-496350.1,-1043584.2,-80604.7,38337.3,61830.9,27426.5,0.0,0.0,-384697.2,-493286.8,0,0
142.9,15479.11,-1616.345,15079.11,2210.445,166.185,-80.225,184.536,-5.711,-6.938,30,25.72,4.28,0.5349,0.0121,0.9855,273.79,331.76,0.5562,63502.2,13502.18,3.774,222000,192257.6,-111000.0,-476996.6,-990089.6,-77947.0,37552.6,61638.7,24882.6,0.0,0.0,-362685.9,-440580.6,0,0
143.0,15495.696,-1624.406,15095.696,2218.506,165.633,-80.874,184.323,-5.391,-6.186,30,25.98,4.02,0.5114,0.0111,0.9847,273.74,331.73,0.5556,63501.8,13501.8,3.774,222000,192257.6,-111000.0,-458950.6,-941657.5,-75620.8,36856.5,61446.4,22678.0,0.0,0.0,-342313.8,-392848.4,0,0
143.1,15512.229,-1632.527,15112.229,2226.627,165.111,-81.452,184.109,-5.094,-5.505,30,26.22,3.78,0.4901,0.0102,0.9839,273.69,331.7,0.5551,63501.4,13501.42,3.774,222000,192257.6,-111000.0,-442168.7,-897787.7,-73577.2,36237.4,61254.0,20762.8,0.0,0.0,-323488.2,-349601.3,0,0
143.2,15528.711,-1640.703,15128.711,2234.803,164.618,-81.966,183.896,-4.821,-4.888,30,26.44,3.56,0.4708,0.0094,0.9831,273.63,331.66,0.5545,63501.0,13501.05,3.774,222000,192257.6,-111000.0,-426597.6,-858031.9,-71775.1,35685.3,61061.5,19095.2,0.0,0.0,-306115.1,-310401.4,0,0
143.3,15545.145,-1648.927,15145.145,2243.027,164.151,-82.422,183.682,-4.568,-4.328,30,26.63,3.37,0.4532,0.0087,0.9823,273.58,331.63,0.5539,63500.7,13500.67,3.774,222000,192257.6,-111000.0,-412178.2,-821988.5,-70180.1,35191.1,60868.9,17640.1,0.0,0.0,-290100.6,-274855.9,0,0
143.4,15561.534,-1657.193,15161.534,2251.293,163.708,-82.825,183.467,-4.336,-3.821,30,26.81,3.19,0.4372,0.0081,0.9814,273.53,331.6,0.5533,63500.3,13500.29,3.774,222000,192257.6,-111000.0,-398847.7,-789297.0,-68763.0,34747.3,60676.3,16367.4,0.0,0.0,-275353.0,-242611.9,0,0
143.5,15577.88,-1665.497,15177.88,2259.597,163.287,-83.18,183.252,-4.123,-3.36,30,26.97,3.03,0.4228,0.0076,0.9806,273.47,331.57,0.5527,63499.9,13499.91,3.774,222000,192257.6,-111000.0,-386541.6,-759633.7,-67499.2,34347.2,60483.6,15252.0,0.0,0.0,-261783.2,-213352.4,0,0
143.6,15594.186,-1673.833,15194.186,2267.933,162.886,-83.491,183.037,-3.926,-2.942,30,27.12,2.88,0.4096,0.0071,0.9798,273.42,331.53,0.5521,63499.5,13499.54,3.774,222000,192257.6,-111000.0,-375195.3,-732707.6,-66368.0,33984.8,60290.8,14272.4,0.0,0.0,-249305.6,-186792.4,0,0
143.7,15610.452,-1682.198,15210.452,2276.298,162.504,-83.763,182.822,-3.746,-2.562,30,27.25,2.75,0.3977,0.0067,0.979,273.36,331.5,0.5515,63499.2,13499.16,3.774,222000,192257.6,-111000.0,-364745.2,-708257.2,-65351.5,33655.3,60098.2,13410.3,0.0,0.0,-237839.1,-162675.1,0,0
143.8,15626.681,-1690.589,15226.681,2284.689,162.139,-83.999,182.606,-3.58,-2.217,30,27.37,2.63,0.3869,0.0063,0.9781,273.31,331.47,0.5509,63498.8,13498.78,3.774,222000,192257.6,-111000.0,-355129.3,-686046.8,-64434.7,33354.4,59905.6,12650.2,0.0,0.0,-227306.4,-140769.4,0,0
143.9,15642.874,-1699.001,15242.874,2293.101,161.79,-84.202,182.39,-3.427,-1.903,30,27.48,2.52,0.3771,0.006,0.9773,273.25,331.43,0.5503,63498.4,13498.4,3.774,222000,192257.6,-111000.0,-346288.0,-665864.5,-63604.8,33078.2,59713.1,11978.9,0.0,0.0,-217635.2,-120866.9,0,0
144.0,15659.034,-1707.431,15259.034,2301.531,161.456,-84.375,182.173,-3.288,-1.619,30,27.58,2.42,0.3682,0.0057,0.9765,273.2,331.4,0.5497,63498.0,13498.03,3.774,222000,192257.6,-111000.0,-338164.2,-647519.0,-62850.8,32823.6,59520.7,11384.9,0.0,0.0,-208757.4,-102779.7,0,0
144.1,15675.16,-1715.877,15275.16,2309.977,161.135,-84.522,181.957,-3.159,-1.36,30,27.66,2.34,0.3602,0.0055,0.9756,273.14,331.37,0.5491,63497.6,13497.65,3.774,222000,192257.6,-111000.0,-330703.9,-630837.9,-62163.3,32587.8,59328.6,10858.6,0.0,0.0,-200609.5,-86338.1,0,0
144.2,15691.256,-1724.337,15291.256,2318.437,160.826,-84.644,181.74,-3.042,-1.124,30,27.75,2.25,0.3529,0.0053,0.9748,273.09,331.33,0.5485,63497.3,13497.27,3.774,222000,192257.6,-111000.0,-323856.1,-615665.7,-61534.1,32368.5,59136.7,10391.5,0.0,0.0,-193132.6,-71388.9,0,0
144.3,15707.321,-1732.807,15307.321,2326.907,160.528,-84.744,181.523,-2.934,-0.91,30,27.82,2.18,0.3463,0.0051,0.974,273.03,331.3,0.5479,63496.9,13496.89,3.774,222000,192257.6,-111000.0,-317573.0,-601861.9,-60956.3,32163.6,58945.1,9976.4,0.0,0.0,-186271.6,-57793.8,0,0
144.4,15723.357,-1741.286,15323.357,2335.386,160.24,-84.823,181.306,-2.834,-0.715,30,27.88,2.12,0.3404,0.0049,0.9731,272.98,331.27,0.5473,63496.5,13496.52,3.774,222000,192257.6,-111000.0,-311809.7,-589299.7,-60423.7,31971.4,58753.8,9607.0,0.0,0.0,-179975.8,-45427.5,0,0
144.5,15739.364,-1749.772,15339.364,2343.872,159.962,-84.884,181.089,-2.743,-0.538,30,27.94,2.06,0.3351,0.0048,0.9723,272.92,331.23,0.5467,63496.1,13496.14,3.774,222000,192257.6,-111000.0,-306524.4,-577864.2,-59931.3,31790.2,58562.8,9278.1,0.0,0.0,-174198.1,-34176.9,0,0
144.6,15755.345,-1758.264,15355.345,2352.364,159.693,-84.929,180.872,-2.66,-0.377,30,28.0,2.0,0.3303,0.0046,0.9714,272.87,331.2,0.5461,63495.8,13495.76,3.774,222000,192257.6,-111000.0,-301678.5,-567451.8,-59474.5,31618.9,58372.2,8984.8,0.0,0.0,-168895.3,-23939.5,0,0
144.7,15771.299,-1766.758,15371.299,2360.858,159.431,-84.958,180.655,-2.583,-0.23,30,28.04,1.96,0.326,0.0045,0.9706,272.81,331.17,0.5455,63495.4,13495.38,3.774,222000,192257.6,-111000.0,-297235.7,-557968.7,-59049.3,31456.2,58182.0,8723.2,0.0,0.0,-164027.4,-14622.8,0,0
144.8,15787.227,-1775.255,15387.227,2369.355,159.177,-84.973,180.438,-2.513,-0.097,30,28.09,1.91,0.3221,0.0044,0.9698,272.76,331.13,0.5449,63495.0,13495.01,3.774,222000,192257.6,-111000.0,-293162.9,-549329.8,-58652.2,31301.1,57992.3,8489.6,0.0,0.0,-159557.4,-6142.6,0,0
144.9,15803.13,-1783.752,15403.13,2377.852,158.93,-84.975,180.221,-2.448,0.025,30,28.13,1.87,0.3186,0.0043,0.9689,272.7,331.1,0.5443,63494.6,13494.63,3.774,222000,192257.6,-111000.0,-289429.2,-541458.2,-58280.2,31152.9,57803.0,8281.0,0.0,0.0,-155451.8,1577.1,0,0
145.0,15819.009,-1792.25,15419.009,2386.35,158.688,-84.966,180.004,-2.389,0.136,30,28.16,1.84,0.3156,0.0042,0.9681,272.65,331.07,0.5437,63494.3,13494.25,3.774,222000,192257.6,-111000.0,-286006.3,-534284.2,-57930.8,31010.8,57614.2,8094.6,0.0,0.0,-151679.4,8605.2,0,0
145.1,15834.864,-1800.745,15434.864,2394.845,158.453,-84.947,179.787,-2.334,0.236,30,28.19,1.81,0.3128,0.0041,0.9673,272.59,331.03,0.5431,63493.9,13493.88,3.774,222000,192257.6,-111000.0,-282867.9,-527744.6,-57601.5,30874.1,57425.9,7928.1,0.0,0.0,-148211.8,15004.4,0,0
145.2,15850.696,-1809.238,15450.696,2403.338,158.222,-84.918,179.57,-2.284,0.328,30,28.22,1.78,0.3104,0.0041,0.9664,272.54,331.0,0.5425,63493.5,13493.5,3.774,222000,192257.6,-111000.0,-279990.1,-521782.1,-57290.3,30742.2,57238.1,7779.4,0.0,0.0,-145022.8,20831.3,0,0
145.3,15866.505,-1817.728,15466.505,2411.828,157.997,-84.88,179.353,-2.238,0.412,30,28.24,1.76,0.3082,0.004,0.9656,272.48,330.97,0.5419,63493.1,13493.12,3.774,222000,192257.6,-111000.0,-277350.6,-516344.8,-56995.5,30614.7,57050.8,7646.5,0.0,0.0,-142088.5,26137.4,0,0
145.4,15882.292,-1826.213,15482.292,2420.313,157.775,-84.834,179.137,-2.195,0.488,30,28.26,1.74,0.3063,0.004,0.9648,272.43,330.93,0.5413,63492.7,13492.74,3.774,222000,192257.6,-111000.0,-274929.3,-511385.5,-56715.4,30491.1,56864.2,7527.9,0.0,0.0,-139387.0,30969.4,0,0
145.5,15898.057,-1834.694,15498.057,2428.794,157.558,-84.781,178.92,-2.156,0.557,30,28.28,1.72,0.3047,0.0039,0.9639,272.37,330.9,0.5407,63492.4,13492.37,3.774,222000,192257.6,-111000.0,-272707.5,-506861.4,-56448.5,30371.1,56678.1,7422.2,0.0,0.0,-136898.4,35369.8,0,0
145.6,15913.8,-1843.168,15513.8,2437.268,157.345,-84.722,178.704,-2.12,0.62,30,28.3,1.7,0.3032,0.0039,0.9631,272.32,330.87,0.5401,63492.0,13491.99,3.774,222000,192257.6,-111000.0,-270668.0,-502733.7,-56193.7,30254.3,56492.5,7328.0,0.0,0.0,-134604.1,39377.0,0,0
145.7,15929.522,-1851.637,15529.522,2445.737,157.135,-84.656,178.488,-2.087,0.678,30,28.31,1.69,0.302,0.0039,0.9623,272.26,330.83,0.5395,63491.6,13491.61,3.774,222000,192257.6,-111000.0,-268795.4,-498966.9,-55949.8,30140.4,56307.6,7244.2,0.0,0.0,-132487.6,43026.2,0,0
145.8,15945.224,-1860.098,15545.224,2454.198,156.928,-84.586,178.272,-2.056,0.73,30,28.32,1.68,0.3009,0.0038,0.9615,272.21,330.8,0.5389,63491.2,13491.23,3.774,222000,192257.6,-111000.0,-267075.2,-495529.2,-55715.9,30029.2,56123.3,7169.7,0.0,0.0,-130533.4,46349.0,0,0
145.9,15960.904,-1868.552,15560.904,2462.652,156.724,-84.51,178.057,-2.027,0.778,30,28.33,1.67,0.3,0.0038,0.9606,272.15,330.77,0.5383,63490.9,13490.86,3.774,222000,192257.6,-111000.0,-265494.3,-492391.2,-55490.9,29920.4,55939.6,7103.8,0.0,0.0,-128727.6,49374.4,0,0
146.0,15976.565,-1876.999,15576.565,2471.099,156.523,-84.429,177.842,-2.001,0.821,30,28.34,1.66,0.2993,0.0038,0.9598,272.1,330.73,0.5377,63490.5,13490.48,3.774,222000,192257.6,-111000.0,-264040.7,-489526.6,-55274.2,29813.8,55756.6,7045.5,0.0,0.0,-127057.3,52128.8,0,0
146.1,15992.206,-1885.437,15592.206,2479.537,156.324,-84.345,177.627,-1.977,0.861,30,28.35,1.65,0.2987,0.0038,0.959,272.04,330.7,0.5371,63490.1,13490.1,3.774,222000,192257.6,-111000.0,-262703.5,-486911.2,-55065.0,29709.3,55574.2,6994.2,0.0,0.0,-125511.0,54636.0,0,0
146.2,16007.827,-1893.866,15607.827,2487.966,156.128,-84.257,177.412,-1.954,0.896,30,28.35,1.65,0.2982,0.0038,0.9582,271.99,330.67,0.5365,63489.7,13489.72,3.774,222000,192257.6,-111000.0,-261472.7,-484523.1,-54862.7,29606.6,55392.4,6949.2,0.0,0.0,-124077.8,56917.8,0,0
146.3,16023.428,-1902.287,15623.428,2496.387,155.933,-84.165,177.198,-1.933,0.929,30,28.36,1.64,0.2978,0.0038,0.9573,271.93,330.63,0.5359,63489.3,13489.35,3.774,222000,192257.6,-111000.0,-260339.0,-482342.3,-54666.7,29505.8,55211.3,6909.9,0.0,0.0,-122748.0,58993.9,0,0
146.4,16039.01,-1910.698,15639.01,2504.798,155.741,-84.071,176.984,-1.914,0.959,30,28.36,1.64,0.2976,0.0037,0.9565,271.88,330.6,0.5353,63489.0,13488.97,3.774,222000,192257.6,-111000.0,-259294.0,-480350.7,-54476.5,29406.5,55030.8,6875.8,0.0,0.0,-121512.8,60882.5,0,0
146.5,16054.573,-1919.099,15654.573,2513.199,155.551,-83.973,176.77,-1.896,0.986,30,28.36,1.64,0.2974,0.0037,0.9557,271.82,330.57,0.5347,63488.6,13488.59,3.774,222000,192257.6,-111000.0,-258330.2,-478531.8,-54291.5,29308.7,54851.0,6846.4,0.0,0.0,-120364.1,62599.9,0,0
146.6,16070.117,-1927.49,15670.117,2521.59,155.362,-83.873,176.556,-1.879,1.011,30,28.36,1.64,0.2974,0.0037,0.9549,271.77,330.53,0.5342,63488.2,13488.21,3.774,222000,192257.6,-111000.0,-257440.5,-476870.6,-54111.5,29212.3,54671.9,6821.3,0.0,0.0,-119294.3,64161.1,0,0
146.7,16085.643,-1935.872,15685.643,2529.972,155.175,-83.771,176.343,-1.863,1.033,30,28.36,1.64,0.2974,0.0037,0.9541,271.71,330.5,0.5336,63487.8,13487.84,3.774,222000,192257.6,-111000.0,-256618.5,-475353.2,-53935.9,29117.2,54493.4,6800.1,0.0,0.0,-118296.8,65579.7,0,0
146.8,16101.149,-1944.243,15701.149,2538.343,154.99,-83.666,176.13,-1.849,1.053,30,28.36,1.64,0.2975,0.0037,0.9533,271.66,330.47,0.533,63487.5,13487.46,3.774,222000,192257.6,-111000.0,-255858.4,-473967.3,-53764.5,29023.3,54315.6,6782.5,0.0,0.0,-117365.3,66868.0,0,0
146.9,16116.638,-1952.603,15716.638,2546.703,154.806,-83.56,175.918,-1.835,1.072,30,28.36,1.64,0.2977,0.0038,0.9524,271.61,330.43,0.5324,63487.1,13487.08,3.774,222000,192257.6,-111000.0,-255154.8,-472701.5,-53597.0,28930.6,54138.5,6768.1,0.0,0.0,-116494.2,68037.4,0,0
147.0,16132.107,-1960.953,15732.107,2555.053,154.623,-83.452,175.706,-1.822,1.088,30,28.36,1.64,0.2979,0.0038,0.9516,271.55,330.4,0.5318,63486.7,13486.7,3.774,222000,192257.6,-111000.0,-254503.0,-471545.3,-53433.0,28838.9,53962.0,6756.8,0.0,0.0,-115678.3,69098.2,0,0
147.1,16147.559,-1969.292,15747.559,2563.392,154.442,-83.342,175.494,-1.81,1.104,30,28.35,1.65,0.2982,0.0038,0.9508,271.5,330.37,0.5312,63486.3,13486.33,3.774,222000,192257.6,-111000.0,-253898.3,-470489.4,-53272.4,28748.3,53786.3,6748.1,0.0,0.0,-114913.0,70059.7,0,0
147.2,16162.993,-1977.619,15762.993,2571.719,154.261,-83.231,175.282,-1.799,1.117,30,28.35,1.65,0.2985,0.0038,0.95,271.44,330.33,0.5306,63485.9,13485.95,3.774,222000,192257.6,-111000.0,-253336.8,-469525.1,-53114.8,28658.6,53611.2,6741.9,0.0,0.0,-114193.9,70930.6,0,0
147.3,16178.408,-1985.936,15778.408,2580.036,154.082,-83.118,175.071,-1.788,1.13,30,28.35,1.65,0.2989,0.0038,0.9492,271.39,330.3,0.53,63485.6,13485.57,3.774,222000,192257.6,-111000.0,-252814.7,-468644.6,-52960.1,28569.8,53436.7,6738.0,0.0,0.0,-113517.2,71718.6,0,0
147.4,16193.806,-1994.241,15793.806,2588.341,153.904,-83.005,174.86,-1.778,1.141,30,28.34,1.66,0.2994,0.0038,0.9484,271.33,330.27,0.5294,63485.2,13485.19,3.774,222000,192257.6,-111000.0,-252328.8,-467840.7,-52808.0,28481.9,53263.0,6736.2,0.0,0.0,-112879.1,72430.9,0,0
147.5,16209.186,-2002.535,15809.186,2596.635,153.727,-82.89,174.65,-1.769,1.151,30,28.33,1.67,0.2999,0.0038,0.9476,271.28,330.24,0.5289,63484.8,13484.82,3.774,222000,192257.6,-111000.0,-251875.7,-467106.9,-52658.5,28394.8,53089.9,6736.3,0.0,0.0,-112276.6,73073.9,0,0
147.6,16224.549,-2010.817,15824.549,2604.917,153.55,-82.774,174.44,-1.76,1.16,30,28.33,1.67,0.3004,0.0038,0.9468,271.23,330.2,0.5283,63484.4,13484.44,3.774,222000,192257.6,-111000.0,-251452.8,-466437.1,-52511.2,28308.4,52917.5,6738.1,0.0,0.0,-111706.4,73653.7,0,0
147.7,16239.893,-2019.088,15839.893,2613.188,153.375,-82.658,174.23,-1.751,1.168,30,28.32,1.68,0.301,0.0038,0.946,271.17,330.17,0.5277,63484.1,13484.06,3.774,222000,192257.6,-111000.0,-251057.5,-465826.0,-52366.2,28222.8,52745.8,6741.6,0.0,0.0,-111166.0,74175.5,0,0
147.8,16255.221,-2027.347,15855.221,2621.447,153.2,-82.54,174.021,-1.743,1.176,30,28.32,1.68,0.3016,0.0038,0.9452,271.12,330.14,0.5271,63483.7,13483.69,3.774,222000,192257.6,-111000.0,-250687.3,-465268.5,-52223.3,28138.0,52574.8,6746.5,0.0,0.0,-110652.9,74644.4,0,0
147.9,16270.531,-2035.594,15870.531,2629.694,153.026,-82.423,173.812,-1.735,1.182,30,28.31,1.69,0.3022,0.0039,0.9444,271.07,330.1,0.5265,63483.3,13483.31,3.774,222000,192257.6,-111000.0,-250340.2,-464760.2,-52082.2,28053.8,52404.4,6752.7,0.0,0.0,-110164.7,75064.8,0,0
148.0,16285.823,-2043.829,15885.823,2637.929,152.853,-82.304,173.603,-1.728,1.188,30,28.3,1.7,0.3029,0.0039,0.9436,271.01,330.07,0.526,63482.9,13482.93,3.774,222000,192257.6,-111000.0,-250014.1,-464296.8,-51943.0,27970.2,52234.8,6760.2,0.0,0.0,-109699.4,75440.9,0,0
148.1,16301.098,-2052.053,15901.098,2646.153,152.681,-82.185,173.395,-1.721,1.194,30,28.29,1.71,0.3035,0.0039,0.9428,270.96,330.04,0.5254,63482.6,13482.55,3.774,222000,192257.6,-111000.0,-249707.2,-463874.7,-51805.5,27887.3,52065.8,6768.9,0.0,0.0,-109255.1,75776.5,0,0
148.2,16316.356,-2060.264,15916.356,2654.364,152.509,-82.065,173.187,-1.714,1.198,30,28.29,1.71,0.3043,0.0039,0.942,270.91,330.01,0.5248,63482.2,13482.18,3.774,222000,192257.6,-111000.0,-249418.0,-463490.2,-51669.7,27805.0,51897.4,6778.6,0.0,0.0,-108830.0,76074.9,0,0
148.3,16331.597,-2068.464,15931.597,2662.564,152.338,-81.945,172.979,-1.708,1.203,30,28.28,1.72,0.305,0.0039,0.9413,270.85,329.97,0.5242,63481.8,13481.8,3.774,222000,192257.6,-111000.0,-249144.9,-463140.3,-51535.4,27723.3,51729.8,6789.2,0.0,0.0,-108422.6,76339.4,0,0
148.4,16346.821,-2076.651,15946.821,2670.751,152.168,-81.825,172.772,-1.702,1.206,30,28.27,1.73,0.3057,0.004,0.9405,270.8,329.94,0.5236,63481.4,13481.42,3.774,222000,192257.6,-111000.0,-248886.5,-462822.1,-51402.5,27642.1,51562.8,6800.8,0.0,0.0,-108031.4,76572.8,0,0
148.5,16362.028,-2084.827,15962.028,2678.927,151.998,-81.704,172.565,-1.696,1.209,30,28.26,1.74,0.3065,0.004,0.9397,270.75,329.91,0.5231,63481.0,13481.04,3.774,222000,192257.6,-111000.0,-248641.6,-462532.8,-51271.1,27561.5,51396.4,6813.2,0.0,0.0,-107655.0,76777.7,0,0
148.6,16377.218,-2092.99,15977.218,2687.09,151.829,-81.583,172.359,-1.69,1.212,30,28.25,1.75,0.3073,0.004,0.9389,270.69,329.88,0.5225,63480.7,13480.67,3.774,222000,192257.6,-111000.0,-248409.0,-462270.2,-51140.9,27481.5,51230.8,6826.3,0.0,0.0,-107292.3,76956.6,0,0
148.7,16392.391,-2101.141,15992.391,2695.241,151.66,-81.461,172.153,-1.685,1.215,30,28.24,1.76,0.3081,0.004,0.9381,270.64,329.85,0.5219,63480.3,13480.29,3.774,222000,192257.6,-111000.0,-248187.7,-462032.0,-51012.1,27401.9,51065.8,6840.2,0.0,0.0,-106942.1,77111.6,0,0
148.8,16407.547,-2109.28,16007.547,2703.38,151.492,-81.34,171.947,-1.679,1.217,30,28.23,1.77,0.3089,0.004,0.9373,270.59,329.81,0.5213,63479.9,13479.91,3.774,222000,192257.6,-111000.0,-247976.7,-461816.1,-50884.4,27322.9,50901.4,6854.7,0.0,0.0,-106603.5,77244.7,0,0
148.9,16422.687,-2117.407,16022.687,2711.507,151.324,-81.218,171.742,-1.674,1.219,30,28.22,1.78,0.3098,0.0041,0.9366,270.53,329.78,0.5208,63479.5,13479.53,3.774,222000,192257.6,-111000.0,-247775.1,-461620.8,-50758.0,27244.4,50737.7,6869.8,0.0,0.0,-106275.4,77357.8,0,0
149.0,16437.809,-2125.522,16037.809,2719.622,151.157,-81.096,171.537,-1.669,1.22,30,28.22,1.78,0.3106,0.0041,0.9358,270.48,329.75,0.5202,63479.2,13479.16,3.774,222000,192257.6,-111000.0,-247582.1,-461444.3,-50632.6,27166.3,50574.7,6885.4,0.0,0.0,-105957.1,77452.5,0,0
149.1,16452.915,-2133.624,16052.915,2727.724,150.99,-80.974,171.332,-1.664,1.221,30,28.21,1.79,0.3115,0.0041,0.935,270.43,329.72,0.5196,63478.8,13478.78,3.774,222000,192257.6,-111000.0,-247397.1,-461285.1,-50508.3,27088.7,50412.4,6901.6,0.0,0.0,-105647.8,77530.5,0,0
149.2,16468.004,-2141.714,16068.004,2735.814,150.824,-80.852,171.128,-1.66,1.222,30,28.2,1.8,0.3124,0.0041,0.9342,270.38,329.68,0.5191,63478.4,13478.4,3.774,222000,192257.6,-111000.0,-247219.2,-461141.7,-50385.1,27011.6,50250.6,6918.2,0.0,0.0,-105346.7,77593.0,0,0
149.3,16483.077,-2149.792,16083.077,2743.892,150.658,-80.729,170.925,-1.655,1.223,30,28.19,1.81,0.3133,0.0042,0.9335,270.32,329.65,0.5185,63478.0,13478.02,3.774,222000,192257.6,-111000.0,-247048.0,-461012.9,-50262.8,26934.9,50089.6,6935.3,0.0,0.0,-105053.2,77641.4,0,0
149.4,16498.133,-2157.858,16098.133,2751.958,150.493,-80.607,170.721,-1.65,1.224,30,28.18,1.82,0.3142,0.0042,0.9327,270.27,329.62,0.5179,63477.6,13477.65,3.774,222000,192257.6,-111000.0,-246882.7,-460897.4,-50141.6,26858.7,49929.2,6952.8,0.0,0.0,-104766.6,77676.9,0,0
