time_s,pos_x_m,pos_y_m,x_disp_m,altitude_m,vel_x_ms,vel_y_ms,speed_ms,acc_x_ms2,acc_y_ms2,body_angle_deg,flight_angle_deg,aoa_deg,c_l,c_d_induced,thrust_N,thrust_x_N,thrust_y_N,lift_x_N,lift_y_N,drag_x_N,drag_y_N,drag_parasite_N,drag_induced_N,friction_x_N,normal_y_N,netforce_x_N,netforce_y_N,on_ground,stalled
0.0167,400.0,594.1,0.0,0.0,0.0,0.0,0.0,0.0,0.0,0,0,0,0.15,0,0,0.0,-0.0,0.0,0.0,0.0,0.0,0.0,0.0,0.0,-627840.0,0.0,0.0,1,0
0.1167,400.0,594.1,0.0,0.0,0.0,0.0,0.0,0.0,0.0,0,0,0,0.15,0,0,0.0,-0.0,0.0,0.0,0.0,0.0,0.0,0.0,0.0,-627840.0,0.0,0.0,1,0
0.2167,400.0,594.1,0.0,0.0,0.0,0.0,0.0,0.0,0.0,0,0,0,0.15,0,0,0.0,-0.0,0.0,0.0,0.0,0.0,0.0,0.0,0.0,-627840.0,0.0,0.0,1,0
0.3167,400.0,594.1,0.0,0.0,0.0,0.0,0.0,0.0,0.0,0,0,0,0.15,0,0,0.0,-0.0,0.0,0.0,0.0,0.0,0.0,0.0,0.0,-627840.0,0.0,0.0,1,0
0.4167,400.0,594.1,0.0,0.0,0.0,0.0,0.0,0.0,0.0,0,0,0,0.15,0,0,0.0,-0.0,0.0,0.0,0.0,0.0,0.0,0.0,0.0,-627840.0,0.0,0.0,1,0
0.5167,400.0,594.1,0.0,0.0,0.0,0.0,0.0,0.0,0.0,0,0,0,0.15,0,0,0.0,-0.0,0.0,0.0,0.0,0.0,0.0,0.0,0.0,-627840.0,0.0,0.0,1,0
0.6,400.0,594.1,0.0,0.0,0.0,0.0,0.0,0.0,0.0,0,0,0,0.15,0,0,0.0,-0.0,0.0,0.0,0.0,0.0,0.0,0.0,0.0,-627840.0,0.0,0.0,1,0
0.7,400.0,594.1,0.0,0.0,0.0,0.0,0.0,0.0,0.0,0,0,0,0.15,0,0,0.0,-0.0,0.0,0.0,0.0,0.0,0.0,0.0,0.0,-627840.0,0.0,0.0,1,0
0.8,400.0,594.1,0.0,0.0,0.0,0.0,0.0,0.0,0.0,0,0,0,0.15,0,0,0.0,-0.0,0.0,0.0,0.0,0.0,0.0,0.0,0.0,-627840.0,0.0,0.0,1,0
0.9,400.0,594.1,0.0,0.0,0.0,0.0,0.0,0.0,0.0,0,0,0,0.15,0,0,0.0,-0.0,0.0,0.0,0.0,0.0,0.0,0.0,0.0,-627840.0,0.0,0.0,1,0
1.0,400.0,594.1,0.0,0.0,0.0,0.0,0.0,0.0,0.0,0,0,0,0.15,0,0,0.0,-0.0,0.0,0.0,0.0,0.0,0.0,0.0,0.0,-627840.0,0.0,0.0,1,0
1.1,400.0,594.1,0.0,0.0,0.0,0.0,0.0,0.0,0.0,0,0,0,0.15,0,0,0.0,-0.0,0.0,0.0,0.0,0.0,0.0,0.0,0.0,-627840.0,0.0,0.0,1,0
1.2,400.0,594.1,0.0,0.0,0.0,0.0,0.0,0.0,0.0,0,0,0,0.15,0,0,0.0,-0.0,0.0,0.0,0.0,0.0,0.0,0.0,0.0,-627840.0,0.0,0.0,1,0
1.3,400.0,594.1,0.0,0.0,0.0,0.0,0.0,0.0,0.0,0,0,0,0.15,0,0,0.0,-0.0,0.0,0.0,0.0,0.0,0.0,0.0,0.0,-627840.0,0.0,0.0,1,0
1.4167,400.0,594.1,0.0,0.0,0.0,0.0,0.0,0.0,0.0,0,0,0,0.15,0,0,0.0,-0.0,0.0,0.0,0.0,0.0,0.0,0.0,0.0,-627840.0,0.0,0.0,1,0
1.5167,400.0,594.1,0.0,0.0,0.0,0.0,0.0,0.0,0.0,0,0,0,0.15,0,0,0.0,-0.0,0.0,0.0,0.0,0.0,0.0,0.0,0.0,-627840.0,0.0,0.0,1,0
1.6167,400.0,594.1,0.0,0.0,0.0,0.0,0.0,0.0,0.0,0,0,0,0.15,0,0,0.0,-0.0,0.0,0.0,0.0,0.0,0.0,0.0,0.0,-627840.0,0.0,0.0,1,0
1.7167,400.0,594.1,0.0,0.0,0.0,0.0,0.0,0.0,0.0,0,0,0,0.15,0,0,0.0,-0.0,0.0,0.0,0.0,0.0,0.0,0.0,0.0,-627840.0,0.0,0.0,1,0
1.8167,400.0,594.1,0.0,0.0,0.0,0.0,0.0,0.0,0.0,0,0,0,0.15,0,0,0.0,-0.0,0.0,0.0,0.0,0.0,0.0,0.0,0.0,-627840.0,0.0,0.0,1,0
1.9167,400.0,594.1,0.0,0.0,0.0,0.0,0.0,0.0,0.0,0,0,0,0.15,0,0,0.0,-0.0,0.0,0.0,0.0,0.0,0.0,0.0,0.0,-627840.0,0.0,0.0,1,0
2.0167,400.0,594.1,0.0,0.0,0.0,0.0,0.0,0.0,0.0,0,0,0,0.15,0,0,0.0,-0.0,0.0,0.0,0.0,0.0,0.0,0.0,0.0,-627840.0,0.0,0.0,1,0
2.1167,400.0,594.1,0.0,0.0,0.0,0.0,0.0,0.0,0.0,0,0,0,0.15,0,0,0.0,-0.0,0.0,0.0,0.0,0.0,0.0,0.0,0.0,-627840.0,0.0,0.0,1,0
2.2167,400.0,594.1,-0.0,0.0,-0.004,0.0,0.004,-0.263,0.0,0,0,0,0.15,0,2000,2000.0,-0.0,0.0,0.0,0.0,0.0,0.0,0.0,-18835.2,-627840.0,-16835.2,0.0,1,0
2.3167,400.0,594.1,0.0,0.0,0.002,0.0,0.002,-0.216,0.0,0,0,0,0.15,0,5000,5000.0,-0.0,0.0,0.0,0.0,0.0,0.0,0.0,-18835.2,-627840.0,-13835.2,0.0,1,0
2.4167,400.0,594.1,0.0,0.0,0.003,0.0,0.003,-0.169,0.0,0,0,0,0.15,0,8000,8000.0,-0.0,0.0,0.0,0.0,0.0,0.0,0.0,-18835.2,-627840.0,-10835.2,0.0,1,0
2.5167,400.0,594.1,0.0,0.0,-0.001,0.0,0.001,-0.122,0.0,0,0,0,0.15,0,11000,11000.0,-0.0,0.0,0.0,0.0,0.0,0.0,0.0,-18835.2,-627840.0,-7835.2,0.0,1,0
2.6167,400.001,594.1,0.001,0.0,-0.001,0.0,0.001,-0.076,0.0,0,0,0,0.15,0,14000,14000.0,-0.0,0.0,0.0,0.0,0.0,0.0,0.0,-18835.2,-627840.0,-4835.2,0.0,1,0
2.7167,400.001,594.1,0.001,0.0,0.004,0.0,0.004,-0.029,0.0,0,0,0,0.15,0,17000,17000.0,-0.0,0.0,0.0,0.0,0.0,0.0,0.0,-18835.2,-627840.0,-1835.2,0.0,1,0
2.8167,400.002,594.1,0.002,0.0,0.004,0.0,0.004,0.018,0.0,0,0,0,0.15,0,20000,20000.0,-0.0,0.0,0.0,0.0,0.0,0.0,0.0,-18835.2,-627840.0,1164.8,0.0,1,0
2.9167,400.002,594.1,0.002,0.0,0.008,0.0,0.008,0.065,0.0,0,0,0,0.15,0,23000,23000.0,-0.0,0.0,0.0,0.0,0.0,0.0,0.0,-18835.2,-627840.0,4164.8,0.0,1,0
3.0167,400.003,594.1,0.003,0.0,0.018,0.0,0.018,0.112,0.0,0,0,0,0.15,0,26000,26000.0,-0.0,0.0,0.0,0.0,0.0,0.0,0.0,-18835.2,-627840.0,7164.8,0.0,1,0
3.1167,400.006,594.1,0.006,0.0,0.031,0.0,0.031,0.159,0.0,0,0,0,0.15,0,29000,29000.0,-0.0,0.0,0.0,0.0,0.0,0.0,0.0,-18835.2,-627840.0,10164.8,0.0,1,0
3.2167,400.01,594.1,0.01,0.0,0.05,0.0,0.05,0.206,0.0,0,0,0,0.15,0,32000,32000.0,-0.0,0.0,0.0,0.0,0.0,0.0,0.0,-18835.2,-627840.0,13164.8,0.0,1,0
3.3167,400.017,594.1,0.017,0.0,0.073,0.0,0.073,0.253,0.0,0,0,0,0.15,0,35000,35000.0,-0.0,0.0,0.0,0.0,0.0,0.0,0.0,-18835.2,-627840.0,16164.8,0.0,1,0
3.4167,400.025,594.1,0.025,0.0,0.101,0.0,0.101,0.299,0.0,0,0,0,0.15,0,38000,38000.0,-0.0,0.0,0.0,0.0,0.0,0.0,0.0,-18835.2,-627840.0,19164.8,0.0,1,0
3.5167,400.037,594.1,0.037,0.0,0.134,0.0,0.134,0.346,0.0,0,0,0,0.15,0,41000,41000.0,-0.0,0.0,0.0,0.0,0.0,0.0,0.0,-18835.2,-627840.0,22164.8,0.0,1,0
3.6167,400.053,594.1,0.053,0.0,0.171,0.0,0.171,0.393,0.0,0,0,0,0.15,0,44000,44000.0,-0.0,0.0,0.0,0.0,0.0,0.0,0.0,-18835.2,-627840.0,25164.8,0.0,1,0
3.7167,400.073,594.1,0.073,0.0,0.214,0.0,0.214,0.44,0.0,0,0,0,0.15,0,47000,47000.0,-0.0,0.0,0.0,0.0,0.0,0.0,0.0,-18835.2,-627840.0,28164.8,0.0,1,0
3.8167,400.097,594.1,0.097,0.0,0.26,0.0,0.26,0.487,0.0,0,0,0,0.15,0,50000,50000.0,-0.0,0.0,0.0,0.0,0.0,0.0,0.0,-18835.2,-627840.0,31164.8,0.0,1,0
3.9167,400.126,594.1,0.126,0.0,0.312,0.0,0.312,0.534,0.0,0,0,0,0.15,0,53000,53000.0,-0.0,0.0,0.0,0.0,0.0,0.0,0.0,-18835.2,-627840.0,34164.8,0.0,1,0
4.0167,400.16,594.1,0.16,0.0,0.368,0.0,0.368,0.581,0.0,0,0,0,0.15,0,56000,56000.0,-0.0,0.0,0.0,0.0,0.0,0.0,0.0,-18835.2,-627840.0,37164.8,0.0,1,0
4.1167,400.2,594.1,0.2,0.0,0.429,0.0,0.429,0.628,0.0,0,0,0,0.15,0,59000,59000.0,-0.0,0.0,0.0,0.0,0.0,0.0,0.0,-18835.2,-627840.0,40164.8,0.0,1,0
4.2167,400.247,594.1,0.247,0.0,0.494,0.0,0.494,0.674,0.0,0,0,0,0.15,0,62000,62000.0,-0.0,0.0,0.0,0.0,0.0,0.0,0.0,-18835.2,-627840.0,43164.8,0.0,1,0
4.3167,400.3,594.1,0.3,0.0,0.564,0.0,0.564,0.721,0.0,0,0,0,0.15,0,65000,65000.0,-0.0,0.0,0.0,0.0,0.0,0.0,0.0,-18835.2,-627840.0,46164.8,0.0,1,0
4.4167,400.361,594.1,0.361,0.0,0.639,0.0,0.639,0.768,0.0,0,0,0,0.15,0,68000,68000.0,-0.0,0.0,0.0,0.0,0.0,0.0,0.0,-18835.2,-627840.0,49164.8,0.0,1,0
4.5167,400.43,594.1,0.43,0.0,0.719,0.0,0.719,0.815,0.0,0,0,0,0.15,0,71000,71000.0,-0.0,0.0,0.0,0.0,0.0,0.0,0.0,-18835.2,-627840.0,52164.8,0.0,1,0
4.6167,400.506,594.1,0.506,0.0,0.803,0.0,0.803,0.862,0.0,0,0,0,0.15,0,74000,74000.0,-0.0,0.0,0.0,0.0,0.0,0.0,0.0,-18835.2,-627840.0,55164.8,0.0,1,0
4.7167,400.592,594.1,0.592,0.0,0.892,0.0,0.892,0.909,0.0,0,0,0,0.15,0,77000,77000.0,-0.0,0.0,0.0,0.0,0.0,0.0,0.0,-18835.2,-627840.0,58164.8,0.0,1,0
4.8167,400.686,594.1,0.686,0.0,0.985,0.0,0.985,0.956,0.0,0,0,0,0.15,0,80000,80000.0,-0.0,0.0,0.0,0.0,0.0,0.0,0.0,-18835.2,-627840.0,61164.8,0.0,1,0
4.9167,400.791,594.1,0.791,0.0,1.084,-0.0,1.084,1.003,-0.0,0,0.0,-0.0,0.15,0.001,83000,83000.0,-0.0,-0.0,-12.8,-2.6,0.0,2.6,0.1,-18834.8,-627827.2,64162.5,-0.0,1,0
5.0167,400.905,594.1,0.905,0.0,1.187,-0.0,1.187,1.049,-0.0,0,0.0,-0.0,0.15,0.001,86000,86000.0,-0.0,-0.0,-15.4,-3.2,0.0,3.1,0.1,-18834.7,-627824.6,67162.1,-0.0,1,0
5.1167,401.03,594.1,1.03,0.0,1.294,-0.0,1.294,1.096,0.0,0,0.0,-0.0,0.15,0.001,89000,89000.0,-0.0,-0.0,-18.3,-3.8,0.0,3.7,0.1,-18834.7,-627821.7,70161.6,0.0,1,0
5.2167,401.166,594.1,1.166,0.0,1.407,-0.0,1.407,1.143,-0.0,0,0.0,-0.0,0.15,0.001,92000,92000.0,-0.0,-0.0,-21.7,-4.5,0.0,4.3,0.1,-18834.6,-627818.3,73161.0,-0.0,1,0
5.3167,401.313,594.1,1.313,0.0,1.524,0.0,1.524,1.19,0.0,0,0.0,-0.0,0.15,0.001,95000,95000.0,-0.0,-0.0,-25.4,-5.2,0.0,5.1,0.2,-18834.4,-627814.6,76160.3,0.0,1,0
5.4167,401.473,594.1,1.473,0.0,1.646,-0.0,1.646,1.237,-0.0,0,0.0,-0.0,0.15,0.001,98000,98000.0,-0.0,-0.0,-29.7,-6.1,0.0,5.9,0.2,-18834.3,-627810.3,79159.6,-0.0,1,0
5.5167,401.645,594.1,1.645,0.0,1.772,0.0,1.772,1.284,0.0,0,0.0,-0.0,0.15,0.001,101000,101000.0,-0.0,-0.0,-34.5,-7.1,0.0,6.9,0.2,-18834.2,-627805.5,82158.7,0.0,1,0
5.6167,401.83,594.1,1.83,0.0,1.903,-0.0,1.903,1.331,0.0,0,0.0,-0.0,0.15,0.001,104000,104000.0,-0.0,-0.0,-39.8,-8.2,0.0,8.0,0.3,-18834.0,-627800.2,85157.8,0.0,1,0
5.7167,402.028,594.1,2.028,0.0,2.039,-0.0,2.039,1.377,-0.0,0,0.0,-0.0,0.15,0.001,107000,107000.0,-0.0,-0.0,-45.7,-9.4,0.0,9.1,0.3,-18833.8,-627794.3,88156.7,-0.0,1,0
5.8167,402.24,594.1,2.24,0.0,2.179,0.0,2.179,1.424,0.0,0,0.0,-0.0,0.15,0.001,110000,110000.0,-0.0,-0.0,-52.3,-10.8,0.0,10.5,0.3,-18833.6,-627787.7,91155.6,0.0,1,0
5.9167,402.466,594.1,2.466,0.0,2.325,-0.0,2.325,1.471,-0.0,0,0.0,-0.0,0.15,0.001,113000,113000.0,-0.0,-0.0,-59.5,-12.3,0.0,11.9,0.4,-18833.4,-627780.5,94154.3,-0.0,1,0
6.0167,402.707,594.1,2.707,0.0,2.474,-0.0,2.474,1.518,-0.0,0,-0.0,0.0,0.15,0.001,116000,116000.0,-0.0,0.0,-67.5,-13.9,-0.0,13.5,0.4,-18833.2,-627772.5,97152.9,-0.0,1,0
6.1167,402.964,594.1,2.964,0.0,2.629,-0.0,2.629,1.565,-0.0,0,0.0,-0.0,0.15,0.001,119000,119000.0,-0.0,-0.0,-76.2,-15.7,0.0,15.2,0.5,-18832.9,-627763.8,100151.4,-0.0,1,0
6.2167,403.236,594.1,3.236,0.0,2.788,-0.0,2.788,1.612,-0.0,0,0.0,-0.0,0.15,0.001,122000,122000.0,-0.0,-0.0,-85.7,-17.7,0.0,17.1,0.5,-18832.6,-627754.3,103149.7,-0.0,1,0
6.3167,403.524,594.1,3.524,0.0,2.952,-0.0,2.952,1.659,0.0,0,0.0,-0.0,0.15,0.001,125000,125000.0,-0.0,-0.0,-96.2,-19.8,0.0,19.2,0.6,-18832.3,-627743.8,106147.8,0.0,1,0
6.4167,403.829,594.1,3.829,0.0,3.121,-0.0,3.121,1.705,0.0,0,0.0,-0.0,0.15,0.001,128000,128000.0,-0.0,-0.0,-107.5,-22.2,0.0,21.5,0.7,-18832.0,-627732.5,109145.8,0.0,1,0
6.5167,404.151,594.1,4.151,0.0,3.294,-0.0,3.294,1.752,0.0,0,0.0,-0.0,0.15,0.001,131000,131000.0,-0.0,-0.0,-119.9,-24.7,0.0,24.0,0.8,-18831.6,-627720.1,112143.7,0.0,1,0
6.6167,404.491,594.1,4.491,0.0,3.472,-0.0,3.472,1.799,0.0,0,0.0,-0.0,0.15,0.001,134000,134000.0,-0.0,-0.0,-133.2,-27.5,0.0,26.6,0.8,-18831.2,-627706.8,115141.3,0.0,1,0
6.7167,404.849,594.1,4.849,0.0,3.655,-0.0,3.655,1.846,-0.0,0,0.0,-0.0,0.15,0.001,137000,137000.0,-0.0,-0.0,-147.7,-30.5,0.0,29.5,0.9,-18830.8,-627692.3,118138.8,-0.0,1,0
6.8167,405.225,594.1,5.225,0.0,3.842,-0.0,3.842,1.893,-0.0,0,0.0,-0.0,0.15,0.001,140000,140000.0,-0.0,-0.0,-163.3,-33.7,0.0,32.7,1.0,-18830.3,-627676.7,121136.0,-0.0,1,0
6.9167,405.621,594.1,5.621,0.0,4.034,-0.0,4.034,1.94,0.0,0,0.0,-0.0,0.15,0.001,143000,143000.0,-0.0,-0.0,-180.1,-37.2,0.0,36.0,1.1,-18829.8,-627659.9,124133.0,0.0,1,0
7.0167,406.035,594.1,6.035,0.0,4.231,-0.0,4.231,1.986,-0.0,0,0.0,-0.0,0.15,0.001,146000,146000.0,-0.0,-0.0,-198.1,-40.9,0.0,39.6,1.3,-18829.3,-627641.9,127129.9,-0.0,1,0
7.1167,406.47,594.1,6.47,0.0,4.432,-0.0,4.432,2.033,0.0,0,0.0,-0.0,0.15,0.001,149000,149000.0,-0.0,-0.0,-217.5,-44.9,0.0,43.5,1.4,-18828.7,-627622.5,130126.4,0.0,1,0
7.2167,406.925,594.1,6.925,0.0,4.638,-0.0,4.638,2.08,-0.0,0,0.0,-0.0,0.15,0.001,152000,152000.0,-0.0,-0.0,-238.3,-49.2,0.0,47.7,1.5,-18828.1,-627601.7,133122.8,-0.0,1,0
7.3167,407.401,594.1,7.401,0.0,4.849,-0.0,4.849,2.127,-0.0,0,0.0,-0.0,0.15,0.001,155000,155000.0,-0.0,-0.0,-260.5,-53.8,0.0,52.1,1.7,-18827.4,-627579.5,136118.9,-0.0,1,0
7.4167,407.899,594.1,7.899,0.0,5.064,-0.0,5.064,2.174,0.0,0,0.0,-0.0,0.15,0.001,158000,158000.0,-0.0,-0.0,-284.3,-58.7,0.0,56.9,1.8,-18826.7,-627555.7,139114.7,0.0,1,0
7.5167,408.418,594.1,8.418,0.0,5.284,-0.0,5.284,2.22,0.0,0,0.0,-0.0,0.15,0.001,161000,161000.0,-0.0,-0.0,-309.6,-63.9,0.0,61.9,2.0,-18825.9,-627530.4,142110.2,0.0,1,0
7.6167,408.96,594.1,8.96,0.0,5.509,-0.0,5.509,2.267,-0.0,0,0.0,-0.0,0.15,0.001,164000,164000.0,-0.0,-0.0,-336.6,-69.5,0.0,67.3,2.1,-18825.1,-627503.4,145105.4,-0.0,1,0
7.7167,409.524,594.1,9.524,0.0,5.738,-0.0,5.738,2.314,0.0,0,0.0,-0.0,0.15,0.001,167000,167000.0,-0.0,-0.0,-365.4,-75.4,0.0,73.1,2.3,-18824.2,-627474.6,148100.4,0.0,1,0
7.8167,410.111,594.1,10.111,0.0,5.973,-0.0,5.973,2.361,0.0,0,0.0,-0.0,0.15,0.001,170000,170000.0,-0.0,-0.0,-395.9,-81.7,0.0,79.2,2.5,-18823.3,-627444.1,151095.0,0.0,1,0
7.9167,410.722,594.1,10.722,0.0,6.211,-0.0,6.211,2.408,-0.0,0,0.0,-0.0,0.15,0.001,173000,173000.0,-0.0,-0.0,-428.3,-88.4,0.0,85.7,2.7,-18822.4,-627411.7,154089.3,-0.0,1,0
8.0167,411.358,594.1,11.358,0.0,6.455,-0.0,6.455,2.454,0.0,0,0.0,-0.0,0.15,0.001,176000,176000.0,-0.0,-0.0,-462.6,-95.5,0.0,92.5,2.9,-18821.3,-627377.4,157083.2,0.0,1,0
8.1167,412.018,594.1,12.018,0.0,6.703,-0.0,6.703,2.501,0.0,0,0.0,-0.0,0.15,0.001,179000,179000.0,-0.0,-0.0,-499.0,-103.0,0.0,99.8,3.2,-18820.2,-627341.0,160076.8,0.0,1,0
8.2,412.587,594.1,12.587,0.0,6.913,-0.0,6.913,2.54,0.0,0,0.0,-0.0,0.15,0.001,181500,181500.0,-0.0,-0.0,-530.9,-109.6,0.0,106.2,3.4,-18819.3,-627309.1,162571.2,0.0,1,0
8.3,413.293,594.1,13.293,0.0,7.17,-0.0,7.17,2.587,-0.0,0,0.0,-0.0,0.15,0.001,184500,184500.0,-0.0,-0.0,-571.2,-117.9,0.0,114.2,3.6,-18818.1,-627268.8,165564.1,-0.0,1,0
8.4,414.025,594.1,14.025,0.0,7.432,-0.0,7.432,2.634,0.0,0,0.0,-0.0,0.15,0.001,187500,187500.0,-0.0,-0.0,-613.8,-126.6,0.0,122.8,3.9,-18816.8,-627226.2,168556.6,0.0,1,0
8.5,414.784,594.1,14.784,0.0,7.698,-0.0,7.698,2.68,0.0,0,0.0,-0.0,0.15,0.001,190500,190500.0,-0.0,-0.0,-658.6,-135.9,0.0,131.7,4.2,-18815.4,-627181.4,171548.7,0.0,1,0
8.6,415.569,594.1,15.569,0.0,7.968,-0.0,7.968,2.727,-0.0,0,0.0,-0.0,0.15,0.001,193500,193500.0,-0.0,-0.0,-705.9,-145.7,0.0,141.2,4.5,-18814.0,-627134.1,174540.3,-0.0,1,0
8.7,416.382,594.1,16.382,0.0,8.244,-0.0,8.244,2.774,-0.0,0,0.0,-0.0,0.15,0.001,196500,196500.0,-0.0,-0.0,-755.7,-155.9,0.0,151.1,4.8,-18812.5,-627084.3,177531.5,-0.0,1,0
8.8,417.223,594.1,17.223,0.0,8.524,-0.0,8.524,2.821,-0.0,0,0.0,-0.0,0.15,0.001,199500,199500.0,-0.0,-0.0,-808.1,-166.8,0.0,161.6,5.1,-18811.0,-627031.9,180522.3,-0.0,1,0
8.9,418.092,594.1,18.092,0.0,8.809,-0.0,8.809,2.867,-0.0,0,0.0,-0.0,0.15,0.001,202500,202500.0,-0.0,-0.0,-863.2,-178.1,0.0,172.6,5.5,-18809.3,-626976.8,183512.6,-0.0,1,0
9.0,418.99,594.1,18.99,0.0,9.098,-0.0,9.098,2.914,0.0,0,0.0,-0.0,0.15,0.001,205500,205500.0,-0.0,-0.0,-921.0,-190.0,0.0,184.2,5.8,-18807.6,-626919.0,186502.4,0.0,1,0
9.1,419.917,594.1,19.917,0.0,9.392,-0.0,9.392,2.961,0.0,0,0.0,-0.0,0.15,0.001,208500,208500.0,-0.0,-0.0,-981.7,-202.6,0.0,196.3,6.2,-18805.8,-626858.3,189491.7,0.0,1,0
9.2,420.873,594.1,20.873,0.0,9.691,-0.0,9.691,3.008,-0.0,0,0.0,-0.0,0.15,0.001,211500,211500.0,-0.0,-0.0,-1045.3,-215.7,0.0,209.1,6.6,-18803.8,-626794.7,192480.5,-0.0,1,0
9.3,421.86,594.1,21.86,0.0,9.995,-0.0,9.995,3.054,0.0,0,0.0,-0.0,0.15,0.001,214500,214500.0,-0.0,-0.0,-1111.9,-229.4,0.0,222.4,7.1,-18801.8,-626728.1,195468.7,0.0,1,0
9.4,422.877,594.1,22.877,0.0,10.303,-0.0,10.303,3.101,0.0,0,0.0,-0.0,0.15,0.001,217500,217500.0,-0.0,-0.0,-1181.8,-243.9,0.0,236.4,7.5,-18799.7,-626658.2,198456.4,0.0,1,0
9.5,423.926,594.1,23.926,0.0,10.616,-0.0,10.616,3.148,0.0,0,0.0,-0.0,0.15,0.001,220500,220500.0,-0.0,-0.0,-1254.8,-258.9,0.0,251.0,8.0,-18797.6,-626585.2,201443.5,0.0,1,0
9.6,425.006,594.1,25.006,0.0,10.932,0.0,10.932,3.171,0.0,0,-0.0,0.0,0.15,0.001,222000,222000.0,-0.0,0.0,-1331.1,-274.7,-0.0,266.2,8.5,-18795.3,-626508.9,202930.1,0.0,1,0
9.7,426.118,594.1,26.118,0.0,11.249,-0.0,11.249,3.171,-0.0,0,0.0,-0.0,0.15,0.001,222000,222000.0,-0.0,-0.0,-1409.8,-290.9,0.0,282.0,9.0,-18792.9,-626430.2,202916.2,-0.0,1,0
9.8,427.261,594.1,27.261,0.0,11.566,0.0,11.566,3.17,0.0,0,0.0,-0.0,0.15,0.001,222000,222000.0,-0.0,-0.0,-1490.7,-307.6,0.0,298.1,9.5,-18790.5,-626349.3,202901.9,0.0,1,0
9.9,428.436,594.1,28.436,0.0,11.883,-0.0,11.883,3.17,0.0,0,0.0,-0.0,0.15,0.001,222000,222000.0,-0.0,-0.0,-1574.0,-324.8,0.0,314.8,10.0,-18788.0,-626266.0,202887.2,0.0,1,0
10.0,429.643,594.1,29.643,0.0,12.2,-0.0,12.2,3.17,0.0,0,0.0,-0.0,0.15,0.001,222000,222000.0,-0.0,-0.0,-1659.4,-342.4,0.0,331.9,10.5,-18785.4,-626180.6,202872.2,0.0,1,0
10.1,430.882,594.1,30.882,0.0,12.517,-0.0,12.517,3.17,0.0,0,0.0,-0.0,0.15,0.001,222000,222000.0,-0.0,-0.0,-1747.2,-360.5,0.0,349.4,11.1,-18782.8,-626092.8,202856.7,0.0,1,0
10.2,432.152,594.1,32.152,0.0,12.834,-0.0,12.834,3.169,-0.0,0,0.0,-0.0,0.15,0.001,222000,222000.0,-0.0,-0.0,-1837.2,-379.1,0.0,367.4,11.7,-18780.1,-626002.8,202840.8,-0.0,1,0
10.3,433.454,594.1,33.454,0.0,13.151,0.0,13.151,3.169,0.0,0,-0.0,0.0,0.15,0.001,222000,222000.0,-0.0,0.0,-1929.4,-398.1,-0.0,385.9,12.3,-18777.3,-625910.6,202824.6,0.0,1,0
10.4,434.787,594.1,34.787,0.0,13.468,-0.0,13.468,3.169,-0.0,0,0.0,-0.0,0.15,0.001,222000,222000.0,-0.0,-0.0,-2023.9,-417.6,0.0,404.8,12.9,-18774.5,-625816.1,202807.9,-0.0,1,0
10.5,436.153,594.1,36.153,0.0,13.785,-0.0,13.785,3.169,-0.0,0,0.0,-0.0,0.15,0.001,222000,222000.0,-0.0,-0.0,-2120.6,-437.6,0.0,424.1,13.5,-18771.6,-625719.4,202790.8,-0.0,1,0
10.6,437.55,594.1,37.55,0.0,14.102,-0.0,14.102,3.168,0.0,0,0.0,-0.0,0.15,0.001,222000,222000.0,-0.0,-0.0,-2219.6,-458.0,0.0,443.9,14.1,-18768.6,-625620.4,202773.4,0.0,1,0
10.7,438.978,594.1,38.978,0.0,14.419,-0.0,14.419,3.168,-0.0,0,0.0,-0.0,0.15,0.001,222000,222000.0,-0.0,-0.0,-2320.9,-478.9,0.0,464.2,14.7,-18765.6,-625519.1,202755.5,-0.0,1,0
10.8,440.439,594.1,40.439,0.0,14.736,-0.0,14.736,3.168,-0.0,0,0.0,-0.0,0.15,0.001,222000,222000.0,-0.0,-0.0,-2424.3,-500.3,0.0,484.9,15.4,-18762.5,-625415.7,202737.3,-0.0,1,0
10.9,441.931,594.1,41.931,0.0,15.052,-0.0,15.052,3.167,-0.0,0,0.0,-0.0,0.15,0.001,222000,222000.0,-0.0,-0.0,-2530.1,-522.1,0.0,506.0,16.1,-18759.3,-625309.9,202718.6,-0.0,1,0
11.0,443.455,594.1,43.455,0.0,15.369,-0.0,15.369,3.167,0.0,0,0.0,-0.0,0.15,0.001,222000,222000.0,-0.0,-0.0,-2638.1,-544.4,0.0,527.6,16.7,-18756.1,-625201.9,202699.6,0.0,1,0
11.1,445.01,594.1,45.01,0.0,15.686,-0.0,15.686,3.167,-0.0,0,0.0,-0.0,0.15,0.001,222000,222000.0,-0.0,-0.0,-2748.3,-567.1,0.0,549.7,17.4,-18752.8,-625091.7,202680.1,-0.0,1,0
11.2,446.597,594.1,46.597,0.0,16.002,-0.0,16.002,3.167,0.0,0,0.0,-0.0,0.15,0.001,222000,222000.0,-0.0,-0.0,-2860.8,-590.3,0.0,572.2,18.2,-18749.4,-624979.2,202660.3,0.0,1,0
11.3,448.216,594.1,48.216,0.0,16.319,-0.0,16.319,3.166,0.0,0,0.0,-0.0,0.15,0.001,222000,222000.0,-0.0,-0.0,-2975.5,-614.0,0.0,595.1,18.9,-18745.9,-624864.5,202640.1,0.0,1,0
11.4,449.866,594.1,49.866,0.0,16.636,0.0,16.636,3.166,0.0,0,0.0,-0.0,0.15,0.001,222000,222000.0,-0.0,-0.0,-3092.4,-638.1,0.0,618.5,19.6,-18742.4,-624747.6,202619.5,0.0,1,0
11.5,451.548,594.1,51.548,0.0,16.952,-0.0,16.952,3.166,-0.0,0,0.0,-0.0,0.15,0.001,222000,222000.0,-0.0,-0.0,-3211.6,-662.7,0.0,642.3,20.4,-18738.9,-624628.4,202598.4,-0.0,1,0
11.6,453.262,594.1,53.262,0.0,17.269,-0.0,17.269,3.165,-0.0,0,0.0,-0.0,0.15,0.001,222000,222000.0,-0.0,-0.0,-3333.1,-687.8,0.0,666.6,21.2,-18735.2,-624506.9,202577.0,-0.0,1,0
11.7,455.007,594.1,55.007,0.0,17.585,-0.0,17.585,3.165,-0.0,0,0.0,-0.0,0.15,0.001,222000,222000.0,-0.0,-0.0,-3456.8,-713.3,0.0,691.4,21.9,-18731.5,-624383.2,202555.2,-0.0,1,0
11.8,456.784,594.1,56.784,0.0,17.902,-0.0,17.902,3.165,0.0,0,0.0,-0.0,0.15,0.001,222000,222000.0,-0.0,-0.0,-3582.7,-739.3,0.0,716.5,22.7,-18727.7,-624257.3,202533.0,0.0,1,0
11.9,458.593,594.1,58.593,0.0,18.218,-0.0,18.218,3.164,0.0,0,0.0,-0.0,0.15,0.001,222000,222000.0,-0.0,-0.0,-3710.8,-765.7,0.0,742.2,23.6,-18723.9,-624129.2,202510.4,0.0,1,0
12.0,460.433,594.1,60.433,0.0,18.535,-0.0,18.535,3.164,0.0,0,0.0,-0.0,0.15,0.001,222000,222000.0,-0.0,-0.0,-3841.2,-792.6,0.0,768.2,24.4,-18720.0,-623998.8,202487.4,0.0,1,0
12.1,462.305,594.1,62.305,0.0,18.851,-0.0,18.851,3.164,0.0,0,0.0,-0.0,0.15,0.001,222000,222000.0,-0.0,-0.0,-3973.9,-820.0,0.0,794.8,25.2,-18716.0,-623866.1,202464.0,0.0,1,0
12.2,464.208,594.1,64.208,0.0,19.167,0.0,19.167,3.163,0.0,0,0.0,-0.0,0.15,0.001,222000,222000.0,-0.0,-0.0,-4108.7,-847.8,0.0,821.7,26.1,-18711.9,-623731.3,202440.2,0.0,1,0
12.3,466.144,594.1,66.144,0.0,19.484,-0.0,19.484,3.163,-0.0,0,-0.0,0.0,0.15,0.001,222000,222000.0,-0.0,0.0,-4245.8,-876.1,-0.0,849.2,27.0,-18707.8,-623594.2,202416.1,-0.0,1,0
12.4,468.11,594.1,68.11,0.0,19.8,-0.0,19.8,3.162,0.0,0,0.0,-0.0,0.15,0.001,222000,222000.0,-0.0,-0.0,-4385.2,-904.9,0.0,877.0,27.8,-18703.6,-623454.8,202391.5,0.0,1,0
12.5,470.109,594.1,70.109,0.0,20.116,-0.0,20.116,3.162,-0.0,0,0.0,-0.0,0.15,0.001,222000,222000.0,-0.0,-0.0,-4526.7,-934.1,0.0,905.3,28.7,-18699.4,-623313.3,202366.5,-0.0,1,0
12.6,472.139,594.1,72.139,0.0,20.432,-0.0,20.432,3.162,-0.0,0,0.0,-0.0,0.15,0.001,222000,222000.0,-0.0,-0.0,-4670.5,-963.8,0.0,934.1,29.7,-18695.1,-623169.5,202341.2,-0.0,1,0
12.7,474.201,594.1,74.201,0.0,20.748,-0.0,20.748,3.161,-0.0,0,0.0,-0.0,0.15,0.001,222000,222000.0,-0.0,-0.0,-4816.6,-993.9,0.0,963.3,30.6,-18690.7,-623023.4,202315.4,-0.0,1,0
12.8,476.294,594.1,76.294,0.0,21.064,0.0,21.064,3.161,0.0,0,0.0,-0.0,0.15,0.001,222000,222000.0,-0.0,-0.0,-4964.8,-1024.5,0.0,993.0,31.5,-18686.3,-622875.2,202289.3,0.0,1,0
12.9,478.419,594.1,78.419,0.0,21.38,-0.0,21.38,3.16,-0.0,0,-0.0,0.0,0.15,0.001,222000,222000.0,-0.0,0.0,-5115.3,-1055.5,-0.0,1023.1,32.5,-18681.7,-622724.7,202262.7,-0.0,1,0
13.0,480.575,594.1,80.575,0.0,21.697,-0.0,21.697,3.16,0.0,0,0.0,-0.0,0.15,0.001,222000,222000.0,-0.0,-0.0,-5268.0,-1087.1,0.0,1053.6,33.4,-18677.2,-622572.0,202235.8,0.0,1,0
13.1,482.763,594.1,82.763,0.0,22.012,-0.0,22.012,3.16,-0.0,0,0.0,-0.0,0.15,0.001,222000,222000.0,-0.0,-0.0,-5423.0,-1119.0,0.0,1084.6,34.4,-18672.5,-622417.0,202208.5,-0.0,1,0
13.2,484.983,594.1,84.983,0.0,22.328,-0.0,22.328,3.159,-0.0,0,-0.0,0.0,0.15,0.001,222000,222000.0,-0.0,0.0,-5580.1,-1151.5,-0.0,1116.0,35.4,-18667.8,-622259.9,202180.7,-0.0,1,0
13.3,487.234,594.1,87.234,0.0,22.644,-0.0,22.644,3.159,-0.0,0,0.0,-0.0,0.15,0.001,222000,222000.0,-0.0,-0.0,-5739.5,-1184.3,0.0,1147.9,36.4,-18663.0,-622100.5,202152.6,-0.0,1,0
13.4,489.517,594.1,89.517,0.0,22.96,-0.0,22.96,3.158,-0.0,0,0.0,-0.0,0.15,0.001,222000,222000.0,-0.0,-0.0,-5901.1,-1217.7,0.0,1180.2,37.5,-18658.2,-621938.9,202124.1,-0.0,1,0
13.5,491.832,594.1,91.832,0.0,23.276,-0.0,23.276,3.158,0.0,0,0.0,-0.0,0.15,0.001,222000,222000.0,-0.0,-0.0,-6064.9,-1251.5,0.0,1213.0,38.5,-18653.3,-621775.1,202095.3,0.0,1,0
13.6,494.178,594.1,94.178,0.0,23.592,0.0,23.592,3.157,0.0,0,0.0,-0.0,0.15,0.001,222000,222000.0,-0.0,-0.0,-6231.0,-1285.8,0.0,1246.2,39.6,-18648.3,-621609.0,202066.0,0.0,1,0
13.7,496.555,594.1,96.555,0.0,23.907,-0.0,23.907,3.157,0.0,0,0.0,-0.0,0.15,0.001,222000,222000.0,-0.0,-0.0,-6399.2,-1320.5,0.0,1279.8,40.6,-18643.2,-621440.8,202036.3,0.0,1,0
13.8,498.964,594.1,98.964,0.0,24.223,-0.0,24.223,3.156,-0.0,0,0.0,-0.0,0.15,0.001,222000,222000.0,-0.0,-0.0,-6569.7,-1355.7,0.0,1313.9,41.7,-18638.1,-621270.3,202006.2,-0.0,1,0
13.9,501.405,594.1,101.405,0.0,24.539,-0.0,24.539,3.156,0.0,0,0.0,-0.0,0.15,0.001,222000,222000.0,-0.0,-0.0,-6742.4,-1391.3,0.0,1348.5,42.8,-18632.9,-621097.6,201975.8,0.0,1,0
14.0,503.877,594.1,103.877,0.0,24.854,-0.0,24.854,3.155,-0.0,0,-0.0,0.0,0.15,0.001,222000,222000.0,-0.0,0.0,-6917.3,-1427.4,-0.0,1383.5,43.9,-18627.7,-620922.7,201944.9,-0.0,1,0
14.1,506.381,594.1,106.381,0.0,25.17,0.0,25.17,3.155,0.0,0,-0.0,0.0,0.15,0.001,222000,222000.0,-0.0,0.0,-7094.4,-1463.9,-0.0,1418.9,45.0,-18622.4,-620745.6,201913.7,0.0,1,0
14.2,508.916,594.1,108.916,0.0,25.485,-0.0,25.485,3.154,-0.0,0,0.0,-0.0,0.15,0.001,222000,222000.0,-0.0,-0.0,-7273.8,-1500.9,0.0,1454.8,46.2,-18617.0,-620566.2,201882.1,-0.0,1,0
14.3,511.483,594.1,111.483,0.0,25.801,-0.0,25.801,3.154,-0.0,0,0.0,-0.0,0.15,0.001,222000,222000.0,-0.0,-0.0,-7455.3,-1538.4,0.0,1491.1,47.3,-18611.5,-620384.7,201850.1,-0.0,1,0
14.4,514.082,594.1,114.082,0.0,26.116,-0.0,26.116,3.153,-0.0,0,0.0,-0.0,0.15,0.001,222000,222000.0,-0.0,-0.0,-7639.1,-1576.3,0.0,1527.8,48.5,-18606.0,-620200.9,201817.7,-0.0,1,0
14.5,516.712,594.1,116.712,0.0,26.431,-0.0,26.431,3.153,-0.0,0,0.0,-0.0,0.15,0.001,222000,222000.0,-0.0,-0.0,-7825.0,-1614.7,0.0,1565.0,49.7,-18600.4,-620015.0,201784.9,-0.0,1,0
14.6,519.373,594.1,119.373,0.0,26.746,-0.0,26.746,3.152,0.0,0,0.0,-0.0,0.15,0.001,222000,222000.0,-0.0,-0.0,-8013.2,-1653.5,0.0,1602.6,50.9,-18594.8,-619826.8,201751.7,0.0,1,0
14.7,522.066,594.1,122.066,0.0,27.062,-0.0,27.062,3.152,0.0,0,0.0,-0.0,0.15,0.001,222000,222000.0,-0.0,-0.0,-8203.5,-1692.8,0.0,1640.7,52.1,-18589.1,-619636.5,201718.1,0.0,1,0
14.8,524.791,594.1,124.791,0.0,27.377,-0.0,27.377,3.151,-0.0,0,0.0,-0.0,0.15,0.001,222000,222000.0,-0.0,-0.0,-8396.1,-1732.5,0.0,1679.2,53.3,-18583.3,-619443.9,201684.2,-0.0,1,0
14.9,527.547,594.1,127.547,0.0,27.692,-0.0,27.692,3.151,-0.0,0,0.0,-0.0,0.15,0.001,222000,222000.0,-0.0,-0.0,-8590.9,-1772.7,0.0,1718.2,54.5,-18577.5,-619249.1,201649.8,-0.0,1,0
15.0,530.335,594.1,130.335,0.0,28.007,-0.0,28.007,3.15,0.0,0,0.0,-0.0,0.15,0.001,222000,222000.0,-0.0,-0.0,-8787.8,-1813.4,0.0,1757.6,55.8,-18571.6,-619052.2,201615.1,0.0,1,0
15.1,533.154,594.1,133.154,0.0,28.322,-0.0,28.322,3.15,0.0,0,0.0,-0.0,0.15,0.001,222000,222000.0,-0.0,-0.0,-8987.0,-1854.5,0.0,1797.4,57.1,-18565.6,-618853.0,201579.9,0.0,1,0
15.2,536.004,594.1,136.004,0.0,28.637,-0.0,28.637,3.149,-0.0,0,0.0,-0.0,0.15,0.001,222000,222000.0,-0.0,-0.0,-9188.4,-1896.0,0.0,1837.7,58.3,-18559.5,-618651.6,201544.4,-0.0,1,0
15.3,538.886,594.1,138.886,0.0,28.952,-0.0,28.952,3.149,-0.0,0,0.0,-0.0,0.15,0.001,222000,222000.0,-0.0,-0.0,-9391.9,-1938.0,0.0,1878.4,59.6,-18553.4,-618448.1,201508.5,-0.0,1,0
15.4,541.8,594.1,141.8,0.0,29.267,-0.0,29.267,3.148,-0.0,0,0.0,-0.0,0.15,0.001,222000,222000.0,-0.0,-0.0,-9597.7,-1980.5,0.0,1919.5,60.9,-18547.3,-618242.3,201472.3,-0.0,1,0
15.5,544.745,594.1,144.745,0.0,29.581,-0.0,29.581,3.147,-0.0,0,0.0,-0.0,0.15,0.001,222000,222000.0,-0.0,-0.0,-9805.6,-2023.4,0.0,1961.1,62.3,-18541.0,-618034.4,201435.6,-0.0,1,0
15.6,547.721,594.1,147.721,0.0,29.896,-0.0,29.896,3.147,-0.0,0,0.0,-0.0,0.15,0.001,222000,222000.0,-0.0,-0.0,-10015.7,-2066.7,0.0,2003.1,63.6,-18534.7,-617824.3,201398.5,-0.0,1,0
15.7,550.729,594.1,150.729,0.0,30.211,-0.0,30.211,3.146,-0.0,0,0.0,-0.0,0.15,0.001,222000,222000.0,-0.0,-0.0,-10228.1,-2110.6,0.0,2045.6,64.9,-18528.4,-617611.9,201361.1,-0.0,1,0
15.8,553.769,594.1,153.769,0.0,30.525,-0.0,30.525,3.146,0.0,0,0.0,-0.0,0.15,0.001,222000,222000.0,-0.0,-0.0,-10442.6,-2154.8,0.0,2088.5,66.3,-18521.9,-617397.4,201323.3,0.0,1,0
15.9,556.84,594.1,156.84,0.0,30.84,-0.0,30.84,3.145,0.0,0,0.0,-0.0,0.15,0.001,222000,222000.0,-0.0,-0.0,-10659.3,-2199.5,0.0,2131.9,67.7,-18515.4,-617180.7,201285.0,0.0,1,0
16.0,559.942,594.1,159.942,0.0,31.154,-0.0,31.154,3.144,0.0,0,0.0,-0.0,0.15,0.001,222000,222000.0,-0.0,-0.0,-10878.1,-2244.7,0.0,2175.6,69.1,-18508.9,-616961.9,201246.5,0.0,1,0
16.1,563.076,594.1,163.076,0.0,31.469,-0.0,31.469,3.144,-0.0,0,0.0,-0.0,0.15,0.001,222000,222000.0,-0.0,-0.0,-11099.2,-2290.3,0.0,2219.8,70.5,-18502.2,-616740.8,201207.5,-0.0,1,0
16.2,566.241,594.1,166.241,0.0,31.783,-0.0,31.783,3.143,-0.0,0,0.0,-0.0,0.15,0.001,222000,222000.0,-0.0,-0.0,-11322.4,-2336.4,0.0,2264.5,71.9,-18495.5,-616517.6,201168.1,-0.0,1,0
16.3,569.438,594.1,169.438,0.0,32.097,-0.0,32.097,3.143,0.0,0,0.0,-0.0,0.15,0.001,222000,222000.0,-0.0,-0.0,-11547.8,-2382.9,0.0,2309.6,73.3,-18488.8,-616292.2,201128.3,0.0,1,0
16.4,572.666,594.1,172.666,0.0,32.412,-0.0,32.412,3.142,0.0,0,0.0,-0.0,0.15,0.001,222000,222000.0,-0.0,-0.0,-11775.4,-2429.8,0.0,2355.1,74.8,-18481.9,-616064.6,201088.2,0.0,1,0
16.5,575.925,594.1,175.925,0.0,32.726,-0.0,32.726,3.141,0.0,0,0.0,-0.0,0.15,0.001,222000,222000.0,-0.0,-0.0,-12005.2,-2477.3,0.0,2401.0,76.2,-18475.0,-615834.8,201047.7,0.0,1,0
16.6,579.216,594.1,179.216,0.0,33.04,-0.0,33.04,3.141,0.0,0,0.0,-0.0,0.15,0.001,222000,222000.0,-0.0,-0.0,-12237.1,-2525.1,0.0,2447.4,77.7,-18468.1,-615602.9,201006.8,0.0,1,0
16.7,582.538,594.1,182.538,0.0,33.354,-0.0,33.354,3.14,0.0,0,0.0,-0.0,0.15,0.001,222000,222000.0,-0.0,-0.0,-12471.2,-2573.4,0.0,2494.2,79.2,-18461.1,-615368.8,200965.5,0.0,1,0
16.8,585.892,594.1,185.892,0.0,33.668,-0.0,33.668,3.139,0.0,0,0.0,-0.0,0.15,0.001,222000,222000.0,-0.0,-0.0,-12707.5,-2622.2,0.0,2541.5,80.7,-18454.0,-615132.5,200923.8,0.0,1,0
16.9,589.277,594.1,189.277,0.0,33.982,-0.0,33.982,3.139,-0.0,0,0.0,-0.0,0.15,0.001,222000,222000.0,-0.0,-0.0,-12945.9,-2671.4,0.0,2589.2,82.2,-18446.8,-614894.1,200881.8,-0.0,1,0
17.0,592.694,594.1,192.694,0.0,34.296,-0.0,34.296,3.138,-0.0,0,0.0,-0.0,0.15,0.001,222000,222000.0,-0.0,-0.0,-13186.6,-2721.0,0.0,2637.3,83.7,-18439.6,-614653.4,200839.4,-0.0,1,0
17.1,596.142,594.1,196.142,0.0,34.609,-0.0,34.609,3.137,0.0,0,0.0,-0.0,0.15,0.001,222000,222000.0,-0.0,-0.0,-13429.3,-2771.1,0.0,2685.9,85.3,-18432.3,-614410.7,200796.5,0.0,1,0
17.2,599.621,594.1,199.621,0.0,34.923,-0.0,34.923,3.137,0.0,0,0.0,-0.0,0.15,0.001,222000,222000.0,-0.0,-0.0,-13674.3,-2821.7,0.0,2734.9,86.8,-18425.0,-614165.7,200753.4,0.0,1,0
17.3,603.131,594.1,203.131,0.0,35.237,-0.0,35.237,3.136,-0.0,0,0.0,-0.0,0.15,0.001,222000,222000.0,-0.0,-0.0,-13921.4,-2872.7,0.0,2784.3,88.4,-18417.6,-613918.6,200709.8,-0.0,1,0
17.4,606.673,594.1,206.673,0.0,35.55,-0.0,35.55,3.135,-0.0,0,0.0,-0.0,0.15,0.001,222000,222000.0,-0.0,-0.0,-14170.6,-2924.1,0.0,2834.1,90.0,-18410.1,-613669.4,200665.8,-0.0,1,0
17.5,610.247,594.1,210.247,0.0,35.864,-0.0,35.864,3.135,-0.0,0,0.0,-0.0,0.15,0.001,222000,222000.0,-0.0,-0.0,-14422.0,-2976.0,0.0,2884.4,91.6,-18402.5,-613418.0,200621.5,-0.0,1,0
17.6,613.851,594.1,213.851,0.0,36.177,-0.0,36.177,3.134,-0.0,0,0.0,-0.0,0.15,0.001,222000,222000.0,-0.0,-0.0,-14675.6,-3028.3,0.0,2935.1,93.2,-18394.9,-613164.4,200576.8,-0.0,1,0
17.7,617.487,594.1,217.487,0.0,36.491,-0.0,36.491,3.133,0.0,0,0.0,-0.0,0.15,0.001,222000,222000.0,-0.0,-0.0,-14931.3,-3081.1,0.0,2986.3,94.8,-18387.3,-612908.7,200531.7,0.0,1,0
17.8,621.155,594.1,221.155,0.0,36.804,-0.0,36.804,3.133,-0.0,0,0.0,-0.0,0.15,0.001,222000,222000.0,-0.0,-0.0,-15189.2,-3134.3,0.0,3037.8,96.4,-18379.5,-612650.8,200486.2,-0.0,1,0
17.9,624.853,594.1,224.853,0.0,37.117,-0.0,37.117,3.132,0.0,0,0.0,-0.0,0.15,0.001,222000,222000.0,-0.0,-0.0,-15449.2,-3187.9,0.0,3089.8,98.1,-18371.7,-612390.8,200440.3,0.0,1,0
18.0,628.583,594.1,228.583,0.0,37.43,-0.0,37.43,3.131,-0.0,0,0.0,-0.0,0.15,0.001,222000,222000.0,-0.0,-0.0,-15711.3,-3242.0,0.0,3142.3,99.8,-18363.9,-612128.7,200394.1,-0.0,1,0
18.1,632.345,594.1,232.345,0.0,37.743,-0.0,37.743,3.13,0.0,0,0.0,-0.0,0.15,0.001,222000,222000.0,-0.0,-0.0,-15975.6,-3296.6,0.0,3195.1,101.4,-18355.9,-611864.4,200347.5,0.0,1,0
18.2,636.137,594.1,236.137,0.0,38.056,-0.0,38.056,3.13,0.0,0,0.0,-0.0,0.15,0.001,222000,222000.0,-0.0,-0.0,-16242.1,-3351.5,0.0,3248.4,103.1,-18347.9,-611597.9,200300.5,0.0,1,0
18.3,639.961,594.1,239.961,0.0,38.369,-0.0,38.369,3.129,-0.0,0,0.0,-0.0,0.15,0.001,222000,222000.0,-0.0,-0.0,-16510.7,-3407.0,0.0,3302.1,104.8,-18339.9,-611329.3,200253.2,-0.0,1,0
18.4,643.816,594.1,243.816,0.0,38.682,-0.0,38.682,3.128,-0.0,0,0.0,-0.0,0.15,0.001,222000,222000.0,-0.0,-0.0,-16781.4,-3462.8,0.0,3356.3,106.5,-18331.8,-611058.6,200205.4,-0.0,1,0
18.5,647.703,594.1,247.703,0.0,38.995,-0.0,38.995,3.127,-0.0,0,0.0,-0.0,0.15,0.001,222000,222000.0,-0.0,-0.0,-17054.3,-3519.1,0.0,3410.9,108.3,-18323.6,-610785.7,200157.3,-0.0,1,0
18.6,651.62,594.1,251.62,0.0,39.308,-0.0,39.308,3.127,-0.0,0,0.0,-0.0,0.15,0.001,222000,222000.0,-0.0,-0.0,-17329.3,-3575.9,0.0,3465.9,110.0,-18315.3,-610510.7,200108.8,-0.0,1,0
18.7,655.569,594.1,255.569,0.0,39.62,-0.0,39.62,3.126,0.0,0,0.0,-0.0,0.15,0.001,222000,222000.0,-0.0,-0.0,-17606.4,-3633.1,0.0,3521.3,111.8,-18307.0,-610233.6,200059.9,0.0,1,0
18.8,659.55,594.1,259.55,0.0,39.933,-0.0,39.933,3.125,-0.0,0,0.0,-0.0,0.15,0.001,222000,222000.0,-0.0,-0.0,-17885.6,-3690.7,0.0,3577.1,113.6,-18298.6,-609954.4,200010.7,-0.0,1,0
18.9,663.561,594.1,263.561,0.0,40.245,-0.0,40.245,3.124,0.0,0,0.0,-0.0,0.15,0.001,222000,222000.0,-0.0,-0.0,-18167.0,-3748.8,0.0,3633.4,115.3,-18290.2,-609673.0,199961.1,0.0,1,0
19.0,667.604,594.1,267.604,0.0,40.558,-0.0,40.558,3.124,0.0,0,0.0,-0.0,0.15,0.001,222000,222000.0,-0.0,-0.0,-18450.5,-3807.3,0.0,3690.1,117.1,-18281.7,-609389.5,199911.1,0.0,1,0
19.1,671.678,594.1,271.678,0.0,40.87,-0.0,40.87,3.123,-0.0,0,0.0,-0.0,0.15,0.001,222000,222000.0,-0.0,-0.0,-18736.2,-3866.2,0.0,3747.2,119.0,-18273.1,-609103.8,199860.7,-0.0,1,0
19.2,675.783,594.1,275.783,0.0,41.182,-0.0,41.182,3.122,-0.0,0,0.0,-0.0,0.15,0.001,222000,222000.0,-0.0,-0.0,-19023.9,-3925.6,0.0,3804.8,120.8,-18264.5,-608816.1,199809.9,-0.0,1,0
19.3,679.92,594.1,279.92,0.0,41.494,-0.0,41.494,3.121,0.0,0,0.0,-0.0,0.15,0.001,222000,222000.0,-0.0,-0.0,-19313.8,-3985.4,0.0,3862.8,122.6,-18255.8,-608526.2,199758.8,0.0,1,0
19.4,684.087,594.1,284.087,0.0,41.806,-0.0,41.806,3.12,0.0,0,0.0,-0.0,0.15,0.001,222000,222000.0,-0.0,-0.0,-19605.8,-4045.6,0.0,3921.2,124.5,-18247.0,-608234.2,199707.3,0.0,1,0
19.5,688.286,594.1,288.286,0.0,42.118,-0.0,42.118,3.12,0.0,0,0.0,-0.0,0.15,0.001,222000,222000.0,-0.0,-0.0,-19899.9,-4106.3,0.0,3980.0,126.3,-18238.2,-607940.1,199655.5,0.0,1,0
19.6,692.516,594.1,292.516,0.0,42.43,-0.0,42.43,3.113,0.0,5,0.0,5.0,0.6,0.0152,222000,221155.2,-19348.6,-0.0,-80785.2,-6091.0,0.0,4039.3,2051.7,-15831.2,-527706.2,199233.1,0.0,1,0
19.7,696.777,594.1,296.777,0.0,42.739,-0.0,42.739,3.078,0.0,8,0.0,8.0,0.87,0.032,222000,219839.5,-30896.4,-0.0,-118853.6,-8475.3,0.0,4098.4,4376.9,-14342.7,-478090.0,197021.5,0.0,1,0
19.8,701.069,594.1,301.069,0.0,43.047,-0.0,43.047,3.077,0.0,8,0.0,8.0,0.87,0.032,222000,219839.5,-30896.4,-0.0,-120573.8,-8597.9,0.0,4157.7,4440.2,-14291.1,-476369.8,196950.5,0.0,1,0
19.9,705.392,594.1,305.392,0.0,43.354,-0.0,43.354,3.076,-0.0,8,0.0,8.0,0.87,0.032,222000,219839.5,-30896.4,-0.0,-122305.6,-8721.4,0.0,4217.4,4504.0,-14239.1,-474637.9,196878.9,-0.0,1,0
20.0,709.745,594.1,309.745,0.0,43.662,-0.0,43.662,3.075,-0.0,8,0.0,8.0,0.87,0.032,222000,219839.5,-30896.4,-0.0,-124049.3,-8845.8,0.0,4277.6,4568.2,-14186.8,-472894.3,196806.9,-0.0,1,0
20.1,714.129,594.1,314.129,0.0,43.969,-0.0,43.969,3.074,-0.0,8,0.0,8.0,0.87,0.032,222000,219839.5,-30896.4,-0.0,-125804.6,-8970.9,0.0,4338.1,4632.8,-14134.2,-471139.0,196734.4,-0.0,1,0
20.2,718.544,594.1,318.544,0.0,44.277,-0.0,44.277,3.073,0.0,8,0.0,8.0,0.87,0.032,222000,219839.5,-30896.4,-0.0,-127571.5,-9096.9,0.0,4399.0,4697.9,-14081.2,-469372.0,196661.4,0.0,1,0
20.3,722.99,594.1,322.99,0.0,44.584,-0.0,44.584,3.072,-0.0,8,0.0,8.0,0.87,0.032,222000,219839.5,-30896.4,-0.0,-129350.2,-9223.8,0.0,4460.4,4763.4,-14027.8,-467593.4,196587.9,-0.0,1,0
20.4,727.466,594.1,327.466,0.0,44.891,-0.0,44.891,3.071,0.0,8,0.0,8.0,0.87,0.032,222000,219839.5,-30896.4,-0.0,-131140.5,-9351.4,0.0,4522.1,4829.3,-13974.1,-465803.1,196514.0,0.0,1,0
20.5,731.973,594.1,331.973,0.0,45.198,-0.0,45.198,3.069,0.0,8,0.0,8.0,0.87,0.032,222000,219839.5,-30896.4,-0.0,-132942.4,-9479.9,0.0,4584.2,4895.7,-13920.0,-464001.2,196439.6,0.0,1,0
20.6,736.511,594.1,336.511,0.0,45.505,-0.0,45.505,3.068,0.0,8,0.0,8.0,0.87,0.032,222000,219839.5,-30896.4,-0.0,-134755.9,-9609.2,0.0,4646.8,4962.5,-13865.6,-462187.7,196364.6,0.0,1,0
20.7,741.079,594.1,341.079,0.0,45.812,-0.0,45.812,3.067,0.0,8,0.0,8.0,0.87,0.032,222000,219839.5,-30896.4,-0.0,-136581.0,-9739.4,0.0,4709.7,5029.7,-13810.9,-460362.6,196289.2,0.0,1,0
20.8,745.678,594.1,345.678,0.0,46.118,-0.0,46.118,3.066,0.0,8,0.0,8.0,0.87,0.032,222000,219839.5,-30896.4,-0.0,-138417.6,-9870.4,0.0,4773.0,5097.3,-13755.8,-458526.0,196213.4,0.0,1,0
20.9,750.308,594.1,350.308,0.0,46.425,-0.0,46.425,3.065,0.0,8,0.0,8.0,0.87,0.032,222000,219839.5,-30896.4,-0.0,-140265.8,-10002.1,0.0,4836.8,5165.4,-13700.3,-456677.8,196137.0,0.0,1,0
21.0,754.968,594.1,354.968,0.0,46.731,-0.0,46.731,3.063,0.0,8,0.0,8.0,0.87,0.032,222000,219839.5,-30896.4,-0.0,-142125.6,-10134.8,0.0,4900.9,5233.9,-13644.5,-454818.0,196060.2,0.0,1,0
21.1,759.659,594.1,359.659,0.0,47.038,-0.0,47.038,3.062,0.0,8,0.0,8.0,0.87,0.032,222000,219839.5,-30896.4,-0.0,-143996.8,-10268.2,0.0,4965.4,5302.8,-13588.4,-452946.8,195982.9,0.0,1,0
21.2,764.381,594.1,364.381,0.0,47.344,-0.0,47.344,3.061,-0.0,8,0.0,8.0,0.87,0.032,222000,219839.5,-30896.4,-0.0,-145879.5,-10402.5,0.0,5030.3,5372.1,-13531.9,-451064.0,195905.1,-0.0,1,0
21.3,769.133,594.1,369.133,0.0,47.65,-0.0,47.65,3.06,0.0,8,0.0,8.0,0.87,0.032,222000,219839.5,-30896.4,-0.0,-147773.7,-10537.5,0.0,5095.6,5441.9,-13475.1,-449169.8,195826.9,0.0,1,0
21.4,773.916,594.1,373.916,0.0,47.956,-0.0,47.956,3.059,0.0,8,0.0,8.0,0.87,0.032,222000,219839.5,-30896.4,-0.0,-149679.4,-10673.4,0.0,5161.4,5512.1,-13417.9,-447264.2,195748.2,0.0,1,0
21.5,778.729,594.1,378.729,0.0,48.261,-0.0,48.261,3.057,0.0,8,0.0,8.0,0.87,0.032,222000,219839.5,-30896.4,-0.0,-151596.5,-10810.1,0.0,5227.5,5582.7,-13360.4,-445347.1,195669.0,0.0,1,0
21.6,783.573,594.1,383.573,0.0,48.567,-0.0,48.567,3.056,-0.0,8,0.0,8.0,0.87,0.032,222000,219839.5,-30896.4,-0.0,-153525.0,-10947.6,0.0,5294.0,5653.7,-13302.6,-443418.6,195589.3,-0.0,1,0
21.7,788.448,594.1,388.448,0.0,48.873,-0.0,48.873,3.055,-0.0,8,0.0,8.0,0.87,0.032,222000,219839.5,-30896.4,-0.0,-155464.9,-11086.0,0.0,5360.9,5725.1,-13244.4,-441478.7,195509.2,-0.0,1,0
21.8,793.353,594.1,393.353,0.0,49.178,-0.0,49.178,3.054,-0.0,8,0.0,8.0,0.87,0.032,222000,219839.5,-30896.4,-0.0,-157416.2,-11225.1,0.0,5428.1,5797.0,-13185.8,-439527.4,195428.6,-0.0,1,0
21.9167,799.114,594.1,399.114,0.0,49.534,-0.0,49.534,3.052,0.0,8,0.0,8.0,0.87,0.032,222000,219839.5,-30896.4,-0.0,-159707.0,-11388.5,0.0,5507.1,5881.3,-13117.1,-437236.6,195333.9,0.0,1,0
22.0167,804.085,594.1,404.085,0.0,49.839,-0.0,49.839,3.051,0.0,8,0.0,8.0,0.87,0.032,222000,219839.5,-30896.4,-0.0,-161682.9,-11529.4,0.0,5575.3,5954.1,-13057.8,-435260.7,195252.3,0.0,1,0
22.1167,809.087,594.1,409.087,0.0,50.144,-0.0,50.144,3.05,-0.0,8,0.0,8.0,0.87,0.032,222000,219839.5,-30896.4,-0.0,-163670.0,-11671.1,0.0,5643.8,6027.3,-12998.2,-433273.5,195170.2,-0.0,1,0
22.2167,814.119,594.1,414.119,0.0,50.449,-0.0,50.449,3.048,0.0,8,0.0,8.0,0.87,0.032,222000,219839.5,-30896.4,-0.0,-165668.5,-11813.6,0.0,5712.7,6100.9,-12938.3,-431275.1,195087.7,0.0,1,0
22.3167,819.182,594.1,419.182,0.0,50.754,-0.0,50.754,3.047,-0.0,8,0.0,8.0,0.87,0.032,222000,219839.5,-30896.4,-0.0,-167678.2,-11956.9,0.0,5782.0,6174.9,-12878.0,-429265.4,195004.7,-0.0,1,0
22.4167,824.275,594.1,424.275,0.0,51.06,-0.0,51.06,3.087,0.0,5,0.0,5.0,0.6,0.0152,222000,221155.2,-19348.6,-0.0,-117037.6,-8824.3,0.0,5851.9,2972.4,-14743.6,-491453.8,197587.3,0.0,1,0
22.5167,829.399,594.1,429.399,0.0,51.37,-0.0,51.37,3.098,-0.0,1,0.0,1.0,0.24,0.0024,222000,221966.2,-3874.4,-0.0,-47385.1,-6404.5,0.0,5923.1,481.4,-17297.4,-576580.5,198264.3,-0.0,1,0
22.6167,834.554,594.1,434.554,0.0,51.68,-0.0,51.68,3.097,-0.0,1,0.0,1.0,0.24,0.0024,222000,221966.2,-3874.4,-0.0,-47958.8,-6482.1,0.0,5994.9,487.2,-17280.2,-576006.7,198203.9,-0.0,1,0
22.7167,839.74,594.1,439.74,0.0,51.989,0.0,51.989,3.096,0.0,1,-0.0,1.0,0.24,0.0024,222000,221966.2,-3874.4,0.0,-48535.9,-6560.1,-0.0,6067.0,493.1,-17262.9,-575429.7,198143.2,0.0,1,0
22.8167,844.957,594.1,444.957,0.0,52.299,0.0,52.299,3.095,0.0,1,-0.0,1.0,0.24,0.0024,222000,221966.2,-3874.4,0.0,-49116.2,-6638.5,-0.0,6139.5,499.0,-17245.5,-574849.4,198082.2,0.0,1,0
22.9167,850.205,594.1,450.205,0.0,52.608,-0.0,52.608,3.094,-0.0,1,0.0,1.0,0.24,0.0024,222000,221966.2,-3874.4,-0.0,-49699.7,-6717.4,0.0,6212.5,504.9,-17228.0,-574265.9,198020.9,-0.0,1,0
23.0167,855.484,594.1,455.484,0.0,52.918,0.0,52.918,3.093,0.0,1,-0.0,1.0,0.24,0.0024,222000,221966.2,-3874.4,0.0,-50286.5,-6796.7,-0.0,6285.8,510.9,-17210.4,-573679.0,197959.1,0.0,1,0
23.1167,860.794,594.1,460.794,0.0,53.227,0.0,53.227,3.08,0.0,5,-0.0,5.0,0.6,0.0152,222000,221155.2,-19348.6,0.0,-127191.4,-9589.9,-0.0,6359.6,3230.3,-14439.0,-481300.0,197126.4,0.0,1,0
23.2167,866.134,594.1,466.134,0.0,53.531,-0.0,53.531,3.035,0.0,8,0.0,8.0,0.87,0.032,222000,219839.5,-30896.4,-0.0,-186550.3,-13302.6,0.0,6432.8,6869.9,-12311.8,-410393.3,194225.1,0.0,1,0
23.3167,871.505,594.1,471.505,0.0,53.834,-0.0,53.834,3.033,0.0,8,0.0,8.0,0.87,0.032,222000,219839.5,-30896.4,-0.0,-188673.0,-13454.0,0.0,6506.0,6948.0,-12248.1,-408270.5,194137.4,0.0,1,0
23.4167,876.906,594.1,476.906,0.0,54.138,-0.0,54.138,3.032,0.0,8,0.0,8.0,0.87,0.032,222000,219839.5,-30896.4,-0.0,-190806.9,-13606.2,0.0,6579.5,7026.6,-12184.1,-406136.7,194049.3,0.0,1,0
23.5167,882.338,594.1,482.338,0.0,54.441,-0.0,54.441,3.031,0.0,8,0.0,8.0,0.87,0.032,222000,219839.5,-30896.4,-0.0,-192951.7,-13759.1,0.0,6653.5,7105.6,-12119.8,-403991.9,193960.7,0.0,1,0
23.6167,887.799,594.1,487.799,0.0,54.744,-0.0,54.744,3.029,0.0,8,0.0,8.0,0.87,0.032,222000,219839.5,-30896.4,-0.0,-195107.5,-13912.8,0.0,6727.8,7185.0,-12055.1,-401836.0,193871.6,0.0,1,0
23.7167,893.291,594.1,493.291,0.0,55.047,0.0,55.047,3.028,0.0,8,-0.0,8.0,0.87,0.032,222000,219839.5,-30896.4,0.0,-197274.4,-14067.3,-0.0,6802.6,7264.8,-11990.1,-399669.2,193782.1,0.0,1,0
23.8167,898.814,594.1,498.814,0.0,55.349,0.0,55.349,3.026,0.0,8,-0.0,8.0,0.87,0.032,222000,219839.5,-30896.4,0.0,-199452.1,-14222.6,-0.0,6877.7,7345.0,-11924.7,-397491.5,193692.1,0.0,1,0
23.9167,904.366,594.1,504.366,0.0,55.652,-0.0,55.652,3.025,0.0,8,0.0,8.0,0.87,0.032,222000,219839.5,-30896.4,-0.0,-201640.8,-14378.7,0.0,6953.1,7425.6,-11859.1,-395302.7,193601.7,0.0,1,0
24.0167,909.949,594.1,509.949,0.0,55.954,-0.0,55.954,3.024,0.0,8,0.0,8.0,0.87,0.032,222000,219839.5,-30896.4,-0.0,-203840.4,-14535.6,0.0,7029.0,7506.6,-11793.1,-393103.1,193510.9,0.0,1,0
24.1167,915.562,594.1,515.562,0.0,56.257,-0.0,56.257,3.022,0.0,8,0.0,8.0,0.87,0.032,222000,219839.5,-30896.4,-0.0,-206050.9,-14693.2,0.0,7105.2,7588.0,-11726.8,-390892.6,193419.5,0.0,1,0
24.2167,921.206,594.1,521.206,0.0,56.559,-0.0,56.559,3.021,0.0,8,0.0,8.0,0.87,0.032,222000,219839.5,-30896.4,-0.0,-208272.3,-14851.6,0.0,7181.8,7669.8,-11660.1,-388671.3,193327.8,0.0,1,0
24.3167,926.879,594.1,526.879,0.0,56.861,-0.0,56.861,3.019,0.0,8,0.0,8.0,0.87,0.032,222000,219839.5,-30896.4,-0.0,-210504.5,-15010.8,0.0,7258.8,7752.0,-11593.2,-386439.0,193235.6,0.0,1,0
24.4167,932.583,594.1,532.583,0.0,57.163,-0.0,57.163,3.018,0.0,8,0.0,8.0,0.87,0.032,222000,219839.5,-30896.4,-0.0,-212747.6,-15170.7,0.0,7336.1,7834.6,-11525.9,-384196.0,193142.9,0.0,1,0
24.5167,938.317,594.1,538.317,0.0,57.464,-0.0,57.464,3.016,0.0,8,0.0,8.0,0.87,0.032,222000,219839.5,-30896.4,-0.0,-215001.4,-15331.4,0.0,7413.8,7917.6,-11458.3,-381942.2,193049.8,0.0,1,0
24.6167,944.081,594.1,544.081,0.0,57.766,0.0,57.766,3.015,0.0,8,-0.0,8.0,0.87,0.032,222000,219839.5,-30896.4,0.0,-217266.0,-15492.9,-0.0,7491.9,8001.0,-11390.3,-379677.5,192956.3,0.0,1,0
24.7167,949.875,594.1,549.875,0.0,58.067,0.0,58.067,3.013,0.0,8,-0.0,8.0,0.87,0.032,222000,219839.5,-30896.4,0.0,-219541.4,-15655.2,-0.0,7570.4,8084.8,-11322.1,-377402.2,192862.3,0.0,1,0
24.8167,955.699,594.1,555.699,0.0,58.368,-0.0,58.368,3.012,0.0,8,0.0,8.0,0.87,0.032,222000,219839.5,-30896.4,-0.0,-221827.5,-15818.2,0.0,7649.2,8169.0,-11253.5,-375116.1,192767.8,0.0,1,0
24.9167,961.553,594.1,561.553,0.0,58.67,-0.0,58.67,3.011,0.0,8,0.0,8.0,0.87,0.032,222000,219839.5,-30896.4,-0.0,-224124.3,-15982.0,0.0,7728.4,8253.5,-11184.6,-372819.2,192673.0,0.0,1,0
25.0167,967.438,594.1,567.438,0.0,58.971,-0.0,58.971,3.009,0.0,8,0.0,8.0,0.87,0.032,222000,219839.5,-30896.4,-0.0,-226431.8,-16146.5,0.0,7808.0,8338.5,-11115.4,-370511.7,192577.6,0.0,1,0
25.1167,973.352,594.1,573.352,0.0,59.271,-0.0,59.271,3.008,-0.0,8,0.0,8.0,0.87,0.032,222000,219839.5,-30896.4,-0.0,-228750.0,-16311.8,0.0,7887.9,8423.9,-11045.8,-368193.6,192481.9,-0.0,1,0
25.2167,979.297,594.1,579.297,0.0,59.572,-0.0,59.572,3.006,-0.0,8,0.0,8.0,0.87,0.032,222000,219839.5,-30896.4,-0.0,-231078.8,-16477.9,0.0,7968.2,8509.6,-10975.9,-365864.8,192385.7,-0.0,1,0
25.3167,985.272,594.1,585.272,0.0,59.873,-0.0,59.873,3.005,0.0,8,0.0,8.0,0.87,0.032,222000,219839.5,-30896.4,-0.0,-233418.2,-16644.7,0.0,8048.9,8595.8,-10905.8,-363525.3,192289.0,0.0,1,0
25.4167,991.277,594.1,591.277,0.0,60.173,-0.0,60.173,3.003,0.0,8,0.0,8.0,0.87,0.032,222000,219839.5,-30896.4,-0.0,-235768.3,-16812.3,0.0,8129.9,8682.3,-10835.3,-361175.3,192192.0,0.0,1,0
25.5167,997.311,594.1,597.311,0.0,60.473,-0.0,60.473,3.001,0.0,8,0.0,8.0,0.87,0.032,222000,219839.5,-30896.4,-0.0,-238128.9,-16980.6,0.0,8211.3,8769.3,-10764.4,-358814.7,192094.5,0.0,1,0
25.6167,1003.376,594.1,603.376,0.0,60.773,-0.0,60.773,3.0,0.0,8,0.0,8.0,0.87,0.032,222000,219839.5,-30896.4,-0.0,-240500.0,-17149.7,0.0,8293.1,8856.6,-10693.3,-356443.5,191996.5,0.0,1,0
25.7167,1009.471,594.1,609.471,0.0,61.073,-0.0,61.073,2.998,0.0,8,0.0,8.0,0.87,0.032,222000,219839.5,-30896.4,-0.0,-242881.7,-17319.5,0.0,8375.2,8944.3,-10621.9,-354061.9,191898.1,0.0,1,0
25.8167,1015.596,594.1,615.596,0.0,61.373,-0.0,61.373,2.997,-0.0,8,0.0,8.0,0.87,0.032,222000,219839.5,-30896.4,-0.0,-245273.9,-17490.1,0.0,8457.7,9032.4,-10550.1,-351669.7,191799.3,-0.0,1,0
25.9167,1021.751,594.1,621.751,0.0,61.672,-0.0,61.672,2.995,0.0,8,0.0,8.0,0.87,0.032,222000,219839.5,-30896.4,-0.0,-247676.5,-17661.4,0.0,8540.6,9120.9,-10478.0,-349267.0,191700.1,0.0,1,0
26.0167,1027.935,594.1,627.935,0.0,61.972,-0.0,61.972,2.994,0.0,8,0.0,8.0,0.87,0.032,222000,219839.5,-30896.4,-0.0,-250089.7,-17833.5,0.0,8623.8,9209.7,-10405.6,-346853.9,191600.4,0.0,1,0
26.1167,1034.15,594.1,634.15,0.0,62.271,-0.0,62.271,2.992,0.0,8,0.0,8.0,0.87,0.032,222000,219839.5,-30896.4,-0.0,-252513.2,-18006.3,0.0,8707.4,9299.0,-10332.9,-344430.4,191500.3,0.0,1,0
26.2167,1040.395,594.1,640.395,0.0,62.57,-0.0,62.57,2.991,0.0,8,0.0,8.0,0.87,0.032,222000,219839.5,-30896.4,-0.0,-254947.2,-18179.9,0.0,8791.3,9388.6,-10259.9,-341996.4,191399.7,0.0,1,0
26.3167,1046.669,594.1,646.669,0.0,62.869,-0.0,62.869,2.989,0.0,8,0.0,8.0,0.87,0.032,222000,219839.5,-30896.4,-0.0,-257391.5,-18354.2,0.0,8875.6,9478.6,-10186.6,-339552.1,191298.7,0.0,1,0
26.4167,1052.973,594.1,652.973,0.0,63.168,-0.0,63.168,2.987,0.0,8,0.0,8.0,0.87,0.032,222000,219839.5,-30896.4,-0.0,-259846.2,-18529.2,0.0,8960.2,9569.0,-10112.9,-337097.4,191197.3,0.0,1,0
26.5167,1059.308,594.1,659.308,0.0,63.467,-0.0,63.467,2.986,0.0,8,0.0,8.0,0.87,0.032,222000,219839.5,-30896.4,-0.0,-262311.2,-18705.0,0.0,9045.2,9659.8,-10039.0,-334632.3,191095.5,0.0,1,0
26.6167,1065.672,594.1,665.672,0.0,63.765,-0.0,63.765,2.984,0.0,8,0.0,8.0,0.87,0.032,222000,219839.5,-30896.4,-0.0,-264786.6,-18881.5,0.0,9130.6,9751.0,-9964.7,-332157.0,190993.3,0.0,1,0
26.7167,1072.066,594.1,672.066,0.0,64.064,-0.0,64.064,2.983,0.0,8,0.0,8.0,0.87,0.032,222000,219839.5,-30896.4,-0.0,-267272.2,-19058.8,0.0,9216.3,9842.5,-9890.1,-329671.3,190890.6,0.0,1,0
26.8167,1078.489,594.1,678.489,0.0,64.362,-0.0,64.362,2.981,0.0,8,0.0,8.0,0.87,0.032,222000,219839.5,-30896.4,-0.0,-269768.1,-19236.8,0.0,9302.3,9934.4,-9815.3,-327175.4,190787.5,0.0,1,0
26.9167,1084.943,594.1,684.943,0.0,64.66,-0.0,64.66,2.979,0.0,8,0.0,8.0,0.87,0.032,222000,219839.5,-30896.4,-0.0,-272274.3,-19415.5,0.0,9388.8,10026.7,-9740.1,-324669.3,190684.0,0.0,1,0
27.0167,1091.426,594.1,691.426,0.0,64.958,-0.0,64.958,2.978,0.0,8,0.0,8.0,0.87,0.032,222000,219839.5,-30896.4,-0.0,-274790.6,-19594.9,0.0,9475.5,10119.4,-9664.6,-322152.9,190580.0,0.0,1,0
27.1167,1097.939,594.1,697.939,0.0,65.255,-0.0,65.255,2.976,0.0,8,0.0,8.0,0.87,0.032,222000,219839.5,-30896.4,-0.0,-277317.2,-19775.1,0.0,9562.7,10212.4,-9588.8,-319626.4,190475.6,0.0,1,0
27.2167,1104.482,594.1,704.482,0.0,65.553,-0.0,65.553,2.975,0.0,8,0.0,8.0,0.87,0.032,222000,219839.5,-30896.4,-0.0,-279853.9,-19956.0,0.0,9650.1,10305.8,-9512.7,-317089.7,190370.9,0.0,1,0
27.3167,1111.055,594.1,711.055,0.0,65.85,-0.0,65.85,2.973,0.0,8,0.0,8.0,0.87,0.032,222000,219839.5,-30896.4,-0.0,-282400.7,-20137.6,0.0,9738.0,10399.6,-9436.3,-314542.8,190265.7,0.0,1,0
27.4167,1117.657,594.1,717.657,0.0,66.147,-0.0,66.147,2.971,0.0,8,0.0,8.0,0.87,0.032,222000,219839.5,-30896.4,-0.0,-284957.7,-20319.9,0.0,9826.1,10493.8,-9359.6,-311985.9,190160.0,0.0,1,0
27.5167,1124.289,594.1,724.289,0.0,66.444,-0.0,66.444,2.97,0.0,8,0.0,8.0,0.87,0.032,222000,219839.5,-30896.4,-0.0,-287524.8,-20503.0,0.0,9914.6,10588.3,-9282.6,-309418.8,190054.0,0.0,1,0
27.6167,1130.951,594.1,730.951,0.0,66.741,-0.0,66.741,2.968,0.0,8,0.0,8.0,0.87,0.032,222000,219839.5,-30896.4,-0.0,-290101.9,-20686.7,0.0,10003.5,10683.2,-9205.2,-306841.7,189947.5,0.0,1,0
27.7167,1137.642,594.1,737.642,0.0,67.038,-0.0,67.038,2.966,0.0,8,0.0,8.0,0.87,0.032,222000,219839.5,-30896.4,-0.0,-292689.1,-20871.2,0.0,10092.7,10778.5,-9127.6,-304254.5,189840.7,0.0,1,0
27.8167,1144.364,594.1,744.364,0.0,67.334,-0.0,67.334,2.965,0.0,8,0.0,8.0,0.87,0.032,222000,219839.5,-30896.4,-0.0,-295286.3,-21056.4,0.0,10182.3,10874.1,-9049.7,-301657.3,189733.4,0.0,1,0
27.9167,1151.114,594.1,751.114,0.0,67.631,-0.0,67.631,2.963,0.0,8,0.0,8.0,0.87,0.032,222000,219839.5,-30896.4,-0.0,-297893.5,-21242.3,0.0,10272.2,10970.1,-8971.5,-299050.1,189625.7,0.0,1,0
28.0167,1157.895,594.1,757.895,0.0,67.927,-0.0,67.927,2.961,0.0,8,0.0,8.0,0.87,0.032,222000,219839.5,-30896.4,-0.0,-300510.6,-21429.0,0.0,10362.4,11066.5,-8893.0,-296433.0,189517.6,0.0,1,0
28.1167,1164.704,594.1,764.704,0.0,68.22,-0.0,68.22,2.854,0.0,11,0.0,11.0,1.14,0.055,222000,217921.2,-42359.6,-0.0,-397196.3,-29619.0,0.0,10452.5,19166.5,-5648.5,-188284.1,182653.7,0.0,1,0
28.2167,1171.543,594.1,771.543,0.0,68.495,-0.0,68.495,2.733,-0.0,15,0.0,15.0,1.3155,0.0732,222000,214435.5,-57457.8,-0.0,-462067.6,-36266.6,0.0,10537.6,25728.9,-3249.4,-108314.6,174919.5,-0.0,1,1
28.3167,1178.408,594.1,778.408,0.0,68.768,-0.0,68.768,2.73,-0.0,15,0.0,15.0,1.3155,0.0732,222000,214435.5,-57457.8,-0.0,-465763.4,-36556.6,0.0,10621.9,25934.7,-3138.6,-104618.8,174740.3,-0.0,1,1
28.4167,1185.301,594.1,785.301,0.0,69.041,-0.0,69.041,2.728,-0.0,15,0.0,15.0,1.3155,0.0732,222000,214435.5,-57457.8,-0.0,-469470.1,-36847.6,0.0,10706.4,26141.1,-3027.4,-100912.1,174560.6,-0.0,1,1
28.5167,1192.221,594.1,792.221,0.0,69.313,-0.0,69.313,2.725,0.0,15,0.0,15.0,1.3155,0.0732,222000,214435.5,-57457.8,-0.0,-473187.6,-37139.4,0.0,10791.2,26348.1,-2915.8,-97194.5,174380.3,0.0,1,1
28.6167,1199.168,594.1,799.168,0.0,69.585,-0.0,69.585,2.722,-0.0,15,0.0,15.0,1.3155,0.0732,222000,214435.5,-57457.8,-0.0,-476916.0,-37432.0,0.0,10876.2,26555.7,-2804.0,-93466.2,174199.6,-0.0,1,1
28.7167,1206.142,594.1,806.142,0.0,69.857,-0.0,69.857,2.719,0.0,15,0.0,15.0,1.3155,0.0732,222000,214435.5,-57457.8,-0.0,-480655.1,-37725.5,0.0,10961.5,26763.9,-2691.8,-89727.1,174018.3,0.0,1,1
28.8167,1213.144,594.1,813.144,0.0,70.129,-0.0,70.129,2.716,-0.0,15,0.0,15.0,1.3155,0.0732,222000,214435.5,-57457.8,-0.0,-484404.8,-38019.8,0.0,11047.0,26972.7,-2579.3,-85977.4,173836.4,-0.0,1,1
28.9167,1220.173,594.1,820.173,0.0,70.401,-0.0,70.401,2.713,-0.0,15,0.0,15.0,1.3155,0.0732,222000,214435.5,-57457.8,-0.0,-488165.2,-38314.9,0.0,11132.8,27182.1,-2466.5,-82217.0,173654.1,-0.0,1,1
29.0167,1227.228,594.1,827.228,0.0,70.672,-0.0,70.672,2.71,0.0,15,0.0,15.0,1.3155,0.0732,222000,214435.5,-57457.8,-0.0,-491936.1,-38610.9,0.0,11218.8,27392.1,-2353.4,-78446.0,173471.3,0.0,1,1
29.1167,1234.311,594.1,834.311,0.0,70.943,-0.0,70.943,2.708,-0.0,15,0.0,15.0,1.3155,0.0732,222000,214435.5,-57457.8,-0.0,-495717.6,-38907.7,0.0,11305.0,27602.7,-2239.9,-74664.6,173287.9,-0.0,1,1
29.2167,1241.421,594.1,841.421,0.0,71.213,-0.0,71.213,2.705,-0.0,15,0.0,15.0,1.3155,0.0732,222000,214435.5,-57457.8,-0.0,-499509.5,-39205.3,0.0,11391.5,27813.8,-2126.2,-70872.7,173104.1,-0.0,1,1
29.3167,1248.559,594.1,848.559,0.0,71.484,-0.0,71.484,2.702,-0.0,15,0.0,15.0,1.3155,0.0732,222000,214435.5,-57457.8,-0.0,-503311.8,-39503.7,0.0,11478.2,28025.5,-2012.1,-67070.4,172919.7,-0.0,1,1
29.4167,1255.723,594.1,855.723,0.0,71.754,-0.0,71.754,2.699,-0.0,15,0.0,15.0,1.3155,0.0732,222000,214435.5,-57457.8,-0.0,-507124.4,-39803.0,0.0,11565.2,28237.8,-1897.7,-63257.7,172734.8,-0.0,1,1
29.5167,1262.914,594.1,862.914,0.0,72.023,-0.0,72.023,2.696,-0.0,15,0.0,15.0,1.3155,0.0732,222000,214435.5,-57457.8,-0.0,-510947.4,-40103.0,0.0,11652.3,28450.7,-1783.0,-59434.8,172549.5,-0.0,1,1
29.6167,1270.132,594.1,870.132,0.0,72.293,-0.0,72.293,2.693,0.0,15,0.0,15.0,1.3155,0.0732,222000,214435.5,-57457.8,-0.0,-514780.5,-40403.9,0.0,11739.8,28664.1,-1668.1,-55601.7,172363.6,0.0,1,1
29.7167,1277.377,594.1,877.377,0.0,72.562,-0.0,72.562,2.69,-0.0,15,0.0,15.0,1.3155,0.0732,222000,214435.5,-57457.8,-0.0,-518623.8,-40705.5,0.0,11827.4,28878.1,-1552.8,-51758.4,172177.3,-0.0,1,1
29.8167,1284.649,594.1,884.649,0.0,72.831,-0.0,72.831,2.687,-0.0,15,0.0,15.0,1.3155,0.0732,222000,214435.5,-57457.8,-0.0,-522477.2,-41008.0,0.0,11915.3,29092.7,-1437.1,-47904.9,171990.4,-0.0,1,1
29.9167,1291.947,594.1,891.947,0.0,73.099,-0.0,73.099,2.672,0.0,14,0.0,14.0,1.3655,0.0789,222000,215405.7,-53706.7,-0.0,-546346.3,-43581.5,0.0,12003.4,31578.1,-833.6,-27787.0,170990.6,0.0,1,1
30.0167,1299.274,594.1,899.274,0.0,73.381,-0.0,73.381,2.895,0.0,9,0.0,9.0,0.96,0.039,222000,219266.8,-34728.5,-0.0,-387041.7,-27822.6,0.0,12095.1,15727.6,-6182.1,-206069.9,185262.1,0.0,1,0
30.1167,1306.629,594.1,906.629,0.0,73.671,-0.0,73.671,2.893,0.0,9,0.0,9.0,0.96,0.039,222000,219266.8,-34728.5,-0.0,-390102.4,-28042.6,0.0,12190.7,15851.9,-6090.3,-203009.1,185133.9,0.0,1,0
30.2167,1314.013,594.1,914.013,0.0,73.96,-0.0,73.96,2.891,0.0,9,0.0,9.0,0.96,0.039,222000,219266.8,-34728.5,-0.0,-393173.1,-28263.4,0.0,12286.7,15976.7,-5998.2,-199938.5,185005.3,0.0,1,0
30.3167,1321.425,594.1,921.425,0.0,74.249,-0.0,74.249,2.889,0.0,9,0.0,9.0,0.96,0.039,222000,219266.8,-34728.5,-0.0,-396253.6,-28484.8,0.0,12382.9,16101.9,-5905.7,-196857.9,184876.3,0.0,1,0
30.4167,1328.867,594.1,928.867,0.0,74.537,-0.0,74.537,2.887,0.0,9,0.0,9.0,0.96,0.039,222000,219266.8,-34728.5,-0.0,-399344.0,-28707.0,0.0,12479.5,16227.5,-5813.0,-193767.5,184746.8,0.0,1,0
30.5167,1336.338,594.1,936.338,0.0,74.826,-0.0,74.826,2.885,0.0,9,0.0,9.0,0.96,0.039,222000,219266.8,-34728.5,-0.0,-402444.2,-28929.8,0.0,12576.4,16353.4,-5720.0,-190667.3,184617.0,0.0,1,0
30.6167,1343.837,594.1,943.837,0.0,75.114,-0.0,75.114,2.883,0.0,9,0.0,9.0,0.96,0.039,222000,219266.8,-34728.5,-0.0,-405554.3,-29153.4,0.0,12673.6,16479.8,-5626.7,-187557.3,184486.7,0.0,1,0
30.7167,1351.365,594.1,951.365,0.0,75.403,-0.0,75.403,2.881,0.0,9,0.0,9.0,0.96,0.039,222000,219266.8,-34728.5,-0.0,-408674.0,-29377.7,0.0,12771.1,16606.6,-5533.1,-184437.5,184356.0,0.0,1,0
30.8167,1358.922,594.1,958.922,0.0,75.69,-0.0,75.69,2.879,0.0,9,0.0,9.0,0.96,0.039,222000,219266.8,-34728.5,-0.0,-411803.5,-29602.6,0.0,12868.9,16733.8,-5439.2,-181308.0,184224.9,0.0,1,0
30.9167,1366.508,594.1,966.508,0.0,75.978,-0.0,75.978,2.876,0.0,9,0.0,9.0,0.96,0.039,222000,219266.8,-34728.5,-0.0,-414942.7,-29828.3,0.0,12967.0,16861.3,-5345.1,-178168.8,184093.5,0.0,1,0
31.0167,1374.123,594.1,974.123,0.0,76.266,-0.0,76.266,2.874,0.0,9,0.0,9.0,0.96,0.039,222000,219266.8,-34728.5,-0.0,-418091.6,-30054.6,0.0,13065.4,16989.3,-5250.6,-175019.9,183961.6,0.0,1,0
31.1167,1381.766,594.1,981.766,0.0,76.553,-0.0,76.553,2.872,0.0,9,0.0,9.0,0.96,0.039,222000,219266.8,-34728.5,-0.0,-421250.1,-30281.7,0.0,13164.1,17117.6,-5155.8,-171861.5,183829.3,0.0,1,0
31.2167,1389.438,594.1,989.438,0.0,76.84,-0.0,76.84,2.87,0.0,9,0.0,9.0,0.96,0.039,222000,219266.8,-34728.5,-0.0,-424418.2,-30509.4,0.0,13263.1,17246.4,-5060.8,-168693.4,183696.6,0.0,1,0
31.3167,1397.139,594.1,997.139,0.0,77.127,-0.0,77.127,2.868,0.0,9,0.0,9.0,0.96,0.039,222000,219266.8,-34728.5,-0.0,-427595.8,-30737.9,0.0,13362.4,17375.5,-4965.5,-165515.7,183563.5,0.0,1,0
31.4167,1404.868,594.1,1004.868,0.0,77.414,-0.0,77.414,2.866,0.0,9,0.0,9.0,0.96,0.039,222000,219266.8,-34728.5,-0.0,-430783.0,-30967.0,0.0,13462.0,17505.0,-4869.9,-162328.5,183430.0,0.0,1,0
31.5167,1412.626,594.1,1012.626,0.0,77.7,-0.0,77.7,2.864,0.0,9,0.0,9.0,0.96,0.039,222000,219266.8,-34728.5,-0.0,-433979.7,-31196.8,0.0,13561.9,17634.9,-4774.0,-159131.8,183296.1,0.0,1,0
31.6167,1420.413,594.1,1020.413,0.0,77.986,-0.0,77.986,2.862,0.0,9,0.0,9.0,0.96,0.039,222000,219266.8,-34728.5,-0.0,-437185.9,-31427.2,0.0,13662.1,17765.2,-4677.8,-155925.7,183161.8,0.0,1,0
31.7167,1428.229,594.1,1028.229,0.0,78.273,-0.0,78.273,2.86,0.0,9,0.0,9.0,0.96,0.039,222000,219266.8,-34728.5,-0.0,-440401.5,-31658.4,0.0,13762.5,17895.8,-4581.3,-152710.1,183027.1,0.0,1,0
31.8167,1436.072,594.1,1036.072,0.0,78.558,-0.0,78.558,2.858,0.0,9,0.0,9.0,0.96,0.039,222000,219266.8,-34728.5,-0.0,-443626.5,-31890.2,0.0,13863.3,18026.9,-4484.6,-149485.1,182892.0,0.0,1,0
31.9167,1443.945,594.1,1043.945,0.0,78.844,-0.0,78.844,2.856,0.0,9,0.0,9.0,0.96,0.039,222000,219266.8,-34728.5,-0.0,-446860.8,-32122.7,0.0,13964.4,18158.3,-4387.5,-146250.7,182756.6,0.0,1,0
32.0167,1451.846,594.1,1051.846,0.0,79.129,-0.0,79.129,2.853,0.0,9,0.0,9.0,0.96,0.039,222000,219266.8,-34728.5,-0.0,-450104.5,-32355.9,0.0,14065.8,18290.1,-4290.2,-143007.0,182620.7,0.0,1,0
32.1167,1459.776,594.1,1059.776,0.0,79.415,-0.0,79.415,2.851,0.0,9,0.0,9.0,0.96,0.039,222000,219266.8,-34728.5,-0.0,-453357.5,-32589.7,0.0,14167.4,18422.3,-4192.6,-139754.0,182484.4,0.0,1,0
32.2167,1467.734,594.1,1067.734,0.0,79.7,-0.0,79.7,2.849,0.0,9,0.0,9.0,0.96,0.039,222000,219266.8,-34728.5,-0.0,-456619.8,-32824.3,0.0,14269.4,18554.9,-4094.8,-136491.8,182347.8,0.0,1,0
32.3167,1475.72,594.1,1075.72,0.0,79.985,-0.0,79.985,2.847,0.0,9,0.0,9.0,0.96,0.039,222000,219266.8,-34728.5,-0.0,-459891.3,-33059.4,0.0,14371.6,18687.8,-3996.6,-133220.3,182210.8,0.0,1,0
32.4167,1483.735,594.1,1083.735,0.0,80.269,-0.0,80.269,2.845,0.0,9,0.0,9.0,0.96,0.039,222000,219266.8,-34728.5,-0.0,-463172.0,-33295.3,0.0,14474.1,18821.1,-3898.2,-129939.6,182073.4,0.0,1,0
32.5167,1491.779,594.1,1091.779,0.0,80.553,-0.0,80.553,2.843,0.0,9,0.0,9.0,0.96,0.039,222000,219266.8,-34728.5,-0.0,-466461.9,-33531.8,0.0,14576.9,18954.8,-3799.5,-126649.7,181935.6,0.0,1,0
32.6167,1499.851,594.1,1099.851,0.0,80.838,-0.0,80.838,2.841,0.0,9,0.0,9.0,0.96,0.039,222000,219266.8,-34728.5,-0.0,-469760.9,-33768.9,0.0,14680.0,19088.9,-3700.5,-123350.7,181797.4,0.0,1,0
32.7167,1507.951,594.1,1107.951,0.0,81.122,-0.0,81.122,2.838,0.0,9,0.0,9.0,0.96,0.039,222000,219266.8,-34728.5,-0.0,-473069.0,-34006.7,0.0,14783.4,19223.3,-3601.3,-120042.6,181658.8,0.0,1,0
32.8167,1516.08,594.1,1116.08,0.0,81.405,-0.0,81.405,2.836,0.0,9,0.0,9.0,0.96,0.039,222000,219266.8,-34728.5,-0.0,-476386.2,-34245.2,0.0,14887.1,19358.1,-3501.8,-116725.4,181519.9,0.0,1,0
32.9167,1524.237,594.1,1124.237,0.0,81.689,-0.0,81.689,2.834,0.0,9,0.0,9.0,0.96,0.039,222000,219266.8,-34728.5,-0.0,-479712.4,-34484.3,0.0,14991.0,19493.3,-3402.0,-113399.2,181380.6,0.0,1,0
33.0167,1532.422,594.1,1132.422,0.0,81.972,-0.0,81.972,2.832,0.0,9,0.0,9.0,0.96,0.039,222000,219266.8,-34728.5,-0.0,-483047.6,-34724.0,0.0,15095.2,19628.8,-3301.9,-110064.0,181240.9,0.0,1,0
33.1167,1540.636,594.1,1140.636,0.0,82.255,-0.0,82.255,2.83,0.0,9,0.0,9.0,0.96,0.039,222000,219266.8,-34728.5,-0.0,-486391.8,-34964.4,0.0,15199.7,19764.7,-3201.6,-106719.8,181100.8,0.0,1,0
33.2167,1548.878,594.1,1148.878,0.0,82.538,-0.0,82.538,2.828,0.0,9,0.0,9.0,0.96,0.039,222000,219266.8,-34728.5,-0.0,-489744.9,-35205.5,0.0,15304.5,19900.9,-3101.0,-103366.6,180960.4,0.0,1,0
33.3167,1557.148,594.1,1157.148,0.0,82.821,-0.0,82.821,2.825,0.0,9,0.0,9.0,0.96,0.039,222000,219266.8,-34728.5,-0.0,-493106.9,-35447.1,0.0,15409.6,20037.5,-3000.1,-100004.6,180819.5,0.0,1,0
33.4167,1565.447,594.1,1165.447,0.0,83.103,-0.0,83.103,2.823,0.0,9,0.0,9.0,0.96,0.039,222000,219266.8,-34728.5,-0.0,-496477.8,-35689.5,0.0,15514.9,20174.5,-2899.0,-96633.7,180678.3,0.0,1,0
33.5167,1573.774,594.1,1173.774,0.0,83.385,-0.0,83.385,2.821,0.0,9,0.0,9.0,0.96,0.039,222000,219266.8,-34728.5,-0.0,-499857.5,-35932.4,0.0,15620.5,20311.9,-2797.6,-93254.0,180536.8,0.0,1,0
33.6167,1582.129,594.1,1182.129,0.0,83.667,-0.0,83.667,2.819,0.0,9,0.0,9.0,0.96,0.039,222000,219266.8,-34728.5,-0.0,-503246.1,-36176.0,0.0,15726.4,20449.6,-2696.0,-89865.5,180394.9,0.0,1,0
33.7167,1590.512,594.1,1190.512,0.0,83.949,-0.0,83.949,2.816,0.0,9,0.0,9.0,0.96,0.039,222000,219266.8,-34728.5,-0.0,-506643.3,-36420.2,0.0,15832.6,20587.6,-2594.0,-86468.2,180252.6,0.0,1,0
33.8167,1598.923,594.1,1198.923,0.0,84.23,-0.0,84.23,2.814,0.0,9,0.0,9.0,0.96,0.039,222000,219266.8,-34728.5,-0.0,-510049.4,-36665.1,0.0,15939.0,20726.0,-2491.9,-83062.2,180109.9,0.0,1,0
33.9167,1607.362,594.1,1207.362,0.0,84.512,-0.0,84.512,2.812,-0.0,9,0.0,9.0,0.96,0.039,222000,219266.8,-34728.5,-0.0,-513464.1,-36910.5,0.0,16045.8,20864.8,-2389.4,-79647.5,179966.9,-0.0,1,0
34.0167,1615.83,594.1,1215.83,0.0,84.793,-0.0,84.793,2.81,0.0,9,0.0,9.0,0.96,0.039,222000,219266.8,-34728.5,-0.0,-516887.4,-37156.6,0.0,16152.7,21003.9,-2286.7,-76224.1,179823.5,0.0,1,0
34.1167,1624.326,594.1,1224.326,0.0,85.074,-0.0,85.074,2.807,0.0,9,0.0,9.0,0.96,0.039,222000,219266.8,-34728.5,-0.0,-520319.5,-37403.3,0.0,16260.0,21143.3,-2183.8,-72792.1,179679.7,0.0,1,0
34.2167,1632.849,594.1,1232.849,0.0,85.354,-0.0,85.354,2.805,-0.0,9,0.0,9.0,0.96,0.039,222000,219266.8,-34728.5,-0.0,-523760.1,-37650.7,0.0,16367.5,21283.1,-2080.5,-69351.5,179535.6,-0.0,1,0
34.3167,1641.401,594.1,1241.401,0.0,85.635,-0.0,85.635,2.803,0.0,9,0.0,9.0,0.96,0.039,222000,219266.8,-34728.5,-0.0,-527209.2,-37898.6,0.0,16475.3,21423.3,-1977.1,-65902.3,179391.1,0.0,1,0
34.4167,1649.981,594.1,1249.981,0.0,85.915,-0.0,85.915,2.801,0.0,9,0.0,9.0,0.96,0.039,222000,219266.8,-34728.5,-0.0,-530666.9,-38147.2,0.0,16583.3,21563.8,-1873.3,-62444.6,179246.3,0.0,1,0
34.5167,1658.589,594.1,1258.589,0.0,86.195,-0.0,86.195,2.798,0.0,9,0.0,9.0,0.96,0.039,222000,219266.8,-34728.5,-0.0,-534133.1,-38396.3,0.0,16691.7,21704.7,-1769.4,-58978.4,179101.1,0.0,1,0
34.6167,1667.225,594.1,1267.225,0.0,86.474,-0.0,86.474,2.796,0.0,9,0.0,9.0,0.96,0.039,222000,219266.8,-34728.5,-0.0,-537607.7,-38646.1,0.0,16800.2,21845.9,-1665.1,-55503.8,178955.6,0.0,1,0
34.7167,1675.888,594.1,1275.888,0.0,86.754,-0.0,86.754,2.794,0.0,9,0.0,9.0,0.96,0.039,222000,219266.8,-34728.5,-0.0,-541090.8,-38896.5,0.0,16909.1,21987.4,-1560.6,-52020.7,178809.7,0.0,1,0
34.8167,1684.58,594.1,1284.58,0.0,87.033,-0.0,87.033,2.792,0.0,9,0.0,9.0,0.96,0.039,222000,219266.8,-34728.5,-0.0,-544582.3,-39147.5,0.0,17018.2,22129.3,-1455.9,-48529.3,178663.5,0.0,1,0
34.9167,1693.3,594.1,1293.3,0.0,87.312,-0.0,87.312,2.789,0.0,9,0.0,9.0,0.96,0.039,222000,219266.8,-34728.5,-0.0,-548082.1,-39399.0,0.0,17127.6,22271.5,-1350.9,-45029.5,178516.9,0.0,1,0
35.0167,1702.047,594.1,1302.047,0.0,87.591,-0.0,87.591,2.787,0.0,9,0.0,9.0,0.96,0.039,222000,219266.8,-34728.5,-0.0,-551590.2,-39651.2,0.0,17237.2,22414.0,-1245.6,-41521.3,178369.9,0.0,1,0
35.1167,1710.822,594.1,1310.822,0.0,87.87,-0.0,87.87,2.785,0.0,9,0.0,9.0,0.96,0.039,222000,219266.8,-34728.5,-0.0,-555106.6,-39904.0,0.0,17347.1,22556.9,-1140.1,-38004.9,178222.7,0.0,1,0
35.2167,1719.626,594.1,1319.626,0.0,88.148,-0.0,88.148,2.782,0.0,9,0.0,9.0,0.96,0.039,222000,219266.8,-34728.5,-0.0,-558631.3,-40157.4,0.0,17457.2,22700.2,-1034.4,-34480.3,178075.0,0.0,1,0
35.3167,1728.457,594.1,1328.457,0.0,88.426,-0.0,88.426,2.78,0.0,9,0.0,9.0,0.96,0.039,222000,219266.8,-34728.5,-0.0,-562164.2,-40411.3,0.0,17567.6,22843.7,-928.4,-30947.4,177927.0,0.0,1,0
35.4167,1737.315,594.1,1337.315,0.0,88.704,-0.0,88.704,2.778,0.0,9,0.0,9.0,0.96,0.039,222000,219266.8,-34728.5,-0.0,-565705.2,-40665.9,0.0,17678.3,22987.6,-822.2,-27406.3,177778.7,0.0,1,0
35.5167,1746.202,594.1,1346.202,0.0,88.981,-0.0,88.981,2.775,0.0,9,0.0,9.0,0.96,0.039,222000,219266.8,-34728.5,-0.0,-569254.5,-40921.0,0.0,17789.2,23131.8,-715.7,-23857.1,177630.1,0.0,1,0
35.6167,1755.116,594.1,1355.116,0.0,89.259,-0.0,89.259,2.773,0.0,9,0.0,9.0,0.96,0.039,222000,219266.8,-34728.5,-0.0,-572811.8,-41176.8,0.0,17900.4,23276.4,-609.0,-20299.8,177481.1,0.0,1,0
35.7167,1764.058,594.1,1364.058,0.0,89.536,-0.0,89.536,2.771,0.0,9,0.0,9.0,0.96,0.039,222000,219266.8,-34728.5,-0.0,-576377.2,-41433.1,0.0,18011.8,23421.3,-502.0,-16734.3,177331.7,0.0,1,0
35.8167,1773.028,594.1,1373.028,0.0,89.813,-0.0,89.813,2.768,0.0,9,0.0,9.0,0.96,0.039,222000,219266.8,-34728.5,-0.0,-579950.7,-41689.9,0.0,18123.5,23566.5,-394.8,-13160.9,177182.1,0.0,1,0
35.9167,1782.026,594.1,1382.026,0.0,90.09,-0.0,90.09,2.766,0.0,9,0.0,9.0,0.96,0.039,222000,219266.8,-34728.5,-0.0,-583532.1,-41947.4,0.0,18235.4,23712.0,-287.4,-9579.4,177032.0,0.0,1,0
36.0167,1791.051,594.1,1391.051,0.0,90.366,-0.0,90.366,2.764,0.0,9,0.0,9.0,0.96,0.039,222000,219266.8,-34728.5,-0.0,-587121.6,-42205.4,0.0,18347.5,23857.9,-179.7,-5990.0,176881.7,0.0,1,0
36.1167,1800.103,594.1,1400.103,0.0,90.642,-0.0,90.642,2.761,0.0,9,0.0,9.0,0.96,0.039,222000,219266.8,-34728.5,-0.0,-590718.9,-42464.0,0.0,18460.0,24004.0,-71.8,-2392.6,176731.0,0.0,1,0
36.2167,1809.184,594.1,1409.184,0.0,90.918,-0.0,90.918,2.758,-0.019,9,0.0,9.0,0.96,0.039,222000,219266.8,-34728.5,-1.1,-594318.5,-42722.7,0.1,18572.6,24150.1,0.0,0.0,176543.0,-1206.8,0,0
36.3167,1818.292,594.1,1418.292,0.0,91.194,-0.006,91.194,2.754,-0.073,9,0.0,9.0,0.9598,0.039,222000,219266.8,-34728.5,-28.4,-597783.1,-42970.4,2.0,18685.5,24284.9,0.0,0.0,176268.1,-4669.5,0,0
36.4167,1827.427,594.099,1427.427,0.001,91.469,-0.016,91.469,2.75,-0.124,9,0.01,8.99,0.9592,0.0389,222000,219266.8,-34728.5,-90.6,-601065.0,-43203.2,6.5,18798.5,24404.7,0.0,0.0,175973.0,-7947.0,0,0
36.5167,1836.59,594.096,1436.59,0.004,91.744,-0.031,91.744,2.745,-0.173,9,0.02,8.98,0.9584,0.0389,222000,219266.8,-34728.5,-186.0,-604172.2,-43421.8,13.4,18911.7,24510.1,0.0,0.0,175659.0,-11047.3,0,0
36.6167,1845.78,594.092,1445.78,0.008,92.018,-0.051,92.018,2.739,-0.218,9,0.03,8.97,0.9573,0.0388,222000,219266.8,-34728.5,-313.1,-607112.3,-43626.8,22.5,19025.0,24601.9,0.0,0.0,175326.9,-13978.2,0,0
36.7167,1854.998,594.085,1454.998,0.015,92.292,-0.075,92.292,2.734,-0.262,9,0.04,8.96,0.956,0.0387,222000,219266.8,-34728.5,-470.0,-609892.6,-43818.9,33.8,19138.4,24680.6,0.0,0.0,174977.8,-16747.3,0,0
36.8167,1864.243,594.076,1464.243,0.024,92.565,-0.104,92.565,2.728,-0.303,9,0.06,8.94,0.9545,0.0386,222000,219266.8,-34728.5,-655.3,-612520.3,-43998.8,47.1,19251.9,24746.9,0.0,0.0,174612.7,-19361.7,0,0
36.9167,1873.516,594.064,1473.516,0.036,92.837,-0.137,92.837,2.722,-0.341,9,0.08,8.92,0.9527,0.0384,222000,219266.8,-34728.5,-867.3,-615002.1,-44167.0,62.3,19365.5,24801.5,0.0,0.0,174232.5,-21828.3,0,0
37.0167,1882.815,594.048,1482.815,0.052,93.109,-0.173,93.109,2.716,-0.377,9,0.1,8.9,0.9508,0.0383,222000,219266.8,-34728.5,-1104.4,-617344.7,-44324.1,79.3,19479.2,24845.0,0.0,0.0,173838.2,-24153.8,0,0
37.1167,1892.142,594.029,1492.142,0.071,93.38,-0.213,93.381,2.71,-0.412,9,0.13,8.87,0.9486,0.0381,222000,219266.8,-34728.5,-1365.3,-619554.3,-44470.8,98.0,19593.0,24877.8,0.0,0.0,173430.8,-26344.7,0,0
37.2167,1901.496,594.005,1501.496,0.095,93.651,-0.256,93.651,2.703,-0.444,9,0.15,8.85,0.9463,0.0379,222000,219266.8,-34728.5,-1648.3,-621637.0,-44607.5,118.3,19706.9,24900.7,0.0,0.0,173011.1,-28407.1,0,0
37.3167,1910.877,593.977,1510.877,0.123,93.921,-0.302,93.921,2.697,-0.474,9,0.18,8.82,0.9439,0.0377,222000,219266.8,-34728.5,-1952.1,-623598.6,-44734.8,140.0,19820.8,24914.2,0.0,0.0,172580.0,-30347.0,0,0
37.4167,1920.285,593.944,1520.285,0.156,94.19,-0.351,94.191,2.69,-0.503,9,0.21,8.79,0.9412,0.0375,222000,219266.8,-34728.5,-2275.2,-625444.7,-44853.2,163.2,19934.8,24918.7,0.0,0.0,172138.4,-32170.0,0,0
37.5167,1929.719,593.906,1529.719,0.194,94.459,-0.403,94.46,2.683,-0.529,9,0.24,8.76,0.9385,0.0373,222000,219266.8,-34728.5,-2616.5,-627180.8,-44963.2,187.6,20048.8,24914.8,0.0,0.0,171687.1,-33881.6,0,0
37.6167,1939.181,593.862,1539.181,0.238,94.727,-0.457,94.728,2.675,-0.554,9,0.27,8.73,0.9356,0.0371,222000,219266.8,-34728.5,-2974.5,-628811.9,-45065.4,213.2,20162.9,24903.0,0.0,0.0,171226.9,-35487.2,0,0
37.7167,1948.669,593.813,1548.669,0.287,94.994,-0.514,94.995,2.668,-0.578,9,0.3,8.7,0.9326,0.0368,222000,219266.8,-34728.5,-3348.0,-630343.0,-45160.1,239.9,20277.0,24883.8,0.0,0.0,170758.7,-36991.6,0,0
37.8167,1958.184,593.758,1558.184,0.342,95.26,-0.573,95.262,2.661,-0.6,9,0.34,8.66,0.9295,0.0366,222000,219266.8,-34728.5,-3735.9,-631779.0,-45247.9,267.6,20391.1,24857.5,0.0,0.0,170283.0,-38399.9,0,0
37.9167,1967.725,593.697,1567.725,0.403,95.526,-0.634,95.528,2.653,-0.621,9,0.37,8.63,0.9263,0.0363,222000,219266.8,-34728.5,-4137.1,-633124.3,-45329.0,296.2,20505.3,24824.7,0.0,0.0,169800.7,-39716.6,0,0
38.0167,1977.293,593.63,1577.293,0.47,95.791,-0.697,95.793,2.646,-0.64,9,0.41,8.59,0.923,0.0361,222000,219266.8,-34728.5,-4550.4,-634383.4,-45404.1,325.7,20619.4,24785.8,0.0,0.0,169312.4,-40946.1,0,0
38.1167,1986.888,593.557,1586.888,0.543,96.055,-0.762,96.058,2.638,-0.658,9,0.45,8.55,0.9196,0.0358,222000,219266.8,-34728.5,-4974.8,-635560.4,-45473.3,355.9,20733.6,24741.1,0.0,0.0,168818.7,-42092.9,0,0
38.2167,1996.509,593.477,1596.509,0.623,96.318,-0.829,96.322,2.63,-0.674,9,0.49,8.51,0.9162,0.0355,222000,219266.8,-34728.5,-5409.4,-636659.3,-45537.2,386.9,20847.8,24691.1,0.0,0.0,168320.3,-43160.9,0,0
38.3167,2006.156,593.39,1606.156,0.71,96.581,-0.898,96.585,2.622,-0.69,9,0.53,8.47,0.9127,0.0353,222000,219266.8,-34728.5,-5853.1,-637684.1,-45596.0,418.5,20961.9,24636.0,0.0,0.0,167817.7,-44154.0,0,0
38.4167,2015.829,593.296,1615.829,0.804,96.842,-0.967,96.847,2.614,-0.704,9,0.57,8.43,0.9091,0.035,222000,219266.8,-34728.5,-6305.2,-638638.4,-45650.1,450.7,21076.1,24576.3,0.0,0.0,167311.5,-45076.1,0,0
38.5167,2025.529,593.195,1625.529,0.905,97.103,-1.039,97.109,2.606,-0.718,9,0.61,8.39,0.9055,0.0347,222000,219266.8,-34728.5,-6764.8,-639525.7,-45699.9,483.4,21190.3,24512.2,0.0,0.0,166802.1,-45930.8,0,0
38.6167,2035.254,593.087,1635.254,1.013,97.363,-1.111,97.37,2.598,-0.73,9,0.65,8.35,0.9018,0.0344,222000,219266.8,-34728.5,-7231.0,-640349.5,-45745.6,516.6,21304.4,24444.1,0.0,0.0,166290.2,-46721.4,0,0
38.7167,2045.006,592.972,1645.006,1.128,97.623,-1.185,97.63,2.59,-0.741,9,0.69,8.31,0.898,0.0341,222000,219266.8,-34728.5,-7703.2,-641112.9,-45787.5,550.2,21418.5,24372.3,0.0,0.0,165776.1,-47451.2,0,0
38.8167,2054.783,592.849,1654.783,1.251,97.881,-1.26,97.889,2.582,-0.752,9,0.73,8.27,0.8943,0.0339,222000,219266.8,-34728.5,-8180.6,-641819.1,-45825.9,584.1,21532.6,24297.0,0.0,0.0,165260.3,-48123.5,0,0
38.9167,2064.586,592.718,1664.586,1.382,98.139,-1.335,98.148,2.574,-0.762,9,0.77,8.23,0.8905,0.0336,222000,219266.8,-34728.5,-8662.5,-642471.1,-45861.1,618.4,21646.7,24218.5,0.0,0.0,164743.2,-48741.2,0,0
39.0167,2074.415,592.58,1674.415,1.52,98.396,-1.412,98.406,2.566,-0.77,9,0.82,8.18,0.8866,0.0333,222000,219266.8,-34728.5,-9148.4,-643071.5,-45893.3,652.9,21760.8,24137.2,0.0,0.0,164225.2,-49307.1,0,0
39.1167,2084.27,592.435,1684.27,1.665,98.652,-1.49,98.663,2.558,-0.779,9,0.86,8.14,0.8828,0.033,222000,219266.8,-34728.5,-9637.5,-643623.3,-45922.7,687.6,21874.8,24053.1,0.0,0.0,163706.6,-49824.1,0,0
39.2167,2094.15,592.281,1694.15,1.819,98.907,-1.568,98.92,2.55,-0.786,9,0.9,8.1,0.8789,0.0327,222000,219266.8,-34728.5,-10129.4,-644128.9,-45949.6,722.6,21988.8,23966.6,0.0,0.0,163187.8,-50294.8,0,0
39.3167,2104.055,592.12,1704.055,1.98,99.162,-1.647,99.176,2.542,-0.793,9,0.94,8.06,0.875,0.0324,222000,219266.8,-34728.5,-10623.5,-644590.8,-45974.3,757.7,22102.7,23877.8,0.0,0.0,162669.0,-50721.6,0,0
39.4167,2113.986,591.95,1713.986,2.15,99.416,-1.726,99.431,2.534,-0.799,9,0.99,8.01,0.8711,0.0321,222000,219266.8,-34728.5,-11119.4,-645011.4,-45996.8,792.9,22216.6,23787.0,0.0,0.0,162150.7,-51106.9,0,0
39.5167,2123.943,591.773,1723.943,2.327,99.669,-1.807,99.685,2.526,-0.804,9,1.03,7.97,0.8672,0.0318,222000,219266.8,-34728.5,-11616.5,-645392.9,-46017.4,828.3,22330.5,23694.3,0.0,0.0,161633.0,-51453.0,0,0
39.6167,2133.924,591.588,1733.924,2.512,99.921,-1.887,99.938,2.517,-0.809,9,1.07,7.93,0.8633,0.0315,222000,219266.8,-34728.5,-12114.4,-645737.4,-46036.2,863.7,22444.3,23600.0,0.0,0.0,161116.2,-51762.2,0,0
39.7167,2143.931,591.394,1743.931,2.706,100.172,-1.968,100.191,2.509,-0.813,9,1.12,7.88,0.8593,0.0313,222000,219266.8,-34728.5,-12612.8,-646047.0,-46053.5,899.1,22558.1,23504.1,0.0,0.0,160600.5,-52036.4,0,0
39.8167,2153.963,591.193,1753.963,2.907,100.422,-2.05,100.443,2.501,-0.817,9,1.16,7.84,0.8554,0.031,222000,219266.8,-34728.5,-13111.3,-646323.7,-46069.4,934.6,22671.9,23406.9,0.0,0.0,160086.2,-52277.6,0,0
39.9167,2164.02,590.983,1764.02,3.117,100.672,-2.132,100.695,2.493,-0.82,9,1.21,7.79,0.8515,0.0307,222000,219266.8,-34728.5,-13609.4,-646569.3,-46084.0,970.0,22785.6,23308.6,0.0,0.0,159573.4,-52487.7,0,0
40.0167,2174.101,590.765,1774.101,3.335,100.921,-2.214,100.945,2.485,-0.823,9,1.25,7.75,0.8475,0.0304,222000,219266.8,-34728.5,-14107.0,-646785.5,-46097.4,1005.4,22899.2,23209.2,0.0,0.0,159062.4,-52668.6,0,0
40.1167,2184.208,590.539,1784.208,3.561,101.169,-2.296,101.195,2.477,-0.825,9,1.29,7.71,0.8436,0.0301,222000,219266.8,-34728.5,-14603.6,-646974.1,-46109.9,1040.8,23012.8,23108.9,0.0,0.0,158553.2,-52821.8,0,0
40.2167,2194.339,590.304,1794.339,3.796,101.416,-2.379,101.444,2.469,-0.827,9,1.34,7.66,0.8397,0.0298,222000,219266.8,-34728.5,-15099.0,-647136.7,-46121.6,1076.1,23126.4,23007.8,0.0,0.0,158046.2,-52949.0,0,0
40.3167,2204.495,590.062,1804.495,4.038,101.663,-2.462,101.693,2.462,-0.829,9,1.38,7.62,0.8358,0.0296,222000,219266.8,-34728.5,-15593.0,-647274.7,-46132.5,1111.3,23239.9,22906.0,0.0,0.0,157541.3,-53051.8,0,0
40.4167,2214.676,589.811,1814.676,4.289,101.908,-2.545,101.94,2.454,-0.83,9,1.42,7.58,0.8319,0.0293,222000,219266.8,-34728.5,-16085.3,-647389.6,-46142.7,1146.5,23353.3,22803.7,0.0,0.0,157038.8,-53131.6,0,0
40.5167,2224.881,589.551,1824.881,4.549,102.153,-2.628,102.187,2.446,-0.831,9,1.47,7.53,0.828,0.029,222000,219266.8,-34728.5,-16575.7,-647482.9,-46152.5,1181.5,23466.7,22700.9,0.0,0.0,156538.7,-53189.8,0,0
40.6167,2235.11,589.284,1835.11,4.816,102.397,-2.711,102.433,2.438,-0.832,9,1.51,7.49,0.8241,0.0288,222000,219266.8,-34728.5,-17063.9,-647555.7,-46161.7,1216.4,23580.0,22597.7,0.0,0.0,156041.1,-53227.7,0,0
40.7167,2245.364,589.008,1845.364,5.092,102.641,-2.794,102.679,2.43,-0.832,9,1.55,7.45,0.8203,0.0285,222000,219266.8,-34728.5,-17549.9,-647609.4,-46170.7,1251.2,23693.3,22494.3,0.0,0.0,155546.2,-53246.6,0,0
40.8167,2255.643,588.723,1855.643,5.377,102.883,-2.877,102.924,2.423,-0.832,9,1.59,7.41,0.8165,0.0282,222000,219266.8,-34728.5,-18033.4,-647645.1,-46179.4,1285.8,23806.5,22390.8,0.0,0.0,155054.0,-53247.7,0,0
40.9167,2265.945,588.431,1865.945,5.669,103.125,-2.961,103.168,2.415,-0.832,9,1.64,7.36,0.8126,0.028,222000,219266.8,-34728.5,-18514.3,-647664.0,-46187.9,1320.3,23919.6,22287.1,0.0,0.0,154564.7,-53232.1,0,0
41.0167,2276.272,588.13,1876.272,5.97,103.366,-3.044,103.411,2.407,-0.831,9,1.68,7.32,0.8088,0.0277,222000,219266.8,-34728.5,-18992.4,-647667.1,-46196.2,1354.7,24032.7,22183.4,0.0,0.0,154078.2,-53200.9,0,0
41.1167,2286.622,587.821,1886.622,6.279,103.607,-3.127,103.654,2.4,-0.831,9,1.72,7.28,0.805,0.0274,222000,219266.8,-34728.5,-19467.6,-647655.4,-46204.6,1388.8,24145.8,22079.7,0.0,0.0,153594.6,-53155.0,0,0
41.2167,2296.997,587.503,1896.997,6.597,103.846,-3.21,103.896,2.392,-0.83,9,1.76,7.24,0.8013,0.0272,222000,219266.8,-34728.5,-19939.8,-647629.9,-46212.9,1422.8,24258.7,21976.1,0.0,0.0,153114.0,-53095.5,0,0
41.3167,2307.396,587.177,1907.396,6.923,104.085,-3.293,104.137,2.385,-0.828,9,1.81,7.19,0.7975,0.0269,222000,219266.8,-34728.5,-20408.9,-647591.5,-46221.4,1456.7,24371.6,21872.7,0.0,0.0,152636.5,-53023.3,0,0
41.4167,2317.818,586.843,1917.818,7.257,104.323,-3.376,104.378,2.378,-0.827,9,1.85,7.15,0.7938,0.0267,222000,219266.8,-34728.5,-20874.9,-647541.1,-46230.0,1490.3,24484.5,21769.5,0.0,0.0,152162.0,-52939.2,0,0
41.5167,2328.264,586.501,1928.264,7.599,104.56,-3.458,104.618,2.37,-0.826,9,1.89,7.11,0.7901,0.0264,222000,219266.8,-34728.5,-21337.5,-647479.4,-46238.7,1523.8,24597.2,21666.6,0.0,0.0,151690.6,-52844.1,0,0
41.6167,2338.734,586.15,1938.734,7.95,104.797,-3.541,104.857,2.363,-0.824,9,1.93,7.07,0.7865,0.0262,222000,219266.8,-34728.5,-21796.8,-647407.3,-46247.7,1557.1,24709.9,21564.0,0.0,0.0,151222.3,-52738.7,0,0
41.7167,2349.227,585.791,1949.227,8.309,105.033,-3.623,105.095,2.356,-0.822,9,1.97,7.03,0.7828,0.0259,222000,219266.8,-34728.5,-22252.6,-647325.4,-46257.0,1590.1,24822.6,21461.7,0.0,0.0,150757.2,-52623.7,0,0
41.8167,2359.744,585.424,1959.744,8.676,105.268,-3.705,105.333,2.348,-0.82,9,2.01,6.99,0.7792,0.0257,222000,219266.8,-34728.5,-22705.0,-647234.5,-46266.6,1623.0,24935.2,21359.9,0.0,0.0,150295.2,-52499.9,0,0
41.9167,2370.285,585.049,1970.285,9.051,105.502,-3.787,105.57,2.341,-0.818,9,2.05,6.95,0.7756,0.0255,222000,219266.8,-34728.5,-23153.9,-647135.2,-46276.5,1655.7,25047.7,21258.4,0.0,0.0,149836.4,-52367.9,0,0
42.0167,2380.849,584.665,1980.849,9.435,105.736,-3.869,105.807,2.334,-0.816,9,2.09,6.91,0.772,0.0252,222000,219266.8,-34728.5,-23599.2,-647028.1,-46286.9,1688.2,25160.1,21157.5,0.0,0.0,149380.8,-52228.3,0,0
42.1167,2391.436,584.274,1991.436,9.826,105.969,-3.95,106.043,2.327,-0.814,9,2.13,6.87,0.7685,0.025,222000,219266.8,-34728.5,-24040.9,-646913.8,-46297.6,1720.5,25272.5,21057.0,0.0,0.0,148928.3,-52081.8,0,0
42.2167,2402.046,583.874,2002.046,10.226,106.201,-4.031,106.278,2.32,-0.811,9,2.17,6.83,0.7649,0.0248,222000,219266.8,-34728.5,-24479.0,-646792.9,-46308.8,1752.6,25384.8,20957.1,0.0,0.0,148479.1,-51928.7,0,0
42.3167,2412.68,583.466,2012.68,10.634,106.433,-4.112,106.512,2.313,-0.809,9,2.21,6.79,0.7614,0.0245,222000,219266.8,-34728.5,-24913.4,-646665.9,-46320.5,1784.5,25497.1,20857.7,0.0,0.0,148033.0,-51769.8,0,0
42.4167,2423.337,583.05,2023.337,11.05,106.664,-4.193,106.746,2.306,-0.806,9,2.24,6.76,0.758,0.0243,222000,219266.8,-34728.5,-25344.1,-646533.2,-46332.6,1816.2,25609.3,20758.9,0.0,0.0,147590.1,-51605.4,0,0
42.5167,2434.017,582.626,2034.017,11.474,106.894,-4.274,106.979,2.299,-0.804,9,2.28,6.72,0.7545,0.0241,222000,219266.8,-34728.5,-25771.2,-646395.4,-46345.3,1847.7,25721.4,20660.7,0.0,0.0,147150.3,-51436.1,0,0
42.6167,2444.72,582.194,2044.72,11.906,107.124,-4.354,107.212,2.292,-0.801,9,2.32,6.68,0.7511,0.0239,222000,219266.8,-34728.5,-26194.6,-646252.8,-46358.5,1879.1,25833.4,20563.1,0.0,0.0,146713.7,-51262.2,0,0
42.7167,2455.445,581.754,2055.445,12.346,107.352,-4.434,107.444,2.286,-0.798,9,2.36,6.64,0.7477,0.0237,222000,219266.8,-34728.5,-26614.4,-646105.9,-46372.3,1910.2,25945.4,20466.2,0.0,0.0,146280.2,-51084.2,0,0
42.8167,2466.194,581.306,2066.194,12.794,107.581,-4.513,107.675,2.279,-0.795,9,2.4,6.6,0.7443,0.0235,222000,219266.8,-34728.5,-27030.4,-645955.1,-46386.6,1941.1,26057.3,20369.9,0.0,0.0,145849.8,-50902.5,0,0
42.9167,2476.965,580.85,2076.965,13.25,107.808,-4.593,107.906,2.272,-0.792,9,2.43,6.57,0.741,0.0232,222000,219266.8,-34728.5,-27442.7,-645800.7,-46401.5,1971.8,26169.2,20274.2,0.0,0.0,145422.6,-50717.4,0,0
43.0167,2487.759,580.386,2087.759,13.714,108.035,-4.672,108.136,2.266,-0.79,9,2.47,6.53,0.7377,0.023,222000,219266.8,-34728.5,-27851.4,-645643.1,-46417.0,2002.3,26280.9,20179.2,0.0,0.0,144998.4,-50529.2,0,0
43.1167,2498.576,579.914,2098.576,14.186,108.261,-4.751,108.365,2.259,-0.787,9,2.51,6.49,0.7344,0.0228,222000,219266.8,-34728.5,-28256.4,-645482.5,-46433.1,2032.6,26392.7,20085.0,0.0,0.0,144577.2,-50338.3,0,0
43.2167,2509.415,579.435,2109.415,14.665,108.487,-4.829,108.594,2.252,-0.784,9,2.54,6.46,0.7312,0.0226,222000,219266.8,-34728.5,-28657.8,-645319.4,-46449.9,2062.8,26504.3,19991.4,0.0,0.0,144159.2,-50145.0,0,0
43.3167,2520.277,578.947,2120.277,15.153,108.712,-4.907,108.822,2.246,-0.78,9,2.58,6.42,0.7279,0.0224,222000,219266.8,-34728.5,-29055.5,-645153.9,-46467.2,2092.7,26615.9,19898.5,0.0,0.0,143744.1,-49949.6,0,0
43.4167,2531.161,578.452,2131.161,15.648,108.936,-4.985,109.05,2.24,-0.777,9,2.61,6.39,0.7247,0.0222,222000,219266.8,-34728.5,-29449.6,-644986.4,-46485.2,2122.5,26727.4,19806.3,0.0,0.0,143332.0,-49752.3,0,0
43.5167,2542.068,577.949,2142.068,16.151,109.159,-5.063,109.277,2.233,-0.774,9,2.65,6.35,0.7215,0.022,222000,219266.8,-34728.5,-29840.1,-644817.0,-46503.8,2152.1,26838.8,19714.8,0.0,0.0,142922.8,-49553.4,0,0
43.6167,2552.997,577.438,2152.997,16.662,109.382,-5.14,109.503,2.227,-0.771,9,2.68,6.32,0.7184,0.0218,222000,219266.8,-34728.5,-30227.1,-644646.1,-46523.1,2181.4,26950.2,19624.0,0.0,0.0,142516.6,-49353.1,0,0
43.7167,2563.948,576.92,2163.948,17.18,109.605,-5.217,109.729,2.221,-0.768,9,2.72,6.28,0.7153,0.0217,222000,219266.8,-34728.5,-30610.5,-644473.8,-46543.0,2210.6,27061.5,19534.0,0.0,0.0,142113.3,-49151.7,0,0
43.8167,2574.921,576.394,2174.921,17.706,109.826,-5.294,109.954,2.214,-0.765,9,2.75,6.25,0.7122,0.0215,222000,219266.8,-34728.5,-30990.3,-644300.4,-46563.6,2239.7,27172.7,19444.7,0.0,0.0,141712.9,-48949.2,0,0
43.9167,2585.917,575.86,2185.917,18.24,110.047,-5.37,110.178,2.208,-0.762,9,2.79,6.21,0.7091,0.0213,222000,219266.8,-34728.5,-31366.7,-644126.1,-46584.8,2268.5,27283.9,19356.1,0.0,0.0,141315.3,-48746.0,0,0
44.0167,2596.934,575.318,2196.934,18.782,110.268,-5.446,110.402,2.202,-0.758,9,2.82,6.18,0.706,0.0211,222000,219266.8,-34728.5,-31739.6,-643950.9,-46606.6,2297.2,27395.0,19268.2,0.0,0.0,140920.6,-48542.2,0,0
44.1167,2607.974,574.769,2207.974,19.331,110.488,-5.521,110.625,2.196,-0.755,9,2.86,6.14,0.703,0.0209,222000,219266.8,-34728.5,-32109.1,-643775.2,-46629.1,2325.7,27506.0,19181.1,0.0,0.0,140528.6,-48337.9,0,0
44.2167,2619.036,574.213,2219.036,19.887,110.707,-5.597,110.848,2.19,-0.752,9,2.89,6.11,0.7,0.0207,222000,219266.8,-34728.5,-32475.1,-643598.9,-46652.3,2354.0,27616.9,19094.7,0.0,0.0,140139.4,-48133.4,0,0
44.3167,2630.119,573.649,2230.119,20.451,110.925,-5.672,111.07,2.184,-0.749,9,2.92,6.08,0.6971,0.0206,222000,219266.8,-34728.5,-32837.8,-643422.4,-46676.1,2382.2,27727.8,19009.0,0.0,0.0,139752.9,-47928.7,0,0
44.4167,2641.224,573.077,2241.224,21.023,111.143,-5.747,111.292,2.178,-0.746,9,2.95,6.05,0.6941,0.0204,222000,219266.8,-34728.5,-33197.1,-643245.7,-46700.6,2410.2,27838.6,18924.1,0.0,0.0,139369.1,-47724.0,0,0
44.5167,2652.351,572.498,2252.351,21.602,111.361,-5.821,111.513,2.172,-0.742,9,2.99,6.01,0.6912,0.0202,222000,219266.8,-34728.5,-33553.1,-643069.0,-46725.7,2438.0,27949.4,18839.8,0.0,0.0,138988.0,-47519.5,0,0
44.6167,2663.5,571.912,2263.5,22.188,111.578,-5.895,111.733,2.166,-0.739,9,3.02,5.98,0.6883,0.0201,222000,219266.8,-34728.5,-33905.9,-642892.3,-46751.4,2465.6,28060.1,18756.3,0.0,0.0,138609.5,-47315.1,0,0
44.7167,2674.67,571.318,2274.67,22.782,111.794,-5.969,111.953,2.16,-0.736,9,3.05,5.95,0.6854,0.0199,222000,219266.8,-34728.5,-34255.3,-642715.8,-46777.8,2493.2,28170.7,18673.5,0.0,0.0,138233.7,-47111.1,0,0
44.8167,2685.862,570.717,2285.862,23.383,112.01,-6.042,112.172,2.154,-0.733,9,3.08,5.92,0.6826,0.0197,222000,219266.8,-34728.5,-34601.6,-642539.6,-46804.8,2520.5,28281.2,18591.4,0.0,0.0,137860.4,-46907.6,0,0
44.9167,2697.076,570.108,2297.076,23.992,112.225,-6.115,112.391,2.148,-0.73,9,3.11,5.89,0.6798,0.0196,222000,219266.8,-34728.5,-34944.7,-642363.8,-46832.5,2547.7,28391.7,18510.0,0.0,0.0,137489.6,-46704.6,0,0
45.0167,2708.311,569.493,2308.311,24.607,112.439,-6.188,112.609,2.143,-0.727,9,3.14,5.86,0.677,0.0194,222000,219266.8,-34728.5,-35284.6,-642188.4,-46860.8,2574.7,28502.1,18429.4,0.0,0.0,137121.4,-46502.1,0,0
45.1167,2719.567,568.869,2319.567,25.231,112.653,-6.261,112.827,2.137,-0.723,9,3.18,5.82,0.6742,0.0192,222000,219266.8,-34728.5,-35621.5,-642013.6,-46889.7,2601.6,28612.4,18349.4,0.0,0.0,136755.6,-46300.4,0,0
45.2167,2730.845,568.239,2330.845,25.861,112.866,-6.333,113.044,2.131,-0.72,9,3.21,5.79,0.6714,0.0191,222000,219266.8,-34728.5,-35955.2,-641839.4,-46919.3,2628.4,28722.7,18270.1,0.0,0.0,136392.3,-46099.5,0,0
45.3167,2742.144,567.602,2342.144,26.498,113.079,-6.405,113.26,2.125,-0.717,9,3.24,5.76,0.6687,0.0189,222000,219266.8,-34728.5,-36285.9,-641665.9,-46949.4,2655.0,28832.9,18191.5,0.0,0.0,136031.4,-45899.3,0,0
45.4167,2753.464,566.957,2353.464,27.143,113.291,-6.476,113.476,2.12,-0.714,9,3.27,5.73,0.666,0.0188,222000,219266.8,-34728.5,-36613.6,-641493.1,-46980.2,2681.4,28943.1,18113.6,0.0,0.0,135672.9,-45700.1,0,0
45.5167,2764.806,566.305,2364.806,27.795,113.503,-6.547,113.692,2.114,-0.711,9,3.3,5.7,0.6633,0.0186,222000,219266.8,-34728.5,-36938.4,-641321.1,-47011.6,2707.7,29053.1,18036.4,0.0,0.0,135316.8,-45501.8,0,0
45.6167,2776.169,565.647,2376.169,28.453,113.714,-6.618,113.907,2.109,-0.708,9,3.33,5.67,0.6607,0.0185,222000,219266.8,-34728.5,-37260.2,-641150.0,-47043.6,2733.9,29163.1,17959.9,0.0,0.0,134963.0,-45304.5,0,0
45.7167,2787.552,564.981,2387.552,29.119,113.925,-6.689,114.121,2.103,-0.705,9,3.36,5.64,0.658,0.0183,222000,219266.8,-34728.5,-37579.1,-640979.8,-47076.2,2760.0,29273.0,17884.0,0.0,0.0,134611.6,-45108.2,0,0
45.8167,2798.957,564.308,2398.957,29.792,114.135,-6.759,114.335,2.098,-0.702,9,3.38,5.62,0.6554,0.0182,222000,219266.8,-34728.5,-37895.1,-640810.5,-47109.4,2785.9,29382.9,17808.8,0.0,0.0,134262.3,-44913.1,0,0
45.9167,2810.383,563.628,2410.383,30.472,114.344,-6.829,114.548,2.092,-0.699,9,3.41,5.59,0.6528,0.018,222000,219266.8,-34728.5,-38208.3,-640642.2,-47143.1,2811.6,29492.7,17734.2,0.0,0.0,133915.4,-44719.0,0,0
46.0167,2821.829,562.941,2421.829,31.159,114.553,-6.899,114.761,2.087,-0.696,9,3.44,5.56,0.6502,0.0179,222000,219266.8,-34728.5,-38518.7,-640474.9,-47177.5,2837.3,29602.4,17660.3,0.0,0.0,133570.7,-44526.1,0,0
46.1167,2833.297,562.247,2433.297,31.853,114.762,-6.968,114.973,2.082,-0.693,9,3.47,5.53,0.6477,0.0178,222000,219266.8,-34728.5,-38826.3,-640308.7,-47212.4,2862.8,29712.1,17587.1,0.0,0.0,133228.1,-44334.3,0,0
46.2167,2844.785,561.546,2444.785,32.554,114.969,-7.037,115.185,2.076,-0.69,9,3.5,5.5,0.6452,0.0176,222000,219266.8,-34728.5,-39131.2,-640143.6,-47247.9,2888.2,29821.6,17514.4,0.0,0.0,132887.7,-44143.8,0,0
46.3167,2856.294,560.838,2456.294,33.262,115.177,-7.106,115.396,2.071,-0.687,9,3.53,5.47,0.6427,0.0175,222000,219266.8,-34728.5,-39433.4,-639979.5,-47284.0,2913.5,29931.2,17442.5,0.0,0.0,132549.5,-43954.5,0,0
46.4167,2867.824,560.123,2467.824,33.977,115.384,-7.175,115.606,2.066,-0.684,9,3.55,5.45,0.6402,0.0173,222000,219266.8,-34728.5,-39732.9,-639816.7,-47320.6,2938.6,30040.6,17371.1,0.0,0.0,132213.4,-43766.5,0,0
46.5167,2879.374,559.402,2479.374,34.698,115.59,-7.243,115.817,2.061,-0.681,9,3.58,5.42,0.6377,0.0172,222000,219266.8,-34728.5,-40029.8,-639654.9,-47357.7,2963.7,30150.0,17300.4,0.0,0.0,131879.3,-43579.7,0,0
46.6167,2890.945,558.674,2490.945,35.426,115.796,-7.311,116.026,2.055,-0.678,9,3.61,5.39,0.6353,0.0171,222000,219266.8,-34728.5,-40324.1,-639494.3,-47395.4,2988.6,30259.3,17230.2,0.0,0.0,131547.3,-43394.2,0,0
46.7167,2902.537,557.939,2502.537,36.161,116.001,-7.378,116.235,2.05,-0.675,9,3.64,5.36,0.6328,0.017,222000,219266.8,-34728.5,-40615.8,-639335.0,-47433.7,3013.4,30368.6,17160.7,0.0,0.0,131217.4,-43210.0,0,0
46.8167,2914.149,557.197,2514.149,36.903,116.206,-7.446,116.444,2.045,-0.672,9,3.66,5.34,0.6304,0.0168,222000,219266.8,-34728.5,-40904.9,-639176.8,-47472.4,3038.1,30477.7,17091.8,0.0,0.0,130889.4,-43027.2,0,0
46.9167,2925.781,556.448,2525.781,37.652,116.41,-7.513,116.652,2.04,-0.669,9,3.69,5.31,0.6281,0.0167,222000,219266.8,-34728.5,-41191.6,-639019.8,-47511.7,3062.6,30586.8,17023.5,0.0,0.0,130563.5,-42845.6,0,0
47.0167,2937.434,555.693,2537.434,38.407,116.613,-7.58,116.86,2.035,-0.667,9,3.71,5.29,0.6257,0.0166,222000,219266.8,-34728.5,-41475.8,-638864.0,-47551.5,3087.1,30695.9,16955.7,0.0,0.0,130239.5,-42665.4,0,0
47.1167,2949.107,554.931,2549.107,39.169,116.817,-7.646,117.067,2.03,-0.664,9,3.74,5.26,0.6233,0.0164,222000,219266.8,-34728.5,-41757.6,-638709.5,-47591.8,3111.5,30804.9,16888.6,0.0,0.0,129917.4,-42486.5,0,0
47.2167,2960.801,554.163,2560.801,39.937,117.019,-7.712,117.273,2.025,-0.661,9,3.77,5.23,0.621,0.0163,222000,219266.8,-34728.5,-42036.9,-638556.2,-47632.7,3135.7,30913.8,16822.0,0.0,0.0,129597.2,-42308.9,0,0
47.3167,2972.515,553.388,2572.515,40.712,117.222,-7.778,117.479,2.02,-0.658,9,3.79,5.21,0.6187,0.0162,222000,219266.8,-34728.5,-42313.8,-638404.1,-47674.0,3159.9,31022.6,16756.0,0.0,0.0,129279.0,-42132.7,0,0
47.4167,2984.249,552.606,2584.249,41.494,117.423,-7.844,117.685,2.015,-0.656,9,3.82,5.18,0.6164,0.0161,222000,219266.8,-34728.5,-42588.4,-638253.3,-47715.8,3183.9,31131.4,16690.6,0.0,0.0,128962.5,-41957.8,0,0
47.5167,2996.003,551.818,2596.003,42.282,117.625,-7.909,117.89,2.01,-0.653,9,3.84,5.16,0.6142,0.016,222000,219266.8,-34728.5,-42860.7,-638103.7,-47758.1,3207.9,31240.1,16625.7,0.0,0.0,128648.0,-41784.3,0,0
47.6167,3007.777,551.023,2607.777,43.077,117.825,-7.974,118.095,2.005,-0.65,9,3.87,5.13,0.6119,0.0158,222000,219266.8,-34728.5,-43130.7,-637955.3,-47800.9,3231.7,31348.7,16561.3,0.0,0.0,128335.2,-41612.1,0,0
47.7167,3019.571,550.222,2619.571,43.878,118.025,-8.039,118.299,2.0,-0.648,9,3.89,5.11,0.6097,0.0157,222000,219266.8,-34728.5,-43398.4,-637808.2,-47844.2,3255.5,31457.3,16497.5,0.0,0.0,128024.3,-41441.2,0,0
47.8167,3031.385,549.414,2631.385,44.686,118.225,-8.104,118.503,1.996,-0.645,9,3.92,5.08,0.6075,0.0156,222000,219266.8,-34728.5,-43663.9,-637662.3,-47887.9,3279.1,31565.8,16434.3,0.0,0.0,127715.1,-41271.7,0,0
47.9167,3043.219,548.6,2643.219,45.5,118.425,-8.168,118.706,1.991,-0.642,9,3.94,5.06,0.6053,0.0155,222000,219266.8,-34728.5,-43927.1,-637517.7,-47932.1,3302.7,31674.2,16371.5,0.0,0.0,127407.6,-41103.5,0,0
48.0167,3055.073,547.78,2655.073,46.32,118.623,-8.232,118.909,1.986,-0.64,9,3.97,5.03,0.6031,0.0154,222000,219266.8,-34728.5,-44188.2,-637374.3,-47976.7,3326.2,31782.6,16309.3,0.0,0.0,127101.9,-40936.6,0,0
48.1167,3066.947,546.953,2666.947,47.147,118.822,-8.296,119.111,1.981,-0.637,9,3.99,5.01,0.6009,0.0153,222000,219266.8,-34728.5,-44447.1,-637232.1,-48021.8,3349.5,31890.8,16247.6,0.0,0.0,126797.9,-40771.0,0,0
48.2167,3078.841,546.119,2678.841,47.981,119.019,-8.36,119.313,1.976,-0.634,9,4.01,4.99,0.5988,0.0152,222000,219266.8,-34728.5,-44703.8,-637091.2,-48067.4,3372.8,31999.1,16186.5,0.0,0.0,126495.6,-40606.8,0,0
48.3167,3090.754,545.28,2690.754,48.82,119.217,-8.423,119.514,1.972,-0.632,9,4.04,4.96,0.5966,0.0151,222000,219266.8,-34728.5,-44958.5,-636951.4,-48113.3,3396.0,32107.2,16125.8,0.0,0.0,126195.0,-40443.8,0,0
48.4167,3102.688,544.434,2702.688,49.666,119.414,-8.486,119.715,1.967,-0.629,9,4.06,4.94,0.5945,0.015,222000,219266.8,-34728.5,-45211.1,-636812.9,-48159.8,3419.1,32215.3,16065.6,0.0,0.0,125896.0,-40282.2,0,0
48.5167,3114.64,543.581,2714.64,50.519,119.61,-8.549,119.915,1.962,-0.627,9,4.08,4.92,0.5924,0.0149,222000,219266.8,-34728.5,-45461.6,-636675.6,-48206.6,3442.2,32323.3,16006.0,0.0,0.0,125598.6,-40121.8,0,0
48.6167,3126.613,542.723,2726.613,51.377,119.806,-8.611,120.115,1.958,-0.624,9,4.11,4.89,0.5903,0.0148,222000,219266.8,-34728.5,-45710.1,-636539.4,-48253.8,3465.1,32431.3,15946.8,0.0,0.0,125302.8,-39962.7,0,0
48.7167,3138.605,541.858,2738.605,52.242,120.002,-8.674,120.315,1.953,-0.622,9,4.13,4.87,0.5883,0.0146,222000,219266.8,-34728.5,-45956.6,-636404.5,-48301.5,3488.0,32539.2,15888.1,0.0,0.0,125008.7,-39804.9,0,0
48.8167,3150.616,540.987,2750.616,53.113,120.197,-8.736,120.514,1.949,-0.62,9,4.15,4.85,0.5862,0.0145,222000,219266.8,-34728.5,-46201.1,-636270.7,-48349.6,3510.8,32647.0,15829.9,0.0,0.0,124716.1,-39648.4,0,0
48.9167,3162.647,540.11,2762.647,53.99,120.391,-8.798,120.712,1.944,-0.617,9,4.18,4.82,0.5842,0.0144,222000,219266.8,-34728.5,-46443.7,-636138.1,-48398.1,3533.5,32754.8,15772.1,0.0,0.0,124425.1,-39493.1,0,0
49.0167,3174.698,539.227,2774.698,54.873,120.586,-8.859,120.91,1.94,-0.615,9,4.2,4.8,0.5822,0.0143,222000,219266.8,-34728.5,-46684.3,-636006.7,-48447.0,3556.1,32862.4,15714.9,0.0,0.0,124135.6,-39339.0,0,0
49.1167,3186.768,538.337,2786.768,55.763,120.779,-8.92,121.108,1.935,-0.612,9,4.22,4.78,0.5802,0.0142,222000,219266.8,-34728.5,-46923.0,-635876.4,-48496.2,3578.7,32970.0,15658.1,0.0,0.0,123847.6,-39186.2,0,0
49.2167,3198.857,537.442,2798.857,56.658,120.972,-8.982,121.305,1.931,-0.61,9,4.24,4.76,0.5782,0.0142,222000,219266.8,-34728.5,-47159.8,-635747.2,-48545.9,3601.1,33077.6,15601.7,0.0,0.0,123561.1,-39034.5,0,0
49.3167,3210.966,536.54,2810.966,57.56,121.165,-9.042,121.502,1.926,-0.608,9,4.26,4.74,0.5762,0.0141,222000,219266.8,-34728.5,-47394.8,-635619.2,-48596.0,3623.5,33185.1,15545.8,0.0,0.0,123276.1,-38884.1,0,0
49.4167,3223.093,535.632,2823.093,58.468,121.358,-9.103,121.699,1.922,-0.605,9,4.29,4.71,0.5743,0.014,222000,219266.8,-34728.5,-47627.9,-635492.3,-48646.4,3645.9,33292.5,15490.3,0.0,0.0,122992.6,-38734.9,0,0
49.5167,3235.24,534.718,2835.24,59.382,121.55,-9.163,121.894,1.917,-0.603,9,4.31,4.69,0.5723,0.0139,222000,219266.8,-34728.5,-47859.2,-635366.5,-48697.2,3668.1,33399.8,15435.3,0.0,0.0,122710.5,-38586.9,0,0
49.6167,3247.406,533.798,2847.406,60.302,121.741,-9.224,122.09,1.913,-0.601,9,4.33,4.67,0.5704,0.0138,222000,219266.8,-34728.5,-48088.6,-635241.8,-48748.3,3690.3,33507.1,15380.7,0.0,0.0,122429.8,-38440.0,0,0
49.7167,3259.592,532.873,2859.592,61.227,121.932,-9.283,122.285,1.909,-0.598,9,4.35,4.65,0.5685,0.0137,222000,219266.8,-34728.5,-48316.4,-635118.3,-48799.9,3712.4,33614.3,15326.6,0.0,0.0,122150.6,-38294.3,0,0
49.8167,3271.796,531.941,2871.796,62.159,122.123,-9.343,122.48,1.904,-0.596,9,4.37,4.63,0.5666,0.0136,222000,219266.8,-34728.5,-48542.3,-634995.7,-48851.7,3734.5,33721.4,15272.8,0.0,0.0,121872.8,-38149.7,0,0
49.9167,3284.019,531.003,2884.019,63.097,122.313,-9.403,122.674,1.9,-0.594,9,4.39,4.61,0.5647,0.0135,222000,219266.8,-34728.5,-48766.5,-634874.3,-48904.0,3756.5,33828.5,15219.5,0.0,0.0,121596.3,-38006.3,0,0
50.0167,3296.262,530.059,2896.262,64.041,122.503,-9.462,122.867,1.896,-0.592,9,4.41,4.59,0.5628,0.0134,222000,219266.8,-34728.5,-48989.0,-634753.9,-48956.6,3778.4,33935.5,15166.6,0.0,0.0,121321.3,-37864.0,0,0
50.1167,3308.523,529.11,2908.523,64.99,122.692,-9.521,123.061,1.891,-0.589,9,4.43,4.57,0.561,0.0133,222000,219266.8,-34728.5,-49209.8,-634634.6,-49009.5,3800.2,34042.4,15114.1,0.0,0.0,121047.6,-37722.8,0,0
50.2167,3320.803,528.154,2920.803,65.946,122.881,-9.58,123.254,1.887,-0.587,9,4.45,4.55,0.5591,0.0132,222000,219266.8,-34728.5,-49428.9,-634516.3,-49062.7,3822.0,34149.3,15062.1,0.0,0.0,120775.2,-37582.7,0,0
50.3167,3333.102,527.193,2933.102,66.907,123.069,-9.638,123.446,1.883,-0.585,9,4.47,4.53,0.5573,0.0131,222000,219266.8,-34728.5,-49646.4,-634399.0,-49116.3,3843.7,34256.1,15010.4,0.0,0.0,120504.1,-37443.7,0,0
50.4167,3345.42,526.225,2945.42,67.875,123.257,-9.697,123.638,1.879,-0.583,9,4.49,4.51,0.5555,0.0131,222000,219266.8,-34728.5,-49862.2,-634282.7,-49170.2,3865.4,34362.8,14959.1,0.0,0.0,120234.4,-37305.8,0,0
50.5167,3357.757,525.252,2957.757,68.848,123.445,-9.755,123.83,1.874,-0.581,9,4.51,4.49,0.5537,0.013,222000,219266.8,-34728.5,-50076.4,-634167.5,-49224.5,3887.0,34469.5,14908.2,0.0,0.0,119966.0,-37169.0,0,0
50.6167,3370.112,524.273,2970.112,69.827,123.632,-9.813,124.021,1.87,-0.579,9,4.53,4.47,0.5519,0.0129,222000,219266.8,-34728.5,-50288.9,-634053.2,-49279.1,3908.5,34576.1,14857.7,0.0,0.0,119698.8,-37033.2,0,0
50.7167,3382.486,523.289,2982.486,70.811,123.819,-9.871,124.212,1.866,-0.577,9,4.55,4.45,0.5501,0.0128,222000,219266.8,-34728.5,-50499.9,-633939.9,-49333.9,3930.0,34682.6,14807.6,0.0,0.0,119432.9,-36898.4,0,0
50.8167,3394.879,522.298,2994.879,71.802,124.005,-9.928,124.402,1.862,-0.574,9,4.57,4.43,0.5483,0.0127,222000,219266.8,-34728.5,-50709.4,-633827.6,-49389.1,3951.4,34789.1,14757.9,0.0,0.0,119168.3,-36764.7,0,0
50.9167,3407.29,521.302,3007.29,72.798,124.191,-9.985,124.592,1.858,-0.572,9,4.59,4.41,0.5466,0.0126,222000,219266.8,-34728.5,-50917.3,-633716.3,-49444.6,3972.7,34895.4,14708.5,0.0,0.0,118904.9,-36632.0,0,0
51.0167,3419.72,520.3,3019.72,73.8,124.377,-10.043,124.782,1.854,-0.57,9,4.61,4.39,0.5448,0.0126,222000,219266.8,-34728.5,-51123.6,-633605.8,-49500.4,3994.0,35001.8,14659.5,0.0,0.0,118642.8,-36500.3,0,0
51.1167,3432.169,519.293,3032.169,74.807,124.562,-10.099,124.971,1.85,-0.568,9,4.63,4.37,0.5431,0.0125,222000,219266.8,-34728.5,-51328.4,-633496.4,-49556.5,4015.3,35108.0,14610.9,0.0,0.0,118381.8,-36369.6,0,0
51.2167,3444.636,518.279,3044.636,75.821,124.747,-10.156,125.159,1.846,-0.566,9,4.65,4.35,0.5414,0.0124,222000,219266.8,-34728.5,-51531.8,-633387.8,-49612.9,4036.5,35214.2,14562.7,0.0,0.0,118122.1,-36239.8,0,0
51.3167,3457.121,517.261,3057.121,76.839,124.931,-10.213,125.348,1.842,-0.564,9,4.67,4.33,0.5397,0.0123,222000,219266.8,-34728.5,-51733.6,-633280.2,-49669.6,4057.6,35320.3,14514.8,0.0,0.0,117863.6,-36111.1,0,0
51.4167,3469.625,516.236,3069.625,77.864,125.115,-10.269,125.536,1.838,-0.562,9,4.69,4.31,0.538,0.0123,222000,219266.8,-34728.5,-51934.0,-633173.5,-49726.6,4078.7,35426.3,14467.2,0.0,0.0,117606.2,-35983.3,0,0
51.5167,3482.147,515.206,3082.147,78.894,125.298,-10.325,125.723,1.834,-0.56,9,4.71,4.29,0.5363,0.0122,222000,219266.8,-34728.5,-52133.0,-633067.7,-49783.8,4099.7,35532.3,14420.0,0.0,0.0,117350.0,-35856.4,0,0
51.6167,3494.688,514.17,3094.688,79.93,125.482,-10.381,125.91,1.83,-0.558,9,4.73,4.27,0.5346,0.0121,222000,219266.8,-34728.5,-52330.5,-632962.7,-49841.3,4120.7,35638.2,14373.2,0.0,0.0,117095.0,-35730.5,0,0
51.7167,3507.247,513.129,3107.247,80.971,125.664,-10.437,126.097,1.826,-0.556,9,4.74,4.26,0.533,0.012,222000,219266.8,-34728.5,-52526.6,-632858.7,-49899.1,4141.6,35744.0,14326.7,0.0,0.0,116841.1,-35605.6,0,0
51.8167,3519.824,512.082,3119.824,82.018,125.847,-10.492,126.283,1.822,-0.554,9,4.76,4.24,0.5313,0.012,222000,219266.8,-34728.5,-52721.3,-632755.5,-49957.2,4162.4,35849.8,14280.5,0.0,0.0,116588.4,-35481.5,0,0
51.9167,3532.419,511.029,3132.419,83.071,126.029,-10.548,126.469,1.818,-0.552,9,4.78,4.22,0.5297,0.0119,222000,219266.8,-34728.5,-52914.5,-632653.2,-50015.5,4183.3,35955.5,14234.7,0.0,0.0,116336.7,-35358.4,0,0
52.0167,3545.032,509.971,3145.032,84.129,126.21,-10.603,126.655,1.814,-0.551,9,4.8,4.2,0.5281,0.0118,222000,219266.8,-34728.5,-53106.5,-632551.7,-50074.1,4204.0,36061.1,14189.2,0.0,0.0,116086.2,-35236.1,0,0
52.1167,3557.664,508.908,3157.664,85.192,126.391,-10.658,126.84,1.81,-0.549,9,4.82,4.18,0.5265,0.0117,222000,219266.8,-34728.5,-53297.0,-632451.0,-50133.0,4224.7,36166.7,14144.0,0.0,0.0,115836.8,-35114.7,0,0
52.2167,3570.314,507.839,3170.314,86.261,126.572,-10.712,127.025,1.806,-0.547,9,4.83,4.17,0.5249,0.0117,222000,219266.8,-34728.5,-53486.3,-632351.2,-50192.1,4245.4,36272.2,14099.1,0.0,0.0,115588.5,-34994.2,0,0
52.3167,3582.981,506.764,3182.981,87.336,126.752,-10.767,127.209,1.802,-0.545,9,4.85,4.15,0.5233,0.0116,222000,219266.8,-34728.5,-53674.2,-632252.2,-50251.5,4266.0,36377.6,14054.6,0.0,0.0,115341.2,-34874.6,0,0
52.4167,3595.667,505.685,3195.667,88.415,126.932,-10.821,127.393,1.798,-0.543,9,4.87,4.13,0.5217,0.0115,222000,219266.8,-34728.5,-53860.7,-632154.0,-50311.1,4286.6,36483.0,14010.4,0.0,0.0,115095.0,-34755.8,0,0
52.5167,3608.371,504.599,3208.371,89.501,127.112,-10.876,127.576,1.795,-0.541,9,4.89,4.11,0.5201,0.0115,222000,219266.8,-34728.5,-54046.0,-632056.6,-50370.9,4307.1,36588.2,13966.5,0.0,0.0,114849.9,-34637.9,0,0
52.6167,3621.093,503.509,3221.093,90.591,127.291,-10.93,127.76,1.791,-0.539,9,4.9,4.1,0.5186,0.0114,222000,219266.8,-34728.5,-54230.0,-631959.9,-50431.0,4327.6,36693.5,13922.9,0.0,0.0,114605.8,-34520.8,0,0
52.7167,3633.832,502.412,3233.832,91.688,127.47,-10.983,127.942,1.787,-0.538,9,4.92,4.08,0.517,0.0113,222000,219266.8,-34728.5,-54412.7,-631864.1,-50491.4,4348.0,36798.6,13879.6,0.0,0.0,114362.7,-34404.5,0,0
52.8167,3646.59,501.311,3246.59,92.789,127.649,-11.037,128.125,1.783,-0.536,9,4.94,4.06,0.5155,0.0112,222000,219266.8,-34728.5,-54594.2,-631769.0,-50551.9,4368.4,36903.7,13836.7,0.0,0.0,114120.7,-34289.1,0,0
52.9167,3659.365,500.204,3259.365,93.896,127.827,-11.091,128.307,1.779,-0.534,9,4.96,4.04,0.514,0.0112,222000,219266.8,-34728.5,-54774.4,-631674.7,-50612.8,4388.8,37008.7,13794.0,0.0,0.0,113879.7,-34174.4,0,0
53.0167,3672.158,499.092,3272.158,95.008,128.004,-11.144,128.489,1.776,-0.532,9,4.97,4.03,0.5125,0.0111,222000,219266.8,-34728.5,-54953.3,-631581.2,-50673.8,4409.1,37113.6,13751.6,0.0,0.0,113639.7,-34060.5,0,0
53.1167,3684.969,497.975,3284.969,96.125,128.182,-11.197,128.67,1.772,-0.53,9,4.99,4.01,0.5109,0.0111,222000,219266.8,-34728.5,-55131.1,-631488.4,-50735.0,4429.3,37218.5,13709.6,0.0,0.0,113400.7,-33947.5,0,0
53.2167,3697.797,496.852,3297.797,97.248,128.359,-11.25,128.851,1.768,-0.529,9,5.01,3.99,0.5095,0.011,222000,219266.8,-34728.5,-55307.6,-631396.3,-50796.5,4449.6,37323.3,13667.8,0.0,0.0,113162.7,-33835.2,0,0
53.3167,3710.643,495.724,3310.643,98.376,128.535,-11.303,129.031,1.764,-0.527,9,5.02,3.98,0.508,0.0109,222000,219266.8,-34728.5,-55482.9,-631304.9,-50858.2,4469.7,37428.0,13626.3,0.0,0.0,112925.6,-33723.7,0,0
53.4167,3723.507,494.59,3323.507,99.51,128.712,-11.355,129.211,1.761,-0.525,9,5.04,3.96,0.5065,0.0109,222000,219266.8,-34728.5,-55657.1,-631214.3,-50920.1,4489.9,37532.6,13585.1,0.0,0.0,112689.6,-33612.9,0,0
53.5167,3736.389,493.452,3336.389,100.648,128.887,-11.408,129.391,1.757,-0.523,9,5.06,3.94,0.505,0.0108,222000,219266.8,-34728.5,-55830.1,-631124.4,-50982.3,4510.0,37637.2,13544.1,0.0,0.0,112454.5,-33502.9,0,0
53.6167,3749.288,492.308,3349.288,101.792,129.063,-11.46,129.571,1.753,-0.522,9,5.07,3.93,0.5036,0.0107,222000,219266.8,-34728.5,-56001.9,-631035.2,-51044.6,4530.0,37741.7,13503.5,0.0,0.0,112220.3,-33393.6,0,0
53.7167,3762.204,491.159,3362.204,102.941,129.238,-11.512,129.75,1.75,-0.52,9,5.09,3.91,0.5021,0.0107,222000,219266.8,-34728.5,-56172.6,-630946.7,-51107.2,4550.0,37846.2,13463.1,0.0,0.0,111987.1,-33285.1,0,0
53.8167,3775.138,490.005,3375.138,104.095,129.413,-11.564,129.928,1.746,-0.518,9,5.1,3.9,0.5007,0.0106,222000,219266.8,-34728.5,-56342.1,-630858.8,-51169.9,4570.0,37950.6,13423.0,0.0,0.0,111754.8,-33177.3,0,0
53.9167,3788.09,488.845,3388.09,105.255,129.587,-11.616,130.107,1.743,-0.517,9,5.12,3.88,0.4993,0.0106,222000,219266.8,-34728.5,-56510.5,-630771.7,-51232.9,4589.9,38054.9,13383.2,0.0,0.0,111523.5,-33070.2,0,0
54.0167,3801.058,487.681,3401.058,106.419,129.761,-11.667,130.285,1.739,-0.515,9,5.14,3.86,0.4978,0.0105,222000,219266.8,-34728.5,-56677.8,-630685.2,-51296.0,4609.8,38159.1,13343.6,0.0,0.0,111293.0,-32963.8,0,0
54.1167,3814.045,486.511,3414.045,107.589,129.935,-11.719,130.462,1.735,-0.513,9,5.15,3.85,0.4964,0.0104,222000,219266.8,-34728.5,-56844.0,-630599.3,-51359.4,4629.7,38263.3,13304.3,0.0,0.0,111063.5,-32858.1,0,0
54.2167,3827.048,485.336,3427.048,108.764,130.108,-11.77,130.64,1.732,-0.512,9,5.17,3.83,0.495,0.0104,222000,219266.8,-34728.5,-57009.1,-630514.2,-51422.9,4649.5,38367.4,13265.3,0.0,0.0,110834.9,-32753.1,0,0
54.3167,3840.069,484.156,3440.069,109.944,130.281,-11.821,130.816,1.728,-0.51,9,5.18,3.82,0.4936,0.0103,222000,219266.8,-34728.5,-57173.1,-630429.7,-51486.6,4669.3,38471.4,13226.5,0.0,0.0,110607.1,-32648.8,0,0
54.4167,3853.107,482.971,3453.107,111.129,130.454,-11.872,130.993,1.725,-0.509,9,5.2,3.8,0.4922,0.0103,222000,219266.8,-34728.5,-57336.0,-630345.8,-51550.5,4689.0,38575.3,13188.0,0.0,0.0,110380.3,-32545.2,0,0
54.5167,3866.163,481.781,3466.163,112.319,130.626,-11.923,131.169,1.721,-0.507,9,5.21,3.79,0.4909,0.0102,222000,219266.8,-34728.5,-57497.9,-630262.5,-51614.6,4708.7,38679.2,13149.8,0.0,0.0,110154.3,-32442.3,0,0
54.6167,3879.235,480.586,3479.235,113.514,130.798,-11.973,131.345,1.718,-0.505,9,5.23,3.77,0.4895,0.0101,222000,219266.8,-34728.5,-57658.7,-630179.9,-51678.9,4728.4,38783.0,13111.8,0.0,0.0,109929.2,-32340.0,0,0
54.7167,3892.325,479.385,3492.325,114.715,130.97,-12.024,131.52,1.714,-0.504,9,5.24,3.76,0.4881,0.0101,222000,219266.8,-34728.5,-57818.5,-630097.9,-51743.4,4748.0,38886.8,13074.0,0.0,0.0,109705.0,-32238.3,0,0
54.8167,3905.432,478.18,3505.432,115.92,131.141,-12.074,131.695,1.711,-0.502,9,5.26,3.74,0.4868,0.01,222000,219266.8,-34728.5,-57977.2,-630016.5,-51808.0,4767.6,38990.4,13036.5,0.0,0.0,109481.6,-32137.3,0,0
54.9167,3918.556,476.97,3518.556,117.13,131.312,-12.124,131.87,1.707,-0.501,9,5.27,3.73,0.4855,0.01,222000,219266.8,-34728.5,-58134.9,-629935.7,-51872.9,4787.2,39094.0,12999.3,0.0,0.0,109259.0,-32037.0,0,0
55.0167,3931.697,475.754,3531.697,118.346,131.482,-12.174,132.045,1.704,-0.499,9,5.29,3.71,0.4841,0.0099,222000,219266.8,-34728.5,-58291.6,-629855.6,-51937.8,4806.7,39197.5,12962.3,0.0,0.0,109037.3,-31937.3,0,0
55.1167,3944.856,474.534,3544.856,119.566,131.652,-12.224,132.219,1.7,-0.497,9,5.3,3.7,0.4828,0.0099,222000,219266.8,-34728.5,-58447.4,-629776.0,-52003.0,4826.2,39301.0,12925.5,0.0,0.0,108816.5,-31838.2,0,0
55.2167,3958.026,473.28,3558.026,120.82,131.721,-12.919,132.353,-0.112,-11.431,15,5.52,9.48,1.0033,0.0426,222000,214435.5,-57457.8,-126693.9,-1311120.1,-94884.3,9168.7,39388.5,55937.8,0.0,0.0,-7142.7,-731569.3,0,0
55.3167,3971.192,471.896,3571.192,122.204,131.588,-14.587,132.394,-1.826,-18.251,21,6.19,14.81,1.3251,0.0743,222000,207254.9,-79557.7,-187857.6,-1731123.4,-136292.1,14790.1,39420.9,97671.3,0.0,0.0,-116894.8,-1168051.0,0,1
55.4167,3984.339,470.329,3584.339,123.771,131.372,-16.455,132.399,-2.4,-18.992,21,7.0,14.0,1.3656,0.0789,222000,207254.9,-79557.7,-218753.2,-1781225.7,-142089.9,17450.1,39426.0,103731.5,0.0,0.0,-153588.2,-1215493.3,0,1
55.5167,3997.461,468.573,3597.461,125.527,131.111,-18.341,132.388,-2.642,-18.298,21,7.83,13.17,1.3353,0.0755,222000,207254.9,-79557.7,-239032.5,-1738247.9,-137301.4,18880.8,39420.1,99173.5,0.0,0.0,-169079.1,-1171084.8,0,0
55.6167,4010.557,466.636,3610.557,127.464,130.847,-20.083,132.38,-2.634,-16.824,21,8.6,12.4,1.2657,0.0678,222000,207254.9,-79557.7,-248758.4,-1644212.4,-127060.8,19223.5,39414.8,89092.0,0.0,0.0,-168564.4,-1076706.6,0,0
55.7167,4023.626,464.533,3623.626,129.567,130.586,-21.686,132.374,-2.6,-15.47,21,9.32,11.68,1.2016,0.0611,222000,207254.9,-79557.7,-255524.2,-1557724.0,-118119.7,19376.0,39411.3,80287.0,0.0,0.0,-166389.0,-990065.7,0,0
55.8167,4036.67,462.278,3636.67,131.822,130.329,-23.159,132.371,-2.546,-14.227,21,9.97,11.03,1.1425,0.0553,222000,207254.9,-79557.7,-259897.9,-1478176.2,-110299.8,19393.3,39409.0,72582.7,0.0,0.0,-162942.8,-910500.6,0,0
55.9167,4049.688,459.882,3649.688,134.218,130.078,-24.515,132.368,-2.477,-13.085,21,10.58,10.42,1.0881,0.0501,222000,207254.9,-79557.7,-262350.9,-1405009.3,-103448.6,19316.5,39407.4,65829.2,0.0,0.0,-158544.7,-837410.5,0,0
56.0167,4062.681,457.357,3662.681,136.743,129.835,-25.761,132.366,-2.398,-12.035,21,11.13,9.87,1.0379,0.0456,222000,207254.9,-79557.7,-263273.4,-1337707.5,-97435.6,19176.2,39406.2,59898.5,0.0,0.0,-153454.2,-770248.9,0,0
56.1167,4075.651,454.713,3675.651,139.387,129.6,-26.908,132.364,-2.311,-11.071,21,11.65,9.35,0.9917,0.0416,222000,207254.9,-79557.7,-262988.1,-1275795.8,-92148.7,18995.2,39405.0,54681.1,0.0,0.0,-147881.9,-708518.2,0,0
56.2167,4088.598,451.96,3688.598,142.14,129.375,-27.963,132.362,-2.219,-10.184,21,12.12,8.88,0.9491,0.0381,222000,207254.9,-79557.7,-261761.1,-1218837.4,-87491.8,18790.0,39403.8,50083.0,0.0,0.0,-141998.0,-651765.1,0,0
56.3167,4101.523,449.106,3701.523,144.994,129.158,-28.933,132.359,-2.124,-9.368,21,12.56,8.44,0.9099,0.035,222000,207254.9,-79557.7,-259811.5,-1166430.9,-83382.4,18572.6,39402.2,46023.6,0.0,0.0,-135939.0,-599576.0,0,0
56.4167,4114.426,446.16,3714.426,147.94,128.951,-29.825,132.356,-2.028,-8.618,21,12.96,8.04,0.8737,0.0323,222000,207254.9,-79557.7,-257319.0,-1118207.6,-79749.5,18351.7,39400.1,42433.6,0.0,0.0,-129813.6,-551573.5,0,0
56.5167,4127.31,443.129,3727.31,150.971,128.754,-30.646,132.351,-1.933,-7.928,21,13.33,7.67,0.8403,0.0299,222000,207254.9,-79557.7,-254430.6,-1073828.6,-76531.9,18133.3,39397.6,39253.2,0.0,0.0,-123707.6,-507413.0,0,0
56.6167,4140.174,440.02,3740.174,154.08,128.566,-31.402,132.346,-1.839,-7.293,21,13.67,7.33,0.8096,0.0277,222000,207254.9,-79557.7,-251265.8,-1032983.0,-73677.0,17921.4,39394.4,36430.9,0.0,0.0,-117687.9,-466779.2,0,0
56.7167,4153.02,436.839,3753.02,157.261,128.388,-32.097,132.339,-1.747,-6.709,21,13.99,7.01,0.7812,0.0258,222000,207254.9,-79557.7,-247921.4,-995385.2,-71139.3,17718.7,39390.6,33922.1,0.0,0.0,-111805.8,-429384.2,0,0
56.8167,4165.849,433.592,3765.849,160.508,128.218,-32.736,132.331,-1.658,-6.171,21,14.28,6.72,0.7551,0.0241,222000,207254.9,-79557.7,-244475.2,-960773.2,-68879.5,17526.8,39386.1,31688.3,0.0,0.0,-106099.8,-394964.1,0,0
56.9167,4178.662,430.283,3778.662,163.817,128.058,-33.324,132.322,-1.572,-5.676,21,14.54,6.46,0.7311,0.0226,222000,207254.9,-79557.7,-240989.4,-928906.4,-66863.6,17346.6,39380.9,29696.2,0.0,0.0,-100598.1,-363277.5,0,0
57.0167,4191.459,426.919,3791.459,167.181,127.905,-33.865,132.312,-1.489,-5.22,21,14.79,6.21,0.7089,0.0213,222000,207254.9,-79557.7,-237513.0,-899563.9,-65062.1,17178.4,39375.1,27916.7,0.0,0.0,-95320.2,-334103.1,0,0
57.1167,4204.241,423.503,3804.241,170.597,127.761,-34.362,132.301,-1.411,-4.801,21,15.02,5.98,0.6884,0.0201,222000,207254.9,-79557.7,-234084.4,-872542.9,-63449.5,17022.1,39368.5,26324.6,0.0,0.0,-90279.0,-307238.4,0,0
57.2167,4217.009,420.04,3817.009,174.06,127.624,-34.819,132.289,-1.336,-4.414,21,15.23,5.77,0.6696,0.019,222000,207254.9,-79557.7,-230733.0,-847657.2,-62003.4,16877.4,39361.3,24898.2,0.0,0.0,-85481.6,-282497.5,0,0
57.3167,4229.763,416.533,3829.763,177.567,127.495,-35.239,132.275,-1.265,-4.058,21,15.42,5.58,0.6522,0.018,222000,207254.9,-79557.7,-227481.0,-824735.8,-60704.7,16743.7,39353.4,23618.1,0.0,0.0,-80930.8,-259709.8,0,0
57.4167,4242.506,412.987,3842.506,181.113,127.372,-35.626,132.261,-1.197,-3.73,21,15.6,5.4,0.6362,0.0171,222000,207254.9,-79557.7,-224344.7,-803621.8,-59536.2,16620.6,39344.8,22467.8,0.0,0.0,-76626.1,-238718.9,0,0
57.5167,4255.236,409.403,3855.236,184.697,127.256,-35.981,132.245,-1.134,-3.428,21,15.76,5.24,0.6214,0.0163,222000,207254.9,-79557.7,-221335.2,-784170.8,-58483.5,16507.2,39335.7,21432.7,0.0,0.0,-72563.9,-219381.3,0,0
57.6167,4267.955,405.786,3867.955,188.314,127.147,-36.307,132.229,-1.074,-3.149,21,15.91,5.09,0.6078,0.0156,222000,207254.9,-79557.7,-218460.2,-766250.2,-57533.5,16403.0,39326.0,20500.0,0.0,0.0,-68738.7,-201565.0,0,0
57.7167,4280.663,402.135,3880.663,191.965,127.011,-36.697,132.206,-2.283,-6.463,23,16.07,6.93,0.7741,0.0254,222000,204352.1,-86742.3,-280729.7,-974784.1,-69717.9,20078.2,39314.7,33236.8,0.0,0.0,-146095.5,-413608.2,0,0
57.8167,4293.341,398.402,3893.341,195.698,126.552,-37.92,132.111,-6.294,-16.198,29,16.56,12.44,1.27,0.0683,222000,194165.6,-107627.7,-473682.6,-1593506.4,-123306.1,36653.7,39268.2,89370.4,0.0,0.0,-402823.1,-1036640.5,0,0
57.9167,4305.954,394.505,3905.954,199.595,125.821,-39.718,131.941,-7.556,-18.096,31,17.38,13.62,1.376,0.0801,222000,190291.1,-114338.5,-536600.2,-1714607.5,-137247.3,42952.6,39170.7,104640.8,0.0,0.0,-483556.3,-1158153.3,0,0
58.0167,4318.493,390.432,3918.493,203.668,125.082,-41.433,131.766,-7.269,-16.501,31,18.2,12.8,1.3022,0.0718,222000,190291.1,-114338.5,-529580.6,-1610988.7,-125913.6,41391.6,39066.3,93476.1,0.0,0.0,-465203.0,-1056095.5,0,0
58.1167,4330.959,386.197,3930.959,207.903,124.372,-42.997,131.595,-6.976,-15.047,31,18.95,12.05,1.2344,0.0645,222000,190291.1,-114338.5,-520677.3,-1516341.3,-116080.7,39859.5,38964.7,83768.7,0.0,0.0,-446466.8,-962980.3,0,0
58.2167,4343.356,381.813,3943.356,212.287,123.692,-44.423,131.427,-6.682,-13.718,31,19.65,11.35,1.1719,0.0581,222000,190291.1,-114338.5,-510423.5,-1429850.2,-107531.1,38386.1,38865.2,75312.0,0.0,0.0,-427663.5,-877962.5,0,0
58.3167,4355.687,377.294,3955.687,216.806,123.04,-45.724,131.261,-6.391,-12.504,31,20.28,10.72,1.1144,0.0526,222000,190291.1,-114338.5,-499247.8,-1350776.8,-100080.8,36989.9,38767.2,67930.6,0.0,0.0,-409037.5,-800285.3,0,0
58.4167,4367.955,372.651,3967.955,221.449,122.418,-46.908,131.097,-6.106,-11.395,31,20.87,10.13,1.0615,0.0477,222000,190291.1,-114338.5,-487492.7,-1278452.6,-93573.8,35681.1,38670.3,61475.5,0.0,0.0,-390775.4,-729269.9,0,0
58.5167,4380.162,367.897,3980.162,226.203,121.824,-47.988,130.934,-5.828,-10.38,31,21.41,9.59,1.0127,0.0434,222000,190291.1,-114338.5,-475430.3,-1212272.0,-87877.7,34464.0,38574.2,55820.0,0.0,0.0,-373016.9,-664306.5,0,0
58.6167,4392.311,363.04,3992.311,231.06,121.256,-48.971,130.772,-5.56,-9.451,31,21.91,9.09,0.9678,0.0397,222000,190291.1,-114338.5,-463274.8,-1151686.8,-82880.1,33339.1,38478.5,50855.8,0.0,0.0,-355863.8,-604846.1,0,0
58.7167,4404.405,358.09,4004.405,236.01,120.716,-49.866,130.61,-5.303,-8.6,31,22.37,8.63,0.9265,0.0363,222000,190291.1,-114338.5,-451193.6,-1096200.1,-78485.1,32304.3,38383.0,46490.3,0.0,0.0,-339387.5,-550394.2,0,0
58.8167,4416.446,353.055,4016.446,241.045,120.2,-50.68,130.447,-5.057,-7.82,31,22.79,8.21,0.8885,0.0334,222000,190291.1,-114338.5,-439315.4,-1045361.4,-74611.1,31355.5,38287.5,42644.4,0.0,0.0,-323635.3,-500504.4,0,0
58.9167,4428.437,347.943,4028.437,246.157,119.708,-51.42,130.284,-4.822,-7.106,31,23.18,7.82,0.8535,0.0308,222000,190291.1,-114338.5,-427737.4,-998762.6,-71188.5,30487.7,38192.0,39250.2,0.0,0.0,-308634.7,-454773.4,0,0
59.0167,4440.38,342.761,4040.38,251.339,119.239,-52.092,130.121,-4.6,-6.451,31,23.54,7.46,0.8212,0.0285,222000,190291.1,-114338.5,-416531.7,-956033.1,-68157.5,29695.4,38096.4,36249.2,0.0,0.0,-294398.1,-412836.2,0,0
59.1167,4452.278,337.516,4052.278,256.584,118.791,-52.701,129.957,-4.389,-5.849,31,23.87,7.13,0.7915,0.0265,222000,190291.1,-114338.5,-405749.5,-916836.7,-65467.2,28972.8,38000.4,33591.3,0.0,0.0,-280925.5,-374362.4,0,0
59.2167,4464.132,332.213,4064.132,261.887,118.364,-53.254,129.792,-4.191,-5.298,31,24.18,6.82,0.7642,0.0247,222000,190291.1,-114338.5,-395425.4,-880868.0,-63073.8,28314.1,37904.2,31233.2,0.0,0.0,-268208.0,-339052.3,0,0
59.3167,4475.945,326.86,4075.945,267.24,117.998,-53.673,129.632,-2.307,-1.563,29,24.44,4.56,0.5603,0.0133,222000,194165.6,-107627.7,-292162.7,-642835.3,-49665.8,22572.7,37808.8,16746.0,0.0,0.0,-147663.0,-100050.4,0,0
59.4167,4487.744,321.51,4087.744,272.59,118.05,-53.256,129.507,2.42,8.178,23,24.34,-1.34,0.0291,0.0,222000,204352.1,-86742.3,-15065.2,-33297.7,-34419.2,15572.6,37733.2,45.0,0.0,0.0,154867.7,523372.6,0,0
59.5167,4499.574,316.256,4099.574,277.844,118.524,-51.898,129.388,6.26,17.37,17,23.78,-6.78,-0.4605,0.009,222000,212299.7,-64906.5,233142.8,529029.2,-44777.7,19733.5,37664.9,11268.3,0.0,0.0,400664.7,1111696.2,0,0
59.6167,4511.471,311.19,4111.471,282.91,119.326,-49.648,129.242,9.142,26.092,11,22.79,-11.79,-0.9115,0.0352,222000,217921.2,-42359.6,442434.5,1052776.4,-75268.6,31632.0,37583.9,44061.4,0.0,0.0,585087.1,1669888.9,0,0
59.7167,4523.464,306.406,4123.464,287.694,120.385,-46.456,129.037,10.579,32.865,5,21.36,-16.36,-1.2477,0.0659,222000,221155.2,-19348.6,567470.8,1451272.6,-111539.9,43613.9,37468.5,82295.1,0.0,0.0,677086.1,2103377.9,0,1
59.8167,4535.56,301.945,4135.56,292.155,121.367,-43.302,128.86,9.607,31.709,2,19.88,-17.88,-1.1714,0.0581,222000,221864.8,-7747.7,496128.8,1371964.1,-103164.2,37306.2,37362.3,72340.0,0.0,0.0,614829.4,2029362.6,0,1
59.9167,4547.752,297.804,4147.752,296.296,122.312,-40.043,128.7,9.332,33.232,2,18.38,-16.38,-1.2463,0.0657,222000,221864.8,-7747.7,488281.5,1469247.0,-112875.5,37512.4,37268.3,81677.3,0.0,0.0,597270.8,2126851.7,0,1
60.0167,4560.037,293.997,4160.037,300.103,123.224,-36.627,128.553,8.956,34.824,2,16.82,-14.82,-1.3244,0.0742,222000,221864.8,-7747.7,475019.1,1571253.3,-123676.9,37389.8,37181.8,92023.4,0.0,0.0,573206.9,2228735.4,0,1
60.1167,4572.41,290.536,4172.41,303.564,124.056,-33.271,128.44,7.342,29.496,2,15.24,-13.24,-1.0415,0.0459,222000,221864.8,-7747.7,338618.7,1242990.9,-90601.2,24681.8,37108.7,56794.2,0.0,0.0,469882.3,1887765.0,0,0
60.2167,4584.856,287.376,4184.856,306.724,124.741,-30.45,128.404,6.52,27.307,2,13.93,-11.93,-0.9234,0.0361,222000,221864.8,-7747.7,274726.9,1107899.2,-79297.6,19663.5,37083.8,44615.4,0.0,0.0,417294.0,1747655.0,0,0
60.3167,4597.366,284.485,4197.366,309.615,125.352,-27.839,128.406,5.834,25.277,2,12.71,-10.71,-0.8143,0.0281,222000,221864.8,-7747.7,221523.2,981829.7,-70013.8,15796.7,37081.7,34692.0,0.0,0.0,373374.1,1617718.8,0,0
60.4167,4609.934,281.843,4209.934,312.257,125.901,-25.422,128.442,5.262,23.394,2,11.59,-9.59,-0.7135,0.0215,222000,221864.8,-7747.7,177323.4,864305.8,-62444.5,12811.3,37099.5,26645.7,0.0,0.0,336743.7,1497209.4,0,0
60.5167,4622.553,279.433,4222.553,314.667,126.399,-23.186,128.508,4.785,21.647,2,10.56,-8.56,-0.6203,0.0163,222000,221864.8,-7747.7,140707.8,754844.0,-56325.9,10499.5,37134.7,20161.5,0.0,0.0,306246.6,1385435.8,0,0
60.6167,4635.22,277.236,4235.22,316.864,126.853,-21.117,128.599,4.389,20.027,2,9.6,-7.6,-0.5343,0.0121,222000,221864.8,-7747.7,110477.3,652964.8,-51431.1,8701.8,37185.2,14976.9,0.0,0.0,280911.0,1281758.9,0,0
60.7167,4647.93,275.237,4247.93,318.863,127.273,-19.202,128.713,4.061,18.525,2,8.72,-6.72,-0.4548,0.0088,222000,221864.8,-7747.7,85618.7,558199.7,-47565.0,7295.7,37249.2,10872.1,0.0,0.0,259918.4,1185587.7,0,0
60.8167,4660.68,273.422,4260.68,320.678,127.663,-17.432,128.847,3.79,17.131,2,7.91,-5.91,-0.3815,0.0062,222000,221864.8,-7747.7,65274.5,470096.3,-44560.9,6187.4,37325.0,7663.4,0.0,0.0,242578.3,1096376.0,0,0
60.9167,4673.468,271.775,4273.468,322.325,128.028,-15.795,128.999,3.567,15.838,2,7.15,-5.15,-0.3138,0.0042,222000,221864.8,-7747.7,48719.0,388221.0,-42276.1,5305.4,37411.4,5196.3,0.0,0.0,228307.7,1013618.7,0,0
61.0167,4686.291,270.285,4286.291,323.815,128.374,-14.282,129.166,3.385,14.638,2,6.46,-4.46,-0.2513,0.0027,222000,221864.8,-7747.7,35338.1,312161.4,-40589.1,4594.9,37507.0,3341.4,0.0,0.0,216613.7,936848.6,0,0
61.1167,4699.148,268.939,4299.148,325.161,128.704,-12.884,129.347,3.236,13.526,2,5.82,-3.82,-0.1936,0.0016,222000,221864.8,-7747.7,24611.5,241526.6,-39396.8,4014.5,37610.8,1990.0,0.0,0.0,207079.4,865633.5,0,0
61.2167,4712.037,267.727,4312.037,326.373,129.02,-11.592,129.54,3.115,12.493,2,5.23,-3.23,-0.1405,0.0008,222000,221864.8,-7747.7,16099.0,175947.9,-38611.5,3532.9,37721.9,1050.9,0.0,0.0,199352.3,799573.1,0,0
61.3167,4724.957,266.638,4324.957,327.462,129.326,-10.399,129.743,3.018,11.536,2,4.68,-2.68,-0.0915,0.0004,222000,221864.8,-7747.7,9428.4,115078.2,-38159.0,3126.4,37839.5,447.4,0.0,0.0,193134.1,738296.9,0,0
61.4167,4737.907,265.663,4337.907,328.437,129.623,-9.298,129.956,2.94,10.648,2,4.18,-2.18,-0.0464,0.0001,222000,221864.8,-7747.7,4284.7,58592.0,-37976.9,2777.2,37962.8,115.4,0.0,0.0,188172.7,681461.5,0,0
61.5167,4750.886,264.793,4350.886,329.307,129.913,-8.282,130.177,2.879,9.824,2,3.72,-1.72,-0.0049,0.0,222000,221864.8,-7747.7,402.2,6184.4,-38012.3,2472.1,38091.3,1.3,0.0,0.0,184254.7,628748.7,0,0
61.6167,4763.894,264.02,4363.894,330.08,130.198,-7.344,130.405,2.831,9.06,2,3.3,-1.3,0.0334,0.0,222000,221864.8,-7747.7,-2443.6,-42430.0,-38221.1,2201.2,38224.4,60.0,0.0,0.0,181200.1,579863.5,0,0
61.7167,4776.93,263.337,4376.93,330.763,130.479,-6.48,130.64,2.795,8.352,2,2.91,-0.91,0.0685,0.0002,222000,221864.8,-7747.7,-4441.4,-87517.5,-38566.1,1957.2,38361.6,254.2,0.0,0.0,178857.2,534532.0,0,0
61.8167,4789.994,262.736,4389.994,331.364,130.757,-5.684,130.88,2.767,7.695,2,2.55,-0.55,0.1009,0.0004,222000,221864.8,-7747.7,-5750.4,-129326.8,-39016.6,1734.8,38502.4,552.7,0.0,0.0,177097.8,492500.4,0,0
61.9167,4803.086,262.21,4403.086,331.89,131.032,-4.95,131.126,2.747,7.086,2,2.22,-0.22,0.1306,0.0007,222000,221864.8,-7747.7,-6503.7,-168089.7,-39546.7,1530.1,38646.6,929.8,0.0,0.0,175814.3,453532.8,0,0
62.0167,4816.205,261.755,4416.205,332.345,131.306,-4.275,131.376,2.733,6.522,2,1.91,0.09,0.1579,0.0011,222000,221864.8,-7747.7,-6813.2,-204022.3,-40135.3,1340.3,38793.7,1364.1,0.0,0.0,174916.3,417410.3,0,0
62.1167,4829.352,261.364,4429.352,332.736,131.579,-3.653,131.629,2.724,5.999,2,1.63,0.37,0.1829,0.0014,222000,221864.8,-7747.7,-6772.0,-237325.7,-40764.9,1163.2,38943.4,1838.1,0.0,0.0,174327.9,383929.8,0,0
62.2167,4842.526,261.033,4442.526,333.067,131.851,-3.082,131.887,2.719,5.514,2,1.38,0.62,0.2059,0.0018,222000,221864.8,-7747.7,-6457.9,-268187.3,-41421.1,997.4,39095.6,2337.5,0.0,0.0,173985.8,352902.5,0,0
62.3167,4855.726,260.756,4455.726,333.344,132.123,-2.557,132.147,2.716,5.065,2,1.15,0.85,0.2269,0.0022,222000,221864.8,-7747.7,-5935.4,-296781.3,-42092.2,841.8,39249.9,2850.8,0.0,0.0,173837.1,324152.8,0,0
62.4167,4868.955,260.528,4468.955,333.572,132.394,-2.075,132.41,2.716,4.649,2,0.93,1.07,0.2461,0.0026,222000,221864.8,-7747.7,-5257.7,-323270.0,-42769.0,695.6,39406.1,3368.5,0.0,0.0,173838.0,297517.9,0,0
62.5167,4882.21,260.347,4482.21,333.753,132.666,-1.633,132.676,2.718,4.263,2,0.74,1.26,0.2637,0.0029,222000,221864.8,-7747.7,-4468.8,-347804.2,-43443.8,558.2,39564.2,3883.2,0.0,0.0,173952.2,272846.3,0,0
62.6167,4895.492,260.208,4495.492,333.892,132.938,-1.228,132.943,2.721,3.906,2,0.56,1.44,0.2798,0.0033,222000,221864.8,-7747.7,-3604.4,-370524.1,-44110.8,429.1,39723.8,4389.1,0.0,0.0,174149.6,249997.4,0,0
62.7167,4908.801,260.096,4508.801,334.004,133.196,-1.174,133.201,2.347,-3.986,6,0.48,5.52,0.6471,0.0177,222000,220783.9,-23205.3,-7152.4,-860235.5,-63442.9,527.5,39880.8,23564.3,0.0,0.0,150188.6,-255073.4,0,0
62.8167,4922.132,259.927,4522.132,334.173,133.372,-2.217,133.39,1.239,-14.923,12,0.85,11.15,1.1539,0.0564,222000,217148.8,-46156.4,-22711.1,-1538466.9,-115140.8,1699.7,40003.2,75150.1,0.0,0.0,79296.9,-955083.6,0,0
62.9167,4935.476,259.621,4535.476,334.479,133.488,-3.643,133.538,1.115,-13.791,12,1.46,10.54,1.0982,0.051,222000,217148.8,-46156.4,-37515.6,-1467105.4,-108275.3,2768.7,40091.8,68218.8,0.0,0.0,71357.9,-882653.1,0,0
63.0167,4948.831,259.179,4548.831,334.921,133.594,-4.96,133.686,1.017,-12.747,12,2.04,9.96,1.0468,0.0464,222000,217148.8,-46156.4,-49802.9,-1401137.7,-102238.2,3634.0,40180.7,62122.0,0.0,0.0,65107.7,-815820.1,0,0
63.1167,4962.196,258.611,4562.196,335.489,133.691,-6.178,133.833,0.941,-11.784,12,2.56,9.44,0.9994,0.0423,222000,217148.8,-46156.4,-59971.9,-1340173.5,-96922.7,4337.2,40269.7,56750.1,0.0,0.0,60254.1,-754152.7,0,0
63.2167,4975.571,257.927,4575.571,336.173,133.781,-7.304,133.981,0.884,-10.895,12,3.05,8.95,0.9557,0.0387,222000,217148.8,-46156.4,-68360.4,-1283847.4,-92236.4,4911.3,40358.4,52008.7,0.0,0.0,56551.9,-697252.5,0,0
63.3167,4988.954,257.135,4588.954,336.965,133.867,-8.345,134.127,0.841,-10.074,12,3.5,8.5,0.9154,0.0355,222000,217148.8,-46156.4,-75254.2,-1231817.7,-88099.3,5382.2,40446.7,47816.8,0.0,0.0,53795.3,-644751.9,0,0
63.4167,5002.345,256.244,4602.345,337.856,133.949,-9.308,134.272,0.81,-9.317,12,3.91,8.09,0.8782,0.0326,222000,217148.8,-46156.4,-80894.8,-1183765.9,-84442.1,5770.5,40534.5,44104.6,0.0,0.0,51811.8,-596311.8,0,0
63.5167,5015.745,255.26,4615.745,338.84,134.029,-10.199,134.416,0.788,-8.619,12,4.29,7.71,0.8438,0.0301,222000,217148.8,-46156.4,-85486.5,-1139395.6,-81204.9,6092.6,40621.7,40811.5,0.0,0.0,50457.3,-551619.3,0,0
63.6167,5029.153,254.192,4629.153,339.908,134.107,-11.022,134.559,0.775,-7.975,12,4.64,7.36,0.8122,0.0279,222000,217148.8,-46156.4,-89201.9,-1098430.7,-78335.7,6361.5,40708.2,37885.4,0.0,0.0,49611.2,-510385.6,0,0
63.7167,5042.568,253.045,4642.568,341.055,134.184,-11.785,134.7,0.768,-7.38,12,4.97,7.03,0.7829,0.0259,222000,217148.8,-46156.4,-92186.6,-1060615.2,-75789.3,6587.5,40794.0,35281.1,0.0,0.0,49172.9,-472344.1,0,0
63.8167,5055.991,251.825,4655.991,342.275,134.261,-12.491,134.84,0.767,-6.832,12,5.27,6.73,0.7559,0.0242,222000,217148.8,-46156.4,-94563.4,-1025711.1,-73526.6,6778.6,40878.9,32959.4,0.0,0.0,49058.8,-437248.8,0,0
63.9167,5069.421,250.537,4669.421,343.563,134.337,-13.144,134.979,0.769,-6.326,12,5.54,6.46,0.731,0.0226,222000,217148.8,-46156.4,-96436.1,-993497.9,-71513.4,6941.6,40963.1,30886.4,0.0,0.0,49199.3,-404872.7,0,0
64.0167,5082.859,249.187,4682.859,344.913,134.415,-13.749,135.116,0.774,-5.859,12,5.8,6.2,0.708,0.0212,222000,217148.8,-46156.4,-97891.7,-963771.2,-69720.2,7081.6,41046.5,29032.4,0.0,0.0,49536.9,-375006.0,0,0
64.1167,5096.305,247.779,4696.305,346.321,134.492,-14.31,135.252,0.782,-5.429,12,6.04,5.96,0.6868,0.02,222000,217148.8,-46156.4,-99003.6,-936341.7,-68121.0,7202.7,41129.0,27371.7,0.0,0.0,50024.1,-347455.4,0,0
64.2167,5109.759,246.318,4709.759,347.782,134.571,-14.829,135.386,0.791,-5.032,12,6.25,5.75,0.6672,0.0188,222000,217148.8,-46156.4,-99833.5,-911034.1,-66693.4,7308.4,41210.8,25881.9,0.0,0.0,50621.9,-322042.0,0,0
64.3167,5123.221,244.806,4723.221,349.294,134.651,-15.311,135.518,0.802,-4.666,12,6.46,5.54,0.649,0.0178,222000,217148.8,-46156.4,-100432.9,-887686.1,-65417.7,7401.4,41291.9,24543.2,0.0,0.0,51298.1,-298601.1,0,0
64.4167,5136.691,243.249,4736.691,350.851,134.732,-15.757,135.65,0.813,-4.328,12,6.64,5.36,0.6323,0.0169,222000,217148.8,-46156.4,-100845.2,-866147.6,-64276.7,7483.7,41372.2,23338.7,0.0,0.0,52026.9,-276980.3,0,0
64.5167,5150.169,241.649,4750.169,352.451,134.814,-16.172,135.78,0.825,-4.016,12,6.81,5.19,0.6168,0.0161,222000,217148.8,-46156.4,-101106.4,-846280.0,-63255.2,7557.2,41451.7,22253.3,0.0,0.0,52787.2,-257039.2,0,0
64.6167,5163.655,240.009,4763.655,354.091,134.897,-16.556,135.909,0.837,-3.729,12,6.97,5.03,0.6025,0.0154,222000,217148.8,-46156.4,-101246.9,-827954.7,-62340.0,7623.3,41530.6,21273.8,0.0,0.0,53561.9,-238647.8,0,0
64.7167,5177.149,238.332,4777.149,355.768,134.981,-16.914,136.037,0.849,-3.464,12,7.12,4.88,0.5893,0.0147,222000,217148.8,-46156.4,-101291.6,-811053.2,-61519.6,7683.1,41608.8,20388.6,0.0,0.0,54337.6,-221686.5,0,0
64.8167,5190.653,236.621,4790.653,357.479,135.067,-17.246,136.163,0.861,-3.219,12,7.25,4.75,0.5771,0.0141,222000,217148.8,-46156.4,-101261.4,-795465.9,-60783.6,7737.6,41686.4,19587.7,0.0,0.0,55103.8,-206044.6,0,0
64.9167,5204.164,234.879,4804.164,359.221,135.154,-17.554,136.289,0.873,-2.994,12,7.38,4.62,0.5658,0.0135,222000,217148.8,-46156.4,-101173.5,-781091.4,-60123.1,7787.7,41763.4,18862.0,0.0,0.0,55852.2,-191620.1,0,0
65.0167,5217.685,233.106,4817.685,360.994,135.242,-17.841,136.413,0.884,-2.786,12,7.5,4.5,0.5553,0.0131,222000,217148.8,-46156.4,-101042.1,-767836.0,-59530.2,7833.8,41839.9,18203.6,0.0,0.0,56576.4,-178318.7,0,0
65.1167,5231.214,231.306,4831.214,362.794,135.331,-18.109,136.537,0.895,-2.595,12,7.6,4.4,0.5456,0.0126,222000,217148.8,-46156.4,-100879.0,-755613.5,-58997.8,7876.6,41915.8,17605.5,0.0,0.0,57272.0,-166053.3,0,0
65.2167,5244.752,229.481,4844.752,364.619,135.421,-18.358,136.659,0.905,-2.418,12,7.7,4.3,0.5366,0.0122,222000,217148.8,-46156.4,-100693.6,-744343.8,-58519.7,7916.4,41991.1,17061.6,0.0,0.0,57935.5,-154743.7,0,0
65.3167,5258.3,227.631,4858.3,366.469,135.512,-18.59,136.781,0.915,-2.255,12,7.8,4.2,0.5283,0.0118,222000,217148.8,-46156.4,-100493.7,-733953.2,-58090.3,7953.8,42066.0,16566.3,0.0,0.0,58564.8,-144315.8,0,0
65.4167,5271.856,225.76,4871.856,368.34,135.604,-18.807,136.902,0.924,-2.105,12,7.88,4.12,0.5206,0.0115,222000,217148.8,-46156.4,-100285.5,-724373.5,-57704.9,7988.9,42140.4,16114.8,0.0,0.0,59158.4,-134701.0,0,0
65.5167,5285.422,223.867,4885.422,370.233,135.697,-19.009,137.022,0.933,-1.966,12,7.96,4.04,0.5135,0.0112,222000,217148.8,-46156.4,-100074.1,-715542.0,-57358.9,8022.1,42214.4,15702.8,0.0,0.0,59715.7,-125836.3,0,0
65.6167,5298.997,221.955,4898.997,372.145,135.791,-19.198,137.141,0.941,-1.838,12,8.04,3.96,0.5068,0.0109,222000,217148.8,-46156.4,-99863.5,-707400.5,-57048.6,8053.5,42288.0,15326.3,0.0,0.0,60236.7,-117663.4,0,0
65.7167,5312.582,220.025,4912.582,374.075,135.885,-19.375,137.259,0.949,-1.721,12,8.1,3.9,0.5007,0.0106,222000,217148.8,-46156.4,-99656.7,-699895.4,-56770.6,8083.4,42361.2,14982.0,0.0,0.0,60721.5,-110128.4,0,0
65.8167,5326.176,218.078,4926.176,376.022,135.98,-19.541,137.377,0.956,-1.612,12,8.17,3.83,0.4949,0.0104,222000,217148.8,-46156.4,-99456.2,-692977.3,-56521.6,8112.0,42434.0,14666.7,0.0,0.0,61171.0,-103181.7,0,0
65.9167,5339.779,216.114,4939.779,377.986,136.076,-19.696,137.494,0.962,-1.512,12,8.23,3.77,0.4896,0.0101,222000,217148.8,-46156.4,-99263.7,-686600.4,-56298.9,8139.3,42506.5,14377.7,0.0,0.0,61586.1,-96777.5,0,0
66.0167,5353.393,214.136,4953.393,379.964,136.173,-19.842,137.611,0.968,-1.42,12,8.28,3.72,0.4847,0.0099,222000,217148.8,-46156.4,-99080.7,-680722.7,-56100.1,8165.5,42578.7,14112.6,0.0,0.0,61967.9,-90873.6,0,0
66.1167,5367.016,212.144,4967.016,381.956,136.27,-19.979,137.727,0.974,-1.335,12,8.33,3.67,0.4801,0.0098,222000,217148.8,-46156.4,-98908.1,-675305.1,-55922.9,8190.7,42650.5,13869.1,0.0,0.0,62317.8,-85430.8,0,0
66.2167,5380.648,210.139,4980.648,383.961,136.368,-20.107,137.842,0.979,-1.256,12,8.38,3.62,0.4758,0.0096,222000,217148.8,-46156.4,-98746.4,-670311.8,-55765.4,8215.0,42722.1,13645.2,0.0,0.0,62637.0,-80413.2,0,0
66.3167,5394.291,208.121,4994.291,385.979,136.466,-20.229,137.957,0.983,-1.184,12,8.42,3.58,0.4718,0.0094,222000,217148.8,-46156.4,-98596.0,-665709.7,-55625.7,8238.5,42793.3,13439.1,0.0,0.0,62927.1,-75787.6,0,0
66.4167,5407.943,206.091,5007.943,388.009,136.564,-20.343,138.071,0.987,-1.118,12,8.47,3.53,0.4681,0.0093,222000,217148.8,-46156.4,-98457.1,-661468.2,-55502.2,8261.3,42864.4,13249.3,0.0,0.0,63189.5,-71523.3,0,0
66.5167,5421.605,204.05,5021.605,390.05,136.663,-20.451,138.185,0.991,-1.056,12,8.5,3.5,0.4646,0.0091,222000,217148.8,-46156.4,-98329.7,-657559.1,-55393.4,8283.4,42935.1,13074.2,0.0,0.0,63425.7,-67592.1,0,0
66.6167,5435.278,201.999,5035.278,392.101,136.763,-20.554,138.299,0.994,-0.999,12,8.54,3.46,0.4613,0.009,222000,217148.8,-46156.4,-98213.6,-653956.4,-55298.1,8304.9,43005.7,12912.6,0.0,0.0,63637.1,-63967.9,0,0
66.7167,5448.96,199.938,5048.96,394.162,136.862,-20.651,138.411,0.997,-0.947,12,8.57,3.43,0.4583,0.0089,222000,217148.8,-46156.4,-98108.6,-650636.1,-55215.0,8325.8,43076.0,12763.2,0.0,0.0,63825.3,-60626.7,0,0
66.8167,5462.652,197.868,5062.652,396.232,136.962,-20.742,138.524,1.0,-0.899,12,8.61,3.39,0.4554,0.0088,222000,217148.8,-46156.4,-98014.3,-647576.0,-55143.0,8346.2,43146.1,12625.0,0.0,0.0,63991.5,-57546.2,0,0
66.9167,5476.351,195.777,5076.351,398.323,136.993,-21.166,138.618,-0.69,-8.858,16,8.72,7.28,0.805,0.0274,222000,213400.1,-61191.5,-175825.4,-1146097.0,-81764.1,12543.6,43209.7,39511.0,0.0,0.0,-44189.4,-566904.9,0,0
67.0167,5490.04,193.582,5090.04,400.518,136.78,-22.603,138.635,-2.624,-15.862,20,9.27,10.73,1.1155,0.0527,222000,208611.8,-75928.5,-258982.5,-1586259.7,-117558.4,19193.3,43226.8,75888.1,0.0,0.0,-167929.2,-1015154.9,0,0
67.1167,5503.703,191.233,5103.703,402.867,136.521,-24.111,138.634,-2.556,-14.534,20,9.91,10.09,1.0577,0.0474,222000,208611.8,-75928.5,-262398.4,-1501309.7,-109798.1,19190.5,43226.1,68236.4,0.0,0.0,-163584.7,-930207.7,0,0
67.2167,5517.34,188.74,5117.34,405.36,136.27,-25.492,138.634,-2.474,-13.32,20,10.5,9.5,1.0048,0.0427,222000,208611.8,-75928.5,-263894.9,-1423472.5,-103042.0,19102.8,43226.3,61571.5,0.0,0.0,-158325.1,-852458.2,0,0
67.3167,5530.953,186.116,5130.953,407.984,136.028,-26.759,138.635,-2.382,-12.207,20,11.04,8.96,0.9561,0.0387,222000,208611.8,-75928.5,-263888.6,-1352147.2,-97148.8,18959.8,43226.8,55754.9,0.0,0.0,-152425.6,-781275.9,0,0
67.4167,5544.542,183.372,5144.542,410.728,135.796,-27.919,138.636,-2.283,-11.189,20,11.54,8.46,0.9115,0.0352,222000,208611.8,-75928.5,-262720.2,-1286783.1,-91998.4,18783.1,43227.4,50668.9,0.0,0.0,-146106.9,-716088.5,0,0
67.5167,5558.109,180.517,5158.109,413.583,135.573,-28.983,138.637,-2.18,-10.256,20,11.99,8.01,0.8705,0.0321,222000,208611.8,-75928.5,-260667.9,-1226876.0,-87488.2,18588.2,43227.9,46213.2,0.0,0.0,-139544.4,-656376.3,0,0
67.6167,5571.653,177.561,5171.653,416.539,135.361,-29.958,138.637,-2.076,-9.401,20,12.41,7.59,0.8328,0.0294,222000,208611.8,-75928.5,-257957.9,-1171964.3,-83530.8,18385.7,43228.1,42302.2,0.0,0.0,-132877.0,-601667.1,0,0
67.7167,5585.178,174.512,5185.178,419.588,135.16,-30.852,138.636,-1.972,-8.618,20,12.8,7.2,0.7982,0.027,222000,208611.8,-75928.5,-254773.4,-1121625.8,-80051.5,18183.4,43227.8,38862.9,0.0,0.0,-126213.2,-551530.9,0,0
67.8167,5598.682,171.379,5198.682,422.721,134.968,-31.672,138.635,-1.869,-7.9,20,13.15,6.85,0.7665,0.0249,222000,208611.8,-75928.5,-251262.3,-1075474.3,-76986.5,17986.3,43226.9,35832.7,0.0,0.0,-119637.0,-505576.4,0,0
67.9167,5612.169,168.167,5212.169,425.933,134.787,-32.423,138.632,-1.769,-7.241,20,13.47,6.53,0.7373,0.023,222000,208611.8,-75928.5,-247542.8,-1033156.5,-74281.1,17797.6,43225.5,33158.0,0.0,0.0,-113212.1,-463447.3,0,0
68.0167,5625.637,164.884,5225.637,429.216,134.616,-33.111,138.629,-1.672,-6.638,20,13.77,6.23,0.7106,0.0214,222000,208611.8,-75928.5,-243709.4,-994349.6,-71888.4,17619.4,43223.4,30792.7,0.0,0.0,-106986.0,-424818.6,0,0
68.1167,5639.089,161.536,5239.089,432.564,134.455,-33.742,138.624,-1.578,-6.084,20,14.04,5.96,0.686,0.0199,222000,208611.8,-75928.5,-239836.5,-958758.1,-69768.1,17452.7,43220.5,28697.4,0.0,0.0,-100992.8,-389393.9,0,0
68.2167,5652.526,158.128,5252.526,435.972,134.302,-34.321,138.618,-1.488,-5.577,20,14.3,5.7,0.6634,0.0186,222000,208611.8,-75928.5,-235982.1,-926112.1,-67885.6,17297.9,43217.0,26837.8,0.0,0.0,-95256.0,-356902.7,0,0
68.3167,5665.948,154.664,5265.948,439.436,134.158,-34.851,138.611,-1.403,-5.111,20,14.53,5.47,0.6427,0.0175,222000,208611.8,-75928.5,-232191.1,-896164.6,-66211.0,17154.9,43212.7,25184.6,0.0,0.0,-89790.4,-327098.2,0,0
68.4167,5679.355,151.15,5279.355,442.95,134.023,-35.337,138.603,-1.322,-4.684,20,14.74,5.26,0.6237,0.0165,222000,208611.8,-75928.5,-228497.2,-868689.5,-64718.7,17023.4,43207.8,23712.4,0.0,0.0,-84604.2,-299754.6,0,0
68.5167,5692.75,147.59,5292.75,446.51,133.895,-35.782,138.594,-1.245,-4.292,20,14.93,5.07,0.6062,0.0156,222000,208611.8,-75928.5,-224925.4,-843480.4,-63386.4,16902.8,43202.2,22399.1,0.0,0.0,-79700.0,-274666.0,0,0
68.6167,5706.133,143.988,5306.133,450.112,133.775,-36.19,138.583,-1.173,-3.932,20,15.11,4.89,0.5901,0.0147,222000,208611.8,-75928.5,-221493.4,-820347.9,-62194.7,16792.5,43195.9,21225.9,0.0,0.0,-75076.3,-251643.9,0,0
68.7167,5719.503,140.347,5319.503,453.753,133.661,-36.564,138.572,-1.105,-3.602,20,15.27,4.73,0.5754,0.014,222000,208611.8,-75928.5,-218213.2,-799119.2,-61127.1,16691.8,43189.0,20176.1,0.0,0.0,-70728.5,-230515.9,0,0
68.8167,5732.863,136.671,5332.863,457.429,133.555,-36.906,138.56,-1.041,-3.299,20,15.42,4.58,0.5619,0.0134,222000,208611.8,-75928.5,-215092.2,-779635.9,-60168.9,16599.9,43181.5,19235.2,0.0,0.0,-66649.3,-211124.5,0,0
68.9167,5746.213,132.961,5346.213,461.139,133.454,-37.219,138.547,-0.982,-3.021,20,15.56,4.44,0.5495,0.0128,222000,208611.8,-75928.5,-212134.0,-761752.9,-59307.6,16516.1,43173.4,18390.9,0.0,0.0,-62829.8,-193325.3,0,0
69.0167,5759.553,129.223,5359.553,464.877,133.359,-37.506,138.533,-0.926,-2.765,20,15.69,4.31,0.5381,0.0123,222000,208611.8,-75928.5,-209339.4,-745337.6,-58532.1,16439.6,43164.8,17632.1,0.0,0.0,-59259.7,-176986.4,0,0
69.1167,5772.883,125.456,5372.883,468.644,133.27,-37.769,138.518,-0.874,-2.531,20,15.8,4.2,0.5276,0.0118,222000,208611.8,-75928.5,-206706.8,-730268.3,-57832.9,16369.9,43155.7,16949.3,0.0,0.0,-55927.9,-161986.8,0,0
69.2167,5786.205,121.665,5386.205,472.435,133.185,-38.009,138.503,-0.825,-2.316,20,15.91,4.09,0.518,0.0114,222000,208611.8,-75928.5,-204233.1,-716433.7,-57201.4,16306.4,43146.1,16334.1,0.0,0.0,-52822.8,-148215.8,0,0
69.3167,5799.519,117.851,5399.519,476.249,133.105,-38.229,138.486,-0.78,-2.118,20,16.01,3.99,0.5092,0.011,222000,208611.8,-75928.5,-201913.8,-703731.8,-56630.3,16248.3,43136.0,15779.2,0.0,0.0,-49932.3,-135571.9,0,0
69.4167,5812.825,114.017,5412.825,480.083,133.03,-38.431,138.469,-0.738,-1.937,20,16.1,3.9,0.5011,0.0106,222000,208611.8,-75928.5,-199743.3,-692069.1,-56113.2,16195.2,43125.6,15278.0,0.0,0.0,-47244.7,-123962.3,0,0
69.5167,5826.124,110.163,5426.124,483.937,132.958,-38.614,138.452,-0.699,-1.77,20,16.18,3.82,0.4937,0.0103,222000,208611.8,-75928.5,-197715.5,-681360.0,-55644.2,16146.7,43114.7,14824.9,0.0,0.0,-44748.0,-113301.7,0,0
69.6167,5839.416,106.291,5439.416,487.809,132.89,-38.782,138.434,-0.663,-1.617,20,16.26,3.74,0.4868,0.01,222000,208611.8,-75928.5,-195824.0,-671526.0,-55218.5,16102.3,43103.5,14414.9,0.0,0.0,-42430.7,-103512.2,0,0
69.7167,5852.701,102.404,5452.701,491.696,132.826,-38.936,138.415,-0.629,-1.477,20,16.33,3.67,0.4806,0.0098,222000,208611.8,-75928.5,-194061.8,-662495.0,-54831.4,16061.5,43091.9,14043.5,0.0,0.0,-40281.4,-94522.0,0,0
69.8167,5865.98,98.502,5465.98,495.598,132.765,-39.076,138.396,-0.598,-1.348,20,16.39,3.61,0.4749,0.0095,222000,208611.8,-75928.5,-192422.0,-654201.2,-54479.1,16024.1,43080.0,13706.8,0.0,0.0,-38289.4,-86265.6,0,0
69.9167,5879.253,94.587,5479.253,499.513,132.707,-39.204,138.376,-0.569,-1.229,20,16.45,3.55,0.4696,0.0093,222000,208611.8,-75928.5,-190897.8,-646584.0,-54158.1,15989.7,43067.9,13401.3,0.0,0.0,-36444.1,-78682.9,0,0
70.0167,5892.521,90.66,5492.521,503.44,132.651,-39.32,138.356,-0.543,-1.121,20,16.5,3.5,0.4648,0.0091,222000,208611.8,-75928.5,-189482.2,-639587.9,-53865.2,15957.9,43055.4,13123.9,0.0,0.0,-34735.7,-71718.5,0,0
70.1167,5905.783,86.721,5505.783,507.379,132.599,-39.426,138.336,-0.518,-1.021,20,16.55,3.45,0.4604,0.009,222000,208611.8,-75928.5,-188168.6,-633162.1,-53597.8,15928.7,43042.8,12871.8,0.0,0.0,-33154.7,-65321.9,0,0
70.2167,5919.04,82.773,5519.04,511.327,132.548,-39.523,138.315,-0.495,-0.929,20,16.6,3.4,0.4563,0.0088,222000,208611.8,-75928.5,-186950.6,-627259.8,-53353.3,15901.6,43029.9,12642.7,0.0,0.0,-31692.1,-59446.6,0,0
70.3167,5932.291,78.816,5532.291,515.284,132.5,-39.611,138.294,-0.474,-0.845,20,16.64,3.36,0.4526,0.0087,222000,208611.8,-75928.5,-185821.9,-621838.1,-53129.5,15876.5,43016.8,12434.2,0.0,0.0,-30339.6,-54050.1,0,0
70.4167,5945.539,74.85,5545.539,519.25,132.454,-39.691,138.273,-0.455,-0.767,20,16.68,3.32,0.4492,0.0085,222000,208611.8,-75928.5,-184776.5,-616857.9,-52924.5,15853.3,43003.5,12244.4,0.0,0.0,-29089.2,-49093.1,0,0
70.5167,5958.782,70.876,5558.782,523.224,132.409,-39.763,138.251,-0.436,-0.696,20,16.71,3.29,0.4461,0.0084,222000,208611.8,-75928.5,-183808.8,-612283.0,-52736.6,15831.6,42990.0,12071.6,0.0,0.0,-27933.5,-44539.8,0,0
70.6167,5972.02,66.896,5572.02,527.204,132.367,-39.829,138.229,-0.42,-0.631,20,16.74,3.26,0.4433,0.0083,222000,208611.8,-75928.5,-182913.3,-608080.3,-52564.0,15811.5,42976.4,11914.2,0.0,0.0,-26865.5,-40357.3,0,0
70.7167,5985.254,62.91,5585.254,531.19,132.325,-39.889,138.207,-0.404,-0.571,20,16.77,3.23,0.4407,0.0082,222000,208611.8,-75928.5,-182085.0,-604219.6,-52405.5,15792.7,42962.7,11770.7,0.0,0.0,-25878.7,-36515.3,0,0
70.8167,5998.484,58.918,5598.484,535.182,132.286,-39.942,138.184,-0.39,-0.515,20,16.8,3.2,0.4383,0.0081,222000,208611.8,-75928.5,-181319.1,-600672.8,-52259.7,15775.1,42948.8,11639.9,0.0,0.0,-24967.1,-32986.1,0,0
70.9167,6011.711,54.921,5611.711,539.179,132.248,-39.991,138.162,-0.377,-0.465,20,16.82,3.18,0.4361,0.008,222000,208611.8,-75928.5,-180611.1,-597414.4,-52125.5,15758.6,42934.8,11520.7,0.0,0.0,-24124.8,-29744.2,0,0
71.0167,6024.933,50.919,5624.933,543.181,132.211,-40.035,138.139,-0.365,-0.418,20,16.84,3.16,0.4341,0.008,222000,208611.8,-75928.5,-179956.7,-594420.8,-52001.8,15743.2,42920.7,11411.9,0.0,0.0,-23346.8,-26766.1,0,0
71.1167,6038.152,46.913,5638.152,547.187,132.175,-40.074,138.116,-0.354,-0.375,20,16.86,3.14,0.4323,0.0079,222000,208611.8,-75928.5,-179352.0,-591670.7,-51887.7,15728.6,42906.5,11312.8,0.0,0.0,-22628.0,-24030.5,0,0
71.2167,6051.368,42.904,5651.368,551.196,132.14,-40.109,138.093,-0.343,-0.336,20,16.88,3.12,0.4306,0.0078,222000,208611.8,-75928.5,-178793.3,-589144.0,-51782.4,15714.9,42892.2,11222.3,0.0,0.0,-21963.9,-21517.6,0,0
71.3167,6064.58,38.891,5664.58,555.209,132.106,-40.141,138.07,-0.334,-0.3,20,16.9,3.1,0.4291,0.0078,222000,208611.8,-75928.5,-178277.1,-586822.7,-51685.0,15701.9,42877.8,11139.7,0.0,0.0,-21350.4,-19209.2,0,0
71.4167,6077.789,34.875,5677.789,559.225,132.074,-40.169,138.047,-0.325,-0.267,20,16.91,3.09,0.4277,0.0077,222000,208611.8,-75928.5,-177800.2,-584690.1,-51595.0,15689.7,42863.4,11064.4,0.0,0.0,-20783.4,-17088.8,0,0
71.5167,6090.994,30.857,5690.994,563.243,132.042,-40.194,138.024,-0.317,-0.237,20,16.93,3.07,0.4265,0.0077,222000,208611.8,-75928.5,-177359.6,-582730.7,-51511.6,15678.0,42848.9,10995.7,0.0,0.0,-20259.5,-15141.1,0,0
71.6167,6104.196,26.836,5704.196,567.264,132.01,-40.216,138.0,-0.309,-0.209,20,16.94,3.06,0.4253,0.0077,222000,208611.8,-75928.5,-176952.6,-580930.6,-51434.3,15667.0,42834.4,10933.1,0.0,0.0,-19775.1,-13352.1,0,0
71.7167,6117.396,22.813,5717.396,571.287,131.98,-40.235,137.977,-0.302,-0.183,20,16.95,3.05,0.4243,0.0076,222000,208611.8,-75928.5,-176576.6,-579276.8,-51362.5,15656.5,42819.8,10876.0,0.0,0.0,-19327.3,-11708.8,0,0
71.8167,6130.592,18.789,5730.592,575.311,131.95,-40.252,137.953,-0.296,-0.159,20,16.96,3.04,0.4233,0.0076,222000,208611.8,-75928.5,-176229.1,-577757.4,-51295.8,15646.4,42805.1,10823.9,0.0,0.0,-18913.2,-10199.4,0,0
71.9167,6143.785,14.763,5743.785,579.337,131.921,-40.267,137.929,-0.29,-0.138,20,16.97,3.03,0.4225,0.0076,222000,208611.8,-75928.5,-175908.0,-576361.5,-51233.8,15636.8,42790.5,10776.5,0.0,0.0,-18530.0,-8813.2,0,0
72.0167,6156.976,10.735,5756.976,583.365,131.892,-40.279,137.906,-0.284,-0.118,20,16.98,3.02,0.4217,0.0075,222000,208611.8,-75928.5,-175611.2,-575079.1,-51176.1,15627.6,42775.8,10733.2,0.0,0.0,-18175.5,-7540.0,0,0
72.1167,6170.163,6.707,5770.163,587.393,131.864,-40.29,137.882,-0.279,-0.1,20,16.99,3.01,0.421,0.0075,222000,208611.8,-75928.5,-175336.8,-573900.9,-51122.2,15618.7,42761.0,10693.9,0.0,0.0,-17847.2,-6370.7,0,0
72.2167,6183.348,2.677,5783.348,591.423,131.837,-40.299,137.858,-0.274,-0.083,20,17.0,3.0,0.4204,0.0075,222000,208611.8,-75928.5,-175083.0,-572818.6,-51071.9,15610.2,42746.3,10658.0,0.0,0.0,-17543.2,-5296.9,0,0
72.3167,6196.53,-1.353,5796.53,595.453,131.809,-40.306,137.834,-0.27,-0.067,20,17.0,3.0,0.4198,0.0075,222000,208611.8,-75928.5,-174848.3,-571824.4,-51024.9,15602.0,42731.5,10625.5,0.0,0.0,-17261.5,-4310.8,0,0
72.4167,6209.709,-5.384,5809.709,599.484,131.783,-40.312,137.81,-0.266,-0.053,20,17.01,2.99,0.4193,0.0074,222000,208611.8,-75928.5,-174631.1,-570911.1,-50981.0,15594.1,42716.8,10595.9,0.0,0.0,-17000.3,-3405.4,0,0
72.5167,6222.886,-9.415,5822.886,603.515,131.756,-40.317,137.787,-0.262,-0.04,20,17.01,2.99,0.4188,0.0074,222000,208611.8,-75928.5,-174430.1,-570072.2,-50939.7,15586.5,42702.0,10569.0,0.0,0.0,-16758.0,-2574.1,0,0
72.6167,6236.06,-13.447,5836.06,607.547,131.73,-40.32,137.763,-0.258,-0.028,20,17.02,2.98,0.4184,0.0074,222000,208611.8,-75928.5,-174243.9,-569301.6,-50901.0,15579.1,42687.2,10544.6,0.0,0.0,-16533.2,-1810.9,0,0
72.7167,6249.232,-17.479,5849.232,611.579,131.705,-40.322,137.739,-0.255,-0.017,20,17.02,2.98,0.4181,0.0074,222000,208611.8,-75928.5,-174071.5,-568593.8,-50864.6,15571.9,42672.4,10522.5,0.0,0.0,-16324.3,-1110.3,0,0
72.8167,6262.401,-21.512,5862.401,615.612,131.679,-40.323,137.715,-0.252,-0.007,20,17.03,2.97,0.4177,0.0074,222000,208611.8,-75928.5,-173911.6,-567943.7,-50830.4,15564.9,42657.6,10502.5,0.0,0.0,-16130.2,-467.3,0,0
72.9167,6275.567,-25.544,5875.567,619.644,131.654,-40.323,137.691,-0.249,0.002,20,17.03,2.97,0.4174,0.0074,222000,208611.8,-75928.5,-173763.3,-567346.7,-50798.1,15558.1,42642.8,10484.4,0.0,0.0,-15949.7,123.0,0,0
73.0167,6288.731,-29.576,5888.731,623.676,131.63,-40.323,137.667,-0.247,0.01,20,17.03,2.97,0.4172,0.0074,222000,208611.8,-75928.5,-173625.8,-566798.4,-50767.6,15551.5,42628.0,10468.1,0.0,0.0,-15781.6,664.6,0,0
73.1167,6301.893,-33.609,5901.893,627.709,131.605,-40.321,137.643,-0.244,0.018,20,17.03,2.97,0.417,0.0074,222000,208611.8,-75928.5,-173498.0,-566295.0,-50738.7,15545.0,42613.2,10453.4,0.0,0.0,-15625.0,1161.5,0,0
73.2167,6315.052,-37.641,5915.052,631.741,131.581,-40.319,137.619,-0.242,0.025,20,17.04,2.96,0.4168,0.0074,222000,208611.8,-75928.5,-173379.4,-565832.8,-50711.4,15538.7,42598.4,10440.2,0.0,0.0,-15479.0,1617.5,0,0
73.3167,6328.208,-41.672,5928.208,635.772,131.557,-40.316,137.596,-0.24,0.032,20,17.04,2.96,0.4166,0.0073,222000,208611.8,-75928.5,-173269.0,-565408.4,-50685.5,15532.5,42583.7,10428.4,0.0,0.0,-15342.7,2035.7,0,0
73.4167,6341.363,-45.704,5941.363,639.804,131.533,-40.313,137.572,-0.238,0.038,20,17.04,2.96,0.4165,0.0073,222000,208611.8,-75928.5,-173166.3,-565018.8,-50660.8,15526.5,42568.9,10417.8,0.0,0.0,-15215.4,2419.2,0,0
73.5167,6354.515,-49.735,5954.515,643.835,131.509,-40.309,137.548,-0.236,0.043,20,17.04,2.96,0.4164,0.0073,222000,208611.8,-75928.5,-173070.7,-564661.2,-50637.4,15520.5,42554.2,10408.4,0.0,0.0,-15096.3,2770.8,0,0
73.6167,6367.664,-53.765,5967.664,647.865,131.486,-40.304,137.524,-0.234,0.048,20,17.04,2.96,0.4163,0.0073,222000,208611.8,-75928.5,-172981.5,-564333.0,-50615.0,15514.7,42539.4,10400.0,0.0,0.0,-14984.7,3093.2,0,0
73.7167,6380.811,-57.796,5980.811,651.896,131.462,-40.299,137.5,-0.233,0.053,20,17.04,2.96,0.4162,0.0073,222000,208611.8,-75928.5,-172898.3,-564031.9,-50593.6,15509.0,42524.7,10392.6,0.0,0.0,-14880.2,3388.6,0,0
73.8167,6393.956,-61.825,5993.956,655.925,131.439,-40.293,137.477,-0.231,0.057,20,17.04,2.96,0.4161,0.0073,222000,208611.8,-75928.5,-172820.6,-563755.5,-50573.1,15503.3,42510.0,10386.1,0.0,0.0,-14782.0,3659.3,0,0
73.9167,6407.099,-65.854,6007.099,659.954,131.416,-40.287,137.453,-0.23,0.061,20,17.04,2.96,0.4161,0.0073,222000,208611.8,-75928.5,-172748.0,-563502.1,-50553.5,15497.8,42495.3,10380.4,0.0,0.0,-14689.7,3907.2,0,0
74.0167,6420.239,-69.882,6020.239,663.982,131.393,-40.281,137.429,-0.228,0.065,20,17.04,2.96,0.4161,0.0073,222000,208611.8,-75928.5,-172680.0,-563269.6,-50534.7,15492.3,42480.6,10375.4,0.0,0.0,-14602.9,4134.2,0,0
74.1167,6433.377,-73.91,6033.377,668.01,131.371,-40.274,137.405,-0.227,0.068,20,17.04,2.96,0.416,0.0073,222000,208611.8,-75928.5,-172616.3,-563056.4,-50516.6,15486.9,42466.0,10371.2,0.0,0.0,-14521.1,4342.0,0,0
74.2167,6446.513,-77.937,6046.513,672.037,131.348,-40.267,137.382,-0.226,0.071,20,17.04,2.96,0.416,0.0073,222000,208611.8,-75928.5,-172556.5,-562860.9,-50499.1,15481.5,42451.4,10367.5,0.0,0.0,-14443.8,4532.1,0,0
74.3167,6459.646,-81.963,6059.646,676.063,131.325,-40.26,137.358,-0.225,0.074,20,17.04,2.96,0.4161,0.0073,222000,208611.8,-75928.5,-172500.3,-562681.8,-50482.3,15476.3,42436.8,10364.5,0.0,0.0,-14370.8,4706.0,0,0
74.4167,6472.778,-85.989,6072.778,680.089,131.303,-40.253,137.335,-0.223,0.076,20,17.04,2.96,0.4161,0.0073,222000,208611.8,-75928.5,-172447.5,-562517.6,-50466.0,15471.0,42422.2,10362.0,0.0,0.0,-14301.7,4864.9,0,0
74.5167,6485.907,-90.014,6085.907,684.114,131.281,-40.245,137.311,-0.222,0.078,20,17.04,2.96,0.4161,0.0073,222000,208611.8,-75928.5,-172397.7,-562367.3,-50450.2,15465.9,42407.6,10360.0,0.0,0.0,-14236.1,5010.1,0,0
74.6167,6499.033,-94.038,6099.033,688.138,131.259,-40.237,137.287,-0.221,0.08,20,17.04,2.96,0.4161,0.0073,222000,208611.8,-75928.5,-172350.7,-562229.6,-50434.9,15460.8,42393.1,10358.4,0.0,0.0,-14173.9,5142.7,0,0
74.7167,6512.158,-98.061,6112.158,692.161,131.236,-40.229,137.264,-0.221,0.082,20,17.04,2.96,0.4162,0.0073,222000,208611.8,-75928.5,-172306.3,-562103.5,-50420.1,15455.7,42378.5,10357.2,0.0,0.0,-14114.6,5263.7,0,0
74.8167,6525.28,-102.083,6125.28,696.183,131.214,-40.22,137.24,-0.22,0.084,20,17.04,2.96,0.4162,0.0073,222000,208611.8,-75928.5,-172264.3,-561988.2,-50405.6,15450.7,42364.0,10356.5,0.0,0.0,-14058.2,5374.0,0,0
74.9167,6538.4,-106.105,6138.4,700.205,131.193,-40.212,137.217,-0.219,0.086,20,17.04,2.96,0.4163,0.0073,222000,208611.8,-75928.5,-172224.6,-561882.7,-50391.6,15445.7,42349.6,10356.0,0.0,0.0,-14004.4,5474.5,0,0
75.0167,6551.518,-110.126,6151.518,704.226,131.171,-40.203,137.194,-0.218,0.087,20,17.04,2.96,0.4164,0.0073,222000,208611.8,-75928.5,-172186.8,-561786.3,-50377.9,15440.8,42335.1,10355.9,0.0,0.0,-13952.9,5566.0,0,0
75.1167,6564.634,-114.146,6164.634,708.246,131.149,-40.195,137.17,-0.217,0.088,20,17.04,2.96,0.4165,0.0073,222000,208611.8,-75928.5,-172150.9,-561698.2,-50364.5,15435.9,42320.7,10356.1,0.0,0.0,-13903.6,5649.2,0,0
75.2167,6577.748,-118.164,6177.748,712.264,131.127,-40.186,137.147,-0.217,0.089,20,17.04,2.96,0.4165,0.0073,222000,208611.8,-75928.5,-172116.7,-561617.7,-50351.4,15431.0,42306.3,10356.6,0.0,0.0,-13856.3,5724.8,0,0
75.3167,6590.859,-122.183,6190.859,716.283,131.106,-40.177,137.124,-0.216,0.091,20,17.04,2.96,0.4166,0.0073,222000,208611.8,-75928.5,-172084.0,-561544.3,-50338.6,15426.1,42291.9,10357.3,0.0,0.0,-13810.8,5793.4,0,0
75.4167,6603.969,-126.2,6203.969,720.3,131.084,-40.168,137.1,-0.215,0.091,20,17.04,2.96,0.4167,0.0074,222000,208611.8,-75928.5,-172052.8,-561477.3,-50326.0,15421.3,42277.6,10358.2,0.0,0.0,-13767.1,5855.6,0,0
75.5167,6617.076,-130.216,6217.076,724.316,131.051,-40.19,137.076,-0.89,-1.836,21,17.04,3.96,0.5068,0.0109,222000,207254.9,-79557.7,-209167.9,-682642.9,-55053.0,16868.7,42263.2,15316.2,0.0,0.0,-56966.1,-117491.8,0,0
75.6167,6630.165,-134.275,6230.165,728.375,130.717,-41.018,137.002,-5.15,-12.708,27,17.33,9.67,1.0206,0.0441,222000,197803.4,-100785.9,-427830.4,-1371396.4,-99557.1,31058.5,42225.8,62063.5,0.0,0.0,-329584.1,-813283.7,0,0
75.7167,6643.199,-138.466,6243.199,732.566,130.071,-42.556,136.856,-6.471,-15.086,29,18.0,11.0,1.1398,0.055,222000,194165.6,-107627.7,-494801.6,-1522617.5,-113535.3,36895.3,42139.8,77240.0,0.0,0.0,-414171.4,-965509.9,0,0
75.8167,6656.169,-142.806,6256.169,736.906,129.441,-43.984,136.71,-6.185,-13.731,29,18.66,10.34,1.0803,0.0494,222000,194165.6,-107627.7,-484560.6,-1434617.1,-105441.3,35614.2,42049.6,69243.9,0.0,0.0,-395836.3,-878790.6,0,0
75.9167,6669.078,-147.282,6269.078,741.382,128.839,-45.284,136.566,-5.902,-12.496,29,19.27,9.73,1.0258,0.0445,222000,194165.6,-107627.7,-473471.2,-1354341.0,-98413.7,34405.0,41960.8,62293.5,0.0,0.0,-377719.3,-799723.8,0,0
76.0167,6681.928,-151.88,6281.928,745.98,128.265,-46.467,136.423,-5.625,-11.369,29,19.83,9.17,0.9757,0.0403,222000,194165.6,-107627.7,-461872.7,-1281080.5,-92297.5,33276.4,41872.9,56240.1,0.0,0.0,-360004.7,-727591.9,0,0
76.1167,6694.723,-156.59,6294.723,750.69,127.718,-47.543,136.28,-5.357,-10.34,29,20.34,8.66,0.9297,0.0366,222000,194165.6,-107627.7,-450032.2,-1214194.7,-86962.0,32231.8,41785.6,50957.5,0.0,0.0,-342828.6,-661750.7,0,0
76.2167,6707.464,-161.402,6307.464,755.502,127.198,-48.522,136.138,-5.098,-9.4,29,20.81,8.19,0.8875,0.0333,222000,194165.6,-107627.7,-438158.0,-1153103.9,-82296.1,31271.0,41698.5,46338.5,0.0,0.0,-326288.5,-601620.7,0,0
76.3167,6720.155,-166.307,6320.155,760.407,126.703,-49.411,135.996,-4.851,-8.542,29,21.24,7.76,0.8487,0.0305,222000,194165.6,-107627.7,-426410.6,-1097283.9,-78206.0,30391.3,41611.6,42292.0,0.0,0.0,-310451.0,-546680.3,0,0
76.4167,6732.797,-171.296,6332.797,765.396,126.231,-50.219,135.854,-4.615,-7.757,29,21.63,7.37,0.8132,0.028,222000,194165.6,-107627.7,-414912.0,-1046260.0,-74611.9,29588.6,41524.6,38740.1,0.0,0.0,-295358.2,-496459.1,0,0
76.5167,6745.394,-176.361,6345.394,770.461,125.783,-50.952,135.711,-4.391,-7.04,29,21.99,7.01,0.7805,0.0258,222000,194165.6,-107627.7,-403752.6,-999602.6,-71445.8,28857.9,41437.3,35616.4,0.0,0.0,-281032.8,-450532.4,0,0
76.6167,6757.947,-181.496,6357.947,775.596,125.356,-51.617,135.568,-4.179,-6.383,29,22.33,6.67,0.7505,0.0238,222000,194165.6,-107627.7,-392997.7,-956922.5,-68650.1,28193.8,41349.9,32864.2,0.0,0.0,-267482.2,-408516.4,0,0
76.7167,6770.459,-186.693,6370.459,780.793,124.95,-52.22,135.423,-3.98,-5.782,29,22.63,6.37,0.723,0.0221,222000,194165.6,-107627.7,-382692.3,-917867.1,-66175.3,27590.9,41262.0,30434.8,0.0,0.0,-254702.0,-370063.9,0,0
76.8167,6782.931,-191.948,6382.931,786.048,124.563,-52.766,135.278,-3.792,-5.232,29,22.91,6.09,0.6978,0.0206,222000,194165.6,-107627.7,-372865.3,-882116.3,-63979.3,27043.7,41173.8,28286.3,0.0,0.0,-242679.1,-334860.4,0,0
76.9167,6795.366,-197.253,6395.366,791.353,124.194,-53.26,135.133,-3.616,-4.728,29,23.17,5.83,0.6746,0.0193,222000,194165.6,-107627.7,-363532.8,-849380.1,-62025.9,26547.0,41085.2,26383.0,0.0,0.0,-231393.1,-302620.9,0,0
77.0167,6807.765,-202.606,6407.765,796.706,123.843,-53.705,134.986,-3.45,-4.267,29,23.41,5.59,0.6534,0.0181,222000,194165.6,-107627.7,-354700.6,-819395.0,-60284.2,26095.9,40996.2,24693.8,0.0,0.0,-220819.2,-273086.8,0,0
77.1167,6820.129,-208.0,6420.129,802.1,123.507,-54.107,134.839,-3.296,-3.844,29,23.62,5.38,0.6339,0.017,222000,194165.6,-107627.7,-346366.9,-791921.5,-58727.5,25686.0,40906.8,23192.2,0.0,0.0,-210928.9,-246023.3,0,0
77.2167,6832.461,-213.432,6432.461,807.532,123.186,-54.468,134.69,-3.151,-3.457,29,23.82,5.18,0.616,0.0161,222000,194165.6,-107627.7,-338523.9,-766742.3,-57332.8,25313.0,40817.0,21855.1,0.0,0.0,-201691.1,-221217.0,0,0
77.3167,6844.762,-218.898,6444.762,812.998,122.878,-54.793,134.541,-3.017,-3.101,29,24.0,5.0,0.5996,0.0152,222000,194165.6,-107627.7,-331159.1,-743659.4,-56080.4,24973.2,40726.8,20662.7,0.0,0.0,-193073.9,-198473.9,0,0
77.4167,6857.032,-224.395,6457.032,818.495,122.584,-55.084,134.392,-2.891,-2.775,29,24.17,4.83,0.5846,0.0145,222000,194165.6,-107627.7,-324256.7,-722492.8,-54953.2,24663.1,40636.3,19597.6,0.0,0.0,-185044.3,-177617.4,0,0
77.5167,6869.274,-229.918,6469.274,824.018,122.302,-55.344,134.241,-2.775,-2.476,29,24.32,4.68,0.5709,0.0138,222000,194165.6,-107627.7,-317798.6,-703078.8,-53936.3,24379.7,40545.5,18644.8,0.0,0.0,-177569.3,-158486.8,0,0
77.6167,6881.488,-235.466,6481.488,829.566,122.031,-55.575,134.09,-2.666,-2.202,29,24.46,4.54,0.5583,0.0132,222000,194165.6,-107627.7,-311765.2,-685268.0,-53016.8,24120.2,40454.3,17791.4,0.0,0.0,-170616.4,-140935.5,0,0
77.7167,6893.676,-241.036,6493.676,835.136,121.77,-55.781,133.938,-2.565,-1.95,29,24.59,4.41,0.5468,0.0127,222000,194165.6,-107627.7,-306135.7,-668924.3,-52183.6,23882.0,40362.9,17026.0,0.0,0.0,-164153.7,-124830.0,0,0
77.8167,6905.838,-246.625,6505.838,840.725,121.519,-55.962,133.786,-2.471,-1.72,29,24.71,4.29,0.5362,0.0122,222000,194165.6,-107627.7,-300888.9,-653923.9,-51426.9,23663.0,40271.2,16338.6,0.0,0.0,-158150.3,-110048.6,0,0
77.9167,6917.976,-252.231,6517.976,846.331,121.277,-56.121,133.633,-2.384,-1.507,29,24.82,4.18,0.5266,0.0117,222000,194165.6,-107627.7,-296003.7,-640153.4,-50738.3,23461.1,40179.3,15720.6,0.0,0.0,-152576.4,-96480.0,0,0
78.0167,6930.09,-257.851,6530.09,851.951,121.044,-56.261,133.48,-2.303,-1.313,29,24.91,4.09,0.5178,0.0113,222000,194165.6,-107627.7,-291459.0,-627509.6,-50110.2,23274.6,40087.2,15164.5,0.0,0.0,-147403.6,-84022.7,0,0
78.1167,6942.181,-263.484,6542.181,857.584,120.818,-56.381,133.326,-2.228,-1.134,29,25.0,4.0,0.5098,0.011,222000,194165.6,-107627.7,-287234.0,-615898.3,-49536.1,23102.0,39994.9,14663.4,0.0,0.0,-142604.6,-72584.1,0,0
78.2167,6954.25,-269.129,6554.25,863.229,120.599,-56.485,133.172,-2.159,-0.97,29,25.08,3.92,0.5024,0.0107,222000,194165.6,-107627.7,-283308.8,-605233.4,-49010.4,22941.7,39902.5,14211.6,0.0,0.0,-138153.6,-62079.4,0,0
78.3167,6966.298,-274.782,6566.298,868.882,120.387,-56.573,133.017,-2.094,-0.819,29,25.16,3.84,0.4957,0.0104,222000,194165.6,-107627.7,-279664.1,-595436.0,-48527.9,22792.6,39810.0,13804.0,0.0,0.0,-134026.4,-52431.2,0,0
78.4167,6978.324,-280.444,6578.324,874.544,120.181,-56.647,132.862,-2.034,-0.681,29,25.23,3.77,0.4897,0.0101,222000,194165.6,-107627.7,-276281.2,-586434.3,-48084.2,22653.4,39717.4,13435.9,0.0,0.0,-130199.8,-43568.5,0,0
78.5167,6990.331,-286.113,6590.331,880.213,119.981,-56.708,132.707,-1.979,-0.554,29,25.29,3.71,0.4841,0.0099,222000,194165.6,-107627.7,-273142.5,-578162.4,-47675.4,22523.4,39624.7,13103.3,0.0,0.0,-126652.3,-35426.7,0,0
78.6167,7002.317,-291.786,6602.317,885.886,119.786,-56.756,132.552,-1.928,-0.437,29,25.34,3.66,0.4791,0.0097,222000,194165.6,-107627.7,-270231.3,-570560.2,-47297.9,22401.5,39532.0,12802.7,0.0,0.0,-123363.7,-27946.4,0,0
78.7167,7014.285,-297.464,6614.285,891.564,119.596,-56.793,132.396,-1.88,-0.329,29,25.39,3.61,0.4745,0.0095,222000,194165.6,-107627.7,-267531.7,-563572.5,-46948.8,22286.9,39439.2,12530.9,0.0,0.0,-120314.9,-21073.3,0,0
78.8167,7026.234,-303.145,6626.234,897.245,119.411,-56.82,132.24,-1.836,-0.231,29,25.44,3.56,0.4704,0.0094,222000,194165.6,-107627.7,-265028.6,-557149.0,-46625.3,22179.0,39346.5,12285.1,0.0,0.0,-117488.3,-14757.7,0,0
78.9167,7038.164,-308.828,6638.164,902.928,119.229,-56.838,132.084,-1.795,-0.14,29,25.48,3.52,0.4667,0.0092,222000,194165.6,-107627.7,-262708.1,-551243.4,-46324.8,22077.2,39253.8,12062.8,0.0,0.0,-114867.3,-8954.0,0,0
79.0167,7050.077,-314.513,6650.077,908.613,119.052,-56.847,131.928,-1.757,-0.057,29,25.52,3.48,0.4633,0.0091,222000,194165.6,-107627.7,-260556.8,-545813.5,-46045.3,21980.8,39161.1,11861.6,0.0,0.0,-112436.5,-3620.4,0,0
79.1167,7061.972,-320.198,6661.972,914.298,118.879,-56.848,131.772,-1.722,0.02,29,25.55,3.45,0.4603,0.009,222000,194165.6,-107627.7,-258562.5,-540820.4,-45784.7,21889.4,39068.5,11679.8,0.0,0.0,-110181.6,1281.2,0,0
79.2167,7073.85,-325.882,6673.85,919.982,118.708,-56.842,131.616,-1.689,0.09,29,25.58,3.42,0.4576,0.0089,222000,194165.6,-107627.7,-256713.4,-536228.8,-45541.4,21802.4,38975.9,11515.3,0.0,0.0,-108089.3,5785.9,0,0
79.3167,7085.711,-331.566,6685.711,925.666,118.541,-56.829,131.46,-1.659,0.155,29,25.61,3.39,0.4552,0.0088,222000,194165.6,-107627.7,-254999.0,-532005.9,-45313.8,21719.6,38883.5,11366.7,0.0,0.0,-106147.2,9926.0,0,0
79.4167,7097.555,-337.247,6697.555,931.347,118.377,-56.81,131.303,-1.63,0.215,29,25.63,3.37,0.453,0.0087,222000,194165.6,-107627.7,-253408.9,-528121.9,-45100.5,21640.6,38791.1,11232.6,0.0,0.0,-104343.8,13731.0,0,0
79.5167,7109.383,-342.927,6709.383,937.027,118.216,-56.786,131.147,-1.604,0.269,29,25.65,3.35,0.4511,0.0086,222000,194165.6,-107627.7,-251934.0,-524549.4,-44900.1,21564.9,38698.8,11111.5,0.0,0.0,-102668.6,17227.8,0,0
79.6167,7121.196,-348.604,6721.196,942.704,118.057,-56.756,130.991,-1.58,0.319,29,25.67,3.33,0.4494,0.0085,222000,194165.6,-107627.7,-250565.5,-521263.4,-44711.7,21492.4,38606.7,11002.3,0.0,0.0,-101111.6,20441.3,0,0
79.7167,7132.992,-354.278,6732.992,948.378,117.9,-56.721,130.835,-1.557,0.366,29,25.69,3.31,0.4479,0.0085,222000,194165.6,-107627.7,-249295.3,-518240.7,-44534.1,21422.7,38514.7,10904.1,0.0,0.0,-99663.8,23394.3,0,0
79.8167,7144.773,-359.947,6744.773,954.047,117.745,-56.682,130.678,-1.536,0.408,29,25.7,3.3,0.4467,0.0084,222000,194165.6,-107627.7,-248115.9,-515460.1,-44366.4,21355.7,38422.8,10815.8,0.0,0.0,-98316.7,26107.8,0,0
79.9167,7156.539,-365.613,6756.539,959.713,117.593,-56.639,130.522,-1.517,0.447,29,25.72,3.28,0.4456,0.0084,222000,194165.6,-107627.7,-247020.3,-512902.4,-44207.8,21291.0,38331.1,10736.5,0.0,0.0,-97062.5,28600.9,0,0
80.0167,7168.289,-371.274,6768.289,965.374,117.442,-56.592,130.366,-1.498,0.483,29,25.73,3.27,0.4446,0.0084,222000,194165.6,-107627.7,-246002.2,-510549.5,-44057.5,21228.6,38239.6,10665.6,0.0,0.0,-95894.1,30891.4,0,0
80.1167,7180.025,-376.931,6780.025,971.031,117.294,-56.542,130.211,-1.481,0.516,29,25.74,3.26,0.4438,0.0083,222000,194165.6,-107627.7,-245055.5,-508385.1,-43914.9,21168.2,38148.2,10602.3,0.0,0.0,-94804.8,32995.3,0,0
80.2167,7191.746,-382.582,6791.746,976.682,117.146,-56.489,130.055,-1.465,0.546,29,25.74,3.26,0.4432,0.0083,222000,194165.6,-107627.7,-244174.7,-506394.3,-43779.3,21109.6,38057.0,10545.9,0.0,0.0,-93788.4,34927.6,0,0
80.3167,7203.452,-388.227,6803.452,982.327,117.001,-56.432,129.899,-1.451,0.573,29,25.75,3.25,0.4426,0.0083,222000,194165.6,-107627.7,-243354.7,-504563.1,-43650.1,21052.8,37966.0,10495.9,0.0,0.0,-92839.2,36702.0,0,0
80.4167,7215.143,-393.867,6815.143,987.967,116.856,-56.374,129.744,-1.437,0.599,29,25.75,3.25,0.4422,0.0083,222000,194165.6,-107627.7,-242590.8,-502878.8,-43526.9,20997.5,37875.1,10451.7,0.0,0.0,-91952.1,38331.0,0,0
80.5167,7226.821,-399.501,6826.821,993.601,116.714,-56.312,129.588,-1.424,0.622,29,25.76,3.24,0.442,0.0083,222000,194165.6,-107627.7,-241878.6,-501329.9,-43409.1,20943.8,37784.5,10412.9,0.0,0.0,-91122.2,39826.2,0,0
80.6167,7238.484,-405.129,6838.484,999.229,116.572,-56.249,129.433,-1.412,0.644,29,25.76,3.24,0.4418,0.0083,222000,194165.6,-107627.7,-241214.2,-499905.5,-43296.4,20891.4,37694.1,10379.1,0.0,0.0,-90345.0,41198.2,0,0
80.7167,7250.133,-410.75,6850.133,1004.85,116.431,-56.183,129.278,-1.4,0.663,29,25.76,3.24,0.4417,0.0083,222000,194165.6,-107627.7,-240593.7,-498595.7,-43188.3,20840.2,37603.8,10349.7,0.0,0.0,-89616.4,42456.7,0,0
80.8167,7261.768,-416.364,6861.768,1010.464,116.292,-56.116,129.123,-1.39,0.681,29,25.76,3.24,0.4417,0.0083,222000,194165.6,-107627.7,-240013.7,-497391.7,-43084.5,20790.2,37513.8,10324.5,0.0,0.0,-88932.6,43610.8,0,0
80.9167,7273.389,-421.972,6873.389,1016.072,116.154,-56.047,128.969,-1.38,0.698,29,25.76,3.24,0.4417,0.0083,222000,194165.6,-107627.7,-239471.1,-496284.9,-42984.7,20741.3,37424.0,10303.1,0.0,0.0,-88290.2,44668.7,0,0
81.0167,7284.996,-427.572,6884.996,1021.672,116.016,-55.976,128.814,-1.37,0.713,29,25.76,3.24,0.4419,0.0083,222000,194165.6,-107627.7,-238962.9,-495267.7,-42888.5,20693.4,37334.4,10285.3,0.0,0.0,-87685.8,45638.0,0,0
81.1167,7296.59,-433.166,6896.59,1027.266,115.88,-55.904,128.66,-1.361,0.727,29,25.75,3.25,0.4421,0.0083,222000,194165.6,-107627.7,-238486.5,-494333.1,-42795.7,20646.4,37245.0,10270.7,0.0,0.0,-87116.6,46525.6,0,0
81.2167,7308.17,-438.752,6908.17,1032.852,115.744,-55.831,128.506,-1.353,0.74,29,25.75,3.25,0.4424,0.0083,222000,194165.6,-107627.7,-238039.4,-493474.5,-42706.0,20600.3,37155.9,10259.1,0.0,0.0,-86579.8,47338.0,0,0
81.3167,7319.736,-444.33,6919.736,1038.43,115.609,-55.756,128.352,-1.345,0.751,29,25.75,3.25,0.4427,0.0083,222000,194165.6,-107627.7,-237619.2,-492686.1,-42619.3,20555.0,37067.0,10250.2,0.0,0.0,-86072.9,48081.2,0,0
81.4167,7331.29,-449.902,6931.29,1044.002,115.475,-55.68,128.198,-1.337,0.762,29,25.74,3.26,0.4431,0.0083,222000,194165.6,-107627.7,-237223.8,-491962.3,-42535.3,20510.5,36978.3,10243.8,0.0,0.0,-85593.5,48760.4,0,0
81.5167,7342.829,-455.465,6942.829,1049.565,115.342,-55.603,128.045,-1.33,0.772,29,25.74,3.26,0.4435,0.0083,222000,194165.6,-107627.7,-236851.3,-491298.0,-42453.8,20466.7,36889.8,10239.8,0.0,0.0,-85139.5,49380.9,0,0
81.6167,7354.356,-461.021,6954.356,1055.121,115.209,-55.526,127.892,-1.324,0.78,29,25.73,3.27,0.444,0.0083,222000,194165.6,-107627.7,-236499.9,-490688.7,-42374.6,20423.5,36801.6,10238.0,0.0,0.0,-84708.9,49947.1,0,0
81.7167,7365.869,-466.569,6965.869,1060.669,115.077,-55.447,127.739,-1.317,0.788,29,25.73,3.27,0.4446,0.0084,222000,194165.6,-107627.7,-236167.9,-490130.0,-42297.6,20381.0,36713.6,10238.2,0.0,0.0,-84299.9,50463.3,0,0
81.8167,7377.369,-472.109,6977.369,1066.209,114.946,-55.368,127.586,-1.311,0.796,29,25.72,3.28,0.4451,0.0084,222000,194165.6,-107627.7,-235853.8,-489617.9,-42222.6,20339.0,36625.8,10240.2,0.0,0.0,-83910.8,50933.4,0,0
81.9167,7388.856,-477.641,6988.856,1071.741,114.815,-55.288,127.433,-1.305,0.803,29,25.71,3.29,0.4458,0.0084,222000,194165.6,-107627.7,-235556.2,-489148.9,-42149.5,20297.6,36538.3,10243.9,0.0,0.0,-83540.1,51361.0,0,0
82.0167,7400.33,-483.165,7000.33,1077.265,114.685,-55.207,127.281,-1.3,0.809,29,25.71,3.29,0.4464,0.0084,222000,194165.6,-107627.7,-235273.8,-488719.7,-42078.1,20256.8,36451.0,10249.1,0.0,0.0,-83186.4,51749.4,0,0
82.1167,7411.791,-488.681,7011.791,1082.781,114.555,-55.126,127.129,-1.295,0.814,29,25.7,3.3,0.4471,0.0085,222000,194165.6,-107627.7,-235005.4,-488327.0,-42008.4,20216.4,36364.0,10255.9,0.0,0.0,-82848.3,52101.7,0,0
82.2167,7423.239,-494.189,7023.239,1088.289,114.426,-55.044,126.977,-1.289,0.819,29,25.69,3.31,0.4478,0.0085,222000,194165.6,-107627.7,-234749.9,-487968.1,-41940.3,20176.5,36277.2,10263.9,0.0,0.0,-82524.6,52420.6,0,0
82.3167,7434.674,-499.689,7034.674,1093.789,114.297,-54.962,126.826,-1.285,0.824,29,25.68,3.32,0.4485,0.0085,222000,194165.6,-107627.7,-234506.2,-487640.5,-41873.6,20137.0,36190.6,10273.3,0.0,0.0,-82214.2,52708.8,0,0
82.4167,7446.096,-505.18,7046.096,1099.28,114.169,-54.88,126.674,-1.28,0.828,29,25.67,3.33,0.4493,0.0085,222000,194165.6,-107627.7,-234273.5,-487341.5,-41808.2,20097.9,36104.3,10283.7,0.0,0.0,-81916.1,52968.7,0,0
82.5167,7457.506,-510.663,7057.506,1104.763,114.042,-54.797,126.523,-1.275,0.831,29,25.67,3.33,0.4501,0.0086,222000,194165.6,-107627.7,-234050.9,-487069.2,-41744.1,20059.2,36018.3,10295.3,0.0,0.0,-81629.4,53202.3,0,0
82.6167,7468.902,-516.138,7068.902,1110.238,113.914,-54.713,126.372,-1.271,0.835,29,25.66,3.34,0.4509,0.0086,222000,194165.6,-107627.7,-233837.5,-486821.3,-41681.2,20020.9,35932.4,10307.8,0.0,0.0,-81353.1,53411.9,0,0
82.7167,7480.286,-521.605,7080.286,1115.705,113.787,-54.63,126.222,-1.267,0.837,29,25.65,3.35,0.4517,0.0086,222000,194165.6,-107627.7,-233632.6,-486596.1,-41619.4,19983.0,35846.8,10321.3,0.0,0.0,-81086.5,53599.2,0,0
82.8167,7491.658,-527.063,7091.658,1121.163,113.661,-54.546,126.072,-1.263,0.84,29,25.64,3.36,0.4526,0.0087,222000,194165.6,-107627.7,-233435.7,-486391.8,-41558.6,19945.4,35761.5,10335.6,0.0,0.0,-80828.7,53765.9,0,0
82.9167,7503.017,-532.512,7103.017,1126.612,113.535,-54.462,125.922,-1.259,0.842,29,25.63,3.37,0.4535,0.0087,222000,194165.6,-107627.7,-233245.9,-486206.7,-41498.9,19908.1,35676.4,10350.6,0.0,0.0,-80579.3,53913.6,0,0
83.0167,7514.363,-537.954,7114.363,1132.054,113.409,-54.377,125.772,-1.255,0.844,29,25.62,3.38,0.4543,0.0087,222000,194165.6,-107627.7,-233062.9,-486039.5,-41440.1,19871.1,35591.6,10366.5,0.0,0.0,-80337.4,54043.9,0,0
83.1167,7525.696,-543.386,7125.696,1137.486,113.284,-54.293,125.622,-1.252,0.846,29,25.61,3.39,0.4552,0.0088,222000,194165.6,-107627.7,-232885.9,-485888.7,-41382.2,19834.4,35507.0,10383.0,0.0,0.0,-80102.5,54158.0,0,0
83.2167,7537.017,-548.811,7137.017,1142.911,113.159,-54.208,125.473,-1.248,0.848,29,25.6,3.4,0.4562,0.0088,222000,194165.6,-107627.7,-232714.6,-485753.1,-41325.1,19798.0,35422.6,10400.1,0.0,0.0,-79874.1,54257.1,0,0
83.3167,7548.326,-554.227,7148.326,1148.327,113.034,-54.123,125.324,-1.245,0.849,29,25.59,3.41,0.4571,0.0088,222000,194165.6,-107627.7,-232548.5,-485631.6,-41268.8,19761.9,35338.5,10417.9,0.0,0.0,-79651.8,54342.5,0,0
83.4167,7559.622,-559.634,7159.622,1153.734,112.91,-54.038,125.175,-1.241,0.85,29,25.58,3.42,0.458,0.0089,222000,194165.6,-107627.7,-232387.2,-485523.1,-41213.3,19726.0,35254.7,10436.1,0.0,0.0,-79434.9,54415.2,0,0
83.5167,7570.906,-565.033,7170.906,1159.133,112.786,-53.953,125.027,-1.238,0.851,29,25.57,3.43,0.459,0.0089,222000,194165.6,-107627.7,-232230.3,-485426.5,-41158.5,19690.4,35171.1,10454.9,0.0,0.0,-79223.2,54476.1,0,0
83.6167,7582.177,-570.423,7182.177,1164.523,112.663,-53.868,124.878,-1.235,0.852,29,25.56,3.44,0.46,0.009,222000,194165.6,-107627.7,-232077.4,-485341.1,-41104.3,19655.0,35087.7,10474.2,0.0,0.0,-79016.2,54526.2,0,0
83.7167,7593.436,-575.805,7193.436,1169.905,112.539,-53.783,124.73,-1.231,0.853,29,25.55,3.45,0.4609,0.009,222000,194165.6,-107627.7,-231928.3,-485265.8,-41050.9,19619.9,35004.6,10493.9,0.0,0.0,-78813.6,54566.3,0,0
83.8167,7604.683,-581.178,7204.683,1175.278,112.416,-53.697,124.583,-1.228,0.853,29,25.53,3.47,0.4619,0.009,222000,194165.6,-107627.7,-231782.6,-485200.1,-40998.0,19585.0,34921.7,10514.0,0.0,0.0,-78615.0,54597.1,0,0
83.9167,7615.918,-586.543,7215.918,1180.643,112.294,-53.612,124.435,-1.225,0.853,29,25.52,3.48,0.4629,0.0091,222000,194165.6,-107627.7,-231640.0,-485143.1,-40945.7,19550.3,34839.1,10534.6,0.0,0.0,-78420.2,54619.4,0,0
84.0167,7627.14,-591.899,7227.14,1185.999,112.171,-53.527,124.288,-1.222,0.854,29,25.51,3.49,0.4639,0.0091,222000,194165.6,-107627.7,-231500.3,-485094.3,-40894.1,19515.8,34756.7,10555.4,0.0,0.0,-78228.8,54633.8,0,0
84.1167,7638.35,-597.247,7238.35,1191.347,112.049,-53.441,124.141,-1.219,0.854,29,25.5,3.5,0.465,0.0092,222000,194165.6,-107627.7,-231363.3,-485052.9,-40842.9,19481.5,34674.6,10576.6,0.0,0.0,-78040.7,54640.8,0,0
84.2167,7649.548,-602.586,7249.548,1196.686,111.927,-53.356,123.994,-1.216,0.854,29,25.49,3.51,0.466,0.0092,222000,194165.6,-107627.7,-231228.8,-485018.5,-40792.3,19447.4,34592.7,10598.2,0.0,0.0,-77855.5,54641.2,0,0
84.3167,7660.733,-607.917,7260.733,1202.017,111.806,-53.271,123.848,-1.214,0.854,29,25.48,3.52,0.467,0.0092,222000,194165.6,-107627.7,-231096.4,-484990.5,-40742.2,19413.5,34511.0,10620.0,0.0,0.0,-77673.0,54635.3,0,0
84.4167,7671.907,-613.239,7271.907,1207.339,111.685,-53.185,123.702,-1.211,0.853,29,25.47,3.53,0.468,0.0093,222000,194165.6,-107627.7,-230966.1,-484968.5,-40692.5,19379.8,34429.6,10642.1,0.0,0.0,-77493.1,54623.6,0,0
84.5167,7683.068,-618.552,7283.068,1212.652,111.564,-53.1,123.556,-1.208,0.853,29,25.45,3.55,0.4691,0.0093,222000,194165.6,-107627.7,-230837.8,-484951.9,-40643.4,19346.3,34348.5,10664.4,0.0,0.0,-77315.6,54606.7,0,0
84.6167,7694.218,-623.857,7294.218,1217.957,111.443,-53.015,123.41,-1.205,0.853,29,25.44,3.56,0.4701,0.0094,222000,194165.6,-107627.7,-230711.1,-484940.5,-40594.7,19313.0,34267.6,10687.0,0.0,0.0,-77140.2,54584.8,0,0
84.7167,7705.355,-629.154,7305.355,1223.254,111.323,-52.929,123.265,-1.203,0.852,29,25.43,3.57,0.4712,0.0094,222000,194165.6,-107627.7,-230586.0,-484933.7,-40546.4,19279.8,34186.9,10709.9,0.0,0.0,-76966.8,54558.3,0,0
84.8167,7716.48,-634.442,7316.48,1228.542,111.203,-52.844,123.12,-1.2,0.852,29,25.42,3.58,0.4723,0.0094,222000,194165.6,-107627.7,-230462.4,-484931.4,-40498.5,19246.8,34106.5,10732.9,0.0,0.0,-76795.4,54527.7,0,0
84.9167,7727.593,-639.721,7327.593,1233.821,111.083,-52.759,122.975,-1.197,0.851,29,25.41,3.59,0.4733,0.0095,222000,194165.6,-107627.7,-230340.1,-484933.1,-40451.1,19214.0,34026.3,10756.2,0.0,0.0,-76625.6,54493.2,0,0
85.0167,7738.695,-644.992,7338.695,1239.092,110.963,-52.674,122.831,-1.195,0.851,29,25.4,3.6,0.4744,0.0095,222000,194165.6,-107627.7,-230219.0,-484938.5,-40404.1,19181.4,33946.4,10779.6,0.0,0.0,-76457.5,54455.1,0,0
85.1167,7749.784,-650.255,7349.784,1244.355,110.844,-52.589,122.686,-1.192,0.85,29,25.38,3.62,0.4755,0.0096,222000,194165.6,-107627.7,-230099.1,-484947.5,-40357.4,19148.9,33866.7,10803.2,0.0,0.0,-76290.9,54413.6,0,0
85.2167,7760.862,-655.509,7360.862,1249.609,110.725,-52.504,122.543,-1.189,0.85,29,25.37,3.63,0.4766,0.0096,222000,194165.6,-107627.7,-229980.1,-484959.7,-40311.1,19116.6,33787.2,10827.0,0.0,0.0,-76125.7,54369.1,0,0
85.3167,7771.927,-660.754,7371.927,1254.854,110.606,-52.419,122.399,-1.187,0.849,29,25.36,3.64,0.4777,0.0097,222000,194165.6,-107627.7,-229862.1,-484974.9,-40265.2,19084.4,33708.0,10851.0,0.0,0.0,-75961.7,54321.8,0,0
85.4167,7782.981,-665.991,7382.981,1260.091,110.488,-52.334,122.255,-1.184,0.848,29,25.35,3.65,0.4787,0.0097,222000,194165.6,-107627.7,-229744.9,-484992.8,-40219.7,19052.4,33629.0,10875.1,0.0,0.0,-75799.0,54271.8,0,0
85.5167,7794.023,-671.219,7394.023,1265.319,110.369,-52.249,122.112,-1.182,0.847,29,25.34,3.66,0.4798,0.0097,222000,194165.6,-107627.7,-229628.5,-485013.4,-40174.5,19020.5,33550.3,10899.3,0.0,0.0,-75637.4,54219.4,0,0
85.6167,7805.053,-676.439,7405.053,1270.539,110.251,-52.165,121.969,-1.179,0.846,29,25.32,3.68,0.4809,0.0098,222000,194165.6,-107627.7,-229512.8,-485036.3,-40129.6,18988.8,33471.8,10923.7,0.0,0.0,-75476.8,54164.8,0,0
85.7167,7816.071,-681.651,7416.071,1275.751,110.134,-52.08,121.827,-1.177,0.845,29,25.31,3.69,0.482,0.0098,222000,194165.6,-107627.7,-229397.7,-485061.5,-40085.1,18957.3,33393.5,10948.3,0.0,0.0,-75317.2,54108.0,0,0
85.8167,7827.078,-686.854,7427.078,1280.954,110.016,-51.996,121.684,-1.174,0.845,29,25.3,3.7,0.4831,0.0099,222000,194165.6,-107627.7,-229283.1,-485088.7,-40040.9,18925.8,33315.5,10972.9,0.0,0.0,-75158.5,54049.4,0,0
85.9167,7838.072,-692.049,7438.072,1286.149,109.899,-51.911,121.542,-1.172,0.844,29,25.29,3.71,0.4843,0.0099,222000,194165.6,-107627.7,-229169.1,-485117.9,-39997.1,18894.6,33237.7,10997.7,0.0,0.0,-75000.6,53989.0,0,0
86.0167,7849.055,-697.235,7449.055,1291.335,109.782,-51.827,121.4,-1.169,0.843,29,25.27,3.73,0.4854,0.01,222000,194165.6,-107627.7,-229055.6,-485148.8,-39953.5,18863.4,33160.2,11022.5,0.0,0.0,-74843.6,53926.9,0,0
86.1167,7860.027,-702.413,7460.027,1296.513,109.665,-51.743,121.259,-1.167,0.842,29,25.26,3.74,0.4865,0.01,222000,194165.6,-107627.7,-228942.5,-485181.5,-39910.3,18832.5,33082.9,11047.5,0.0,0.0,-74687.2,53863.3,0,0
86.2167,7870.986,-707.582,7470.986,1301.682,109.548,-51.659,121.117,-1.165,0.841,29,25.25,3.75,0.4876,0.0101,222000,194165.6,-107627.7,-228829.7,-485215.6,-39867.4,18801.6,33005.8,11072.6,0.0,0.0,-74531.5,53798.3,0,0
86.3167,7881.934,-712.743,7481.934,1306.843,109.432,-51.575,120.976,-1.162,0.84,29,25.24,3.76,0.4887,0.0101,222000,194165.6,-107627.7,-228717.3,-485251.2,-39824.8,18770.9,32929.0,11097.8,0.0,0.0,-74376.5,53731.9,0,0
86.4167,7892.871,-717.895,7492.871,1311.995,109.316,-51.491,120.836,-1.16,0.839,29,25.22,3.78,0.4899,0.0102,222000,194165.6,-107627.7,-228605.2,-485288.2,-39782.4,18740.4,32852.4,11123.1,0.0,0.0,-74222.1,53664.4,0,0
86.5167,7903.796,-723.04,7503.796,1317.14,109.2,-51.407,120.695,-1.157,0.837,29,25.21,3.79,0.491,0.0102,222000,194165.6,-107627.7,-228493.4,-485326.4,-39740.4,18709.9,32776.1,11148.4,0.0,0.0,-74068.2,53595.8,0,0
86.6167,7914.709,-728.175,7514.709,1322.275,109.084,-51.323,120.555,-1.155,0.836,29,25.2,3.8,0.4921,0.0103,222000,194165.6,-107627.7,-228381.8,-485365.8,-39698.7,18679.6,32699.9,11173.9,0.0,0.0,-73914.8,53526.1,0,0
86.7167,7925.611,-733.303,7525.611,1327.403,108.969,-51.24,120.415,-1.153,0.835,29,25.19,3.81,0.4933,0.0103,222000,194165.6,-107627.7,-228270.3,-485406.3,-39657.2,18649.5,32624.1,11199.4,0.0,0.0,-73762.0,53455.4,0,0
86.8167,7936.501,-738.422,7536.501,1332.522,108.854,-51.156,120.275,-1.15,0.834,29,25.17,3.83,0.4944,0.0103,222000,194165.6,-107627.7,-228159.1,-485447.8,-39616.0,18619.4,32548.4,11225.0,0.0,0.0,-73609.6,53383.9,0,0
86.9167,7947.38,-743.533,7547.38,1337.633,108.739,-51.073,120.136,-1.148,0.833,29,25.16,3.84,0.4955,0.0104,222000,194165.6,-107627.7,-228048.0,-485490.2,-39575.2,18589.5,32473.0,11250.7,0.0,0.0,-73457.6,53311.6,0,0
87.0167,7958.247,-748.635,7558.247,1342.735,108.624,-50.99,119.997,-1.145,0.832,29,25.15,3.85,0.4967,0.0104,222000,194165.6,-107627.7,-227937.1,-485533.6,-39534.6,18559.8,32397.8,11276.5,0.0,0.0,-73306.0,53238.4,0,0
87.1167,7969.103,-753.729,7569.103,1347.829,108.51,-50.906,119.858,-1.143,0.831,29,25.14,3.86,0.4978,0.0105,222000,194165.6,-107627.7,-227826.2,-485577.8,-39494.2,18530.1,32322.8,11302.4,0.0,0.0,-73154.8,53164.6,0,0
87.2167,7979.947,-758.815,7579.947,1352.915,108.396,-50.823,119.719,-1.141,0.83,29,25.12,3.88,0.499,0.0105,222000,194165.6,-107627.7,-227715.4,-485622.7,-39454.2,18500.6,32248.1,11328.3,0.0,0.0,-73004.0,53090.2,0,0
87.3167,7990.78,-763.893,7590.78,1357.993,108.282,-50.741,119.581,-1.138,0.828,29,25.11,3.89,0.5001,0.0106,222000,194165.6,-107627.7,-227604.7,-485668.4,-39414.4,18471.2,32173.6,11354.3,0.0,0.0,-72853.5,53015.1,0,0
87.4167,8001.601,-768.962,7601.601,1363.062,108.168,-50.658,119.443,-1.136,0.827,29,25.1,3.9,0.5013,0.0106,222000,194165.6,-107627.7,-227494.1,-485714.8,-39374.8,18442.0,32099.4,11380.3,0.0,0.0,-72703.4,52939.5,0,0
87.5167,8012.412,-774.023,7612.412,1368.123,108.055,-50.575,119.305,-1.134,0.826,29,25.08,3.92,0.5024,0.0107,222000,194165.6,-107627.7,-227383.5,-485761.8,-39335.6,18412.9,32025.3,11406.5,0.0,0.0,-72553.5,52863.3,0,0
87.6167,8023.21,-779.075,7623.21,1373.175,107.942,-50.493,119.168,-1.131,0.825,29,25.07,3.93,0.5036,0.0107,222000,194165.6,-107627.7,-227272.9,-485809.4,-39296.6,18383.8,31951.5,11432.7,0.0,0.0,-72403.9,52786.7,0,0
87.7167,8033.998,-784.12,7633.998,1378.22,107.829,-50.41,119.03,-1.129,0.824,29,25.06,3.94,0.5047,0.0108,222000,194165.6,-107627.7,-227162.3,-485857.6,-39257.8,18355.0,31877.9,11458.9,0.0,0.0,-72254.6,52709.6,0,0
87.8167,8044.774,-789.156,7644.774,1383.256,107.716,-50.328,118.893,-1.127,0.822,29,25.05,3.95,0.5059,0.0108,222000,194165.6,-107627.7,-227051.8,-485906.4,-39219.4,18326.2,31804.6,11485.2,0.0,0.0,-72105.5,52632.1,0,0
87.9167,8055.539,-794.184,7655.539,1388.284,107.603,-50.246,118.757,-1.124,0.821,29,25.03,3.97,0.5071,0.0109,222000,194165.6,-107627.7,-226941.2,-485955.6,-39181.1,18297.6,31731.5,11511.6,0.0,0.0,-71956.7,52554.2,0,0
88.0167,8066.293,-799.204,7666.293,1393.304,107.491,-50.164,118.62,-1.122,0.82,29,25.02,3.98,0.5082,0.0109,222000,194165.6,-107627.7,-226830.6,-486005.3,-39143.2,18269.1,31658.6,11538.0,0.0,0.0,-71808.2,52476.0,0,0
88.1167,8077.036,-804.216,7677.036,1398.316,107.379,-50.082,118.484,-1.12,0.819,29,25.01,3.99,0.5094,0.011,222000,194165.6,-107627.7,-226719.9,-486055.5,-39105.5,18240.7,31585.9,11564.5,0.0,0.0,-71659.8,52397.4,0,0
88.2167,8087.767,-809.219,7687.767,1403.319,107.267,-50.0,118.348,-1.117,0.817,29,24.99,4.01,0.5106,0.011,222000,194165.6,-107627.7,-226609.2,-486106.1,-39068.0,18212.4,31513.5,11591.1,0.0,0.0,-71511.7,52318.6,0,0
88.3167,8098.487,-814.214,7698.487,1408.314,107.156,-49.918,118.212,-1.115,0.816,29,24.98,4.02,0.5117,0.0111,222000,194165.6,-107627.7,-226498.5,-486157.1,-39030.8,18184.3,31441.3,11617.7,0.0,0.0,-71363.7,52239.4,0,0
88.4167,8109.196,-819.201,7709.196,1413.301,107.044,-49.837,118.077,-1.113,0.815,29,24.97,4.03,0.5129,0.0111,222000,194165.6,-107627.7,-226387.7,-486208.5,-38993.8,18156.3,31369.3,11644.3,0.0,0.0,-71216.0,52160.0,0,0
88.5167,8119.894,-824.18,7719.894,1418.28,106.933,-49.755,117.942,-1.11,0.814,29,24.95,4.05,0.5141,0.0112,222000,194165.6,-107627.7,-226276.9,-486260.2,-38957.1,18128.3,31297.5,11671.0,0.0,0.0,-71068.4,52080.4,0,0
88.6167,8130.581,-829.151,7730.581,1423.251,106.822,-49.674,117.807,-1.108,0.813,29,24.94,4.06,0.5153,0.0112,222000,194165.6,-107627.7,-226165.9,-486312.3,-38920.7,18100.6,31226.0,11697.8,0.0,0.0,-70921.0,52000.5,0,0
88.7167,8141.257,-834.114,7741.257,1428.214,106.711,-49.593,117.672,-1.106,0.811,29,24.93,4.07,0.5165,0.0113,222000,194165.6,-107627.7,-226054.9,-486364.7,-38884.4,18072.9,31154.7,11724.6,0.0,0.0,-70773.8,51920.4,0,0
88.8167,8151.923,-839.064,7751.923,1433.164,106.669,-49.378,117.544,0.929,4.826,26,24.88,1.12,0.251,0.0027,222000,199532.3,-97318.4,-109392.4,-235899.7,-30706.4,14239.3,31085.1,2762.1,0.0,0.0,59433.5,308861.2,0,0
88.9167,8162.605,-843.955,7762.605,1438.055,106.944,-48.51,117.432,3.263,9.793,22,24.48,-2.48,-0.0734,0.0002,222000,205834.8,-83162.7,31475.1,69121.3,-28450.6,12955.3,31025.3,236.1,0.0,0.0,208859.4,626753.9,0,0
89.0167,8173.317,-848.751,7773.317,1442.851,107.253,-47.569,117.329,2.968,9.145,22,24.0,-2.0,-0.0297,0.0,222000,205834.8,-83162.7,12449.9,27967.9,-28328.5,12610.4,30970.0,38.4,0.0,0.0,189956.2,585255.6,0,0
89.1167,8184.059,-853.456,7784.059,1447.556,107.534,-46.69,117.233,2.701,8.539,22,23.54,-1.54,0.0112,0.0,222000,205834.8,-83162.7,-4596.7,-10550.1,-28350.2,12352.1,30918.8,5.4,0.0,0.0,172887.9,546479.3,0,0
89.2167,8194.828,-858.077,7794.828,1452.177,107.79,-45.87,117.144,2.46,7.973,22,23.12,-1.12,0.0492,0.0001,222000,205834.8,-83162.7,-19890.0,-46586.9,-28489.0,12163.2,30871.3,105.5,0.0,0.0,157455.8,510253.6,0,0
89.3167,8205.621,-862.619,7805.621,1456.719,108.023,-45.104,117.061,2.242,7.444,22,22.73,-0.73,0.0847,0.0003,222000,205834.8,-83162.7,-33627.9,-80290.1,-28721.9,12029.6,30827.2,312.1,0.0,0.0,143485.0,476416.8,0,0
89.4167,8216.435,-867.087,7816.435,1461.187,108.236,-44.388,116.984,2.044,6.95,22,22.36,-0.36,0.1178,0.0006,222000,205834.8,-83162.7,-45984.6,-111800.7,-29029.3,11940.0,30786.1,602.8,0.0,0.0,130821.0,444816.6,0,0
89.5167,8227.27,-871.486,7827.27,1465.586,108.429,-43.72,116.912,1.864,6.489,22,22.01,-0.01,0.1487,0.0009,222000,205834.8,-83162.7,-57112.8,-141253.1,-29394.7,11885.1,30747.8,958.7,0.0,0.0,119327.4,415309.4,0,0
89.6167,8238.124,-875.822,7838.124,1469.922,108.606,-43.097,116.845,1.701,6.059,22,21.7,0.3,0.1774,0.0013,222000,205834.8,-83162.7,-67147.3,-168774.7,-29804.0,11857.5,30711.9,1364.2,0.0,0.0,108883.6,387760.2,0,0
89.7167,8248.994,-880.097,7848.994,1474.197,108.768,-42.515,116.781,1.553,5.657,22,21.4,0.6,0.2043,0.0018,222000,205834.8,-83162.7,-76206.8,-194486.2,-30245.4,11851.2,30678.3,1806.1,0.0,0.0,99382.6,362042.4,0,0
89.8167,8259.879,-884.317,7859.879,1478.417,108.915,-41.971,116.722,1.418,5.282,22,21.12,0.88,0.2293,0.0022,222000,205834.8,-83162.7,-84396.1,-218502.0,-30709.1,11861.3,30646.8,2273.4,0.0,0.0,90729.6,338036.7,0,0
89.9167,8270.779,-888.484,7870.779,1482.584,109.049,-41.464,116.666,1.294,4.932,22,20.86,1.14,0.2526,0.0027,222000,205834.8,-83162.7,-91807.8,-240929.8,-31186.8,11883.9,30617.2,2757.1,0.0,0.0,82840.2,315631.4,0,0
90.0167,8281.691,-892.602,7881.691,1486.702,109.172,-40.99,116.613,1.182,4.605,22,20.62,1.38,0.2744,0.0032,222000,205834.8,-83162.7,-98523.6,-261871.3,-31671.7,11915.8,30589.3,3249.8,0.0,0.0,75639.5,294721.8,0,0
90.1167,8292.615,-896.675,7892.615,1490.775,109.284,-40.547,116.564,1.079,4.3,22,20.39,1.61,0.2947,0.0037,222000,205834.8,-83162.7,-104616.0,-281422.2,-32158.2,11954.5,30563.0,3745.3,0.0,0.0,69060.6,275209.6,0,0
90.2167,8303.549,-900.706,7903.549,1494.806,109.387,-40.134,116.517,0.985,4.016,22,20.18,1.82,0.3136,0.0042,222000,205834.8,-83162.7,-110149.2,-299672.5,-32641.7,11998.0,30538.1,4238.8,0.0,0.0,63043.9,257002.8,0,0
90.3167,8314.493,-904.696,7914.493,1498.796,109.48,-39.748,116.472,0.899,3.75,22,19.99,2.01,0.3313,0.0046,222000,205834.8,-83162.7,-115180.1,-316706.7,-33118.5,12044.6,30514.6,4726.2,0.0,0.0,57536.1,240015.2,0,0
90.4167,8325.447,-908.65,7925.447,1502.75,109.565,-39.387,116.43,0.82,3.503,22,19.8,2.2,0.3478,0.0051,222000,205834.8,-83162.7,-119759.4,-332604.2,-33585.7,12093.1,30492.2,5204.3,0.0,0.0,52489.7,224166.1,0,0
90.5167,8336.408,-912.569,7936.408,1506.669,109.643,-39.051,116.39,0.748,3.272,22,19.63,2.37,0.3632,0.0056,222000,205834.8,-83162.7,-123931.8,-347439.6,-34040.9,12142.4,30471.0,5670.7,0.0,0.0,47862.0,209380.2,0,0
90.6167,8347.376,-916.455,7947.376,1510.555,109.714,-38.736,116.351,0.681,3.056,22,19.47,2.53,0.3775,0.006,222000,205834.8,-83162.7,-127737.6,-361282.6,-34482.5,12191.9,30450.8,6123.6,0.0,0.0,43614.7,195586.6,0,0
90.7167,8358.351,-920.312,7958.351,1514.412,109.778,-38.443,116.315,0.621,2.855,22,19.32,2.68,0.3909,0.0065,222000,205834.8,-83162.7,-131212.4,-374198.6,-34909.0,12240.8,30431.5,6561.4,0.0,0.0,39713.4,182719.6,0,0
90.8167,8369.333,-924.14,7969.333,1518.24,109.837,-38.168,116.28,0.564,2.667,22,19.18,2.82,0.4034,0.0069,222000,205834.8,-83162.7,-134388.1,-386248.9,-35319.5,12288.8,30413.1,6983.2,0.0,0.0,36127.2,170717.2,0,0
90.9167,8380.32,-927.941,7980.32,1522.041,109.891,-37.912,116.246,0.513,2.493,22,19.05,2.95,0.4151,0.0073,222000,205834.8,-83162.7,-137293.0,-397490.9,-35713.5,12335.4,30395.5,7388.3,0.0,0.0,32828.3,159521.8,0,0
91.0167,8391.311,-931.718,7991.311,1525.818,109.939,-37.672,116.214,0.465,2.329,22,18.93,3.07,0.4259,0.0077,222000,205834.8,-83162.7,-139952.7,-407978.3,-36090.5,12380.5,30378.6,7776.4,0.0,0.0,29791.6,149079.5,0,0
91.1167,8402.308,-935.472,8002.308,1529.572,109.983,-37.448,116.184,0.422,2.177,22,18.82,3.18,0.4361,0.008,222000,205834.8,-83162.7,-142389.9,-417761.2,-36450.4,12423.8,30362.4,8147.1,0.0,0.0,26994.4,139339.9,0,0
91.2167,8413.309,-939.205,8013.309,1533.305,110.023,-37.239,116.154,0.382,2.035,22,18.72,3.28,0.4456,0.0084,222000,205834.8,-83162.7,-144625.2,-426886.6,-36793.3,12465.2,30346.8,8500.7,0.0,0.0,24416.3,130256.0,0,0
91.3167,8424.313,-942.917,8024.313,1537.017,110.059,-37.043,116.125,0.344,1.903,22,18.62,3.38,0.4544,0.0087,222000,205834.8,-83162.7,-146676.8,-435398.3,-37119.3,12504.7,30331.8,8837.2,0.0,0.0,22038.7,121783.8,0,0
91.4167,8435.321,-946.611,8035.321,1540.711,110.091,-36.86,116.098,0.31,1.779,22,18.53,3.47,0.4627,0.0091,222000,205834.8,-83162.7,-148561.2,-443337.4,-37428.7,12542.3,30317.4,9156.9,0.0,0.0,19844.9,113882.2,0,0
91.5167,8446.332,-950.287,8046.332,1544.387,110.12,-36.689,116.071,0.278,1.664,22,18.44,3.56,0.4704,0.0094,222000,205834.8,-83162.7,-150293.4,-450742.2,-37722.0,12577.8,30303.4,9460.2,0.0,0.0,17819.5,106513.0,0,0
91.6167,8457.345,-953.946,8057.345,1548.046,110.146,-36.529,116.046,0.249,1.557,22,18.36,3.64,0.4776,0.0097,222000,205834.8,-83162.7,-151886.6,-457648.5,-37999.5,12611.4,30289.9,9747.7,0.0,0.0,15948.7,99640.3,0,0
91.7167,8468.361,-957.59,8068.361,1551.69,110.17,-36.379,116.021,0.222,1.457,22,18.29,3.71,0.4843,0.0099,222000,205834.8,-83162.7,-153353.1,-464089.6,-38261.7,12643.1,30276.8,10019.6,0.0,0.0,14220.0,93230.9,0,0
91.8167,8479.379,-961.22,8079.379,1555.32,110.191,-36.239,115.997,0.197,1.363,22,18.22,3.78,0.4906,0.0102,222000,205834.8,-83162.7,-154703.6,-470096.9,-38509.3,12673.0,30264.2,10276.8,0.0,0.0,12621.9,87253.4,0,0
91.9167,8490.4,-964.836,8090.4,1558.936,110.209,-36.107,115.973,0.174,1.276,22,18.15,3.85,0.4964,0.0104,222000,205834.8,-83162.7,-155948.1,-475699.4,-38742.7,12701.0,30251.9,10519.6,0.0,0.0,11144.0,81678.9,0,0
92.0167,8501.421,-968.439,8101.421,1562.539,110.225,-35.985,115.95,0.153,1.195,22,18.09,3.91,0.5019,0.0107,222000,205834.8,-83162.7,-157095.5,-480924.4,-38962.6,12727.3,30239.9,10748.7,0.0,0.0,9776.7,76480.2,0,0
92.1167,8512.445,-972.031,8112.445,1566.131,110.239,-35.87,115.928,0.133,1.119,22,18.03,3.97,0.507,0.0109,222000,205834.8,-83162.7,-158153.9,-485797.2,-39169.6,12751.9,30228.3,10964.8,0.0,0.0,8511.3,71632.0,0,0
92.2167,8523.469,-975.612,8123.469,1569.712,110.251,-35.762,115.906,0.115,1.049,22,17.98,4.02,0.5118,0.0111,222000,205834.8,-83162.7,-159130.7,-490341.6,-39364.2,12774.9,30216.9,11168.4,0.0,0.0,7339.9,67110.6,0,0
92.3167,8534.495,-979.182,8134.495,1573.282,110.262,-35.661,115.885,0.098,0.983,22,17.93,4.07,0.5163,0.0113,222000,205834.8,-83162.7,-160032.6,-494579.7,-39547.1,12796.4,30205.8,11360.0,0.0,0.0,6255.1,62894.0,0,0
92.4167,8545.522,-982.743,8145.522,1576.843,110.271,-35.566,115.865,0.082,0.921,22,17.88,4.12,0.5205,0.0115,222000,205834.8,-83162.7,-160865.6,-498532.1,-39718.8,12816.4,30195.0,11540.4,0.0,0.0,5250.4,58961.6,0,0
92.5167,8556.549,-986.294,8156.549,1580.394,110.278,-35.477,115.844,0.067,0.864,22,17.84,4.16,0.5244,0.0116,222000,205834.8,-83162.7,-161635.3,-502218.1,-39880.0,12835.1,30184.4,11710.1,0.0,0.0,4319.6,55294.3,0,0
92.6167,8567.578,-989.837,8167.578,1583.937,110.284,-35.394,115.824,0.054,0.811,22,17.8,4.2,0.528,0.0118,222000,205834.8,-83162.7,-162346.7,-505655.6,-40031.1,12852.4,30174.1,11869.6,0.0,0.0,3457.0,51874.2,0,0
92.7167,8578.606,-993.372,8178.606,1587.472,110.289,-35.316,115.805,0.042,0.761,22,17.76,4.24,0.5314,0.012,222000,205834.8,-83162.7,-163004.5,-508861.4,-40172.7,12868.6,30163.9,12019.5,0.0,0.0,2657.6,48684.5,0,0
92.8167,8589.635,-996.899,8189.635,1590.999,110.292,-35.243,115.786,0.03,0.714,22,17.73,4.27,0.5346,0.0121,222000,205834.8,-83162.7,-163612.9,-511851.2,-40305.3,12883.6,30154.0,12160.4,0.0,0.0,1916.6,45709.7,0,0
92.9167,8600.665,-1000.419,8200.665,1594.519,110.295,-35.174,115.767,0.019,0.671,22,17.69,4.31,0.5376,0.0122,222000,205834.8,-83162.7,-164175.6,-514639.5,-40429.5,12897.5,30144.2,12292.7,0.0,0.0,1229.7,42935.3,0,0
93.0167,8611.694,-1003.933,8211.694,1598.033,110.296,-35.109,115.749,0.009,0.63,22,17.66,4.34,0.5404,0.0124,222000,205834.8,-83162.7,-164696.3,-517239.9,-40545.7,12910.3,30134.6,12416.9,0.0,0.0,592.8,40347.8,0,0
93.1167,8622.724,-1007.44,8222.724,1601.54,110.296,-35.048,115.731,0.0,0.593,22,17.63,4.37,0.543,0.0125,222000,205834.8,-83162.7,-165178.2,-519665.1,-40654.4,12922.2,30125.2,12533.4,0.0,0.0,2.2,37934.4,0,0
93.2167,8633.754,-1010.941,8233.754,1605.041,110.296,-34.991,115.713,-0.009,0.558,22,17.61,4.39,0.5455,0.0126,222000,205834.8,-83162.7,-165624.3,-521927.0,-40755.9,12933.2,30115.9,12642.9,0.0,0.0,-545.4,35683.6,0,0
93.3167,8644.783,-1014.437,8244.783,1608.537,110.294,-34.937,115.696,-0.016,0.525,22,17.58,4.42,0.5478,0.0127,222000,205834.8,-83162.7,-166037.1,-524036.5,-40850.9,12943.3,30106.8,12745.6,0.0,0.0,-1053.2,33584.1,0,0
93.4167,8655.812,-1017.928,8255.812,1612.028,110.292,-34.887,115.678,-0.024,0.494,22,17.56,4.44,0.5499,0.0128,222000,205834.8,-83162.7,-166419.4,-526004.0,-40939.5,12952.6,30097.8,12841.9,0.0,0.0,-1524.1,31626.0,0,0
93.5167,8666.841,-1021.414,8266.841,1615.514,110.29,-34.839,115.661,-0.031,0.466,22,17.53,4.47,0.5519,0.0129,222000,205834.8,-83162.7,-166773.3,-527839.1,-41022.3,12961.2,30088.9,12932.3,0.0,0.0,-1960.8,29799.4,0,0
93.6167,8677.87,-1024.895,8277.87,1618.995,110.286,-34.794,115.644,-0.037,0.439,22,17.51,4.49,0.5538,0.013,222000,205834.8,-83162.7,-167101.0,-529550.7,-41099.5,12969.1,30080.1,13017.1,0.0,0.0,-2365.7,28095.7,0,0
93.7167,8688.899,-1028.372,8288.899,1622.472,110.282,-34.751,115.628,-0.043,0.414,22,17.49,4.51,0.5556,0.0131,222000,205834.8,-83162.7,-167404.3,-531147.1,-41171.6,12976.3,30071.5,13096.6,0.0,0.0,-2741.1,26506.5,0,0
93.8167,8699.927,-1031.845,8299.927,1625.945,110.277,-34.711,115.611,-0.048,0.391,22,17.48,4.52,0.5572,0.0131,222000,205834.8,-83162.7,-167685.2,-532636.2,-41238.8,12982.8,30062.9,13171.2,0.0,0.0,-3089.2,25023.9,0,0
93.9167,8710.954,-1035.314,8310.954,1629.414,110.272,-34.674,115.595,-0.053,0.369,22,17.46,4.54,0.5588,0.0132,222000,205834.8,-83162.7,-167945.3,-534025.2,-41301.4,12988.8,30054.4,13241.2,0.0,0.0,-3411.8,23640.9,0,0
94.0167,8721.981,-1038.779,8321.981,1632.879,110.267,-34.638,115.579,-0.058,0.349,22,17.44,4.56,0.5603,0.0133,222000,205834.8,-83162.7,-168186.0,-535320.9,-41359.7,12994.3,30046.1,13306.9,0.0,0.0,-3710.9,22350.7,0,0
94.1167,8733.007,-1042.241,8333.007,1636.341,110.261,-34.604,115.563,-0.062,0.33,22,17.43,4.57,0.5616,0.0134,222000,205834.8,-83162.7,-168408.8,-536529.6,-41414.1,12999.3,30037.8,13368.5,0.0,0.0,-3988.0,21147.0,0,0
94.2167,8744.033,-1045.699,8344.033,1639.799,110.254,-34.572,115.547,-0.066,0.313,22,17.41,4.59,0.5629,0.0134,222000,205834.8,-83162.7,-168615.0,-537657.1,-41464.6,13003.8,30029.6,13426.3,0.0,0.0,-4244.8,20024.0,0,0
94.3167,8755.058,-1049.155,8355.058,1643.255,110.247,-34.542,115.532,-0.07,0.297,22,17.4,4.6,0.5641,0.0135,222000,205834.8,-83162.7,-168805.8,-538708.9,-41511.7,13007.8,30021.5,13480.5,0.0,0.0,-4482.7,18976.2,0,0
94.4167,8766.082,-1052.607,8366.082,1646.707,110.24,-34.513,115.516,-0.073,0.281,22,17.39,4.61,0.5653,0.0135,222000,205834.8,-83162.7,-168982.2,-539690.3,-41555.5,13011.4,30013.4,13531.5,0.0,0.0,-4702.9,17998.5,0,0
94.5167,8777.106,-1056.057,8377.106,1650.157,110.233,-34.486,115.501,-0.077,0.267,22,17.37,4.63,0.5663,0.0136,222000,205834.8,-83162.7,-169145.4,-540605.8,-41596.2,13014.7,30005.4,13579.3,0.0,0.0,-4906.8,17086.2,0,0
94.6167,8788.129,-1059.504,8388.129,1653.604,110.225,-34.46,115.486,-0.08,0.254,22,17.36,4.64,0.5674,0.0136,222000,205834.8,-83162.7,-169296.3,-541460.0,-41634.0,13017.5,29997.5,13624.1,0.0,0.0,-5095.5,16234.9,0,0
94.7167,8799.151,-1062.949,8399.151,1657.049,110.217,-34.435,115.471,-0.082,0.241,22,17.35,4.65,0.5683,0.0137,222000,205834.8,-83162.7,-169435.7,-542257.1,-41669.1,13020.1,29989.7,13666.3,0.0,0.0,-5270.0,15440.4,0,0
94.8167,8810.172,-1066.391,8410.172,1660.491,110.208,-34.412,115.456,-0.085,0.23,22,17.34,4.66,0.5692,0.0137,222000,205834.8,-83162.7,-169564.5,-543000.8,-41701.7,13022.3,29981.9,13705.9,0.0,0.0,-5431.4,14698.9,0,0
94.9167,8821.192,-1069.831,8421.192,1663.931,110.2,-34.389,115.441,-0.087,0.219,22,17.33,4.67,0.57,0.0138,222000,205834.8,-83162.7,-169683.4,-543694.8,-41732.0,13024.3,29974.1,13743.1,0.0,0.0,-5580.5,14006.8,0,0
95.0167,8832.212,-1073.268,8432.212,1667.368,110.191,-34.368,115.426,-0.089,0.209,22,17.32,4.68,0.5708,0.0138,222000,205834.8,-83162.7,-169793.1,-544342.4,-41760.1,13025.9,29966.4,13778.0,0.0,0.0,-5718.3,13360.8,0,0
95.1167,8843.23,-1076.704,8443.23,1670.804,110.182,-34.348,115.411,-0.091,0.199,22,17.32,4.68,0.5716,0.0138,222000,205834.8,-83162.7,-169894.2,-544946.9,-41786.1,13027.3,29958.8,13810.9,0.0,0.0,-5845.5,12757.8,0,0
95.2167,8854.248,-1080.138,8454.248,1674.238,110.173,-34.328,115.397,-0.093,0.191,22,17.31,4.69,0.5723,0.0139,222000,205834.8,-83162.7,-169987.5,-545511.0,-41810.1,13028.5,29951.2,13841.8,0.0,0.0,-5962.8,12194.8,0,0
95.3167,8865.264,-1083.569,8465.264,1677.669,110.163,-34.31,115.382,-0.095,0.182,22,17.3,4.7,0.573,0.0139,222000,205834.8,-83162.7,-170073.3,-546037.6,-41832.4,13029.5,29943.7,13870.9,0.0,0.0,-6070.9,11669.2,0,0
95.4167,8876.28,-1086.999,8476.28,1681.099,110.154,-34.292,115.368,-0.096,0.175,22,17.29,4.71,0.5736,0.0139,222000,205834.8,-83162.7,-170152.3,-546529.1,-41853.0,13030.2,29936.2,13898.3,0.0,0.0,-6170.5,11178.5,0,0
95.5167,8887.295,-1090.427,8487.295,1684.527,110.144,-34.275,115.353,-0.098,0.168,22,17.29,4.71,0.5742,0.014,222000,205834.8,-83162.7,-170224.9,-546987.9,-41872.1,13030.8,29928.7,13924.1,0.0,0.0,-6262.2,10720.2,0,0
95.6167,8898.309,-1093.854,8498.309,1687.954,110.134,-34.259,115.339,-0.099,0.161,22,17.28,4.72,0.5748,0.014,222000,205834.8,-83162.7,-170291.6,-547416.3,-41889.6,13031.1,29921.3,13948.4,0.0,0.0,-6346.4,10292.2,0,0
95.7167,8909.322,-1097.279,8509.322,1691.379,110.124,-34.243,115.325,-0.1,0.155,22,17.27,4.73,0.5753,0.014,222000,205834.8,-83162.7,-170352.8,-547816.3,-41905.9,13031.3,29913.9,13971.3,0.0,0.0,-6423.8,9892.4,0,0
95.8167,8920.333,-1100.702,8520.333,1694.802,110.114,-34.228,115.311,-0.101,0.149,22,17.27,4.73,0.5759,0.014,222000,205834.8,-83162.7,-170408.8,-548189.8,-41920.8,13031.4,29906.6,13993.0,0.0,0.0,-6494.8,9519.0,0,0
95.9167,8931.344,-1104.124,8531.344,1698.224,110.104,-34.213,115.297,-0.102,0.143,22,17.26,4.74,0.5763,0.0141,222000,205834.8,-83162.7,-170460.0,-548538.5,-41934.5,13031.3,29899.3,14013.4,0.0,0.0,-6559.8,9170.1,0,0
96.0167,8942.354,-1107.545,8542.354,1701.645,110.093,-34.199,115.283,-0.103,0.138,22,17.26,4.74,0.5768,0.0141,222000,205834.8,-83162.7,-170506.9,-548864.3,-41947.2,13031.1,29892.0,14032.6,0.0,0.0,-6619.2,8844.1,0,0
96.1167,8953.363,-1110.964,8553.363,1705.064,110.083,-34.186,115.269,-0.104,0.133,22,17.25,4.75,0.5773,0.0141,222000,205834.8,-83162.7,-170549.5,-549168.6,-41958.8,13030.7,29884.8,14050.8,0.0,0.0,-6673.5,8539.5,0,0
96.2167,8964.37,-1114.382,8564.37,1708.482,110.072,-34.173,115.255,-0.105,0.129,22,17.25,4.75,0.5777,0.0141,222000,205834.8,-83162.7,-170588.4,-549452.8,-41969.4,13030.2,29877.6,14068.1,0.0,0.0,-6723.0,8254.8,0,0
96.3167,8975.377,-1117.798,8575.377,1711.898,110.062,-34.16,115.241,-0.106,0.125,22,17.24,4.76,0.5781,0.0141,222000,205834.8,-83162.7,-170623.6,-549718.4,-41979.2,13029.6,29870.4,14084.4,0.0,0.0,-6768.0,7988.6,0,0
96.4167,8986.383,-1121.213,8586.383,1715.313,110.051,-34.148,115.227,-0.106,0.121,22,17.24,4.76,0.5785,0.0142,222000,205834.8,-83162.7,-170655.5,-549966.5,-41988.1,13029.0,29863.3,14099.8,0.0,0.0,-6808.8,7739.8,0,0
96.5167,8997.387,-1124.627,8597.387,1718.727,110.041,-34.136,115.214,-0.107,0.117,22,17.24,4.76,0.5788,0.0142,222000,205834.8,-83162.7,-170684.3,-550198.4,-41996.2,13028.2,29856.2,14114.4,0.0,0.0,-6845.7,7507.1,0,0
96.6167,9008.391,-1128.04,8608.391,1722.14,110.03,-34.124,115.2,-0.107,0.114,22,17.23,4.77,0.5792,0.0142,222000,205834.8,-83162.7,-170710.2,-550415.2,-42003.6,13027.3,29849.1,14128.3,0.0,0.0,-6879.0,7289.5,0,0
96.7167,9019.393,-1131.452,8619.393,1725.552,110.019,-34.113,115.186,-0.108,0.111,22,17.23,4.77,0.5795,0.0142,222000,205834.8,-83162.7,-170733.5,-550617.8,-42010.3,13026.4,29842.0,14141.5,0.0,0.0,-6908.9,7085.9,0,0
96.8167,9030.394,-1134.863,8630.394,1728.963,110.008,-34.102,115.173,-0.108,0.108,22,17.22,4.78,0.5799,0.0142,222000,205834.8,-83162.7,-170754.2,-550807.3,-42016.3,13025.4,29835.0,14154.0,0.0,0.0,-6935.7,6895.4,0,0
96.9167,9041.394,-1138.272,8641.394,1732.372,109.997,-34.092,115.159,-0.109,0.105,22,17.22,4.78,0.5802,0.0142,222000,205834.8,-83162.7,-170772.6,-550984.5,-42021.8,13024.3,29828.0,14165.9,0.0,0.0,-6959.6,6717.1,0,0
97.0167,9052.394,-1141.681,8652.394,1735.781,109.987,-34.081,115.146,-0.109,0.102,22,17.22,4.78,0.5805,0.0143,222000,205834.8,-83162.7,-170788.8,-551150.2,-42026.7,13023.1,29821.0,14177.2,0.0,0.0,-6980.7,6550.2,0,0
97.1167,9063.392,-1145.088,8663.392,1739.188,109.976,-34.071,115.132,-0.109,0.1,22,17.21,4.79,0.5808,0.0143,222000,205834.8,-83162.7,-170803.1,-551305.3,-42031.1,13021.9,29814.1,14188.0,0.0,0.0,-6999.3,6393.9,0,0
97.2167,9074.388,-1148.495,8674.388,1742.595,109.965,-34.061,115.119,-0.11,0.098,22,17.21,4.79,0.581,0.0143,222000,205834.8,-83162.7,-170815.4,-551450.4,-42035.0,13020.6,29807.1,14198.3,0.0,0.0,-7015.6,6247.6,0,0
97.3167,9085.384,-1151.901,8685.384,1746.001,109.954,-34.052,115.106,-0.11,0.095,22,17.21,4.79,0.5813,0.0143,222000,205834.8,-83162.7,-170826.0,-551586.2,-42038.5,13019.3,29800.2,14208.1,0.0,0.0,-7029.7,6110.5,0,0
97.4167,9096.379,-1155.305,8696.379,1749.405,109.943,-34.042,115.092,-0.11,0.093,22,17.2,4.8,0.5816,0.0143,222000,205834.8,-83162.7,-170835.0,-551713.3,-42041.5,13017.9,29793.3,14217.5,0.0,0.0,-7041.7,5982.0,0,0
97.5167,9107.373,-1158.709,8707.373,1752.809,109.932,-34.033,115.079,-0.11,0.092,22,17.2,4.8,0.5818,0.0143,222000,205834.8,-83162.7,-170842.4,-551832.3,-42044.2,13016.5,29786.5,14226.5,0.0,0.0,-7051.8,5861.5,0,0
97.6167,9118.365,-1162.112,8718.365,1756.212,109.921,-34.024,115.066,-0.11,0.09,22,17.2,4.8,0.5821,0.0143,222000,205834.8,-83162.7,-170848.5,-551943.8,-42046.5,13015.0,29779.6,14235.1,0.0,0.0,-7060.1,5748.5,0,0
97.7167,9129.357,-1165.513,8729.357,1759.613,109.91,-34.015,115.053,-0.11,0.088,22,17.2,4.8,0.5823,0.0144,222000,205834.8,-83162.7,-170853.2,-552048.3,-42048.4,13013.6,29772.8,14243.4,0.0,0.0,-7066.8,5642.6,0,0
97.8167,9140.347,-1168.914,8740.347,1763.014,109.899,-34.006,115.04,-0.11,0.087,22,17.19,4.81,0.5825,0.0144,222000,205834.8,-83162.7,-170856.7,-552146.2,-42050.1,13012.0,29766.0,14251.3,0.0,0.0,-7072.0,5543.1,0,0
97.9167,9151.336,-1172.315,8751.336,1766.415,109.888,-33.998,115.027,-0.111,0.085,22,17.19,4.81,0.5827,0.0144,222000,205834.8,-83162.7,-170859.1,-552238.0,-42051.4,13010.5,29759.2,14258.9,0.0,0.0,-7075.7,5449.8,0,0
98.0167,9162.324,-1175.714,8762.324,1769.814,109.876,-33.989,115.014,-0.111,0.084,22,17.19,4.81,0.583,0.0144,222000,205834.8,-83162.7,-170860.4,-552324.1,-42052.5,13008.9,29752.5,14266.2,0.0,0.0,-7078.1,5362.1,0,0
98.1167,9173.311,-1179.112,8773.311,1773.212,109.865,-33.981,115.0,-0.111,0.082,22,17.19,4.81,0.5832,0.0144,222000,205834.8,-83162.7,-170860.8,-552404.9,-42053.3,13007.2,29745.7,14273.3,0.0,0.0,-7079.3,5279.7,0,0
98.2167,9184.297,-1182.51,8784.297,1776.61,109.854,-33.973,114.988,-0.111,0.081,22,17.18,4.82,0.5834,0.0144,222000,205834.8,-83162.7,-170860.2,-552480.7,-42053.9,13005.6,29739.0,14280.1,0.0,0.0,-7079.3,5202.2,0,0
98.3167,9195.282,-1185.907,8795.282,1780.007,109.843,-33.965,114.975,-0.111,0.08,22,17.18,4.82,0.5836,0.0144,222000,205834.8,-83162.7,-170858.8,-552551.9,-42054.3,13003.9,29732.3,14286.6,0.0,0.0,-7078.2,5129.3,0,0
98.4167,9206.266,-1189.303,8806.266,1783.403,109.832,-33.957,114.962,-0.111,0.079,22,17.18,4.82,0.5838,0.0144,222000,205834.8,-83162.7,-170856.5,-552618.8,-42054.4,13002.2,29725.6,14293.0,0.0,0.0,-7076.2,5060.8,0,0
98.5167,9217.248,-1192.698,8817.248,1786.798,109.821,-33.949,114.949,-0.111,0.078,22,17.18,4.82,0.584,0.0144,222000,205834.8,-83162.7,-170853.6,-552681.6,-42054.4,13000.5,29719.0,14299.1,0.0,0.0,-7073.2,4996.2,0,0
98.6167,9228.23,-1196.092,8828.23,1790.192,109.81,-33.941,114.936,-0.11,0.077,22,17.18,4.82,0.5841,0.0144,222000,205834.8,-83162.7,-170849.9,-552740.7,-42054.2,12998.8,29712.3,14305.0,0.0,0.0,-7069.3,4935.4,0,0
98.7167,9239.21,-1199.486,8839.21,1793.586,109.799,-33.933,114.923,-0.11,0.076,22,17.17,4.83,0.5843,0.0145,222000,205834.8,-83162.7,-170845.7,-552796.3,-42053.8,12997.0,29705.7,14310.8,0.0,0.0,-7064.7,4878.1,0,0
98.8167,9250.189,-1202.879,8850.189,1796.979,109.788,-33.926,114.91,-0.11,0.075,22,17.17,4.83,0.5845,0.0145,222000,205834.8,-83162.7,-170840.8,-552848.6,-42053.3,12995.3,29699.1,14316.4,0.0,0.0,-7059.3,4824.0,0,0
98.9167,9261.167,-1206.271,8861.167,1800.371,109.777,-33.918,114.898,-0.11,0.075,22,17.17,4.83,0.5847,0.0145,222000,205834.8,-83162.7,-170835.4,-552897.8,-42052.6,12993.5,29692.5,14321.8,0.0,0.0,-7053.2,4773.0,0,0
99.0167,9272.144,-1209.663,8872.144,1803.763,109.766,-33.911,114.885,-0.11,0.074,22,17.17,4.83,0.5849,0.0145,222000,205834.8,-83162.7,-170829.5,-552944.2,-42051.8,12991.7,29685.9,14327.1,0.0,0.0,-7046.5,4724.8,0,0
99.1167,9283.12,-1213.053,8883.12,1807.153,109.755,-33.904,114.872,-0.11,0.073,22,17.17,4.83,0.585,0.0145,222000,205834.8,-83162.7,-170823.1,-552988.0,-42050.9,12989.9,29679.4,14332.2,0.0,0.0,-7039.2,4679.3,0,0
99.2167,9294.095,-1216.443,8894.095,1810.543,109.744,-33.896,114.86,-0.11,0.072,22,17.16,4.84,0.5852,0.0145,222000,205834.8,-83162.7,-170816.2,-553029.2,-42049.9,12988.1,29672.8,14337.2,0.0,0.0,-7031.3,4636.2,0,0
99.3167,9305.069,-1219.832,8905.069,1813.932,109.733,-33.889,114.847,-0.11,0.072,22,17.16,4.84,0.5854,0.0145,222000,205834.8,-83162.7,-170809.0,-553068.2,-42048.7,12986.3,29666.3,14342.1,0.0,0.0,-7022.9,4595.4,0,0
99.4167,9316.042,-1223.221,8916.042,1817.321,109.722,-33.882,114.834,-0.11,0.071,22,17.16,4.84,0.5855,0.0145,222000,205834.8,-83162.7,-170801.4,-553105.0,-42047.5,12984.5,29659.8,14346.9,0.0,0.0,-7014.0,4556.8,0,0
99.5167,9327.013,-1226.609,8927.013,1820.709,109.711,-33.875,114.822,-0.109,0.071,22,17.16,4.84,0.5857,0.0145,222000,205834.8,-83162.7,-170793.4,-553139.8,-42046.2,12982.6,29653.3,14351.6,0.0,0.0,-7004.7,4520.2,0,0
99.6167,9337.984,-1229.996,8937.984,1824.096,109.7,-33.868,114.809,-0.109,0.07,22,17.16,4.84,0.5858,0.0145,222000,205834.8,-83162.7,-170785.1,-553172.7,-42044.7,12980.8,29646.8,14356.1,0.0,0.0,-6995.0,4485.4,0,0
99.7167,9348.953,-1233.382,8948.953,1827.482,109.689,-33.861,114.797,-0.109,0.07,22,17.16,4.84,0.586,0.0145,222000,205834.8,-83162.7,-170776.5,-553203.9,-42043.2,12978.9,29640.4,14360.6,0.0,0.0,-6984.9,4452.4,0,0
99.8167,9359.921,-1236.768,8959.921,1830.868,109.678,-33.854,114.784,-0.109,0.069,22,17.15,4.85,0.5861,0.0145,222000,205834.8,-83162.7,-170767.6,-553233.4,-42041.7,12977.1,29634.0,14365.0,0.0,0.0,-6974.4,4421.0,0,0
99.9167,9370.889,-1240.153,8970.889,1834.253,109.667,-33.847,114.772,-0.109,0.069,22,17.15,4.85,0.5863,0.0145,222000,205834.8,-83162.7,-170758.4,-553261.4,-42040.0,12975.2,29627.5,14369.3,0.0,0.0,-6963.6,4391.2,0,0
100.0167,9381.855,-1243.537,8981.855,1837.637,109.657,-33.84,114.759,-0.109,0.068,22,17.15,4.85,0.5864,0.0146,222000,205834.8,-83162.7,-170749.0,-553288.0,-42038.3,12973.4,29621.1,14373.5,0.0,0.0,-6952.6,4362.7,0,0
100.1167,9392.82,-1246.921,8992.82,1841.021,109.646,-33.834,114.747,-0.108,0.068,22,17.15,4.85,0.5866,0.0146,222000,205834.8,-83162.7,-170739.4,-553313.2,-42036.6,12971.5,29614.7,14377.7,0.0,0.0,-6941.2,4335.6,0,0
100.2167,9403.784,-1250.304,9003.784,1844.404,109.635,-33.827,114.735,-0.108,0.067,22,17.15,4.85,0.5867,0.0146,222000,205834.8,-83162.7,-170729.6,-553337.2,-42034.8,12969.6,29608.4,14381.8,0.0,0.0,-6929.5,4309.8,0,0
100.3167,9414.747,-1253.686,9014.747,1847.786,109.624,-33.82,114.722,-0.108,0.067,22,17.15,4.85,0.5869,0.0146,222000,205834.8,-83162.7,-170719.6,-553360.0,-42032.9,12967.8,29602.0,14385.8,0.0,0.0,-6917.7,4285.1,0,0
100.4167,9425.708,-1257.068,9025.708,1851.168,109.613,-33.813,114.71,-0.108,0.067,22,17.14,4.86,0.587,0.0146,222000,205834.8,-83162.7,-170709.4,-553381.8,-42031.0,12965.9,29595.7,14389.8,0.0,0.0,-6905.6,4261.4,0,0
100.5167,9436.669,-1260.449,9036.669,1854.549,109.603,-33.807,114.698,-0.108,0.066,22,17.14,4.86,0.5872,0.0146,222000,205834.8,-83162.7,-170699.1,-553402.5,-42029.0,12964.0,29589.3,14393.7,0.0,0.0,-6893.3,4238.8,0,0
100.6167,9447.629,-1263.829,9047.629,1857.929,109.592,-33.8,114.686,-0.108,0.066,22,17.14,4.86,0.5873,0.0146,222000,205834.8,-83162.7,-170688.6,-553422.4,-42027.0,12962.1,29583.0,14397.5,0.0,0.0,-6880.8,4217.1,0,0
100.7167,9458.587,-1267.209,9058.587,1861.309,109.581,-33.794,114.673,-0.107,0.066,22,17.14,4.86,0.5875,0.0146,222000,205834.8,-83162.7,-170677.9,-553441.3,-42025.0,12960.3,29576.7,14401.3,0.0,0.0,-6868.1,4196.3,0,0
100.8167,9469.545,-1270.587,9069.545,1864.687,109.57,-33.787,114.661,-0.107,0.065,22,17.14,4.86,0.5876,0.0146,222000,205834.8,-83162.7,-170667.2,-553459.4,-42023.0,12958.4,29570.4,14405.1,0.0,0.0,-6855.3,4176.3,0,0
100.9167,9480.501,-1273.966,9080.501,1868.066,109.56,-33.781,114.649,-0.107,0.065,22,17.14,4.86,0.5877,0.0146,222000,205834.8,-83162.7,-170656.3,-553476.7,-42020.9,12956.5,29564.2,14408.8,0.0,0.0,-6842.3,4157.1,0,0
101.0167,9491.458,-1277.34,9091.458,1871.44,109.597,-33.639,114.643,1.321,4.111,19,17.1,1.9,0.3211,0.0044,222000,209905.1,-72276.1,-93025.3,-302405.2,-32363.3,9955.5,29559.6,4300.3,0.0,0.0,84516.5,263114.2,0,0
101.1167,9502.432,-1280.659,9102.432,1874.759,109.875,-32.771,114.658,3.731,11.883,13,16.71,-3.71,-0.184,0.0014,222000,216310.2,-49939.1,52150.1,173700.3,-29670.4,8908.0,29566.1,1412.7,0.0,0.0,238789.8,760509.1,0,0
101.2167,9513.44,-1283.869,9113.44,1877.969,110.233,-31.63,114.681,3.479,11.079,13,16.11,-3.11,-0.1296,0.0007,222000,216310.2,-49939.1,35453.2,122775.3,-29089.8,8400.1,29577.2,701.1,0.0,0.0,222673.6,709076.3,0,0
101.3167,9524.483,-1286.97,9124.483,1881.07,110.568,-30.566,114.715,3.256,10.327,13,15.54,-2.54,-0.0789,0.0003,222000,216310.2,-49939.1,20861.3,75002.0,-28762.0,7999.9,29593.8,260.1,0.0,0.0,208409.5,660902.8,0,0
101.4167,9535.559,-1289.968,9135.559,1884.068,110.881,-29.575,114.758,3.059,9.622,13,15.02,-2.02,-0.0317,0.0,222000,216310.2,-49939.1,8103.2,30202.4,-28644.1,7685.2,29615.3,41.9,0.0,0.0,195769.2,615788.4,0,0
101.5167,9546.664,-1292.871,9146.664,1886.971,111.177,-28.652,114.81,2.884,8.962,13,14.53,-1.53,0.0123,0.0,222000,216310.2,-49939.1,-3056.7,-11794.3,-28699.4,7438.0,29641.2,6.4,0.0,0.0,184554.0,573544.6,0,0
101.6167,9557.798,-1295.685,9157.798,1889.785,111.456,-27.792,114.869,2.728,8.344,13,14.07,-1.07,0.0533,0.0001,222000,216310.2,-49939.1,-12823.9,-51151.2,-28896.0,7244.4,29671.2,119.0,0.0,0.0,174590.3,533994.0,0,0
101.7167,9568.959,-1298.417,9168.959,1892.517,111.721,-26.992,114.935,2.589,7.765,13,13.65,-0.65,0.0915,0.0004,222000,216310.2,-49939.1,-21376.9,-88024.1,-29206.7,7092.9,29704.8,350.8,0.0,0.0,165726.6,496969.7,0,0
101.8167,9580.146,-1301.073,9180.146,1895.173,111.972,-26.247,115.007,2.466,7.224,13,13.26,-0.26,0.127,0.0007,222000,216310.2,-49939.1,-28871.6,-122560.9,-29608.3,6974.8,29741.8,676.9,0.0,0.0,157830.3,462314.7,0,0
101.9167,9591.358,-1303.657,9191.358,1897.757,112.212,-25.555,115.085,2.356,6.717,13,12.89,0.11,0.1601,0.0011,222000,216310.2,-49939.1,-35443.5,-154902.2,-30080.9,6882.9,29781.7,1076.7,0.0,0.0,150785.7,429881.6,0,0
102.0167,9602.592,-1306.174,9202.592,1900.274,112.442,-24.911,115.169,2.258,6.243,13,12.55,0.45,0.1908,0.0015,222000,216310.2,-49939.1,-41210.8,-185180.8,-30607.9,6811.6,29824.3,1532.4,0.0,0.0,144491.5,399531.6,0,0
102.1167,9613.849,-1308.63,9213.849,1902.73,112.663,-24.313,115.256,2.17,5.799,13,12.23,0.77,0.2194,0.002,222000,216310.2,-49939.1,-46276.4,-213522.8,-31174.9,6756.5,29869.3,2029.3,0.0,0.0,138858.8,371134.5,0,0
102.2167,9625.128,-1311.029,9225.128,1905.129,112.875,-23.757,115.348,2.091,5.384,13,11.93,1.07,0.246,0.0026,222000,216310.2,-49939.1,-50730.1,-240046.9,-31770.0,6714.1,29916.6,2555.1,0.0,0.0,133810.0,344568.1,0,0
102.3167,9636.428,-1313.374,9236.428,1907.474,113.08,-23.242,115.444,2.02,4.996,13,11.66,1.34,0.2708,0.0031,222000,216310.2,-49939.1,-54650.0,-264865.3,-32383.2,6681.7,29965.9,3099.4,0.0,0.0,129276.9,319717.2,0,0
102.4167,9647.747,-1315.67,9247.747,1909.77,113.278,-22.764,115.543,1.956,4.632,13,11.4,1.6,0.2937,0.0037,222000,216310.2,-49939.1,-58104.3,-288083.8,-33006.2,6657.1,30017.1,3653.8,0.0,0.0,125199.7,296474.1,0,0
102.5167,9659.086,-1317.92,9259.086,1912.02,113.47,-22.32,115.645,1.899,4.293,13,11.17,1.83,0.315,0.0042,222000,216310.2,-49939.1,-61152.3,-309802.0,-33632.0,6638.7,30069.9,4211.1,0.0,0.0,121525.8,274737.5,0,0
102.6167,9670.444,-1320.128,9270.444,1914.228,113.657,-21.91,115.75,1.847,3.975,13,10.95,2.05,0.3348,0.0047,222000,216310.2,-49939.1,-63845.8,-330113.7,-34255.0,6625.1,30124.2,4765.6,0.0,0.0,118209.3,254412.3,0,0
102.7167,9681.821,-1322.297,9281.821,1916.397,113.839,-21.53,115.857,1.8,3.678,13,10.74,2.26,0.3532,0.0053,222000,216310.2,-49939.1,-66229.9,-349107.1,-34870.6,6615.4,30180.0,5312.6,0.0,0.0,115209.6,235409.2,0,0
102.8167,9693.215,-1324.429,9293.215,1918.529,114.017,-21.178,115.967,1.758,3.401,13,10.55,2.45,0.3703,0.0058,222000,216310.2,-49939.1,-68343.9,-366865.1,-35475.2,6608.7,30237.0,5848.5,0.0,0.0,112491.1,217644.5,0,0
102.9167,9704.627,-1326.527,9304.627,1920.627,114.19,-20.853,116.079,1.719,3.141,13,10.38,2.62,0.386,0.0063,222000,216310.2,-49939.1,-70222.0,-383465.8,-36065.7,6604.5,30295.1,6370.3,0.0,0.0,110022.5,201039.6,0,0
103.0167,9716.056,-1328.595,9316.056,1922.695,114.36,-20.554,116.192,1.684,2.899,13,10.21,2.79,0.4007,0.0068,222000,216310.2,-49939.1,-71894.1,-398982.2,-36640.0,6602.3,30354.4,6875.7,0.0,0.0,107776.1,185520.9,0,0
103.1167,9727.502,-1330.634,9327.502,1924.734,114.526,-20.277,116.308,1.652,2.672,13,10.06,2.94,0.4142,0.0073,222000,216310.2,-49939.1,-73386.1,-413483.4,-37196.3,6601.7,30414.5,7363.1,0.0,0.0,105727.8,171019.2,0,0
103.2167,9738.964,-1332.647,9338.964,1926.747,114.69,-20.022,116.425,1.623,2.46,13,9.92,3.08,0.4268,0.0077,222000,216310.2,-49939.1,-74720.8,-427033.7,-37733.4,6602.5,30475.6,7831.1,0.0,0.0,103856.0,157469.6,0,0
103.3167,9750.442,-1334.635,9350.442,1928.735,114.851,-19.788,116.543,1.596,2.263,13,9.8,3.2,0.4383,0.0081,222000,216310.2,-49939.1,-75917.8,-439693.8,-38250.5,6604.4,30537.4,8279.0,0.0,0.0,102141.8,144811.4,0,0
103.4167,9761.936,-1336.601,9361.936,1930.701,115.009,-19.572,116.662,1.571,2.078,13,9.68,3.32,0.4491,0.0085,222000,216310.2,-49939.1,-76994.5,-451520.6,-38747.0,6607.2,30600.0,8706.3,0.0,0.0,100568.7,132987.5,0,0
103.5167,9773.446,-1338.547,9373.446,1932.647,115.165,-19.375,116.783,1.549,1.905,13,9.57,3.43,0.4589,0.0089,222000,216310.2,-49939.1,-77965.7,-462567.5,-39222.8,6611.0,30663.2,9112.8,0.0,0.0,99121.7,121944.4,0,0
103.6167,9784.972,-1340.474,9384.972,1934.574,115.318,-19.194,116.905,1.528,1.744,13,9.47,3.53,0.4681,0.0093,222000,216310.2,-49939.1,-78844.5,-472884.3,-39677.8,6615.5,30727.1,9498.4,0.0,0.0,97787.9,111632.1,0,0
103.7167,9796.513,-1342.383,9396.513,1936.483,115.47,-19.028,117.027,1.509,1.594,13,9.37,3.63,0.4765,0.0096,222000,216310.2,-49939.1,-79642.3,-482518.1,-40112.1,6620.7,30791.5,9863.3,0.0,0.0,96555.7,102003.5,0,0
103.8167,9808.068,-1344.277,9408.068,1938.377,115.62,-18.877,117.151,1.491,1.453,13,9.29,3.71,0.4842,0.0099,222000,216310.2,-49939.1,-80369.1,-491512.7,-40526.1,6626.6,30856.4,10207.9,0.0,0.0,95414.9,93014.7,0,0
103.9167,9819.639,-1346.157,9419.639,1940.257,115.768,-18.74,117.275,1.474,1.322,13,9.21,3.79,0.4913,0.0102,222000,216310.2,-49939.1,-81033.5,-499909.5,-40920.3,6633.0,30921.8,10532.6,0.0,0.0,94356.4,84624.4,0,0
104.0167,9831.224,-1348.023,9431.224,1942.123,115.914,-18.615,117.399,1.459,1.2,13,9.13,3.87,0.4979,0.0105,222000,216310.2,-49939.1,-81643.0,-507747.1,-41295.1,6640.0,30987.5,10838.0,0.0,0.0,93372.1,76793.8,0,0
104.1167,9842.824,-1349.878,9442.824,1943.978,116.059,-18.501,117.525,1.445,1.086,13,9.07,3.93,0.5039,0.0107,222000,216310.2,-49939.1,-82204.2,-515061.5,-41651.1,6647.6,31053.7,11124.5,0.0,0.0,92454.8,69486.9,0,0
104.2167,9854.439,-1351.72,9454.439,1945.82,116.218,-18.325,117.654,2.013,3.945,11,8.99,2.01,0.3305,0.0046,222000,217921.2,-42359.6,-53599.4,-338622.1,-35475.1,5615.2,31120.7,4796.0,0.0,0.0,128846.7,252473.5,0,0
104.3167,9866.076,-1353.509,9466.076,1947.609,116.493,-17.508,117.801,2.952,9.402,7,8.63,-1.63,0.0036,0.0,222000,220345.2,-27055.0,-568.7,-3748.8,-30845.2,4679.3,31197.5,0.6,0.0,0.0,188931.4,601715.5,0,0
104.4167,9877.742,-1355.207,9477.742,1949.307,116.782,-16.607,117.957,2.854,8.732,7,8.17,-1.17,0.045,0.0001,222000,220345.2,-27055.0,-6661.8,-46419.8,-31050.7,4456.2,31279.5,89.3,0.0,0.0,182632.7,558821.4,0,0
104.5167,9889.437,-1356.819,9489.437,1950.919,117.062,-15.771,118.12,2.769,8.105,7,7.74,-0.74,0.0833,0.0003,222000,220345.2,-27055.0,-11733.8,-86321.3,-31384.1,4266.1,31365.5,307.2,0.0,0.0,177227.4,518729.8,0,0
104.6167,9901.159,-1358.35,9501.159,1952.45,117.335,-14.995,118.289,2.697,7.52,7,7.35,-0.35,0.1189,0.0006,222000,220345.2,-27055.0,-15937.1,-123625.3,-31818.8,4101.9,31454.9,627.2,0.0,0.0,172589.3,481261.6,0,0
104.7167,9912.908,-1359.807,9512.908,1953.907,117.601,-14.275,118.464,2.635,6.973,7,6.98,0.02,0.1518,0.001,222000,220345.2,-27055.0,-19403.1,-158493.8,-32332.5,3958.2,31547.6,1026.3,0.0,0.0,168609.7,446249.4,0,0
104.8167,9924.683,-1361.195,9524.683,1955.295,117.861,-13.608,118.644,2.581,6.462,7,6.64,0.36,0.1824,0.0014,222000,220345.2,-27055.0,-22244.6,-191079.6,-32905.9,3830.8,31643.1,1485.1,0.0,0.0,165194.7,413536.1,0,0
104.9167,9936.484,-1362.52,9536.484,1956.62,118.117,-12.99,118.829,2.535,5.984,7,6.33,0.67,0.2107,0.0019,222000,220345.2,-27055.0,-24558.7,-221526.6,-33523.3,3716.4,31741.3,1987.4,0.0,0.0,162263.3,382974.8,0,0
105.0167,9948.311,-1363.785,9548.311,1957.885,118.368,-12.418,119.017,2.496,5.538,7,6.04,0.96,0.2368,0.0024,222000,220345.2,-27055.0,-26428.6,-249970.2,-34171.1,3612.8,31841.8,2519.8,0.0,0.0,159745.6,354427.7,0,0
105.1167,9960.162,-1364.995,9560.162,1959.095,118.615,-11.889,119.21,2.462,5.121,7,5.77,1.23,0.261,0.0029,222000,220345.2,-27055.0,-27925.7,-276537.4,-34838.2,3518.1,31944.5,3070.9,0.0,0.0,157581.3,327765.7,0,0
105.2167,9972.038,-1366.155,9572.038,1960.255,118.86,-11.399,119.405,2.433,4.732,7,5.52,1.48,0.2834,0.0034,222000,220345.2,-27055.0,-29111.2,-301347.8,-35515.5,3430.9,32049.1,3631.7,0.0,0.0,155718.5,302868.1,0,0
105.3167,9983.938,-1367.269,9583.938,1961.369,119.102,-10.948,119.604,2.408,4.369,7,5.29,1.71,0.3041,0.0039,222000,220345.2,-27055.0,-30037.3,-324513.7,-36195.2,3350.3,32155.6,4194.4,0.0,0.0,154112.7,279621.6,0,0
105.4167,9995.862,-1368.339,9595.862,1962.439,119.341,-10.531,119.805,2.386,4.03,7,5.08,1.92,0.3231,0.0044,222000,220345.2,-27055.0,-30748.6,-346140.4,-36871.3,3275.4,32263.6,4752.9,0.0,0.0,152725.3,257920.0,0,0
105.5167,10007.81,-1369.369,9607.81,1963.469,119.579,-10.146,120.008,2.368,3.713,7,4.88,2.12,0.3407,0.0049,222000,220345.2,-27055.0,-31283.0,-366326.7,-37538.8,3205.7,32373.1,5302.3,0.0,0.0,151523.5,237664.0,0,0
105.6167,10019.782,-1370.363,9619.782,1964.463,119.814,-9.792,120.214,2.351,3.418,7,4.7,2.3,0.3569,0.0054,222000,220345.2,-27055.0,-31672.9,-385165.4,-38193.6,3140.7,32484.0,5838.6,0.0,0.0,150478.7,218760.4,0,0
105.7167,10031.777,-1371.323,9631.777,1965.423,120.049,-9.467,120.421,2.337,3.143,7,4.54,2.46,0.3718,0.0059,222000,220345.2,-27055.0,-31945.6,-402743.3,-38832.8,3080.2,32596.1,6358.7,0.0,0.0,149566.8,201121.9,0,0
105.8167,10043.795,-1372.252,9643.795,1966.352,120.282,-9.168,120.631,2.324,2.885,7,4.38,2.62,0.3856,0.0063,222000,220345.2,-27055.0,-32124.3,-419142.1,-39454.0,3023.9,32709.3,6860.4,0.0,0.0,148766.9,184666.8,0,0
105.9167,10055.837,-1373.153,9655.837,1967.253,120.513,-8.893,120.841,2.313,2.646,7,4.24,2.76,0.3982,0.0067,222000,220345.2,-27055.0,-32228.6,-434438.1,-40055.3,2971.5,32823.5,7341.9,0.0,0.0,148061.3,169318.4,0,0
106.0167,10067.902,-1374.027,9667.902,1968.127,120.744,-8.642,121.053,2.304,2.422,7,4.11,2.89,0.4097,0.0071,222000,220345.2,-27055.0,-32274.8,-448703.0,-40635.7,2922.9,32938.7,7802.0,0.0,0.0,147434.8,155004.9,0,0
106.1167,10079.99,-1374.878,9679.99,1968.978,120.974,-8.412,121.266,2.295,2.213,7,4.0,3.0,0.4203,0.0075,222000,220345.2,-27055.0,-32276.7,-462003.8,-41194.3,2877.9,33054.7,8240.0,0.0,0.0,146874.3,141659.2,0,0
106.2167,10092.1,-1375.707,9692.1,1969.807,121.203,-8.202,121.48,2.287,2.019,7,3.89,3.11,0.43,0.0078,222000,220345.2,-27055.0,-32245.8,-474403.3,-41730.6,2836.5,33171.5,8655.4,0.0,0.0,146368.9,129218.1,0,0
106.3167,10104.234,-1376.516,9704.234,1970.616,121.431,-8.011,121.695,2.28,1.838,7,3.79,3.21,0.4389,0.0082,222000,220345.2,-27055.0,-32191.6,-485960.6,-42244.5,2798.4,33289.0,9048.1,0.0,0.0,145909.2,117622.8,0,0
106.4167,10116.39,-1377.306,9716.39,1971.406,121.659,-7.837,121.911,2.273,1.669,7,3.7,3.3,0.447,0.0085,222000,220345.2,-27055.0,-32121.9,-496730.7,-42736.1,2763.6,33407.1,9418.2,0.0,0.0,145487.3,106818.0,0,0
106.5167,10128.569,-1378.081,9728.569,1972.181,121.886,-7.679,122.128,2.267,1.512,7,3.62,3.38,0.4544,0.0087,222000,220345.2,-27055.0,-32043.2,-506765.2,-43205.6,2731.9,33525.8,9766.1,0.0,0.0,145096.4,96751.8,0,0
106.6167,10140.771,-1378.84,9740.771,1972.94,122.112,-7.537,122.345,2.261,1.365,7,3.54,3.46,0.4611,0.009,222000,220345.2,-27055.0,-31960.7,-516112.5,-43653.6,2703.3,33645.1,10092.1,0.0,0.0,144730.9,87375.8,0,0
106.7167,10152.996,-1379.586,9752.996,1973.686,122.338,-7.408,122.562,2.256,1.229,7,3.48,3.52,0.4672,0.0092,222000,220345.2,-27055.0,-31878.7,-524817.9,-44080.5,2677.6,33764.8,10396.9,0.0,0.0,144386.0,78644.7,0,0
106.8167,10165.243,-1380.32,9765.243,1974.42,122.563,-7.293,122.78,2.251,1.102,7,3.41,3.59,0.4727,0.0095,222000,220345.2,-27055.0,-31800.4,-532923.7,-44487.1,2654.6,33885.1,10681.2,0.0,0.0,144057.8,70515.9,0,0
106.9167,10177.512,-1381.043,9777.512,1975.143,122.788,-7.19,122.999,2.246,0.984,7,3.36,3.64,0.4776,0.0097,222000,220345.2,-27055.0,-31728.4,-540469.7,-44874.0,2634.3,34005.7,10945.6,0.0,0.0,143742.8,62949.7,0,0
107.0167,10189.804,-1381.757,9789.804,1975.857,123.013,-7.098,123.217,2.241,0.874,7,3.31,3.69,0.4821,0.0098,222000,220345.2,-27055.0,-31664.9,-547492.8,-45242.0,2616.6,34126.7,11190.9,0.0,0.0,143438.4,55908.8,0,0
107.1167,10202.118,-1382.462,9802.118,1976.562,123.236,-7.017,123.436,2.237,0.771,7,3.27,3.73,0.4861,0.01,222000,220345.2,-27055.0,-31611.2,-554027.9,-45591.9,2601.3,34248.0,11418.1,0.0,0.0,143142.1,49358.5,0,0
107.2167,10214.455,-1383.159,9814.455,1977.259,123.46,-6.945,123.655,2.232,0.676,7,3.23,3.77,0.4897,0.0101,222000,220345.2,-27055.0,-31568.4,-560107.4,-45924.6,2588.4,34369.7,11627.8,0.0,0.0,142852.2,43266.0,0,0
107.3167,10226.814,-1383.85,9826.814,1977.95,123.683,-6.883,123.874,2.228,0.588,7,3.19,3.81,0.4929,0.0103,222000,220345.2,-27055.0,-31537.4,-565761.7,-46240.8,2577.6,34491.6,11821.0,0.0,0.0,142567.0,37600.9,0,0
107.4167,10239.195,-1384.535,9839.195,1978.635,123.905,-6.829,124.093,2.223,0.505,7,3.16,3.84,0.4957,0.0104,222000,220345.2,-27055.0,-31518.5,-571019.2,-46541.5,2568.9,34613.8,11998.5,0.0,0.0,142285.3,32334.7,0,0
107.5167,10251.599,-1385.215,9851.599,1979.315,124.127,-6.783,124.312,2.219,0.429,7,3.13,3.87,0.4981,0.0105,222000,220345.2,-27055.0,-31511.9,-575906.6,-46827.3,2562.2,34736.2,12161.1,0.0,0.0,142006.1,27440.6,0,0
107.6167,10264.024,-1385.891,9864.024,1979.991,124.349,-6.744,124.532,2.215,0.358,7,3.11,3.89,0.5003,0.0106,222000,220345.2,-27055.0,-31517.6,-580448.7,-47099.2,2557.4,34858.9,12309.7,0.0,0.0,141728.5,22893.8,0,0
107.7167,10276.472,-1386.564,9876.472,1980.664,124.57,-6.712,124.751,2.21,0.292,7,3.09,3.91,0.5021,0.0107,222000,220345.2,-27055.0,-31535.4,-584668.6,-47357.9,2554.4,34981.7,12445.0,0.0,0.0,141452.0,18670.7,0,0
107.8167,10288.942,-1387.233,9888.942,1981.333,124.791,-6.687,124.97,2.206,0.23,7,3.07,3.93,0.5037,0.0107,222000,220345.2,-27055.0,-31565.2,-588588.3,-47604.1,2552.9,35104.7,12567.8,0.0,0.0,141175.9,14749.7,0,0
107.9167,10301.434,-1387.901,9901.434,1982.001,125.011,-6.667,125.189,2.202,0.174,7,3.05,3.95,0.5051,0.0108,222000,220345.2,-27055.0,-31606.6,-592227.8,-47838.7,2553.1,35227.9,12678.8,0.0,0.0,140900.0,11110.3,0,0
108.0167,10313.948,-1388.567,9913.948,1982.667,125.231,-6.653,125.408,2.197,0.121,7,3.04,3.96,0.5062,0.0108,222000,220345.2,-27055.0,-31659.1,-595606.3,-48062.3,2554.7,35351.2,12778.9,0.0,0.0,140623.9,7733.4,0,0
108.1167,10326.484,-1389.231,9926.484,1983.331,125.451,-6.643,125.626,2.193,0.072,7,3.03,3.97,0.507,0.0109,222000,220345.2,-27055.0,-31722.2,-598741.5,-48275.6,2557.7,35474.7,12868.6,0.0,0.0,140347.5,4601.2,0,0
108.2167,10339.042,-1389.895,9939.042,1983.995,125.67,-6.639,125.845,2.189,0.027,7,3.03,3.97,0.5077,0.0109,222000,220345.2,-27055.0,-31795.4,-601649.9,-48479.2,2562.0,35598.2,12948.6,0.0,0.0,140070.6,1697.1,0,0
108.3167,10351.621,-1390.559,9951.621,1984.659,125.888,-6.639,126.063,2.184,-0.016,7,3.02,3.98,0.5082,0.0109,222000,220345.2,-27055.0,-31878.3,-604347.0,-48673.9,2567.5,35721.9,13019.6,0.0,0.0,139793.1,-994.5,0,0
108.4167,10364.223,-1391.223,9964.223,1985.323,126.106,-6.643,126.281,2.18,-0.055,7,3.02,3.98,0.5086,0.0109,222000,220345.2,-27055.0,-31970.2,-606847.2,-48860.1,2574.1,35845.7,13082.2,0.0,0.0,139515.0,-3488.1,0,0
108.5167,10376.846,-1391.888,9976.846,1985.988,126.324,-6.65,126.499,2.176,-0.091,7,3.01,3.99,0.5088,0.011,222000,220345.2,-27055.0,-32070.5,-609164.1,-49038.4,2581.7,35969.5,13136.8,0.0,0.0,139236.3,-5797.4,0,0
108.6167,10389.491,-1392.554,9989.491,1986.654,126.541,-6.661,126.717,2.171,-0.124,7,3.01,3.99,0.5088,0.011,222000,220345.2,-27055.0,-32178.8,-611310.3,-49209.4,2590.3,36093.4,13184.1,0.0,0.0,138957.0,-7934.9,0,0
108.7167,10402.158,-1393.221,10002.158,1987.321,126.758,-6.675,126.934,2.167,-0.155,7,3.01,3.99,0.5087,0.011,222000,220345.2,-27055.0,-32294.5,-613297.4,-49373.5,2599.9,36217.4,13224.6,0.0,0.0,138677.2,-9912.6,0,0
108.8167,10414.847,-1393.889,10014.847,1987.989,126.975,-6.693,127.151,2.162,-0.183,7,3.02,3.98,0.5085,0.0109,222000,220345.2,-27055.0,-32417.0,-615136.6,-49531.3,2610.2,36341.4,13258.7,0.0,0.0,138396.9,-11741.3,0,0
108.9167,10427.557,-1394.559,10027.557,1988.659,127.191,-6.712,127.368,2.158,-0.21,7,3.02,3.98,0.5082,0.0109,222000,220345.2,-27055.0,-32545.8,-616838.0,-49683.2,2621.4,36465.4,13286.8,0.0,0.0,138116.2,-13431.6,0,0
109.0167,10440.288,-1395.232,10040.288,1989.332,127.406,-6.735,127.584,2.154,-0.234,7,3.03,3.97,0.5077,0.0109,222000,220345.2,-27055.0,-32680.5,-618411.2,-49829.5,2633.3,36589.5,13309.5,0.0,0.0,137835.2,-14992.9,0,0
109.1167,10453.042,-1395.907,10053.042,1990.007,127.621,-6.76,127.8,2.149,-0.257,7,3.03,3.97,0.5072,0.0109,222000,220345.2,-27055.0,-32820.6,-619865.1,-49970.8,2645.8,36713.7,13327.1,0.0,0.0,137553.9,-16434.3,0,0
109.2167,10465.816,-1396.584,10065.816,1990.684,127.836,-6.787,128.016,2.145,-0.278,7,3.04,3.96,0.5066,0.0109,222000,220345.2,-27055.0,-32965.5,-621208.1,-50107.3,2659.0,36837.8,13340.0,0.0,0.0,137272.5,-17764.1,0,0
109.3167,10478.612,-1397.265,10078.612,1991.365,128.05,-6.815,128.232,2.14,-0.297,7,3.05,3.95,0.5059,0.0108,222000,220345.2,-27055.0,-33114.9,-622447.9,-50239.4,2672.8,36962.0,13348.5,0.0,0.0,136990.9,-18990.1,0,0
109.4167,10491.43,-1397.948,10091.43,1992.048,128.264,-6.846,128.447,2.136,-0.314,7,3.05,3.95,0.5052,0.0108,222000,220345.2,-27055.0,-33268.3,-623591.8,-50367.5,2687.1,37086.2,13352.9,0.0,0.0,136709.4,-20119.7,0,0
109.5167,10504.269,-1398.635,10104.269,1992.735,128.477,-6.879,128.661,2.132,-0.331,7,3.06,3.94,0.5043,0.0108,222000,220345.2,-27055.0,-33425.5,-624646.4,-50491.8,2701.9,37210.4,13353.6,0.0,0.0,136428.0,-21159.5,0,0
109.6167,10517.129,-1399.324,10117.129,1993.424,128.69,-6.913,128.876,2.127,-0.346,7,3.07,3.93,0.5034,0.0107,222000,220345.2,-27055.0,-33585.9,-625618.1,-50612.6,2717.1,37334.6,13350.9,0.0,0.0,136146.8,-22116.0,0,0
109.7167,10530.01,-1400.018,10130.01,1994.118,128.903,-6.948,129.09,2.123,-0.359,7,3.08,3.92,0.5025,0.0107,222000,220345.2,-27055.0,-33749.3,-626512.7,-50730.2,2732.8,37458.8,13345.0,0.0,0.0,135865.8,-22995.0,0,0
109.8167,10542.913,-1400.715,10142.913,1994.815,129.115,-6.985,129.304,2.119,-0.372,7,3.09,3.91,0.5015,0.0106,222000,220345.2,-27055.0,-33915.3,-627335.8,-50844.9,2748.8,37583.0,13336.1,0.0,0.0,135585.1,-23802.0,0,0
109.9167,10555.837,-1401.415,10155.837,1995.515,129.326,-7.022,129.517,2.114,-0.383,7,3.11,3.89,0.5004,0.0106,222000,220345.2,-27055.0,-34083.6,-628092.3,-50956.8,2765.2,37707.2,13324.6,0.0,0.0,135304.8,-24542.1,0,0
110.0167,10568.782,-1402.12,10168.782,1996.22,129.538,-7.061,129.73,2.11,-0.394,7,3.12,3.88,0.4994,0.0106,222000,220345.2,-27055.0,-34254.1,-628787.1,-51066.2,2781.9,37831.3,13310.5,0.0,0.0,135025.0,-25220.2,0,0
110.1167,10581.748,-1402.828,10181.748,1996.928,129.748,-7.101,129.943,2.105,-0.404,7,3.13,3.87,0.4982,0.0105,222000,220345.2,-27055.0,-34426.3,-629424.5,-51173.3,2798.9,37955.5,13294.2,0.0,0.0,134745.7,-25840.6,0,0
110.2167,10594.735,-1403.541,10194.735,1997.641,129.959,-7.142,130.155,2.101,-0.413,7,3.14,3.86,0.4971,0.0105,222000,220345.2,-27055.0,-34600.0,-630008.7,-51278.2,2816.2,38079.6,13275.8,0.0,0.0,134467.0,-26407.5,0,0
110.3167,10607.743,-1404.257,10207.743,1998.357,130.168,-7.184,130.367,2.097,-0.421,7,3.16,3.84,0.4959,0.0104,222000,220345.2,-27055.0,-34775.1,-630543.4,-51381.2,2833.7,38203.8,13255.5,0.0,0.0,134188.9,-26924.7,0,0
110.4167,10620.772,-1404.978,10220.772,1999.078,130.378,-7.227,130.578,2.092,-0.428,7,3.17,3.83,0.4947,0.0104,222000,220345.2,-27055.0,-34951.4,-631032.3,-51482.4,2851.5,38327.9,13233.4,0.0,0.0,133911.5,-27395.8,0,0
110.5167,10633.822,-1405.703,10233.822,1999.803,130.587,-7.27,130.789,2.088,-0.435,7,3.18,3.82,0.4934,0.0103,222000,220345.2,-27055.0,-35128.5,-631478.7,-51581.9,2869.4,38451.9,13209.7,0.0,0.0,133634.8,-27824.2,0,0
110.6167,10646.893,-1406.433,10246.893,2000.533,130.795,-7.314,131.0,2.084,-0.441,7,3.2,3.8,0.4922,0.0103,222000,220345.2,-27055.0,-35306.4,-631885.6,-51680.0,2887.6,38576.0,13184.6,0.0,0.0,133358.9,-28213.0,0,0
110.7167,10659.985,-1407.167,10259.985,2001.267,131.004,-7.358,131.21,2.079,-0.446,7,3.21,3.79,0.4909,0.0102,222000,220345.2,-27055.0,-35484.9,-632255.9,-51776.7,2905.9,38700.0,13158.1,0.0,0.0,133083.7,-28565.0,0,0
110.8167,10673.097,-1407.905,10273.097,2002.005,131.211,-7.403,131.42,2.075,-0.451,7,3.23,3.77,0.4896,0.0101,222000,220345.2,-27055.0,-35663.8,-632592.3,-51872.1,2924.4,38824.0,13130.4,0.0,0.0,132809.4,-28882.9,0,0
110.9167,10686.23,-1408.648,10286.23,2002.748,131.419,-7.448,131.629,2.071,-0.456,7,3.24,3.76,0.4883,0.0101,222000,220345.2,-27055.0,-35843.0,-632897.3,-51966.3,2943.0,38947.9,13101.7,0.0,0.0,132536.0,-29169.3,0,0
111.0167,10699.384,-1409.396,10299.384,2003.496,131.625,-7.494,131.839,2.067,-0.46,7,3.26,3.74,0.4869,0.01,222000,220345.2,-27055.0,-36022.3,-633173.2,-52059.5,2961.8,39071.9,13071.9,0.0,0.0,132263.4,-29426.5,0,0
111.1167,10712.559,-1410.148,10312.559,2004.248,131.832,-7.54,132.047,2.062,-0.463,7,3.27,3.73,0.4856,0.01,222000,220345.2,-27055.0,-36201.7,-633422.1,-52151.8,2980.6,39195.7,13041.2,0.0,0.0,131991.7,-29656.5,0,0
111.2167,10725.754,-1410.905,10325.754,2005.005,132.038,-7.587,132.256,2.058,-0.467,7,3.29,3.71,0.4843,0.0099,222000,220345.2,-27055.0,-36381.1,-633646.1,-52243.2,2999.6,39319.6,13009.7,0.0,0.0,131720.9,-29861.5,0,0
111.3167,10738.97,-1411.666,10338.97,2005.766,132.243,-7.634,132.463,2.054,-0.469,7,3.3,3.7,0.4829,0.0099,222000,220345.2,-27055.0,-36560.3,-633846.9,-52333.9,3018.6,39443.4,12977.5,0.0,0.0,131451.1,-30043.3,0,0
111.4167,10752.206,-1412.432,10352.206,2006.532,132.448,-7.681,132.671,2.05,-0.472,7,3.32,3.68,0.4815,0.0098,222000,220345.2,-27055.0,-36739.3,-634026.4,-52423.8,3037.7,39567.1,12944.6,0.0,0.0,131182.2,-30203.6,0,0
111.5167,10765.463,-1413.203,10365.463,2007.303,132.653,-7.728,132.878,2.046,-0.474,7,3.33,3.67,0.4802,0.0098,222000,220345.2,-27055.0,-36917.9,-634186.0,-52513.1,3056.9,39690.8,12911.2,0.0,0.0,130914.2,-30344.1,0,0
111.6167,10778.74,-1413.979,10378.74,2008.079,132.858,-7.776,133.085,2.041,-0.476,7,3.35,3.65,0.4788,0.0097,222000,220345.2,-27055.0,-37096.1,-634327.4,-52601.8,3076.2,39814.5,12877.2,0.0,0.0,130647.3,-30466.2,0,0
111.7167,10792.038,-1414.759,10392.038,2008.859,133.061,-7.823,133.291,2.037,-0.478,7,3.36,3.64,0.4774,0.0096,222000,220345.2,-27055.0,-37273.9,-634451.8,-52690.1,3095.5,39938.1,12842.8,0.0,0.0,130381.3,-30571.3,0,0
111.8167,10805.356,-1415.544,10405.356,2009.644,133.265,-7.871,133.497,2.033,-0.479,7,3.38,3.62,0.476,0.0096,222000,220345.2,-27055.0,-37451.1,-634560.6,-52777.8,3114.9,40061.7,12808.0,0.0,0.0,130116.3,-30660.7,0,0
111.9167,10818.694,-1416.334,10418.694,2010.434,133.468,-7.919,133.703,2.029,-0.48,7,3.39,3.61,0.4746,0.0095,222000,220345.2,-27055.0,-37627.8,-634655.0,-52865.2,3134.3,40185.2,12772.8,0.0,0.0,129852.3,-30735.7,0,0
112.0167,10832.053,-1417.129,10432.053,2011.229,133.671,-7.967,133.908,2.025,-0.481,7,3.41,3.59,0.4732,0.0095,222000,220345.2,-27055.0,-37803.8,-634736.0,-52952.2,3153.7,40308.7,12737.3,0.0,0.0,129589.2,-30797.3,0,0
112.1167,10845.432,-1417.928,10445.432,2012.028,133.873,-8.015,134.113,2.021,-0.482,7,3.42,3.58,0.4719,0.0094,222000,220345.2,-27055.0,-37979.1,-634804.7,-53038.9,3173.2,40432.2,12701.6,0.0,0.0,129327.2,-30846.5,0,0
112.2167,10858.831,-1418.733,10458.831,2012.833,134.075,-8.064,134.317,2.017,-0.483,7,3.44,3.56,0.4705,0.0094,222000,220345.2,-27055.0,-38153.7,-634862.1,-53125.4,3192.7,40555.6,12665.7,0.0,0.0,129066.1,-30884.4,0,0
112.3167,10872.25,-1419.542,10472.25,2013.642,134.276,-8.112,134.521,2.013,-0.483,7,3.45,3.55,0.4691,0.0093,222000,220345.2,-27055.0,-38327.6,-634909.0,-53211.6,3212.2,40678.9,12629.5,0.0,0.0,128806.1,-30911.8,0,0
112.4167,10885.689,-1420.356,10485.689,2014.456,134.477,-8.16,134.724,2.009,-0.483,7,3.47,3.53,0.4677,0.0093,222000,220345.2,-27055.0,-38500.7,-634946.2,-53297.5,3231.8,40802.2,12593.3,0.0,0.0,128547.0,-30929.4,0,0
112.5167,10899.149,-1421.175,10499.149,2015.275,134.678,-8.209,134.928,2.005,-0.483,7,3.49,3.51,0.4663,0.0092,222000,220345.2,-27055.0,-38673.0,-634974.5,-53383.4,3251.3,40925.4,12556.9,0.0,0.0,128288.9,-30938.2,0,0
112.6167,10912.628,-1421.998,10512.628,2016.098,134.878,-8.257,135.13,2.0,-0.483,7,3.5,3.5,0.4649,0.0092,222000,220345.2,-27055.0,-38844.4,-634994.7,-53469.0,3270.8,41048.6,12520.4,0.0,0.0,128031.8,-30938.8,0,0
112.7167,10926.128,-1422.827,10526.128,2016.927,135.078,-8.305,135.333,1.996,-0.483,7,3.52,3.48,0.4636,0.0091,222000,220345.2,-27055.0,-39015.0,-635007.3,-53554.6,3290.4,41171.7,12483.8,0.0,0.0,127775.7,-30931.9,0,0
112.8167,10939.647,-1423.66,10539.647,2017.76,135.277,-8.354,135.535,1.993,-0.483,7,3.53,3.47,0.4622,0.009,222000,220345.2,-27055.0,-39184.7,-635012.9,-53640.0,3310.0,41294.8,12447.3,0.0,0.0,127520.5,-30918.0,0,0
112.9167,10953.186,-1424.498,10553.186,2018.598,135.476,-8.402,135.737,1.989,-0.483,7,3.55,3.45,0.4608,0.009,222000,220345.2,-27055.0,-39353.5,-635012.2,-53725.4,3329.5,41417.8,12410.7,0.0,0.0,127266.4,-30897.7,0,0
113.0167,10966.746,-1425.341,10566.746,2019.441,135.675,-8.45,135.938,1.985,-0.482,7,3.56,3.44,0.4595,0.0089,222000,220345.2,-27055.0,-39521.3,-635005.7,-53810.8,3349.1,41540.8,12374.1,0.0,0.0,127013.2,-30871.6,0,0
113.1167,10980.325,-1426.189,10580.325,2020.289,135.873,-8.498,136.139,1.981,-0.482,7,3.58,3.42,0.4581,0.0089,222000,220345.2,-27055.0,-39688.3,-634993.7,-53896.0,3368.6,41663.7,12337.5,0.0,0.0,126760.9,-30840.1,0,0
113.2167,10993.924,-1427.042,10593.924,2021.142,136.071,-8.546,136.339,1.977,-0.481,7,3.59,3.41,0.4568,0.0088,222000,220345.2,-27055.0,-39854.3,-634976.9,-53981.3,3388.1,41786.6,12301.0,0.0,0.0,126509.6,-30803.7,0,0
113.3167,11007.542,-1427.899,10607.542,2021.999,136.268,-8.595,136.539,1.973,-0.481,7,3.61,3.39,0.4554,0.0088,222000,220345.2,-27055.0,-40019.4,-634955.5,-54066.6,3407.7,41909.4,12264.5,0.0,0.0,126259.2,-30762.8,0,0
113.4167,11021.18,-1428.761,10621.18,2022.861,136.465,-8.643,136.739,1.969,-0.48,7,3.62,3.38,0.4541,0.0087,222000,220345.2,-27055.0,-40183.5,-634930.0,-54151.9,3427.2,42032.1,12228.1,0.0,0.0,126009.8,-30717.8,0,0
113.5167,11034.838,-1429.628,10634.838,2023.728,136.662,-8.691,136.938,1.965,-0.479,7,3.64,3.36,0.4527,0.0087,222000,220345.2,-27055.0,-40346.7,-634900.7,-54237.2,3446.7,42154.8,12191.8,0.0,0.0,125761.3,-30669.0,0,0
113.6167,11048.516,-1430.5,10648.516,2024.6,136.858,-8.738,137.137,1.961,-0.478,7,3.65,3.35,0.4514,0.0086,222000,220345.2,-27055.0,-40508.9,-634868.0,-54322.6,3466.2,42277.4,12155.6,0.0,0.0,125513.7,-30616.8,0,0
113.7167,11062.213,-1431.377,10662.213,2025.477,137.054,-8.786,137.336,1.957,-0.478,7,3.67,3.33,0.4501,0.0086,222000,220345.2,-27055.0,-40670.2,-634832.1,-54407.9,3485.6,42400.0,12119.5,0.0,0.0,125267.1,-30561.4,0,0
113.8167,11075.93,-1432.258,10675.93,2026.358,137.25,-8.834,137.534,1.953,-0.477,7,3.68,3.32,0.4488,0.0085,222000,220345.2,-27055.0,-40830.5,-634793.3,-54493.4,3505.1,42522.5,12083.5,0.0,0.0,125021.4,-30503.2,0,0
113.9167,11089.667,-1433.145,10689.667,2027.245,137.445,-8.881,137.732,1.95,-0.476,7,3.69,3.31,0.4475,0.0085,222000,220345.2,-27055.0,-40989.8,-634751.9,-54578.9,3524.5,42645.0,12047.6,0.0,0.0,124776.5,-30442.4,0,0
114.0167,11103.422,-1434.035,10703.422,2028.135,137.64,-8.929,137.929,1.946,-0.475,7,3.71,3.29,0.4462,0.0084,222000,220345.2,-27055.0,-41148.2,-634708.2,-54664.5,3543.9,42767.4,12011.9,0.0,0.0,124532.6,-30379.3,0,0
114.1167,11117.198,-1434.931,10717.198,2029.031,137.834,-8.976,138.126,1.942,-0.474,7,3.72,3.28,0.4449,0.0084,222000,220345.2,-27055.0,-41305.6,-634662.3,-54750.1,3563.3,42889.7,11976.3,0.0,0.0,124289.5,-30314.0,0,0
114.2167,11130.992,-1435.832,10730.992,2029.932,138.028,-9.024,138.323,1.938,-0.473,7,3.74,3.26,0.4436,0.0083,222000,220345.2,-27055.0,-41462.0,-634614.4,-54835.9,3582.7,43012.0,11940.8,0.0,0.0,124047.4,-30246.7,0,0
114.3167,11144.808,-1436.725,10744.808,2030.825,138.253,-8.73,138.528,2.654,7.655,3,3.67,-0.67,0.09,0.0003,222000,221695.8,-11618.6,-8274.0,-129100.1,-43541.4,2790.5,43138.0,492.6,0.0,0.0,169880.4,489911.9,0,0
114.4167,11158.65,-1437.526,10758.65,2031.626,138.55,-7.394,138.747,3.024,14.958,-1,3.16,-4.16,-0.2243,0.0021,222000,221966.2,3874.4,17825.3,323015.7,-46274.5,2553.6,43273.8,3071.1,0.0,0.0,193517.0,957283.8,0,0
114.5167,11172.522,-1438.181,10772.522,2032.281,138.847,-5.969,138.975,2.934,13.745,-1,2.56,-3.56,-0.1701,0.0012,222000,221966.2,3874.4,10984.5,245967.1,-45143.0,2016.0,43414.9,1773.1,0.0,0.0,187807.7,879697.6,0,0
114.6167,11186.424,-1438.701,10786.424,2032.801,139.136,-4.661,139.214,2.87,12.628,-1,2.01,-3.01,-0.1205,0.0006,222000,221966.2,3874.4,6125.9,174910.6,-44429.1,1556.0,43563.5,892.9,0.0,0.0,183662.9,808181.1,0,0
114.7167,11200.354,-1439.096,10800.354,2033.196,139.42,-3.459,139.463,2.825,11.598,-1,1.5,-2.5,-0.0751,0.0002,222000,221966.2,3874.4,2866.5,109392.2,-44051.3,1154.3,43718.6,347.8,0.0,0.0,180781.4,742261.0,0,0
114.8167,11214.313,-1439.377,10814.313,2033.477,139.701,-2.355,139.721,2.796,10.648,-1,1.04,-2.04,-0.0335,0.0,222000,221966.2,3874.4,888.4,48990.5,-43941.7,796.8,43879.4,69.5,0.0,0.0,178912.9,681501.8,0,0
114.9167,11228.299,-1439.552,10828.299,2033.652,139.98,-1.342,139.986,2.779,9.773,-1,0.62,-1.62,0.0046,0.0,222000,221966.2,3874.4,-71.9,-6685.2,-44044.1,473.6,44045.4,1.3,0.0,0.0,177850.2,625502.8,0,0
115.0167,11242.313,-1439.632,10842.313,2033.732,140.257,-0.412,140.258,2.772,8.967,-1,0.23,-1.23,0.0394,0.0001,222000,221966.2,3874.4,-232.2,-57997.0,-44312.1,177.4,44215.9,96.6,0.0,0.0,177421.8,573894.9,0,0
115.1167,11256.355,-1439.622,10856.355,2033.722,140.534,0.441,140.535,2.773,8.224,-1,-0.12,-0.88,0.0712,0.0002,222000,221966.2,3874.4,227.7,-105279.8,-44707.4,-96.7,44390.4,317.1,0.0,0.0,177486.5,526337.9,0,0
115.2167,11270.425,-1439.532,10870.425,2033.632,140.812,1.223,140.817,2.78,7.539,-1,-0.45,-0.55,0.1002,0.0004,222000,221966.2,3874.4,1160.2,-148843.7,-45198.4,-352.3,44568.5,631.3,0.0,0.0,177928.0,482518.5,0,0
115.3167,11284.522,-1439.368,10884.522,2033.468,141.091,1.94,141.104,2.791,6.909,-1,-0.74,-0.26,0.1267,0.0007,222000,221966.2,3874.4,2444.4,-188975.1,-45759.5,-591.9,44749.7,1013.5,0.0,0.0,178651.2,442147.4,0,0
115.4167,11298.647,-1439.135,10898.647,2033.235,141.37,2.596,141.394,2.806,6.327,-1,-1.01,0.01,0.1509,0.001,222000,221966.2,3874.4,3982.0,-225939.1,-46369.8,-817.2,44933.9,1443.1,0.0,0.0,179578.4,404958.1,0,0
115.5167,11312.801,-1438.84,10912.801,2032.94,141.652,3.197,141.688,2.823,5.792,-1,-1.25,0.25,0.1729,0.0013,222000,221966.2,3874.4,5692.9,-259980.4,-47012.4,-1029.5,45120.5,1903.1,0.0,0.0,180646.7,370704.6,0,0
115.6167,11326.983,-1438.488,10926.983,2032.588,141.935,3.747,141.985,2.841,5.299,-1,-1.48,0.48,0.193,0.0016,222000,221966.2,3874.4,7513.0,-291325.3,-47673.8,-1229.5,45309.4,2380.2,0.0,0.0,181805.4,339159.7,0,0
115.7167,11341.193,-1438.083,10941.193,2032.183,142.22,4.251,142.284,2.86,4.846,-1,-1.68,0.68,0.2112,0.0019,222000,221966.2,3874.4,9390.8,-320182.6,-48343.2,-1417.9,45500.4,2863.6,0.0,0.0,183013.8,310113.9,0,0
115.8167,11355.432,-1437.631,10955.432,2031.731,142.508,4.711,142.585,2.879,4.428,-1,-1.86,0.86,0.2278,0.0022,222000,221966.2,3874.4,11285.8,-346745.4,-49012.2,-1595.2,45693.2,3344.9,0.0,0.0,184239.8,283373.8,0,0
115.9167,11369.699,-1437.135,10969.699,2031.235,142.797,5.131,142.889,2.898,4.043,-1,-2.03,1.03,0.2428,0.0025,222000,221966.2,3874.4,13166.0,-371191.9,-49674.2,-1761.9,45887.7,3817.7,0.0,0.0,185458.0,258760.6,0,0
116.0167,11383.995,-1436.587,10983.995,2030.687,143.077,5.878,143.198,2.636,12.377,-5,-2.27,-2.73,-0.0956,0.0004,222000,221155.2,19348.6,-5820.2,146766.2,-46643.4,-1849.7,46085.6,594.5,0.0,0.0,168691.6,792105.0,0,0
116.1167,11398.316,-1435.896,10998.316,2029.996,143.289,7.815,143.502,1.633,24.223,-11,-2.96,-8.04,-0.5735,0.0139,222000,217921.2,42359.6,-45709.7,883557.0,-67669.3,-3500.8,46283.7,21476.1,0.0,0.0,104542.3,1550255.8,0,0
116.2167,11412.655,-1434.978,11012.655,2029.078,143.451,10.12,143.808,1.631,22.24,-11,-3.89,-7.11,-0.49,0.0102,222000,217921.2,42359.6,-51487.3,757409.2,-62081.3,-4220.2,46478.9,15745.7,0.0,0.0,104352.6,1423388.6,0,0
116.3167,11427.009,-1433.841,11027.009,2027.941,143.617,12.237,144.137,1.672,20.424,-11,-4.74,-6.26,-0.4137,0.0072,222000,217921.2,42359.6,-53166.9,641699.7,-57768.0,-4786.3,46689.6,11276.3,0.0,0.0,106986.4,1307113.0,0,0
116.4167,11441.381,-1432.503,11041.381,2026.603,143.788,14.181,144.485,1.746,18.758,-11,-5.51,-5.49,-0.3441,0.005,222000,217921.2,42359.6,-51666.8,535567.0,-54496.9,-5257.4,46913.8,7836.2,0.0,0.0,111757.5,1200509.2,0,0
116.5167,11455.77,-1430.979,11055.77,2025.079,143.968,15.967,144.851,1.845,17.23,-11,-6.22,-4.78,-0.2805,0.0033,222000,217921.2,42359.6,-47736.9,438218.9,-52075.0,-5672.7,47149.7,5233.4,0.0,0.0,118109.4,1102745.8,0,0
116.6167,11470.178,-1429.286,11070.178,2023.386,144.159,17.607,145.231,1.962,15.829,-11,-6.86,-4.14,-0.2225,0.0021,222000,217921.2,42359.6,-41987.9,348927.7,-50342.0,-6057.8,47395.9,3309.2,0.0,0.0,125591.4,1013069.5,0,0
116.7167,11484.606,-1427.436,11084.606,2021.536,144.363,19.114,145.623,2.091,14.544,-11,-7.45,-3.55,-0.1695,0.0012,222000,217921.2,42359.6,-34915.3,267025.8,-49165.3,-6428.7,47651.1,1932.6,0.0,0.0,133840.7,930796.8,0,0
116.8167,11499.054,-1425.437,11099.054,2019.537,144.544,20.724,146.022,1.117,20.092,-14,-8.03,-5.97,-0.3873,0.0063,222000,215405.7,53706.7,-86405.2,612460.4,-57483.3,-8109.7,47913.1,10139.5,0.0,0.0,71517.2,1285897.4,0,0
116.9167,11513.508,-1423.217,11113.508,2017.317,144.508,23.412,146.392,-1.52,31.578,-20,-9.0,-11.0,-0.8402,0.0299,222000,208611.8,75928.5,-210953.3,1332242.2,-94949.1,-15034.7,48161.4,47970.7,0.0,0.0,-97290.6,2020976.0,0,0
117.0167,11527.947,-1420.685,11127.947,2014.785,144.312,26.633,146.749,-1.873,31.056,-21,-10.26,-10.74,-0.817,0.0283,222000,207254.9,79557.7,-234642.6,1296892.1,-92471.0,-16730.5,48393.9,45578.5,0.0,0.0,-119858.8,1987559.3,0,0
117.1167,11542.368,-1417.848,11142.368,2011.948,144.139,29.587,147.145,-1.614,28.492,-21,-11.42,-9.58,-0.7125,0.0215,222000,207254.9,79557.7,-228717.1,1132621.9,-81847.9,-16528.0,48651.3,34848.8,0.0,0.0,-103310.2,1823491.5,0,0
117.2167,11556.774,-1414.729,11156.774,2008.829,143.995,32.299,147.573,-1.307,26.158,-21,-12.48,-8.52,-0.6172,0.0161,222000,207254.9,79557.7,-217473.4,982969.8,-73458.0,-16251.9,48931.9,26302.4,0.0,0.0,-83676.5,1674115.6,0,0
117.3167,11571.166,-1411.35,11171.166,2005.45,143.851,34.902,148.024,-2.316,28.541,-23,-13.46,-9.54,-0.709,0.0213,222000,204352.1,86742.3,-270739.7,1131602.1,-81841.5,-19580.9,49231.3,34920.0,0.0,0.0,-148229.1,1826603.6,0,0
117.4167,11585.528,-1407.667,11185.528,2001.767,143.421,38.277,148.441,-4.88,34.762,-27,-14.72,-12.28,-0.9553,0.0386,222000,197803.4,100785.9,-400586.2,1524920.5,-109550.8,-28778.2,49511.9,63755.7,0.0,0.0,-312333.5,2224768.1,0,0
117.5167,11599.842,-1403.644,11199.842,1997.744,142.961,41.582,148.885,-4.402,31.871,-27,-16.01,-10.99,-0.8388,0.0298,222000,197803.4,100785.9,-384139.8,1338473.3,-95393.6,-27377.8,49803.9,49440.7,0.0,0.0,-281730.0,2039721.4,0,0
117.6167,11614.114,-1399.307,11214.114,1993.407,142.551,44.614,149.369,-3.878,29.251,-27,-17.19,-9.81,-0.7327,0.0227,222000,197803.4,100785.9,-361840.0,1169458.3,-84152.9,-26037.6,50124.1,37964.8,0.0,0.0,-248189.4,1872046.6,0,0
117.7167,11628.348,-1394.681,11228.348,1988.781,142.195,47.398,149.887,-3.326,26.874,-27,-18.27,-8.73,-0.6361,0.0171,222000,197803.4,100785.9,-335388.6,1016157.8,-75285.2,-24848.3,50468.8,28811.1,0.0,0.0,-212870.4,1719935.4,0,0
117.8167,11642.55,-1389.79,11242.55,1983.89,141.895,49.958,150.433,-2.761,24.716,-27,-19.24,-7.76,-0.5482,0.0127,222000,197803.4,100785.9,-306138.6,877031.7,-68345.9,-23857.0,50834.6,21555.5,0.0,0.0,-176681.1,1581800.7,0,0
117.9167,11656.71,-1384.621,11256.71,1978.721,141.317,53.083,150.958,-8.036,35.731,-33,-20.36,-12.64,-0.9878,0.0413,222000,186184.9,120909.9,-586427.7,1580390.8,-114076.1,-42329.6,51196.7,70479.7,0.0,0.0,-514318.9,2286811.0,0,0
118.0167,11670.79,-1379.1,11270.79,1973.2,140.453,56.693,151.463,-8.298,34.797,-34,-21.76,-12.24,-0.9518,0.0383,222000,184046.3,124140.8,-606092.8,1518556.3,-109043.2,-43521.8,51537.1,65870.6,0.0,0.0,-531089.7,2227015.3,0,0
118.1167,11684.789,-1373.235,11284.789,1967.335,139.672,60.002,152.015,-7.453,31.915,-34,-23.05,-10.95,-0.8359,0.0296,222000,184046.3,124140.8,-566199.8,1330955.3,-94859.6,-40354.1,51908.6,51177.7,0.0,0.0,-477013.0,2042582.1,0,0
118.2167,11698.715,-1367.056,11298.715,1961.156,138.977,63.04,152.606,-6.596,29.317,-34,-24.21,-9.79,-0.7307,0.0226,222000,184046.3,124140.8,-522543.0,1161900.2,-83641.2,-37616.1,52309.0,39401.5,0.0,0.0,-422137.9,1876265.0,0,0
118.3167,11712.577,-1360.587,11312.577,1954.687,138.367,65.833,153.23,-5.741,26.97,-34,-25.28,-8.72,-0.6351,0.0171,222000,184046.3,124140.8,-476660.4,1009422.9,-74819.4,-35330.5,52734.4,30007.2,0.0,0.0,-367433.4,1726073.3,0,0
118.4167,11726.381,-1353.849,11326.381,1947.949,137.78,68.515,153.875,-7.401,29.262,-36,-26.26,-9.74,-0.7269,0.0224,222000,179601.8,130488.3,-570021.9,1155527.5,-83244.5,-41064.5,53179.9,39642.2,0.0,0.0,-473664.7,1872791.3,0,0
118.5167,11740.094,-1346.795,11340.094,1940.895,136.508,72.242,154.445,-17.455,44.031,-42,-27.6,-14.4,-1.3453,0.0766,222000,164978.2,148547.0,-1113314.0,2129817.3,-168778.4,-88225.1,53590.2,136856.1,0.0,0.0,-1117114.2,2817979.2,0,1
118.6167,11753.643,-1339.318,11353.643,1933.418,134.775,76.511,154.978,-14.269,37.526,-43,-29.34,-13.66,-1.0795,0.0493,222000,162360.5,151403.6,-951188.7,1692322.8,-124359.6,-69897.7,53949.4,88707.5,0.0,0.0,-913187.8,2401668.8,0,0
118.7167,11767.04,-1331.456,11367.04,1925.556,133.427,80.077,155.612,-12.925,34.376,-43,-30.75,-12.25,-0.9526,0.0384,222000,162360.5,151403.6,-882960.2,1484211.6,-106588.9,-63409.9,54385.7,69638.5,0.0,0.0,-827188.6,2200045.3,0,0
118.8167,11780.311,-1323.255,11380.311,1917.355,132.212,83.348,156.291,-11.6,31.56,-43,-32.03,-10.97,-0.8376,0.0297,222000,162360.5,151403.6,-812227.2,1298488.7,-92544.5,-57888.2,54856.7,54301.5,0.0,0.0,-742411.2,2019844.2,0,0
118.9167,11793.468,-1314.743,11393.468,1908.843,131.127,86.354,157.008,-10.309,29.039,-43,-33.18,-9.82,-0.7334,0.0228,222000,162360.5,151403.6,-740680.5,1132529.4,-81485.1,-53291.7,55357.5,42006.8,0.0,0.0,-659805.1,1858481.3,0,0
119.0167,11806.524,-1305.944,11406.524,1900.044,130.169,89.124,157.757,-9.063,26.777,-43,-34.23,-8.77,-0.639,0.0173,222000,162360.5,151403.6,-669602.7,984042.6,-72816.6,-49548.9,55883.9,32191.9,0.0,0.0,-580058.8,1713737.3,0,0
119.1167,11819.491,-1296.881,11419.491,1890.981,129.333,91.682,158.533,-7.87,24.745,-43,-35.18,-7.82,-0.5535,0.013,222000,162360.5,151403.6,-599953.9,851026.6,-66063.0,-46572.8,56432.4,24396.7,0.0,0.0,-503656.3,1583697.4,0,0
119.2167,11832.381,-1287.573,11432.381,1881.673,128.613,94.048,159.331,-6.733,22.917,-43,-36.04,-6.96,-0.4763,0.0096,222000,162360.5,151403.6,-532439.3,731730.4,-60841.9,-44271.2,57000.1,18244.0,0.0,0.0,-430920.7,1466702.8,0,0
119.3167,11845.206,-1278.039,11445.206,1872.139,128.003,96.242,160.148,-5.657,21.27,-43,-36.82,-6.18,-0.4065,0.007,222000,162360.5,151403.6,-467562.6,624620.1,-56846.6,-42552.9,57584.6,13424.5,0.0,0.0,-362048.8,1361310.9,0,0
119.4167,11857.976,-1268.295,11457.976,1862.395,127.497,98.282,160.981,-4.643,19.785,-43,-37.52,-5.48,-0.3435,0.005,222000,162360.5,151403.6,-405668.4,528350.3,-53830.8,-41331.4,58183.7,9684.2,0.0,0.0,-297138.7,1266262.5,0,0
119.5167,11870.701,-1258.355,11470.701,1852.455,127.089,100.181,161.826,-3.691,18.445,-43,-38.15,-4.85,-0.2866,0.0035,222000,162360.5,151403.6,-346975.4,441739.3,-51596.6,-40527.8,58795.7,6814.6,0.0,0.0,-236211.4,1180455.1,0,0
119.6167,11883.391,-1248.232,11483.391,1842.332,126.772,101.954,162.683,-2.8,17.233,-43,-38.72,-4.28,-0.2354,0.0023,222000,162360.5,151403.6,-291604.4,363747.6,-49984.9,-40071.2,59419.1,4644.9,0.0,0.0,-179228.7,1102920.0,0,0
119.7167,11896.054,-1237.939,11496.054,1832.039,126.541,103.612,163.548,-1.97,16.138,-43,-39.23,-3.77,-0.1893,0.0015,222000,162360.5,151403.6,-239599.4,293459.2,-48868.1,-39899.2,60052.6,3035.0,0.0,0.0,-126107.0,1032803.6,0,0
119.8167,11908.699,-1227.487,11508.699,1821.587,126.389,105.167,164.421,-1.199,15.146,-43,-39.69,-3.31,-0.1478,0.0009,222000,162360.5,151403.6,-190945.6,230065.7,-48143.8,-39957.5,60695.2,1870.2,0.0,0.0,-76728.9,969351.9,0,0
119.9167,11921.333,-1216.884,11521.333,1810.984,126.312,106.629,165.301,-0.484,14.248,-43,-40.11,-2.89,-0.1105,0.0005,222000,162360.5,151403.6,-145583.1,172852.6,-47729.7,-40199.8,61345.9,1057.2,0.0,0.0,-30952.3,911896.5,0,0
120.0167,11933.963,-1206.14,11533.963,1800.24,126.302,108.005,166.185,0.178,13.435,-43,-40.48,-2.52,-0.0771,0.0003,222000,162360.5,151403.6,-103418.6,121186.8,-47559.9,-40586.8,62004.0,519.8,0.0,0.0,11381.9,859843.6,0,0
120.1167,11946.595,-1195.263,11546.595,1789.363,126.356,109.305,167.073,0.788,12.698,-43,-40.81,-2.19,-0.0471,0.0001,222000,162360.5,151403.6,-64334.5,74506.7,-47581.7,-41085.5,62668.9,196.4,0.0,0.0,50444.3,812664.8,0,0
120.2167,11959.237,-1184.26,11559.237,1778.36,126.468,110.536,167.965,1.35,12.029,-43,-41.11,-1.89,-0.0203,0.0,222000,162360.5,151403.6,-28196.0,32313.0,-47752.9,-41668.7,63339.9,36.9,0.0,0.0,86411.7,769887.9,0,0
120.3167,11971.893,-1173.138,11571.893,1767.238,126.634,111.703,168.86,1.867,11.423,-43,-41.37,-1.63,0.0036,0.0,222000,162360.5,151403.6,5142.9,-5838.9,-48039.8,-42313.8,64016.6,1.2,0.0,0.0,119463.7,731091.0,0,0
120.4167,11984.569,-1161.903,11584.569,1756.003,126.848,112.813,169.756,2.34,10.873,-43,-41.61,-1.39,0.025,0.0,222000,162360.5,151403.6,35834.8,-40345.7,-48415.6,-43002.6,64698.5,57.2,0.0,0.0,149779.7,695895.4,0,0
120.5167,11997.268,-1150.559,11597.268,1744.659,127.108,113.87,170.654,2.774,10.374,-43,-41.82,-1.18,0.0441,0.0001,222000,162360.5,151403.6,64035.2,-71561.9,-48859.2,-43720.3,65385.3,179.1,0.0,0.0,177536.5,663961.3,0,0
120.6167,12009.996,-1139.113,11609.996,1733.213,127.409,114.881,171.554,3.17,9.922,-43,-42.01,-0.99,0.061,0.0002,222000,162360.5,151403.6,89899.6,-99805.3,-49353.8,-44455.4,66076.8,346.7,0.0,0.0,202906.4,634982.9,0,0
120.7167,12022.757,-1127.568,11622.757,1721.668,127.747,115.849,172.454,3.532,9.511,-43,-42.18,-0.82,0.076,0.0002,222000,162360.5,151403.6,113581.5,-125360.5,-49886.1,-45198.7,66772.5,544.2,0.0,0.0,226056.0,608684.4,0,0
120.8167,12035.553,-1115.929,11635.553,1710.029,128.12,116.778,173.354,3.862,9.138,-43,-42.33,-0.67,0.0893,0.0003,222000,162360.5,151403.6,135230.5,-148483.5,-50445.7,-45943.1,67472.4,759.1,0.0,0.0,247145.4,584817.0,0,0
120.9167,12048.388,-1104.199,11648.388,1698.299,128.524,117.672,174.255,4.161,8.799,-43,-42.46,-0.54,0.101,0.0004,222000,162360.5,151403.6,154991.3,-169404.6,-51024.6,-46683.4,68176.2,982.0,0.0,0.0,266327.2,563155.7,0,0
121.0167,12061.265,-1092.381,11661.265,1686.481,128.956,118.534,175.157,4.434,8.492,-43,-42.57,-0.43,0.1114,0.0005,222000,162360.5,151403.6,173002.5,-188331.1,-51616.7,-47415.5,68883.7,1205.6,0.0,0.0,283746.4,543497.0,0,0
121.1167,12074.188,-1080.479,11674.188,1674.579,129.414,119.366,176.057,4.68,8.213,-43,-42.67,-0.33,0.1205,0.0006,222000,162360.5,151403.6,189396.4,-205450.5,-52217.0,-48136.8,69594.8,1424.7,0.0,0.0,299539.9,525656.4,0,0
121.2167,12087.157,-1068.495,11687.157,1662.595,129.895,120.173,176.958,4.904,7.96,-43,-42.76,-0.24,0.1284,0.0007,222000,162360.5,151403.6,204298.4,-220931.8,-52822.1,-48845.3,70309.3,1635.4,0.0,0.0,313836.7,509466.6,0,0
121.3167,12100.175,-1056.432,11700.175,1650.532,130.397,120.955,177.858,5.106,7.731,-43,-42.84,-0.16,0.1353,0.0008,222000,162360.5,151403.6,217826.6,-234928.0,-53429.3,-49540.0,71027.2,1835.0,0.0,0.0,326757.8,494775.7,0,0
121.4167,12113.245,-1044.292,11713.245,1638.392,130.919,121.716,178.758,5.288,7.523,-43,-42.9,-0.1,0.1413,0.0008,222000,162360.5,151403.6,230092.2,-247577.6,-54036.6,-50220.3,71748.3,2021.9,0.0,0.0,338416.1,481445.8,0,0
121.5167,12126.369,-1032.077,11726.369,1626.177,131.457,122.457,179.657,5.452,7.334,-43,-42.96,-0.04,0.1465,0.0009,222000,162360.5,151403.6,241199.3,-259006.1,-54642.7,-50886.0,72472.5,2194.8,0.0,0.0,348917.1,469351.5,0,0
121.6167,12139.547,-1019.789,11739.547,1613.889,132.011,123.18,180.556,5.599,7.162,-43,-43.01,0.01,0.151,0.001,222000,162360.5,151403.6,251244.9,-269327.4,-55246.6,-51537.4,73199.8,2353.4,0.0,0.0,358358.8,458378.8,0,0
121.7167,12152.781,-1007.429,11752.781,1601.529,132.579,123.887,181.453,5.732,7.007,-43,-43.05,0.05,0.1547,0.001,222000,162360.5,151403.6,260319.4,-278644.7,-55847.8,-52174.9,73930.1,2497.6,0.0,0.0,366832.2,448424.0,0,0
121.8167,12166.072,-995.0,11766.072,1589.1,133.159,124.58,182.35,5.85,6.866,-43,-43.09,0.09,0.1579,0.0011,222000,162360.5,151403.6,268506.8,-287051.7,-56445.8,-52799.1,74663.3,2627.6,0.0,0.0,374421.5,439392.8,0,0
121.9167,12179.423,-982.502,11779.423,1576.602,133.75,125.259,183.245,5.956,6.737,-43,-43.12,0.12,0.1606,0.0011,222000,162360.5,151403.6,275884.7,-294633.6,-57040.6,-53410.9,75399.3,2743.9,0.0,0.0,381204.6,431199.2,0,0
122.0167,12192.833,-969.938,11792.833,1564.038,134.352,125.925,184.14,6.051,6.621,-43,-43.14,0.14,0.1628,0.0011,222000,162360.5,151403.6,282524.9,-301467.7,-57632.2,-54010.9,76138.1,2847.0,0.0,0.0,387253.2,423765.0,0,0
122.1167,12206.303,-957.307,11806.303,1551.407,134.962,126.581,185.034,6.135,6.516,-43,-43.16,0.16,0.1646,0.0011,222000,162360.5,151403.6,288493.6,-307624.3,-58220.8,-54600.1,76879.7,2937.8,0.0,0.0,392633.4,417019.2,0,0
122.2167,12219.835,-944.611,11819.835,1538.711,135.58,127.227,185.926,6.209,6.42,-43,-43.18,0.18,0.166,0.0012,222000,162360.5,151403.6,293851.9,-313167.3,-58806.4,-55179.4,77623.9,3017.0,0.0,0.0,397406.0,410897.0,0,0
122.3167,12233.43,-931.851,11833.43,1525.951,136.204,127.864,186.818,6.275,6.333,-43,-43.19,0.19,0.167,0.0012,222000,162360.5,151403.6,298655.7,-318154.7,-59389.4,-55749.6,78370.9,3085.4,0.0,0.0,401626.8,405339.4,0,0
122.4167,12247.087,-919.028,11847.087,1513.128,136.835,128.493,187.708,6.334,6.255,-43,-43.2,0.2,0.1678,0.0012,222000,162360.5,151403.6,302956.5,-322639.3,-59970.0,-56311.5,79120.4,3143.8,0.0,0.0,405347.0,400292.8,0,0
122.5167,12260.808,-906.142,11860.808,1500.242,137.472,129.114,188.597,6.385,6.183,-43,-43.2,0.2,0.1683,0.0012,222000,162360.5,151403.6,306801.4,-326669.0,-60548.6,-56866.1,79872.5,3193.1,0.0,0.0,408613.3,395708.5,0,0
122.6167,12274.592,-893.195,11874.592,1487.295,138.113,129.729,189.485,6.429,6.118,-43,-43.21,0.21,0.1686,0.0012,222000,162360.5,151403.6,310233.5,-330287.5,-61125.4,-57414.1,80627.2,3234.0,0.0,0.0,411468.7,391542.1,0,0
122.7167,12288.441,-880.186,11888.441,1474.286,138.758,130.337,190.372,6.468,6.059,-43,-43.21,0.21,0.1687,0.0012,222000,162360.5,151403.6,313292.3,-333534.2,-61700.7,-57956.2,81384.3,3267.3,0.0,0.0,413952.1,387753.3,0,0
122.8167,12302.355,-867.118,11902.355,1461.218,139.407,130.939,191.258,6.502,6.005,-43,-43.21,0.21,0.1686,0.0012,222000,162360.5,151403.6,316013.7,-336445.0,-62274.8,-58493.1,82144.0,3293.7,0.0,0.0,416099.4,384305.5,0,0
122.9167,12316.333,-853.989,11916.333,1448.089,140.059,131.537,192.142,6.53,5.956,-43,-43.2,0.2,0.1683,0.0012,222000,162360.5,151403.6,318430.5,-339052.8,-62848.0,-59025.4,82906.1,3313.9,0.0,0.0,417943.0,381165.5,0,0
123.0167,12330.377,-840.8,11930.377,1434.9,140.713,132.13,193.025,6.555,5.911,-43,-43.2,0.2,0.1679,0.0012,222000,162360.5,151403.6,320572.5,-341386.9,-63420.6,-59553.9,83670.6,3328.5,0.0,0.0,419512.5,378302.9,0,0
123.1167,12344.487,-827.553,11944.487,1421.653,141.37,132.719,193.907,6.576,5.87,-43,-43.19,0.19,0.1674,0.0012,222000,162360.5,151403.6,322467.1,-343474.3,-63992.8,-60078.9,84437.5,3338.0,0.0,0.0,420834.8,375690.4,0,0
123.2167,12358.663,-814.247,11958.663,1408.347,142.029,133.303,194.787,6.593,5.833,-43,-43.19,0.19,0.1668,0.0012,222000,162360.5,151403.6,324138.7,-345339.4,-64564.7,-60601.1,85206.8,3343.2,0.0,0.0,421934.5,373303.2,0,0
123.3167,12372.904,-800.883,11972.904,1394.983,142.689,133.885,195.666,6.607,5.799,-43,-43.18,0.18,0.166,0.0012,222000,162360.5,151403.6,325609.9,-347004.1,-65136.8,-61120.8,85978.4,3344.3,0.0,0.0,422833.7,371118.7,0,0
123.4167,12387.211,-787.46,11987.211,1381.56,143.35,134.463,196.544,6.618,5.767,-43,-43.17,0.17,0.1652,0.0012,222000,162360.5,151403.6,326901.0,-348488.6,-65709.0,-61638.6,86752.4,3341.9,0.0,0.0,423552.6,369116.5,0,0
123.5167,12401.585,-773.981,12001.585,1368.081,144.012,135.038,197.42,6.627,5.739,-43,-43.16,0.16,0.1644,0.0011,222000,162360.5,151403.6,328030.5,-349810.8,-66281.6,-62154.7,87528.6,3336.4,0.0,0.0,424109.4,367278.1,0,0
123.6167,12416.025,-760.443,12016.025,1354.543,144.676,135.61,198.296,6.633,5.712,-43,-43.15,0.15,0.1634,0.0011,222000,162360.5,151403.6,329014.9,-350987.3,-66854.7,-62669.5,88307.1,3328.1,0.0,0.0,424520.6,365586.9,0,0
123.7167,12430.531,-746.849,12030.531,1340.949,145.339,136.18,199.169,6.638,5.688,-43,-43.14,0.14,0.1625,0.0011,222000,162360.5,151403.6,329869.3,-352032.7,-67428.6,-63183.4,89087.9,3317.5,0.0,0.0,424801.3,364027.6,0,0
123.8167,12445.104,-733.198,12045.104,1327.298,146.003,136.747,200.042,6.64,5.665,-43,-43.13,0.13,0.1614,0.0011,222000,162360.5,151403.6,330607.5,-352960.5,-68003.2,-63696.6,89870.9,3304.7,0.0,0.0,424964.8,362586.6,0,0
123.9167,12459.743,-719.49,12059.743,1313.59,146.667,137.313,200.913,6.641,5.645,-43,-43.12,0.12,0.1604,0.0011,222000,162360.5,151403.6,331241.7,-353782.8,-68578.8,-64209.3,90656.1,3290.1,0.0,0.0,425023.4,361251.5,0,0
124.0167,12474.448,-705.726,12074.448,1299.826,147.331,137.876,201.783,6.64,5.625,-43,-43.1,0.1,0.1593,0.0011,222000,162360.5,151403.6,331783.0,-354510.4,-69155.4,-64721.9,91443.5,3273.9,0.0,0.0,424988.1,360011.3,0,0
124.1167,12489.22,-691.906,12089.22,1286.006,147.995,138.437,202.651,6.639,5.607,-43,-43.09,0.09,0.1582,0.0011,222000,162360.5,151403.6,332241.4,-355153.3,-69733.1,-65234.4,92233.1,3256.4,0.0,0.0,424868.9,358855.9,0,0
124.2167,12504.058,-678.029,12104.058,1272.129,148.659,138.997,203.518,6.636,5.59,-43,-43.08,0.08,0.1571,0.001,222000,162360.5,151403.6,332626.0,-355720.4,-70312.0,-65747.1,93024.8,3237.6,0.0,0.0,424674.6,357776.2,0,0
124.3167,12518.963,-664.097,12118.963,1258.197,149.322,139.555,204.384,6.631,5.574,-43,-43.07,0.07,0.1559,0.001,222000,162360.5,151403.6,332944.8,-356219.5,-70892.1,-66260.1,93818.6,3217.9,0.0,0.0,424413.2,356764.0,0,0
124.4167,12533.934,-650.109,12133.934,1244.209,149.985,140.112,205.248,6.626,5.56,-43,-43.05,0.05,0.1548,0.001,222000,162360.5,151403.6,333205.2,-356658.0,-71473.5,-66773.6,94614.6,3197.4,0.0,0.0,424092.2,355812.0,0,0
124.5167,12548.971,-636.066,12148.971,1230.166,150.647,140.667,206.111,6.621,5.546,-43,-43.04,0.04,0.1536,0.001,222000,162360.5,151403.6,333413.6,-357042.3,-72056.3,-67287.7,95412.6,3176.1,0.0,0.0,423717.8,354913.7,0,0
124.6167,12564.074,-621.967,12164.074,1216.067,151.309,141.221,206.973,6.614,5.532,-43,-43.03,0.03,0.1524,0.001,222000,162360.5,151403.6,333576.0,-357378.2,-72640.5,-67802.4,96212.7,3154.3,0.0,0.0,423296.1,354063.0,0,0
124.7167,12579.244,-607.812,12179.244,1201.912,151.97,141.773,207.833,6.607,5.52,-43,-43.01,0.01,0.1513,0.001,222000,162360.5,151403.6,333697.7,-357671.0,-73226.1,-68318.0,97014.9,3132.0,0.0,0.0,422832.1,353254.6,0,0
124.8167,12594.479,-593.603,12194.479,1187.703,152.63,142.324,208.692,6.599,5.508,-43,-43.0,0.0,0.1501,0.001,222000,162360.5,151403.6,333783.3,-357925.4,-73813.1,-68834.4,97819.1,3109.4,0.0,0.0,422330.7,352483.8,0,0
124.9167,12609.781,-579.338,12209.781,1173.438,153.29,142.875,209.549,6.591,5.496,-43,-42.99,-0.01,0.1489,0.0009,222000,162360.5,151403.6,333837.2,-358145.6,-74401.7,-69351.8,98625.3,3086.5,0.0,0.0,421796.0,351746.3,0,0
125.0167,12625.148,-565.019,12225.148,1159.119,153.948,143.424,210.405,6.582,5.485,-43,-42.98,-0.02,0.1478,0.0009,222000,162360.5,151403.6,333863.0,-358335.3,-74991.7,-69870.2,99433.5,3063.3,0.0,0.0,421231.8,351038.1,0,0
125.1167,12640.581,-550.644,12240.581,1144.744,154.606,143.971,211.26,6.573,5.474,-43,-42.96,-0.04,0.1466,0.0009,222000,162360.5,151403.6,333864.2,-358498.1,-75583.3,-70389.7,100243.7,3040.1,0.0,0.0,420641.5,350355.9,0,0
125.2167,12656.08,-536.215,12256.08,1130.315,155.262,144.518,212.113,6.563,5.464,-43,-42.95,-0.05,0.1455,0.0009,222000,162360.5,151403.6,333843.9,-358636.8,-76176.4,-70910.2,101055.8,3016.7,0.0,0.0,420028.0,349696.6,0,0
125.3167,12671.645,-521.732,12271.645,1115.832,155.918,145.064,212.965,6.553,5.454,-43,-42.94,-0.06,0.1443,0.0009,222000,162360.5,151403.6,333804.6,-358754.3,-76771.0,-71431.9,101869.9,2993.3,0.0,0.0,419394.1,349057.4,0,0
125.4167,12687.275,-507.193,12287.275,1101.293,156.573,145.609,213.815,6.543,5.444,-43,-42.92,-0.08,0.1432,0.0009,222000,162360.5,151403.6,333748.8,-358853.0,-77367.2,-71954.8,102685.9,2970.0,0.0,0.0,418742.2,348435.8,0,0
125.5167,12702.97,-492.601,12302.97,1086.701,157.227,146.153,214.664,6.532,5.435,-43,-42.91,-0.09,0.142,0.0009,222000,162360.5,151403.6,333678.7,-358935.0,-77964.9,-72478.9,103503.9,2946.6,0.0,0.0,418074.3,347829.8,0,0
125.6167,12718.731,-477.954,12318.731,1072.054,157.879,146.696,215.512,6.522,5.426,-43,-42.9,-0.1,0.1409,0.0008,222000,162360.5,151403.6,333596.1,-359002.2,-78564.1,-73004.2,104323.7,2923.4,0.0,0.0,417392.5,347237.2,0,0
125.7167,12734.557,-463.253,12334.557,1057.353,158.531,147.238,216.358,6.511,5.417,-43,-42.89,-0.11,0.1398,0.0008,222000,162360.5,151403.6,333502.8,-359056.5,-79164.9,-73530.8,105145.4,2900.3,0.0,0.0,416698.4,346656.3,0,0
125.8167,12750.448,-448.497,12350.448,1042.597,159.181,147.779,217.203,6.5,5.408,-43,-42.87,-0.13,0.1387,0.0008,222000,162360.5,151403.6,333400.2,-359099.3,-79767.2,-74058.6,105968.9,2877.3,0.0,0.0,415993.5,346085.7,0,0
125.9167,12766.404,-433.688,12366.404,1027.788,159.831,148.319,218.047,6.489,5.399,-43,-42.86,-0.14,0.1376,0.0008,222000,162360.5,151403.6,333289.8,-359132.1,-80371.1,-74587.7,106794.3,2854.4,0.0,0.0,415279.2,345523.8,0,0
126.0167,12782.425,-418.825,12382.425,1012.925,160.479,148.858,218.889,6.477,5.39,-43,-42.85,-0.15,0.1366,0.0008,222000,162360.5,151403.6,333172.6,-359155.9,-80976.4,-75118.1,107621.4,2831.8,0.0,0.0,414556.6,344969.6,0,0
126.1167,12798.51,-403.907,12398.51,998.007,161.126,149.397,219.729,6.466,5.382,-43,-42.84,-0.16,0.1355,0.0008,222000,162360.5,151403.6,333049.7,-359172.1,-81583.3,-75649.8,108450.4,2809.3,0.0,0.0,413826.9,344421.8,0,0
126.2167,12814.661,-388.936,12414.661,983.036,161.772,149.935,220.569,6.455,5.373,-43,-42.83,-0.17,0.1344,0.0008,222000,162360.5,151403.6,332922.0,-359181.4,-82191.7,-76182.8,109281.2,2787.1,0.0,0.0,413090.8,343879.5,0,0
126.3167,12830.875,-373.911,12430.875,968.011,162.417,150.471,221.406,6.443,5.365,-43,-42.82,-0.18,0.1334,0.0008,222000,162360.5,151403.6,332790.5,-359184.7,-82801.6,-76717.0,110113.7,2765.0,0.0,0.0,412349.4,343341.9,0,0
126.4167,12847.155,-358.833,12447.155,952.933,163.06,151.007,222.243,6.431,5.356,-43,-42.8,-0.2,0.1324,0.0007,222000,162360.5,151403.6,332655.7,-359182.9,-83413.0,-77252.6,110948.0,2743.2,0.0,0.0,411603.2,342808.2,0,0
126.5167,12863.498,-343.701,12463.498,937.801,163.703,151.543,223.078,6.42,5.348,-43,-42.79,-0.21,0.1314,0.0007,222000,162360.5,151403.6,332518.3,-359176.6,-84025.8,-77789.4,111784.0,2721.6,0.0,0.0,410853.0,342277.7,0,0
126.6167,12879.906,-328.516,12479.906,922.616,164.344,152.077,223.911,6.408,5.34,-43,-42.78,-0.22,0.1304,0.0007,222000,162360.5,151403.6,332379.0,-359166.3,-84640.1,-78327.5,112621.8,2700.2,0.0,0.0,410099.4,341749.8,0,0
126.7167,12896.378,-313.277,12496.378,907.377,164.984,152.61,224.744,6.396,5.332,-43,-42.77,-0.23,0.1294,0.0007,222000,162360.5,151403.6,332238.1,-359152.7,-85255.9,-78866.9,113461.2,2679.1,0.0,0.0,409342.7,341224.1,0,0
126.8167,12912.913,-297.985,12512.913,892.085,165.623,153.143,225.574,6.384,5.323,-43,-42.76,-0.24,0.1284,0.0007,222000,162360.5,151403.6,332096.1,-359136.1,-85873.1,-79407.5,114302.3,2658.2,0.0,0.0,408583.5,340700.0,0,0
126.9167,12929.513,-282.639,12529.513,876.739,166.261,153.675,226.404,6.372,5.315,-43,-42.75,-0.25,0.1274,0.0007,222000,162360.5,151403.6,331953.4,-359117.1,-86491.7,-79949.5,115145.1,2637.5,0.0,0.0,407822.2,340177.1,0,0
127.0167,12946.176,-267.241,12546.176,861.341,166.897,154.206,227.231,6.36,5.307,-43,-42.74,-0.26,0.1265,0.0007,222000,162360.5,151403.6,331810.3,-359095.9,-87111.7,-80492.6,115989.5,2617.1,0.0,0.0,407059.0,339655.1,0,0
127.1167,12962.903,-251.789,12562.903,845.889,167.532,154.736,228.058,6.348,5.299,-43,-42.73,-0.27,0.1255,0.0007,222000,162360.5,151403.6,331667.0,-359072.9,-87733.2,-81037.0,116835.5,2596.9,0.0,0.0,406294.4,339133.7,0,0
127.2167,12979.693,-236.285,12579.693,830.385,168.167,155.266,228.883,6.336,5.291,-43,-42.72,-0.28,0.1246,0.0007,222000,162360.5,151403.6,331524.0,-359048.4,-88356.0,-81582.7,117683.2,2577.0,0.0,0.0,405528.5,338612.6,0,0
127.3167,12996.546,-220.727,12596.546,814.827,168.8,155.794,229.707,6.324,5.283,-43,-42.71,-0.29,0.1237,0.0006,222000,162360.5,151403.6,331381.3,-359022.6,-88980.1,-82129.5,118532.4,2557.3,0.0,0.0,404761.6,338091.5,0,0
127.4167,13013.463,-205.117,12613.463,799.217,169.431,156.322,230.529,6.312,5.275,-43,-42.7,-0.3,0.1227,0.0006,222000,162360.5,151403.6,331239.1,-358995.7,-89605.7,-82677.6,119383.2,2537.9,0.0,0.0,403993.9,337570.4,0,0
127.5167,13030.443,-189.454,12630.443,783.554,170.062,156.849,231.35,6.3,5.266,-43,-42.69,-0.31,0.1218,0.0006,222000,162360.5,151403.6,331097.6,-358967.9,-90232.5,-83226.9,120235.6,2518.7,0.0,0.0,403225.6,337048.8,0,0
127.6167,13047.486,-173.739,12647.486,767.839,170.691,157.375,232.169,6.288,5.258,-43,-42.68,-0.32,0.121,0.0006,222000,162360.5,151403.6,330957.0,-358939.5,-90860.7,-83777.3,121089.5,2499.8,0.0,0.0,402456.8,336526.9,0,0
127.7167,13064.592,-157.97,12664.592,752.07,171.319,157.901,232.987,6.276,5.25,-43,-42.67,-0.33,0.1201,0.0006,222000,162360.5,151403.6,330817.3,-358910.5,-91490.2,-84328.9,121944.9,2481.0,0.0,0.0,401687.6,336004.2,0,0
127.8167,13081.76,-142.15,12681.76,736.25,171.946,158.425,233.803,6.264,5.242,-43,-42.66,-0.34,0.1192,0.0006,222000,162360.5,151403.6,330678.6,-358881.0,-92121.0,-84881.7,122801.9,2462.6,0.0,0.0,400918.2,335480.9,0,0
127.9167,13098.992,-126.277,12698.992,720.377,172.572,158.949,234.618,6.252,5.234,-43,-42.65,-0.35,0.1184,0.0006,222000,162360.5,151403.6,330541.1,-358851.2,-92753.0,-85435.7,123660.3,2444.3,0.0,0.0,400148.6,334956.7,0,0
128.0167,13116.285,-110.351,12716.285,704.451,173.196,159.472,235.432,6.24,5.225,-43,-42.64,-0.36,0.1175,0.0006,222000,162360.5,151403.6,330404.8,-358821.2,-93386.4,-85990.7,124520.2,2426.3,0.0,0.0,399379.0,334431.7,0,0
128.1167,13133.641,-94.374,12733.641,688.474,173.82,159.994,236.244,6.228,5.217,-43,-42.63,-0.37,0.1167,0.0006,222000,162360.5,151403.6,330269.8,-358791.1,-94020.9,-86546.9,125381.6,2408.5,0.0,0.0,398609.4,333905.6,0,0
128.2167,13151.059,-78.344,12751.059,672.444,174.442,160.515,237.055,6.216,5.209,-43,-42.62,-0.38,0.1159,0.0006,222000,162360.5,151403.6,330136.1,-358760.9,-94656.7,-87104.3,126244.4,2390.9,0.0,0.0,397839.9,333378.5,0,0
128.3167,13168.54,-62.262,12768.54,656.362,175.063,161.035,237.864,6.204,5.201,-43,-42.61,-0.39,0.115,0.0006,222000,162360.5,151403.6,330003.7,-358730.7,-95293.7,-87662.7,127108.6,2373.6,0.0,0.0,397070.5,332850.3,0,0
128.4167,13186.082,-46.128,12786.082,640.228,175.683,161.555,238.672,6.192,5.193,-43,-42.6,-0.4,0.1142,0.0006,222000,162360.5,151403.6,329872.7,-358700.5,-95932.0,-88222.2,127974.2,2356.5,0.0,0.0,396301.3,332320.9,0,0
128.5167,13203.687,-29.942,12803.687,624.042,176.301,162.074,239.479,6.18,5.184,-43,-42.59,-0.41,0.1134,0.0005,222000,162360.5,151403.6,329743.1,-358670.5,-96571.4,-88782.7,128841.3,2339.6,0.0,0.0,395532.3,331790.4,0,0
128.6167,13221.353,-13.705,12821.353,607.805,176.918,162.592,240.284,6.168,5.176,-43,-42.59,-0.41,0.1127,0.0005,222000,162360.5,151403.6,329614.9,-358640.6,-97212.0,-89344.4,129709.6,2322.9,0.0,0.0,394763.5,331258.7,0,0
128.7167,13239.081,2.585,12839.081,591.515,177.535,163.109,241.087,6.156,5.168,-43,-42.58,-0.42,0.1119,0.0005,222000,162360.5,151403.6,329488.2,-358610.8,-97853.7,-89907.0,130579.4,2306.4,0.0,0.0,393995.0,330725.8,0,0
128.8167,13256.87,18.926,12856.87,575.174,178.149,163.625,241.889,6.144,5.159,-43,-42.57,-0.43,0.1111,0.0005,222000,162360.5,151403.6,329362.9,-358581.3,-98496.6,-90470.7,131450.5,2290.1,0.0,0.0,393226.8,330191.6,0,0
128.9167,13274.721,35.318,12874.721,558.782,178.763,164.141,242.69,6.132,5.151,-43,-42.56,-0.44,0.1104,0.0005,222000,162360.5,151403.6,329239.0,-358552.0,-99140.6,-91035.5,132322.9,2274.0,0.0,0.0,392458.9,329656.2,0,0
129.0167,13292.633,51.762,12892.633,542.338,179.376,164.655,243.489,6.12,5.142,-43,-42.55,-0.45,0.1096,0.0005,222000,162360.5,151403.6,329116.5,-358522.9,-99785.7,-91601.2,133196.6,2258.1,0.0,0.0,391691.3,329119.5,0,0
129.1167,13310.606,68.258,12910.606,525.842,179.987,165.169,244.287,6.108,5.134,-43,-42.54,-0.46,0.1089,0.0005,222000,162360.5,151403.6,328995.5,-358494.1,-100431.9,-92167.9,134071.6,2242.4,0.0,0.0,390924.0,328581.6,0,0
129.2167,13328.64,84.805,12928.64,509.295,180.597,165.682,245.083,6.096,5.126,-43,-42.53,-0.47,0.1081,0.0005,222000,162360.5,151403.6,328875.9,-358465.5,-101079.3,-92735.6,134947.8,2226.9,0.0,0.0,390157.1,328042.5,0,0
129.3167,13346.736,101.403,12946.736,492.697,181.206,166.194,245.878,6.084,5.117,-43,-42.53,-0.47,0.1074,0.0005,222000,162360.5,151403.6,328757.7,-358437.3,-101727.6,-93304.3,135825.3,2211.6,0.0,0.0,389390.5,327502.0,0,0
129.4167,13364.892,118.052,12964.892,476.048,181.814,166.705,246.672,6.072,5.109,-43,-42.52,-0.48,0.1067,0.0005,222000,162360.5,151403.6,328640.9,-358409.4,-102377.1,-93873.9,136704.1,2196.5,0.0,0.0,388624.3,326960.4,0,0
129.5167,13383.108,134.752,12983.108,459.348,182.42,167.216,247.464,6.06,5.1,-43,-42.51,-0.49,0.106,0.0005,222000,162360.5,151403.6,328525.5,-358381.7,-103027.5,-94444.5,137584.1,2181.6,0.0,0.0,387858.4,326417.5,0,0
129.6167,13401.386,151.504,13001.386,442.596,183.026,167.725,248.254,6.048,5.092,-43,-42.5,-0.5,0.1053,0.0005,222000,162360.5,151403.6,328411.4,-358354.4,-103679.0,-95016.0,138465.2,2166.8,0.0,0.0,387092.9,325873.3,0,0
129.7167,13419.724,168.306,13019.724,425.794,183.63,168.234,249.043,6.036,5.083,-43,-42.5,-0.5,0.1046,0.0005,222000,162360.5,151403.6,328298.8,-358327.3,-104331.6,-95588.4,139347.6,2152.3,0.0,0.0,386327.7,325327.9,0,0
129.8167,13438.122,185.159,13038.122,408.941,184.233,168.742,249.831,6.024,5.075,-43,-42.49,-0.51,0.1039,0.0005,222000,162360.5,151403.6,328187.5,-358300.6,-104985.1,-96161.7,140231.1,2137.9,0.0,0.0,385562.9,324781.3,0,0
129.9167,13456.58,202.062,13056.58,392.038,184.834,169.249,250.617,6.012,5.066,-43,-42.48,-0.52,0.1033,0.0005,222000,162360.5,151403.6,328077.5,-358274.2,-105639.6,-96735.8,141115.8,2123.6,0.0,0.0,384798.5,324233.6,0,0
130.0167,13475.099,219.017,13075.099,375.083,185.435,169.755,251.402,6.001,5.058,-43,-42.47,-0.53,0.1026,0.0004,222000,162360.5,151403.6,327968.8,-358248.2,-106295.0,-97310.9,142001.6,2109.6,0.0,0.0,384034.3,323684.6,0,0
130.1167,13493.677,236.022,13093.677,358.078,186.034,170.26,252.185,5.989,5.049,-43,-42.47,-0.53,0.102,0.0004,222000,162360.5,151403.6,327861.5,-358222.4,-106951.4,-97886.8,142888.6,2095.7,0.0,0.0,383270.6,323134.4,0,0
130.2167,13512.315,253.077,13112.315,341.023,186.633,170.764,252.967,5.977,5.04,-43,-42.46,-0.54,0.1013,0.0004,222000,162360.5,151403.6,327755.4,-358196.9,-107608.8,-98463.6,143776.6,2082.0,0.0,0.0,382507.1,322583.1,0,0
130.3167,13531.013,270.183,13131.013,323.917,187.229,171.268,253.747,5.965,5.032,-43,-42.45,-0.55,0.1007,0.0004,222000,162360.5,151403.6,327650.6,-358171.8,-108267.1,-99041.2,144665.8,2068.4,0.0,0.0,381744.0,322030.6,0,0
130.4167,13549.771,287.339,13149.771,306.761,187.825,171.771,254.526,5.953,5.023,-43,-42.44,-0.56,0.1,0.0004,222000,162360.5,151403.6,327547.0,-358147.0,-108926.3,-99619.6,145556.0,2055.0,0.0,0.0,380981.3,321477.0,0,0
130.5167,13568.588,304.545,13168.588,289.555,188.42,172.272,255.303,5.941,5.014,-43,-42.44,-0.56,0.0994,0.0004,222000,162360.5,151403.6,327444.7,-358122.5,-109586.4,-100198.9,146447.2,2041.8,0.0,0.0,380218.8,320922.3,0,0
130.6167,13587.465,321.802,13187.465,272.298,189.013,172.773,256.079,5.929,5.006,-43,-42.43,-0.57,0.0988,0.0004,222000,162360.5,151403.6,327343.6,-358098.3,-110247.3,-100778.9,147339.5,2028.7,0.0,0.0,379456.7,320366.5,0,0
130.7167,13606.401,339.108,13206.401,254.992,189.605,173.273,256.854,5.917,4.997,-43,-42.42,-0.58,0.0982,0.0004,222000,162360.5,151403.6,327243.6,-358074.3,-110909.2,-101359.8,148232.9,2015.8,0.0,0.0,378695.0,319809.5,0,0
130.8167,13625.396,356.465,13225.396,237.635,190.196,173.773,257.627,5.905,4.988,-43,-42.42,-0.58,0.0976,0.0004,222000,162360.5,151403.6,327144.9,-358050.7,-111571.9,-101941.4,149127.2,2003.0,0.0,0.0,377933.5,319251.5,0,0
130.9167,13644.45,373.871,13244.45,220.229,190.786,174.271,258.398,5.893,4.98,-43,-42.41,-0.59,0.097,0.0004,222000,162360.5,151403.6,327047.3,-358027.4,-112235.4,-102523.7,150022.5,1990.4,0.0,0.0,377172.4,318692.5,0,0
131.0167,13663.563,391.327,13263.563,202.773,191.375,174.768,259.169,5.881,4.971,-43,-42.4,-0.6,0.0964,0.0004,222000,162360.5,151403.6,326950.9,-358004.4,-112899.8,-103106.8,150918.8,1977.9,0.0,0.0,376411.6,318132.4,0,0
131.1167,13682.735,408.833,13282.735,185.267,191.962,175.265,259.937,5.87,4.962,-43,-42.4,-0.6,0.0958,0.0004,222000,162360.5,151403.6,326855.5,-357981.7,-113565.0,-103690.7,151816.0,1965.5,0.0,0.0,375651.0,317571.3,0,0
131.2167,13701.965,426.389,13301.965,167.711,192.549,175.761,260.704,5.858,4.953,-43,-42.39,-0.61,0.0952,0.0004,222000,162360.5,151403.6,326761.3,-357959.2,-114231.0,-104275.2,152714.2,1953.3,0.0,0.0,374890.8,317009.2,0,0
131.3167,13721.254,443.993,13321.254,150.107,193.134,176.255,261.47,5.846,4.944,-43,-42.38,-0.62,0.0946,0.0004,222000,162360.5,151403.6,326668.2,-357937.0,-114897.8,-104860.5,153613.4,1941.2,0.0,0.0,374130.9,316446.1,0,0
131.4167,13740.602,461.648,13340.602,132.452,193.718,176.749,262.234,5.834,4.936,-43,-42.38,-0.62,0.0941,0.0004,222000,162360.5,151403.6,326576.2,-357915.1,-115565.4,-105446.5,154513.4,1929.3,0.0,0.0,373371.3,315882.0,0,0
131.5167,13760.007,479.352,13360.007,114.748,194.3,177.242,262.997,5.822,4.927,-43,-42.37,-0.63,0.0935,0.0004,222000,162360.5,151403.6,326485.2,-357893.5,-116233.7,-106033.2,155414.3,1917.5,0.0,0.0,372612.0,315317.0,0,0
131.6,13776.223,494.142,13376.223,99.958,194.785,177.653,263.632,5.812,4.919,-43,-42.37,-0.63,0.0931,0.0004,222000,162360.5,151403.6,326410.2,-357875.7,-116791.2,-106522.6,156165.7,1907.8,0.0,0.0,371979.5,314845.4,0,0
131.7,13795.736,511.936,13395.736,82.164,195.366,178.144,264.392,5.8,4.911,-43,-42.36,-0.64,0.0925,0.0004,222000,162360.5,151403.6,326321.1,-357854.5,-117460.9,-107110.5,157068.3,1896.2,0.0,0.0,371220.7,314278.6,0,0
131.8,13815.306,529.779,13415.306,64.321,195.945,178.635,265.15,5.788,4.902,-43,-42.36,-0.64,0.092,0.0004,222000,162360.5,151403.6,326233.0,-357833.7,-118131.3,-107699.0,157971.6,1884.8,0.0,0.0,370462.3,313711.0,0,0
131.9,13834.934,547.671,13434.934,46.429,196.523,179.124,265.907,5.777,4.893,-43,-42.35,-0.65,0.0914,0.0004,222000,162360.5,151403.6,326146.0,-357813.0,-118802.4,-108288.2,158875.8,1873.5,0.0,0.0,369704.1,313142.4,0,0
132.0,13854.62,565.612,13454.62,28.488,197.1,179.613,266.663,5.765,4.884,-43,-42.34,-0.66,0.0909,0.0003,222000,162360.5,151403.6,326059.9,-357792.7,-119474.2,-108878.0,159780.8,1862.3,0.0,0.0,368946.2,312573.0,0,0
132.1,13874.364,583.602,13474.364,10.498,197.676,180.101,267.417,5.753,4.875,-43,-42.34,-0.66,0.0904,0.0003,222000,162360.5,151403.6,325974.8,-357772.5,-120146.7,-109468.4,160686.6,1851.3,0.0,0.0,368188.5,312002.7,0,0
132.2,13894.161,594.1,13494.161,0.0,198.085,0.0,198.085,0.793,0.0,-43,-0.0,-43.0,0,0.0,222000,162360.5,151403.6,0.0,-0.0,-88238.0,-0.0,88238.0,0.0,-23377.3,-779243.6,50745.2,0.0,1,1
132.3,13913.974,594.1,13513.974,0.0,198.165,0.0,198.165,0.792,0.0,-43,-0.0,-43.0,0,0.0,222000,162360.5,151403.6,0.0,-0.0,-88308.6,-0.0,88308.6,0.0,-23377.3,-779243.6,50674.6,0.0,1,1
132.4,13933.795,594.1,13533.795,0.0,198.244,0.0,198.244,0.791,0.0,-43,-0.0,-43.0,0,0.0,222000,162360.5,151403.6,0.0,-0.0,-88379.2,-0.0,88379.2,0.0,-23377.3,-779243.6,50604.0,0.0,1,1
132.5,13953.624,594.1,13553.624,0.0,198.323,0.0,198.323,0.79,0.0,-43,-0.0,-43.0,0,0.0,222000,162360.5,151403.6,0.0,-0.0,-88449.7,-0.0,88449.7,0.0,-23377.3,-779243.6,50533.5,0.0,1,1
132.6,13973.461,594.1,13573.461,0.0,198.402,0.0,198.402,0.788,0.0,-43,-0.0,-43.0,0,0.0,222000,162360.5,151403.6,0.0,-0.0,-88520.1,-0.0,88520.1,0.0,-23377.3,-779243.6,50463.1,0.0,1,1
132.7,13993.306,594.1,13593.306,0.0,198.48,0.0,198.48,0.787,0.0,-43,-0.0,-43.0,0,0.0,222000,162360.5,151403.6,0.0,-0.0,-88590.4,-0.0,88590.4,0.0,-23377.3,-779243.6,50392.8,0.0,1,1
132.8,14013.158,594.1,13613.158,0.0,198.559,0.0,198.559,0.786,0.0,-43,-0.0,-43.0,0,0.0,222000,162360.5,151403.6,0.0,-0.0,-88660.7,-0.0,88660.7,0.0,-23377.3,-779243.6,50322.5,0.0,1,1
132.9,14033.019,594.1,13633.019,0.0,198.638,0.0,198.638,0.785,0.0,-43,-0.0,-43.0,0,0.0,222000,162360.5,151403.6,0.0,-0.0,-88730.9,-0.0,88730.9,0.0,-23377.3,-779243.6,50252.3,0.0,1,1
133.0,14052.887,594.1,13652.887,0.0,198.716,0.0,198.716,0.784,0.0,-43,-0.0,-43.0,0,0.0,222000,162360.5,151403.6,0.0,-0.0,-88801.0,-0.0,88801.0,0.0,-23377.3,-779243.6,50182.2,0.0,1,1
133.1,14072.763,594.1,13672.763,0.0,198.794,0.0,198.794,0.783,0.0,-43,-0.0,-43.0,0,0.0,222000,162360.5,151403.6,0.0,-0.0,-88871.1,-0.0,88871.1,0.0,-23377.3,-779243.6,50112.2,0.0,1,1
133.2,14092.647,594.1,13692.647,0.0,198.873,0.0,198.873,0.782,0.0,-43,-0.0,-43.0,0,0.0,222000,162360.5,151403.6,0.0,-0.0,-88941.0,-0.0,88941.0,0.0,-23377.3,-779243.6,50042.2,0.0,1,1
133.3,14112.539,594.1,13712.539,0.0,198.953,-0.0,198.953,0.806,-0.0,-40,-0.0,-40.0,-0.0655,0.0002,222000,170061.9,142698.8,-0.0,194284.6,-89551.0,-0.0,89012.5,538.5,-28944.7,-964823.5,51566.2,-0.0,1,1
133.4,14132.438,594.1,13732.438,0.0,199.011,0.0,199.011,0.361,0.0,-34,0.0,-34.0,-0.3655,0.0057,222000,184046.3,124140.8,0.0,1085119.9,-105857.8,0.0,89070.8,16787.0,-55113.0,-1837100.7,23075.5,0.0,1,1
133.5,14152.34,594.1,13752.34,0.0,199.002,-0.0,199.002,-0.468,-0.0,-28,-0.0,-28.0,-0.6655,0.0187,222000,196014.4,104222.7,-0.0,1975919.9,-144734.1,-0.0,89075.0,55659.2,-81239.5,-2707982.6,-29959.2,-0.0,1,1
133.6,14172.234,594.1,13772.234,0.0,198.887,0.0,198.887,-1.679,0.0,-22,0.0,-22.0,-0.9655,0.0395,222000,205834.8,83162.7,0.0,2863956.9,-206032.7,0.0,88990.7,117042.1,-107248.8,-3574959.5,-107446.7,0.0,1,1
133.7,14192.109,594.1,13792.109,0.0,198.63,0.0,198.63,-3.266,0.0,-16,0.0,-16.0,-1.2655,0.0678,222000,213400.1,61191.5,0.0,3745149.8,-289396.0,0.0,88784.1,200611.9,-133025.4,-4434181.2,-209021.4,0.0,1,1
133.8,14211.957,594.1,13811.957,0.0,198.434,0.0,198.434,-0.416,0.0,-10,-0.0,-10.0,-0.75,0.0238,222000,218627.3,38549.9,-0.0,2214170.7,-158858.6,-0.0,88566.8,70291.8,-86416.8,-2880560.6,-26648.1,0.0,1,0
133.9,14231.803,594.1,13831.803,0.0,198.508,-0.0,198.508,1.397,-0.0,-4,0.0,-4.0,-0.21,0.0019,222000,221459.2,15485.9,0.0,620239.6,-94119.0,0.0,88605.7,5513.3,-37907.0,-1263565.6,89433.3,-0.0,1,0
134.0,14251.664,594.098,13851.664,0.002,198.691,-0.115,198.691,1.866,-5.54,2,0.01,1.99,0.3294,0.0046,222000,221864.8,-7747.7,-109.7,-974664.9,-102352.6,11.5,88762.1,13590.5,0.0,0.0,119402.4,-354561.1,0,0
134.1,14271.544,594.056,13871.544,0.044,198.876,-0.633,198.877,1.841,-4.93,2,0.16,1.84,0.3157,0.0042,222000,221864.8,-7747.7,-2590.4,-935903.1,-101435.9,280.8,88928.6,12507.7,0.0,0.0,117838.4,-315530.0,0,0
134.2,14291.443,593.965,13891.443,0.135,199.059,-1.093,199.062,1.821,-4.389,2,0.29,1.71,0.3036,0.0039,222000,221864.8,-7747.7,-4621.6,-901517.6,-100677.1,516.1,89094.3,11584.1,0.0,0.0,116566.1,-280909.1,0,0
134.3,14311.359,593.831,13911.359,0.269,199.24,-1.504,199.245,1.805,-3.909,2,0.41,1.59,0.2928,0.0036,222000,221864.8,-7747.7,-6290.9,-871018.6,-100050.4,722.6,89259.1,10793.9,0.0,0.0,115523.5,-250203.7,0,0
134.4,14331.294,593.659,13931.294,0.441,199.419,-1.87,199.428,1.792,-3.484,2,0.52,1.48,0.2832,0.0034,222000,221864.8,-7747.7,-7668.0,-843970.4,-99534.6,904.3,89423.1,10115.7,0.0,0.0,114662.1,-222973.8,0,0
134.5,14351.246,593.453,13951.246,0.647,199.598,-2.196,199.61,1.78,-3.107,2,0.62,1.38,0.2746,0.0032,222000,221864.8,-7747.7,-8808.8,-819985.7,-99112.4,1064.7,89586.4,9531.8,0.0,0.0,113943.5,-198828.7,0,0
134.6,14371.216,593.216,13971.216,0.884,199.775,-2.487,199.791,1.771,-2.772,2,0.7,1.3,0.267,0.003,222000,221864.8,-7747.7,-9758.0,-798720.1,-98769.3,1206.7,89749.0,9027.7,0.0,0.0,113337.5,-177421.1,0,0
134.7,14391.204,592.952,13991.204,1.148,199.952,-2.746,199.971,1.763,-2.476,2,0.78,1.22,0.2602,0.0029,222000,221864.8,-7747.7,-10551.3,-779867.5,-98493.3,1332.6,89910.9,8591.4,0.0,0.0,112820.2,-158442.6,0,0
134.8,14411.209,592.664,14011.209,1.436,200.128,-2.978,200.15,1.756,-2.213,2,0.84,1.16,0.2542,0.0027,222000,221864.8,-7747.7,-11217.6,-763156.0,-98274.3,1444.5,90072.2,8212.6,0.0,0.0,112372.9,-141619.2,0,0
134.9,14431.232,592.354,14031.232,1.746,200.303,-3.186,200.328,1.75,-1.98,2,0.9,1.1,0.2488,0.0026,222000,221864.8,-7747.7,-11779.9,-748344.1,-98104.0,1544.3,90233.0,7883.1,0.0,0.0,111980.9,-126707.5,0,0
135.0,14451.273,592.024,14051.273,2.076,200.478,-3.371,200.506,1.744,-1.773,2,0.96,1.04,0.244,0.0025,222000,221864.8,-7747.7,-12257.1,-735217.3,-97975.4,1633.4,90393.2,7595.7,0.0,0.0,111632.3,-113491.6,0,0
135.1,14471.331,591.677,14071.331,2.423,200.652,-3.538,200.683,1.739,-1.59,2,1.0,1.0,0.2398,0.0024,222000,221864.8,-7747.7,-12664.1,-723585.1,-97882.5,1713.1,90553.0,7344.5,0.0,0.0,111318.1,-101779.6,0,0
135.2,14491.406,591.314,14091.406,2.786,200.826,-3.687,200.859,1.735,-1.428,2,1.05,0.95,0.2359,0.0024,222000,221864.8,-7747.7,-13013.2,-713278.2,-97820.5,1784.7,90712.3,7124.4,0.0,0.0,111031.0,-91401.2,0,0
135.3,14511.499,590.938,14111.499,3.162,200.999,-3.821,201.035,1.731,-1.284,2,1.08,0.92,0.2325,0.0023,222000,221864.8,-7747.7,-13314.5,-704146.6,-97785.0,1849.0,90871.2,6931.2,0.0,0.0,110765.3,-82205.3,0,0
135.4,14531.609,590.549,14131.609,3.551,201.172,-3.942,201.21,1.727,-1.157,2,1.12,0.88,0.2294,0.0022,222000,221864.8,-7747.7,-13575.9,-696056.9,-97772.4,1907.0,91029.7,6761.2,0.0,0.0,110516.5,-74057.6,0,0
135.5,14551.736,590.148,14151.736,3.952,201.344,-4.051,201.385,1.723,-1.044,2,1.15,0.85,0.2267,0.0022,222000,221864.8,-7747.7,-13804.1,-688890.9,-97779.6,1959.3,91187.9,6611.4,0.0,0.0,110281.0,-66839.3,0,0
135.6,14571.88,589.737,14171.88,4.363,201.516,-4.15,201.559,1.72,-0.944,2,1.18,0.82,0.2242,0.0021,222000,221864.8,-7747.7,-14004.6,-682543.7,-97804.1,2006.8,91345.7,6479.0,0.0,0.0,110056.0,-60444.6,0,0
135.7,14592.042,589.317,14192.042,4.783,201.688,-4.239,201.733,1.716,-0.856,2,1.2,0.8,0.222,0.0021,222000,221864.8,-7747.7,-14181.8,-676922.1,-97843.6,2049.9,91503.2,6361.9,0.0,0.0,109839.4,-54779.9,0,0
135.8,14612.221,588.888,14212.221,5.212,201.859,-4.32,201.906,1.713,-0.778,2,1.22,0.78,0.22,0.002,222000,221864.8,-7747.7,-14339.3,-671943.5,-97896.1,2089.1,91660.4,6258.0,0.0,0.0,109629.3,-49762.0,0,0
135.9,14632.417,588.452,14232.417,5.648,202.031,-4.394,202.078,1.71,-0.708,2,1.24,0.76,0.2182,0.002,222000,221864.8,-7747.7,-14480.3,-667534.6,-97960.0,2125.0,91817.3,6165.7,0.0,0.0,109424.5,-45317.3,0,0
136.0,14652.63,588.008,14252.63,6.092,202.201,-4.461,202.251,1.707,-0.647,2,1.26,0.74,0.2165,0.002,222000,221864.8,-7747.7,-14607.3,-663630.5,-98033.7,2157.8,91974.0,6083.5,0.0,0.0,109223.7,-41380.4,0,0
136.1,14672.86,587.558,14272.86,6.542,202.372,-4.522,202.422,1.704,-0.592,2,1.28,0.72,0.215,0.002,222000,221864.8,-7747.7,-14722.3,-660173.6,-98116.1,2188.1,92130.4,6010.1,0.0,0.0,109026.3,-37893.2,0,0
136.2,14693.107,587.103,14293.107,6.997,202.542,-4.579,202.594,1.7,-0.544,2,1.29,0.71,0.2137,0.0019,222000,221864.8,-7747.7,-14827.2,-657112.7,-98206.1,2215.9,92286.6,5944.5,0.0,0.0,108831.5,-34804.4,0,0
136.3,14713.371,586.642,14313.371,7.458,202.712,-4.63,202.765,1.697,-0.501,2,1.31,0.69,0.2124,0.0019,222000,221864.8,-7747.7,-14923.4,-654402.6,-98302.6,2241.7,92442.5,5885.7,0.0,0.0,108638.8,-32068.5,0,0
136.4,14733.652,586.176,14333.652,7.924,202.881,-4.678,202.935,1.694,-0.463,2,1.32,0.68,0.2113,0.0019,222000,221864.8,-7747.7,-15012.1,-652003.1,-98405.0,2265.7,92598.2,5832.8,0.0,0.0,108447.7,-29645.1,0,0
136.5,14753.95,585.701,14353.95,8.399,203.04,-4.941,203.1,1.261,-9.148,4,1.35,2.65,0.3884,0.0064,222000,221459.2,-15485.9,-28316.8,-1200457.3,-112461.8,2652.8,92752.3,19740.8,0.0,0.0,80680.6,-585450.4,0,0
136.6,14774.256,585.089,14374.256,9.011,203.046,-7.283,203.177,-1.023,-33.181,10,1.9,8.1,0.8792,0.0327,222000,218627.3,-38549.9,-90123.9,-2719290.8,-193985.9,6429.2,92842.7,101249.8,0.0,0.0,-65482.5,-2123571.5,0,0
136.7,14794.546,584.111,14394.546,9.989,202.724,-11.85,203.07,-5.045,-54.18,16,3.09,12.91,1.3119,0.0729,222000,213400.1,-61191.5,-218686.9,-4051330.7,-317619.4,17144.8,92777.6,225304.2,0.0,0.0,-322906.2,-3467537.4,0,0
136.8,14814.782,582.602,14414.782,11.498,202.091,-17.395,202.838,-7.136,-55.693,19,4.66,14.34,1.3483,0.0769,222000,209905.1,-72276.1,-337683.1,-4146693.1,-328918.2,26785.2,92573.2,237433.8,0.0,0.0,-456696.1,-3564344.0,0,1
136.9,14834.945,580.536,14434.945,13.564,201.279,-22.921,202.58,-8.354,-52.841,19,6.24,12.76,1.298,0.0713,222000,209905.1,-72276.1,-434563.5,-3971326.6,-309978.3,33919.5,92337.1,219491.5,0.0,0.0,-534636.7,-3381843.3,0,0
137.0,14855.024,577.953,14455.024,16.147,200.44,-27.819,202.361,-8.392,-46.34,19,7.68,11.32,1.1688,0.0578,222000,209905.1,-72276.1,-479680.5,-3557374.8,-267307.3,36044.0,92131.3,177595.2,0.0,0.0,-537082.7,-2965766.9,0,0
137.1,14875.019,574.916,14475.019,19.184,199.609,-32.115,202.176,-8.225,-40.661,19,8.94,10.06,1.055,0.0471,222000,209905.1,-72276.1,-502789.0,-3194589.1,-233501.3,36750.2,91958.3,144417.3,0.0,0.0,-526385.2,-2602275.0,0,0
137.2,14894.933,571.481,14494.933,22.619,198.803,-35.886,202.016,-7.922,-35.693,19,10.06,8.94,0.9546,0.0386,222000,209905.1,-72276.1,-510305.0,-2876566.1,-206634.7,36657.1,91809.7,118051.3,0.0,0.0,-507034.6,-2284345.1,0,0
137.3,14914.768,567.695,14514.768,26.405,198.033,-39.197,201.875,-7.536,-31.343,19,11.04,7.96,0.8661,0.0318,222000,209905.1,-72276.1,-506990.6,-2597683.8,-185211.3,36147.7,91678.9,97026.9,0.0,0.0,-482296.8,-2005972.2,0,0
137.4,14934.528,563.603,14534.528,30.497,197.304,-42.105,201.747,-7.102,-27.531,19,11.91,7.09,0.7879,0.0263,222000,209905.1,-72276.1,-496367.2,-2353022.4,-168067.6,35453.7,91561.1,80205.3,0.0,0.0,-454529.7,-1762004.9,0,0
137.5,14954.218,559.241,14554.218,34.859,196.621,-44.659,201.629,-6.647,-24.188,19,12.68,6.32,0.719,0.0219,222000,209905.1,-72276.1,-481024.9,-2138284.7,-154297.0,34710.4,91452.6,66700.4,0.0,0.0,-425416.7,-1548010.4,0,0
137.6,14973.843,554.641,14573.843,39.459,195.983,-46.904,201.517,-6.19,-21.253,19,13.35,5.65,0.6581,0.0183,222000,209905.1,-72276.1,-462853.7,-1949721.7,-143192.0,33993.0,91350.6,55821.1,0.0,0.0,-396140.6,-1360164.8,0,0
137.7,14993.406,549.834,14593.406,44.266,195.39,-48.876,201.41,-5.742,-18.674,19,13.95,5.05,0.6044,0.0155,222000,209905.1,-72276.1,-443218.7,-1784064.3,-134199.6,33339.5,91253.0,47025.8,0.0,0.0,-367513.1,-1195160.9,0,0
137.8,15012.913,544.843,14612.913,49.257,194.841,-50.609,201.306,-5.314,-16.408,19,14.48,4.52,0.5569,0.0131,222000,209905.1,-72276.1,-423091.0,-1638462.0,-126886.3,32765.1,91158.5,39889.9,0.0,0.0,-340072.2,-1050133.0,0,0
137.9,15032.367,539.692,14632.367,54.408,194.333,-52.132,201.204,-4.909,-14.416,19,14.94,4.06,0.515,0.0112,222000,209905.1,-72276.1,-403148.1,-1510429.3,-120911.9,32272.6,91065.9,34078.9,0.0,0.0,-314154.9,-922592.9,0,0
138.0,15051.773,534.4,14651.773,59.7,193.865,-53.469,201.103,-4.531,-12.662,19,15.36,3.64,0.478,0.0097,222000,209905.1,-72276.1,-383849.3,-1397797.4,-116008.7,31857.1,90974.3,29329.0,0.0,0.0,-289952.8,-810376.4,0,0
138.1,15071.134,528.983,14671.134,65.117,193.432,-54.644,201.002,-4.181,-11.119,19,15.72,3.28,0.4453,0.0084,222000,209905.1,-72276.1,-365492.3,-1298673.2,-111965.2,31510.9,90883.2,25431.6,0.0,0.0,-267552.3,-711598.4,0,0
138.2,15090.453,523.457,14690.453,70.643,193.033,-55.675,200.902,-3.859,-9.76,19,16.04,2.96,0.4165,0.0073,222000,209905.1,-72276.1,-348256.8,-1211403.3,-108614.3,31224.7,90792.2,22221.3,0.0,0.0,-246966.0,-624614.8,0,0
138.3,15109.735,517.836,14709.735,76.264,192.665,-56.58,200.801,-3.565,-8.562,19,16.32,2.68,0.391,0.0065,222000,209905.1,-72276.1,-332237.1,-1134542.4,-105823.5,30989.1,90701.0,19566.5,0.0,0.0,-228155.5,-547989.4,0,0
138.4,15128.981,512.131,14728.981,81.969,192.324,-57.373,200.699,-3.298,-7.507,19,16.57,2.43,0.3685,0.0057,222000,209905.1,-72276.1,-317466.1,-1066826.1,-103487.3,30795.7,90609.5,17362.7,0.0,0.0,-211048.2,-480466.5,0,0
138.5,15148.195,506.352,14748.195,87.748,192.009,-58.069,200.597,-3.055,-6.577,19,16.79,2.21,0.3487,0.0051,222000,209905.1,-72276.1,-303934.2,-1007147.8,-101521.5,30636.9,90517.5,15526.0,0.0,0.0,-195550.5,-420947.1,0,0
138.6,15167.379,500.509,14767.379,93.591,191.716,-58.678,200.495,-2.837,-5.757,19,16.99,2.01,0.3311,0.0046,222000,209905.1,-72276.1,-291602.6,-954538.2,-99858.7,30505.9,90425.0,13989.5,0.0,0.0,-181556.2,-368468.4,0,0
138.7,15186.534,494.61,14786.534,99.49,191.444,-59.211,200.391,-2.64,-5.034,19,17.16,1.84,0.3157,0.0042,222000,209905.1,-72276.1,-280413.6,-908147.6,-98444.9,30397.4,90331.9,12699.2,0.0,0.0,-168953.4,-322186.3,0,0
138.8,15205.664,488.661,14805.664,105.439,191.19,-59.676,200.287,-2.463,-4.396,19,17.31,1.69,0.302,0.0039,222000,209905.1,-72276.1,-270298.1,-867230.6,-97236.5,30306.6,90238.3,11611.7,0.0,0.0,-157629.4,-281360.1,0,0
138.9,15224.769,482.669,14824.769,111.431,190.953,-60.082,200.183,-2.304,-3.833,19,17.45,1.55,0.2899,0.0036,222000,209905.1,-72276.1,-261180.7,-831133.0,-96198.1,30229.9,90144.2,10691.9,0.0,0.0,-147473.7,-245339.2,0,0
139.0,15243.851,476.64,14843.851,117.46,190.731,-60.436,200.078,-2.162,-3.337,19,17.56,1.44,0.2793,0.0033,222000,209905.1,-72276.1,-252983.9,-799280.6,-95301.2,30164.2,90049.6,9911.4,0.0,0.0,-138380.0,-213552.5,0,0
139.1,15262.912,470.578,14862.912,123.522,190.523,-60.744,199.972,-2.035,-2.898,19,17.67,1.33,0.2699,0.0031,222000,209905.1,-72276.1,-245630.6,-771168.3,-94522.5,30107.1,89954.6,9246.9,0.0,0.0,-130248.0,-185497.4,0,0
139.2,15281.953,464.488,14881.953,129.612,190.326,-61.011,199.866,-1.922,-2.511,19,17.76,1.24,0.2616,0.0029,222000,209905.1,-72276.1,-239046.2,-746352.7,-93842.7,30056.5,89859.2,8679.4,0.0,0.0,-122983.8,-160732.3,0,0
139.3,15300.974,458.373,14900.974,135.727,190.14,-61.242,199.759,-1.82,-2.17,19,17.84,1.16,0.2543,0.0027,222000,209905.1,-72276.1,-233159.3,-724443.3,-93246.4,30011.0,89763.4,8193.5,0.0,0.0,-116500.6,-138868.4,0,0
139.4,15319.956,452.176,14919.956,141.924,189.463,-62.795,199.598,-10.378,-24.614,25,18.21,6.79,0.7611,0.0245,222000,201200.3,-93821.3,-710644.4,-2160188.6,-154740.1,50905.3,89634.6,73263.6,0.0,0.0,-664184.1,-1575264.6,0,0
139.5,15338.818,445.702,14938.818,148.398,187.893,-66.397,199.28,-19.604,-43.705,31,19.23,11.77,1.209,0.0619,222000,190291.1,-114338.5,-1186517.7,-3400791.7,-258420.9,90161.6,89377.3,184320.5,0.0,0.0,-1254647.5,-2797128.6,0,0
139.6,15357.476,438.782,14957.476,155.318,185.643,-71.159,198.814,-21.946,-44.96,37,20.73,16.27,1.2521,0.0664,222000,177297.1,-133602.9,-1314568.2,-3472821.9,-267268.7,101169.3,88966.9,196808.8,0.0,0.0,-1404539.8,-2877415.5,0,1
139.7,15375.919,431.424,14975.919,162.676,183.555,-75.267,198.387,-21.374,-40.887,40,22.08,17.92,1.1692,0.0579,222000,170061.9,-142698.8,-1297543.2,-3199424.9,-240436.4,97510.2,88583.6,170873.3,0.0,0.0,-1367917.7,-2616773.6,0,1
139.8,15394.143,423.654,14994.143,170.446,181.27,-79.469,197.924,-23.94,-42.826,40,23.44,16.56,1.2373,0.0648,222000,170061.9,-142698.8,-1446557.5,-3336833.3,-255669.4,110835.8,88178.1,190481.9,0.0,0.0,-1532165.0,-2740856.3,0,1
139.9,15412.123,415.452,15012.123,178.648,178.712,-83.864,197.411,-26.785,-44.74,40,24.89,15.11,1.3099,0.0726,222000,170061.9,-142698.8,-1612086.6,-3474797.4,-272245.0,126304.5,87729.3,212387.6,0.0,0.0,-1714269.7,-2863351.8,0,1
140.0,15429.83,406.8,15029.83,187.3,175.859,-88.437,196.844,-29.529,-45.981,40,26.43,13.57,1.371,0.0796,222000,170061.9,-142698.8,-1774630.6,-3569720.7,-285269.3,141817.2,87233.3,231342.8,0.0,0.0,-1889838.1,-2942762.4,0,0
140.1,15447.25,397.705,15047.25,196.395,173.038,-92.663,196.287,-27.272,-39.735,40,27.94,12.06,1.2357,0.0646,222000,170061.9,-142698.8,-1673761.7,-3156351.9,-241725.4,128183.0,86734.1,186875.2,0.0,0.0,-1745425.2,-2543027.7,0,0
140.2,15464.4,388.221,15064.4,205.879,170.439,-96.316,195.77,-25.103,-34.354,40,29.27,10.73,1.1161,0.0527,222000,170061.9,-142698.8,-1569102.2,-2800112.1,-207552.6,116306.5,86273.0,151645.7,0.0,0.0,-1606592.9,-2198664.4,0,0
140.3,15481.303,378.402,15081.303,215.698,168.049,-99.475,195.284,-23.051,-29.706,40,30.44,9.56,1.0103,0.0432,222000,170061.9,-142698.8,-1464693.1,-2492462.5,-180601.8,106130.5,85840.8,123636.4,0.0,0.0,-1475233.0,-1901190.9,0,0
140.4,15497.979,368.292,15097.979,225.808,165.857,-102.206,194.819,-21.131,-25.681,40,31.48,8.52,0.9167,0.0356,222000,170061.9,-142698.8,-1363230.9,-2226236.6,-159239.5,97509.9,85430.4,101292.4,0.0,0.0,-1352408.5,-1643585.5,0,0
140.5,15514.446,357.931,15114.446,236.169,163.849,-104.566,194.372,-19.353,-22.188,40,32.4,7.6,0.8338,0.0294,222000,170061.9,-142698.8,-1266447.0,-1995407.6,-142219.3,90263.9,85036.5,83409.0,0.0,0.0,-1238604.4,-1420002.6,0,0
140.6,15530.722,347.353,15130.722,246.747,162.01,-106.604,193.937,-17.717,-19.149,40,33.22,6.78,0.7603,0.0245,222000,170061.9,-142698.8,-1175382.6,-1794896.6,-128586.8,84204.7,84655.2,69049.1,0.0,0.0,-1133907.5,-1225550.8,0,0
140.7,15546.824,336.588,15146.824,257.512,160.327,-108.362,193.512,-16.221,-16.502,40,33.94,6.06,0.6952,0.0205,222000,170061.9,-142698.8,-1090588.8,-1620413.5,-117608.0,79153.9,84283.2,57480.6,0.0,0.0,-1038135.0,-1056118.5,0,0
140.8,15562.765,325.661,15162.765,268.439,158.785,-109.875,193.094,-14.858,-14.191,40,34.58,5.42,0.6376,0.0172,222000,170061.9,-142698.8,-1012273.0,-1468325.9,-108716.6,74949.9,83918.4,48130.0,0.0,0.0,-950927.7,-908234.8,0,0
140.9,15578.56,314.596,15178.56,279.504,157.372,-111.174,192.68,-13.622,-12.171,40,35.15,4.85,0.5864,0.0146,222000,170061.9,-142698.8,-940404.9,-1335550.4,-101473.9,71451.1,83559.0,40546.7,0.0,0.0,-871816.9,-778958.1,0,0
141.0,15594.221,303.413,15194.221,290.687,156.076,-112.286,192.271,-12.504,-10.403,40,35.65,4.35,0.5411,0.0124,222000,170061.9,-142698.8,-874795.0,-1219463.6,-95538.9,68535.8,83203.6,34375.5,0.0,0.0,-800272.0,-665786.6,0,0
141.1,15609.756,292.124,15209.756,301.976,154.762,-113.387,191.854,-16.424,-14.925,42,36.12,5.88,0.6792,0.0195,222000,164978.2,-148547.0,-1105657.4,-1515112.4,-110481.2,80624.0,82848.7,53922.4,0.0,0.0,-1051160.5,-955195.4,0,0
141.2,15625.101,280.659,15225.101,313.441,152.326,-115.759,191.32,-29.992,-29.566,48,37.02,10.98,1.1378,0.0548,222000,148547.0,-164978.2,-1882063.8,-2495341.2,-185971.5,140265.5,82411.5,150525.8,0.0,0.0,-1919488.3,-1892213.8,0,0
141.3,15640.139,268.894,15240.139,325.206,149.002,-118.958,190.664,-32.442,-30.406,50,38.38,11.62,1.1956,0.0605,222000,142698.8,-170061.9,-2025440.7,-2557077.6,-193569.3,153324.7,81853.2,165083.1,0.0,0.0,-2076311.2,-1945974.7,0,0
141.4,15654.857,256.833,15254.857,337.267,145.925,-121.736,190.036,-29.608,-25.994,50,39.64,10.36,1.0823,0.0496,222000,142698.8,-170061.9,-1871514.0,-2259006.5,-166108.2,137615.3,81311.0,134396.8,0.0,0.0,-1894923.3,-1663613.1,0,0
141.5,15669.284,244.518,15269.284,349.582,143.118,-124.109,189.436,-27.0,-22.197,50,40.76,9.24,0.9818,0.0408,222000,142698.8,-170061.9,-1726281.3,-2002907.2,-144438.3,124489.6,80794.9,109888.3,0.0,0.0,-1728020.7,-1420639.5,0,0
141.6,15683.445,231.986,15283.445,362.114,140.559,-126.134,188.856,-24.614,-18.921,50,41.75,8.25,0.8925,0.0337,222000,142698.8,-170061.9,-1590746.4,-1782293.8,-127240.9,113566.0,80298.9,90251.7,0.0,0.0,-1575288.4,-1210949.6,0,0
141.7,15697.363,219.27,15297.363,374.83,138.226,-127.858,188.292,-22.44,-16.086,50,42.63,7.37,0.8132,0.028,222000,142698.8,-170061.9,-1465321.6,-1591773.2,-113513.9,104496.3,79818.4,74469.9,0.0,0.0,-1436136.6,-1029498.8,0,0
141.8,15711.06,206.397,15311.06,387.703,136.099,-129.32,187.741,-20.466,-13.627,50,43.42,6.58,0.7426,0.0233,222000,142698.8,-170061.9,-1350014.8,-1426847.8,-102492.2,96973.2,79350.0,61747.2,0.0,0.0,-1309808.1,-872096.5,0,0
141.9,15724.512,193.353,15324.512,400.747,133.197,-131.4,187.103,-35.029,-25.52,56,44.39,11.61,1.1947,0.0604,222000,124140.8,-184046.3,-2196213.4,-2243271.0,-169770.3,166209.0,78835.2,158751.4,0.0,0.0,-2241842.8,-1633268.4,0,0
142.0,15737.601,180.047,15337.601,414.053,129.202,-134.251,186.323,-41.001,-28.555,60,45.85,14.15,1.3577,0.078,222000,111000.0,-192257.6,-2538939.3,-2465129.9,-196141.4,202014.2,78192.1,203377.1,0.0,0.0,-2624080.7,-1827533.4,0,1
142.1,15750.282,166.46,15350.282,427.64,125.131,-136.978,185.528,-39.273,-25.463,60,47.35,12.65,1.2885,0.0703,222000,111000.0,-192257.6,-2448914.2,-2255804.0,-175551.4,190579.7,77523.7,181588.1,0.0,0.0,-2513465.6,-1629642.0,0,0
142.2,15762.575,152.624,15362.575,441.476,121.416,-139.28,184.773,-35.671,-21.378,60,48.71,11.29,1.1662,0.0576,222000,111000.0,-192257.6,-2245820.5,-1972403.5,-148104.8,168635.3,76889.0,147550.1,0.0,0.0,-2282925.3,-1368185.8,0,0
142.3,15774.517,138.581,15374.517,455.519,118.043,-141.211,184.051,-32.388,-17.894,60,49.92,10.08,1.0574,0.0473,222000,111000.0,-192257.6,-2057215.5,-1731225.1,-126602.9,150442.3,76285.4,120339.1,0.0,0.0,-2072818.4,-1145200.4,0,0
142.4,15786.141,124.364,15386.141,469.736,114.981,-142.822,183.354,-29.406,-14.912,60,51.0,9.0,0.9604,0.039,222000,111000.0,-192257.6,-1883336.3,-1525319.9,-109653.6,135391.0,75706.5,98519.4,0.0,0.0,-1881989.9,-954346.5,0,0
142.5,15797.474,110.001,15397.474,484.099,112.2,-144.161,182.678,-26.705,-12.351,60,51.96,8.04,0.8739,0.0323,222000,111000.0,-192257.6,-1723939.3,-1348984.5,-96209.1,122950.8,75146.8,80972.0,0.0,0.0,-1709148.4,-790451.4,0,0
142.6,15808.545,95.519,15408.545,498.581,109.674,-145.265,182.017,-24.265,-10.145,60,52.81,7.19,0.7968,0.0269,222000,111000.0,-192257.6,-1578470.8,-1197522.2,-85476.9,112668.3,74602.5,66820.5,0.0,0.0,-1552947.8,-649271.5,0,0
142.7,15819.377,80.938,15419.377,513.162,107.378,-146.166,181.368,-22.063,-8.239,60,53.58,6.42,0.7279,0.0224,222000,111000.0,-192257.6,-1446188.0,-1067052.0,-76854.5,104161.8,74070.4,55375.8,0.0,0.0,-1412042.5,-527307.8,0,0
142.8,15829.991,66.278,15429.991,527.822,105.289,-146.891,180.728,-20.08,-6.588,60,54.26,5.74,0.6665,0.0188,222000,111000.0,-192257.6,-1326242.0,-954356.4,-69881.7,97112.5,73548.1,46094.3,0.0,0.0,-1285123.6,-421661.5,0,0
142.9,15840.407,51.554,15440.407,542.546,103.386,-147.465,180.096,-18.296,-5.155,60,54.87,5.13,0.6116,0.0158,222000,111000.0,-192257.6,-1217736.4,-856759.4,-64205.1,91256.5,73033.8,38546.0,0.0,0.0,-1170941.5,-329920.5,0,0
143.0,15850.644,36.781,15450.644,557.319,101.652,-147.906,179.47,-16.692,-3.907,60,55.42,4.58,0.5626,0.0134,222000,111000.0,-192257.6,-1119766.9,-772027.7,-59552.4,86376.2,72526.1,32389.8,0.0,0.0,-1068319.3,-250069.1,0,0
143.1,15860.715,21.971,15460.715,572.129,100.068,-148.232,178.847,-15.253,-2.819,60,55.9,4.1,0.5188,0.0114,222000,111000.0,-192257.6,-1031447.8,-698291.6,-55712.5,82293.1,72023.8,27354.5,0.0,0.0,-976160.4,-180416.1,0,0
143.2,15870.636,7.134,15470.636,586.966,98.619,-148.458,178.228,-13.96,-1.868,60,56.34,3.66,0.4797,0.0097,222000,111000.0,-192257.6,-951929.7,-633980.7,-52521.0,78861.0,71526.1,23223.7,0.0,0.0,-893450.7,-119537.4,0,0
143.3,15880.42,-7.721,15480.42,601.821,97.291,-148.595,177.612,-12.801,-1.035,60,56.72,3.28,0.4448,0.0084,222000,111000.0,-192257.6,-880409.4,-577772.0,-49849.5,75960.7,71032.3,19824.7,0.0,0.0,-819258.9,-66229.0,0,0
143.4,15890.077,-22.585,15490.077,616.685,96.073,-148.655,176.998,-11.761,-0.304,60,57.07,2.93,0.4135,0.0072,222000,111000.0,-192257.6,-816136.4,-528546.9,-47596.9,73495.0,70542.0,17019.2,0.0,0.0,-752733.3,-19469.6,0,0
143.5,15899.618,-37.45,15499.618,631.55,94.952,-148.648,176.386,-10.83,0.338,60,57.38,2.62,0.3856,0.0063,222000,111000.0,-192257.6,-758415.2,-485357.2,-45683.5,71384.7,70054.8,14696.4,0.0,0.0,-693098.7,21609.9,0,0
143.6,15909.053,-52.311,15509.053,646.411,93.918,-148.58,175.775,-9.995,0.902,60,57.66,2.34,0.3606,0.0055,222000,111000.0,-192257.6,-706605.5,-447396.3,-44046.3,69565.5,69570.4,12767.0,0.0,0.0,-639651.8,57751.6,0,0
143.7,15918.388,-67.163,15518.388,661.263,92.963,-148.46,175.165,-9.246,1.4,60,57.91,2.09,0.3383,0.0048,222000,111000.0,-192257.6,-660121.1,-413976.2,-42634.9,67985.0,69088.5,11159.2,0.0,0.0,-591756.0,89591.2,0,0
143.8,15927.632,-82.0,15527.632,676.1,92.078,-148.294,174.556,-8.576,1.839,60,58.13,1.87,0.3184,0.0043,222000,111000.0,-192257.6,-618427.8,-384508.3,-41409.0,66600.6,68609.0,9815.1,0.0,0.0,-548836.8,117674.6,0,0
143.9,15936.792,-96.817,15536.792,690.917,91.256,-148.088,173.947,-7.975,2.226,60,58.33,1.67,0.3006,0.0038,222000,111000.0,-192257.6,-581040.2,-358487.7,-40336.3,65377.5,68131.8,8687.7,0.0,0.0,-510376.5,142472.1,0,0
144.0,15945.872,-111.612,15545.872,705.712,90.491,-147.845,173.34,-7.436,2.569,60,58.5,1.5,0.2847,0.0034,222000,111000.0,-192257.6,-547518.7,-335480.0,-39390.8,64287.5,67656.8,7738.9,0.0,0.0,-475909.4,164389.9,0,0
144.1,15954.879,-126.381,15554.879,720.481,89.776,-147.57,172.733,-6.953,2.872,60,58.66,1.34,0.2705,0.0031,222000,111000.0,-192257.6,-517465.9,-315110.6,-38551.2,63307.7,67184.0,6938.0,0.0,0.0,-445017.1,183779.5,0,0
144.2,15963.817,-141.12,15563.817,735.22,89.106,-147.267,172.126,-6.521,3.14,60,58.8,1.2,0.2579,0.0028,222000,111000.0,-192257.6,-490523.6,-297055.6,-37800.4,62419.3,66713.2,6259.6,0.0,0.0,-417324.0,200946.0,0,0
144.3,15972.691,-155.828,15572.691,749.928,88.477,-146.939,171.52,-6.133,3.377,60,58.93,1.07,0.2466,0.0026,222000,111000.0,-192257.6,-466369.3,-281034.3,-37124.3,61606.8,66244.5,5683.3,0.0,0.0,-392493.5,216154.9,0,0
144.4,15981.477,-170.516,15581.477,764.616,87.211,-146.96,170.889,-19.137,-3.654,65,59.21,5.79,0.671,0.0191,222000,93821.3,-201200.3,-1263572.7,-752896.3,-55046.3,92383.2,65765.4,41774.0,0.0,0.0,-1224797.7,-233873.5,0,0
144.5,15990.052,-185.25,15590.052,779.35,84.579,-147.661,170.168,-28.074,-7.633,69,60.04,8.96,0.9565,0.0387,222000,79557.7,-207254.9,-1801664.9,-1038581.4,-74624.1,129453.1,65221.8,84199.9,0.0,0.0,-1796731.2,-488543.2,0,0
144.6,15998.352,-200.056,15598.352,794.156,81.921,-148.321,169.441,-25.537,-5.902,69,60.95,8.05,0.8749,0.0324,222000,79557.7,-207254.9,-1648575.4,-915888.2,-65323.8,117581.2,64663.8,69844.8,0.0,0.0,-1634341.6,-377721.8,0,0
144.7,16006.402,-214.919,15606.402,809.019,79.503,-148.822,168.727,-23.243,-4.411,69,61.76,7.24,0.8016,0.0272,222000,79557.7,-207254.9,-1509273.7,-810608.7,-57841.6,107695.4,64119.0,58126.4,0.0,0.0,-1487557.6,-282328.1,0,0
144.8,16014.222,-229.823,15614.222,823.923,77.302,-149.187,168.025,-21.172,-3.125,69,62.49,6.51,0.7355,0.0229,222000,79557.7,-207254.9,-1382759.5,-720003.0,-51783.1,99448.9,63585.3,48537.8,0.0,0.0,-1354984.9,-199969.0,0,0
144.9,16021.834,-244.757,15621.834,838.857,75.295,-149.433,167.331,-19.302,-2.01,69,63.15,5.85,0.6761,0.0193,222000,79557.7,-207254.9,-1268035.5,-641801.1,-46845.1,92554.0,63060.6,40673.2,0.0,0.0,-1235322.9,-128662.0,0,0
145.0,16029.255,-259.71,15629.255,853.81,73.465,-149.577,166.644,-17.615,-1.043,69,63.75,5.25,0.6226,0.0164,222000,79557.7,-207254.9,-1164131.3,-574116.3,-42793.7,86772.5,62543.5,34207.6,0.0,0.0,-1127367.4,-66758.6,0,0
145.1,16036.461,-274.688,15636.461,868.788,70.851,-150.006,165.897,-32.05,-6.353,75,64.54,10.46,1.0918,0.0505,222000,57457.8,-214435.5,-2037175.8,-970142.7,-71491.9,150123.9,61998.6,104279.1,0.0,0.0,-2051209.8,-406614.4,0,0
145.2,16043.339,-289.731,15643.339,883.831,67.326,-150.707,165.062,-34.294,-6.319,77,65.73,11.27,1.1641,0.0574,222000,49939.1,-216310.2,-2171299.8,-978915.2,-73463.4,162946.8,61379.9,117361.6,0.0,0.0,-2194824.0,-404438.5,0,0
145.3,16049.88,-304.833,15649.88,898.933,64.084,-151.232,164.249,-31.12,-4.526,77,66.86,10.14,1.0627,0.0478,222000,49939.1,-216310.2,-1979681.3,-846101.0,-61945.6,144938.3,60774.6,96846.4,0.0,0.0,-1991687.7,-289632.8,0,0
145.4,16056.115,-319.979,15656.115,914.079,61.142,-151.594,163.459,-28.251,-3.007,77,67.87,9.13,0.9713,0.0399,222000,49939.1,-216310.2,-1805167.8,-733925.8,-52842.4,129971.5,60189.4,80113.5,0.0,0.0,-1808071.0,-192424.5,0,0
145.5,16062.071,-335.152,15662.071,929.252,58.47,-151.817,162.688,-25.659,-1.716,77,68.79,8.21,0.8887,0.0334,222000,49939.1,-216310.2,-1646518.6,-638892.0,-45600.5,117519.2,59620.9,66435.4,0.0,0.0,-1642180.0,-109842.9,0,0
145.6,16067.775,-350.341,15667.775,944.441,56.043,-151.923,161.931,-23.318,-0.617,77,69.62,7.38,0.8141,0.0281,222000,49939.1,-216310.2,-1502495.8,-558135.8,-39800.8,107143.2,59066.1,55230.8,0.0,0.0,-1492357.4,-39462.7,0,0
145.7,16073.248,-365.535,15673.248,959.635,53.836,-151.929,161.185,-21.204,0.323,77,70.37,6.63,0.7467,0.0236,222000,49939.1,-216310.2,-1371896.3,-489306.1,-35124.3,98480.1,58522.8,46033.6,0.0,0.0,-1357081.5,20703.9,0,0
145.8,16078.513,-380.723,15678.513,974.823,51.829,-151.849,160.45,-19.296,1.13,77,71.05,5.95,0.6857,0.0199,222000,49939.1,-216310.2,-1253571.4,-430467.3,-31327.6,91229.6,57989.4,38469.2,0.0,0.0,-1234959.8,72292.2,0,0
145.9,16083.547,-395.91,15683.547,990.01,49.087,-151.923,159.657,-33.036,-1.865,83,71.9,11.1,1.1487,0.0559,222000,27055.0,-220345.2,-2090317.3,-683102.1,-51054.9,156230.0,57431.1,106929.5,0.0,0.0,-2114317.2,-119377.3,0,0
146.0,16088.238,-411.117,15688.238,1005.217,45.314,-152.157,158.761,-37.507,-1.905,86,73.2,12.8,1.3023,0.0718,222000,15485.9,-221459.2,-2360230.8,-712750.6,-55709.1,184477.4,56795.3,135910.2,0.0,0.0,-2400454.0,-121892.4,0,0
146.1,16092.56,-426.34,15692.56,1020.44,41.773,-152.259,157.886,-33.963,-0.435,86,74.46,11.54,1.1886,0.0598,222000,15485.9,-221459.2,-2144078.5,-596238.2,-45047.2,161990.1,56167.4,111969.6,0.0,0.0,-2173639.7,-27867.3,0,0
146.2,16096.547,-441.565,15696.547,1035.665,38.566,-152.23,157.039,-30.765,0.778,86,75.6,10.4,1.0857,0.0499,222000,15485.9,-221459.2,-1947661.0,-499938.2,-36789.1,143323.1,55564.3,92405.1,0.0,0.0,-1968964.1,49765.7,0,0
146.3,16100.232,-456.781,15700.232,1050.881,35.66,-152.092,156.217,-27.879,1.781,86,76.64,9.36,0.9923,0.0417,222000,15485.9,-221459.2,-1769386.3,-420181.7,-30351.9,127811.9,54981.8,76384.6,0.0,0.0,-1784252.2,114011.0,0,0
146.4,16103.643,-471.977,15703.643,1066.077,33.026,-151.864,155.414,-25.274,2.614,86,77.58,8.42,0.9076,0.0349,222000,15485.9,-221459.2,-1607719.7,-353994.2,-25300.4,114905.9,54416.5,63241.8,0.0,0.0,-1617534.2,167292.4,0,0
146.5,16106.804,-487.146,15706.804,1081.246,30.638,-151.562,154.627,-22.922,3.306,86,78.44,7.56,0.8307,0.0292,222000,15485.9,-221459.2,-1461207.0,-298957.8,-21308.6,104149.6,53865.7,52441.4,0.0,0.0,-1467029.7,211572.5,0,0
146.6,16109.74,-502.282,15709.74,1096.382,28.472,-151.197,153.854,-20.799,3.882,86,79.21,6.79,0.7608,0.0245,222000,15485.9,-221459.2,-1328487.2,-253102.9,-18131.2,95167.0,53327.2,43551.6,0.0,0.0,-1331132.4,248444.9,0,0
146.7,16112.471,-517.377,15712.471,1111.477,26.505,-150.78,153.092,-18.881,4.363,86,79.92,6.08,0.6973,0.0206,222000,15485.9,-221459.2,-1208297.3,-214821.5,-15582.8,87648.1,52799.3,36223.3,0.0,0.0,-1208394.2,279207.4,0,0
146.8,16115.016,-532.429,15715.016,1126.529,24.72,-150.319,152.338,-17.149,4.764,86,80.56,5.44,0.6396,0.0173,222000,15485.9,-221459.2,-1099473.5,-182798.7,-13523.2,81337.4,52280.4,30173.5,0.0,0.0,-1097510.8,304919.5,0,0
146.9,16117.392,-547.432,15717.392,1141.532,23.097,-149.823,151.593,-15.583,5.101,86,81.14,4.86,0.587,0.0146,222000,15485.9,-221459.2,-1000948.7,-155956.8,-11845.3,76024.4,51769.6,25172.1,0.0,0.0,-997308.0,326448.4,0,0
147.0,16119.614,-562.384,15719.614,1156.484,21.623,-149.296,150.854,-14.168,5.383,86,81.68,4.32,0.5392,0.0123,222000,15485.9,-221459.2,-911747.9,-133411.3,-10467.5,71535.7,51265.7,21031.8,0.0,0.0,-906729.4,344505.2,0,0
147.1,16121.697,-577.281,15721.697,1171.381,20.282,-148.743,150.12,-12.888,5.62,86,82.16,3.84,0.4957,0.0104,222000,15485.9,-221459.2,-830983.3,-114435.1,-9326.9,67728.6,50768.0,17599.8,0.0,0.0,-824824.3,359674.3,0,0
147.2,16123.616,-592.125,15723.616,1186.225,18.235,-148.228,149.345,-25.684,4.981,92,82.83,9.17,0.9755,0.0403,222000,-7747.7,-221864.8,-1621355.7,-204031.2,-14699.4,116810.6,50254.8,67477.1,0.0,0.0,-1643802.8,318754.7,0,0
147.3,16125.296,-606.918,15725.296,1201.018,15.809,-147.7,148.544,-23.283,5.465,92,83.75,8.25,0.8929,0.0337,222000,-7747.7,-221864.8,-1470872.3,-161197.9,-11508.5,105010.5,49715.7,55923.6,0.0,0.0,-1490128.4,349787.9,0,0
147.4,16126.747,-621.655,15726.747,1215.755,13.609,-147.131,147.759,-21.113,5.853,92,84.58,7.42,0.8175,0.0283,222000,-7747.7,-221864.8,-1334472.8,-126540.8,-9022.4,95148.9,49190.2,46385.5,0.0,0.0,-1351242.9,374583.3,0,0
147.5,16127.99,-636.333,15727.99,1230.433,11.614,-146.527,146.986,-19.151,6.161,92,85.35,6.65,0.7487,0.0237,222000,-7747.7,-221864.8,-1210844.1,-98540.0,-7071.3,86890.7,48676.4,38501.6,0.0,0.0,-1225663.0,394326.0,0,0
147.6,16129.044,-650.949,15729.044,1245.049,9.804,-145.896,146.225,-17.376,6.406,92,86.05,5.95,0.6859,0.0199,222000,-7747.7,-221864.8,-1098784.6,-75959.1,-5527.6,79959.6,48172.7,31977.8,0.0,0.0,-1112059.9,409975.7,0,0
147.7,16129.928,-665.501,15729.928,1259.601,8.161,-145.244,145.473,-15.769,6.599,92,86.68,5.32,0.6285,0.0167,222000,-7747.7,-221864.8,-997198.9,-57791.6,-4296.0,74127.5,47677.9,26574.0,0.0,0.0,-1009242.5,422311.1,0,0
147.8,16130.656,-679.986,15730.656,1274.086,6.67,-144.575,144.729,-14.315,6.749,92,87.27,4.73,0.576,0.014,222000,-7747.7,-221864.8,-905091.0,-43217.1,-3304.5,69205.8,47190.9,22093.7,0.0,0.0,-916143.2,431963.9,0,0
147.9,16131.243,-694.404,15731.243,1288.504,5.317,-143.893,143.991,-12.997,6.866,92,87.8,4.2,0.528,0.0118,222000,-7747.7,-221864.8,-821557.5,-31566.5,-2499.0,65038.9,46710.8,18376.1,0.0,0.0,-831804.2,439447.7,0,0
148.0,16131.702,-708.753,15731.702,1302.853,4.087,-143.201,143.259,-11.803,6.956,92,88.29,3.71,0.4841,0.0099,222000,-7747.7,-221864.8,-745779.7,-22293.6,-1838.4,61498.3,46237.0,15288.8,0.0,0.0,-755365.8,445179.9,0,0
148.1,16132.044,-723.032,15732.044,1317.132,2.971,-142.501,142.532,-10.72,7.023,92,88.73,3.27,0.4439,0.0083,222000,-7747.7,-221864.8,-677017.1,-14952.7,-1291.5,58477.7,45768.8,12723.2,0.0,0.0,-686056.4,449500.2,0,0
148.2,16132.282,-737.241,15732.282,1331.341,1.957,-141.796,141.809,-9.737,7.073,92,89.14,2.86,0.407,0.007,222000,-7747.7,-221864.8,-614600.2,-9179.7,-834.8,55889.2,45305.7,10589.7,0.0,0.0,-623182.7,452684.7,0,0
148.3,16132.423,-751.379,15732.423,1345.479,1.036,-141.086,141.09,-8.846,7.109,92,89.52,2.48,0.3732,0.0059,222000,-7747.7,-221864.8,-557924.1,-4677.2,-449.8,53660.0,44847.4,8814.5,0.0,0.0,-566121.6,454958.0,0,0
148.4,16132.477,-765.446,15732.477,1359.546,0.2,-140.374,140.374,-8.036,7.133,92,89.86,2.14,0.3422,0.005,222000,-7747.7,-221864.8,-506442.4,-1202.4,-122.8,51729.9,44393.4,7336.6,0.0,0.0,-514312.9,456502.7,0,0
148.5,16132.452,-779.442,15732.452,1373.542,-0.561,-139.66,139.661,-7.301,7.148,92,90.18,1.82,0.3138,0.0042,222000,-7747.7,-221864.8,-459661.9,1443.2,157.1,50049.0,43943.5,6105.8,0.0,0.0,-467252.5,457467.4,0,0
148.6,16132.355,-793.366,15732.355,1387.466,-1.251,-138.944,138.95,-6.633,7.156,92,90.47,1.53,0.2877,0.0035,222000,-7747.7,-221864.8,-417137.5,3421.3,398.4,48576.0,43497.5,5080.2,0.0,0.0,-424486.7,457972.5,0,0
148.7,16132.193,-807.219,15732.193,1401.319,-1.878,-138.228,138.241,-6.025,7.158,92,90.74,1.26,0.2637,0.0029,222000,-7747.7,-221864.8,-378467.0,4864.1,607.6,47276.5,43055.1,4225.3,0.0,0.0,-385607.1,458115.8,0,0
148.8,16131.971,-821.0,15731.971,1415.1,-2.448,-137.513,137.535,-5.473,7.156,92,90.98,1.02,0.2417,0.0025,222000,-7747.7,-221864.8,-343287.5,5879.2,789.9,46122.0,42616.2,3512.5,0.0,0.0,-350245.3,457976.5,0,0
148.9,16131.696,-834.71,15731.696,1428.81,-2.966,-136.797,136.83,-4.97,7.15,92,91.21,0.79,0.2214,0.0021,222000,-7747.7,-221864.8,-311271.5,6554.4,949.4,45088.9,42180.7,2918.2,0.0,0.0,-318069.7,457618.5,0,0
149.0,16131.372,-848.348,15731.372,1442.448,-3.436,-136.083,136.126,-4.512,7.142,92,91.41,0.59,0.2028,0.0017,222000,-7747.7,-221864.8,-282122.9,6961.0,1089.5,44157.4,41748.4,2422.5,0.0,0.0,-288781.0,457093.7,0,0
149.1,16131.003,-861.914,15731.003,1456.014,-3.862,-135.369,135.424,-4.095,7.132,92,91.6,0.4,0.1856,0.0015,222000,-7747.7,-221864.8,-255574.4,7157.0,1212.9,43311.2,41319.2,2009.0,0.0,0.0,-262109.3,456443.4,0,0
149.2,16130.594,-875.41,15730.594,1469.51,-4.25,-134.657,134.724,-3.716,7.12,92,91.78,0.22,0.1698,0.0012,222000,-7747.7,-221864.8,-231384.6,7189.3,1321.7,42536.6,40893.0,1664.1,0.0,0.0,-237810.6,455701.2,0,0
149.3,16130.148,-888.834,15730.148,1482.934,-4.601,-133.945,134.024,-3.37,7.108,92,91.94,0.06,0.1553,0.001,222000,-7747.7,-221864.8,-209335.1,7096.0,1417.7,41822.4,40469.8,1376.6,0.0,0.0,-215665.1,454893.7,0,0
149.4,16129.669,-902.187,15729.669,1496.287,-4.919,-133.235,133.326,-3.054,7.094,92,92.09,-0.09,0.1418,0.0009,222000,-7747.7,-221864.8,-189228.7,6907.8,1502.5,41158.9,40049.5,1136.9,0.0,0.0,-195473.8,454042.0,0,0
149.5,16129.16,-915.469,15729.16,1509.569,-5.207,-132.527,132.629,-2.767,7.081,92,92.23,-0.23,0.1295,0.0007,222000,-7747.7,-221864.8,-170886.8,6649.3,1577.4,40538.4,39632.0,937.1,0.0,0.0,-177057.1,453163.0,0,0
149.6,16128.624,-928.681,15728.624,1522.781,-5.469,-131.82,131.933,-2.504,7.067,92,92.36,-0.36,0.118,0.0006,222000,-7747.7,-221864.8,-154148.0,6340.4,1643.4,39954.3,39217.3,770.7,0.0,0.0,-160252.3,452269.9,0,0
149.7,16128.063,-941.821,15728.063,1535.921,-5.705,-131.114,131.238,-2.264,7.053,92,92.47,-0.47,0.1075,0.0005,222000,-7747.7,-221864.8,-138866.2,5996.8,1701.5,39400.9,38805.4,632.2,0.0,0.0,-144912.4,451372.9,0,0
149.8,16127.48,-954.892,15727.48,1548.992,-5.918,-130.409,130.543,-2.045,7.039,92,92.58,-0.58,0.0977,0.0004,222000,-7747.7,-221864.8,-124909.1,5631.0,1752.5,38873.8,38396.2,517.1,0.0,0.0,-130904.3,450480.0,0,0
149.9,16126.877,-967.892,15726.877,1561.992,-6.111,-129.706,129.85,-1.845,7.025,92,92.68,-0.68,0.0887,0.0003,222000,-7747.7,-221864.8,-112156.9,5252.9,1797.0,38369.0,37989.6,421.4,0.0,0.0,-118107.6,449597.1,0,0
150.0,16126.255,-980.821,15726.255,1574.921,-6.285,-129.004,129.157,-1.663,7.011,92,92.77,-0.77,0.0803,0.0003,222000,-7747.7,-221864.8,-100501.2,4870.2,1835.8,37883.4,37585.8,342.1,0.0,0.0,-106413.1,448728.8,0,0
150.1,16125.618,-993.681,15725.618,1587.781,-6.441,-128.304,128.466,-1.496,6.998,92,92.86,-0.86,0.0726,0.0002,222000,-7747.7,-221864.8,-89843.5,4488.8,1869.3,37414.2,37184.5,276.3,0.0,0.0,-95721.9,447878.2,0,0
150.2,16124.965,-1006.47,15724.965,1600.57,-6.582,-127.605,127.775,-1.343,6.985,92,92.94,-0.94,0.0654,0.0002,222000,-7747.7,-221864.8,-80094.7,4113.4,1898.1,36959.2,36785.8,222.0,0.0,0.0,-85944.3,447047.8,0,0
150.3,16124.3,-1019.19,15724.3,1613.29,-6.708,-126.907,127.084,-1.203,6.972,92,93.01,-1.01,0.0588,0.0001,222000,-7747.7,-221864.8,-71173.9,3747.3,1922.6,36516.4,36389.7,177.3,0.0,0.0,-76999.0,446238.9,0,0
150.4,16123.622,-1031.84,15723.622,1625.94,-6.821,-126.211,126.395,-1.075,6.96,92,93.08,-1.08,0.0526,0.0001,222000,-7747.7,-221864.8,-63007.7,3392.9,1943.1,36084.4,35996.2,140.5,0.0,0.0,-68812.2,445452.5,0,0
150.5,16122.934,-1044.421,15722.934,1638.521,-6.921,-125.515,125.706,-0.958,6.948,92,93.15,-1.15,0.0469,0.0001,222000,-7747.7,-221864.8,-55529.4,3052.1,1960.1,35661.7,35605.2,110.3,0.0,0.0,-61317.0,444689.1,0,0
150.6,16122.237,-1056.932,15722.237,1651.032,-7.011,-124.821,125.018,-0.851,6.937,92,93.21,-1.21,0.0415,0.0001,222000,-7747.7,-221864.8,-48678.6,2726.0,1973.8,35247.3,35216.8,85.7,0.0,0.0,-54452.5,443948.5,0,0
150.7,16121.531,-1069.374,15721.531,1663.474,-7.09,-124.128,124.331,-0.753,6.925,92,93.26,-1.26,0.0366,0.0001,222000,-7747.7,-221864.8,-42400.4,2415.3,1984.6,34840.1,34830.9,65.8,0.0,0.0,-48163.5,443230.7,0,0
150.8,16120.818,-1081.746,15720.818,1675.846,-7.16,-123.436,123.644,-0.662,6.915,92,93.31,-1.31,0.032,0.0,222000,-7747.7,-221864.8,-36644.8,2120.3,1992.7,34439.5,34447.4,49.7,0.0,0.0,-42399.8,442535.0,0,0
150.9,16120.098,-1094.049,15720.098,1688.149,-7.221,-122.746,122.958,-0.58,6.904,92,93.36,-1.36,0.0277,0.0,222000,-7747.7,-221864.8,-31366.4,1841.1,1998.3,34044.7,34066.5,36.8,0.0,0.0,-37115.7,441861.0,0,0
151.0,16119.373,-1106.284,15719.373,1700.384,-7.275,-122.056,122.272,-0.504,6.894,92,93.4,-1.4,0.0237,0.0,222000,-7747.7,-221864.8,-26523.9,1577.6,2001.7,33655.2,33688.0,26.6,0.0,0.0,-32269.9,441208.0,0,0
151.1,16118.643,-1118.449,15718.643,1712.549,-7.321,-121.367,121.587,-0.435,6.884,92,93.45,-1.45,0.0199,0.0,222000,-7747.7,-221864.8,-22079.8,1329.3,2003.0,33270.5,33312.0,18.7,0.0,0.0,-27824.4,440575.0,0,0
151.2,16117.908,-1130.546,15717.908,1724.646,-7.361,-120.679,120.903,-0.371,6.874,92,93.48,-1.48,0.0164,0.0,222000,-7747.7,-221864.8,-17999.8,1095.9,2002.5,32890.1,32938.5,12.5,0.0,0.0,-23745.0,439961.3,0,0
151.3,16117.17,-1142.573,15717.17,1736.673,-7.394,-119.992,120.22,-0.313,6.865,92,93.52,-1.52,0.0132,0.0,222000,-7747.7,-221864.8,-14253.0,876.9,2000.3,32513.9,32567.4,8.0,0.0,0.0,-20000.3,439366.0,0,0
151.4,16116.429,-1154.533,15716.429,1748.633,-7.422,-119.306,119.537,-0.259,6.856,92,93.55,-1.55,0.0101,0.0,222000,-7747.7,-221864.8,-10810.8,671.5,1996.6,32141.4,32198.7,4.6,0.0,0.0,-16561.9,438788.2,0,0
151.5,16115.685,-1166.423,15715.685,1760.523,-7.445,-118.621,118.855,-0.209,6.847,92,93.59,-1.59,0.0072,0.0,222000,-7747.7,-221864.8,-7647.6,479.3,1991.4,31772.5,31832.5,2.3,0.0,0.0,-13403.8,438227.0,0,0
151.6,16114.94,-1178.245,15714.94,1772.345,-7.464,-117.937,118.173,-0.164,6.839,92,93.62,-1.62,0.0045,0.0,222000,-7747.7,-221864.8,-4739.7,299.6,1985.0,31406.9,31468.7,0.9,0.0,0.0,-10502.4,437681.7,0,0
151.7,16114.193,-1189.999,15714.193,1784.099,-7.478,-117.253,117.492,-0.122,6.83,92,93.64,-1.64,0.002,0.0,222000,-7747.7,-221864.8,-2065.7,131.6,1977.4,31044.5,31107.2,0.2,0.0,0.0,-7836.0,437151.3,0,0
151.8,16113.444,-1201.685,15713.444,1795.785,-7.488,-116.571,116.811,-0.084,6.822,92,93.67,-1.67,-0.0004,0.0,222000,-7747.7,-221864.8,394.0,-25.3,1968.7,30685.1,30748.2,0.0,0.0,0.0,-5385.0,436635.1,0,0
151.9,16112.695,-1213.302,15712.695,1807.402,-7.494,-115.889,116.131,-0.049,6.815,92,93.7,-1.7,-0.0026,0.0,222000,-7747.7,-221864.8,2657.2,-171.6,1959.1,30328.7,30391.6,0.3,0.0,0.0,-3131.4,436132.3,0,0
152.0,16111.945,-1224.851,15711.945,1818.951,-7.497,-115.208,115.452,-0.017,6.807,92,93.72,-1.72,-0.0047,0.0,222000,-7747.7,-221864.8,4740.3,-308.2,1948.6,29975.0,30037.3,1.0,0.0,0.0,-1058.8,435642.1,0,0
152.1,16111.196,-1236.332,15711.196,1830.432,-7.497,-114.528,114.773,0.013,6.799,92,93.74,-1.74,-0.0067,0.0,222000,-7747.7,-221864.8,6658.1,-435.4,1937.3,29624.1,29685.4,1.9,0.0,0.0,847.7,435163.9,0,0
152.2,16110.446,-1247.746,15710.446,1841.846,-7.494,-113.848,114.095,0.041,6.792,92,93.76,-1.76,-0.0086,0.0,222000,-7747.7,-221864.8,8424.3,-554.0,1925.3,29275.8,29335.9,3.1,0.0,0.0,2601.9,434697.0,0,0
152.3,16109.697,-1259.091,15709.697,1853.191,-7.488,-113.17,113.417,0.066,6.785,92,93.78,-1.78,-0.0104,0.0,222000,-7747.7,-221864.8,10051.2,-664.5,1912.7,28930.0,28988.7,4.4,0.0,0.0,4216.2,434240.8,0,0
152.4,16108.949,-1270.368,15708.949,1864.468,-7.48,-112.491,112.74,0.089,6.778,92,93.8,-1.8,-0.0121,0.0,222000,-7747.7,-221864.8,11550.2,-767.4,1899.4,28586.8,28643.9,5.9,0.0,0.0,5702.0,433794.6,0,0
152.5,16108.201,-1281.578,15708.201,1875.678,-7.47,-111.814,112.063,0.11,6.771,92,93.82,-1.82,-0.0137,0.0,222000,-7747.7,-221864.8,12931.8,-863.3,1885.7,28246.1,28301.5,7.5,0.0,0.0,7069.7,433358.1,0,0
152.6,16107.455,-1292.72,15707.455,1886.82,-7.458,-111.137,111.387,0.13,6.765,92,93.84,-1.84,-0.0153,0.0,222000,-7747.7,-221864.8,14205.3,-952.6,1871.4,27907.8,27961.3,9.2,0.0,0.0,8329.1,432930.5,0,0
152.7,16106.71,-1303.794,15706.71,1897.894,-7.444,-110.461,110.712,0.148,6.758,92,93.85,-1.85,-0.0167,0.0,222000,-7747.7,-221864.8,15379.6,-1035.7,1856.8,27572.0,27623.5,10.9,0.0,0.0,9488.7,432511.5,0,0
152.8,16105.966,-1314.801,15705.966,1908.901,-7.428,-109.786,110.037,0.165,6.752,92,93.87,-1.87,-0.0181,0.0,222000,-7747.7,-221864.8,16462.5,-1113.1,1841.8,27238.5,27288.0,12.7,0.0,0.0,10556.6,432100.6,0,0
152.9,16105.225,-1325.74,15705.225,1919.84,-7.411,-109.111,109.362,0.18,6.745,92,93.88,-1.88,-0.0195,0.0,222000,-7747.7,-221864.8,17461.4,-1185.2,1826.4,26907.4,26954.8,14.4,0.0,0.0,11540.1,431697.4,0,0
153.0,16104.485,-1336.612,15704.485,1930.712,-7.392,-108.437,108.688,0.194,6.739,92,93.9,-1.9,-0.0208,0.0,222000,-7747.7,-221864.8,18382.9,-1252.4,1810.7,26578.6,26624.0,16.2,0.0,0.0,12446.0,431301.4,0,0
153.1,16103.747,-1347.416,15703.747,1941.516,-7.372,-107.763,108.015,0.208,6.733,92,93.91,-1.91,-0.022,0.0,222000,-7747.7,-221864.8,19233.2,-1314.9,1794.8,26252.1,26295.4,17.9,0.0,0.0,13280.3,430912.4,0,0
153.2,16103.011,-1358.153,15703.011,1952.253,-7.35,-107.09,107.342,0.22,6.727,92,93.92,-1.92,-0.0232,0.0,222000,-7747.7,-221864.8,20017.8,-1373.2,1778.6,25927.9,25969.1,19.7,0.0,0.0,14048.7,430529.9,0,0
153.3,16102.277,-1368.823,15702.277,1962.923,-7.328,-106.418,106.67,0.231,6.721,92,93.94,-1.94,-0.0243,0.0,222000,-7747.7,-221864.8,20741.9,-1427.5,1762.2,25606.0,25645.1,21.4,0.0,0.0,14756.5,430153.7,0,0
153.4,16101.546,-1379.426,15701.546,1973.526,-7.304,-105.746,105.998,0.241,6.715,92,93.95,-1.95,-0.0254,0.0,222000,-7747.7,-221864.8,21410.3,-1478.1,1745.6,25286.3,25323.4,23.1,0.0,0.0,15408.2,429783.5,0,0
153.5,16100.817,-1389.961,15700.817,1984.061,-7.279,-105.075,105.327,0.25,6.71,92,93.96,-1.96,-0.0265,0.0,222000,-7747.7,-221864.8,22027.1,-1525.2,1728.9,24968.9,25004.0,24.8,0.0,0.0,16008.4,429418.9,0,0
153.6,16100.09,-1400.429,15700.09,1994.529,-7.254,-104.404,104.656,0.259,6.704,92,93.97,-1.97,-0.0275,0.0,222000,-7747.7,-221864.8,22596.5,-1569.2,1712.1,24653.8,24686.8,26.4,0.0,0.0,16560.9,429059.8,0,0
153.7,16099.366,-1410.831,15699.366,2004.931,-7.227,-103.734,103.986,0.267,6.699,92,93.98,-1.98,-0.0285,0.0,222000,-7747.7,-221864.8,23122.1,-1610.2,1695.1,24340.9,24371.9,28.0,0.0,0.0,17069.5,428705.9,0,0
153.8,16098.645,-1421.165,15698.645,2015.265,-7.2,-103.065,103.316,0.274,6.693,92,93.99,-1.99,-0.0295,0.0,222000,-7747.7,-221864.8,23607.1,-1648.5,1678.1,24030.2,24059.2,29.6,0.0,0.0,17537.5,428357.0,0,0
153.9,16097.927,-1431.433,15697.927,2025.533,-7.173,-102.396,102.647,0.281,6.688,92,94.01,-2.01,-0.0305,0.0,222000,-7747.7,-221864.8,24054.8,-1684.2,1660.9,23721.8,23748.8,31.1,0.0,0.0,17968.0,428012.8,0,0
154.0,16097.211,-1441.633,15697.211,2035.733,-7.144,-101.727,101.978,0.287,6.682,92,94.02,-2.02,-0.0314,0.0,222000,-7747.7,-221864.8,24467.8,-1717.6,1643.7,23415.6,23440.6,32.6,0.0,0.0,18363.8,427673.2,0,0
154.1,16096.498,-1451.767,15696.498,2045.867,-7.115,-101.059,101.31,0.293,6.677,92,94.03,-2.03,-0.0323,0.0,222000,-7747.7,-221864.8,24848.9,-1748.8,1626.5,23111.6,23134.7,34.1,0.0,0.0,18727.7,427338.1,0,0
154.2,16095.789,-1461.834,15695.789,2055.934,-7.085,-100.392,100.642,0.298,6.672,92,94.04,-2.04,-0.0332,0.0,222000,-7747.7,-221864.8,25200.3,-1777.9,1609.2,22809.8,22831.0,35.5,0.0,0.0,19061.8,427007.1,0,0
154.3,16095.082,-1471.834,15695.082,2065.934,-7.055,-99.725,99.974,0.303,6.667,92,94.05,-2.05,-0.0341,0.0,222000,-7747.7,-221864.8,25524.4,-1805.1,1591.9,22510.2,22529.5,36.9,0.0,0.0,19368.6,426680.3,0,0
154.4,16094.378,-1481.768,15694.378,2075.868,-7.025,-99.059,99.307,0.307,6.662,92,94.05,-2.05,-0.0349,0.0001,222000,-7747.7,-221864.8,25823.1,-1830.6,1574.6,22212.8,22230.2,38.3,0.0,0.0,19650.0,426357.4,0,0
154.5,16093.677,-1491.635,15693.677,2085.735,-6.994,-98.393,98.641,0.311,6.657,92,94.06,-2.06,-0.0358,0.0001,222000,-7747.7,-221864.8,26098.2,-1854.4,1557.3,21917.5,21933.2,39.6,0.0,0.0,19907.9,426038.4,0,0
154.6,16092.98,-1501.435,15692.98,2095.535,-6.963,-97.727,97.975,0.315,6.652,92,94.07,-2.07,-0.0366,0.0001,222000,-7747.7,-221864.8,26351.6,-1876.7,1540.1,21624.5,21638.3,41.0,0.0,0.0,20144.0,425723.0,0,0
154.7,16092.285,-1511.169,15692.285,2105.269,-6.931,-97.062,97.31,0.318,6.647,92,94.08,-2.08,-0.0375,0.0001,222000,-7747.7,-221864.8,26584.8,-1897.6,1522.8,21333.6,21345.6,42.3,0.0,0.0,20359.9,425411.2,0,0
154.8,16091.594,-1520.837,15691.594,2114.937,-6.899,-96.398,96.645,0.321,6.642,92,94.09,-2.09,-0.0383,0.0001,222000,-7747.7,-221864.8,26799.2,-1917.2,1505.6,21044.9,21055.2,43.5,0.0,0.0,20557.0,425102.9,0,0
154.9,16090.906,-1530.438,15690.906,2124.538,-6.867,-95.734,95.98,0.324,6.637,92,94.1,-2.1,-0.0391,0.0001,222000,-7747.7,-221864.8,26996.1,-1935.6,1488.4,20758.4,20766.9,44.8,0.0,0.0,20736.8,424798.0,0,0
155.0,16090.221,-1539.973,15690.221,2134.073,-6.834,-95.071,95.316,0.327,6.633,92,94.11,-2.11,-0.0399,0.0001,222000,-7747.7,-221864.8,27176.9,-1952.9,1471.2,20474.1,20480.8,46.0,0.0,0.0,20900.5,424496.4,0,0
155.1,16089.54,-1549.441,15689.54,2143.541,-6.801,-94.408,94.652,0.329,6.628,92,94.12,-2.12,-0.0407,0.0001,222000,-7747.7,-221864.8,27342.6,-1969.1,1454.1,20191.9,20196.9,47.2,0.0,0.0,21049.1,424198.0,0,0
155.2,16088.862,-1558.843,15688.862,2152.943,-6.768,-93.745,93.989,0.331,6.623,92,94.13,-2.13,-0.0415,0.0001,222000,-7747.7,-221864.8,27494.4,-1984.4,1437.1,19911.8,19915.2,48.5,0.0,0.0,21183.8,423902.7,0,0
155.3,16088.187,-1568.179,15688.187,2162.279,-6.735,-93.083,93.326,0.333,6.619,92,94.14,-2.14,-0.0423,0.0001,222000,-7747.7,-221864.8,27633.1,-1998.7,1420.1,19634.0,19635.6,49.6,0.0,0.0,21305.5,423610.5,0,0
155.4,16087.515,-1577.449,15687.515,2171.549,-6.702,-92.421,92.664,0.335,6.614,92,94.15,-2.15,-0.0431,0.0001,222000,-7747.7,-221864.8,27759.6,-2012.2,1403.2,19358.2,19358.2,50.8,0.0,0.0,21415.2,423321.3,0,0
155.5,16086.847,-1586.652,15686.847,2180.752,-6.668,-91.76,92.002,0.336,6.61,92,94.15,-2.15,-0.0439,0.0001,222000,-7747.7,-221864.8,27874.9,-2024.9,1386.4,19084.6,19082.9,52.0,0.0,0.0,21513.6,423034.9,0,0
155.6,16086.182,-1595.79,15686.182,2189.89,-6.634,-91.099,91.341,0.338,6.605,92,94.16,-2.16,-0.0447,0.0001,222000,-7747.7,-221864.8,27979.6,-2036.9,1369.6,18813.2,18809.8,53.1,0.0,0.0,21601.5,422751.5,0,0
155.7,16085.521,-1604.861,15685.521,2198.961,-6.601,-90.439,90.68,0.339,6.601,92,94.17,-2.17,-0.0456,0.0001,222000,-7747.7,-221864.8,28074.5,-2048.3,1352.9,18543.9,18538.9,54.3,0.0,0.0,21679.7,422470.8,0,0
155.8,16084.863,-1613.866,15684.863,2207.966,-6.567,-89.779,90.019,0.34,6.597,92,94.18,-2.18,-0.0464,0.0001,222000,-7747.7,-221864.8,28160.1,-2059.0,1336.3,18276.7,18270.1,55.4,0.0,0.0,21748.8,422192.9,0,0
155.9,16084.208,-1622.806,15684.208,2216.906,-6.533,-89.12,89.359,0.341,6.592,92,94.19,-2.19,-0.0472,0.0001,222000,-7747.7,-221864.8,28237.2,-2069.1,1319.8,18011.6,18003.4,56.5,0.0,0.0,21809.3,421917.8,0,0
156.0,16083.557,-1631.679,15683.557,2225.779,-6.499,-88.461,88.699,0.342,6.588,92,94.2,-2.2,-0.048,0.0001,222000,-7747.7,-221864.8,28306.2,-2078.7,1303.4,17748.7,17738.8,57.7,0.0,0.0,21861.9,421645.2,0,0
156.1,16082.909,-1640.487,15682.909,2234.587,-6.464,-87.802,88.04,0.342,6.584,92,94.21,-2.21,-0.0488,0.0001,222000,-7747.7,-221864.8,28367.7,-2087.8,1287.1,17487.9,17476.4,58.8,0.0,0.0,21907.0,421375.3,0,0
156.2,16082.264,-1649.229,15682.264,2243.329,-6.43,-87.144,87.381,0.343,6.58,92,94.22,-2.22,-0.0497,0.0001,222000,-7747.7,-221864.8,28422.1,-2096.4,1270.8,17229.2,17216.1,59.9,0.0,0.0,21945.2,421108.0,0,0
156.3,16081.623,-1657.905,15681.623,2252.005,-6.396,-86.486,86.723,0.343,6.576,92,94.23,-2.23,-0.0505,0.0001,222000,-7747.7,-221864.8,28469.9,-2104.6,1254.7,16972.6,16957.9,61.0,0.0,0.0,21976.9,420843.2,0,0
156.4,16080.986,-1666.515,15680.986,2260.615,-6.361,-85.829,86.065,0.344,6.572,92,94.24,-2.24,-0.0514,0.0001,222000,-7747.7,-221864.8,28511.4,-2112.4,1238.6,16718.1,16701.8,62.1,0.0,0.0,22002.4,420581.0,0,0
156.5,16080.352,-1675.06,15680.352,2269.16,-6.327,-85.172,85.407,0.344,6.568,92,94.25,-2.25,-0.0522,0.0001,222000,-7747.7,-221864.8,28547.1,-2119.8,1222.7,16465.7,16447.8,63.3,0.0,0.0,22022.1,420321.2,0,0
156.6,16079.721,-1683.539,15679.721,2277.639,-6.293,-84.516,84.75,0.344,6.563,92,94.26,-2.26,-0.0531,0.0001,222000,-7747.7,-221864.8,28577.3,-2126.9,1206.9,16215.5,16195.9,64.4,0.0,0.0,22036.5,420063.8,0,0
156.7,16079.094,-1691.952,15679.094,2286.052,-6.258,-83.86,84.093,0.344,6.56,92,94.27,-2.27,-0.054,0.0001,222000,-7747.7,-221864.8,28602.4,-2133.7,1191.1,15967.3,15946.1,65.5,0.0,0.0,22045.8,419808.8,0,0
156.8,16078.47,-1700.3,15678.47,2294.4,-6.224,-83.204,83.436,0.345,6.556,92,94.28,-2.28,-0.0549,0.0001,222000,-7747.7,-221864.8,28622.5,-2140.1,1175.5,15721.2,15698.4,66.6,0.0,0.0,22050.3,419556.3,0,0
156.9,16077.849,-1708.582,15677.849,2302.682,-6.189,-82.548,82.78,0.345,6.552,92,94.29,-2.29,-0.0558,0.0001,222000,-7747.7,-221864.8,28637.9,-2146.3,1160.0,15477.2,15452.8,67.8,0.0,0.0,22050.2,419306.1,0,0
157.0,16077.233,-1716.799,15677.233,2310.899,-6.155,-81.894,82.124,0.344,6.548,92,94.3,-2.3,-0.0567,0.0001,222000,-7747.7,-221864.8,28649.0,-2152.3,1144.6,15235.3,15209.3,68.9,0.0,0.0,22045.9,419058.2,0,0
157.1,16076.619,-1724.95,15676.619,2319.05,-6.12,-81.239,81.469,0.344,6.544,92,94.31,-2.31,-0.0576,0.0001,222000,-7747.7,-221864.8,28656.0,-2158.0,1129.3,14995.4,14967.8,70.1,0.0,0.0,22037.6,418812.7,0,0
157.2,16076.009,-1733.035,15676.009,2327.135,-6.086,-80.585,80.814,0.344,6.54,92,94.32,-2.32,-0.0585,0.0001,222000,-7747.7,-221864.8,28659.0,-2163.5,1114.1,14757.7,14728.5,71.2,0.0,0.0,22025.4,418569.4,0,0
157.3,16075.402,-1741.056,15675.402,2335.156,-6.052,-79.931,80.16,0.344,6.536,92,94.33,-2.33,-0.0595,0.0001,222000,-7747.7,-221864.8,28658.3,-2168.8,1099.0,14522.0,14491.1,72.4,0.0,0.0,22009.6,418328.4,0,0
157.4,16074.799,-1749.011,15674.799,2343.111,-6.017,-79.278,79.506,0.344,6.533,92,94.34,-2.34,-0.0605,0.0002,222000,-7747.7,-221864.8,28654.0,-2173.9,1084.0,14288.4,14255.9,73.6,0.0,0.0,21990.4,418089.7,0,0
157.5,16074.2,-1756.9,15674.2,2351.0,-5.983,-78.625,78.852,0.343,6.529,92,94.35,-2.35,-0.0615,0.0002,222000,-7747.7,-221864.8,28646.4,-2178.9,1069.2,14056.8,14022.7,74.7,0.0,0.0,21967.8,417853.2,0,0
157.6,16073.603,-1764.725,15673.603,2358.825,-5.948,-77.972,78.198,0.343,6.525,92,94.36,-2.36,-0.0625,0.0002,222000,-7747.7,-221864.8,28635.5,-2183.7,1054.4,13827.4,13791.6,75.9,0.0,0.0,21942.2,417618.9,0,0
157.7,16073.011,-1772.484,15673.011,2366.584,-5.914,-77.32,77.545,0.342,6.522,92,94.37,-2.37,-0.0635,0.0002,222000,-7747.7,-221864.8,28621.5,-2188.3,1039.8,13599.9,13562.5,77.1,0.0,0.0,21913.6,417386.9,0,0
157.8,16072.421,-1780.178,15672.421,2374.278,-5.88,-76.668,76.893,0.342,6.518,92,94.38,-2.38,-0.0645,0.0002,222000,-7747.7,-221864.8,28604.5,-2192.8,1025.3,13374.6,13335.4,78.4,0.0,0.0,21882.1,417157.0,0,0
157.9,16071.835,-1787.807,15671.835,2381.907,-5.846,-76.016,76.24,0.341,6.515,92,94.4,-2.4,-0.0656,0.0002,222000,-7747.7,-221864.8,28584.7,-2197.3,1010.9,13151.2,13110.4,79.6,0.0,0.0,21847.9,416929.2,0,0
158.0,16071.252,-1795.37,15671.252,2389.47,-5.812,-75.365,75.589,0.341,6.511,92,94.41,-2.41,-0.0667,0.0002,222000,-7747.7,-221864.8,28562.1,-2201.6,996.6,12930.0,12887.5,80.9,0.0,0.0,21811.1,416703.7,0,0
158.1,16070.673,-1802.869,15670.673,2396.969,-5.778,-74.714,74.937,0.34,6.508,92,94.42,-2.42,-0.0678,0.0002,222000,-7747.7,-221864.8,28537.0,-2205.8,982.5,12710.8,12666.5,82.1,0.0,0.0,21771.8,416480.2,0,0
158.2,16070.097,-1810.302,15670.097,2404.402,-5.744,-74.063,74.286,0.34,6.504,92,94.43,-2.43,-0.0689,0.0002,222000,-7747.7,-221864.8,28509.2,-2209.9,968.4,12493.6,12447.6,83.4,0.0,0.0,21730.0,416258.9,0,0
158.3,16069.525,-1817.671,15669.525,2411.771,-5.71,-73.413,73.635,0.339,6.501,92,94.45,-2.45,-0.0701,0.0002,222000,-7747.7,-221864.8,28479.0,-2213.9,954.5,12278.4,12230.8,84.7,0.0,0.0,21685.9,416039.7,0,0
158.4,16068.956,-1824.974,15668.956,2419.074,-5.676,-72.763,72.984,0.338,6.497,92,94.46,-2.46,-0.0712,0.0002,222000,-7747.7,-221864.8,28446.5,-2217.9,940.7,12065.3,12015.9,86.0,0.0,0.0,21639.5,415822.7,0,0
158.5,16068.39,-1832.212,15668.39,2426.312,-5.642,-72.114,72.334,0.337,6.494,92,94.47,-2.47,-0.0724,0.0002,222000,-7747.7,-221864.8,28411.6,-2221.8,927.0,11854.3,11803.1,87.4,0.0,0.0,21590.9,415607.7,0,0
158.6,16067.828,-1839.386,15667.828,2433.486,-5.609,-71.465,71.684,0.337,6.491,92,94.49,-2.49,-0.0737,0.0002,222000,-7747.7,-221864.8,28374.4,-2225.7,913.4,11645.2,11592.2,88.7,0.0,0.0,21540.2,415394.8,0,0
158.7,16067.269,-1846.495,15667.269,2440.595,-5.575,-70.816,71.035,0.336,6.487,92,94.5,-2.5,-0.0749,0.0002,222000,-7747.7,-221864.8,28335.1,-2229.5,900.0,11438.2,11383.4,90.1,0.0,0.0,21487.4,415183.9,0,0
158.8,16066.714,-1853.538,15666.714,2447.638,-5.541,-70.167,70.386,0.335,6.484,92,94.51,-2.51,-0.0762,0.0002,222000,-7747.7,-221864.8,28293.5,-2233.3,886.7,11233.2,11176.6,91.5,0.0,0.0,21432.5,414975.2,0,0
158.9,16066.162,-1860.517,15666.162,2454.617,-5.508,-69.519,69.737,0.334,6.481,92,94.53,-2.53,-0.0775,0.0003,222000,-7747.7,-221864.8,28249.9,-2237.0,873.4,11030.2,10971.8,92.9,0.0,0.0,21375.7,414768.4,0,0
159.0,16065.613,-1867.431,15665.613,2461.531,-5.475,-68.871,69.088,0.333,6.478,92,94.54,-2.54,-0.0788,0.0003,222000,-7747.7,-221864.8,28204.3,-2240.7,860.4,10829.3,10769.0,94.4,0.0,0.0,21316.9,414563.8,0,0
159.1,16065.067,-1874.281,15665.067,2468.381,-5.441,-68.223,68.44,0.332,6.474,92,94.56,-2.56,-0.0802,0.0003,222000,-7747.7,-221864.8,28156.5,-2244.4,847.4,10630.3,10568.2,95.9,0.0,0.0,21256.2,414361.1,0,0
159.2,16064.525,-1881.065,15664.525,2475.165,-5.408,-67.576,67.792,0.331,6.471,92,94.57,-2.57,-0.0816,0.0003,222000,-7747.7,-221864.8,28106.8,-2248.1,834.5,10433.4,10369.3,97.4,0.0,0.0,21193.7,414160.5,0,0
159.3,16063.986,-1887.785,15663.986,2481.885,-5.375,-66.929,67.145,0.33,6.468,92,94.59,-2.59,-0.083,0.0003,222000,-7747.7,-221864.8,28055.2,-2251.8,821.8,10238.5,10172.5,98.9,0.0,0.0,21129.2,413961.9,0,0
159.4,16063.451,-1894.44,15663.451,2488.54,-5.342,-66.283,66.498,0.329,6.465,92,94.61,-2.61,-0.0845,0.0003,222000,-7747.7,-221864.8,28001.5,-2255.5,809.2,10045.5,9977.6,100.4,0.0,0.0,21063.0,413765.3,0,0
159.5,16062.918,-1901.031,15662.918,2495.131,-5.309,-65.636,65.851,0.328,6.462,92,94.62,-2.62,-0.086,0.0003,222000,-7747.7,-221864.8,27945.9,-2259.2,796.7,9854.6,9784.8,102.0,0.0,0.0,20994.9,413570.7,0,0
159.6,16062.389,-1907.557,15662.389,2501.657,-5.277,-64.99,65.204,0.327,6.459,92,94.64,-2.64,-0.0875,0.0003,222000,-7747.7,-221864.8,27888.4,-2262.9,784.3,9665.7,9593.8,103.6,0.0,0.0,20925.0,413378.1,0,0
159.7,16061.863,-1914.018,15661.863,2508.118,-5.244,-64.345,64.558,0.326,6.456,92,94.66,-2.66,-0.0891,0.0003,222000,-7747.7,-221864.8,27829.0,-2266.6,772.0,9478.8,9404.9,105.3,0.0,0.0,20853.4,413187.4,0,0
159.8,16061.341,-1920.415,15661.341,2514.515,-5.211,-63.699,63.912,0.325,6.453,92,94.67,-2.67,-0.0907,0.0003,222000,-7747.7,-221864.8,27767.7,-2270.3,759.9,9293.9,9217.9,106.9,0.0,0.0,20779.9,412998.8,0,0
159.9,16060.822,-1926.747,15660.822,2520.847,-5.179,-63.054,63.266,0.324,6.45,92,94.69,-2.69,-0.0923,0.0004,222000,-7747.7,-221864.8,27704.5,-2274.1,747.8,9110.9,9032.9,108.6,0.0,0.0,20704.7,412812.1,0,0
160.0,16060.306,-1933.015,15660.306,2527.115,-5.147,-62.409,62.621,0.322,6.447,92,94.71,-2.71,-0.094,0.0004,222000,-7747.7,-221864.8,27639.4,-2277.8,735.9,8930.0,8849.9,110.4,0.0,0.0,20627.6,412627.4,0,0
160.1,16059.793,-1939.218,15659.793,2533.318,-5.115,-61.765,61.976,0.321,6.444,92,94.73,-2.73,-0.0957,0.0004,222000,-7747.7,-221864.8,27572.4,-2281.6,724.2,8751.0,8668.8,112.1,0.0,0.0,20548.8,412444.6,0,0
160.2,16059.283,-1945.357,15659.283,2539.457,-5.083,-61.12,61.331,0.32,6.442,92,94.75,-2.75,-0.0975,0.0004,222000,-7747.7,-221864.8,27503.5,-2285.5,712.5,8574.1,8489.7,113.9,0.0,0.0,20468.3,412263.8,0,0
160.3,16058.777,-1951.432,15658.777,2545.532,-5.051,-60.476,60.687,0.319,6.439,92,94.77,-2.77,-0.0993,0.0004,222000,-7747.7,-221864.8,27432.6,-2289.4,700.9,8399.1,8312.5,115.8,0.0,0.0,20385.9,412084.9,0,0
160.4,16058.274,-1957.442,15658.274,2551.542,-5.019,-59.833,60.043,0.317,6.436,92,94.79,-2.79,-0.1012,0.0004,222000,-7747.7,-221864.8,27359.9,-2293.3,689.5,8226.1,8137.3,117.6,0.0,0.0,20301.7,411908.0,0,0
160.5,16057.774,-1963.387,15657.774,2557.487,-4.987,-59.189,59.399,0.316,6.433,92,94.81,-2.81,-0.1031,0.0005,222000,-7747.7,-221864.8,27285.2,-2297.3,678.2,8055.1,7964.0,119.5,0.0,0.0,20215.7,411733.0,0,0
160.6,16057.277,-1969.269,15657.277,2563.369,-4.956,-58.546,58.755,0.314,6.431,92,94.83,-2.83,-0.1051,0.0005,222000,-7747.7,-221864.8,27208.5,-2301.3,667.0,7886.0,7792.7,121.5,0.0,0.0,20127.9,411559.9,0,0
160.7,16056.783,-1975.086,15656.783,2569.186,-4.924,-57.903,58.112,0.313,6.428,92,94.86,-2.86,-0.1071,0.0005,222000,-7747.7,-221864.8,27129.9,-2305.5,655.9,7718.9,7623.3,123.5,0.0,0.0,20038.2,411388.7,0,0
160.8,16056.292,-1980.839,15656.292,2574.939,-4.893,-57.26,57.469,0.312,6.425,92,94.88,-2.88,-0.1092,0.0005,222000,-7747.7,-221864.8,27049.3,-2309.6,645.0,7553.8,7455.8,125.5,0.0,0.0,19946.6,411219.5,0,0
160.9,16055.805,-1986.527,15655.805,2580.627,-4.862,-56.618,56.826,0.31,6.423,92,94.9,-2.9,-0.1114,0.0005,222000,-7747.7,-221864.8,26966.7,-2313.9,634.2,7390.7,7290.3,127.6,0.0,0.0,19853.2,411052.1,0,0
161.0,16055.32,-1992.152,15655.32,2586.252,-4.831,-55.976,56.184,0.309,6.42,92,94.93,-2.93,-0.1136,0.0005,222000,-7747.7,-221864.8,26882.1,-2318.2,623.4,7229.6,7126.7,129.7,0.0,0.0,19757.8,410886.6,0,0
161.1,16054.839,-1997.712,15654.839,2591.812,-4.8,-55.334,55.542,0.307,6.418,92,94.95,-2.95,-0.1158,0.0006,222000,-7747.7,-221864.8,26795.4,-2322.6,612.8,7070.4,6965.0,131.9,0.0,0.0,19660.6,410723.1,0,0
161.2,16054.361,-2003.208,15654.361,2597.308,-4.77,-54.692,54.9,0.306,6.415,92,94.98,-2.98,-0.1182,0.0006,222000,-7747.7,-221864.8,26706.6,-2327.0,602.4,6913.2,6805.2,134.1,0.0,0.0,19561.3,410561.4,0,0
161.3,16053.886,-2008.639,15653.886,2602.739,-4.739,-54.051,54.258,0.304,6.413,92,95.01,-3.01,-0.1206,0.0006,222000,-7747.7,-221864.8,26615.7,-2331.6,592.0,6757.9,6647.4,136.4,0.0,0.0,19460.0,410401.6,0,0
161.4,16053.414,-2014.007,15653.414,2608.107,-4.709,-53.41,53.617,0.302,6.41,92,95.03,-3.03,-0.123,0.0006,222000,-7747.7,-221864.8,26522.6,-2336.2,581.8,6604.6,6491.5,138.7,0.0,0.0,19356.7,410243.6,0,0
161.5,16052.944,-2019.311,15652.944,2613.411,-4.679,-52.769,52.976,0.301,6.408,92,95.06,-3.06,-0.1256,0.0007,222000,-7747.7,-221864.8,26427.4,-2341.0,571.6,6453.3,6337.5,141.0,0.0,0.0,19251.3,410087.5,0,0
161.6,16052.478,-2024.55,15652.478,2618.65,-4.649,-52.128,52.335,0.299,6.405,92,95.09,-3.09,-0.1282,0.0007,222000,-7747.7,-221864.8,26329.9,-2345.8,561.6,6303.9,6185.4,143.5,0.0,0.0,19143.8,409933.3,0,0
161.7,16052.015,-2029.726,15652.015,2623.826,-4.619,-51.488,51.695,0.297,6.403,92,95.12,-3.12,-0.1309,0.0007,222000,-7747.7,-221864.8,26230.1,-2350.8,551.7,6156.5,6035.2,145.9,0.0,0.0,19034.2,409781.0,0,0
161.8,16051.555,-2034.837,15651.555,2628.937,-4.589,-50.848,51.055,0.296,6.4,92,95.15,-3.15,-0.1337,0.0008,222000,-7747.7,-221864.8,26128.0,-2355.8,542.0,6011.0,5887.0,148.5,0.0,0.0,18922.3,409630.5,0,0
161.9,16051.098,-2039.885,15651.098,2633.985,-4.56,-50.208,50.415,0.294,6.398,92,95.18,-3.18,-0.1366,0.0008,222000,-7747.7,-221864.8,26023.6,-2361.0,532.3,5867.5,5740.6,151.0,0.0,0.0,18808.3,409481.8,0,0
162.0,16050.644,-2044.868,15650.644,2638.968,-4.531,-49.568,49.775,0.292,6.396,92,95.22,-3.22,-0.1395,0.0008,222000,-7747.7,-221864.8,25916.8,-2366.3,522.8,5726.0,5596.1,153.7,0.0,0.0,18691.9,409335.0,0,0
162.1,16050.192,-2049.788,15650.192,2643.888,-4.502,-48.929,49.136,0.29,6.394,92,95.25,-3.25,-0.1426,0.0009,222000,-7747.7,-221864.8,25807.5,-2371.7,513.4,5586.4,5453.6,156.4,0.0,0.0,18573.2,409190.0,0,0
162.2,16049.744,-2054.643,15649.744,2648.743,-4.473,-48.29,48.496,0.288,6.391,92,95.29,-3.29,-0.1457,0.0009,222000,-7747.7,-221864.8,25695.8,-2377.3,504.1,5448.8,5312.9,159.2,0.0,0.0,18452.2,409046.8,0,0
162.3,16049.298,-2059.435,15649.298,2653.535,-4.444,-47.651,47.857,0.286,6.389,92,95.32,-3.32,-0.149,0.0009,222000,-7747.7,-221864.8,25581.4,-2383.0,494.9,5313.1,5174.1,162.0,0.0,0.0,18328.7,408905.4,0,0
162.4,16048.855,-2064.163,15648.855,2658.263,-4.415,-47.012,47.219,0.284,6.387,92,95.36,-3.36,-0.1523,0.001,222000,-7747.7,-221864.8,25464.5,-2388.8,485.9,5179.4,5037.2,164.9,0.0,0.0,18202.7,408765.9,0,0
162.5,16048.416,-2068.827,15648.416,2662.927,-4.387,-46.373,46.58,0.282,6.385,92,95.4,-3.4,-0.1558,0.001,222000,-7747.7,-221864.8,25344.9,-2394.8,476.9,5047.6,4902.3,167.9,0.0,0.0,18074.1,408628.1,0,0
162.6,16047.978,-2073.427,15647.978,2667.527,-4.359,-45.735,45.942,0.28,6.383,92,95.44,-3.44,-0.1594,0.0011,222000,-7747.7,-221864.8,25222.6,-2400.9,468.1,4917.8,4769.1,170.9,0.0,0.0,17943.0,408492.2,0,0
162.7,16047.544,-2077.963,15647.544,2672.063,-4.331,-45.097,45.304,0.278,6.381,92,95.48,-3.48,-0.1631,0.0011,222000,-7747.7,-221864.8,25097.4,-2407.2,459.4,4790.0,4637.9,174.0,0.0,0.0,17809.2,408358.0,0,0
162.8,16047.113,-2082.436,15647.113,2676.536,-4.303,-44.459,44.667,0.276,6.379,92,95.52,-3.52,-0.1669,0.0012,222000,-7747.7,-221864.8,24969.5,-2413.7,450.9,4664.1,4508.6,177.2,0.0,0.0,17672.6,408225.6,0,0
162.9,16046.684,-2086.844,15646.684,2680.944,-4.276,-43.821,44.029,0.274,6.376,92,95.57,-3.57,-0.1709,0.0012,222000,-7747.7,-221864.8,24838.6,-2420.3,442.4,4540.1,4381.1,180.5,0.0,0.0,17533.3,408095.0,0,0
163.0,16046.258,-2091.189,15646.258,2685.289,-4.249,-43.184,43.392,0.272,6.374,92,95.61,-3.61,-0.175,0.0013,222000,-7747.7,-221864.8,24704.7,-2427.1,434.1,4418.1,4255.5,183.9,0.0,0.0,17391.1,407966.2,0,0
163.1,16045.835,-2095.47,15645.835,2689.57,-4.221,-42.546,42.755,0.269,6.372,92,95.66,-3.66,-0.1793,0.0014,222000,-7747.7,-221864.8,24567.7,-2434.2,425.9,4298.1,4131.8,187.3,0.0,0.0,17245.9,407839.2,0,0
163.2,16045.414,-2099.688,15645.414,2693.788,-4.195,-41.909,42.119,0.267,6.371,92,95.71,-3.71,-0.1837,0.0014,222000,-7747.7,-221864.8,24427.6,-2441.4,417.8,4180.0,4010.0,190.9,0.0,0.0,17097.7,407713.8,0,0
163.3,16044.996,-2103.842,15644.996,2697.942,-4.168,-41.272,41.482,0.265,6.369,92,95.76,-3.76,-0.1882,0.0015,222000,-7747.7,-221864.8,24284.3,-2448.8,409.8,4063.8,3890.0,194.5,0.0,0.0,16946.4,407590.3,0,0
163.4,16044.581,-2107.932,15644.581,2702.032,-4.142,-40.635,40.846,0.262,6.367,92,95.81,-3.81,-0.193,0.0016,222000,-7747.7,-221864.8,24137.7,-2456.4,401.9,3949.7,3771.9,198.2,0.0,0.0,16792.0,407468.5,0,0
163.5,16044.168,-2111.958,15644.168,2706.058,-4.116,-39.999,40.21,0.26,6.365,92,95.87,-3.87,-0.1979,0.0017,222000,-7747.7,-221864.8,23987.7,-2464.3,394.2,3837.4,3655.6,202.0,0.0,0.0,16634.3,407348.4,0,0
163.6,16043.758,-2115.921,15643.758,2710.021,-4.09,-39.362,39.574,0.257,6.363,92,95.92,-3.92,-0.203,0.0017,222000,-7747.7,-221864.8,23834.3,-2472.4,386.6,3727.2,3541.3,205.9,0.0,0.0,16473.2,407230.0,0,0
163.7,16043.351,-2119.82,15643.351,2713.92,-4.064,-38.726,38.939,0.255,6.361,92,95.98,-3.98,-0.2083,0.0018,222000,-7747.7,-221864.8,23677.2,-2480.7,379.1,3618.9,3428.8,209.9,0.0,0.0,16308.7,407113.4,0,0
163.8,16042.946,-2123.656,15642.946,2717.756,-4.039,-38.09,38.304,0.252,6.359,92,96.04,-4.04,-0.2138,0.0019,222000,-7747.7,-221864.8,23516.6,-2489.3,371.8,3512.5,3318.1,214.0,0.0,0.0,16140.7,406998.5,0,0
163.9,16042.543,-2127.427,15642.543,2721.527,-4.014,-37.454,37.669,0.25,6.358,92,96.11,-4.11,-0.2195,0.002,222000,-7747.7,-221864.8,23352.1,-2498.1,364.6,3408.1,3209.3,218.2,0.0,0.0,15969.0,406885.3,0,0
164.0,16042.143,-2131.136,15642.143,2725.236,-3.989,-36.819,37.034,0.247,6.356,92,96.17,-4.17,-0.2255,0.0022,222000,-7747.7,-221864.8,23183.8,-2507.2,357.5,3305.7,3102.4,222.6,0.0,0.0,15793.6,406773.7,0,0
164.1,16041.746,-2134.781,15641.746,2728.881,-3.965,-36.183,36.4,0.244,6.354,92,96.24,-4.24,-0.2317,0.0023,222000,-7747.7,-221864.8,23011.6,-2516.6,350.5,3205.2,2997.3,227.0,0.0,0.0,15614.4,406663.9,0,0
164.2,16041.351,-2138.362,15641.351,2732.462,-3.94,-35.548,35.766,0.241,6.352,92,96.31,-4.31,-0.2382,0.0024,222000,-7747.7,-221864.8,22835.3,-2526.2,343.7,3106.7,2894.0,231.6,0.0,0.0,15431.3,406555.7,0,0
164.3,16040.958,-2141.88,15640.958,2735.98,-3.916,-34.913,35.132,0.238,6.351,92,96.39,-4.39,-0.2449,0.0025,222000,-7747.7,-221864.8,22654.9,-2536.2,337.0,3010.2,2792.7,236.3,0.0,0.0,15244.2,406449.2,0,0
164.4,16040.568,-2145.334,15640.568,2739.434,-3.893,-34.278,34.498,0.235,6.349,92,96.47,-4.47,-0.2519,0.0027,222000,-7747.7,-221864.8,22470.1,-2546.5,330.4,2915.6,2693.1,241.1,0.0,0.0,15052.8,406344.3,0,0
164.5,16040.18,-2148.725,15640.18,2742.825,-3.869,-33.643,33.865,0.232,6.348,92,96.55,-4.55,-0.2592,0.0028,222000,-7747.7,-221864.8,22281.0,-2557.1,324.0,2823.0,2595.4,246.1,0.0,0.0,14857.3,406241.1,0,0
164.6,16039.795,-2152.052,15639.795,2746.152,-3.846,-33.008,33.232,0.229,6.346,92,96.63,-4.63,-0.2669,0.003,222000,-7747.7,-221864.8,22087.3,-2568.1,317.7,2732.4,2499.6,251.2,0.0,0.0,14657.3,406139.5,0,0
164.7,16039.411,-2155.316,15639.411,2749.416,-3.824,-32.374,32.599,0.226,6.344,92,96.72,-4.72,-0.2749,0.0032,222000,-7747.7,-221864.8,21889.0,-2579.4,311.5,2643.7,2405.6,256.4,0.0,0.0,14452.8,406039.6,0,0
164.8,16039.03,-2158.516,15639.03,2752.616,-3.801,-31.74,31.966,0.223,6.343,92,96.81,-4.81,-0.2832,0.0034,222000,-7747.7,-221864.8,21685.8,-2591.1,305.5,2557.1,2313.4,261.8,0.0,0.0,14243.7,405941.2,0,0
164.9,16038.651,-2161.653,15638.651,2755.753,-3.779,-31.105,31.334,0.219,6.341,92,96.91,-4.91,-0.292,0.0036,222000,-7747.7,-221864.8,21477.8,-2603.1,299.7,2472.4,2223.1,267.4,0.0,0.0,14029.8,405844.5,0,0
165.0,16038.275,-2164.727,15638.275,2758.827,-3.757,-30.471,30.702,0.216,6.34,92,97.01,-5.01,-0.3011,0.0038,222000,-7747.7,-221864.8,21264.7,-2615.6,293.9,2389.7,2134.6,273.1,0.0,0.0,13811.0,405749.3,0,0
165.1,16037.9,-2167.737,15637.9,2761.837,-3.736,-29.837,30.07,0.212,6.338,92,97.12,-5.12,-0.3107,0.0041,222000,-7747.7,-221864.8,21046.4,-2628.5,288.4,2309.0,2048.0,278.9,0.0,0.0,13587.1,405655.7,0,0
165.2,16037.528,-2170.684,15637.528,2764.784,-3.715,-29.204,29.439,0.209,6.337,92,97.23,-5.23,-0.3208,0.0044,222000,-7747.7,-221864.8,20822.8,-2641.8,283.0,2230.3,1963.2,285.0,0.0,0.0,13358.1,405563.7,0,0
165.3,16037.158,-2173.567,15637.158,2767.667,-3.694,-28.57,28.808,0.205,6.336,92,97.35,-5.35,-0.3313,0.0046,222000,-7747.7,-221864.8,20593.7,-2655.6,277.7,2153.5,1880.2,291.2,0.0,0.0,13123.7,405473.2,0,0
165.4,16036.789,-2176.387,15636.789,2770.487,-3.674,-27.937,28.177,0.201,6.334,92,97.47,-5.47,-0.3424,0.005,222000,-7747.7,-221864.8,20358.8,-2669.9,272.6,2078.8,1799.0,297.6,0.0,0.0,12883.8,405384.2,0,0
165.5,16036.423,-2179.144,15636.423,2773.244,-3.654,-27.303,27.547,0.197,6.333,92,97.6,-5.6,-0.3541,0.0053,222000,-7747.7,-221864.8,20118.2,-2684.6,267.7,2006.1,1719.7,304.2,0.0,0.0,12638.2,405296.7,0,0
165.6,16036.059,-2181.837,15636.059,2775.937,-3.635,-26.67,26.917,0.194,6.331,92,97.74,-5.74,-0.3663,0.0057,222000,-7747.7,-221864.8,19871.6,-2699.9,263.0,1935.4,1642.2,311.0,0.0,0.0,12386.8,405210.8,0,0
165.7,16035.696,-2184.467,15635.696,2778.567,-3.616,-26.037,26.287,0.19,6.33,92,97.88,-5.88,-0.3793,0.0061,222000,-7747.7,-221864.8,19618.7,-2715.7,258.4,1866.7,1566.6,318.0,0.0,0.0,12129.5,405126.3,0,0
165.8,16035.336,-2187.034,15635.336,2781.134,-3.597,-25.404,25.657,0.185,6.329,92,98.03,-6.03,-0.3929,0.0065,222000,-7747.7,-221864.8,19359.6,-2732.0,254.0,1800.1,1492.7,325.2,0.0,0.0,11865.9,405043.3,0,0
165.9,16034.977,-2189.537,15634.977,2783.637,-3.579,-24.771,25.028,0.181,6.328,92,98.19,-6.19,-0.4073,0.007,222000,-7747.7,-221864.8,19093.8,-2749.0,249.9,1735.4,1420.7,332.6,0.0,0.0,11596.0,404961.7,0,0
166.0,16034.621,-2191.978,15634.621,2786.078,-3.561,-24.139,24.4,0.177,6.326,92,98.36,-6.36,-0.4226,0.0076,222000,-7747.7,-221864.8,18821.4,-2766.6,245.9,1672.8,1350.5,340.3,0.0,0.0,11319.6,404881.5,0,0
166.1,16034.265,-2194.355,15634.265,2788.455,-3.543,-23.506,23.772,0.172,6.325,92,98.54,-6.54,-0.4387,0.0081,222000,-7747.7,-221864.8,18541.9,-2784.8,242.1,1612.3,1282.2,348.2,0.0,0.0,11036.4,404802.7,0,0
166.2,16033.912,-2196.668,15633.912,2790.768,-3.526,-22.874,23.144,0.168,6.324,92,98.73,-6.73,-0.4558,0.0088,222000,-7747.7,-221864.8,18255.4,-2803.6,238.6,1553.7,1215.6,356.3,0.0,0.0,10746.3,404725.3,0,0
166.3,16033.56,-2198.919,15633.56,2793.019,-3.51,-22.241,22.516,0.163,6.323,92,98.93,-6.93,-0.4739,0.0095,222000,-7747.7,-221864.8,17961.5,-2823.2,235.3,1497.3,1150.9,364.8,0.0,0.0,10449.1,404649.3,0,0
166.4,16033.21,-2201.106,15633.21,2795.206,-3.494,-21.609,21.89,0.159,6.321,92,99.15,-7.15,-0.4932,0.0103,222000,-7747.7,-221864.8,17659.9,-2843.5,232.3,1442.8,1088.0,373.4,0.0,0.0,10144.6,404574.6,0,0
166.5,16032.862,-2203.23,15632.862,2797.33,-3.478,-20.977,21.263,0.154,6.32,92,99.37,-7.37,-0.5137,0.0112,222000,-7747.7,-221864.8,17350.6,-2864.6,229.6,1390.5,1026.9,382.4,0.0,0.0,9832.5,404501.1,0,0
166.6,16032.515,-2205.291,15632.515,2799.391,-3.463,-20.345,20.638,0.149,6.319,92,99.62,-7.62,-0.5356,0.0121,222000,-7747.7,-221864.8,17033.2,-2886.5,227.1,1340.2,967.6,391.7,0.0,0.0,9512.6,404429.0,0,0
166.7,16032.17,-2207.289,15632.17,2801.389,-3.448,-19.713,20.013,0.144,6.318,92,99.88,-7.88,-0.559,0.0132,222000,-7747.7,-221864.8,16707.5,-2909.2,225.0,1292.0,910.2,401.3,0.0,0.0,9184.8,404358.0,0,0
166.8,16031.826,-2209.223,15631.826,2803.323,-3.434,-19.081,19.388,0.138,6.317,92,100.16,-8.16,-0.584,0.0144,222000,-7747.7,-221864.8,16373.3,-2932.8,223.2,1245.9,854.5,411.2,0.0,0.0,8848.8,404288.3,0,0
166.9,16031.483,-2211.094,15631.483,2805.194,-3.421,-18.45,18.764,0.133,6.316,92,100.45,-8.45,-0.6107,0.0158,222000,-7747.7,-221864.8,16030.3,-2957.4,221.7,1201.8,800.7,421.4,0.0,0.0,8504.3,404219.7,0,0
167.0,16031.142,-2212.902,15631.142,2807.002,-3.408,-17.818,18.141,0.127,6.315,92,100.77,-8.77,-0.6395,0.0173,222000,-7747.7,-221864.8,15678.2,-2982.9,220.7,1159.9,748.7,432.0,0.0,0.0,8151.2,404152.2,0,0
167.1,16030.802,-2214.647,15630.802,2808.747,-3.396,-17.187,17.519,0.122,6.314,92,101.12,-9.12,-0.6704,0.019,222000,-7747.7,-221864.8,15316.8,-3009.5,220.1,1120.0,698.5,443.0,0.0,0.0,7789.2,404085.8,0,0
167.2,16030.463,-2216.329,15630.463,2810.429,-3.384,-16.556,16.898,0.116,6.313,92,101.49,-9.49,-0.7038,0.021,222000,-7747.7,-221864.8,14945.8,-3037.2,219.9,1082.3,650.1,454.4,0.0,0.0,7418.0,404020.4,0,0
167.3,16030.125,-2217.948,15630.125,2812.048,-3.372,-15.924,16.277,0.11,6.312,92,101.89,-9.89,-0.7399,0.0232,222000,-7747.7,-221864.8,14564.8,-3066.0,220.3,1046.7,603.5,466.1,0.0,0.0,7037.5,403955.9,0,0
167.4,16029.788,-2219.504,15629.788,2813.604,-3.362,-15.293,15.658,0.104,6.311,92,102.32,-10.32,-0.779,0.0257,222000,-7747.7,-221864.8,14173.7,-3096.1,221.3,1013.2,558.7,478.4,0.0,0.0,6647.3,403892.4,0,0
167.5,16029.453,-2220.996,15629.453,2815.096,-3.352,-14.662,15.04,0.098,6.31,92,102.79,-10.79,-0.8215,0.0286,222000,-7747.7,-221864.8,13772.1,-3127.4,223.0,981.8,515.8,491.1,0.0,0.0,6247.3,403829.6,0,0
167.6,16029.118,-2222.426,15629.118,2816.526,-3.342,-14.031,14.424,0.091,6.309,92,103.31,-11.31,-0.8678,0.0319,222000,-7747.7,-221864.8,13359.7,-3160.2,225.3,952.6,474.6,504.3,0.0,0.0,5837.3,403767.6,0,0
167.7,16028.784,-2223.792,15628.784,2817.892,-3.334,-13.4,13.809,0.085,6.308,92,103.87,-11.87,-0.9184,0.0357,222000,-7747.7,-221864.8,12936.1,-3194.5,228.5,925.5,435.2,518.0,0.0,0.0,5417.0,403706.2,0,0
167.8,16028.451,-2225.095,15628.451,2819.195,-3.326,-12.77,13.196,0.078,6.307,92,104.49,-12.49,-0.974,0.0402,222000,-7747.7,-221864.8,12501.2,-3230.4,232.7,900.4,397.7,532.3,0.0,0.0,4986.2,403645.3,0,0
167.9,16028.119,-2226.335,15628.119,2820.435,-3.318,-12.139,12.584,0.071,6.306,92,105.17,-13.17,-1.0352,0.0454,222000,-7747.7,-221864.8,12054.5,-3268.0,237.9,877.5,362.0,547.3,0.0,0.0,4544.7,403584.8,0,0
168.0,16027.788,-2227.512,15627.788,2821.612,-3.31,-11.509,11.975,0.109,6.297,92,105.92,-13.92,-1.3697,0.0794,222000,-7747.7,-221864.8,14401.9,-4106.9,328.1,1150.4,328.0,868.3,0.0,0.0,6982.3,403018.8,0,1
168.1,16027.458,-2228.627,15627.458,2822.727,-3.301,-10.879,11.369,0.08,6.3,92,106.73,-14.73,-1.3289,0.0747,222000,-7747.7,-221864.8,12550.5,-3773.1,297.4,989.3,295.9,737.2,0.0,0.0,5100.3,403191.4,0,1
168.2,16027.128,-2229.678,15627.128,2823.778,-3.294,-10.249,10.765,0.052,6.303,92,107.65,-15.65,-1.2827,0.0696,222000,-7747.7,-221864.8,10818.6,-3443.3,267.5,840.4,265.5,616.4,0.0,0.0,3338.4,403372.4,0,1
168.3,16026.799,-2230.666,15626.799,2824.766,-3.291,-9.618,10.166,0.027,6.306,92,108.7,-16.7,-1.2305,0.0641,222000,-7747.7,-221864.8,9207.6,-3116.6,238.3,704.1,237.0,506.3,0.0,0.0,1698.2,403562.7,0,1
168.4,16026.47,-2231.591,15626.47,2825.691,-3.289,-8.988,9.571,0.003,6.309,92,109.89,-17.89,-1.171,0.058,222000,-7747.7,-221864.8,7718.7,-2792.5,210.0,580.3,210.3,406.9,0.0,0.0,181.0,403763.1,0,1
168.5,16026.141,-2232.453,15626.141,2826.553,-3.29,-8.356,8.981,-0.019,6.312,92,111.25,-19.25,-1.1031,0.0515,222000,-7747.7,-221864.8,6353.1,-2470.3,182.5,469.4,185.4,318.3,0.0,0.0,-1212.1,403974.4,0,1
168.6,16025.811,-2233.252,15625.811,2827.352,-3.294,-7.725,8.398,-0.039,6.316,92,112.81,-20.81,-1.0251,0.0445,222000,-7747.7,-221864.8,5111.5,-2149.6,156.2,371.4,162.3,240.6,0.0,0.0,-2480.0,404197.0,0,1
168.7,16025.482,-2233.987,15625.482,2828.087,-3.298,-7.093,7.823,-0.057,6.319,92,114.61,-22.61,-0.9349,0.037,222000,-7747.7,-221864.8,3994.9,-1830.0,131.1,286.3,141.0,173.9,0.0,0.0,-3621.6,404431.5,0,1
168.8,16025.152,-2234.66,15625.152,2828.76,-3.305,-6.461,7.257,-0.072,6.323,92,116.71,-24.71,-0.83,0.0292,222000,-7747.7,-221864.8,3003.7,-1511.3,107.7,214.1,121.5,118.1,0.0,0.0,-4636.3,404678.1,0,1
168.9,16024.821,-2235.269,15624.821,2829.369,-3.313,-5.829,6.704,-0.086,6.327,92,119.17,-27.17,-0.7072,0.0212,222000,-7747.7,-221864.8,2138.0,-1193.2,86.3,154.7,103.9,73.3,0.0,0.0,-5523.3,404936.7,0,1
169.0,16024.489,-2235.815,15624.489,2829.915,-3.322,-5.196,6.167,-0.098,6.331,92,122.06,-30.06,-0.5622,0.0134,222000,-7747.7,-221864.8,1397.8,-875.6,67.6,107.8,88.0,39.3,0.0,0.0,-6282.4,405207.5,0,1
169.1,16024.156,-2236.297,15624.156,2830.397,-3.333,-4.562,5.65,-0.108,6.336,92,125.51,-33.51,-0.3898,0.0064,222000,-7747.7,-221864.8,782.3,-558.3,52.2,73.1,74.0,15.9,0.0,0.0,-6913.2,405490.1,0,1
169.2,16023.822,-2236.717,15623.822,2830.817,-3.344,-3.928,5.159,-0.116,6.34,92,129.64,-37.64,-0.1834,0.0014,222000,-7747.7,-221864.8,290.5,-240.7,41.2,49.8,61.7,2.9,0.0,0.0,-7415.9,405784.3,0,1
169.3,16023.487,-2237.073,15623.487,2831.173,-3.356,-3.294,4.703,-0.12,6.344,92,134.61,-42.61,0,0.0,222000,-7747.7,-221864.8,-0.0,0.0,36.0,36.5,51.3,0.0,0.0,0.0,-7711.7,406011.8,0,1
169.4,16023.151,-2237.365,15623.151,2831.465,-3.368,-2.66,4.292,-0.121,6.344,92,140.6,-48.6,0,0.0,222000,-7747.7,-221864.8,-0.0,0.0,33.0,27.1,42.7,0.0,0.0,0.0,-7714.7,406002.3,0,1
169.5,16022.813,-2237.594,15622.813,2831.694,-3.38,-2.025,3.941,-0.121,6.344,92,147.76,-55.76,0,0.0,222000,-7747.7,-221864.8,-0.0,0.0,30.3,19.1,35.9,0.0,0.0,0.0,-7717.3,405994.4,0,1
169.6,16022.474,-2237.759,15622.474,2831.859,-3.392,-1.391,3.666,-0.121,6.344,92,156.18,-64.18,0,0.0,222000,-7747.7,-221864.8,-0.0,0.0,28.3,12.5,30.9,0.0,0.0,0.0,-7719.4,405987.7,0,1
169.7,16022.134,-2237.862,15622.134,2831.962,-3.404,-0.757,3.487,-0.121,6.343,92,165.78,-73.78,0,0.0,222000,-7747.7,-221864.8,-0.0,0.0,26.9,6.8,27.7,0.0,0.0,0.0,-7720.8,405982.0,0,1
169.8,16021.793,-2237.9,15621.793,2832.0,-3.416,-0.122,3.419,-0.121,6.343,92,176.18,-84.18,0,0.0,222000,-7747.7,-221864.8,-0.0,0.0,26.3,1.8,26.3,0.0,0.0,0.0,-7721.4,405977.0,0,1
169.9,16021.451,-2237.875,15621.451,2831.975,-3.428,0.512,3.466,-0.121,6.343,92,-173.24,265.24,0,0.0,222000,-7747.7,-221864.8,0.0,0.0,26.6,-3.2,26.8,0.0,0.0,0.0,-7721.1,405972.1,0,1
170.0,16021.107,-2237.787,15621.107,2831.887,-3.441,1.146,3.626,-0.121,6.343,92,-163.16,255.16,0,0.0,222000,-7747.7,-221864.8,0.0,0.0,27.8,-8.4,29.0,0.0,0.0,0.0,-7719.9,405966.8,0,1
170.1,16020.763,-2237.636,15620.763,2831.736,-3.453,1.781,3.885,-0.121,6.343,92,-154.11,246.11,0,0.0,222000,-7747.7,-221864.8,0.0,0.0,29.8,-14.4,33.1,0.0,0.0,0.0,-7717.9,405960.8,0,1
170.2,16020.417,-2237.421,15620.417,2831.521,-3.465,2.415,4.223,-0.121,6.343,92,-146.3,238.3,0,0.0,222000,-7747.7,-221864.8,0.0,0.0,32.4,-21.6,39.0,0.0,0.0,0.0,-7715.3,405953.6,0,1
170.3,16020.069,-2237.142,15620.069,2831.242,-3.477,3.049,4.624,-0.121,6.343,92,-139.73,231.73,0,0.0,222000,-7747.7,-221864.8,0.0,0.0,35.6,-30.1,46.6,0.0,0.0,0.0,-7712.1,405945.1,0,1
170.4,16019.721,-2236.8,15619.721,2830.9,-3.489,3.684,5.073,-0.12,6.343,92,-134.26,226.26,0,0.0,222000,-7747.7,-221864.8,0.0,0.0,39.2,-40.2,56.1,0.0,0.0,0.0,-7708.5,405935.0,0,1
170.5,16019.372,-2236.395,15619.372,2830.495,-3.501,4.318,5.559,-0.12,6.343,92,-129.71,221.71,0,0.0,222000,-7747.7,-221864.8,0.0,0.0,43.1,-51.9,67.4,0.0,0.0,0.0,-7704.6,405923.4,0,1
170.6,16019.021,-2235.926,15619.021,2830.026,-3.513,4.952,6.071,-0.12,6.342,92,-125.92,217.92,0,0.0,222000,-7747.7,-221864.8,0.0,0.0,47.3,-65.2,80.5,0.0,0.0,0.0,-7700.4,405910.0,0,1
170.7,16018.669,-2235.394,15618.669,2829.494,-3.525,5.586,6.605,-0.12,6.342,92,-122.73,214.73,0,0.0,222000,-7747.7,-221864.8,0.0,0.0,51.6,-80.3,95.5,0.0,0.0,0.0,-7696.1,405894.9,0,1
170.8,16018.316,-2234.798,15618.316,2828.898,-3.537,6.221,7.156,-0.12,6.342,92,-120.03,212.03,0,0.0,222000,-7747.7,-221864.8,0.0,0.0,56.2,-97.1,112.2,0.0,0.0,0.0,-7691.5,405878.1,0,1
170.9,16017.961,-2234.139,15617.961,2828.239,-3.549,6.855,7.719,-0.12,6.342,92,-117.72,209.72,0,0.0,222000,-7747.7,-221864.8,0.0,0.0,60.8,-115.7,130.7,0.0,0.0,0.0,-7686.9,405859.5,0,1
171.0,16017.606,-2233.417,15617.606,2827.517,-3.561,7.489,8.292,-0.12,6.341,92,-115.74,207.74,0,0.0,222000,-7747.7,-221864.8,0.0,0.0,65.6,-136.1,151.1,0.0,0.0,0.0,-7682.1,405839.1,0,1
171.1,16017.249,-2232.631,15617.249,2826.731,-3.573,8.123,8.874,-0.12,6.341,92,-114.01,206.01,0,0.0,222000,-7747.7,-221864.8,0.0,0.0,70.5,-158.3,173.2,0.0,0.0,0.0,-7677.2,405817.0,0,1
171.2,16016.891,-2231.781,15616.891,2825.881,-3.585,8.757,9.462,-0.12,6.341,92,-112.5,204.5,0,0.0,222000,-7747.7,-221864.8,0.0,0.0,75.5,-182.2,197.2,0.0,0.0,0.0,-7672.2,405793.0,0,1
171.3,16016.532,-2230.869,15616.532,2824.969,-3.597,9.391,10.056,-0.12,6.34,92,-111.16,203.16,0,0.0,222000,-7747.7,-221864.8,0.0,0.0,80.5,-207.9,223.0,0.0,0.0,0.0,-7667.2,405767.3,0,1
171.4,16016.171,-2229.893,15616.171,2823.993,-3.609,10.025,10.655,-0.12,6.34,92,-109.98,201.98,0,0.0,222000,-7747.7,-221864.8,0.0,0.0,85.6,-235.5,250.6,0.0,0.0,0.0,-7662.1,405739.8,0,1
171.5,16015.81,-2228.853,15615.81,2822.953,-3.621,10.659,11.257,-0.12,6.339,92,-108.93,200.93,0,0.0,222000,-7747.7,-221864.8,0.0,0.0,90.8,-264.8,279.9,0.0,0.0,0.0,-7656.9,405710.4,0,1
171.6,16015.447,-2227.75,15615.447,2821.85,-3.633,11.293,11.863,-0.12,6.339,92,-107.98,199.98,0,0.0,222000,-7747.7,-221864.8,0.0,0.0,96.0,-295.9,311.1,0.0,0.0,0.0,-7651.6,405679.3,0,1
171.7,16015.083,-2226.584,15615.083,2820.684,-3.645,11.927,12.471,-0.119,6.338,92,-107.13,199.13,0,0.0,222000,-7747.7,-221864.8,0.0,0.0,101.3,-328.9,344.1,0.0,0.0,0.0,-7646.3,405646.4,0,1
171.8,16014.718,-2225.354,15614.718,2819.454,-3.657,12.56,13.082,-0.119,6.338,92,-106.35,198.35,0,0.0,222000,-7747.7,-221864.8,0.0,0.0,106.7,-363.6,378.9,0.0,0.0,0.0,-7641.0,405611.6,0,1
171.9,16014.351,-2224.061,15614.351,2818.161,-3.669,13.194,13.695,-0.119,6.337,92,-105.65,197.65,0,0.0,222000,-7747.7,-221864.8,0.0,0.0,112.1,-400.1,415.5,0.0,0.0,0.0,-7635.6,405575.1,0,1
172.0,16013.984,-2222.705,15613.984,2816.805,-3.681,13.828,14.309,-0.119,6.337,92,-105.01,197.01,0,0.0,222000,-7747.7,-221864.8,0.0,0.0,117.5,-438.5,453.9,0.0,0.0,0.0,-7630.2,405536.8,0,1
172.1,16013.615,-2221.285,15613.615,2815.385,-3.692,14.461,14.925,-0.119,6.336,92,-104.42,196.42,0,0.0,222000,-7747.7,-221864.8,0.0,0.0,123.0,-478.6,494.2,0.0,0.0,0.0,-7624.7,405496.6,0,1
172.2,16013.245,-2219.802,15613.245,2813.902,-3.704,15.095,15.543,-0.119,6.335,92,-103.87,195.87,0,0.0,222000,-7747.7,-221864.8,0.0,0.0,128.6,-520.5,536.2,0.0,0.0,0.0,-7619.1,405454.7,0,1
172.3,16012.874,-2218.256,15612.874,2812.356,-3.716,15.729,16.162,-0.119,6.335,92,-103.37,195.37,0,0.0,222000,-7747.7,-221864.8,0.0,0.0,134.1,-564.3,580.0,0.0,0.0,0.0,-7613.5,405411.0,0,1
172.4,16012.502,-2216.646,15612.502,2810.746,-3.728,16.362,16.781,-0.119,6.334,92,-102.91,194.91,0,0.0,222000,-7747.7,-221864.8,0.0,0.0,139.8,-609.8,625.6,0.0,0.0,0.0,-7607.9,405365.5,0,1
172.5,16012.128,-2214.973,15612.128,2809.073,-3.74,16.995,17.402,-0.119,6.333,92,-102.48,194.48,0,0.0,222000,-7747.7,-221864.8,0.0,0.0,145.4,-657.1,673.0,0.0,0.0,0.0,-7602.3,405318.1,0,1
172.6,16011.754,-2213.236,15611.754,2807.336,-3.752,17.629,18.023,-0.119,6.332,92,-102.08,194.08,0,0.0,222000,-7747.7,-221864.8,0.0,0.0,151.1,-706.2,722.2,0.0,0.0,0.0,-7596.6,405269.0,0,1
172.7,16011.378,-2211.437,15611.378,2805.537,-3.764,18.262,18.646,-0.119,6.332,92,-101.71,193.71,0,0.0,222000,-7747.7,-221864.8,0.0,0.0,156.9,-757.2,773.2,0.0,0.0,0.0,-7590.8,405218.1,0,1
172.8,16011.001,-2209.573,15611.001,2803.673,-3.776,18.895,19.268,-0.119,6.331,92,-101.36,193.36,0,0.0,222000,-7747.7,-221864.8,0.0,0.0,162.7,-809.9,826.0,0.0,0.0,0.0,-7585.0,405165.4,0,1
172.9,16010.622,-2207.647,15610.622,2801.747,-3.787,19.528,19.892,-0.118,6.33,92,-101.03,193.03,0,0.0,222000,-7747.7,-221864.8,0.0,0.0,168.5,-864.4,880.7,0.0,0.0,0.0,-7579.2,405110.8,0,1
173.0,16010.243,-2205.657,15610.243,2799.757,-3.799,20.161,20.516,-0.118,6.329,92,-100.72,192.72,0,0.0,222000,-7747.7,-221864.8,0.0,0.0,174.3,-920.7,937.1,0.0,0.0,0.0,-7573.4,405054.5,0,1
173.1,16009.862,-2203.604,15609.862,2797.704,-3.811,20.794,21.14,-0.118,6.328,92,-100.43,192.43,0,0.0,222000,-7747.7,-221864.8,0.0,0.0,180.2,-978.8,995.2,0.0,0.0,0.0,-7567.5,404996.4,0,1
173.2,16009.48,-2201.488,15609.48,2795.588,-3.823,21.426,21.765,-0.118,6.327,92,-100.16,192.16,0,0.0,222000,-7747.7,-221864.8,0.0,0.0,186.1,-1038.7,1055.2,0.0,0.0,0.0,-7561.5,404936.5,0,1
173.3,16009.098,-2199.308,15609.098,2793.408,-3.835,22.059,22.39,-0.118,6.326,92,-99.9,191.9,0,0.0,222000,-7747.7,-221864.8,0.0,0.0,192.1,-1100.4,1117.0,0.0,0.0,0.0,-7555.6,404874.9,0,1
173.4,16008.713,-2197.066,15608.713,2791.166,-3.847,22.692,23.015,-0.118,6.325,92,-99.66,191.66,0,0.0,222000,-7747.7,-221864.8,0.0,0.0,198.1,-1163.9,1180.6,0.0,0.0,0.0,-7549.6,404811.4,0,1
173.5,16008.328,-2194.76,15608.328,2788.86,-3.858,23.324,23.641,-0.118,6.324,92,-99.43,191.43,0,0.0,222000,-7747.7,-221864.8,0.0,0.0,204.1,-1229.1,1246.0,0.0,0.0,0.0,-7543.5,404746.1,0,1
173.6,16007.941,-2192.39,15607.941,2786.49,-3.87,23.956,24.267,-0.118,6.323,92,-99.21,191.21,0,0.0,222000,-7747.7,-221864.8,0.0,0.0,210.2,-1296.2,1313.1,0.0,0.0,0.0,-7537.5,404679.1,0,1
173.7,16007.554,-2189.958,15607.554,2784.058,-3.882,24.589,24.893,-0.118,6.322,92,-99.0,191.0,0,0.0,222000,-7747.7,-221864.8,0.0,0.0,216.3,-1365.0,1382.0,0.0,0.0,0.0,-7531.4,404610.2,0,1
173.8,16007.165,-2187.462,15607.165,2781.562,-3.894,25.221,25.52,-0.118,6.321,92,-98.81,190.81,0,0.0,222000,-7747.7,-221864.8,0.0,0.0,222.5,-1435.6,1452.8,0.0,0.0,0.0,-7525.2,404539.6,0,1
173.9,16006.775,-2184.903,15606.775,2779.003,-3.905,25.853,26.146,-0.117,6.32,92,-98.62,190.62,0,0.0,222000,-7747.7,-221864.8,0.0,0.0,228.6,-1508.0,1525.3,0.0,0.0,0.0,-7519.1,404467.2,0,1
174.0,16006.384,-2182.281,15606.384,2776.381,-3.917,26.485,26.773,-0.117,6.319,92,-98.44,190.44,0,0.0,222000,-7747.7,-221864.8,0.0,0.0,234.8,-1582.2,1599.6,0.0,0.0,0.0,-7512.9,404393.0,0,1
174.1,16005.991,-2179.596,15605.991,2773.696,-3.929,27.117,27.4,-0.117,6.317,92,-98.27,190.27,0,0.0,222000,-7747.7,-221864.8,0.0,0.0,241.1,-1658.2,1675.6,0.0,0.0,0.0,-7506.6,404317.0,0,1
174.2,16005.598,-2176.847,15605.598,2770.947,-3.941,27.748,28.027,-0.117,6.316,92,-98.11,190.11,0,0.0,222000,-7747.7,-221864.8,0.0,0.0,247.3,-1736.0,1753.5,0.0,0.0,0.0,-7500.3,404239.3,0,1
174.3,16005.203,-2174.035,15605.203,2768.135,-3.952,28.38,28.654,-0.117,6.315,92,-97.95,189.95,0,0.0,222000,-7747.7,-221864.8,0.0,0.0,253.7,-1815.5,1833.1,0.0,0.0,0.0,-7494.0,404159.7,0,1
174.4,16004.807,-2171.161,15604.807,2765.261,-3.964,29.011,29.281,-0.117,6.314,92,-97.8,189.8,0,0.0,222000,-7747.7,-221864.8,0.0,0.0,260.0,-1896.8,1914.6,0.0,0.0,0.0,-7487.7,404078.4,0,1
174.5,16004.41,-2168.223,15604.41,2762.323,-3.976,29.642,29.908,-0.117,6.312,92,-97.66,189.66,0,0.0,222000,-7747.7,-221864.8,0.0,0.0,266.4,-1979.9,1997.7,0.0,0.0,0.0,-7481.3,403995.3,0,1
174.6,16004.012,-2165.222,15604.012,2759.322,-3.987,30.274,30.535,-0.117,6.311,92,-97.53,189.53,0,0.0,222000,-7747.7,-221864.8,0.0,0.0,272.8,-2064.8,2082.7,0.0,0.0,0.0,-7474.9,403910.5,0,1
174.7,16003.612,-2162.157,15603.612,2756.257,-3.999,30.905,31.162,-0.117,6.31,92,-97.39,189.39,0,0.0,222000,-7747.7,-221864.8,0.0,0.0,279.2,-2151.4,2169.5,0.0,0.0,0.0,-7468.5,403823.8,0,1
174.8,16003.212,-2159.03,15603.212,2753.13,-4.011,31.536,31.79,-0.117,6.308,92,-97.27,189.27,0,0.0,222000,-7747.7,-221864.8,0.0,0.0,285.7,-2239.8,2258.0,0.0,0.0,0.0,-7462.0,403735.4,0,1
174.9,16002.81,-2155.84,15602.81,2749.94,-4.022,32.166,32.417,-0.116,6.307,92,-97.15,189.15,0,0.0,222000,-7747.7,-221864.8,0.0,0.0,292.2,-2330.0,2348.3,0.0,0.0,0.0,-7455.5,403645.2,0,1
175.0,16002.407,-2152.586,15602.407,2746.686,-4.034,32.797,33.044,-0.116,6.306,92,-97.03,189.03,0,0.0,222000,-7747.7,-221864.8,0.0,0.0,298.7,-2422.0,2440.3,0.0,0.0,0.0,-7449.0,403553.3,0,1
175.1,16002.003,-2149.27,15602.003,2743.37,-4.046,33.427,33.671,-0.116,6.304,92,-96.92,188.92,0,0.0,222000,-7747.7,-221864.8,0.0,0.0,305.3,-2515.7,2534.1,0.0,0.0,0.0,-7442.4,403459.6,0,1
175.2,16001.598,-2145.89,15601.598,2739.99,-4.057,34.058,34.299,-0.116,6.303,92,-96.81,188.81,0,0.0,222000,-7747.7,-221864.8,0.0,0.0,311.9,-2611.2,2629.7,0.0,0.0,0.0,-7435.8,403364.1,0,1
175.3,16001.191,-2142.448,15601.191,2736.548,-4.069,34.688,34.926,-0.116,6.301,92,-96.71,188.71,0,0.0,222000,-7747.7,-221864.8,0.0,0.0,318.5,-2708.4,2727.1,0.0,0.0,0.0,-7429.2,403266.8,0,1
175.4,16000.784,-2138.942,15600.784,2733.042,-4.08,35.318,35.553,-0.116,6.299,92,-96.61,188.61,0,0.0,222000,-7747.7,-221864.8,0.0,0.0,325.2,-2807.4,2826.2,0.0,0.0,0.0,-7422.5,403167.8,0,1
175.5,16000.375,-2135.374,15600.375,2729.474,-4.092,35.948,36.18,-0.116,6.298,92,-96.51,188.51,0,0.0,222000,-7747.7,-221864.8,0.0,0.0,331.9,-2908.2,2927.1,0.0,0.0,0.0,-7415.8,403067.0,0,1
175.6,15999.965,-2131.742,15599.965,2725.842,-4.104,36.577,36.807,-0.116,6.296,92,-96.42,188.42,0,0.0,222000,-7747.7,-221864.8,0.0,0.0,338.6,-3010.7,3029.7,0.0,0.0,0.0,-7409.1,402964.5,0,1
175.7,15999.554,-2128.048,15599.554,2722.148,-4.115,37.207,37.434,-0.116,6.295,92,-96.33,188.33,0,0.0,222000,-7747.7,-221864.8,0.0,0.0,345.3,-3115.0,3134.1,0.0,0.0,0.0,-7402.3,402860.2,0,1
175.8,15999.142,-2124.29,15599.142,2718.39,-4.127,37.836,38.061,-0.116,6.293,92,-96.24,188.24,0,0.0,222000,-7747.7,-221864.8,0.0,0.0,352.1,-3221.0,3240.2,0.0,0.0,0.0,-7395.6,402754.2,0,1
175.9,15998.729,-2120.47,15598.729,2714.57,-4.138,38.466,38.688,-0.115,6.291,92,-96.15,188.15,0,0.0,222000,-7747.7,-221864.8,0.0,0.0,358.9,-3328.8,3348.1,0.0,0.0,0.0,-7388.7,402646.4,0,1
176.0,15998.314,-2116.587,15598.314,2710.687,-4.15,39.095,39.314,-0.115,6.29,92,-96.07,188.07,0,0.0,222000,-7747.7,-221864.8,0.0,0.0,365.8,-3438.4,3457.8,0.0,0.0,0.0,-7381.9,402536.8,0,1
176.1,15997.898,-2112.641,15597.898,2706.741,-4.161,39.723,39.941,-0.115,6.288,92,-95.99,187.99,0,0.0,222000,-7747.7,-221864.8,0.0,0.0,372.7,-3549.7,3569.2,0.0,0.0,0.0,-7375.0,402425.6,0,1
176.2,15997.482,-2108.632,15597.482,2702.732,-4.173,40.352,40.567,-0.115,6.286,92,-95.92,187.92,0,0.0,222000,-7747.7,-221864.8,0.0,0.0,379.6,-3662.7,3682.3,0.0,0.0,0.0,-7368.1,402312.5,0,1
176.3,15997.064,-2104.56,15597.064,2698.66,-4.184,40.981,41.194,-0.115,6.284,92,-95.84,187.84,0,0.0,222000,-7747.7,-221864.8,0.0,0.0,386.5,-3777.5,3797.2,0.0,0.0,0.0,-7361.2,402197.7,0,1
176.4,15996.644,-2100.425,15596.644,2694.525,-4.196,41.609,41.82,-0.115,6.283,92,-95.77,187.77,0,0.0,222000,-7747.7,-221864.8,0.0,0.0,393.5,-3894.0,3913.9,0.0,0.0,0.0,-7354.2,402081.2,0,1
176.5,15996.224,-2096.227,15596.224,2690.327,-4.207,42.237,42.446,-0.115,6.281,92,-95.7,187.7,0,0.0,222000,-7747.7,-221864.8,0.0,0.0,400.5,-4012.3,4032.3,0.0,0.0,0.0,-7347.2,401962.9,0,1
176.6,15995.803,-2091.967,15595.803,2686.067,-4.219,42.865,43.072,-0.115,6.279,92,-95.63,187.63,0,0.0,222000,-7747.7,-221864.8,0.0,0.0,407.5,-4132.3,4152.4,0.0,0.0,0.0,-7340.2,401842.9,0,1
176.7,15995.38,-2087.644,15595.38,2681.744,-4.23,43.493,43.698,-0.115,6.277,92,-95.57,187.57,0,0.0,222000,-7747.7,-221864.8,0.0,0.0,414.6,-4254.1,4274.2,0.0,0.0,0.0,-7333.1,401721.2,0,1
176.8,15994.957,-2083.258,15594.957,2677.358,-4.242,44.12,44.324,-0.114,6.275,92,-95.5,187.5,0,0.0,222000,-7747.7,-221864.8,0.0,0.0,421.7,-4377.6,4397.8,0.0,0.0,0.0,-7326.0,401597.7,0,1
176.9,15994.532,-2078.809,15594.532,2672.909,-4.253,44.748,44.95,-0.114,6.273,92,-95.44,187.44,0,0.0,222000,-7747.7,-221864.8,0.0,0.0,428.8,-4502.8,4523.2,0.0,0.0,0.0,-7318.9,401472.4,0,1
