time_s,pos_x_m,pos_y_m,x_disp_m,altitude_m,vel_x_ms,vel_y_ms,speed_ms,acc_x_ms2,acc_y_ms2,body_pitch_deg,flight_angle_deg,aoa_deg,c_l,c_d_induced,rho_kgm3,air_temp_K,speed_of_sound_ms,mach,mass_kg,fuel_mass_kg,fuel_volume_L,fuel_percent,fuel_burn_kgs,thrust_N,thrust_x_N,thrust_y_N,lift_x_N,lift_y_N,drag_x_N,drag_y_N,drag_parasite_N,drag_induced_N,friction_x_N,normal_y_N,netforce_x_N,netforce_y_N,on_ground,stalled
0.0167,400.0,597.455,0.0,0.0,0.0,0.0,0.0,0.0,0.0,0,0,0,0.0,0,1.225,288.15,340.35,0.0,12400.0,3200.0,3980.1,100.0,0.0,0,0.0,-0.0,0.0,0.0,0.0,0.0,0.0,0.0,0.0,-121644.0,0.0,0.0,1,0
0.1167,400.0,597.455,0.0,0.0,0.0,0.0,0.0,0.0,0.0,0,0,0,0.0,0,1.225,288.15,340.35,0.0,12400.0,3200.0,3980.1,100.0,0.0,0,0.0,-0.0,0.0,0.0,0.0,0.0,0.0,0.0,0.0,-121644.0,0.0,0.0,1,0
0.2167,400.0,597.455,0.0,0.0,0.0,0.0,0.0,0.0,0.0,0,0,0,0.0,0,1.225,288.15,340.35,0.0,12400.0,3200.0,3980.1,100.0,0.0,0,0.0,-0.0,0.0,0.0,0.0,0.0,0.0,0.0,0.0,-121644.0,0.0,0.0,1,0
0.3167,400.0,597.455,0.0,0.0,0.0,0.0,0.0,0.0,0.0,0,0,0,0.0,0,1.225,288.15,340.35,0.0,12400.0,3200.0,3980.1,100.0,0.0,0,0.0,-0.0,0.0,0.0,0.0,0.0,0.0,0.0,0.0,-121644.0,0.0,0.0,1,0
0.4167,400.0,597.455,0.0,0.0,0.0,0.0,0.0,0.0,0.0,0,0,0,0.0,0,1.225,288.15,340.35,0.0,12400.0,3200.0,3980.1,100.0,0.0,0,0.0,-0.0,0.0,0.0,0.0,0.0,0.0,0.0,0.0,-121644.0,0.0,0.0,1,0
0.5167,400.0,597.455,0.0,0.0,0.0,0.0,0.0,0.0,0.0,0,0,0,0.0,0,1.225,288.15,340.35,0.0,12400.0,3200.0,3980.1,100.0,0.0,0,0.0,-0.0,0.0,0.0,0.0,0.0,0.0,0.0,0.0,-121644.0,0.0,0.0,1,0
0.6,400.0,597.455,0.0,0.0,0.0,0.0,0.0,0.0,0.0,0,0,0,0.0,0,1.225,288.15,340.35,0.0,12400.0,3200.0,3980.1,100.0,0.0,0,0.0,-0.0,0.0,0.0,0.0,0.0,0.0,0.0,0.0,-121644.0,0.0,0.0,1,0
0.7,400.0,597.455,0.0,0.0,0.0,0.0,0.0,0.0,0.0,0,0,0,0.0,0,1.225,288.15,340.35,0.0,12400.0,3200.0,3980.1,100.0,0.0,0,0.0,-0.0,0.0,0.0,0.0,0.0,0.0,0.0,0.0,-121644.0,0.0,0.0,1,0
0.8,400.0,597.455,0.0,0.0,0.0,0.0,0.0,0.0,0.0,0,0,0,0.0,0,1.225,288.15,340.35,0.0,12400.0,3200.0,3980.1,100.0,0.0,0,0.0,-0.0,0.0,0.0,0.0,0.0,0.0,0.0,0.0,-121644.0,0.0,0.0,1,0
0.9,400.0,597.455,0.0,0.0,0.0,0.0,0.0,0.0,0.0,0,0,0,0.0,0,1.225,288.15,340.35,0.0,12400.0,3200.0,3980.1,100.0,0.0,0,0.0,-0.0,0.0,0.0,0.0,0.0,0.0,0.0,0.0,-121644.0,0.0,0.0,1,0
1.0,400.0,597.455,0.0,0.0,0.0,0.0,0.0,0.0,0.0,0,0,0,0.0,0,1.225,288.15,340.35,0.0,12400.0,3200.0,3980.1,100.0,0.0,0,0.0,-0.0,0.0,0.0,0.0,0.0,0.0,0.0,0.0,-121644.0,0.0,0.0,1,0
1.1,400.0,597.455,0.0,0.0,0.0,0.0,0.0,0.0,0.0,0,0,0,0.0,0,1.225,288.15,340.35,0.0,12400.0,3200.0,3980.1,100.0,0.0,0,0.0,-0.0,0.0,0.0,0.0,0.0,0.0,0.0,0.0,-121644.0,0.0,0.0,1,0
1.2,400.0,597.455,0.0,0.0,0.0,0.0,0.0,0.0,0.0,0,0,0,0.0,0,1.225,288.15,340.35,0.0,12400.0,3200.0,3980.1,100.0,0.0,0,0.0,-0.0,0.0,0.0,0.0,0.0,0.0,0.0,0.0,-121644.0,0.0,0.0,1,0
1.3,400.0,597.455,0.0,0.0,0.0,0.0,0.0,0.0,0.0,0,0,0,0.0,0,1.225,288.15,340.35,0.0,12400.0,3200.0,3980.1,100.0,0.0,0,0.0,-0.0,0.0,0.0,0.0,0.0,0.0,0.0,0.0,-121644.0,0.0,0.0,1,0
1.4167,400.0,597.455,0.0,0.0,0.0,0.0,0.0,0.0,0.0,0,0,0,0.0,0,1.225,288.15,340.35,0.0,12400.0,3200.0,3980.1,100.0,0.0,0,0.0,-0.0,0.0,0.0,0.0,0.0,0.0,0.0,0.0,-121644.0,0.0,0.0,1,0
1.5167,400.0,597.455,0.0,0.0,0.0,0.0,0.0,0.0,0.0,0,0,0,0.0,0,1.225,288.15,340.35,0.0,12400.0,3200.0,3980.1,100.0,0.0,0,0.0,-0.0,0.0,0.0,0.0,0.0,0.0,0.0,0.0,-121644.0,0.0,0.0,1,0
1.6167,400.0,597.455,0.0,0.0,0.0,0.0,0.0,0.0,0.0,0,0,0,0.0,0,1.225,288.15,340.35,0.0,12400.0,3200.0,3980.1,100.0,0.0,0,0.0,-0.0,0.0,0.0,0.0,0.0,0.0,0.0,0.0,-121644.0,0.0,0.0,1,0
1.7167,400.0,597.455,0.0,0.0,0.0,0.0,0.0,0.0,0.0,0,0,0,0.0,0,1.225,288.15,340.35,0.0,12400.0,3200.0,3980.1,100.0,0.0,0,0.0,-0.0,0.0,0.0,0.0,0.0,0.0,0.0,0.0,-121644.0,0.0,0.0,1,0
1.8167,400.0,597.455,0.0,0.0,0.0,0.0,0.0,0.0,0.0,0,0,0,0.0,0,1.225,288.15,340.35,0.0,12400.0,3200.0,3980.1,100.0,0.0,0,0.0,-0.0,0.0,0.0,0.0,0.0,0.0,0.0,0.0,-121644.0,0.0,0.0,1,0
1.9167,400.0,597.455,0.0,0.0,0.0,0.0,0.0,0.0,0.0,0,0,0,0.0,0,1.225,288.15,340.35,0.0,12400.0,3200.0,3980.1,100.0,0.0,0,0.0,-0.0,0.0,0.0,0.0,0.0,0.0,0.0,0.0,-121644.0,0.0,0.0,1,0
2.0167,400.0,597.455,0.0,0.0,0.0,0.0,0.0,0.0,0.0,0,0,0,0.0,0,1.225,288.15,340.35,0.0,12400.0,3200.0,3980.1,100.0,0.0,0,0.0,-0.0,0.0,0.0,0.0,0.0,0.0,0.0,0.0,-121644.0,0.0,0.0,1,0
2.1167,400.0,597.455,0.0,0.0,0.0,0.0,0.0,0.0,0.0,0,0,0,0.0,0,1.225,288.15,340.35,0.0,12400.0,3200.0,3980.1,100.0,0.0,0,0.0,-0.0,0.0,0.0,0.0,0.0,0.0,0.0,0.0,-121644.0,0.0,0.0,1,0
2.2167,400.0,597.455,0.0,0.0,0.0,0.0,0.0,0.0,0.0,0,0,0,0.0,0,1.225,288.15,340.35,0.0,12400.0,3200.0,3980.1,100.0,0.0,0,0.0,-0.0,0.0,0.0,0.0,0.0,0.0,0.0,0.0,-121644.0,0.0,0.0,1,0
2.3167,400.0,597.455,0.0,0.0,0.0,0.0,0.0,0.0,0.0,0,0,0,0.0,0,1.225,288.15,340.35,0.0,12400.0,3200.0,3980.1,100.0,0.0,0,0.0,-0.0,0.0,0.0,0.0,0.0,0.0,0.0,0.0,-121644.0,0.0,0.0,1,0
2.4167,400.0,597.455,0.0,0.0,0.0,0.0,0.0,0.0,0.0,0,0,0,0.0,0,1.225,288.15,340.35,0.0,12400.0,3200.0,3980.1,100.0,0.0,0,0.0,-0.0,0.0,0.0,0.0,0.0,0.0,0.0,0.0,-121644.0,0.0,0.0,1,0
2.5167,400.0,597.455,0.0,0.0,0.0,0.0,0.0,0.0,0.0,0,0,0,0.0,0,1.225,288.15,340.35,0.0,12400.0,3200.0,3980.1,100.0,0.0,0,0.0,-0.0,0.0,0.0,0.0,0.0,0.0,0.0,0.0,-121644.0,0.0,0.0,1,0
2.6167,400.0,597.455,0.0,0.0,0.0,0.0,0.0,0.0,0.0,0,0,0,0.0,0,1.225,288.15,340.35,0.0,12400.0,3200.0,3980.1,100.0,0.0,0,0.0,-0.0,0.0,0.0,0.0,0.0,0.0,0.0,0.0,-121644.0,0.0,0.0,1,0
2.7167,400.0,597.455,0.0,0.0,0.0,0.0,0.0,0.0,0.0,0,0,0,0.0,0,1.225,288.15,340.35,0.0,12400.0,3200.0,3980.1,100.0,0.0,0,0.0,-0.0,0.0,0.0,0.0,0.0,0.0,0.0,0.0,-121644.0,0.0,0.0,1,0
2.8167,400.0,597.455,0.0,0.0,0.0,0.0,0.0,0.0,0.0,0,0,0,0.0,0,1.225,288.15,340.35,0.0,12400.0,3200.0,3980.1,100.0,0.0,0,0.0,-0.0,0.0,0.0,0.0,0.0,0.0,0.0,0.0,-121644.0,0.0,0.0,1,0
2.9167,400.0,597.455,0.0,0.0,0.0,0.0,0.0,0.0,0.0,0,0,0,0.0,0,1.225,288.15,340.35,0.0,12400.0,3200.0,3980.1,100.0,0.0,0,0.0,-0.0,0.0,0.0,0.0,0.0,0.0,0.0,0.0,-121644.0,0.0,0.0,1,0
3.0167,400.0,597.455,0.0,0.0,0.0,0.0,0.0,0.0,0.0,0,0,0,0.0,0,1.225,288.15,340.35,0.0,12400.0,3200.0,3980.1,100.0,0.0,0,0.0,-0.0,0.0,0.0,0.0,0.0,0.0,0.0,0.0,-121644.0,0.0,0.0,1,0
3.1167,400.0,597.455,0.0,0.0,0.0,0.0,0.0,0.0,0.0,0,0,0,0.0,0,1.225,288.15,340.35,0.0,12400.0,3200.0,3980.1,100.0,0.0,0,0.0,-0.0,0.0,0.0,0.0,0.0,0.0,0.0,0.0,-121644.0,0.0,0.0,1,0
3.2167,400.0,597.455,0.0,0.0,0.0,0.0,0.0,0.0,0.0,0,0,0,0.0,0,1.225,288.15,340.35,0.0,12400.0,3200.0,3980.1,100.0,0.0,0,0.0,-0.0,0.0,0.0,0.0,0.0,0.0,0.0,0.0,-121644.0,0.0,0.0,1,0
3.3167,400.0,597.455,0.0,0.0,0.0,0.0,0.0,0.0,0.0,0,0,0,0.0,0,1.225,288.15,340.35,0.0,12400.0,3200.0,3980.1,100.0,0.0,0,0.0,-0.0,0.0,0.0,0.0,0.0,0.0,0.0,0.0,-121644.0,0.0,0.0,1,0
3.4167,400.0,597.455,0.0,0.0,0.0,0.0,0.0,0.0,0.0,0,0,0,0.0,0,1.225,288.15,340.35,0.0,12400.0,3200.0,3980.1,100.0,0.0,0,0.0,-0.0,0.0,0.0,0.0,0.0,0.0,0.0,0.0,-121644.0,0.0,0.0,1,0
3.5167,400.0,597.455,0.0,0.0,0.0,0.0,0.0,0.0,0.0,0,0,0,0.0,0,1.225,288.15,340.35,0.0,12400.0,3200.0,3980.1,100.0,0.0,0,0.0,-0.0,0.0,0.0,0.0,0.0,0.0,0.0,0.0,-121644.0,0.0,0.0,1,0
3.6167,400.0,597.455,0.0,0.0,0.0,0.0,0.0,0.0,0.0,0,0,0,0.0,0,1.225,288.15,340.35,0.0,12400.0,3200.0,3980.1,100.0,0.0,0,0.0,-0.0,0.0,0.0,0.0,0.0,0.0,0.0,0.0,-121644.0,0.0,0.0,1,0
3.7167,400.0,597.455,0.0,0.0,0.0,0.0,0.0,0.0,0.0,0,0,0,0.0,0,1.225,288.15,340.35,0.0,12400.0,3200.0,3980.1,100.0,0.0,0,0.0,-0.0,0.0,0.0,0.0,0.0,0.0,0.0,0.0,-121644.0,0.0,0.0,1,0
3.8167,400.0,597.455,0.0,0.0,0.0,0.0,0.0,0.0,0.0,0,0,0,0.0,0,1.225,288.15,340.35,0.0,12400.0,3200.0,3980.1,100.0,0.0,0,0.0,-0.0,0.0,0.0,0.0,0.0,0.0,0.0,0.0,-121644.0,0.0,0.0,1,0
3.9167,400.0,597.455,0.0,0.0,0.0,0.0,0.0,0.0,0.0,0,0,0,0.0,0,1.225,288.15,340.35,0.0,12400.0,3200.0,3980.1,100.0,0.0,0,0.0,-0.0,0.0,0.0,0.0,0.0,0.0,0.0,0.0,-121644.0,0.0,0.0,1,0
4.0167,400.0,597.455,0.0,0.0,0.0,0.0,0.0,0.0,0.0,0,0,0,0.0,0,1.225,288.15,340.35,0.0,12400.0,3200.0,3980.1,100.0,0.0,0,0.0,-0.0,0.0,0.0,0.0,0.0,0.0,0.0,0.0,-121644.0,0.0,0.0,1,0
4.1167,400.0,597.455,0.0,0.0,0.0,0.0,0.0,0.0,0.0,0,0,0,0.0,0,1.225,288.15,340.35,0.0,12400.0,3200.0,3980.1,100.0,0.0,0,0.0,-0.0,0.0,0.0,0.0,0.0,0.0,0.0,0.0,-121644.0,0.0,0.0,1,0
4.2167,400.0,597.455,0.0,0.0,0.0,0.0,0.0,0.0,0.0,0,0,0,0.0,0,1.225,288.15,340.35,0.0,12400.0,3200.0,3980.1,100.0,0.0,0,0.0,-0.0,0.0,0.0,0.0,0.0,0.0,0.0,0.0,-121644.0,0.0,0.0,1,0
4.3167,400.0,597.455,0.0,0.0,0.0,0.0,0.0,0.0,0.0,0,0,0,0.0,0,1.225,288.15,340.35,0.0,12400.0,3200.0,3980.1,100.0,0.0,0,0.0,-0.0,0.0,0.0,0.0,0.0,0.0,0.0,0.0,-121644.0,0.0,0.0,1,0
4.4167,400.0,597.455,0.0,0.0,0.0,0.0,0.0,0.0,0.0,0,0,0,0.0,0,1.225,288.15,340.35,0.0,12400.0,3200.0,3980.1,100.0,0.0,0,0.0,-0.0,0.0,0.0,0.0,0.0,0.0,0.0,0.0,-121644.0,0.0,0.0,1,0
4.5167,400.0,597.455,0.0,0.0,0.0,0.0,0.0,0.0,0.0,0,0,0,0.0,0,1.225,288.15,340.35,0.0,12400.0,3200.0,3980.1,100.0,0.0,0,0.0,-0.0,0.0,0.0,0.0,0.0,0.0,0.0,0.0,-121644.0,0.0,0.0,1,0
4.6167,400.0,597.455,-0.0,0.0,-0.002,0.0,0.002,-0.165,0.0,0,0,0,0.0,0,1.225,288.15,340.35,0.0,12400.0,3200.0,3980.1,100.0,0.0341,1600,1600.0,-0.0,0.0,0.0,0.0,0.0,0.0,0.0,-3649.3,-121644.0,-2049.3,0.0,1,0
4.7167,400.001,597.455,0.001,0.0,0.014,0.0,0.014,0.222,0.0,0,0,0,0.0,0,1.225,288.15,340.35,0.0,12400.0,3199.99,3980.1,100.0,0.1363,6400,6400.0,-0.0,0.0,0.0,0.0,0.0,0.0,0.0,-3649.3,-121643.9,2750.7,0.0,1,0
4.8167,400.005,597.455,0.005,0.0,0.059,0.0,0.059,0.609,0.0,0,0,0,0.0,0,1.225,288.15,340.35,0.0002,12400.0,3199.97,3980.1,100.0,0.2386,11200,11200.0,-0.0,0.0,0.0,0.0,0.0,0.0,0.0,-3649.3,-121643.7,7550.7,0.0,1,0
4.9167,400.015,597.455,0.015,0.0,0.142,0.0,0.142,0.996,0.0,0,0,0,0.0,0,1.225,288.15,340.35,0.0004,12399.9,3199.94,3980.0,100.0,0.3408,16000,16000.0,-0.0,0.0,0.0,0.0,0.0,0.0,0.0,-3649.3,-121643.4,12350.7,0.0,1,0
5.0167,400.036,597.455,0.036,0.0,0.265,0.0,0.265,1.383,0.0,0,0,0,0.0,0,1.225,288.15,340.35,0.0008,12399.9,3199.9,3980.0,100.0,0.443,20800,20800.0,-0.0,0.0,0.0,0.0,0.0,0.0,0.0,-3649.3,-121643.0,17150.7,0.0,1,0
5.1167,400.072,597.455,0.072,0.0,0.426,0.0,0.426,1.77,0.0,0,0,0,0.0,0,1.225,288.15,340.35,0.0013,12399.9,3199.85,3979.9,100.0,0.5453,25600,25600.0,-0.0,0.0,0.0,0.0,0.0,0.0,0.0,-3649.3,-121642.5,21950.7,0.0,1,0
5.2167,400.125,597.455,0.125,0.0,0.625,0.0,0.625,2.157,0.0,0,0,0,0.0,0,1.225,288.15,340.35,0.0018,12399.8,3199.79,3979.8,99.99,0.6475,30400,30400.0,-0.0,0.0,0.0,0.0,0.0,0.0,0.0,-3649.3,-121641.9,26750.7,0.0,1,0
5.3167,400.202,597.455,0.202,0.0,0.863,0.0,0.863,2.544,0.0,0,0,0,0.0,0,1.225,288.15,340.35,0.0025,12399.7,3199.72,3979.7,99.99,0.7498,35200,35200.0,-0.0,0.0,0.0,0.0,0.0,0.0,0.0,-3649.2,-121641.2,31550.8,0.0,1,0
5.4167,400.304,597.455,0.304,0.0,1.14,0.0,1.14,2.932,0.0,0,-0.0,0.0,0.0,0.0,1.225,288.15,340.35,0.0034,12399.6,3199.64,3979.6,99.99,0.852,40000,40000.0,-0.0,0.0,-0.0,-0.4,-0.0,0.4,0.0,-3649.2,-121640.4,36350.3,0.0,1,0
5.5167,400.436,597.455,0.436,0.0,1.456,0.0,1.456,3.319,0.0,0,-0.0,0.0,0.0,0.0,1.225,288.15,340.35,0.0043,12399.5,3199.55,3979.5,99.99,0.9542,44800,44800.0,-0.0,0.0,-0.0,-0.7,-0.0,0.7,0.0,-3649.2,-121639.6,41150.1,0.0,1,0
5.6167,400.602,597.455,0.602,0.0,1.811,0.0,1.811,3.706,0.0,0,-0.0,0.0,0.0,0.0,1.225,288.15,340.35,0.0053,12399.4,3199.45,3979.4,99.98,1.0565,49600,49600.0,-0.0,0.0,-0.0,-1.1,-0.0,1.1,0.0,-3649.2,-121638.6,45949.7,0.0,1,0
5.7167,400.806,597.455,0.806,0.0,2.204,0.0,2.204,4.093,0.0,0,-0.0,0.0,0.0,0.0,1.225,288.15,340.35,0.0065,12399.3,3199.33,3979.3,99.98,1.1587,54400,54400.0,-0.0,0.0,-0.0,-1.7,-0.0,1.7,0.0,-3649.1,-121637.5,50749.2,0.0,1,0
5.8167,401.051,597.455,1.051,0.0,2.636,0.0,2.636,4.48,0.0,0,-0.0,0.0,0.0,0.0,1.225,288.15,340.35,0.0077,12399.2,3199.21,3979.1,99.98,1.261,59200,59200.0,-0.0,0.0,-0.0,-2.5,-0.0,2.5,0.0,-3649.1,-121636.3,55548.4,0.0,1,0
5.9167,401.342,597.455,1.342,0.0,3.106,0.0,3.106,4.867,0.0,0,-0.0,0.0,0.0,0.0,1.225,288.15,340.35,0.0091,12399.1,3199.08,3979.0,99.97,1.3632,64000,64000.0,-0.0,0.0,-0.0,-3.4,-0.0,3.4,0.0,-3649.0,-121635.0,60347.5,0.0,1,0
6.0167,401.682,597.455,1.682,0.0,3.616,0.0,3.616,5.254,0.0,0,-0.0,0.0,0.0,0.0,1.225,288.15,340.35,0.0106,12398.9,3198.94,3978.8,99.97,1.4654,68800,68800.0,-0.0,0.0,-0.0,-4.7,-0.0,4.7,0.0,-3649.0,-121633.6,65146.3,0.0,1,0
6.1167,402.075,597.455,2.075,0.0,4.164,0.0,4.164,5.641,0.0,0,-0.0,0.0,0.0,0.0,1.225,288.15,340.35,0.0122,12398.8,3198.79,3978.6,99.96,1.5677,73600,73600.0,-0.0,0.0,-0.0,-6.2,-0.0,6.2,0.0,-3649.0,-121632.1,69944.8,0.0,1,0
6.2167,402.525,597.455,2.525,0.0,4.75,0.0,4.75,6.028,0.0,0,-0.0,0.0,0.0,0.0,1.225,288.15,340.35,0.014,12398.6,3198.62,3978.4,99.96,1.6699,78400,78400.0,-0.0,0.0,-0.0,-8.1,-0.0,8.1,0.0,-3648.9,-121630.5,74743.0,0.0,1,0
6.3167,403.036,597.455,3.036,0.0,5.376,0.0,5.376,6.415,0.0,0,-0.0,0.0,0.0,0.0,1.225,288.15,340.35,0.0158,12398.4,3198.45,3978.2,99.95,1.7722,83200,83200.0,-0.0,0.0,-0.0,-10.4,-0.0,10.4,0.0,-3648.9,-121628.8,79540.7,0.0,1,0
6.4167,403.612,597.455,3.612,0.0,6.04,0.0,6.04,6.802,0.0,0,-0.0,0.0,0.0,0.0,1.225,288.15,340.35,0.0177,12398.3,3198.27,3977.9,99.95,1.8744,88000,88000.0,-0.0,0.0,-0.0,-13.2,-0.0,13.2,0.0,-3648.8,-121627.0,84338.0,0.0,1,0
6.5167,404.257,597.455,4.257,0.0,6.743,0.0,6.743,7.189,0.0,0,-0.0,0.0,0.0,0.0,1.225,288.15,340.35,0.0198,12398.1,3198.07,3977.7,99.94,1.9766,92800,92800.0,-0.0,0.0,-0.0,-16.5,-0.0,16.5,0.0,-3648.8,-121625.1,89134.8,0.0,1,0
6.6167,404.974,597.455,4.974,0.0,7.484,0.0,7.484,7.576,0.0,0,-0.0,0.0,0.0,0.0,1.225,288.15,340.35,0.022,12397.9,3197.87,3977.4,99.93,2.0789,97600,97600.0,-0.0,0.0,-0.0,-20.3,-0.0,20.3,0.0,-3648.7,-121623.1,93931.0,0.0,1,0
6.7167,405.768,597.455,5.768,0.0,8.264,0.0,8.264,7.963,0.0,0,-0.0,0.0,0.0,0.0,1.225,288.15,340.35,0.0243,12397.7,3197.66,3977.2,99.93,2.1811,102400,102400.0,-0.0,0.0,-0.0,-24.8,-0.0,24.8,0.0,-3648.6,-121621.0,98726.5,0.0,1,0
6.8167,406.642,597.455,6.642,0.0,9.083,0.0,9.083,8.35,0.0,0,-0.0,0.0,0.0,0.0,1.225,288.15,340.35,0.0267,12397.4,3197.43,3976.9,99.92,2.2834,107200,107200.0,-0.0,0.0,-0.0,-30.0,-0.0,30.0,0.0,-3648.6,-121618.8,103521.4,0.0,1,0
6.9167,407.6,597.455,7.6,0.0,9.941,0.0,9.941,8.737,0.0,0,-0.0,0.0,0.0,0.0,1.225,288.15,340.35,0.0292,12397.2,3197.2,3976.6,99.91,2.3856,112000,112000.0,-0.0,0.0,-0.0,-36.0,-0.0,36.0,0.0,-3648.5,-121616.5,108315.5,0.0,1,0
7.0167,408.646,597.455,8.646,0.0,10.837,0.0,10.837,9.124,0.0,0,-0.0,0.0,0.0,0.0,1.225,288.15,340.35,0.0318,12397.0,3196.95,3976.3,99.9,2.4878,116800,116800.0,-0.0,0.0,-0.0,-42.9,-0.0,42.9,0.0,-3648.4,-121614.1,113108.7,0.0,1,0
7.1167,409.784,597.455,9.784,0.0,11.772,0.0,11.772,9.511,0.0,0,-0.0,0.0,0.0,0.0,1.225,288.15,340.35,0.0346,12396.7,3196.7,3976.0,99.9,2.5901,121600,121600.0,-0.0,0.0,-0.0,-50.7,-0.0,50.7,0.0,-3648.3,-121611.6,117901.0,0.0,1,0
7.2167,411.017,597.455,11.017,0.0,12.746,0.0,12.746,9.897,0.0,0,-0.0,0.0,0.0,0.0,1.225,288.15,340.35,0.0374,12396.4,3196.43,3975.7,99.89,2.6923,126400,126400.0,-0.0,0.0,-0.0,-59.4,-0.0,59.4,0.0,-3648.3,-121609.0,122692.3,0.0,1,0
7.3167,412.35,597.455,12.35,0.0,13.752,0.0,13.752,10.107,0.0,0,-0.0,0.0,0.0,0.0,1.225,288.15,340.35,0.0404,12396.2,3196.16,3975.3,99.88,2.7477,129000,129000.0,-0.0,0.0,-0.0,-69.3,-0.0,69.3,0.0,-3648.2,-121606.3,125282.5,0.0,1,0
7.4167,413.785,597.455,13.785,0.0,14.763,0.0,14.763,10.106,0.0,0,-0.0,0.0,0.0,0.0,1.225,288.15,340.35,0.0434,12395.9,3195.88,3975.0,99.87,2.7477,129000,129000.0,-0.0,0.0,-0.0,-80.0,-0.0,80.0,0.0,-3648.1,-121603.6,125271.9,0.0,1,0
7.5167,415.32,597.455,15.32,0.0,15.773,0.0,15.773,10.105,0.0,0,-0.0,0.0,0.0,0.0,1.225,288.15,340.35,0.0463,12395.6,3195.61,3974.6,99.86,2.7477,129000,129000.0,-0.0,0.0,-0.0,-91.5,-0.0,91.5,0.0,-3648.0,-121600.9,125260.5,0.0,1,0
7.6167,416.956,597.455,16.956,0.0,16.784,0.0,16.784,10.104,0.0,0,-0.0,0.0,0.0,0.0,1.225,288.15,340.35,0.0493,12395.3,3195.33,3974.3,99.85,2.7477,129000,129000.0,-0.0,0.0,-0.0,-103.7,-0.0,103.7,0.0,-3647.9,-121598.2,125248.4,0.0,1,0
7.7167,418.693,597.455,18.693,0.0,17.794,0.0,17.794,10.104,0.0,0,-0.0,0.0,0.0,0.0,1.225,288.15,340.35,0.0523,12395.1,3195.06,3974.0,99.85,2.7477,129000,129000.0,-0.0,0.0,-0.0,-116.7,-0.0,116.7,0.0,-3647.9,-121595.5,125235.5,0.0,1,0
7.8167,420.532,597.455,20.532,0.0,18.805,0.0,18.805,10.103,0.0,0,-0.0,0.0,0.0,0.0,1.225,288.15,340.35,0.0553,12394.8,3194.79,3973.6,99.84,2.7477,129000,129000.0,-0.0,0.0,-0.0,-130.4,-0.0,130.4,0.0,-3647.8,-121592.8,125221.8,0.0,1,0
7.9167,422.471,597.455,22.471,0.0,19.815,0.0,19.815,10.102,0.0,0,-0.0,0.0,0.0,0.0,1.225,288.15,340.35,0.0582,12394.5,3194.51,3973.3,99.83,2.7477,129000,129000.0,-0.0,0.0,-0.0,-145.0,-0.0,145.0,0.0,-3647.7,-121590.1,125207.3,0.0,1,0
8.0167,424.512,597.455,24.512,0.0,20.825,0.0,20.825,10.101,0.0,0,-0.0,0.0,0.0,0.0,1.225,288.15,340.35,0.0612,12394.2,3194.24,3972.9,99.82,2.7477,129000,129000.0,-0.0,0.0,-0.0,-160.2,-0.0,160.2,0.0,-3647.6,-121587.5,125192.1,0.0,1,0
8.1167,426.653,597.455,26.653,0.0,21.835,0.0,21.835,10.1,0.0,0,-0.0,0.0,0.0,0.0,1.225,288.15,340.35,0.0642,12394.0,3193.96,3972.6,99.81,2.7477,129000,129000.0,-0.0,0.0,-0.0,-176.3,-0.0,176.3,0.0,-3647.5,-121584.8,125176.2,0.0,1,0
8.2,428.515,597.455,28.515,0.0,22.677,0.0,22.677,10.099,0.0,0,-0.0,0.0,0.0,0.0,1.225,288.15,340.35,0.0666,12393.7,3193.73,3972.3,99.8,2.7477,129000,129000.0,-0.0,0.0,-0.0,-190.3,-0.0,190.3,0.0,-3647.5,-121582.5,125162.3,0.0,1,0
8.3,430.841,597.455,30.841,0.0,23.686,0.0,23.686,10.098,0.0,0,-0.0,0.0,0.0,0.0,1.225,288.15,340.35,0.0696,12393.5,3193.46,3972.0,99.8,2.7477,129000,129000.0,-0.0,0.0,-0.0,-207.7,-0.0,207.7,0.0,-3647.4,-121579.8,125144.9,0.0,1,0
8.4,433.269,597.455,33.269,0.0,24.696,0.0,24.696,10.096,0.0,0,-0.0,0.0,0.0,0.0,1.225,288.15,340.35,0.0726,12393.2,3193.18,3971.6,99.79,2.7477,129000,129000.0,-0.0,0.0,-0.0,-225.9,-0.0,225.9,0.0,-3647.3,-121577.1,125126.8,0.0,1,0
8.5,435.797,597.455,35.797,0.0,25.706,0.0,25.706,10.095,0.0,0,-0.0,0.0,0.0,0.0,1.225,288.15,340.35,0.0755,12392.9,3192.91,3971.3,99.78,2.7477,129000,129000.0,-0.0,0.0,-0.0,-244.9,-0.0,244.9,0.0,-3647.2,-121574.4,125107.8,0.0,1,0
8.6,438.427,597.455,38.427,0.0,26.715,0.0,26.715,10.094,0.0,0,-0.0,0.0,0.0,0.0,1.225,288.15,340.35,0.0785,12392.6,3192.63,3970.9,99.77,2.7477,129000,129000.0,-0.0,0.0,-0.0,-264.7,-0.0,264.7,0.0,-3647.2,-121571.7,125088.2,0.0,1,0
8.7,441.157,597.455,41.157,0.0,27.724,0.0,27.724,10.092,0.0,0,-0.0,0.0,0.0,0.0,1.225,288.15,340.35,0.0815,12392.4,3192.36,3970.6,99.76,2.7477,129000,129000.0,-0.0,0.0,-0.0,-285.2,-0.0,285.2,0.0,-3647.1,-121569.0,125067.8,0.0,1,0
8.8,443.989,597.455,43.989,0.0,28.734,0.0,28.734,10.091,0.0,0,-0.0,0.0,0.0,0.0,1.225,288.15,340.35,0.0844,12392.1,3192.08,3970.3,99.75,2.7477,129000,129000.0,-0.0,0.0,-0.0,-306.4,-0.0,306.4,0.0,-3647.0,-121566.3,125046.6,0.0,1,0
8.9,446.921,597.455,46.921,0.0,29.743,0.0,29.743,10.089,0.0,0,-0.0,0.0,0.0,0.0,1.225,288.15,340.35,0.0874,12391.8,3191.81,3969.9,99.74,2.7477,129000,129000.0,-0.0,0.0,-0.0,-328.5,-0.0,328.5,0.0,-3646.9,-121563.6,125024.6,0.0,1,0
9.0,449.954,597.455,49.954,0.0,30.751,0.0,30.751,10.088,0.0,0,-0.0,0.0,0.0,0.0,1.225,288.15,340.35,0.0904,12391.5,3191.53,3969.6,99.74,2.7477,129000,129000.0,-0.0,0.0,-0.0,-351.3,-0.0,351.3,0.0,-3646.8,-121560.9,125001.9,0.0,1,0
9.1,453.088,597.455,53.088,0.0,31.76,0.0,31.76,10.086,0.0,0,-0.0,0.0,0.0,0.0,1.225,288.15,340.35,0.0933,12391.3,3191.26,3969.2,99.73,2.7477,129000,129000.0,-0.0,0.0,-0.0,-374.8,-0.0,374.8,0.0,-3646.7,-121558.2,124978.4,0.0,1,0
9.2,456.323,597.455,56.323,0.0,32.769,0.0,32.769,10.084,0.0,0,-0.0,0.0,0.0,0.0,1.225,288.15,340.35,0.0963,12391.0,3190.98,3968.9,99.72,2.7477,129000,129000.0,-0.0,0.0,-0.0,-399.1,-0.0,399.1,0.0,-3646.7,-121555.6,124954.2,0.0,1,0
9.3,459.658,597.455,59.658,0.0,33.777,0.0,33.777,10.082,0.0,0,-0.0,0.0,0.0,0.0,1.225,288.15,340.35,0.0992,12390.7,3190.71,3968.5,99.71,2.7477,129000,129000.0,-0.0,0.0,-0.0,-424.2,-0.0,424.2,0.0,-3646.6,-121552.9,124929.2,0.0,1,0
9.4,463.095,597.455,63.095,0.0,34.785,0.0,34.785,10.081,0.0,0,-0.0,0.0,0.0,0.0,1.225,288.15,340.35,0.1022,12390.4,3190.43,3968.2,99.7,2.7477,129000,129000.0,-0.0,0.0,-0.0,-450.0,-0.0,450.0,0.0,-3646.5,-121550.2,124903.5,0.0,1,0
9.5,466.632,597.455,66.632,0.0,35.793,0.0,35.793,10.079,0.0,0,-0.0,0.0,0.0,0.0,1.225,288.15,340.35,0.1052,12390.2,3190.16,3967.9,99.69,2.7477,129000,129000.0,-0.0,0.0,-0.0,-476.6,-0.0,476.6,0.0,-3646.4,-121547.5,124877.0,0.0,1,0
9.6,470.27,597.455,70.27,0.0,36.801,0.0,36.801,10.077,0.0,0,-0.0,0.0,0.0,0.0,1.225,288.15,340.35,0.1081,12389.9,3189.89,3967.5,99.68,2.7477,129000,129000.0,-0.0,0.0,-0.0,-504.0,-0.0,504.0,0.0,-3646.3,-121544.8,124849.7,0.0,1,0
9.7,474.009,597.455,74.009,0.0,37.808,0.0,37.808,10.075,0.0,0,-0.0,0.0,0.0,0.0,1.225,288.15,340.35,0.1111,12389.6,3189.61,3967.2,99.68,2.7477,129000,129000.0,-0.0,0.0,-0.0,-532.1,-0.0,532.1,0.0,-3646.3,-121542.1,124821.7,0.0,1,0
9.8,477.849,597.455,77.849,0.0,38.816,0.0,38.816,10.073,0.0,0,-0.0,0.0,0.0,0.0,1.225,288.15,340.35,0.114,12389.3,3189.34,3966.8,99.67,2.7477,129000,129000.0,-0.0,0.0,-0.0,-560.9,-0.0,560.9,0.0,-3646.2,-121539.4,124792.9,0.0,1,0
9.9,481.789,597.455,81.789,0.0,39.823,0.0,39.823,10.07,0.0,0,-0.0,0.0,0.0,0.0,1.225,288.15,340.35,0.117,12389.1,3189.06,3966.5,99.66,2.7477,129000,129000.0,-0.0,0.0,-0.0,-590.6,-0.0,590.6,0.0,-3646.1,-121536.7,124763.3,0.0,1,0
10.0,485.83,597.455,85.83,0.0,40.83,0.0,40.83,10.068,0.0,0,-0.0,0.0,0.0,0.0,1.225,288.15,340.35,0.12,12388.8,3188.79,3966.2,99.65,2.7477,129000,129000.0,-0.0,0.0,-0.0,-620.9,-0.0,620.9,0.0,-3646.0,-121534.0,124733.1,0.0,1,0
10.1,489.972,597.455,89.972,0.0,41.836,0.0,41.836,10.066,0.0,0,-0.0,0.0,0.0,0.0,1.225,288.15,340.35,0.1229,12388.5,3188.51,3965.8,99.64,2.7477,129000,129000.0,-0.0,0.0,-0.0,-652.1,-0.0,652.1,0.0,-3645.9,-121531.3,124702.0,0.0,1,0
10.2,494.214,597.455,94.214,0.0,42.843,0.0,42.843,10.064,0.0,0,-0.0,0.0,0.0,0.0,1.225,288.15,340.35,0.1259,12388.2,3188.24,3965.5,99.63,2.7477,129000,129000.0,-0.0,0.0,-0.0,-683.9,-0.0,683.9,0.0,-3645.9,-121528.6,124670.2,0.0,1,0
10.3,498.557,597.455,98.557,0.0,43.849,0.0,43.849,10.061,0.0,0,-0.0,0.0,0.0,0.0,1.225,288.15,340.35,0.1288,12388.0,3187.96,3965.1,99.62,2.7477,129000,129000.0,-0.0,0.0,-0.0,-716.6,-0.0,716.6,0.0,-3645.8,-121525.9,124637.7,0.0,1,0
10.4,503.001,597.455,103.001,0.0,44.855,0.0,44.855,10.059,0.0,0,-0.0,0.0,0.0,0.0,1.225,288.15,340.35,0.1318,12387.7,3187.69,3964.8,99.62,2.7477,129000,129000.0,-0.0,0.0,-0.0,-750.0,-0.0,750.0,0.0,-3645.7,-121523.2,124604.3,0.0,1,0
10.5,507.545,597.455,107.545,0.0,45.861,0.0,45.861,10.056,0.0,0,-0.0,0.0,0.0,0.0,1.225,288.15,340.35,0.1347,12387.4,3187.41,3964.4,99.61,2.7477,129000,129000.0,-0.0,0.0,-0.0,-784.1,-0.0,784.1,0.0,-3645.6,-121520.5,124570.3,0.0,1,0
10.6,512.19,597.455,112.19,0.0,46.866,0.0,46.866,10.054,0.0,0,-0.0,0.0,0.0,0.0,1.225,288.15,340.35,0.1377,12387.1,3187.14,3964.1,99.6,2.7477,129000,129000.0,-0.0,0.0,-0.0,-819.0,-0.0,819.0,0.0,-3645.5,-121517.8,124535.5,0.0,1,0
10.7,516.935,597.455,116.935,0.0,47.871,0.0,47.871,10.051,0.0,0,-0.0,0.0,0.0,0.0,1.225,288.15,340.35,0.1407,12386.9,3186.86,3963.8,99.59,2.7477,129000,129000.0,-0.0,0.0,-0.0,-854.6,-0.0,854.6,0.0,-3645.5,-121515.1,124499.9,0.0,1,0
10.8,521.781,597.455,121.781,0.0,48.876,0.0,48.876,10.048,0.0,0,-0.0,0.0,0.0,0.0,1.225,288.15,340.35,0.1436,12386.6,3186.59,3963.4,99.58,2.7477,129000,129000.0,-0.0,0.0,-0.0,-891.0,-0.0,891.0,0.0,-3645.4,-121512.4,124463.6,0.0,1,0
10.9,526.727,597.455,126.727,0.0,49.881,0.0,49.881,10.045,0.0,0,-0.0,0.0,0.0,0.0,1.225,288.15,340.35,0.1466,12386.3,3186.31,3963.1,99.57,2.7477,129000,129000.0,-0.0,0.0,-0.0,-928.1,-0.0,928.1,0.0,-3645.3,-121509.7,124426.6,0.0,1,0
11.0,531.774,597.455,131.774,0.0,50.885,0.0,50.885,10.043,0.0,0,-0.0,0.0,0.0,0.0,1.225,288.15,340.35,0.1495,12386.0,3186.04,3962.7,99.56,2.7477,129000,129000.0,-0.0,0.0,-0.0,-966.0,-0.0,966.0,0.0,-3645.2,-121507.0,124388.8,0.0,1,0
11.1,536.921,597.455,136.921,0.0,51.89,0.0,51.89,10.04,0.0,0,-0.0,0.0,0.0,0.0,1.225,288.15,340.35,0.1525,12385.8,3185.76,3962.4,99.56,2.7477,129000,129000.0,-0.0,0.0,-0.0,-1004.7,-0.0,1004.7,0.0,-3645.1,-121504.3,124350.2,0.0,1,0
11.2,542.168,597.455,142.168,0.0,52.893,0.0,52.893,10.037,0.0,0,-0.0,0.0,0.0,0.0,1.225,288.15,340.35,0.1554,12385.5,3185.49,3962.1,99.55,2.7477,129000,129000.0,-0.0,0.0,-0.0,-1044.0,-0.0,1044.0,0.0,-3645.0,-121501.6,124310.9,0.0,1,0
11.3,547.516,597.455,147.516,0.0,53.897,0.0,53.897,10.034,0.0,0,-0.0,0.0,0.0,0.0,1.225,288.15,340.35,0.1584,12385.2,3185.21,3961.7,99.54,2.7477,129000,129000.0,-0.0,0.0,-0.0,-1084.2,-0.0,1084.2,0.0,-3645.0,-121498.9,124270.9,0.0,1,0
11.4,552.964,597.455,152.964,0.0,54.9,0.0,54.9,10.031,0.0,0,-0.0,0.0,0.0,0.0,1.225,288.15,340.35,0.1613,12384.9,3184.94,3961.4,99.53,2.7477,129000,129000.0,-0.0,0.0,-0.0,-1125.0,-0.0,1125.0,0.0,-3644.9,-121496.3,124230.1,0.0,1,0
11.5,558.513,597.455,158.513,0.0,55.903,0.0,55.903,10.028,0.0,0,-0.0,0.0,0.0,0.0,1.225,288.15,340.35,0.1643,12384.7,3184.66,3961.0,99.52,2.7477,129000,129000.0,-0.0,0.0,-0.0,-1166.6,-0.0,1166.6,0.0,-3644.8,-121493.6,124188.6,0.0,1,0
11.6,564.162,597.455,164.162,0.0,56.906,0.0,56.906,10.024,0.0,0,-0.0,0.0,0.0,0.0,1.225,288.15,340.35,0.1672,12384.4,3184.39,3960.7,99.51,2.7477,129000,129000.0,-0.0,0.0,-0.0,-1209.0,-0.0,1209.0,0.0,-3644.7,-121490.9,124146.3,0.0,1,0
11.7,569.911,597.455,169.911,0.0,57.908,0.0,57.908,10.021,0.0,0,-0.0,0.0,0.0,0.0,1.225,288.15,340.35,0.1701,12384.1,3184.11,3960.3,99.5,2.7477,129000,129000.0,-0.0,0.0,-0.0,-1252.1,-0.0,1252.1,0.0,-3644.6,-121488.2,124103.3,0.0,1,0
11.8,575.76,597.455,175.76,0.0,58.91,0.0,58.91,10.018,0.0,0,-0.0,0.0,0.0,0.0,1.225,288.15,340.35,0.1731,12383.8,3183.84,3960.0,99.5,2.7477,129000,129000.0,-0.0,0.0,-0.0,-1295.9,-0.0,1295.9,0.0,-3644.6,-121485.5,124059.5,0.0,1,0
11.9,581.709,597.455,181.709,0.0,59.911,0.0,59.911,10.014,0.0,0,-0.0,0.0,0.0,0.0,1.225,288.15,340.35,0.176,12383.6,3183.57,3959.7,99.49,2.7477,129000,129000.0,-0.0,0.0,-0.0,-1340.5,-0.0,1340.5,0.0,-3644.5,-121482.8,124015.0,0.0,1,0
12.0,587.759,597.455,187.759,0.0,60.913,0.0,60.913,10.011,0.0,0,-0.0,0.0,0.0,0.0,1.225,288.15,340.35,0.179,12383.3,3183.29,3959.3,99.48,2.7477,129000,129000.0,-0.0,0.0,-0.0,-1385.8,-0.0,1385.8,0.0,-3644.4,-121480.1,123969.8,0.0,1,0
12.1,593.908,597.455,193.908,0.0,61.913,0.0,61.913,10.008,0.0,0,-0.0,0.0,0.0,0.0,1.225,288.15,340.35,0.1819,12383.0,3183.02,3959.0,99.47,2.7477,129000,129000.0,-0.0,0.0,-0.0,-1431.8,-0.0,1431.8,0.0,-3644.3,-121477.4,123923.8,0.0,1,0
12.2,600.158,597.455,200.158,0.0,62.914,0.0,62.914,10.004,0.0,0,-0.0,0.0,0.0,0.0,1.225,288.15,340.35,0.1849,12382.7,3182.74,3958.6,99.46,2.7477,129000,129000.0,-0.0,0.0,-0.0,-1478.6,-0.0,1478.6,0.0,-3644.2,-121474.7,123877.1,0.0,1,0
12.3,606.508,597.455,206.508,0.0,63.914,0.0,63.914,10.0,0.0,0,-0.0,0.0,0.0,0.0,1.225,288.15,340.35,0.1878,12382.5,3182.47,3958.3,99.45,2.7477,129000,129000.0,-0.0,0.0,-0.0,-1526.1,-0.0,1526.1,0.0,-3644.2,-121472.0,123829.7,0.0,1,0
12.4,612.958,597.455,212.958,0.0,64.914,0.0,64.914,9.997,0.0,0,-0.0,0.0,0.0,0.0,1.225,288.15,340.35,0.1907,12382.2,3182.19,3957.9,99.44,2.7477,129000,129000.0,-0.0,0.0,-0.0,-1574.4,-0.0,1574.4,0.0,-3644.1,-121469.3,123781.5,0.0,1,0
12.5,619.507,597.455,219.507,0.0,65.913,0.0,65.913,9.993,0.0,0,-0.0,0.0,0.0,0.0,1.225,288.15,340.35,0.1937,12381.9,3181.92,3957.6,99.43,2.7477,129000,129000.0,-0.0,0.0,-0.0,-1623.4,-0.0,1623.4,0.0,-3644.0,-121466.6,123732.6,0.0,1,0
12.6,626.157,597.455,226.157,0.0,66.913,0.0,66.913,9.989,0.0,0,-0.0,0.0,0.0,0.0,1.225,288.15,340.35,0.1966,12381.6,3181.64,3957.3,99.43,2.7477,129000,129000.0,-0.0,0.0,-0.0,-1673.1,-0.0,1673.1,0.0,-3643.9,-121463.9,123683.0,0.0,1,0
12.7,632.906,597.455,232.906,0.0,67.911,0.0,67.911,9.985,0.0,0,-0.0,0.0,0.0,0.0,1.225,288.15,340.35,0.1995,12381.4,3181.37,3956.9,99.42,2.7477,129000,129000.0,-0.0,0.0,-0.0,-1723.5,-0.0,1723.5,0.0,-3643.8,-121461.2,123632.6,0.0,1,0
12.8,639.756,597.455,239.756,0.0,68.91,0.0,68.91,9.981,0.0,0,-0.0,0.0,0.0,0.0,1.225,288.15,340.35,0.2025,12381.1,3181.09,3956.6,99.41,2.7477,129000,129000.0,-0.0,0.0,-0.0,-1774.7,-0.0,1774.7,0.0,-3643.8,-121458.5,123581.5,0.0,1,0
12.9,646.705,597.455,246.705,0.0,69.907,0.0,69.907,9.978,0.0,0,-0.0,0.0,0.0,0.0,1.225,288.15,340.35,0.2054,12380.8,3180.82,3956.2,99.4,2.7477,129000,129000.0,-0.0,0.0,-0.0,-1826.6,-0.0,1826.6,0.0,-3643.7,-121455.8,123529.7,0.0,1,0
13.0,653.754,597.455,253.754,0.0,70.905,0.0,70.905,9.973,0.0,0,-0.0,0.0,0.0,0.0,1.225,288.15,340.35,0.2083,12380.5,3180.54,3955.9,99.39,2.7477,129000,129000.0,-0.0,0.0,-0.0,-1879.2,-0.0,1879.2,0.0,-3643.6,-121453.1,123477.2,0.0,1,0
13.1,660.903,597.455,260.903,0.0,71.902,0.0,71.902,9.969,0.0,0,-0.0,0.0,0.0,0.0,1.225,288.15,340.35,0.2113,12380.3,3180.27,3955.6,99.38,2.7477,129000,129000.0,-0.0,0.0,-0.0,-1932.6,-0.0,1932.6,0.0,-3643.5,-121450.4,123423.9,0.0,1,0
13.2,668.151,597.455,268.151,0.0,72.899,0.0,72.899,9.965,0.0,0,-0.0,0.0,0.0,0.0,1.225,288.15,340.35,0.2142,12380.0,3179.99,3955.2,99.37,2.7477,129000,129000.0,-0.0,0.0,-0.0,-1986.7,-0.0,1986.7,0.0,-3643.4,-121447.7,123369.9,0.0,1,0
13.3,675.499,597.455,275.499,0.0,73.895,0.0,73.895,9.961,0.0,0,-0.0,0.0,0.0,0.0,1.225,288.15,340.35,0.2171,12379.7,3179.72,3954.9,99.37,2.7477,129000,129000.0,-0.0,0.0,-0.0,-2041.5,-0.0,2041.5,0.0,-3643.4,-121445.0,123315.2,0.0,1,0
13.4,682.947,597.455,282.947,0.0,74.891,0.0,74.891,9.957,0.0,0,-0.0,0.0,0.0,0.0,1.225,288.15,340.35,0.22,12379.4,3179.44,3954.5,99.36,2.7477,129000,129000.0,-0.0,0.0,-0.0,-2097.0,-0.0,2097.0,0.0,-3643.3,-121442.3,123259.7,0.0,1,0
13.5,690.494,597.455,290.494,0.0,75.886,0.0,75.886,9.952,0.0,0,-0.0,0.0,0.0,0.0,1.225,288.15,340.35,0.223,12379.2,3179.17,3954.2,99.35,2.7477,129000,129000.0,-0.0,0.0,-0.0,-2153.2,-0.0,2153.2,0.0,-3643.2,-121439.6,123203.6,0.0,1,0
13.6,698.14,597.455,298.14,0.0,76.881,0.0,76.881,9.948,0.0,0,-0.0,0.0,0.0,0.0,1.225,288.15,340.35,0.2259,12378.9,3178.89,3953.8,99.34,2.7477,129000,129000.0,-0.0,0.0,-0.0,-2210.2,-0.0,2210.2,0.0,-3643.1,-121437.0,123146.7,0.0,1,0
13.7,705.887,597.455,305.887,0.0,77.876,0.0,77.876,9.944,0.0,0,-0.0,0.0,0.0,0.0,1.225,288.15,340.35,0.2288,12378.6,3178.62,3953.5,99.33,2.7477,129000,129000.0,-0.0,0.0,-0.0,-2267.9,-0.0,2267.9,0.0,-3643.0,-121434.3,123089.1,0.0,1,0
13.8,713.732,597.455,313.732,0.0,78.871,0.0,78.871,9.957,0.0,2,-0.0,2.0,0.12,0.002,1.225,288.15,340.35,0.2317,12378.3,3178.34,3953.2,99.32,2.7477,129000,128921.4,-4502.0,0.0,-12688.9,-2542.7,-0.0,2326.3,216.4,-3127.2,-104240.6,123251.5,0.0,1,0
13.9,721.677,597.455,321.677,0.0,79.856,0.0,79.856,9.716,0.0,8,-0.0,8.0,0.48,0.0327,1.225,288.15,340.35,0.2346,12378.1,3178.07,3952.8,99.31,2.7477,129000,127744.6,-17953.3,0.0,-52039.6,-5934.7,-0.0,2385.1,3549.6,-1543.1,-51435.9,120266.8,0.0,1,0
14.0,729.719,597.455,329.719,0.0,80.827,0.0,80.827,9.708,0.0,8,0.0,8.0,0.48,0.0327,1.225,288.15,340.35,0.2375,12377.8,3177.8,3952.5,99.31,2.7477,129000,127744.6,-17953.3,-0.0,-53315.8,-6080.3,0.0,2443.6,3636.6,-1504.7,-50157.0,120159.6,0.0,1,0
14.1,737.858,597.455,337.858,0.0,81.797,0.0,81.797,9.699,0.0,8,0.0,8.0,0.48,0.0327,1.225,288.15,340.35,0.2403,12377.5,3177.52,3952.1,99.3,2.7477,129000,127744.6,-17953.3,-0.0,-54606.3,-6227.4,0.0,2502.8,3724.7,-1465.9,-48863.8,120051.2,0.0,1,0
14.2,746.095,597.455,346.095,0.0,82.767,-0.0,82.767,9.69,0.0,8,0.0,8.0,0.48,0.0327,1.225,288.15,340.35,0.2432,12377.2,3177.25,3951.8,99.29,2.7477,129000,127744.6,-17953.3,-0.0,-55911.1,-6376.2,0.0,2562.6,3813.7,-1426.7,-47556.4,119941.6,0.0,1,0
14.3,754.428,597.455,354.428,0.0,83.735,-0.0,83.735,9.682,-0.0,8,0.0,8.0,0.48,0.0327,1.225,288.15,340.35,0.246,12377.0,3176.97,3951.5,99.28,2.7477,129000,127744.6,-17953.3,-0.0,-57230.1,-6526.7,0.0,2623.0,3903.6,-1387.0,-46234.7,119830.9,-0.0,1,0
14.4,762.858,597.455,362.858,0.0,84.703,-0.0,84.703,9.673,-0.0,8,-0.0,8.0,0.48,0.0327,1.225,288.15,340.35,0.2489,12376.7,3176.7,3951.1,99.27,2.7477,129000,127744.6,-17953.3,0.0,-58563.2,-6678.7,-0.0,2684.1,3994.6,-1347.0,-44898.8,119718.9,-0.0,1,0
14.5,771.385,597.455,371.385,0.0,85.67,-0.0,85.67,9.664,-0.0,8,0.0,8.0,0.48,0.0327,1.225,288.15,340.35,0.2517,12376.4,3176.42,3950.8,99.26,2.7477,129000,127744.6,-17953.3,-0.0,-59910.5,-6832.4,0.0,2745.9,4086.5,-1306.5,-43548.9,119605.8,-0.0,1,0
14.6,780.008,597.455,380.008,0.0,86.635,-0.0,86.635,9.655,0.0,8,0.0,8.0,0.48,0.0327,1.225,288.15,340.35,0.2545,12376.1,3176.15,3950.4,99.25,2.7477,129000,127744.6,-17953.3,-0.0,-61271.8,-6987.6,0.0,2808.3,4179.3,-1265.5,-42184.8,119491.4,0.0,1,0
14.7,788.728,597.455,388.728,0.0,87.6,-0.0,87.6,9.646,0.0,8,0.0,8.0,0.48,0.0327,1.225,288.15,340.35,0.2574,12375.9,3175.87,3950.1,99.25,2.7477,129000,127744.6,-17953.3,-0.0,-62647.1,-7144.4,0.0,2871.3,4273.1,-1224.2,-40806.8,119375.9,0.0,1,0
14.8,797.544,597.455,397.544,0.0,88.564,-0.0,88.564,9.637,0.0,8,0.0,8.0,0.48,0.0327,1.225,288.15,340.35,0.2602,12375.6,3175.6,3949.7,99.24,2.7477,129000,127744.6,-17953.3,-0.0,-64036.4,-7302.9,0.0,2935.0,4367.9,-1182.4,-39414.9,119259.3,0.0,1,0
14.9,806.457,597.455,406.457,0.0,89.528,-0.0,89.528,9.627,0.0,8,0.0,8.0,0.48,0.0327,1.225,288.15,340.35,0.263,12375.3,3175.32,3949.4,99.23,2.7477,129000,127744.6,-17953.3,-0.0,-65439.5,-7462.9,0.0,2999.3,4463.6,-1140.3,-38009.1,119141.4,0.0,1,0
15.0,815.466,597.455,415.466,0.0,90.49,-0.0,90.49,9.618,0.0,8,0.0,8.0,0.48,0.0327,1.225,288.15,340.35,0.2659,12375.0,3175.05,3949.1,99.22,2.7477,129000,127744.6,-17953.3,-0.0,-66856.5,-7624.5,0.0,3064.3,4560.2,-1097.7,-36589.4,119022.4,0.0,1,0
15.1,824.571,597.455,424.571,0.0,91.451,-0.0,91.451,9.608,0.0,8,0.0,8.0,0.48,0.0327,1.225,288.15,340.35,0.2687,12374.8,3174.77,3948.7,99.21,2.7477,129000,127744.6,-17953.3,-0.0,-68287.2,-7787.6,0.0,3129.8,4657.8,-1054.7,-35156.0,118902.3,0.0,1,0
15.2,833.772,597.455,433.772,0.0,92.411,-0.0,92.411,9.599,0.0,8,0.0,8.0,0.48,0.0327,1.225,288.15,340.35,0.2715,12374.5,3174.5,3948.4,99.2,2.7477,129000,127744.6,-17953.3,-0.0,-69731.6,-7952.4,0.0,3196.0,4756.3,-1011.3,-33708.9,118780.9,0.0,1,0
15.3,843.069,597.455,443.069,0.0,93.371,-0.0,93.371,9.589,0.0,8,0.0,8.0,0.48,0.0327,1.225,288.15,340.35,0.2743,12374.2,3174.22,3948.0,99.19,2.7477,129000,127744.6,-17953.3,-0.0,-71189.6,-8118.7,0.0,3262.9,4855.8,-967.4,-32248.2,118658.5,0.0,1,0
15.4,852.462,597.455,452.462,0.0,94.329,-0.0,94.329,9.579,0.0,8,0.0,8.0,0.48,0.0327,1.225,288.15,340.35,0.2772,12373.9,3173.95,3947.7,99.19,2.7477,129000,127744.6,-17953.3,-0.0,-72661.3,-8286.5,0.0,3330.3,4956.2,-923.2,-30773.8,118534.9,0.0,1,0
15.5,861.951,597.455,461.951,0.0,95.286,-0.0,95.286,9.57,0.0,8,0.0,8.0,0.48,0.0327,1.225,288.15,340.35,0.28,12373.7,3173.67,3947.4,99.18,2.7477,129000,127744.6,-17953.3,-0.0,-74146.5,-8455.9,0.0,3398.4,5057.5,-878.6,-29285.9,118410.1,0.0,1,0
15.6,871.535,597.455,471.535,0.0,96.241,-0.0,96.241,9.45,0.0,9,0.0,9.0,0.54,0.0414,1.225,288.15,340.35,0.2828,12373.4,3173.4,3947.0,99.17,2.7477,129000,127411.8,-20180.0,-0.0,-85100.8,-9997.3,0.0,3467.1,6530.2,-483.1,-16102.2,116931.4,0.0,1,0
15.7,881.212,597.447,481.212,0.008,97.125,-0.215,97.125,8.291,-4.501,15,0.08,14.92,0.8951,0.1138,1.225,288.15,340.35,0.2854,12373.1,3173.12,3946.7,99.16,2.7477,129000,124604.4,-33387.7,-206.8,-143719.3,-21812.1,31.4,3532.6,18279.6,0.0,0.0,102585.5,-55695.2,0,0
15.8,890.969,597.387,490.969,0.068,97.884,-0.899,97.889,7.439,-7.273,18,0.46,17.54,1.0526,0.1575,1.225,288.15,340.35,0.2876,12372.8,3172.85,3946.3,99.15,2.7477,129000,122686.3,-39863.2,-1367.1,-171734.9,-29277.7,233.1,3589.4,25689.3,0.0,0.0,92041.5,-89987.4,0,0
15.9,900.801,597.255,500.801,0.2,98.626,-1.619,98.639,7.403,-7.135,18,0.87,17.13,1.0277,0.1501,1.225,288.15,340.35,0.2898,12372.6,3172.57,3946.0,99.14,2.7477,129000,122686.3,-39863.2,-2591.8,-170229.2,-28503.4,434.0,3644.7,24862.1,0.0,0.0,91591.1,-88283.5,0,0
16.0,910.706,597.052,510.706,0.403,99.364,-2.324,99.392,7.369,-7.002,18,1.27,16.73,1.0035,0.1431,1.225,288.15,340.35,0.292,12372.3,3172.3,3945.6,99.13,2.7477,129000,122686.3,-39863.2,-3754.0,-168755.1,-27764.9,617.6,3700.4,24071.4,0.0,0.0,91167.3,-86628.4,0,0
16.1,920.686,596.779,520.686,0.676,100.099,-3.017,100.145,7.337,-6.872,18,1.66,16.34,0.9802,0.1365,1.2249,288.15,340.35,0.2942,12372.0,3172.03,3945.3,99.13,2.7477,129000,122686.3,-39863.2,-4857.2,-167312.4,-27060.6,785.6,3756.7,23315.2,0.0,0.0,90768.5,-85020.4,0,0
16.2,930.738,596.438,530.738,1.017,100.831,-3.697,100.899,7.306,-6.746,18,2.04,15.96,0.9577,0.1303,1.2249,288.14,340.34,0.2965,12371.8,3171.75,3945.0,99.12,2.7477,129000,122686.3,-39863.2,-5904.5,-165900.8,-26388.7,939.2,3813.4,22592.0,0.0,0.0,90393.0,-83457.9,0,0
16.3,940.864,596.029,540.864,1.426,101.56,-4.364,101.654,7.278,-6.623,18,2.4,15.6,0.9359,0.1245,1.2248,288.14,340.34,0.2987,12371.5,3171.48,3944.6,99.11,2.7477,129000,122686.3,-39863.2,-6899.0,-164520.0,-25748.0,1079.7,3870.6,21900.0,0.0,0.0,90039.3,-81939.3,0,0
16.4,951.057,595.539,551.057,1.916,102.161,-5.371,102.302,5.008,-12.476,24,2.9,21.1,1.2663,0.2279,1.2248,288.14,340.34,0.3006,12371.2,3171.2,3944.3,99.1,2.7477,129000,117847.4,-52469.0,-11403.8,-225482.3,-44491.2,2250.1,3922.5,40625.6,0.0,0.0,61952.3,-154339.7,0,0
16.5,961.296,594.917,561.296,2.538,102.547,-6.841,102.775,3.625,-14.96,27,3.68,23.32,1.3992,0.2782,1.2247,288.13,340.34,0.302,12370.9,3170.93,3943.9,99.09,2.7477,129000,114939.8,-58564.8,-16164.7,-251337.2,-53925.4,3468.2,3960.0,50076.8,0.0,0.0,44849.7,-185074.9,0,0
16.6,971.572,594.147,571.572,3.308,102.91,-8.302,103.244,3.622,-14.377,27,4.48,22.52,1.351,0.2594,1.2246,288.13,340.34,0.3034,12370.7,3170.65,3943.6,99.08,2.7477,129000,114939.8,-58564.8,-19178.0,-244632.7,-50949.9,3994.2,3995.7,47110.5,0.0,0.0,44811.9,-177847.2,0,0
16.7,981.884,593.235,581.884,4.22,103.272,-9.708,103.727,3.626,-13.826,27,5.25,21.75,1.3052,0.2421,1.2245,288.12,340.33,0.3048,12370.4,3170.38,3943.3,99.07,2.7477,129000,114939.8,-58564.8,-21877.3,-238251.7,-48205.4,4426.4,4032.7,44375.5,0.0,0.0,44857.1,-171036.6,0,0
16.8,992.233,592.185,592.233,5.27,103.635,-11.06,104.224,3.636,-13.307,27,5.97,21.03,1.2616,0.2262,1.2244,288.12,340.33,0.3062,12370.1,3170.1,3942.9,99.07,2.7477,129000,114939.8,-58564.8,-24294.9,-232175.2,-45671.6,4779.1,4070.9,41850.1,0.0,0.0,44973.3,-164610.2,0,0
16.9,1002.618,591.002,602.618,6.453,104.0,-12.362,104.732,3.65,-12.817,27,6.67,20.33,1.22,0.2115,1.2243,288.11,340.32,0.3077,12369.8,3169.83,3942.6,99.06,2.7477,129000,114939.8,-58564.8,-26459.5,-226386.1,-43330.4,5064.4,4110.1,39515.2,0.0,0.0,45150.0,-158538.5,0,0
17.0,1013.039,589.692,613.039,7.763,104.366,-13.616,105.25,3.669,-12.353,27,7.33,19.67,1.1804,0.198,1.2241,288.1,340.32,0.3093,12369.6,3169.55,3942.2,99.05,2.7477,129000,114939.8,-58564.8,-28396.7,-220868.3,-41165.2,5292.5,4150.3,37353.8,0.0,0.0,45378.0,-152795.2,0,0
17.1,1023.497,588.26,623.497,9.195,104.734,-14.826,105.778,3.691,-11.913,27,7.96,19.04,1.1427,0.1856,1.2239,288.09,340.31,0.3108,12369.3,3169.28,3941.9,99.04,2.7477,129000,114939.8,-58564.8,-30129.1,-215607.1,-39161.3,5472.4,4191.4,35350.5,0.0,0.0,45649.4,-147356.8,0,0
17.2,1033.992,586.709,633.992,10.746,105.104,-15.992,106.314,3.716,-11.497,27,8.55,18.45,1.1067,0.1741,1.2238,288.08,340.31,0.3124,12369.0,3169.0,3941.5,99.03,2.7477,129000,114939.8,-58564.8,-31677.4,-210588.8,-37305.4,5611.6,4233.3,33491.8,0.0,0.0,45957.1,-142202.1,0,0
17.3,1044.524,585.044,644.524,12.411,105.477,-17.119,106.857,3.743,-11.102,27,9.13,17.87,1.0724,0.1634,1.2236,288.07,340.3,0.314,12368.7,3168.73,3941.2,99.02,2.7477,129000,114939.8,-58564.8,-33059.7,-205800.8,-35585.1,5716.4,4275.9,31765.4,0.0,0.0,46295.0,-137312.0,0,0
17.4,1055.093,583.267,655.093,14.188,105.827,-18.259,107.39,2.697,-12.814,29,9.68,19.32,1.1591,0.1909,1.2234,288.06,340.3,0.3156,12368.5,3168.45,3940.9,99.01,2.7477,129000,112825.9,-62540.4,-38265.8,-224309.3,-41204.6,7029.3,4318.8,37481.1,0.0,0.0,33355.5,-158485.9,0,0
17.5,1065.682,581.352,665.682,16.103,105.89,-19.868,107.738,-0.916,-18.353,35,10.47,24.53,1.4721,0.3079,1.2231,288.05,340.29,0.3166,12368.2,3168.18,3940.5,99.01,2.7477,129000,105670.6,-73991.4,-52861.8,-286179.5,-64141.5,11847.9,4349.3,60877.3,0.0,0.0,-11332.7,-226991.1,0,0
17.6,1076.266,579.259,676.266,18.196,105.803,-21.648,107.995,-0.536,-16.901,41,11.42,29.58,1.3166,0.2463,1.2229,288.03,340.28,0.3174,12367.9,3167.9,3940.2,99.0,2.7477,129000,97357.5,-84631.6,-51749.3,-256280.1,-52231.7,10546.9,4368.7,48917.2,0.0,0.0,-6623.5,-209035.7,0,1
17.7,1086.845,577.001,686.845,20.454,105.783,-23.231,108.304,-0.223,-15.575,45,12.25,32.75,1.1901,0.2013,1.2226,288.02,340.27,0.3183,12367.6,3167.63,3939.8,98.99,2.7477,129000,91216.8,-91216.8,-50419.5,-232188.8,-43558.0,9458.6,4392.4,40180.7,0.0,0.0,-2760.7,-192620.6,0,1
17.8,1097.42,574.586,697.42,22.869,105.726,-24.815,108.599,-0.819,-16.036,45,13.07,31.93,1.2228,0.2125,1.2224,288.0,340.26,0.3192,12367.4,3167.35,3939.5,98.98,2.7477,129000,91216.8,-91216.8,-55503.3,-239077.2,-45844.2,10643.0,4415.7,42647.7,0.0,0.0,-10130.8,-198327.2,0,1
17.9,1107.986,572.01,707.986,25.445,105.608,-26.446,108.868,-1.452,-16.49,45,13.92,31.08,1.2566,0.2244,1.2221,287.99,340.25,0.32,12367.1,3167.08,3939.2,98.97,2.7477,129000,91216.8,-91216.8,-60946.2,-245993.5,-48233.0,11950.0,4436.9,45254.4,0.0,0.0,-17962.4,-203939.2,0,1
18.0,1118.537,569.268,718.537,28.187,105.423,-28.121,109.109,-2.124,-16.934,45,14.79,30.21,1.2915,0.237,1.2217,287.97,340.24,0.3207,12366.8,3166.8,3938.8,98.96,2.7477,129000,91216.8,-91216.8,-66762.7,-252913.4,-50724.1,13389.9,4455.8,48005.8,0.0,0.0,-26270.0,-209422.0,0,1
18.1,1129.065,566.356,729.065,31.099,105.17,-29.839,109.321,-2.836,-17.364,45,15.69,29.31,1.3275,0.2504,1.2214,287.95,340.23,0.3213,12366.5,3166.53,3938.5,98.95,2.7477,129000,91216.8,-91216.8,-72966.9,-259809.9,-53316.2,14973.7,4472.3,50906.7,0.0,0.0,-35066.3,-214737.3,0,1
18.2,1139.563,563.269,739.563,34.186,104.843,-31.6,109.501,-3.587,-17.778,45,16.62,28.38,1.3646,0.2646,1.221,287.93,340.22,0.3219,12366.3,3166.25,3938.1,98.95,2.7477,129000,91216.8,-91216.8,-79571.2,-266652.7,-56007.2,16713.0,4486.2,53961.4,0.0,0.0,-44361.6,-219843.6,0,1
18.3,1150.025,560.005,750.025,37.45,104.438,-33.401,109.649,-4.38,-18.17,45,17.57,27.43,1.4029,0.2797,1.2207,287.91,340.21,0.3223,12366.0,3165.98,3937.8,98.94,2.7477,129000,91216.8,-91216.8,-86586.9,-273408.7,-58793.4,18619.5,4497.4,57173.9,0.0,0.0,-54163.5,-224695.7,0,1
18.4,1160.441,556.558,760.441,40.897,103.952,-35.24,109.762,-5.214,-18.539,45,18.56,26.44,1.4424,0.2956,1.2203,287.89,340.19,0.3226,12365.7,3165.71,3937.4,98.93,2.7477,129000,91216.8,-91216.8,-94023.1,-280041.6,-61670.1,20705.5,4505.7,60547.5,0.0,0.0,-64476.3,-229245.2,0,1
18.5,1170.803,552.925,770.803,44.53,103.38,-37.114,109.84,-6.09,-18.878,45,19.58,25.42,1.483,0.3125,1.2198,287.86,340.18,0.3229,12365.4,3165.43,3937.1,98.92,2.7477,129000,91216.8,-91216.8,-101886.5,-286511.8,-64630.7,22983.3,4511.0,64084.6,0.0,0.0,-75300.4,-233440.4,0,1
18.6,1181.104,549.103,781.104,48.352,102.747,-38.989,109.896,-6.238,-18.388,45,20.61,24.39,1.4633,0.3043,1.2194,287.84,340.17,0.3231,12365.2,3165.16,3936.8,98.91,2.7477,129000,91216.8,-91216.8,-105692.0,-281021.1,-62661.1,23566.8,4513.9,62432.4,0.0,0.0,-77136.3,-227368.9,0,0
18.7,1191.344,545.1,791.344,52.355,102.145,-40.769,109.98,-5.875,-17.405,45,21.6,23.4,1.404,0.2801,1.2189,287.81,340.15,0.3233,12364.9,3164.88,3936.4,98.9,2.7477,129000,91216.8,-91216.8,-106157.4,-268131.1,-57698.1,22843.6,4518.7,57537.0,0.0,0.0,-72638.7,-215204.8,0,0
18.8,1201.525,540.924,801.525,56.531,101.578,-42.456,110.093,-5.524,-16.496,45,22.53,22.47,1.348,0.2582,1.2184,287.79,340.13,0.3237,12364.6,3164.61,3936.1,98.89,2.7477,129000,91216.8,-91216.8,-106270.5,-256143.0,-53246.5,22091.3,4525.8,53121.5,0.0,0.0,-68300.2,-203971.7,0,0
18.9,1211.651,536.584,811.651,60.871,101.045,-44.056,110.232,-5.186,-15.656,45,23.42,21.58,1.2951,0.2383,1.2179,287.76,340.12,0.3241,12364.3,3164.33,3935.7,98.89,2.7477,129000,91216.8,-91216.8,-106089.2,-244978.3,-49246.0,21326.3,4535.0,49130.5,0.0,0.0,-64118.5,-193574.7,0,0
19.0,1221.726,532.089,821.726,65.366,100.546,-45.576,110.393,-4.86,-14.876,45,24.25,20.75,1.245,0.2203,1.2174,287.73,340.1,0.3246,12364.1,3164.06,3935.4,98.88,2.7477,129000,91216.8,-91216.8,-105662.9,-234567.0,-45644.7,20561.1,4546.0,45515.9,0.0,0.0,-60090.8,-183931.3,0,0
19.1,1231.753,527.447,831.753,70.008,100.078,-47.021,110.574,-4.547,-14.152,45,25.04,19.96,1.1977,0.2038,1.2169,287.7,340.08,0.3251,12363.8,3163.78,3935.1,98.87,2.7477,129000,91216.8,-91216.8,-105033.6,-224846.8,-42397.3,19805.2,4558.6,42236.4,0.0,0.0,-56214.1,-174969.6,0,0
19.2,1241.735,522.664,841.735,74.791,99.641,-48.397,110.772,-4.245,-13.477,45,25.79,19.21,1.1529,0.1889,1.2163,287.67,340.06,0.3257,12363.5,3163.51,3934.7,98.86,2.7477,129000,91216.8,-91216.8,-104237.0,-215761.8,-39464.3,19065.7,4572.7,39255.7,0.0,0.0,-52484.6,-166626.9,0,0
19.3,1251.675,517.746,851.675,79.709,99.19,-49.751,110.967,-5.716,-14.601,47,26.5,20.5,1.2298,0.2149,1.2157,287.64,340.05,0.3263,12363.2,3163.23,3934.4,98.85,2.7477,129000,87977.8,-94344.6,-114438.3,-229498.6,-44212.9,22046.6,4587.5,44817.3,0.0,0.0,-70673.5,-180513.3,0,0
19.4,1261.547,512.675,861.547,84.78,98.327,-51.447,110.973,-10.184,-18.064,53,27.44,25.56,1.4777,0.3103,1.2152,287.6,340.03,0.3264,12363.0,3162.96,3934.0,98.84,2.7477,129000,77634.1,-103024.0,-142032.0,-273525.2,-61506.7,31938.3,4588.7,64715.9,0.0,0.0,-125904.6,-223330.3,0,1
19.5,1271.324,507.43,871.324,90.025,97.398,-53.136,110.95,-8.657,-16.032,59,28.46,30.54,1.2783,0.2322,1.2146,287.57,340.01,0.3263,12362.7,3162.68,3933.7,98.83,2.7477,129000,66439.9,-110574.6,-126905.4,-234141.0,-46561.8,25236.7,4583.4,48377.7,0.0,0.0,-107027.2,-198201.0,0,1
19.6,1281.016,502.027,881.016,95.428,96.583,-54.655,110.975,-8.267,-15.087,62,29.36,32.64,1.1943,0.2027,1.2139,287.54,339.99,0.3264,12362.4,3162.41,3933.3,98.83,2.7477,129000,60561.8,-113900.2,-121965.5,-216835.7,-40793.4,22945.5,4582.9,42220.9,0.0,0.0,-102197.1,-186515.2,0,1
19.7,1290.625,496.473,890.625,100.982,95.714,-56.176,110.981,-8.993,-15.292,62,30.26,31.74,1.2303,0.2151,1.2133,287.5,339.96,0.3265,12362.1,3162.13,3933.0,98.82,2.7477,129000,60561.8,-113900.2,-129089.2,-221295.1,-42644.8,24876.2,4581.4,44788.7,0.0,0.0,-111172.2,-189046.6,0,1
19.8,1300.142,490.766,900.142,106.689,94.771,-57.716,110.962,-9.75,-15.473,62,31.18,30.82,1.2674,0.2282,1.2126,287.46,339.94,0.3264,12361.9,3161.86,3932.7,98.81,2.7477,129000,60561.8,-113900.2,-136544.6,-225602.9,-44546.4,26961.4,4577.6,47492.5,0.0,0.0,-120529.1,-191271.9,0,1
19.9,1309.56,484.904,909.56,112.551,93.75,-59.272,110.916,-10.538,-15.625,62,32.14,29.86,1.3056,0.2422,1.2119,287.42,339.92,0.3263,12361.6,3161.58,3932.3,98.8,2.7477,129000,60561.8,-113900.2,-144333.6,-229728.4,-46492.7,29210.4,4571.6,50335.8,0.0,0.0,-130264.5,-193151.0,0,1
20.0,1318.878,478.891,918.878,118.564,92.791,-60.717,110.89,-8.927,-13.595,68,33.06,34.94,1.1023,0.1727,1.2112,287.39,339.9,0.3262,12361.3,3161.31,3932.0,98.79,2.7477,129000,48324.3,-119606.7,-124806.0,-191755.5,-33864.6,22041.1,4566.2,35839.5,0.0,0.0,-110346.3,-168056.7,0,1
20.1,1328.108,472.745,928.108,124.71,91.984,-61.958,110.904,-7.709,-11.822,73,33.84,39.16,0.9337,0.1239,1.2105,287.35,339.87,0.3263,12361.0,3161.03,3931.6,98.78,2.7477,129000,37715.9,-123363.3,-107873.9,-160887.5,-25136.9,16854.1,4564.3,25700.0,0.0,0.0,-95294.9,-146135.0,0,1
20.2,1337.261,466.48,937.261,130.975,91.182,-63.151,110.915,-8.246,-12.011,73,34.58,38.42,0.9632,0.1318,1.2098,287.31,339.85,0.3264,12360.8,3160.76,3931.3,98.77,2.7477,129000,37715.9,-123363.3,-113378.6,-164471.8,-26268.7,18108.4,4562.6,27342.8,0.0,0.0,-101931.4,-148467.8,0,1
20.3,1346.329,460.094,946.329,137.361,90.325,-64.363,110.91,-8.808,-12.188,73,35.34,37.66,0.9937,0.1403,1.2091,287.26,339.82,0.3264,12360.5,3160.48,3931.0,98.77,2.7477,129000,37715.9,-123363.3,-119139.5,-167998.9,-27442.5,19461.4,4559.7,29083.2,0.0,0.0,-108866.1,-150644.5,0,1
20.4,1355.309,453.587,955.309,143.868,89.41,-65.591,110.889,-9.393,-12.349,73,36.13,36.87,1.0252,0.1494,1.2083,287.22,339.8,0.3263,12360.2,3160.21,3930.6,98.76,2.7477,129000,37715.9,-123363.3,-125162.6,-171451.4,-28657.0,20920.1,4555.3,30925.3,0.0,0.0,-116103.6,-152641.0,0,1
20.5,1364.193,446.955,964.193,150.5,88.435,-66.834,110.849,-10.004,-12.495,73,36.94,36.06,1.0577,0.159,1.2075,287.18,339.77,0.3262,12359.9,3159.94,3930.3,98.75,2.7477,129000,37715.9,-123363.3,-131452.8,-174810.5,-29910.1,22491.6,4549.4,32873.7,0.0,0.0,-123646.9,-154431.2,0,1
20.6,1372.977,440.198,972.977,157.257,87.398,-68.091,110.792,-10.639,-12.621,73,37.78,35.22,1.0912,0.1692,1.2067,287.14,339.75,0.3261,12359.7,3159.66,3929.9,98.74,2.7477,129000,37715.9,-123363.3,-138014.1,-178055.6,-31199.5,24183.3,4542.0,34932.5,0.0,0.0,-131497.6,-155987.4,0,1
20.7,1381.653,433.315,981.653,164.14,86.296,-69.36,110.714,-11.3,-12.726,73,38.64,34.36,1.1258,0.1801,1.2059,287.09,339.72,0.3259,12359.4,3159.39,3929.6,98.73,2.7477,129000,37715.9,-123363.3,-144849.3,-181165.0,-32521.8,26002.6,4532.9,37106.1,0.0,0.0,-139655.2,-157280.1,0,1
20.8,1390.215,426.305,990.215,171.15,85.126,-70.637,110.617,-11.984,-12.807,73,39.53,33.47,1.1614,0.1917,1.2051,287.05,339.7,0.3256,12359.1,3159.11,3929.2,98.72,2.7477,129000,37715.9,-123363.3,-151959.8,-184114.9,-33873.3,27957.4,4522.2,39398.4,0.0,0.0,-148117.2,-158277.9,0,1
20.9,1398.656,419.166,998.656,178.289,83.886,-71.921,110.497,-12.694,-12.861,73,40.45,32.55,1.1981,0.204,1.2043,287.0,339.67,0.3253,12358.8,3158.84,3928.9,98.71,2.7477,129000,37715.9,-123363.3,-159345.5,-186880.2,-35248.9,30055.4,4509.6,41813.3,0.0,0.0,-156878.5,-158947.9,0,1
21.0,1406.968,411.899,1006.968,185.556,82.574,-73.209,110.354,-13.426,-12.886,73,41.4,31.6,1.236,0.2171,1.2035,286.95,339.64,0.3249,12358.6,3158.56,3928.6,98.71,2.7477,129000,37715.9,-123363.3,-167004.2,-189434.2,-36643.1,32304.3,4495.1,44354.5,0.0,0.0,-165931.3,-159255.7,0,1
21.1,1415.145,404.503,1015.145,192.952,81.188,-74.498,110.188,-14.182,-12.879,73,42.37,30.63,1.275,0.231,1.2026,286.9,339.61,0.3245,12358.3,3158.29,3928.2,98.7,2.7477,129000,37715.9,-123363.3,-174931.8,-191748.9,-38048.9,34711.9,4478.7,47025.0,0.0,0.0,-175264.8,-159165.5,0,1
21.2,1423.179,396.978,1023.179,200.477,79.724,-75.783,109.996,-14.959,-12.837,73,43.38,29.62,1.3151,0.2458,1.2017,286.86,339.58,0.3239,12358.0,3158.01,3927.9,98.69,2.7477,129000,37715.9,-123363.3,-183121.8,-193794.5,-39458.7,37285.6,4460.3,49827.9,0.0,0.0,-184864.5,-158640.2,0,1
21.3,1431.063,389.325,1031.063,208.13,78.182,-77.063,109.778,-15.756,-12.757,73,44.41,28.59,1.3565,0.2615,1.2009,286.81,339.55,0.3233,12357.7,3157.74,3927.5,98.68,2.7477,129000,37715.9,-123363.3,-191565.2,-195540.3,-40863.3,40032.6,4439.7,52765.3,0.0,0.0,-194712.5,-157641.7,0,1
21.4,1438.787,381.545,1038.787,215.91,76.559,-78.332,109.531,-16.572,-12.635,73,45.48,27.52,1.399,0.2781,1.2,286.76,339.52,0.3226,12357.5,3157.46,3927.2,98.67,2.7477,129000,37715.9,-123363.3,-200250.1,-196954.4,-42252.5,42959.5,4416.9,55839.1,0.0,0.0,-204786.6,-156131.5,0,1
21.5,1446.344,373.638,1046.344,223.817,74.854,-79.586,109.256,-17.404,-12.468,73,46.57,26.43,1.4428,0.2958,1.199,286.7,339.49,0.3218,12357.2,3157.19,3926.9,98.66,2.7477,129000,37715.9,-123363.3,-209161.4,-198003.9,-43614.7,46072.4,4391.8,59050.4,0.0,0.0,-215060.2,-154070.8,0,1
21.6,1453.726,365.608,1053.726,231.847,73.064,-80.82,108.951,-18.249,-12.254,73,47.69,25.31,1.4878,0.3146,1.1981,286.65,339.46,0.321,12356.9,3156.91,3926.5,98.65,2.7477,129000,37715.9,-123363.3,-218280.7,-198655.3,-44937.2,49376.6,4364.3,62399.5,0.0,0.0,-225501.9,-151420.7,0,1
21.7,1460.926,357.455,1060.926,240.0,71.252,-82.01,108.639,-17.726,-11.547,73,48.83,24.17,1.4501,0.2988,1.1972,286.6,339.43,0.3201,12356.6,3156.64,3926.2,98.64,2.7477,129000,37715.9,-123363.3,-215131.8,-188127.0,-41620.9,47595.4,4335.7,58891.1,0.0,0.0,-219036.7,-142676.3,0,0
21.8,1467.95,349.189,1067.95,248.266,69.536,-83.117,108.369,-16.762,-10.744,73,49.91,23.09,1.3854,0.2727,1.1962,286.55,339.4,0.3193,12356.4,3156.36,3925.8,98.64,2.7477,129000,37715.9,-123363.3,-207645.7,-174791.3,-37186.5,44176.2,4310.1,53433.9,0.0,0.0,-207116.3,-132762.5,0,0
21.9167,1475.936,339.411,1075.936,258.044,67.651,-84.314,108.1,-15.715,-9.903,73,51.09,21.91,1.3143,0.2455,1.1951,286.48,339.36,0.3185,12356.0,3156.04,3925.4,98.63,2.7477,129000,37715.9,-123363.3,-199174.1,-160745.3,-32713.1,40533.7,4284.2,47803.5,0.0,0.0,-194171.3,-122362.1,0,0
22.0167,1482.611,330.924,1082.611,266.531,66.129,-85.266,107.904,-14.878,-9.253,73,52.05,20.95,1.257,0.2245,1.1941,286.43,339.33,0.318,12355.8,3155.77,3925.1,98.62,2.7477,129000,37715.9,-123363.3,-192150.3,-149854.5,-29390.2,37685.5,4264.8,43526.2,0.0,0.0,-183824.6,-114322.2,0,0
22.1167,1489.139,322.345,1089.139,275.11,64.687,-86.156,107.737,-14.092,-8.659,73,52.95,20.05,1.2027,0.2056,1.1931,286.37,339.3,0.3175,12355.5,3155.49,3924.7,98.61,2.7477,129000,37715.9,-123363.3,-185353.1,-139906.1,-26471.0,35069.8,4247.8,39690.8,0.0,0.0,-174108.1,-106992.2,0,0
22.2167,1495.528,313.68,1095.528,283.775,63.322,-86.99,107.596,-13.352,-8.117,73,53.81,19.19,1.1514,0.1884,1.1921,286.31,339.26,0.3171,12355.2,3155.22,3924.4,98.6,2.7477,129000,37715.9,-123363.3,-178786.3,-130803.1,-23900.7,32668.3,4232.8,36245.2,0.0,0.0,-164971.0,-100293.4,0,0
22.3167,1501.784,304.935,1101.784,292.52,62.028,-87.772,107.477,-12.656,-7.621,73,54.62,18.38,1.1028,0.1728,1.1911,286.26,339.23,0.3168,12354.9,3154.94,3924.1,98.59,2.7477,129000,37715.9,-123363.3,-172451.0,-122460.3,-21633.1,30464.2,4219.6,33144.2,0.0,0.0,-156368.1,-94157.5,0,0
22.4167,1507.915,296.115,1107.915,301.34,60.8,-88.508,107.379,-12.0,-7.165,73,55.39,17.61,1.0567,0.1587,1.1901,286.2,339.2,0.3166,12354.7,3154.67,3923.7,98.58,2.7477,129000,37715.9,-123363.3,-166346.5,-114802.8,-19628.5,28441.3,4208.1,30348.9,0.0,0.0,-148259.1,-88525.6,0,0
22.5167,1513.926,287.223,1113.926,310.232,59.637,-89.199,107.299,-11.381,-6.746,73,56.12,16.88,1.013,0.1458,1.1891,286.14,339.16,0.3164,12354.4,3154.39,3923.4,98.57,2.7477,129000,37715.9,-123363.3,-160470.7,-107764.4,-17853.1,26584.9,4198.0,27825.3,0.0,0.0,-140607.9,-83346.2,0,0
22.6167,1519.825,278.265,1119.825,319.19,58.533,-89.851,107.235,-10.797,-6.36,73,56.81,16.19,0.9716,0.1341,1.1881,286.08,339.13,0.3162,12354.1,3154.12,3923.0,98.57,2.7477,129000,37715.9,-123363.3,-154820.2,-101286.3,-16277.8,24881.3,4189.1,25543.8,0.0,0.0,-133382.1,-78574.4,0,0
22.7167,1525.617,269.244,1125.617,328.211,57.486,-90.466,107.186,-10.244,-6.004,73,57.46,15.54,0.9324,0.1235,1.187,286.03,339.09,0.3161,12353.8,3153.84,3922.7,98.56,2.7477,129000,37715.9,-123363.3,-149390.9,-95316.4,-14877.6,23317.8,4181.4,23478.3,0.0,0.0,-126552.5,-74170.6,0,0
22.8167,1531.307,260.163,1131.307,337.292,56.492,-91.047,107.149,-9.721,-5.674,73,58.08,14.92,0.8951,0.1139,1.186,285.97,339.06,0.316,12353.6,3153.57,3922.4,98.55,2.7477,129000,37715.9,-123363.3,-144177.7,-89808.1,-13630.8,21882.9,4174.8,21606.2,0.0,0.0,-120092.6,-70100.0,0,0
22.9167,1536.901,251.026,1136.901,346.429,55.549,-91.597,107.125,-9.227,-5.37,73,58.67,14.33,0.8598,0.1051,1.1849,285.91,339.02,0.316,12353.3,3153.29,3922.0,98.54,2.7477,129000,37715.9,-123363.3,-139175.4,-84719.9,-12518.8,20565.6,4169.0,19907.2,0.0,0.0,-113978.3,-66331.8,0,0
23.0167,1542.403,241.836,1142.403,355.619,54.654,-92.117,107.11,-8.758,-5.087,73,59.23,13.77,0.8263,0.097,1.1839,285.85,338.99,0.316,12353.0,3153.02,3921.7,98.53,2.7477,129000,37715.9,-123363.3,-134378.1,-80014.7,-11525.5,19356.2,4164.1,18363.7,0.0,0.0,-108187.7,-62838.7,0,0
23.1167,1547.819,232.595,1147.819,364.86,53.804,-92.61,107.105,-8.314,-4.825,73,59.76,13.24,0.7945,0.0897,1.1828,285.79,338.95,0.316,12352.7,3152.75,3921.3,98.52,2.7477,129000,37715.9,-123363.3,-129779.9,-75659.0,-10636.8,18245.6,4159.9,16959.8,0.0,0.0,-102700.7,-59596.3,0,0
23.2167,1553.152,223.307,1153.152,374.148,52.998,-93.078,107.109,-7.893,-4.581,73,60.26,12.74,0.7643,0.083,1.1818,285.73,338.92,0.316,12352.5,3152.47,3921.0,98.51,2.7477,129000,37715.9,-123363.3,-125374.5,-71622.7,-9840.4,17225.4,4156.3,15681.7,0.0,0.0,-97498.9,-56582.9,0,0
23.3167,1558.405,213.972,1158.405,383.483,52.178,-93.539,107.108,-9.638,-4.984,75,60.75,14.25,0.855,0.1039,1.1807,285.67,338.88,0.3161,12352.2,3152.2,3920.6,98.51,2.7477,129000,33387.7,-124604.4,-140826.1,-78868.0,-11611.9,20734.1,4153.0,19611.2,0.0,0.0,-119050.3,-61563.3,0,0
23.4167,1563.551,204.586,1163.551,392.869,50.864,-94.111,106.976,-15.643,-6.131,81,61.46,19.54,1.1723,0.1953,1.1796,285.61,338.84,0.3157,12351.9,3151.92,3920.3,98.5,2.7477,129000,20180.0,-127411.8,-193861.5,-105426.9,-19541.4,35933.1,4141.3,36761.7,0.0,0.0,-193222.8,-75733.2,0,0
23.5167,1568.531,195.138,1168.531,402.317,48.955,-94.751,106.651,-21.519,-6.489,87,62.48,24.52,1.4713,0.3076,1.1786,285.55,338.81,0.3148,12351.6,3151.65,3920.0,98.49,2.7477,129000,6751.3,-128823.2,-244058.3,-127166.4,-28488.9,54676.1,4115.0,57538.0,0.0,0.0,-265795.9,-80143.8,0,0
23.6167,1573.302,185.626,1173.302,411.829,46.848,-95.363,106.249,-20.199,-5.799,93,63.65,29.35,1.326,0.2499,1.1775,285.48,338.77,0.3136,12351.4,3151.37,3919.6,98.48,2.7477,129000,-6751.3,-128823.2,-220361.4,-109143.0,-22377.1,45179.7,4079.8,46337.9,0.0,0.0,-249489.8,-71619.6,0,1
23.7167,1577.874,176.058,1177.874,421.397,44.949,-95.894,105.906,-18.136,-4.953,99,64.72,34.28,1.1288,0.1811,1.1764,285.42,338.73,0.3127,12351.1,3151.1,3919.3,98.47,2.7477,129000,-20180.0,-127411.8,-187854.4,-88721.5,-15960.2,33793.3,4049.1,33323.5,0.0,0.0,-223994.7,-61175.7,0,1
23.8167,1582.266,166.442,1182.266,431.013,43.182,-96.356,105.589,-17.824,-4.504,101,65.7,35.3,1.0879,0.1682,1.1753,285.36,338.7,0.3118,12350.8,3150.82,3918.9,98.46,2.7477,129000,-24614.4,-126629.9,-181219.3,-81836.7,-14306.0,31679.2,4021.2,30738.5,0.0,0.0,-220139.7,-55625.8,0,1
23.9167,1586.479,156.78,1186.479,440.675,41.367,-96.792,105.261,-18.389,-4.264,101,66.69,34.31,1.1276,0.1807,1.1742,285.3,338.66,0.3108,12350.5,3150.55,3918.6,98.45,2.7477,129000,-24614.4,-126629.9,-187945.2,-80978.2,-14555.7,33782.9,3992.7,32792.6,0.0,0.0,-227115.3,-52666.3,0,1
24.0167,1590.507,147.077,1190.507,450.378,39.495,-97.203,104.92,-18.96,-3.991,101,67.71,33.29,1.1686,0.194,1.1731,285.23,338.62,0.3098,12350.3,3150.27,3918.2,98.45,2.7477,129000,-24614.4,-126629.9,-194791.9,-79834.0,-14759.9,36013.6,3963.3,34957.6,0.0,0.0,-234166.1,-49294.1,0,1
24.1167,1594.345,137.334,1194.345,460.121,37.565,-97.585,104.565,-19.536,-3.683,101,68.77,32.23,1.2107,0.2083,1.172,285.17,338.58,0.3088,12350.0,3150.0,3917.9,98.44,2.7477,129000,-24614.4,-126629.9,-201746.4,-78384.6,-14909.9,38375.0,3933.0,37236.7,0.0,0.0,-241270.6,-45486.0,0,1
24.2167,1597.986,127.555,1197.986,469.9,35.578,-97.933,104.195,-20.114,-3.338,101,69.85,31.15,1.254,0.2235,1.1709,285.11,338.55,0.3078,12349.7,3149.72,3917.6,98.43,2.7477,129000,-24614.4,-126629.9,-208793.8,-76610.3,-14996.1,40870.5,3901.7,39633.1,0.0,0.0,-248404.3,-41219.0,0,1
24.3167,1601.425,117.743,1201.425,479.712,33.533,-98.245,103.81,-20.692,-2.953,101,70.97,30.03,1.2986,0.2396,1.1698,285.04,338.51,0.3067,12349.4,3149.45,3917.2,98.42,2.7477,129000,-24614.4,-126629.9,-215916.9,-74491.5,-15008.4,43502.6,3869.4,42149.4,0.0,0.0,-255539.7,-36470.7,0,1
24.4167,1604.656,107.903,1204.656,489.552,31.43,-98.516,103.408,-21.268,-2.528,101,72.11,28.89,1.3445,0.2569,1.1686,284.98,338.47,0.3055,12349.2,3149.17,3916.9,98.41,2.7477,129000,-24614.4,-126629.9,-223096.3,-72008.8,-14935.7,46273.5,3836.1,44788.1,0.0,0.0,-262646.4,-31219.8,0,1
24.5167,1607.673,98.038,1207.673,499.417,29.27,-98.741,102.988,-21.839,-2.061,101,73.29,27.71,1.3916,0.2752,1.1675,284.91,338.43,0.3043,12348.9,3148.9,3916.5,98.4,2.7477,129000,-24614.4,-126629.9,-230310.1,-69143.1,-14765.9,49184.0,3801.6,47551.1,0.0,0.0,-269690.4,-25446.2,0,1
24.6167,1610.471,88.153,1210.471,509.302,27.053,-98.918,102.551,-22.402,-1.549,101,74.5,26.5,1.44,0.2947,1.1664,284.85,338.39,0.3031,12348.6,3148.62,3916.2,98.39,2.7477,129000,-24614.4,-126629.9,-237533.9,-65876.1,-14486.4,52234.4,3766.0,50440.0,0.0,0.0,-276634.6,-19131.6,0,1
24.7167,1613.044,78.253,1213.044,519.202,24.78,-99.041,102.094,-22.954,-0.993,101,75.74,25.26,1.4897,0.3154,1.1653,284.79,338.36,0.3017,12348.3,3148.35,3915.9,98.39,2.7477,129000,-24614.4,-126629.9,-244740.7,-62190.4,-14083.5,55423.5,3729.2,53455.7,0.0,0.0,-283438.6,-12259.5,0,1
24.8167,1615.406,68.342,1215.406,529.113,22.884,-99.168,101.774,-15.936,-1.443,95,76.86,18.14,1.0886,0.1684,1.1642,284.72,338.32,0.3008,12348.1,3148.07,3915.5,98.38,2.7477,129000,-11243.1,-128509.1,-178251.5,-41620.9,-7279.4,31175.9,3699.4,28315.1,0.0,0.0,-196774.0,-17819.4,0,0
24.9167,1617.619,58.417,1217.619,539.038,21.691,-99.317,101.658,-9.144,-1.457,89,77.59,11.41,0.6844,0.0666,1.163,284.66,338.28,0.3005,12347.8,3147.8,3915.2,98.37,2.7477,129000,2251.4,-128980.4,-111973.0,-24632.8,-3187.5,14489.4,3685.4,11150.5,0.0,0.0,-112909.1,-17991.8,0,0
25.0167,1619.751,48.477,1219.751,548.978,21.148,-99.438,101.662,-2.829,-0.95,83,77.97,5.03,0.3021,0.013,1.1619,284.59,338.24,0.3006,12347.5,3147.52,3914.8,98.36,2.7477,129000,15721.1,-128038.5,-49432.5,-10538.4,-1219.9,5722.1,3681.0,2169.6,0.0,0.0,-34931.2,-11725.6,0,0
25.1167,1621.865,38.531,1221.865,558.924,21.213,-99.476,101.713,3.074,0.096,77,77.99,-0.99,-0.0594,0.0005,1.1608,284.53,338.2,0.3007,12347.2,3147.25,3914.5,98.35,2.7477,129000,29018.7,-125693.7,9725.9,2069.0,-783.4,3682.5,3680.9,84.0,0.0,0.0,37961.2,1184.2,0,0
25.2167,1624.019,28.587,1224.019,568.868,21.845,-99.378,101.751,8.581,1.684,71,77.68,-6.68,-0.4011,0.0229,1.1597,284.46,338.16,0.3009,12347.0,3146.98,3914.1,98.34,2.7477,129000,41998.3,-121971.9,65555.0,14311.7,-1600.7,7332.1,3680.5,3824.3,0.0,0.0,105952.6,20795.7,0,0
25.3167,1626.267,18.665,1226.267,578.79,23.004,-99.09,101.725,13.671,3.806,65,77.06,-12.06,-0.7238,0.0744,1.1585,284.4,338.13,0.3009,12346.7,3146.7,3913.8,98.33,2.7477,129000,54517.8,-116913.7,117876.4,27076.4,-3607.9,15707.0,3676.1,12439.9,0.0,0.0,168786.2,46990.8,0,0
25.4167,1628.657,8.783,1228.657,588.672,24.556,-98.609,101.62,15.644,4.962,62,76.17,-14.17,-0.8502,0.1027,1.1574,284.33,338.09,0.3006,12346.4,3146.43,3913.5,98.33,2.7477,129000,60561.8,-113900.2,137554.7,33861.7,-4967.4,20178.7,3665.5,17115.5,0.0,0.0,193149.2,61258.5,0,0
25.5167,1631.202,-1.049,1231.202,598.504,26.075,-98.124,101.529,14.88,4.767,62,75.27,-13.27,-0.7959,0.09,1.1563,284.27,338.05,0.3003,12346.2,3146.15,3913.1,98.32,2.7477,129000,60561.8,-113900.2,127887.5,33633.7,-4733.7,17999.2,3655.2,14956.1,0.0,0.0,183715.7,58848.4,0,0
25.6167,1633.894,-10.835,1233.894,608.29,27.521,-97.659,101.462,14.164,4.572,62,74.4,-12.4,-0.7441,0.0787,1.1552,284.21,338.01,0.3002,12345.9,3145.88,3912.8,98.31,2.7477,129000,60561.8,-113900.2,118796.7,33164.7,-4487.4,16073.8,3646.6,13041.8,0.0,0.0,174871.2,56451.3,0,0
25.7167,1636.727,-20.574,1236.727,618.029,28.898,-97.213,101.417,13.492,4.38,62,73.58,-11.58,-0.6947,0.0686,1.1541,284.14,337.97,0.3001,12345.6,3145.6,3912.4,98.3,2.7477,129000,60561.8,-113900.2,110240.4,32491.0,-4236.4,14373.9,3639.6,11345.5,0.0,0.0,166565.8,54075.0,0,0
25.8167,1639.694,-30.27,1239.694,627.725,30.21,-96.786,101.391,12.86,4.19,62,72.79,-10.79,-0.6476,0.0596,1.153,284.08,337.94,0.3,12345.3,3145.33,3912.1,98.29,2.7477,129000,60561.8,-113900.2,102180.4,31644.4,-3987.0,12874.1,3634.1,9843.2,0.0,0.0,158755.2,51725.9,0,0
25.9167,1642.788,-39.925,1242.788,637.38,31.461,-96.378,101.383,12.264,4.002,62,72.04,-10.04,-0.6026,0.0516,1.152,284.02,337.9,0.3,12345.1,3145.05,3911.8,98.28,2.7477,129000,60561.8,-113900.2,94582.1,30652.7,-3743.9,11552.2,3629.9,8513.8,0.0,0.0,151400.0,49409.6,0,0
26.0167,1646.004,-49.54,1246.004,646.995,32.654,-95.988,101.391,11.703,3.818,62,71.33,-9.33,-0.5597,0.0445,1.1509,283.95,337.86,0.3001,12344.8,3144.78,3911.4,98.27,2.7477,129000,60561.8,-113900.2,87413.8,29539.9,-3510.6,10388.4,3626.9,7338.6,0.0,0.0,144465.1,47130.3,0,0
26.1167,1649.337,-59.117,1249.337,656.572,33.793,-95.617,101.413,11.172,3.637,62,70.65,-8.65,-0.5188,0.0382,1.1498,283.89,337.82,0.3002,12344.5,3144.5,3911.1,98.27,2.7477,129000,60561.8,-113900.2,80646.6,28327.2,-3289.5,9365.2,3624.9,6301.2,0.0,0.0,137918.9,44891.7,0,0
26.2167,1652.777,-68.659,1252.777,666.114,34.793,-95.308,101.46,8.037,2.151,65,70.02,-5.02,-0.3014,0.0129,1.1487,283.83,337.79,0.3004,12344.2,3144.23,3910.7,98.26,2.7477,129000,54517.8,-116913.7,46662.9,16962.7,-1964.7,5404.7,3624.4,2126.3,0.0,0.0,99215.9,26550.6,0,0
26.3167,1656.289,-78.184,1256.289,675.639,35.263,-95.232,101.551,2.32,-0.146,71,69.7,1.3,0.0779,0.0009,1.1477,283.77,337.75,0.3007,12344.0,3143.95,3910.4,98.25,2.7477,129000,41998.3,-121971.9,-12050.2,-4457.2,-1307.7,3535.5,3627.3,142.3,0.0,0.0,28640.4,-1799.5,0,0
26.4167,1659.819,-87.711,1259.819,685.166,35.321,-95.304,101.639,0.419,-0.766,73,69.67,3.33,0.2001,0.0057,1.1466,283.71,337.71,0.301,12343.7,3143.68,3910.0,98.24,2.7477,129000,37715.9,-123363.3,-30953.8,-11471.2,-1587.6,4284.0,3630.2,938.4,0.0,0.0,5174.6,-9459.0,0,0
26.5167,1663.354,-97.246,1263.354,694.701,35.362,-95.381,101.725,0.412,-0.769,73,69.66,3.34,0.2005,0.0057,1.1455,283.64,337.68,0.3012,12343.4,3143.4,3909.7,98.23,2.7477,129000,37715.9,-123363.3,-31040.9,-11507.7,-1590.7,4290.8,3633.0,943.1,0.0,0.0,5084.4,-9491.5,0,0
26.6167,1666.892,-106.788,1266.892,704.243,35.403,-95.458,101.811,0.405,-0.771,73,69.65,3.35,0.2009,0.0057,1.1445,283.58,337.64,0.3015,12343.1,3143.13,3909.4,98.22,2.7477,129000,37715.9,-123363.3,-31124.0,-11542.6,-1593.7,4297.3,3635.8,947.5,0.0,0.0,4998.3,-9522.5,0,0
26.7167,1670.435,-116.339,1270.435,713.794,35.443,-95.535,101.898,0.398,-0.774,73,69.65,3.35,0.2012,0.0058,1.1434,283.52,337.6,0.3018,12342.9,3142.85,3909.0,98.21,2.7477,129000,37715.9,-123363.3,-31203.3,-11575.8,-1596.6,4303.7,3638.6,951.7,0.0,0.0,4916.0,-9552.0,0,0
26.8167,1673.982,-125.897,1273.982,723.352,35.483,-95.612,101.984,0.392,-0.776,73,69.64,3.36,0.2016,0.0058,1.1423,283.46,337.57,0.3021,12342.6,3142.58,3908.7,98.21,2.7477,129000,37715.9,-123363.3,-31279.1,-11607.4,-1599.4,4309.8,3641.4,955.6,0.0,0.0,4837.5,-9580.2,0,0
26.9167,1677.527,-135.464,1277.527,732.919,35.364,-95.734,102.057,-3.398,-1.796,77,69.69,7.31,0.4386,0.0273,1.1413,283.4,337.53,0.3024,12342.3,3142.3,3908.3,98.2,2.7477,129000,29018.7,-125693.7,-68121.4,-25212.0,-2836.0,7662.7,3643.6,4527.0,0.0,0.0,-41938.7,-22165.1,0,0
27.0167,1681.03,-145.051,1281.03,742.506,34.745,-95.968,102.064,-7.046,-2.475,81,70.03,10.97,0.6583,0.0616,1.1402,283.33,337.49,0.3024,12342.0,3142.03,3908.0,98.19,2.7477,129000,20180.0,-127411.8,-102413.8,-37219.5,-4725.7,13003.4,3641.4,10194.1,0.0,0.0,-86959.4,-30552.6,0,0
27.1167,1684.464,-154.662,1284.464,752.117,34.059,-96.209,102.06,-6.719,-2.358,81,70.44,10.56,0.6337,0.0571,1.1391,283.27,337.46,0.3024,12341.8,3141.75,3907.7,98.18,2.7477,129000,20180.0,-127411.8,-98728.8,-35080.6,-4376.8,12317.9,3637.6,9434.8,0.0,0.0,-82925.6,-29101.8,0,0
27.2167,1687.832,-164.296,1287.832,761.751,33.406,-96.438,102.06,-6.408,-2.249,81,70.83,10.17,0.6102,0.0529,1.1381,283.21,337.42,0.3025,12341.5,3141.48,3907.3,98.17,2.7477,129000,20180.0,-127411.8,-95203.1,-33096.0,-4062.9,11687.3,3634.2,8739.2,0.0,0.0,-79086.0,-27750.7,0,0
27.3167,1691.136,-173.953,1291.136,771.408,32.782,-96.657,102.065,-6.112,-2.147,81,71.2,9.8,0.5877,0.0491,1.137,283.15,337.38,0.3025,12341.2,3141.2,3907.0,98.16,2.7477,129000,20180.0,-127411.8,-91830.2,-31253.4,-3780.1,11106.9,3631.0,8101.5,0.0,0.0,-75430.3,-26491.1,0,0
27.4167,1694.379,-183.631,1294.379,781.086,32.188,-96.866,102.074,-5.83,-2.051,81,71.56,9.44,0.5663,0.0456,1.1359,283.08,337.34,0.3026,12340.9,3140.93,3906.6,98.15,2.7477,129000,20180.0,-127411.8,-88603.6,-29541.3,-3525.0,10572.5,3628.2,7516.5,0.0,0.0,-71948.5,-25316.0,0,0
27.5167,1697.564,-193.329,1297.564,790.784,31.62,-97.066,102.087,-5.561,-1.963,81,71.9,9.1,0.5459,0.0424,1.1348,283.02,337.31,0.3027,12340.7,3140.66,3906.3,98.15,2.7477,129000,20180.0,-127411.8,-85517.2,-27949.2,-3294.5,10080.4,3625.6,6979.5,0.0,0.0,-68631.6,-24218.8,0,0
27.6167,1700.695,-203.047,1300.695,800.502,31.079,-97.257,102.103,-5.305,-1.879,81,72.23,8.77,0.5265,0.0394,1.1338,282.96,337.27,0.3027,12340.4,3140.38,3905.9,98.14,2.7477,129000,20180.0,-127411.8,-82565.0,-26467.7,-3086.1,9627.0,3623.3,6486.3,0.0,0.0,-65471.0,-23193.3,0,0
27.7167,1703.772,-212.783,1303.772,810.238,30.563,-97.441,102.122,-5.061,-1.802,81,72.54,8.46,0.5079,0.0367,1.1327,282.89,337.23,0.3028,12340.1,3140.11,3905.6,98.13,2.7477,129000,20180.0,-127411.8,-79741.4,-25088.2,-2897.4,9209.2,3621.1,6033.1,0.0,0.0,-62458.7,-22234.4,0,0
27.8167,1706.8,-222.538,1306.8,819.993,30.07,-97.617,102.143,-4.829,-1.729,81,72.83,8.17,0.4902,0.0341,1.1316,282.83,337.19,0.3029,12339.8,3139.83,3905.3,98.12,2.7477,129000,20180.0,-127411.8,-77040.8,-23802.7,-2726.3,8823.9,3619.2,5616.3,0.0,0.0,-59587.1,-21336.8,0,0
27.9167,1709.779,-232.309,1309.779,829.764,29.601,-97.786,102.168,-4.607,-1.661,81,73.11,7.89,0.4732,0.0318,1.1305,282.77,337.15,0.303,12339.6,3139.56,3904.9,98.11,2.7477,129000,20180.0,-127411.8,-74458.2,-22604.1,-2570.9,8468.6,3617.4,5232.8,0.0,0.0,-56849.1,-20496.2,0,0
28.0167,1712.713,-242.097,1312.713,839.552,29.152,-97.948,102.194,-4.396,-1.597,81,73.38,7.62,0.4571,0.0297,1.1294,282.7,337.12,0.3031,12339.3,3139.28,3904.6,98.1,2.7477,129000,20180.0,-127411.8,-71988.4,-21485.6,-2429.7,8140.8,3615.8,4879.8,0.0,0.0,-54238.0,-19708.3,0,0
28.1167,1715.603,-251.901,1315.603,849.356,28.725,-98.104,102.223,-4.194,-1.537,81,73.64,7.36,0.4417,0.0277,1.1284,282.64,337.08,0.3033,12339.0,3139.01,3904.2,98.09,2.7477,129000,20180.0,-127411.8,-69626.6,-20441.4,-2301.2,7838.1,3614.4,4554.6,0.0,0.0,-51747.7,-18969.4,0,0
28.2167,1718.451,-261.721,1318.451,859.176,28.317,-98.255,102.254,-4.001,-1.481,81,73.88,7.12,0.427,0.0259,1.1273,282.58,337.04,0.3034,12338.7,3138.73,3903.9,98.09,2.7477,129000,20180.0,-127411.8,-67368.1,-19465.8,-2184.1,7558.7,3613.0,4254.9,0.0,0.0,-49372.1,-18276.0,0,0
28.3167,1721.26,-271.554,1321.26,869.009,27.927,-98.4,102.286,-3.818,-1.428,81,74.12,6.88,0.413,0.0242,1.1262,282.51,337.0,0.3035,12338.5,3138.46,3903.6,98.08,2.7477,129000,20180.0,-127411.8,-65208.6,-18553.8,-2077.2,7300.5,3611.8,3978.5,0.0,0.0,-47105.8,-17624.8,0,0
28.4167,1724.031,-281.403,1324.031,878.858,27.556,-98.54,102.32,-3.643,-1.379,81,74.34,6.66,0.3996,0.0227,1.1251,282.45,336.96,0.3037,12338.2,3138.18,3903.2,98.07,2.7477,129000,20180.0,-127411.8,-63143.7,-17700.6,-1979.6,7061.9,3610.7,3723.4,0.0,0.0,-44943.3,-17012.9,0,0
28.5167,1726.766,-291.265,1326.766,888.72,27.201,-98.675,102.355,-3.475,-1.332,81,74.55,6.45,0.3868,0.0213,1.124,282.38,336.93,0.3038,12337.9,3137.91,3902.9,98.06,2.7477,129000,20180.0,-127411.8,-61169.4,-16902.0,-1890.4,6841.3,3609.7,3488.0,0.0,0.0,-42879.7,-16437.6,0,0
28.6167,1729.466,-301.14,1329.466,898.595,26.863,-98.805,102.392,-3.316,-1.288,81,74.76,6.24,0.3746,0.0199,1.1229,282.32,336.89,0.3039,12337.6,3137.63,3902.5,98.05,2.7477,129000,20180.0,-127411.8,-59281.7,-16154.1,-1808.6,6637.3,3608.8,3270.5,0.0,0.0,-40910.3,-15896.5,0,0
28.7167,1732.134,-311.028,1332.134,908.483,26.54,-98.932,102.43,-3.164,-1.247,81,74.95,6.05,0.3629,0.0187,1.1218,282.26,336.85,0.3041,12337.4,3137.36,3902.2,98.04,2.7477,129000,20180.0,-127411.8,-57477.0,-15453.2,-1733.7,6448.4,3608.0,3069.4,0.0,0.0,-39030.6,-15387.1,0,0
28.8167,1734.769,-320.928,1334.769,918.383,26.233,-99.054,102.469,-3.018,-1.208,81,75.14,5.86,0.3518,0.0176,1.1208,282.19,336.81,0.3042,12337.1,3137.08,3901.8,98.03,2.7477,129000,20180.0,-127411.8,-55751.5,-14796.0,-1665.0,6273.6,3607.2,2883.5,0.0,0.0,-37236.4,-14907.5,0,0
28.9167,1737.376,-330.84,1337.376,928.295,25.939,-99.173,102.509,-2.879,-1.172,81,75.31,5.69,0.3412,0.0165,1.1197,282.13,336.77,0.3044,12336.8,3136.81,3901.5,98.03,2.7477,129000,20180.0,-127411.8,-54101.9,-14179.5,-1601.8,6111.6,3606.5,2711.5,0.0,0.0,-35523.6,-14455.5,0,0
29.0167,1739.953,-340.764,1339.953,938.219,25.659,-99.288,102.55,-2.747,-1.137,81,75.48,5.52,0.331,0.0156,1.1186,282.06,336.73,0.3045,12336.5,3136.53,3901.2,98.02,2.7477,129000,20180.0,-127411.8,-52524.8,-13600.7,-1543.7,5961.5,3605.9,2552.3,0.0,0.0,-33888.4,-14029.5,0,0
29.1167,1742.503,-350.7,1342.503,948.155,25.391,-99.4,102.592,-2.621,-1.105,81,75.64,5.36,0.3213,0.0147,1.1175,282.0,336.7,0.3047,12336.3,3136.26,3900.8,98.01,2.7477,129000,20180.0,-127411.8,-51017.1,-13057.0,-1490.1,5822.4,3605.3,2404.8,0.0,0.0,-32327.2,-13627.8,0,0
29.2167,1745.027,-360.646,1345.027,958.101,25.137,-99.509,102.634,-2.5,-1.074,81,75.8,5.2,0.3121,0.0138,1.1164,281.93,336.66,0.3049,12336.0,3135.98,3900.5,98.0,2.7477,129000,20180.0,-127411.8,-49575.8,-12546.2,-1440.8,5693.3,3604.7,2268.0,0.0,0.0,-30836.6,-13248.7,0,0
29.3167,1747.527,-370.603,1347.527,968.058,24.893,-99.614,102.677,-2.384,-1.045,81,75.95,5.05,0.3033,0.0131,1.1153,281.87,336.62,0.305,12335.7,3135.71,3900.1,97.99,2.7477,129000,20180.0,-127411.8,-48197.9,-12065.9,-1395.3,5573.5,3604.2,2141.2,0.0,0.0,-29413.2,-12890.9,0,0
29.4167,1750.002,-380.571,1350.002,978.026,24.661,-99.717,102.721,-2.274,-1.018,81,76.09,4.91,0.2948,0.0124,1.1142,281.8,336.58,0.3052,12335.4,3135.43,3899.8,97.98,2.7477,129000,20180.0,-127411.8,-46880.8,-11614.0,-1353.2,5462.3,3603.8,2023.6,0.0,0.0,-28053.9,-12552.9,0,0
29.5167,1752.456,-390.548,1352.456,988.003,24.44,-99.817,102.766,-2.169,-0.992,81,76.22,4.78,0.2868,0.0117,1.1131,281.74,336.54,0.3054,12335.2,3135.16,3899.5,97.97,2.7477,129000,20180.0,-127411.8,-45621.6,-11188.7,-1314.3,5358.9,3603.4,1914.4,0.0,0.0,-26755.9,-12233.7,0,0
29.6167,1754.887,-400.536,1354.887,997.991,24.229,-99.915,102.811,-2.069,-0.967,81,76.35,4.65,0.2791,0.0111,1.112,281.67,336.5,0.3055,12334.9,3134.89,3899.1,97.97,2.7477,129000,20180.0,-127411.8,-44418.0,-10788.3,-1278.3,5262.9,3603.0,1812.9,0.0,0.0,-25516.2,-11932.0,0,0
29.7167,1757.298,-410.533,1357.298,1007.988,24.028,-100.01,102.856,-1.973,-0.944,81,76.47,4.53,0.2718,0.0105,1.1109,281.61,336.46,0.3057,12334.6,3134.61,3898.8,97.96,2.7477,129000,20180.0,-127411.8,-43267.3,-10411.0,-1244.9,5173.6,3602.6,1718.6,0.0,0.0,-24332.2,-11646.7,0,0
29.8167,1759.69,-420.539,1359.69,1017.994,23.836,-100.104,102.902,-1.881,-0.922,81,76.59,4.41,0.2647,0.01,1.1099,281.54,336.42,0.3059,12334.3,3134.34,3898.4,97.95,2.7477,129000,20180.0,-127411.8,-42167.5,-10055.4,-1213.9,5090.4,3602.3,1630.9,0.0,0.0,-23201.3,-11376.9,0,0
29.9167,1762.063,-430.555,1362.063,1028.01,23.653,-100.195,102.949,-1.794,-0.902,81,76.7,4.3,0.258,0.0095,1.1088,281.48,336.39,0.306,12334.1,3134.06,3898.1,97.94,2.7477,129000,20180.0,-127411.8,-41116.1,-9720.0,-1185.1,5013.1,3602.0,1549.2,0.0,0.0,-22121.1,-11121.6,0,0
30.0167,1764.418,-440.58,1364.418,1038.035,23.479,-100.284,102.995,-1.71,-0.882,81,76.81,4.19,0.2516,0.009,1.1077,281.41,336.35,0.3062,12333.8,3133.79,3897.7,97.93,2.7477,129000,20180.0,-127411.8,-40111.0,-9403.6,-1158.4,4941.0,3601.7,1473.3,0.0,0.0,-21089.4,-10880.0,0,0
30.1167,1766.756,-450.613,1366.756,1048.068,23.312,-100.371,103.042,-1.63,-0.864,81,76.91,4.09,0.2455,0.0086,1.1066,281.35,336.31,0.3064,12333.5,3133.51,3897.4,97.92,2.7477,129000,20180.0,-127411.8,-39150.3,-9105.0,-1133.5,4873.9,3601.5,1402.5,0.0,0.0,-20103.8,-10651.2,0,0
30.2167,1769.078,-460.655,1369.078,1058.11,23.154,-100.456,103.09,-1.554,-0.846,81,77.0,4.0,0.2397,0.0082,1.1055,281.28,336.27,0.3066,12333.2,3133.24,3897.1,97.91,2.7477,129000,20180.0,-127411.8,-38232.0,-8823.0,-1110.3,4811.2,3601.2,1336.5,0.0,0.0,-19162.3,-10434.5,0,0
30.3167,1771.384,-470.706,1371.384,1068.161,23.003,-100.54,103.138,-1.481,-0.829,81,77.1,3.9,0.2341,0.0078,1.1044,281.22,336.23,0.3067,12333.0,3132.96,3896.7,97.91,2.7477,129000,20180.0,-127411.8,-37354.2,-8556.7,-1088.7,4752.8,3601.0,1274.9,0.0,0.0,-18262.8,-10229.3,0,0
30.4167,1773.676,-480.764,1373.676,1078.219,22.859,-100.622,103.186,-1.411,-0.814,81,77.19,3.81,0.2288,0.0074,1.1033,281.15,336.19,0.3069,12332.7,3132.69,3896.4,97.9,2.7477,129000,20180.0,-127411.8,-36515.1,-8304.9,-1068.6,4698.3,3600.8,1217.5,0.0,0.0,-17403.6,-10034.8,0,0
30.5167,1775.954,-490.831,1375.954,1088.286,22.721,-100.702,103.234,-1.345,-0.799,81,77.27,3.73,0.2237,0.0071,1.1022,281.09,336.15,0.3071,12332.4,3132.41,3896.0,97.89,2.7477,129000,20180.0,-127411.8,-35713.0,-8066.9,-1049.8,4647.4,3600.6,1163.9,0.0,0.0,-16582.7,-9850.4,0,0
30.6167,1778.218,-500.906,1378.218,1098.361,22.591,-100.781,103.282,-1.281,-0.785,81,77.35,3.65,0.2188,0.0068,1.1011,281.02,336.11,0.3073,12332.1,3132.14,3895.7,97.88,2.7477,129000,20180.0,-127411.8,-34946.2,-7841.8,-1032.2,4599.8,3600.4,1113.8,0.0,0.0,-15798.4,-9675.6,0,0
30.7167,1780.47,-510.989,1380.47,1108.444,22.466,-100.859,103.331,-1.22,-0.771,81,77.43,3.57,0.2142,0.0065,1.1,280.96,336.07,0.3075,12331.9,3131.86,3895.4,97.87,2.7477,129000,20180.0,-127411.8,-34213.3,-7628.8,-1015.7,4555.3,3600.2,1067.0,0.0,0.0,-15049.0,-9509.7,0,0
30.8167,1782.71,-521.079,1382.71,1118.534,22.348,-100.935,103.38,-1.162,-0.758,81,77.5,3.5,0.2098,0.0063,1.0989,280.89,336.03,0.3076,12331.6,3131.59,3895.0,97.86,2.7477,129000,20180.0,-127411.8,-33512.7,-7427.2,-1000.3,4513.7,3600.0,1023.2,0.0,0.0,-14333.0,-9352.5,0,0
30.9167,1784.938,-531.177,1384.938,1128.632,22.235,-101.01,103.429,-1.107,-0.746,81,77.57,3.43,0.2055,0.006,1.0978,280.82,335.99,0.3078,12331.3,3131.31,3894.7,97.85,2.7477,129000,20180.0,-127411.8,-32843.0,-7236.3,-985.9,4474.7,3599.8,982.2,0.0,0.0,-13648.9,-9203.2,0,0
31.0167,1787.155,-541.282,1387.155,1138.737,22.127,-101.084,103.478,-1.054,-0.735,81,77.64,3.36,0.2015,0.0058,1.0967,280.76,335.96,0.308,12331.0,3131.04,3894.3,97.84,2.7477,129000,20180.0,-127411.8,-32202.9,-7055.5,-972.4,4438.3,3599.7,943.9,0.0,0.0,-12995.2,-9061.6,0,0
31.1167,1789.362,-551.395,1389.362,1148.85,22.025,-101.157,103.527,-1.003,-0.724,81,77.71,3.29,0.1976,0.0055,1.0957,280.69,335.92,0.3082,12330.8,3130.76,3894.0,97.84,2.7477,129000,20180.0,-127411.8,-31590.9,-6884.2,-959.7,4404.1,3599.5,907.9,0.0,0.0,-12370.6,-8927.1,0,0
31.2167,1791.558,-561.515,1391.558,1158.97,21.927,-101.229,103.577,-0.955,-0.714,81,77.77,3.23,0.1939,0.0053,1.0946,280.63,335.88,0.3084,12330.5,3130.49,3893.6,97.83,2.7477,129000,20180.0,-127411.8,-31006.0,-6721.8,-947.8,4372.0,3599.4,874.3,0.0,0.0,-11773.7,-8799.5,0,0
31.3167,1793.746,-571.642,1393.746,1169.097,21.834,-101.3,103.626,-0.909,-0.704,81,77.83,3.17,0.1904,0.0052,1.0935,280.56,335.84,0.3086,12330.2,3130.21,3893.3,97.82,2.7477,129000,20180.0,-127411.8,-30446.8,-6567.9,-936.6,4342.0,3599.2,842.7,0.0,0.0,-11203.4,-8678.3,0,0
31.4167,1795.924,-581.776,1395.924,1179.231,21.746,-101.37,103.676,-0.864,-0.694,81,77.88,3.12,0.187,0.005,1.0924,280.5,335.8,0.3087,12329.9,3129.94,3893.0,97.81,2.7477,129000,20180.0,-127411.8,-29912.2,-6421.8,-926.1,4313.8,3599.1,813.0,0.0,0.0,-10658.3,-8563.1,0,0
31.5167,1798.094,-591.917,1398.094,1189.372,21.662,-101.439,103.726,-0.822,-0.686,81,77.94,3.06,0.1838,0.0048,1.0913,280.43,335.76,0.3089,12329.7,3129.66,3892.6,97.8,2.7477,129000,20180.0,-127411.8,-29401.2,-6283.3,-916.2,4287.3,3598.9,785.2,0.0,0.0,-10137.4,-8453.8,0,0
31.6167,1800.255,-602.065,1400.255,1199.52,21.582,-101.507,103.776,-0.782,-0.677,81,77.99,3.01,0.1807,0.0046,1.0902,280.36,335.72,0.3091,12329.4,3129.39,3892.3,97.79,2.7477,129000,20180.0,-127411.8,-28912.7,-6151.8,-906.9,4262.4,3598.8,759.1,0.0,0.0,-9639.6,-8349.8,0,0
31.7167,1802.409,-612.22,1402.409,1209.675,21.506,-101.574,103.826,-0.743,-0.669,81,78.04,2.96,0.1778,0.0045,1.0891,280.3,335.68,0.3093,12329.1,3129.12,3891.9,97.78,2.7477,129000,20180.0,-127411.8,-28445.8,-6027.0,-898.2,4239.0,3598.6,734.5,0.0,0.0,-9163.9,-8251.1,0,0
31.8167,1804.555,-622.381,1404.555,1219.836,21.434,-101.64,103.876,-0.706,-0.662,81,78.08,2.92,0.1749,0.0043,1.088,280.23,335.64,0.3095,12328.8,3128.84,3891.6,97.78,2.7477,129000,20180.0,-127411.8,-27999.4,-5908.5,-889.9,4217.0,3598.5,711.4,0.0,0.0,-8709.2,-8157.3,0,0
31.9167,1806.695,-632.549,1406.695,1230.004,21.366,-101.706,103.926,-0.671,-0.654,81,78.13,2.87,0.1723,0.0042,1.0869,280.17,335.6,0.3097,12328.6,3128.57,3891.3,97.77,2.7477,129000,20180.0,-127411.8,-27572.6,-5795.9,-882.1,4196.4,3598.4,689.7,0.0,0.0,-8274.6,-8068.1,0,0
32.0167,1808.827,-642.723,1408.827,1240.178,21.3,-101.771,103.976,-0.638,-0.648,81,78.17,2.83,0.1697,0.0041,1.0858,280.1,335.56,0.3099,12328.3,3128.29,3890.9,97.76,2.7477,129000,20180.0,-127411.8,-27164.6,-5688.9,-874.7,4176.9,3598.2,669.2,0.0,0.0,-7859.3,-7983.3,0,0
32.1167,1810.954,-652.904,1410.954,1250.359,21.239,-101.836,104.027,-0.605,-0.641,81,78.21,2.79,0.1672,0.004,1.0847,280.03,335.52,0.31,12328.0,3128.02,3890.6,97.75,2.7477,129000,20180.0,-127411.8,-26774.6,-5587.3,-867.8,4158.5,3598.1,650.0,0.0,0.0,-7462.3,-7902.7,0,0
32.2167,1813.074,-663.091,1413.074,1260.546,21.18,-101.899,104.077,-0.575,-0.635,81,78.25,2.75,0.1649,0.0039,1.0836,279.97,335.48,0.3102,12327.7,3127.74,3890.2,97.74,2.7477,129000,20180.0,-127411.8,-26401.7,-5490.7,-861.2,4141.2,3598.0,631.9,0.0,0.0,-7082.9,-7826.1,0,0
32.3167,1815.189,-673.285,1415.189,1270.74,21.124,-101.962,104.128,-0.545,-0.629,81,78.29,2.71,0.1626,0.0038,1.0826,279.9,335.44,0.3104,12327.5,3127.47,3889.9,97.73,2.7477,129000,20180.0,-127411.8,-26045.2,-5398.8,-855.0,4124.9,3597.8,614.8,0.0,0.0,-6720.2,-7753.2,0,0
32.4167,1817.298,-683.485,1417.298,1280.94,21.071,-102.025,104.178,-0.517,-0.623,81,78.32,2.68,0.1605,0.0037,1.0815,279.83,335.4,0.3106,12327.2,3127.19,3889.5,97.72,2.7477,129000,20180.0,-127411.8,-25704.3,-5311.4,-849.2,4109.5,3597.7,598.6,0.0,0.0,-6373.5,-7684.0,0,0
32.5167,1819.402,-693.691,1419.402,1291.146,21.021,-102.087,104.229,-0.49,-0.618,81,78.36,2.64,0.1585,0.0036,1.0804,279.77,335.36,0.3108,12326.9,3126.92,3889.2,97.72,2.7477,129000,20180.0,-127411.8,-25378.5,-5228.3,-843.6,4095.0,3597.6,583.4,0.0,0.0,-6042.1,-7618.1,0,0
32.6167,1821.502,-703.903,1421.502,1301.358,20.974,-102.149,104.279,-0.464,-0.613,81,78.39,2.61,0.1565,0.0035,1.0793,279.7,335.32,0.311,12326.6,3126.64,3888.9,97.71,2.7477,129000,20180.0,-127411.8,-25066.9,-5149.3,-838.4,4081.3,3597.4,569.1,0.0,0.0,-5725.3,-7555.4,0,0
32.7167,1823.596,-714.122,1423.596,1311.577,20.929,-102.21,104.33,-0.44,-0.608,81,78.42,2.58,0.1546,0.0034,1.0782,279.64,335.28,0.3112,12326.4,3126.37,3888.5,97.7,2.7477,129000,20180.0,-127411.8,-24769.1,-5074.0,-833.4,4068.4,3597.3,555.5,0.0,0.0,-5422.4,-7495.8,0,0
32.8167,1825.687,-724.346,1425.687,1321.801,20.886,-102.27,104.381,-0.416,-0.604,81,78.45,2.55,0.1528,0.0033,1.0771,279.57,335.24,0.3114,12326.1,3126.09,3888.2,97.69,2.7477,129000,20180.0,-127411.8,-24484.3,-5002.4,-828.7,4056.1,3597.2,542.8,0.0,0.0,-5132.9,-7439.1,0,0
32.9167,1827.773,-734.577,1427.773,1332.032,20.846,-102.33,104.432,-0.394,-0.599,81,78.48,2.52,0.1511,0.0032,1.076,279.5,335.2,0.3115,12325.8,3125.82,3887.8,97.68,2.7477,129000,20180.0,-127411.8,-24212.0,-4934.3,-824.3,4044.5,3597.0,530.7,0.0,0.0,-4856.2,-7385.2,0,0
33.0167,1829.855,-744.813,1429.855,1342.268,20.808,-102.39,104.483,-0.373,-0.595,81,78.51,2.49,0.1495,0.0032,1.0749,279.44,335.16,0.3117,12325.5,3125.54,3887.5,97.67,2.7477,129000,20180.0,-127411.8,-23951.6,-4869.3,-820.0,4033.6,3596.9,519.2,0.0,0.0,-4591.6,-7334.0,0,0
33.1167,1831.934,-755.056,1431.934,1352.511,20.772,-102.449,104.534,-0.352,-0.591,81,78.53,2.47,0.1479,0.0031,1.0738,279.37,335.12,0.3119,12325.3,3125.27,3887.1,97.66,2.7477,129000,20180.0,-127411.8,-23702.6,-4807.5,-816.0,4023.2,3596.7,508.4,0.0,0.0,-4338.6,-7285.2,0,0
33.2167,1834.009,-765.304,1434.009,1362.759,20.737,-102.508,104.585,-0.332,-0.587,81,78.56,2.44,0.1464,0.003,1.0727,279.3,335.08,0.3121,12325.0,3124.99,3886.8,97.66,2.7477,129000,20180.0,-127411.8,-23464.6,-4748.6,-812.2,4013.4,3596.6,498.2,0.0,0.0,-4096.8,-7238.8,0,0
33.3167,1836.081,-775.558,1436.081,1373.013,20.705,-102.567,104.636,-0.314,-0.584,81,78.58,2.42,0.145,0.003,1.0717,279.24,335.04,0.3123,12324.7,3124.72,3886.5,97.65,2.7477,129000,20180.0,-127411.8,-23237.0,-4692.5,-808.6,4004.1,3596.4,488.5,0.0,0.0,-3865.5,-7194.7,0,0
33.4167,1838.15,-785.818,1438.15,1383.273,20.675,-102.625,104.687,-0.296,-0.58,81,78.61,2.39,0.1436,0.0029,1.0706,279.17,335.0,0.3125,12324.4,3124.44,3886.1,97.64,2.7477,129000,20180.0,-127411.8,-23019.3,-4639.1,-805.2,3995.3,3596.3,479.3,0.0,0.0,-3644.4,-7152.8,0,0
33.5167,1840.215,-796.084,1440.215,1393.539,20.646,-102.683,104.738,-0.279,-0.577,81,78.63,2.37,0.1423,0.0029,1.0695,279.1,334.96,0.3127,12324.2,3124.17,3885.8,97.63,2.7477,129000,20180.0,-127411.8,-22811.2,-4588.1,-801.9,3987.0,3596.1,470.7,0.0,0.0,-3433.0,-7112.9,0,0
33.6167,1842.279,-806.356,1442.279,1403.811,20.62,-102.74,104.789,-0.262,-0.574,81,78.65,2.35,0.1411,0.0028,1.0684,279.04,334.92,0.3129,12323.9,3123.89,3885.4,97.62,2.7477,129000,20180.0,-127411.8,-22612.1,-4539.5,-798.8,3979.0,3596.0,462.4,0.0,0.0,-3230.9,-7074.9,0,0
33.7167,1844.339,-816.633,1444.339,1414.088,20.594,-102.797,104.84,-0.246,-0.571,81,78.67,2.33,0.1399,0.0028,1.0673,278.97,334.88,0.3131,12323.6,3123.62,3885.1,97.61,2.7477,129000,20180.0,-127411.8,-22421.8,-4493.3,-795.9,3971.5,3595.8,454.6,0.0,0.0,-3037.6,-7038.8,0,0
33.8167,1846.397,-826.916,1446.397,1424.371,20.57,-102.854,104.891,-0.231,-0.568,81,78.69,2.31,0.1388,0.0027,1.0662,278.9,334.84,0.3133,12323.3,3123.34,3884.8,97.6,2.7477,129000,20180.0,-127411.8,-22239.7,-4449.1,-793.1,3964.4,3595.7,447.2,0.0,0.0,-2852.8,-7004.5,0,0
33.9167,1848.453,-837.205,1448.453,1434.66,20.548,-102.911,104.942,-0.217,-0.566,81,78.71,2.29,0.1377,0.0027,1.0651,278.84,334.8,0.3134,12323.1,3123.07,3884.4,97.6,2.7477,129000,20180.0,-127411.8,-22065.6,-4407.0,-790.4,3957.6,3595.5,440.2,0.0,0.0,-2676.0,-6971.9,0,0
34.0167,1850.506,-847.499,1450.506,1444.954,20.527,-102.967,104.994,-0.203,-0.563,81,78.72,2.28,0.1366,0.0027,1.064,278.77,334.76,0.3136,12322.8,3122.8,3884.1,97.59,2.7477,129000,20180.0,-127411.8,-21899.1,-4366.9,-787.9,3951.2,3595.4,433.6,0.0,0.0,-2507.0,-6940.9,0,0
34.1167,1852.558,-857.799,1452.558,1455.254,20.508,-103.024,105.045,-0.19,-0.561,81,78.74,2.26,0.1356,0.0026,1.063,278.7,334.72,0.3138,12322.5,3122.52,3883.7,97.58,2.7477,129000,20180.0,-127411.8,-21739.9,-4328.6,-785.5,3945.0,3595.2,427.3,0.0,0.0,-2345.3,-6911.4,0,0
34.2167,1854.608,-868.105,1454.608,1465.56,20.489,-103.08,105.096,-0.178,-0.559,81,78.76,2.24,0.1347,0.0026,1.0619,278.64,334.68,0.314,12322.2,3122.25,3883.4,97.57,2.7477,129000,20180.0,-127411.8,-21587.6,-4292.0,-783.2,3939.2,3595.0,421.3,0.0,0.0,-2190.8,-6883.4,0,0
34.3167,1856.656,-878.416,1456.656,1475.871,20.472,-103.135,105.147,-0.166,-0.556,81,78.77,2.23,0.1338,0.0025,1.0608,278.57,334.64,0.3142,12322.0,3121.97,3883.0,97.56,2.7477,129000,20180.0,-127411.8,-21441.9,-4257.2,-781.0,3933.7,3594.9,415.6,0.0,0.0,-2042.9,-6856.8,0,0
34.4167,1858.702,-888.733,1458.702,1486.188,20.456,-103.191,105.199,-0.154,-0.554,81,78.78,2.22,0.1329,0.0025,1.0597,278.5,334.6,0.3144,12321.7,3121.7,3882.7,97.55,2.7477,129000,20180.0,-127411.8,-21302.6,-4223.9,-778.9,3928.4,3594.7,410.2,0.0,0.0,-1901.5,-6831.5,0,0
34.5167,1860.747,-899.055,1460.747,1496.51,20.442,-103.246,105.25,-0.143,-0.552,81,78.8,2.2,0.1321,0.0025,1.0586,278.43,334.56,0.3146,12321.4,3121.42,3882.4,97.54,2.7477,129000,20180.0,-127411.8,-21169.4,-4192.2,-776.9,3923.4,3594.5,405.0,0.0,0.0,-1766.3,-6807.4,0,0
34.6167,1862.79,-909.383,1462.79,1506.838,20.428,-103.301,105.302,-0.133,-0.551,81,78.81,2.19,0.1313,0.0024,1.0575,278.37,334.52,0.3148,12321.1,3121.15,3882.0,97.54,2.7477,129000,20180.0,-127411.8,-21041.9,-4161.9,-775.1,3918.6,3594.3,400.2,0.0,0.0,-1636.9,-6784.6,0,0
34.7167,1864.832,-919.716,1464.832,1517.171,20.415,-103.356,105.353,-0.123,-0.549,81,78.82,2.18,0.1305,0.0024,1.0564,278.3,334.48,0.315,12320.9,3120.87,3881.7,97.53,2.7477,129000,20180.0,-127411.8,-20919.9,-4132.9,-773.3,3914.0,3594.2,395.5,0.0,0.0,-1513.2,-6763.0,0,0
34.8167,1866.873,-930.055,1466.873,1527.51,20.403,-103.411,105.405,-0.113,-0.547,81,78.84,2.16,0.1298,0.0024,1.0554,278.23,334.44,0.3152,12320.6,3120.6,3881.3,97.52,2.7477,129000,20180.0,-127411.8,-20803.3,-4105.3,-771.5,3909.7,3594.0,391.1,0.0,0.0,-1394.8,-6742.4,0,0
34.9167,1868.913,-940.399,1468.913,1537.854,20.393,-103.466,105.456,-0.104,-0.546,81,78.85,2.15,0.1291,0.0024,1.0543,278.17,334.4,0.3154,12320.3,3120.32,3881.0,97.51,2.7477,129000,20180.0,-127411.8,-20691.7,-4079.0,-769.9,3905.5,3593.8,386.9,0.0,0.0,-1281.6,-6722.9,0,0
35.0167,1870.951,-950.749,1470.951,1548.204,20.383,-103.52,105.508,-0.095,-0.544,81,78.86,2.14,0.1284,0.0023,1.0532,278.1,334.36,0.3156,12320.0,3120.05,3880.7,97.5,2.7477,129000,20180.0,-127411.8,-20585.0,-4053.8,-768.3,3901.6,3593.6,382.9,0.0,0.0,-1173.3,-6704.3,0,0
35.1167,1872.989,-961.104,1472.989,1558.559,20.374,-103.574,105.559,-0.087,-0.543,81,78.87,2.13,0.1278,0.0023,1.0521,278.03,334.32,0.3157,12319.8,3119.77,3880.3,97.49,2.7477,129000,20180.0,-127411.8,-20482.8,-4029.8,-766.9,3897.8,3593.4,379.1,0.0,0.0,-1069.6,-6686.7,0,0
35.2167,1875.026,-971.465,1475.026,1568.92,20.366,-103.629,105.611,-0.079,-0.541,81,78.88,2.12,0.1272,0.0023,1.051,277.96,334.28,0.3159,12319.5,3119.5,3880.0,97.48,2.7477,129000,20180.0,-127411.8,-20385.1,-4006.8,-765.4,3894.2,3593.2,375.5,0.0,0.0,-970.5,-6670.1,0,0
35.3167,1877.062,-981.831,1477.062,1579.286,20.358,-103.683,105.662,-0.071,-0.54,81,78.89,2.11,0.1266,0.0023,1.0499,277.9,334.24,0.3161,12319.2,3119.22,3879.6,97.48,2.7477,129000,20180.0,-127411.8,-20291.7,-3984.9,-764.1,3890.8,3593.0,372.1,0.0,0.0,-875.7,-6654.3,0,0
35.4167,1879.097,-992.202,1479.097,1589.657,20.351,-103.737,105.714,-0.064,-0.539,81,78.9,2.1,0.1261,0.0023,1.0488,277.83,334.2,0.3163,12318.9,3118.95,3879.3,97.47,2.7477,129000,20180.0,-127411.8,-20202.2,-3963.9,-762.8,3887.5,3592.8,368.8,0.0,0.0,-784.9,-6639.3,0,0
35.5167,1881.132,-1002.579,1481.132,1600.034,20.346,-103.79,105.766,-0.057,-0.538,81,78.91,2.09,0.1255,0.0022,1.0478,277.76,334.16,0.3165,12318.7,3118.67,3878.9,97.46,2.7477,129000,20180.0,-127411.8,-20116.6,-3943.9,-761.5,3884.4,3592.6,365.7,0.0,0.0,-698.1,-6625.1,0,0
35.6167,1883.166,-1012.961,1483.166,1610.416,20.34,-103.844,105.818,-0.05,-0.537,81,78.92,2.08,0.125,0.0022,1.0467,277.69,334.12,0.3167,12318.4,3118.4,3878.6,97.45,2.7477,129000,20180.0,-127411.8,-20034.7,-3924.8,-760.3,3881.4,3592.4,362.7,0.0,0.0,-615.0,-6611.7,0,0
35.7167,1885.2,-1023.349,1485.2,1620.804,20.336,-103.898,105.869,-0.043,-0.536,81,78.92,2.08,0.1245,0.0022,1.0456,277.63,334.08,0.3169,12318.1,3118.12,3878.3,97.44,2.7477,129000,20180.0,-127411.8,-19956.4,-3906.5,-759.2,3878.5,3592.2,359.9,0.0,0.0,-535.6,-6599.0,0,0
35.8167,1887.234,-1033.742,1487.234,1631.197,20.332,-103.951,105.921,-0.037,-0.535,81,78.93,2.07,0.1241,0.0022,1.0445,277.56,334.03,0.3171,12317.8,3117.85,3877.9,97.43,2.7477,129000,20180.0,-127411.8,-19881.4,-3889.0,-758.1,3875.7,3592.0,357.2,0.0,0.0,-459.5,-6587.0,0,0
35.9167,1889.267,-1044.14,1489.267,1641.595,20.328,-104.005,105.973,-0.031,-0.534,81,78.94,2.06,0.1236,0.0022,1.0434,277.49,333.99,0.3173,12317.6,3117.57,3877.6,97.42,2.7477,129000,20180.0,-127411.8,-19809.6,-3872.3,-757.1,3873.1,3591.8,354.6,0.0,0.0,-386.7,-6575.6,0,0
36.0167,1891.299,-1054.544,1491.299,1651.999,20.325,-104.058,106.025,-0.026,-0.533,81,78.95,2.05,0.1232,0.0022,1.0424,277.42,333.95,0.3175,12317.3,3117.3,3877.2,97.42,2.7477,129000,20180.0,-127411.8,-19741.0,-3856.4,-756.1,3870.6,3591.6,352.2,0.0,0.0,-317.0,-6564.9,0,0
36.1167,1893.332,-1064.952,1493.332,1662.407,20.323,-104.111,106.076,-0.02,-0.532,81,78.95,2.05,0.1228,0.0021,1.0413,277.36,333.91,0.3177,12317.0,3117.03,3876.9,97.41,2.7477,129000,20180.0,-127411.8,-19675.2,-3841.1,-755.2,3868.2,3591.4,349.8,0.0,0.0,-250.4,-6554.7,0,0
36.2167,1895.364,-1075.367,1495.364,1672.822,20.321,-104.165,106.128,-0.015,-0.531,81,78.96,2.04,0.1224,0.0021,1.0402,277.29,333.87,0.3179,12316.8,3116.75,3876.6,97.4,2.7477,129000,20180.0,-127411.8,-19612.3,-3826.5,-754.3,3865.8,3591.1,347.6,0.0,0.0,-186.5,-6545.2,0,0
36.3167,1897.396,-1085.786,1497.396,1683.241,20.32,-104.218,106.18,-0.01,-0.531,81,78.97,2.03,0.122,0.0021,1.0391,277.22,333.83,0.3181,12316.5,3116.48,3876.2,97.39,2.7477,129000,20180.0,-127411.8,-19552.1,-3812.6,-753.4,3863.6,3590.9,345.5,0.0,0.0,-125.5,-6536.2,0,0
36.4167,1899.428,-1096.211,1499.428,1693.666,20.32,-104.271,106.232,-0.005,-0.53,81,78.97,2.03,0.1217,0.0021,1.038,277.15,333.79,0.3183,12316.2,3116.2,3875.9,97.38,2.7477,129000,20180.0,-127411.8,-19494.5,-3799.3,-752.6,3861.5,3590.7,343.4,0.0,0.0,-67.0,-6527.7,0,0
36.5167,1901.46,-1106.641,1501.46,1704.096,20.319,-104.324,106.284,-0.001,-0.529,81,78.98,2.02,0.1213,0.0021,1.0369,277.08,333.75,0.3185,12315.9,3115.93,3875.5,97.37,2.7477,129000,20180.0,-127411.8,-19439.3,-3786.5,-751.8,3859.4,3590.5,341.5,0.0,0.0,-11.0,-6519.7,0,0
36.6167,1903.492,-1117.077,1503.492,1714.532,20.319,-104.376,106.336,0.003,-0.529,81,78.98,2.02,0.121,0.0021,1.0359,277.02,333.71,0.3186,12315.7,3115.65,3875.2,97.36,2.7477,129000,20180.0,-127411.8,-19386.5,-3774.4,-751.0,3857.5,3590.2,339.7,0.0,0.0,42.5,-6512.1,0,0
36.7167,1905.524,-1127.517,1505.524,1724.972,20.32,-104.429,106.388,0.008,-0.528,81,78.99,2.01,0.1207,0.0021,1.0348,276.95,333.67,0.3188,12315.4,3115.38,3874.8,97.36,2.7477,129000,20180.0,-127411.8,-19335.9,-3762.7,-750.3,3855.6,3590.0,337.9,0.0,0.0,93.8,-6505.1,0,0
36.8167,1907.556,-1137.963,1507.556,1735.418,20.321,-104.482,106.44,0.012,-0.528,81,78.99,2.01,0.1204,0.0021,1.0337,276.88,333.63,0.319,12315.1,3115.1,3874.5,97.35,2.7477,129000,20180.0,-127411.8,-19287.5,-3751.6,-749.6,3853.8,3589.8,336.2,0.0,0.0,142.9,-6498.4,0,0
36.9167,1909.588,-1148.415,1509.588,1745.87,20.322,-104.535,106.492,0.015,-0.527,81,79.0,2.0,0.1201,0.0021,1.0326,276.81,333.59,0.3192,12314.8,3114.83,3874.2,97.34,2.7477,129000,20180.0,-127411.8,-19241.2,-3740.9,-748.9,3852.0,3589.5,334.6,0.0,0.0,190.0,-6492.2,0,0
37.0167,1911.62,-1158.871,1511.62,1756.326,20.324,-104.588,106.544,0.019,-0.527,81,79.0,2.0,0.1199,0.002,1.0316,276.75,333.54,0.3194,12314.6,3114.55,3873.8,97.33,2.7477,129000,20180.0,-127411.8,-19196.8,-3730.7,-748.3,3850.3,3589.3,333.1,0.0,0.0,235.0,-6486.4,0,0
37.1167,1913.653,-1169.333,1513.653,1766.788,20.326,-104.64,106.596,0.023,-0.526,81,79.01,1.99,0.1196,0.002,1.0305,276.68,333.5,0.3196,12314.3,3114.28,3873.5,97.32,2.7477,129000,20180.0,-127411.8,-19154.3,-3720.9,-747.7,3848.7,3589.0,331.6,0.0,0.0,278.1,-6480.9,0,0
37.2167,1915.686,-1179.8,1515.686,1777.255,20.329,-104.693,106.648,0.026,-0.526,81,79.01,1.99,0.1194,0.002,1.0294,276.61,333.46,0.3198,12314.0,3114.0,3873.1,97.31,2.7477,129000,20180.0,-127411.8,-19113.6,-3711.6,-747.1,3847.2,3588.8,330.2,0.0,0.0,319.4,-6475.9,0,0
37.3167,1917.719,-1190.273,1517.719,1787.728,20.331,-104.745,106.7,0.029,-0.526,81,79.01,1.99,0.1191,0.002,1.0283,276.54,333.42,0.32,12313.7,3113.73,3872.8,97.3,2.7477,129000,20180.0,-127411.8,-19074.6,-3702.7,-746.5,3845.7,3588.5,328.9,0.0,0.0,358.9,-6471.1,0,0
37.4167,1919.752,-1200.75,1519.752,1798.205,20.335,-104.798,106.753,0.032,-0.525,81,79.02,1.98,0.1189,0.002,1.0272,276.47,333.38,0.3202,12313.5,3113.45,3872.5,97.3,2.7477,129000,20180.0,-127411.8,-19037.3,-3694.1,-746.0,3844.2,3588.3,327.6,0.0,0.0,396.8,-6466.7,0,0
37.5167,1921.786,-1211.233,1521.786,1808.688,20.338,-104.85,106.805,0.035,-0.525,81,79.02,1.98,0.1187,0.002,1.0262,276.4,333.34,0.3204,12313.2,3113.18,3872.1,97.29,2.7477,129000,20180.0,-127411.8,-19001.6,-3686.0,-745.4,3842.8,3588.0,326.4,0.0,0.0,433.0,-6462.7,0,0
37.6167,1923.82,-1221.721,1523.82,1819.176,20.342,-104.903,106.857,0.038,-0.525,81,79.03,1.97,0.1185,0.002,1.0251,276.34,333.3,0.3206,12312.9,3112.9,3871.8,97.28,2.7477,129000,20180.0,-127411.8,-18967.3,-3678.1,-744.9,3841.5,3587.8,325.3,0.0,0.0,467.8,-6458.9,0,0
37.7167,1925.854,-1232.214,1525.854,1829.669,20.346,-104.955,106.909,0.041,-0.524,81,79.03,1.97,0.1183,0.002,1.024,276.27,333.26,0.3208,12312.6,3112.63,3871.4,97.27,2.7477,129000,20180.0,-127411.8,-18934.5,-3670.6,-744.5,3840.2,3587.5,324.2,0.0,0.0,501.1,-6455.4,0,0
37.8167,1927.889,-1242.713,1527.889,1840.168,20.35,-105.008,106.961,0.043,-0.524,81,79.03,1.97,0.1181,0.002,1.0229,276.2,333.22,0.321,12312.4,3112.35,3871.1,97.26,2.7477,129000,20180.0,-127411.8,-18903.1,-3663.5,-744.0,3838.9,3587.2,323.1,0.0,0.0,533.0,-6452.2,0,0
37.9167,1929.927,-1253.216,1529.927,1850.671,20.45,-105.043,107.015,2.908,0.007,78,79.01,-1.01,-0.0605,0.0005,1.0219,276.13,333.18,0.3212,12312.1,3112.08,3870.7,97.25,2.7477,129000,26820.6,-126181.0,9687.8,1881.6,-700.1,3604.6,3587.0,84.9,0.0,0.0,35808.3,86.6,0,0
38.0167,1932.003,-1263.717,1532.003,1861.172,21.062,-104.961,107.053,8.363,1.476,72,78.73,-6.73,-0.4037,0.0232,1.0208,276.06,333.13,0.3214,12311.8,3111.8,3870.4,97.24,2.7477,129000,39863.2,-122686.3,64545.5,12863.4,-1438.9,7220.3,3586.2,3776.0,0.0,0.0,102969.7,18176.1,0,0
38.1167,1934.171,-1274.2,1534.171,1871.655,22.198,-104.701,107.028,13.435,3.48,66,78.15,-12.15,-0.7292,0.0756,1.0197,276.0,333.09,0.3213,12311.5,3111.53,3870.1,97.24,2.7477,129000,52469.0,-117847.4,116191.0,24371.6,-3260.8,15545.6,3581.7,12302.2,0.0,0.0,165399.3,42845.9,0,0
38.2167,1936.468,-1284.65,1536.468,1882.105,23.506,-104.36,106.975,12.836,3.351,66,77.43,-11.43,-0.6855,0.0668,1.0186,275.93,333.05,0.3212,12311.3,3111.26,3869.7,97.23,2.7477,129000,52469.0,-117847.4,108696.8,24246.7,-3140.1,14076.8,3574.2,10848.6,0.0,0.0,158025.8,41249.6,0,0
38.3167,1938.892,-1295.067,1538.892,1892.522,24.756,-104.033,106.938,12.27,3.221,66,76.73,-10.73,-0.6437,0.0589,1.0176,275.86,333.01,0.3211,12311.0,3110.98,3869.4,97.22,2.7477,129000,52469.0,-117847.4,101597.6,23964.5,-3011.1,12765.3,3567.8,9547.9,0.0,0.0,151055.5,39653.2,0,0
38.4167,1941.44,-1305.45,1541.44,1902.905,26.041,-103.677,106.897,14.393,4.346,63,76.03,-13.03,-0.7821,0.0869,1.0165,275.79,332.97,0.321,12310.7,3110.71,3869.0,97.21,2.7477,129000,58564.8,-114939.8,122878.5,30557.9,-4255.7,17112.8,3561.8,14072.2,0.0,0.0,177187.6,53498.9,0,0
38.5167,1944.14,-1315.786,1544.14,1913.241,27.743,-103.086,106.754,18.838,7.087,57,75.12,-18.12,-1.087,0.1679,1.0155,275.73,332.93,0.3207,12310.4,3110.43,3868.7,97.2,2.7477,129000,70258.4,-108188.5,169514.8,45052.9,-7870.8,29614.5,3550.0,27092.6,0.0,0.0,231902.4,87244.2,0,0
38.6167,1947.035,-1326.045,1547.035,1923.5,29.861,-102.195,106.468,22.776,10.273,51,73.93,-22.93,-1.376,0.2691,1.0144,275.66,332.89,0.3198,12310.2,3110.16,3868.4,97.19,2.7477,129000,81182.3,-100251.8,212111.3,61087.9,-12921.6,44866.6,3529.1,43161.2,0.0,0.0,280372.1,126465.3,0,0
38.7167,1950.158,-1336.199,1550.158,1933.654,32.212,-101.074,106.083,23.113,11.147,49,72.55,-23.55,-1.4131,0.2838,1.0134,275.59,332.85,0.3187,12309.9,3109.88,3868.0,97.18,2.7477,129000,84631.6,-97357.5,214477.5,67412.1,-14586.2,46407.3,3500.2,45145.4,0.0,0.0,284522.9,137221.7,0,0
38.8167,1953.511,-1346.243,1553.511,1943.698,34.453,-99.983,105.753,21.923,10.738,49,71.21,-22.21,-1.3323,0.2522,1.0124,275.53,332.81,0.3178,12309.6,3109.61,3867.7,97.18,2.7477,129000,84631.6,-97357.5,199182.5,67786.9,-13953.1,40999.3,3474.3,39834.3,0.0,0.0,269861.0,132185.9,0,0
38.9167,1957.082,-1356.179,1557.082,1953.634,36.581,-98.933,105.479,20.826,10.338,49,69.92,-20.92,-1.255,0.2238,1.0113,275.46,332.77,0.317,12309.3,3109.33,3867.3,97.17,2.7477,129000,84631.6,-97357.5,184967.3,67625.5,-13246.0,36230.0,3452.3,35123.2,0.0,0.0,256352.9,127252.5,0,0
39.0167,1960.858,-1366.013,1560.858,1963.468,38.603,-97.922,105.256,19.812,9.946,49,68.68,-19.68,-1.1811,0.1982,1.0103,275.4,332.73,0.3163,12309.1,3109.06,3867.0,97.16,2.7477,129000,84631.6,-97357.5,171733.3,67009.5,-12494.6,32021.5,3433.8,30939.0,0.0,0.0,243870.3,122425.2,0,0
39.1167,1964.834,-1375.747,1564.834,1973.202,40.603,-96.885,105.049,21.057,11.509,46,67.48,-21.48,-1.2888,0.236,1.0094,275.33,332.69,0.3158,12308.8,3108.78,3866.6,97.15,2.7477,129000,89610.9,-92794.8,184928.2,76678.3,-15351.5,37023.8,3417.5,36662.8,0.0,0.0,259187.6,141656.3,0,0
39.2167,1969.025,-1385.359,1569.025,1982.814,42.867,-95.541,104.717,23.074,14.183,40,66.08,-26.08,-1.4568,0.3016,1.0084,275.27,332.66,0.3148,12308.5,3108.51,3866.3,97.14,2.7477,129000,98819.7,-82919.6,205427.6,91118.9,-20239.0,45628.9,3393.8,46522.4,0.0,0.0,284008.2,174574.7,0,1
39.3167,1973.444,-1394.831,1573.444,1992.286,45.137,-94.118,104.382,22.712,14.545,38,64.62,-26.62,-1.4351,0.2926,1.0074,275.21,332.62,0.3138,12308.2,3108.23,3866.0,97.13,2.7477,129000,101653.4,-79420.3,198533.0,94170.0,-20647.3,43529.4,3368.6,44809.4,0.0,0.0,279539.1,179022.9,0,1
39.4167,1978.09,-1404.155,1578.09,2001.61,47.415,-92.612,104.044,22.829,15.434,38,63.14,-25.14,-1.4944,0.3174,1.0065,275.15,332.58,0.3128,12308.0,3107.96,3865.6,97.12,2.7477,129000,101653.4,-79420.3,202630.7,102623.9,-23304.0,46013.7,3343.8,48234.6,0.0,0.0,280980.1,189958.3,0,1
39.5167,1982.963,-1413.327,1582.963,2010.782,49.641,-91.091,103.739,21.782,14.947,38,61.65,-23.65,-1.4192,0.2862,1.0055,275.09,332.55,0.312,12307.7,3107.68,3865.3,97.12,2.7477,129000,101653.4,-79420.3,188516.3,101704.0,-22087.4,40940.7,3320.5,43198.2,0.0,0.0,268082.3,183962.7,0,0
39.6167,1988.051,-1422.351,1588.051,2019.806,51.756,-89.632,103.502,20.712,14.34,38,60.23,-22.23,-1.3337,0.2528,1.0046,275.03,332.51,0.3113,12307.4,3107.41,3864.9,97.11,2.7477,129000,101653.4,-79420.3,173734.6,99384.7,-20475.0,35792.4,3301.6,37933.3,0.0,0.0,254913.0,176492.4,0,0
39.7167,1993.345,-1431.232,1593.345,2028.687,53.769,-88.232,103.325,19.731,13.757,38,58.86,-20.86,-1.2518,0.2227,1.0037,274.97,332.48,0.3108,12307.1,3107.13,3864.6,97.1,2.7477,129000,101653.4,-79420.3,160077.3,96704.0,-18901.8,31288.7,3286.8,33268.1,0.0,0.0,242828.9,169305.3,0,0
39.8167,1998.834,-1439.976,1598.834,2037.431,55.689,-86.89,103.204,18.827,13.194,38,57.56,-19.56,-1.1734,0.1956,1.0028,274.92,332.44,0.3104,12306.9,3106.86,3864.3,97.09,2.7477,129000,101653.4,-79420.3,147436.5,93724.8,-17384.8,27347.6,3275.6,29129.9,0.0,0.0,231705.1,162382.3,0,0
39.9167,2004.511,-1448.59,1604.511,2046.045,57.523,-85.602,103.134,17.993,12.652,38,56.3,-18.3,-1.0982,0.1714,1.002,274.86,332.41,0.3103,12306.6,3106.58,3863.9,97.08,2.7477,129000,101653.4,-79420.3,135717.2,90500.4,-15936.3,23898.5,3267.8,25456.8,0.0,0.0,221434.3,155706.2,0,0
40.0167,2010.366,-1457.077,1610.366,2054.532,59.276,-84.367,103.109,17.221,12.129,38,55.1,-17.1,-1.0262,0.1496,1.0011,274.8,332.37,0.3102,12306.3,3106.31,3863.6,97.07,2.7477,129000,101653.4,-79420.3,124835.8,87076.0,-14564.7,20880.5,3263.0,22195.3,0.0,0.0,211924.6,149261.1,0,0
40.1167,2016.392,-1465.445,1616.392,2062.9,60.956,-83.184,103.127,16.504,11.623,38,53.95,-15.95,-0.9572,0.1302,1.0003,274.75,332.34,0.3103,12306.0,3106.03,3863.2,97.06,2.7477,129000,101653.4,-79420.3,114718.2,83490.0,-13275.4,18240.8,3261.0,19299.2,0.0,0.0,203096.2,143032.7,0,0
40.2167,2022.582,-1473.697,1622.582,2071.152,62.567,-82.051,103.184,15.837,11.134,38,52.85,-14.85,-0.8911,0.1128,0.9994,274.7,332.31,0.3105,12305.8,3105.76,3862.9,97.05,2.7477,129000,101653.4,-79420.3,105298.3,79775.5,-12071.5,15933.5,3261.4,16728.5,0.0,0.0,194880.2,137008.2,0,0
40.3167,2028.93,-1481.838,1628.93,2079.293,64.114,-80.965,103.276,15.214,10.66,38,51.8,-13.8,-0.8278,0.0974,0.9986,274.64,332.28,0.3108,12305.5,3105.48,3862.5,97.05,2.7477,129000,101653.4,-79420.3,96517.4,75960.8,-10954.2,13918.7,3264.2,14448.0,0.0,0.0,187216.5,131176.0,0,0
40.4167,2035.429,-1489.874,1635.429,2087.329,65.601,-79.926,103.401,14.632,10.201,38,50.79,-12.79,-0.7672,0.0836,0.9978,274.59,332.24,0.3112,12305.2,3105.21,3862.2,97.04,2.7477,129000,101653.4,-79420.3,88322.7,72070.5,-9923.5,12161.3,3269.1,12427.2,0.0,0.0,180052.6,125525.6,0,0
40.5167,2042.073,-1497.808,1642.073,2095.263,67.033,-78.932,103.555,14.087,9.756,38,49.82,-11.82,-0.7091,0.0714,0.997,274.54,332.21,0.3117,12304.9,3104.94,3861.9,97.03,2.7477,129000,101653.4,-79420.3,80667.0,68125.8,-8978.1,10630.9,3275.9,10638.9,0.0,0.0,173342.3,120047.8,0,0
40.6167,2048.857,-1505.645,1648.857,2103.1,68.411,-77.982,103.736,13.576,9.324,38,48.89,-10.89,-0.6535,0.0607,0.9962,274.49,332.18,0.3123,12304.7,3104.66,3861.5,97.02,2.7477,129000,101653.4,-79420.3,73507.6,64145.2,-8116.0,9300.6,3284.6,9059.2,0.0,0.0,167045.0,114734.1,0,0
40.7167,2055.776,-1513.39,1655.776,2110.845,69.74,-77.074,103.943,13.095,8.906,38,48.0,-10.0,-0.6002,0.0512,0.9954,274.44,332.15,0.3129,12304.4,3104.39,3861.2,97.01,2.7477,129000,101653.4,-79420.3,66806.0,60144.7,-7334.4,8146.7,3294.8,7667.0,0.0,0.0,161124.9,109577.1,0,0
40.8167,2062.825,-1521.047,1662.825,2118.502,71.023,-76.207,104.172,12.642,8.499,38,47.15,-9.15,-0.5493,0.0429,0.9947,274.39,332.12,0.3137,12304.1,3104.11,3860.8,97.0,2.7477,129000,101653.4,-79420.3,60527.2,56138.5,-6630.2,7148.6,3306.6,6443.4,0.0,0.0,155550.4,104570.1,0,0
40.9167,2070.0,-1528.619,1670.0,2126.074,72.262,-75.38,104.422,12.215,8.104,38,46.34,-8.34,-0.5005,0.0356,0.9939,274.34,332.09,0.3144,12303.8,3103.84,3860.5,96.99,2.7477,129000,101653.4,-79420.3,54639.7,52138.8,-6000.1,6287.9,3319.7,5371.5,0.0,0.0,150293.0,99707.0,0,0
41.0167,2077.296,-1536.11,1677.296,2133.565,73.46,-74.592,104.692,11.812,7.72,38,45.56,-7.56,-0.4539,0.0293,0.9932,274.29,332.06,0.3153,12303.6,3103.56,3860.2,96.99,2.7477,129000,101653.4,-79420.3,49114.5,48156.5,-5440.1,5548.4,3334.2,4436.2,0.0,0.0,145327.8,94982.4,0,0
41.1167,2084.71,-1543.526,1684.71,2140.981,74.619,-73.842,104.979,11.43,7.347,38,44.82,-6.82,-0.4093,0.0238,0.9924,274.24,332.03,0.3162,12303.3,3103.29,3859.8,96.98,2.7477,129000,101653.4,-79420.3,43925.4,44200.9,-4946.6,4915.8,3349.8,3624.0,0.0,0.0,140632.2,90391.6,0,0
41.2167,2092.238,-1550.868,1692.238,2148.323,75.741,-73.129,105.283,11.069,6.984,38,44.11,-6.11,-0.3666,0.0191,0.9917,274.19,332.0,0.3171,12303.0,3103.01,3859.5,96.97,2.7477,129000,101653.4,-79420.3,39048.2,40280.4,-4515.7,4377.5,3366.6,2922.6,0.0,0.0,136186.0,85930.2,0,0
41.3167,2099.876,-1558.141,1699.876,2155.596,76.828,-72.451,105.601,10.727,6.632,38,43.43,-5.43,-0.3258,0.0151,0.9909,274.15,331.98,0.3181,12302.7,3102.74,3859.1,96.96,2.7477,129000,101653.4,-79420.3,34461.0,36402.2,-4143.3,3922.3,3384.3,2321.1,0.0,0.0,131971.1,81594.1,0,0
41.4167,2107.62,-1565.348,1707.62,2162.803,77.881,-71.808,105.933,10.402,6.29,38,42.78,-4.78,-0.2869,0.0117,0.9902,274.1,331.95,0.3191,12302.5,3102.46,3858.8,96.95,2.7477,129000,101653.4,-79420.3,30143.4,32572.6,-3825.7,3540.3,3403.0,1809.4,0.0,0.0,127971.2,77379.8,0,0
41.5167,2115.468,-1572.493,1715.468,2169.948,78.903,-71.198,106.278,10.093,5.957,38,42.16,-4.16,-0.2497,0.0089,0.9895,274.05,331.92,0.3202,12302.2,3102.19,3858.4,96.94,2.7477,129000,101653.4,-79420.3,26076.9,28797.2,-3558.9,3222.7,3422.6,1378.6,0.0,0.0,124171.4,73284.1,0,0
41.6167,2123.417,-1579.579,1723.417,2177.034,79.895,-70.621,106.633,9.8,5.634,38,41.57,-3.57,-0.2142,0.0065,0.9888,274.01,331.89,0.3213,12301.9,3101.91,3858.1,96.93,2.7477,129000,101653.4,-79420.3,22244.5,25080.8,-3339.3,2961.7,3443.0,1020.5,0.0,0.0,120558.5,69303.9,0,0
41.7167,2131.463,-1586.609,1731.463,2184.064,80.859,-70.076,107.0,9.521,5.319,38,41.01,-3.01,-0.1803,0.0046,0.9881,273.96,331.86,0.3224,12301.6,3101.64,3857.8,96.93,2.7477,129000,101653.4,-79420.3,18630.2,21427.5,-3163.3,2750.3,3464.1,727.6,0.0,0.0,117120.3,65436.5,0,0
41.8167,2139.603,-1593.587,1739.603,2191.042,81.795,-69.562,107.375,9.255,5.014,38,40.47,-2.47,-0.148,0.0031,0.9874,273.92,331.84,0.3236,12301.4,3101.36,3857.4,96.92,2.7477,129000,101653.4,-79420.3,15219.5,17840.8,-3027.3,2582.5,3485.9,493.2,0.0,0.0,113845.6,61679.3,0,0
41.9167,2147.836,-1600.514,1747.836,2197.969,82.706,-69.078,107.76,9.001,4.717,38,39.95,-1.95,-0.1172,0.002,0.9867,273.87,331.81,0.3248,12301.1,3101.09,3857.1,96.91,2.7477,129000,101653.4,-79420.3,11999.0,14323.8,-2928.0,2452.7,3508.4,311.1,0.0,0.0,110724.5,58029.9,0,0
42.0167,2156.159,-1607.395,1756.159,2204.85,83.592,-68.624,108.152,8.759,4.429,38,39.46,-1.46,-0.0878,0.0011,0.986,273.83,331.78,0.326,12300.8,3100.81,3856.7,96.9,2.7477,129000,101653.4,-79420.3,8956.3,10879.1,-2862.1,2356.3,3531.5,175.8,0.0,0.0,107747.5,54486.0,0,0
42.1167,2164.568,-1614.233,1764.568,2211.688,84.454,-68.197,108.551,8.529,4.15,38,39.0,-1.0,-0.0598,0.0005,0.9853,273.78,331.75,0.3272,12300.5,3100.54,3856.4,96.89,2.7477,129000,101653.4,-79420.3,6079.7,7508.8,-2826.8,2288.8,3555.1,82.1,0.0,0.0,104906.4,51045.5,0,0
42.2167,2173.063,-1621.029,1773.063,2218.484,85.294,-67.798,108.957,8.308,3.878,38,38.55,-0.55,-0.0331,0.0002,0.9847,273.74,331.73,0.3285,12300.3,3100.26,3856.1,96.88,2.7477,129000,101653.4,-79420.3,3358.7,4214.6,-2818.9,2246.5,3579.2,25.4,0.0,0.0,102193.2,47706.3,0,0
42.3167,2181.64,-1627.787,1781.64,2225.242,86.113,-67.425,109.369,8.098,3.615,38,38.13,-0.13,-0.0077,0.0,0.984,273.69,331.7,0.3297,12300.0,3099.99,3855.7,96.87,2.7477,129000,101653.4,-79420.3,783.3,997.9,-2835.9,2226.0,3603.8,1.4,0.0,0.0,99600.7,44466.5,0,0
42.4167,2190.298,-1634.509,1790.298,2231.964,86.911,-67.079,109.786,7.896,3.36,38,37.73,0.27,0.0164,0.0,0.9833,273.65,331.67,0.331,12299.7,3099.71,3855.4,96.87,2.7477,129000,101653.4,-79420.3,-1655.7,-2140.2,-2875.2,2224.3,3628.9,6.3,0.0,0.0,97122.5,41324.0,0,0
42.5167,2199.035,-1641.198,1799.035,2238.653,87.689,-66.757,110.209,7.704,3.112,38,37.34,0.66,0.0394,0.0002,0.9827,273.61,331.65,0.3323,12299.4,3099.44,3855.0,96.86,2.7477,129000,101653.4,-79420.3,-3966.8,-5198.9,-2934.3,2238.9,3654.3,36.6,0.0,0.0,94752.3,38277.1,0,0
42.6167,2207.848,-1647.856,1807.848,2245.311,88.449,-66.46,110.635,7.52,2.872,38,36.98,1.02,0.0612,0.0005,0.982,273.56,331.62,0.3336,12299.2,3099.17,3854.7,96.85,2.7477,129000,101653.4,-79420.3,-6158.0,-8177.9,-3011.0,2267.3,3680.2,89.0,0.0,0.0,92484.4,35323.9,0,0
42.7167,2216.737,-1654.486,1816.737,2251.941,89.19,-66.187,111.066,7.343,2.639,38,36.63,1.37,0.0819,0.001,0.9813,273.52,331.6,0.3349,12298.9,3098.89,3854.3,96.84,2.7477,129000,101653.4,-79420.3,-8236.6,-11076.7,-3103.2,2307.5,3706.3,160.7,0.0,0.0,90313.6,32462.6,0,0
42.8167,2225.698,-1661.09,1825.698,2258.545,89.915,-65.936,111.5,7.174,2.414,38,36.31,1.69,0.1016,0.0015,0.9807,273.48,331.57,0.3363,12298.6,3098.62,3854.0,96.83,2.7477,129000,101653.4,-79420.3,-10209.6,-13895.4,-3208.8,2357.7,3732.9,249.0,0.0,0.0,88235.0,29691.3,0,0
42.9167,2234.731,-1667.67,1834.731,2265.125,90.623,-65.707,111.937,7.013,2.196,38,35.99,2.01,0.1203,0.0021,0.98,273.43,331.54,0.3376,12298.3,3098.34,3853.7,96.82,2.7477,129000,101653.4,-79420.3,-12083.2,-16634.2,-3326.2,2416.2,3759.7,351.5,0.0,0.0,86244.0,27008.3,0,0
43.0167,2243.834,-1674.228,1843.834,2271.683,91.315,-65.5,112.377,6.858,1.985,38,35.7,2.3,0.138,0.0027,0.9794,273.39,331.52,0.339,12298.1,3098.07,3853.3,96.81,2.7477,129000,101653.4,-79420.3,-13863.5,-19293.4,-3453.6,2481.6,3786.8,466.0,0.0,0.0,84336.3,24411.9,0,0
43.1167,2253.005,-1680.767,1853.005,2278.222,91.992,-65.314,112.82,6.709,1.781,38,35.42,2.58,0.1548,0.0034,0.9787,273.35,331.49,0.3403,12297.8,3097.79,3853.0,96.81,2.7477,129000,101653.4,-79420.3,-15556.0,-21873.5,-3589.5,2552.8,3814.1,590.5,0.0,0.0,82507.9,21900.3,0,0
43.2167,2262.243,-1687.289,1862.243,2284.744,92.654,-65.147,113.265,6.567,1.583,38,35.15,2.85,0.1707,0.0041,0.9781,273.31,331.47,0.3417,12297.5,3097.52,3852.6,96.8,2.7477,129000,101653.4,-79420.3,-17165.9,-24375.2,-3732.4,2628.5,3841.7,723.3,0.0,0.0,80755.1,19471.6,0,0
43.3167,2271.546,-1693.795,1871.546,2291.25,93.303,-65.0,113.712,6.43,1.393,38,34.9,3.1,0.1858,0.0049,0.9774,273.26,331.44,0.3431,12297.2,3097.24,3852.3,96.79,2.7477,129000,101653.4,-79420.3,-18697.9,-26799.2,-3881.0,2707.8,3869.6,862.7,0.0,0.0,79074.5,17124.2,0,0
43.4167,2280.914,-1700.287,1880.914,2297.742,93.938,-64.871,114.161,6.299,1.208,38,34.67,3.33,0.2,0.0057,0.9768,273.22,331.41,0.3445,12297.0,3096.97,3851.9,96.78,2.7477,129000,101653.4,-79420.3,-20156.7,-29146.6,-4034.2,2789.9,3897.6,1007.3,0.0,0.0,77462.5,14856.2,0,0
43.5167,2290.344,-1706.768,1890.344,2304.223,94.561,-64.761,114.611,6.174,1.03,38,34.44,3.56,0.2135,0.0065,0.9762,273.18,331.39,0.3459,12296.7,3096.69,3851.6,96.77,2.7477,129000,101653.4,-79420.3,-21546.3,-31418.3,-4190.8,2874.0,3925.9,1155.7,0.0,0.0,75916.3,12666.0,0,0
43.6167,2299.836,-1713.238,1899.836,2310.693,95.171,-64.668,115.063,6.053,0.858,38,34.23,3.77,0.2262,0.0073,0.9755,273.14,331.36,0.3472,12296.4,3096.42,3851.3,96.76,2.7477,129000,101653.4,-79420.3,-22870.7,-33615.4,-4349.9,2959.5,3954.3,1306.9,0.0,0.0,74432.8,10551.7,0,0
43.7167,2309.388,-1719.7,1909.388,2317.155,95.77,-64.592,115.516,5.938,0.692,38,34.03,3.97,0.2382,0.0081,0.9749,273.1,331.34,0.3486,12296.1,3096.14,3850.9,96.75,2.7477,129000,101653.4,-79420.3,-24133.5,-35739.1,-4510.5,3045.8,3982.9,1459.7,0.0,0.0,73009.3,8511.6,0,0
43.8167,2318.999,-1726.156,1918.999,2323.611,96.357,-64.532,115.97,5.827,0.532,38,33.84,4.16,0.2495,0.0088,0.9742,273.05,331.31,0.35,12295.9,3095.87,3850.6,96.75,2.7477,129000,101653.4,-79420.3,-25338.2,-37790.7,-4672.0,3132.5,4011.6,1613.3,0.0,0.0,71643.2,6543.9,0,0
43.9167,2328.668,-1732.607,1928.668,2330.062,96.933,-64.488,116.425,5.72,0.378,38,33.66,4.34,0.2602,0.0096,0.9736,273.01,331.29,0.3514,12295.6,3095.59,3850.2,96.74,2.7477,129000,101653.4,-79420.3,-26488.0,-39771.6,-4833.4,3219.1,4040.5,1766.7,0.0,0.0,70332.0,4646.9,0,0
44.0167,2338.395,-1739.053,1938.395,2336.508,97.499,-64.459,116.881,5.618,0.229,38,33.5,4.5,0.2702,0.0104,0.973,272.97,331.26,0.3528,12295.3,3095.32,3849.9,96.73,2.7477,129000,101653.4,-79420.3,-27585.7,-41683.2,-4994.3,3305.2,4069.6,1919.3,0.0,0.0,69073.4,2818.8,0,0
44.1167,2348.177,-1745.498,1948.177,2342.953,98.055,-64.444,117.337,5.52,0.086,38,33.34,4.66,0.2797,0.0111,0.9723,272.93,331.24,0.3542,12295.0,3095.04,3849.6,96.72,2.7477,129000,101653.4,-79420.3,-28634.3,-43526.8,-5153.9,3390.6,4098.8,2070.4,0.0,0.0,67865.1,1057.8,0,0
44.2167,2358.015,-1751.943,1958.015,2349.398,98.602,-64.444,117.794,5.425,-0.052,38,33.19,4.81,0.2885,0.0118,0.9717,272.89,331.21,0.3556,12294.8,3094.77,3849.2,96.71,2.7477,129000,101653.4,-79420.3,-29636.4,-45303.9,-5311.9,3474.9,4128.0,2219.5,0.0,0.0,66705.1,-637.7,0,0
44.3167,2367.906,-1758.388,1967.906,2355.843,99.139,-64.457,118.251,5.335,-0.185,38,33.05,4.95,0.2968,0.0125,0.9711,272.84,331.19,0.3571,12294.5,3094.49,3848.9,96.7,2.7477,129000,101653.4,-79420.3,-30594.3,-47016.2,-5467.8,3558.0,4157.4,2366.1,0.0,0.0,65591.3,-2269.5,0,0
44.4167,2377.851,-1764.835,1977.851,2362.29,99.668,-64.483,118.708,5.248,-0.312,38,32.92,5.08,0.3046,0.0132,0.9704,272.8,331.16,0.3585,12294.2,3094.22,3848.5,96.69,2.7477,129000,101653.4,-79420.3,-31510.4,-48665.0,-5621.2,3639.7,4187.0,2509.7,0.0,0.0,64521.8,-3839.4,0,0
44.5167,2387.848,-1771.285,1987.848,2368.74,100.187,-64.521,119.166,5.165,-0.435,38,32.8,5.2,0.3119,0.0138,0.9698,272.76,331.13,0.3599,12293.9,3093.94,3848.2,96.69,2.7477,129000,101653.4,-79420.3,-32386.8,-50252.0,-5771.7,3719.8,4216.6,2650.0,0.0,0.0,63494.9,-5349.0,0,0
44.6167,2397.897,-1777.74,1997.897,2375.195,100.699,-64.572,119.624,5.085,-0.553,38,32.69,5.31,0.3187,0.0144,0.9692,272.72,331.11,0.3613,12293.7,3093.67,3847.8,96.68,2.7477,129000,101653.4,-79420.3,-33225.5,-51778.8,-5919.1,3798.2,4246.3,2786.6,0.0,0.0,62508.8,-6800.0,0,0
44.7167,2407.996,-1784.201,2007.996,2381.656,101.203,-64.634,120.082,5.008,-0.667,38,32.58,5.42,0.3251,0.015,0.9685,272.68,331.08,0.3627,12293.4,3093.39,3847.5,96.67,2.7477,129000,101653.4,-79420.3,-34028.4,-53246.8,-6063.1,3874.7,4276.0,2919.4,0.0,0.0,61561.9,-8194.2,0,0
44.8167,2418.146,-1790.668,2018.146,2388.123,101.7,-64.707,120.54,4.934,-0.775,38,32.48,5.52,0.3311,0.0156,0.9679,272.63,331.06,0.3641,12293.1,3093.12,3847.2,96.66,2.7477,129000,101653.4,-79420.3,-34797.3,-54657.7,-6203.6,3949.4,4305.9,3048.1,0.0,0.0,60652.5,-9533.1,0,0
44.9167,2428.344,-1797.144,2028.344,2394.599,102.189,-64.79,120.997,4.863,-0.88,38,32.39,5.61,0.3366,0.0161,0.9673,272.59,331.03,0.3655,12292.8,3092.85,3846.8,96.65,2.7477,129000,101653.4,-79420.3,-35533.9,-56013.0,-6340.3,4022.2,4335.9,3172.6,0.0,0.0,59779.3,-10818.4,0,0
45.0167,2438.591,-1803.628,2038.591,2401.083,102.671,-64.884,121.455,4.795,-0.98,38,32.3,5.7,0.3417,0.0166,0.9666,272.55,331.01,0.3669,12292.6,3092.57,3846.5,96.64,2.7477,129000,101653.4,-79420.3,-36239.6,-57314.4,-6473.1,4092.9,4365.9,3292.7,0.0,0.0,58940.6,-12051.7,0,0
45.1167,2448.886,-1810.123,2048.886,2407.578,103.147,-64.988,121.913,4.729,-1.077,38,32.23,5.77,0.3465,0.0171,0.966,272.51,330.98,0.3683,12292.3,3092.3,3846.1,96.63,2.7477,129000,101653.4,-79420.3,-36916.1,-58563.4,-6602.0,4161.6,4396.0,3408.2,0.0,0.0,58135.3,-13234.7,0,0
45.2167,2459.228,-1816.628,2059.228,2414.083,103.616,-65.101,122.37,4.667,-1.169,38,32.15,5.85,0.3509,0.0175,0.9653,272.47,330.96,0.3697,12292.0,3092.02,3845.8,96.63,2.7477,129000,101653.4,-79420.3,-37564.6,-59761.6,-6726.8,4228.3,4426.1,3519.3,0.0,0.0,57361.9,-14368.8,0,0
45.3167,2469.617,-1823.145,2069.617,2420.6,104.079,-65.223,122.827,4.606,-1.257,38,32.08,5.92,0.3549,0.0179,0.9647,272.42,330.93,0.3712,12291.7,3091.75,3845.5,96.62,2.7477,129000,101653.4,-79420.3,-38186.5,-60910.4,-6847.6,4293.0,4456.3,3625.7,0.0,0.0,56619.3,-15455.7,0,0
45.4167,2480.052,-1829.675,2080.052,2427.13,104.536,-65.354,123.284,4.548,-1.342,38,32.02,5.98,0.3586,0.0183,0.9641,272.38,330.9,0.3726,12291.5,3091.47,3845.1,96.61,2.7477,129000,101653.4,-79420.3,-38783.0,-62011.5,-6964.3,4355.6,4486.6,3727.6,0.0,0.0,55906.1,-16496.9,0,0
45.5167,2490.532,-1836.219,2090.532,2433.674,104.988,-65.493,123.741,4.493,-1.423,38,31.97,6.03,0.3621,0.0186,0.9634,272.34,330.88,0.374,12291.2,3091.2,3844.8,96.6,2.7477,129000,101653.4,-79420.3,-39355.3,-63066.2,-7076.8,4416.2,4516.9,3824.8,0.0,0.0,55221.2,-17493.7,0,0
45.6167,2501.057,-1842.776,2101.057,2440.231,105.434,-65.64,124.197,4.439,-1.501,38,31.91,6.09,0.3652,0.019,0.9628,272.3,330.85,0.3754,12290.9,3090.92,3844.4,96.59,2.7477,129000,101653.4,-79420.3,-39904.5,-64076.2,-7185.3,4474.8,4547.3,3917.5,0.0,0.0,54563.6,-18447.8,0,0
45.7167,2511.626,-1849.349,2111.626,2446.804,105.875,-65.794,124.653,4.388,-1.575,38,31.87,6.13,0.3681,0.0193,0.9621,272.25,330.83,0.3768,12290.6,3090.65,3844.1,96.58,2.7477,129000,101653.4,-79420.3,-40431.5,-65042.8,-7289.7,4531.4,4577.7,4005.6,0.0,0.0,53932.2,-19360.5,0,0
45.8167,2522.239,-1855.938,2122.239,2453.393,106.311,-65.956,125.109,4.339,-1.646,38,31.82,6.18,0.3707,0.0195,0.9615,272.21,330.8,0.3782,12290.4,3090.37,3843.7,96.57,2.7477,129000,101653.4,-79420.3,-40937.4,-65967.6,-7390.0,4586.0,4608.2,4089.2,0.0,0.0,53325.9,-20233.3,0,0
45.9167,2532.895,-1862.543,2132.895,2459.998,106.742,-66.124,125.564,4.292,-1.714,38,31.78,6.22,0.373,0.0198,0.9609,272.17,330.77,0.3796,12290.1,3090.1,3843.4,96.57,2.7477,129000,101653.4,-79420.3,-41423.1,-66851.8,-7486.4,4638.8,4638.7,4168.4,0.0,0.0,52743.8,-21067.5,0,0
46.0167,2543.594,-1869.166,2143.594,2466.621,107.169,-66.3,126.019,4.246,-1.779,38,31.75,6.25,0.3751,0.02,0.9602,272.12,330.75,0.381,12289.8,3089.82,3843.1,96.56,2.7477,129000,101653.4,-79420.3,-41889.5,-67696.9,-7578.9,4689.7,4669.2,4243.3,0.0,0.0,52184.9,-21864.4,0,0
46.1167,2554.336,-1875.807,2154.336,2473.262,107.591,-66.481,126.473,4.203,-1.841,38,31.72,6.28,0.377,0.0202,0.9596,272.08,330.72,0.3824,12289.5,3089.55,3842.7,96.55,2.7477,129000,101653.4,-79420.3,-42337.5,-68504.3,-7667.6,4738.8,4699.8,4314.0,0.0,0.0,51648.3,-22625.4,0,0
46.2167,2565.119,-1882.466,2165.119,2479.921,108.008,-66.669,126.927,4.161,-1.9,38,31.69,6.31,0.3786,0.0204,0.9589,272.04,330.7,0.3838,12289.3,3089.27,3842.4,96.54,2.7477,129000,101653.4,-79420.3,-42767.7,-69275.3,-7752.5,4786.1,4730.4,4380.4,0.0,0.0,51133.2,-23351.8,0,0
46.3167,2575.944,-1889.144,2175.944,2486.599,108.422,-66.862,127.381,4.121,-1.957,38,31.67,6.33,0.3801,0.0205,0.9583,271.99,330.67,0.3852,12289.0,3089.0,3842.0,96.53,2.7477,129000,101653.4,-79420.3,-43181.0,-70011.1,-7833.7,4831.6,4761.1,4442.8,0.0,0.0,50638.7,-24044.7,0,0
46.4167,2586.81,-1895.841,2186.81,2493.296,108.832,-67.061,127.834,4.082,-2.01,38,31.64,6.36,0.3814,0.0207,0.9576,271.95,330.64,0.3866,12288.7,3088.72,3841.7,96.52,2.7477,129000,101653.4,-79420.3,-43578.0,-70713.0,-7911.4,4875.5,4791.8,4501.3,0.0,0.0,50164.0,-24705.5,0,0
46.5167,2597.717,-1902.559,2197.717,2500.014,109.238,-67.265,128.287,4.045,-2.062,38,31.63,6.37,0.3824,0.0208,0.957,271.91,330.62,0.388,12288.4,3088.45,3841.4,96.51,2.7477,129000,101653.4,-79420.3,-43959.5,-71382.3,-7985.6,4917.8,4822.5,4555.9,0.0,0.0,49708.3,-25335.2,0,0
46.6167,2608.665,-1909.298,2208.665,2506.753,109.64,-67.474,128.739,4.01,-2.111,38,31.61,6.39,0.3833,0.0209,0.9563,271.86,330.59,0.3894,12288.2,3088.17,3841.0,96.51,2.7477,129000,101653.4,-79420.3,-44326.0,-72020.2,-8056.5,4958.5,4853.3,4606.8,0.0,0.0,49270.9,-25935.1,0,0
46.7167,2619.652,-1916.058,2219.652,2513.513,110.039,-67.688,129.191,3.976,-2.157,38,31.6,6.4,0.3841,0.021,0.9556,271.82,330.56,0.3908,12287.9,3087.9,3840.7,96.5,2.7477,129000,101653.4,-79420.3,-44678.3,-72627.8,-8124.0,4997.6,4884.1,4654.1,0.0,0.0,48851.1,-26506.2,0,0
46.8167,2630.679,-1922.839,2230.679,2520.294,110.435,-67.906,129.642,3.943,-2.201,38,31.59,6.41,0.3847,0.021,0.955,271.78,330.54,0.3922,12287.6,3087.62,3840.3,96.49,2.7477,129000,101653.4,-79420.3,-45016.8,-73206.3,-8188.5,5035.3,4914.9,4697.9,0.0,0.0,48448.1,-27049.7,0,0
46.9167,2641.745,-1929.643,2241.745,2527.098,110.828,-68.129,130.093,3.911,-2.243,38,31.58,6.42,0.3851,0.0211,0.9543,271.73,330.51,0.3936,12287.4,3087.35,3840.0,96.48,2.7477,129000,101653.4,-79420.3,-45342.2,-73756.8,-8249.8,5071.6,4945.8,4738.3,0.0,0.0,48061.4,-27566.6,0,0
47.0167,2652.851,-1936.469,2252.851,2533.924,111.217,-68.355,130.544,3.881,-2.284,38,31.58,6.42,0.3854,0.0211,0.9537,271.69,330.48,0.395,12287.1,3087.08,3839.6,96.47,2.7477,129000,101653.4,-79420.3,-45654.9,-74280.4,-8308.2,5106.5,4976.6,4775.4,0.0,0.0,47690.3,-28058.0,0,0
47.1167,2663.995,-1943.318,2263.995,2540.773,111.603,-68.586,130.994,3.852,-2.322,38,31.57,6.43,0.3856,0.0211,0.953,271.64,330.46,0.3964,12286.8,3086.8,3839.3,96.46,2.7477,129000,101653.4,-79420.3,-45955.5,-74778.0,-8363.8,5140.1,5007.5,4809.5,0.0,0.0,47334.1,-28524.8,0,0
47.2167,2675.178,-1950.19,2275.178,2547.645,111.987,-68.82,131.443,3.825,-2.358,38,31.57,6.43,0.3857,0.0211,0.9523,271.6,330.43,0.3978,12286.5,3086.53,3839.0,96.45,2.7477,129000,101653.4,-79420.3,-46244.5,-75250.8,-8416.7,5172.4,5038.5,4840.5,0.0,0.0,46992.2,-28967.9,0,0
47.3167,2686.399,-1957.086,2286.399,2554.541,112.368,-69.058,131.892,3.798,-2.392,38,31.57,6.43,0.3856,0.0211,0.9517,271.55,330.4,0.3992,12286.3,3086.25,3838.6,96.45,2.7477,129000,101653.4,-79420.3,-46522.2,-75699.7,-8466.9,5203.5,5069.4,4868.6,0.0,0.0,46664.2,-29388.4,0,0
47.4167,2697.658,-1964.006,2297.658,2561.461,112.746,-69.299,132.341,3.773,-2.424,38,31.58,6.42,0.3854,0.0211,0.951,271.51,330.37,0.4006,12286.0,3085.98,3838.3,96.44,2.7477,129000,101653.4,-79420.3,-46789.3,-76125.6,-8514.6,5233.4,5100.4,4894.0,0.0,0.0,46349.4,-29787.2,0,0
47.5167,2708.954,-1970.95,2308.954,2568.405,113.122,-69.543,132.789,3.748,-2.455,38,31.58,6.42,0.3851,0.0211,0.9503,271.46,330.35,0.402,12285.7,3085.7,3837.9,96.43,2.7477,129000,101653.4,-79420.3,-47046.1,-76529.6,-8559.9,5262.2,5131.4,4916.7,0.0,0.0,46047.4,-30165.0,0,0
47.6167,2720.288,-1977.919,2320.288,2575.374,113.495,-69.791,133.236,3.725,-2.484,38,31.59,6.41,0.3848,0.021,0.9496,271.42,330.32,0.4034,12285.4,3085.43,3837.6,96.42,2.7477,129000,101653.4,-79420.3,-47292.9,-76912.4,-8602.9,5289.9,5162.4,4936.8,0.0,0.0,45757.5,-30522.8,0,0
47.7167,2731.659,-1984.912,2331.659,2582.367,113.867,-70.041,133.684,3.702,-2.512,38,31.59,6.41,0.3843,0.021,0.949,271.37,330.29,0.4047,12285.2,3085.15,3837.3,96.41,2.7477,129000,101653.4,-79420.3,-47530.2,-77275.0,-8643.7,5316.6,5193.4,4954.5,0.0,0.0,45479.4,-30861.4,0,0
47.8167,2743.068,-1991.931,2343.068,2589.386,114.235,-70.294,134.13,3.68,-2.538,38,31.6,6.4,0.3838,0.0209,0.9483,271.33,330.26,0.4061,12284.9,3084.88,3836.9,96.4,2.7477,129000,101653.4,-79420.3,-47758.4,-77618.2,-8682.4,5342.3,5224.5,4969.9,0.0,0.0,45212.5,-31181.6,0,0
47.9167,2754.513,-1998.976,2354.513,2596.431,114.602,-70.549,134.576,3.66,-2.563,38,31.61,6.39,0.3831,0.0209,0.9476,271.28,330.24,0.4075,12284.6,3084.6,3836.6,96.39,2.7477,129000,101653.4,-79420.3,-47977.8,-77942.8,-8719.1,5367.1,5255.5,4983.0,0.0,0.0,44956.5,-31484.1,0,0
48.0167,2765.994,-2006.045,2365.994,2603.5,114.967,-70.806,135.022,3.64,-2.586,38,31.63,6.37,0.3824,0.0208,0.9469,271.23,330.21,0.4089,12284.3,3084.33,3836.2,96.39,2.7477,129000,101653.4,-79420.3,-48188.8,-78249.5,-8753.9,5390.9,5286.6,4994.1,0.0,0.0,44710.7,-31769.7,0,0
48.1167,2777.512,-2013.141,2377.512,2610.596,115.33,-71.066,135.467,3.621,-2.608,38,31.64,6.36,0.3817,0.0207,0.9462,271.19,330.18,0.4103,12284.1,3084.05,3835.9,96.38,2.7477,129000,101653.4,-79420.3,-48391.6,-78539.2,-8786.8,5414.0,5317.7,5003.1,0.0,0.0,44474.9,-32039.0,0,0
48.2167,2789.066,-2020.263,2389.066,2617.718,115.691,-71.328,135.912,3.602,-2.629,38,31.65,6.35,0.3808,0.0206,0.9456,271.14,330.15,0.4117,12283.8,3083.78,3835.5,96.37,2.7477,129000,101653.4,-79420.3,-48586.7,-78812.6,-8818.0,5436.2,5348.8,5010.2,0.0,0.0,44248.7,-32292.9,0,0
48.3167,2800.656,-2027.411,2400.656,2624.866,116.05,-71.592,136.357,3.585,-2.648,38,31.67,6.33,0.3799,0.0205,0.9449,271.1,330.12,0.413,12283.5,3083.5,3835.2,96.36,2.7477,129000,101653.4,-79420.3,-48774.3,-79070.3,-8847.5,5457.6,5380.0,5015.4,0.0,0.0,44031.5,-32531.9,0,0
48.4167,2812.282,-2034.586,2412.282,2632.041,116.408,-71.858,136.8,3.568,-2.667,38,31.68,6.32,0.3789,0.0204,0.9442,271.05,330.09,0.4144,12283.2,3083.23,3834.9,96.35,2.7477,129000,101653.4,-79420.3,-48954.7,-79313.0,-8875.5,5478.3,5411.1,5019.0,0.0,0.0,43823.2,-32756.6,0,0
48.5167,2823.944,-2041.788,2423.944,2639.243,116.763,-72.126,137.244,3.552,-2.684,38,31.7,6.3,0.3779,0.0203,0.9435,271.0,330.07,0.4158,12283.0,3082.95,3834.5,96.34,2.7477,129000,101653.4,-79420.3,-49128.1,-79541.5,-8902.0,5498.3,5442.3,5020.9,0.0,0.0,43623.2,-32967.8,0,0
48.6167,2835.641,-2049.016,2435.641,2646.471,117.118,-72.395,137.687,3.536,-2.7,38,31.72,6.28,0.3769,0.0202,0.9428,270.96,330.04,0.4172,12282.7,3082.68,3834.2,96.33,2.7477,129000,101653.4,-79420.3,-49295.0,-79756.3,-8927.1,5517.6,5473.4,5021.2,0.0,0.0,43431.3,-33166.0,0,0
48.7167,2847.373,-2056.271,2447.373,2653.726,117.47,-72.666,138.129,3.521,-2.715,38,31.74,6.26,0.3758,0.0201,0.9421,270.91,330.01,0.4186,12282.4,3082.4,3833.8,96.33,2.7477,129000,101653.4,-79420.3,-49455.4,-79958.0,-8950.9,5536.3,5504.6,5020.0,0.0,0.0,43247.1,-33351.7,0,0
48.8167,2859.14,-2063.554,2459.14,2661.009,117.822,-72.939,138.571,3.507,-2.73,38,31.76,6.24,0.3746,0.0199,0.9414,270.86,329.98,0.4199,12282.1,3082.13,3833.5,96.32,2.7477,129000,101653.4,-79420.3,-49609.7,-80147.2,-8973.4,5554.4,5535.8,5017.5,0.0,0.0,43070.3,-33525.5,0,0
48.9167,2870.943,-2070.864,2470.943,2668.319,118.171,-73.212,139.013,3.493,-2.743,38,31.78,6.22,0.3734,0.0198,0.9407,270.81,329.95,0.4213,12281.9,3081.85,3833.2,96.31,2.7477,129000,101653.4,-79420.3,-49758.1,-80324.5,-8994.7,5571.9,5567.0,5013.6,0.0,0.0,42900.6,-33688.0,0,0
49.0167,2882.781,-2078.201,2482.781,2675.656,118.52,-73.487,139.454,3.48,-2.755,38,31.8,6.2,0.3722,0.0197,0.94,270.77,329.92,0.4227,12281.6,3081.58,3832.8,96.3,2.7477,129000,101653.4,-79420.3,-49900.8,-80490.5,-9014.9,5588.8,5598.2,5008.5,0.0,0.0,42737.7,-33839.7,0,0
49.1167,2894.653,-2085.566,2494.653,2683.021,118.867,-73.764,139.895,3.467,-2.767,38,31.82,6.18,0.3709,0.0195,0.9393,270.72,329.89,0.4241,12281.3,3081.31,3832.5,96.29,2.7477,129000,101653.4,-79420.3,-50038.1,-80645.5,-9034.0,5605.3,5629.5,5002.2,0.0,0.0,42581.3,-33980.9,0,0
49.2167,2906.56,-2092.958,2506.56,2690.413,119.213,-74.041,140.335,3.455,-2.778,38,31.84,6.16,0.3696,0.0194,0.9386,270.67,329.86,0.4254,12281.0,3081.03,3832.1,96.28,2.7477,129000,101653.4,-79420.3,-50170.1,-80790.2,-9052.1,5621.3,5660.7,4994.8,0.0,0.0,42431.1,-34112.4,0,0
49.3167,2918.501,-2100.379,2518.501,2697.834,119.558,-74.319,140.775,3.443,-2.788,38,31.86,6.14,0.3683,0.0193,0.9379,270.62,329.83,0.4268,12280.8,3080.76,3831.8,96.27,2.7477,129000,101653.4,-79420.3,-50297.1,-80925.0,-9069.3,5636.8,5692.0,4986.4,0.0,0.0,42286.9,-34234.3,0,0
49.4167,2930.477,-2107.827,2530.477,2705.282,119.902,-74.599,141.214,3.432,-2.797,38,31.88,6.12,0.3669,0.0191,0.9371,270.57,329.8,0.4282,12280.5,3080.48,3831.4,96.27,2.7477,129000,101653.4,-79420.3,-50419.3,-81050.4,-9085.7,5651.9,5723.2,4977.0,0.0,0.0,42148.4,-34347.3,0,0
49.5167,2942.487,-2115.303,2542.487,2712.758,120.244,-74.879,141.653,3.421,-2.805,38,31.91,6.09,0.3655,0.019,0.9364,270.53,329.78,0.4295,12280.2,3080.21,3831.1,96.26,2.7477,129000,101653.4,-79420.3,-50536.9,-81166.8,-9101.2,5666.6,5754.5,4966.6,0.0,0.0,42015.4,-34451.7,0,0
49.6167,2954.532,-2122.807,2554.532,2720.262,120.586,-75.16,142.091,3.411,-2.813,38,31.93,6.07,0.3641,0.0188,0.9357,270.48,329.75,0.4309,12279.9,3079.93,3830.8,96.25,2.7477,129000,101653.4,-79420.3,-50649.9,-81274.7,-9115.9,5681.0,5785.7,4955.5,0.0,0.0,41887.6,-34547.9,0,0
49.7167,2966.61,-2130.34,2566.61,2727.795,120.926,-75.442,142.529,3.401,-2.821,38,31.95,6.05,0.3627,0.0187,0.935,270.43,329.72,0.4323,12279.7,3079.66,3830.4,96.24,2.7477,129000,101653.4,-79420.3,-50758.7,-81374.4,-9129.9,5694.9,5817.0,4943.5,0.0,0.0,41764.7,-34636.3,0,0
49.8167,2978.722,-2137.9,2578.722,2735.355,121.266,-75.724,142.967,3.392,-2.827,38,31.98,6.02,0.3613,0.0185,0.9343,270.38,329.69,0.4336,12279.4,3079.38,3830.1,96.23,2.7477,129000,101653.4,-79420.3,-50863.4,-81466.3,-9143.2,5708.6,5848.3,4930.7,0.0,0.0,41646.7,-34717.3,0,0
49.9167,2990.869,-2145.489,2590.869,2742.944,121.605,-76.007,143.404,3.382,-2.833,38,32.0,6.0,0.3598,0.0184,0.9335,270.33,329.66,0.435,12279.1,3079.11,3829.7,96.22,2.7477,129000,101653.4,-79420.3,-50964.2,-81550.9,-9155.9,5721.9,5879.6,4917.3,0.0,0.0,41533.3,-34791.3,0,0
50.0167,3003.049,-2153.106,2603.049,2750.561,121.942,-76.291,143.841,3.374,-2.839,38,32.03,5.97,0.3584,0.0182,0.9328,270.28,329.63,0.4364,12278.8,3078.83,3829.4,96.21,2.7477,129000,101653.4,-79420.3,-51061.1,-81628.4,-9168.1,5734.9,5910.8,4903.2,0.0,0.0,41424.2,-34858.5,0,0
50.1167,3015.263,-2160.752,2615.263,2758.207,122.279,-76.575,144.277,3.365,-2.844,38,32.05,5.95,0.3569,0.0181,0.9321,270.23,329.6,0.4377,12278.6,3078.56,3829.1,96.2,2.7477,129000,101653.4,-79420.3,-51154.4,-81699.2,-9179.6,5747.7,5942.1,4888.4,0.0,0.0,41319.3,-34919.3,0,0
50.2167,3027.51,-2168.426,2627.51,2765.881,122.615,-76.86,144.713,3.357,-2.848,38,32.08,5.92,0.3554,0.0179,0.9314,270.18,329.56,0.4391,12278.3,3078.28,3828.7,96.2,2.7477,129000,101653.4,-79420.3,-51244.3,-81763.7,-9190.7,5760.1,5973.4,4873.2,0.0,0.0,41218.4,-34974.0,0,0
50.3167,3039.791,-2176.129,2639.791,2773.584,122.95,-77.145,145.149,3.349,-2.852,38,32.1,5.9,0.3539,0.0178,0.9306,270.13,329.53,0.4405,12278.0,3078.01,3828.4,96.19,2.7477,129000,101653.4,-79420.3,-51330.7,-81822.2,-9201.3,5772.4,6004.7,4857.4,0.0,0.0,41121.4,-35022.9,0,0
50.4167,3052.106,-2183.86,2652.106,2781.315,123.285,-77.43,145.584,3.342,-2.856,38,32.13,5.87,0.3524,0.0176,0.9299,270.08,329.5,0.4418,12277.7,3077.73,3828.0,96.18,2.7477,129000,101653.4,-79420.3,-51413.9,-81874.9,-9211.5,5784.4,6036.0,4841.1,0.0,0.0,41028.0,-35066.3,0,0
50.5167,3064.454,-2191.62,2664.454,2789.075,123.619,-77.716,146.018,3.334,-2.859,38,32.15,5.85,0.3509,0.0175,0.9291,270.03,329.47,0.4432,12277.5,3077.46,3827.7,96.17,2.7477,129000,101653.4,-79420.3,-51494.1,-81922.2,-9221.3,5796.2,6067.3,4824.3,0.0,0.0,40938.0,-35104.4,0,0
50.6167,3076.835,-2199.408,2676.835,2796.863,123.952,-78.002,146.453,3.327,-2.862,38,32.18,5.82,0.3493,0.0173,0.9284,269.98,329.44,0.4445,12277.2,3077.18,3827.3,96.16,2.7477,129000,101653.4,-79420.3,-51571.2,-81964.3,-9230.7,5807.9,6098.6,4807.2,0.0,0.0,40851.5,-35137.6,0,0
50.7167,3089.25,-2207.225,2689.25,2804.68,124.284,-78.289,146.886,3.321,-2.864,38,32.2,5.8,0.3478,0.0172,0.9277,269.93,329.41,0.4459,12276.9,3076.91,3827.0,96.15,2.7477,129000,101653.4,-79420.3,-51645.6,-82001.5,-9239.7,5819.3,6129.9,4789.7,0.0,0.0,40768.1,-35166.0,0,0
50.8167,3101.698,-2215.07,2701.698,2812.525,124.616,-78.575,147.32,3.314,-2.866,38,32.23,5.77,0.3463,0.017,0.9269,269.88,329.38,0.4473,12276.6,3076.63,3826.7,96.14,2.7477,129000,101653.4,-79420.3,-51717.1,-82034.1,-9248.5,5830.6,6161.2,4771.8,0.0,0.0,40687.7,-35190.0,0,0
50.9167,3114.178,-2222.945,2714.178,2820.4,124.947,-78.862,147.753,3.308,-2.868,38,32.25,5.75,0.3447,0.0169,0.9262,269.83,329.35,0.4486,12276.4,3076.36,3826.3,96.14,2.7477,129000,101653.4,-79420.3,-51786.1,-82062.2,-9257.0,5841.7,6192.5,4753.6,0.0,0.0,40610.3,-35209.7,0,0
51.0167,3126.692,-2230.848,2726.692,2828.303,125.277,-79.149,148.185,3.302,-2.869,38,32.28,5.72,0.3432,0.0167,0.9254,269.77,329.32,0.45,12276.1,3076.08,3826.0,96.13,2.7477,129000,101653.4,-79420.3,-51852.5,-82086.2,-9265.2,5852.7,6223.8,4735.2,0.0,0.0,40535.6,-35225.4,0,0
51.1167,3139.239,-2238.779,2739.239,2836.234,125.607,-79.436,148.618,3.296,-2.87,38,32.31,5.69,0.3417,0.0166,0.9247,269.72,329.29,0.4513,12275.8,3075.81,3825.6,96.12,2.7477,129000,101653.4,-79420.3,-51916.6,-82106.2,-9273.2,5863.6,6255.1,4716.4,0.0,0.0,40463.6,-35237.3,0,0
51.2167,3151.819,-2246.74,2751.819,2844.195,125.936,-79.723,149.049,3.291,-2.871,38,32.33,5.67,0.3401,0.0164,0.9239,269.67,329.25,0.4527,12275.5,3075.53,3825.3,96.11,2.7477,129000,101653.4,-79420.3,-51978.3,-82122.5,-9281.0,5874.3,6286.4,4697.5,0.0,0.0,40394.1,-35245.5,0,0
51.3167,3164.432,-2254.729,2764.432,2852.184,126.265,-80.01,149.481,3.285,-2.872,38,32.36,5.64,0.3386,0.0163,0.9232,269.62,329.22,0.454,12275.3,3075.26,3825.0,96.1,2.7477,129000,101653.4,-79420.3,-52037.7,-82135.2,-9288.6,5884.9,6317.7,4678.3,0.0,0.0,40327.0,-35250.3,0,0
51.4167,3177.078,-2262.746,2777.078,2860.201,126.593,-80.297,149.912,3.28,-2.872,38,32.38,5.62,0.3371,0.0161,0.9224,269.57,329.19,0.4554,12275.0,3074.99,3824.6,96.09,2.7477,129000,101653.4,-79420.3,-52095.1,-82144.6,-9296.1,5895.5,6348.9,4659.0,0.0,0.0,40262.2,-35251.9,0,0
51.5167,3189.756,-2270.793,2789.756,2868.248,126.921,-80.584,150.342,3.275,-2.872,38,32.41,5.59,0.3355,0.016,0.9216,269.52,329.16,0.4567,12274.7,3074.71,3824.3,96.08,2.7477,129000,101653.4,-79420.3,-52150.4,-82150.8,-9303.4,5905.9,6380.2,4639.5,0.0,0.0,40199.6,-35250.3,0,0
51.6167,3202.467,-2278.868,2802.467,2876.323,127.248,-80.871,150.772,3.27,-2.871,38,32.43,5.57,0.334,0.0159,0.9209,269.46,329.13,0.4581,12274.4,3074.44,3823.9,96.08,2.7477,129000,101653.4,-79420.3,-52203.7,-82154.1,-9310.6,5916.3,6411.5,4619.8,0.0,0.0,40139.1,-35245.9,0,0
51.7167,3215.211,-2286.972,2815.211,2884.427,127.575,-81.159,151.202,3.265,-2.871,38,32.46,5.54,0.3325,0.0157,0.9201,269.41,329.09,0.4594,12274.2,3074.16,3823.6,96.07,2.7477,129000,101653.4,-79420.3,-52255.2,-82154.5,-9317.6,5926.6,6442.8,4600.0,0.0,0.0,40080.6,-35238.7,0,0
51.8167,3227.988,-2295.104,2827.988,2892.559,127.901,-81.446,151.632,3.261,-2.87,38,32.48,5.52,0.331,0.0156,0.9193,269.36,329.06,0.4608,12273.9,3073.89,3823.2,96.06,2.7477,129000,101653.4,-79420.3,-52304.8,-82152.2,-9324.6,5936.8,6474.0,4580.1,0.0,0.0,40024.0,-35228.9,0,0
51.9167,3240.797,-2303.266,2840.797,2900.721,128.227,-81.733,152.061,3.257,-2.869,38,32.51,5.49,0.3294,0.0154,0.9186,269.3,329.03,0.4621,12273.6,3073.61,3822.9,96.05,2.7477,129000,101653.4,-79420.3,-52352.7,-82147.5,-9331.5,5947.0,6505.3,4560.2,0.0,0.0,39969.1,-35216.7,0,0
52.0167,3253.639,-2311.456,2853.639,2908.911,128.553,-82.019,152.489,3.252,-2.868,38,32.53,5.47,0.3279,0.0153,0.9178,269.25,329.0,0.4635,12273.3,3073.34,3822.6,96.04,2.7477,129000,101653.4,-79420.3,-52399.0,-82140.3,-9338.3,5957.1,6536.5,4540.1,0.0,0.0,39916.1,-35202.1,0,0
52.1167,3266.513,-2319.674,2866.513,2917.129,128.877,-82.306,152.917,3.248,-2.867,38,32.56,5.44,0.3264,0.0151,0.917,269.2,328.97,0.4648,12273.1,3073.06,3822.2,96.03,2.7477,129000,101653.4,-79420.3,-52443.6,-82131.0,-9345.1,5967.2,6567.8,4520.0,0.0,0.0,39864.6,-35185.4,0,0
52.2167,3279.42,-2327.922,2879.42,2925.377,129.202,-82.593,153.345,3.244,-2.865,38,32.58,5.42,0.3249,0.015,0.9162,269.14,328.93,0.4662,12272.8,3072.79,3821.9,96.02,2.7477,129000,101653.4,-79420.3,-52486.8,-82119.5,-9351.9,5977.3,6599.0,4499.9,0.0,0.0,39814.7,-35166.6,0,0
52.3167,3292.359,-2336.198,2892.359,2933.653,129.526,-82.879,153.773,3.24,-2.864,38,32.61,5.39,0.3234,0.0149,0.9155,269.09,328.9,0.4675,12272.5,3072.51,3821.5,96.02,2.7477,129000,101653.4,-79420.3,-52528.4,-82106.1,-9358.6,5987.3,6630.2,4479.7,0.0,0.0,39766.4,-35145.8,0,0
52.4167,3305.33,-2344.502,2905.33,2941.957,129.85,-83.166,154.2,3.237,-2.862,38,32.63,5.37,0.3219,0.0147,0.9147,269.04,328.87,0.4689,12272.2,3072.24,3821.2,96.01,2.7477,129000,101653.4,-79420.3,-52568.7,-82090.8,-9365.3,5997.3,6661.4,4459.5,0.0,0.0,39719.4,-35123.3,0,0
52.5167,3318.334,-2352.836,2918.334,2950.291,130.174,-83.452,154.626,3.233,-2.86,38,32.66,5.34,0.3205,0.0146,0.9139,268.98,328.83,0.4702,12272.0,3071.96,3820.8,96.0,2.7477,129000,101653.4,-79420.3,-52607.6,-82073.8,-9372.0,6007.2,6692.6,4439.4,0.0,0.0,39673.8,-35099.0,0,0
52.6167,3331.37,-2361.197,2931.37,2958.652,130.497,-83.738,155.053,3.229,-2.858,38,32.68,5.32,0.319,0.0145,0.9131,268.93,328.8,0.4716,12271.7,3071.69,3820.5,95.99,2.7477,129000,101653.4,-79420.3,-52645.3,-82055.2,-9378.7,6017.2,6723.8,4419.2,0.0,0.0,39629.5,-35073.1,0,0
52.7167,3344.439,-2369.588,2944.439,2967.043,130.819,-84.023,155.479,3.226,-2.856,38,32.71,5.29,0.3175,0.0143,0.9123,268.87,328.77,0.4729,12271.4,3071.41,3820.2,95.98,2.7477,129000,101653.4,-79420.3,-52681.6,-82035.1,-9385.4,6027.2,6755.0,4399.0,0.0,0.0,39586.4,-35045.7,0,0
52.8167,3357.54,-2378.007,2957.54,2975.462,131.142,-84.309,155.904,3.223,-2.854,38,32.73,5.27,0.3161,0.0142,0.9115,268.82,328.73,0.4743,12271.1,3071.14,3819.8,95.97,2.7477,129000,101653.4,-79420.3,-52716.8,-82013.5,-9392.1,6037.1,6786.2,4378.9,0.0,0.0,39544.4,-35016.8,0,0
52.9167,3370.673,-2386.454,2970.673,2983.909,131.464,-84.594,156.329,3.219,-2.851,38,32.76,5.24,0.3146,0.0141,0.9107,268.76,328.7,0.4756,12270.9,3070.86,3819.5,95.96,2.7477,129000,101653.4,-79420.3,-52750.9,-81990.5,-9398.9,6047.0,6817.3,4358.8,0.0,0.0,39503.6,-34986.7,0,0
53.0167,3383.838,-2394.93,2983.838,2992.385,131.786,-84.879,156.754,3.216,-2.849,38,32.78,5.22,0.3132,0.0139,0.91,268.71,328.67,0.4769,12270.6,3070.59,3819.1,95.96,2.7477,129000,101653.4,-79420.3,-52783.9,-81966.4,-9405.7,6057.0,6848.5,4338.8,0.0,0.0,39463.8,-34955.2,0,0
53.1167,3397.035,-2403.435,2997.035,3000.89,132.107,-85.164,157.179,3.213,-2.846,38,32.8,5.2,0.3118,0.0138,0.9092,268.65,328.63,0.4783,12270.3,3070.31,3818.8,95.95,2.7477,129000,101653.4,-79420.3,-52815.8,-81941.0,-9412.5,6066.9,6879.6,4318.8,0.0,0.0,39425.0,-34922.7,0,0
53.2167,3410.264,-2411.968,3010.264,3009.423,132.428,-85.448,157.603,3.21,-2.843,38,32.83,5.17,0.3103,0.0137,0.9084,268.6,328.6,0.4796,12270.0,3070.04,3818.5,95.94,2.7477,129000,101653.4,-79420.3,-52846.7,-81914.6,-9419.4,6076.9,6910.7,4298.8,0.0,0.0,39387.2,-34889.0,0,0
53.3167,3423.526,-2420.529,3023.526,3017.984,132.749,-85.732,158.026,3.207,-2.841,38,32.85,5.15,0.3089,0.0136,0.9076,268.54,328.56,0.481,12269.8,3069.76,3818.1,95.93,2.7477,129000,101653.4,-79420.3,-52876.7,-81887.2,-9426.4,6086.9,6941.8,4279.0,0.0,0.0,39350.3,-34854.3,0,0
53.4167,3436.82,-2429.119,3036.82,3026.574,133.069,-86.016,158.45,3.204,-2.838,38,32.87,5.13,0.3075,0.0134,0.9068,268.49,328.53,0.4823,12269.5,3069.49,3817.8,95.92,2.7477,129000,101653.4,-79420.3,-52905.7,-81858.8,-9433.4,6096.8,6972.9,4259.2,0.0,0.0,39314.3,-34818.6,0,0
53.5167,3450.145,-2437.737,3050.145,3035.192,133.39,-86.3,158.872,3.201,-2.835,38,32.9,5.1,0.3061,0.0133,0.906,268.43,328.5,0.4836,12269.2,3069.22,3817.4,95.91,2.7477,129000,101653.4,-79420.3,-52933.9,-81829.6,-9440.5,6106.8,7004.0,4239.5,0.0,0.0,39279.1,-34782.1,0,0
53.6167,3463.503,-2446.384,3063.503,3043.839,133.71,-86.583,159.295,3.199,-2.832,38,32.92,5.08,0.3047,0.0132,0.9051,268.37,328.46,0.485,12268.9,3068.94,3817.1,95.9,2.7477,129000,101653.4,-79420.3,-52961.2,-81799.6,-9447.6,6116.9,7035.1,4219.9,0.0,0.0,39244.6,-34744.7,0,0
53.7167,3476.892,-2455.058,3076.892,3052.513,134.029,-86.866,159.717,3.196,-2.829,38,32.94,5.06,0.3034,0.0131,0.9043,268.32,328.43,0.4863,12268.7,3068.67,3816.7,95.9,2.7477,129000,101653.4,-79420.3,-52987.6,-81768.8,-9454.9,6126.9,7066.1,4200.3,0.0,0.0,39210.9,-34706.6,0,0
53.8167,3490.314,-2463.762,3090.314,3061.217,134.349,-87.149,160.139,3.193,-2.826,38,32.97,5.03,0.302,0.013,0.9035,268.26,328.39,0.4876,12268.4,3068.39,3816.4,95.89,2.7477,129000,101653.4,-79420.3,-53013.3,-81737.3,-9462.1,6137.0,7097.1,4180.9,0.0,0.0,39177.9,-34667.8,0,0
53.9167,3503.768,-2472.493,3103.768,3069.948,134.668,-87.431,160.561,3.191,-2.823,38,32.99,5.01,0.3006,0.0128,0.9027,268.2,328.36,0.489,12268.1,3068.12,3816.1,95.88,2.7477,129000,101653.4,-79420.3,-53038.3,-81705.3,-9469.5,6147.1,7128.2,4161.6,0.0,0.0,39145.6,-34628.3,0,0
54.0167,3517.253,-2481.253,3117.253,3078.708,134.987,-87.713,160.982,3.188,-2.819,38,33.01,4.99,0.2993,0.0127,0.9019,268.15,328.32,0.4903,12267.8,3067.84,3815.7,95.87,2.7477,129000,101653.4,-79420.3,-53062.5,-81672.6,-9477.0,6157.2,7159.2,4142.4,0.0,0.0,39113.9,-34588.2,0,0
54.1167,3530.77,-2490.04,3130.77,3087.495,135.306,-87.995,161.402,3.186,-2.816,38,33.03,4.97,0.298,0.0126,0.9011,268.09,328.29,0.4916,12267.6,3067.57,3815.4,95.86,2.7477,129000,101653.4,-79420.3,-53086.1,-81639.4,-9484.5,6167.3,7190.1,4123.2,0.0,0.0,39082.8,-34547.6,0,0
54.2167,3544.319,-2498.856,3144.319,3096.311,135.624,-88.276,161.823,3.183,-2.813,38,33.06,4.94,0.2966,0.0125,0.9003,268.03,328.25,0.493,12267.3,3067.29,3815.0,95.85,2.7477,129000,101653.4,-79420.3,-53108.9,-81605.7,-9492.2,6177.5,7221.1,4104.2,0.0,0.0,39052.3,-34506.4,0,0
54.3167,3557.9,-2507.7,3157.9,3105.155,135.942,-88.558,162.243,3.181,-2.81,38,33.08,4.92,0.2953,0.0124,0.8994,267.98,328.22,0.4943,12267.0,3067.02,3814.7,95.84,2.7477,129000,101653.4,-79420.3,-53131.2,-81571.6,-9499.9,6187.7,7252.0,4085.4,0.0,0.0,39022.3,-34464.8,0,0
54.4167,3571.513,-2516.572,3171.513,3114.027,136.26,-88.838,162.663,3.179,-2.806,38,33.1,4.9,0.294,0.0123,0.8986,267.92,328.18,0.4956,12266.7,3066.74,3814.4,95.84,2.7477,129000,101653.4,-79420.3,-53152.8,-81537.1,-9507.7,6197.9,7282.9,4066.6,0.0,0.0,38992.8,-34422.7,0,0
54.5167,3585.158,-2525.473,3185.158,3122.928,136.578,-89.119,163.082,3.176,-2.803,38,33.12,4.88,0.2927,0.0122,0.8978,267.86,328.15,0.497,12266.5,3066.47,3814.0,95.83,2.7477,129000,101653.4,-79420.3,-53173.9,-81502.2,-9515.7,6208.2,7313.8,4047.9,0.0,0.0,38963.9,-34380.3,0,0
54.6167,3598.834,-2534.401,3198.834,3131.856,136.896,-89.399,163.501,3.174,-2.799,38,33.14,4.86,0.2914,0.0121,0.897,267.8,328.11,0.4983,12266.2,3066.19,3813.7,95.82,2.7477,129000,101653.4,-79420.3,-53194.3,-81467.1,-9523.7,6218.5,7344.7,4029.4,0.0,0.0,38935.4,-34337.5,0,0
54.7167,3612.542,-2543.357,3212.542,3140.812,137.213,-89.679,163.919,3.172,-2.796,38,33.16,4.84,0.2902,0.012,0.8961,267.74,328.08,0.4996,12265.9,3065.92,3813.3,95.81,2.7477,129000,101653.4,-79420.3,-53214.3,-81431.6,-9531.8,6228.9,7375.6,4011.0,0.0,0.0,38907.3,-34294.4,0,0
54.8167,3626.282,-2552.341,3226.282,3149.796,137.53,-89.958,164.338,3.17,-2.792,38,33.19,4.81,0.2889,0.0119,0.8953,267.69,328.04,0.501,12265.6,3065.64,3813.0,95.8,2.7477,129000,101653.4,-79420.3,-53233.7,-81395.9,-9540.0,6239.3,7406.4,3992.7,0.0,0.0,38879.7,-34251.0,0,0
54.9167,3640.053,-2561.353,3240.053,3158.808,137.847,-90.237,164.756,3.168,-2.789,38,33.21,4.79,0.2876,0.0118,0.8945,267.63,328.0,0.5023,12265.4,3065.37,3812.6,95.79,2.7477,129000,101653.4,-79420.3,-53252.6,-81359.9,-9548.3,6249.7,7437.2,3974.6,0.0,0.0,38852.5,-34207.3,0,0
55.0167,3653.857,-2570.393,3253.857,3167.848,138.163,-90.516,165.173,3.166,-2.785,38,33.23,4.77,0.2864,0.0117,0.8936,267.57,327.97,0.5036,12265.1,3065.09,3812.3,95.78,2.7477,129000,101653.4,-79420.3,-53271.1,-81323.8,-9556.7,6260.1,7468.0,3956.5,0.0,0.0,38825.6,-34163.5,0,0
55.1167,3667.691,-2579.461,3267.691,3176.916,138.48,-90.794,165.59,3.163,-2.782,38,33.25,4.75,0.2852,0.0116,0.8928,267.51,327.93,0.505,12264.8,3064.82,3812.0,95.78,2.7477,129000,101653.4,-79420.3,-53289.0,-81287.5,-9565.2,6270.6,7498.8,3938.6,0.0,0.0,38799.1,-34119.4,0,0
55.2167,3681.558,-2588.557,3281.558,3186.012,138.796,-91.072,166.007,3.161,-2.778,38,33.27,4.73,0.2839,0.0115,0.892,267.45,327.9,0.5063,12264.5,3064.54,3811.6,95.77,2.7477,129000,101653.4,-79420.3,-53306.6,-81251.1,-9573.9,6281.1,7529.5,3920.9,0.0,0.0,38773.0,-34075.1,0,0
55.3167,3695.456,-2597.68,3295.456,3195.135,139.112,-91.35,166.424,3.159,-2.775,38,33.29,4.71,0.2827,0.0114,0.8911,267.39,327.86,0.5076,12264.3,3064.27,3811.3,95.76,2.7477,129000,101653.4,-79420.3,-53323.7,-81214.6,-9582.6,6291.7,7560.2,3903.2,0.0,0.0,38747.1,-34030.7,0,0
55.4167,3709.385,-2606.831,3309.385,3204.286,139.428,-91.627,166.84,3.157,-2.771,38,33.31,4.69,0.2815,0.0113,0.8903,267.33,327.82,0.5089,12264.0,3063.99,3810.9,95.75,2.7477,129000,101653.4,-79420.3,-53340.4,-81178.0,-9591.4,6302.3,7590.9,3885.7,0.0,0.0,38721.6,-33986.2,0,0
55.5167,3723.347,-2616.01,3323.347,3213.465,139.744,-91.904,167.256,3.155,-2.768,38,33.33,4.67,0.2803,0.0112,0.8894,267.27,327.79,0.5103,12263.7,3063.72,3810.6,95.74,2.7477,129000,101653.4,-79420.3,-53356.7,-81141.3,-9600.3,6313.0,7621.6,3868.4,0.0,0.0,38696.4,-33941.5,0,0
55.6167,3737.339,-2625.216,3337.339,3222.671,140.059,-92.18,167.671,3.153,-2.764,38,33.35,4.65,0.2791,0.0111,0.8886,267.21,327.75,0.5116,12263.4,3063.45,3810.3,95.73,2.7477,129000,101653.4,-79420.3,-53372.6,-81104.5,-9609.3,6323.6,7652.2,3851.2,0.0,0.0,38671.4,-33896.8,0,0
55.7167,3751.364,-2634.451,3351.364,3231.906,140.374,-92.457,168.087,3.151,-2.76,38,33.37,4.63,0.278,0.011,0.8877,267.15,327.71,0.5129,12263.2,3063.17,3809.9,95.72,2.7477,129000,101653.4,-79420.3,-53388.2,-81067.8,-9618.5,6334.4,7682.9,3834.1,0.0,0.0,38646.8,-33852.0,0,0
55.8167,3765.419,-2643.712,3365.419,3241.167,140.689,-92.732,168.501,3.15,-2.757,38,33.39,4.61,0.2768,0.0109,0.8869,267.09,327.68,0.5142,12262.9,3062.9,3809.6,95.72,2.7477,129000,101653.4,-79420.3,-53403.4,-81031.0,-9627.7,6345.1,7713.4,3817.1,0.0,0.0,38622.3,-33807.2,0,0
55.9167,3779.507,-2653.002,3379.507,3250.457,141.004,-93.008,168.916,3.148,-2.753,38,33.41,4.59,0.2756,0.0108,0.886,267.03,327.64,0.5156,12262.6,3062.62,3809.2,95.71,2.7477,129000,101653.4,-79420.3,-53418.2,-80994.3,-9637.0,6355.9,7744.0,3800.3,0.0,0.0,38598.1,-33762.4,0,0
56.0167,3793.626,-2662.318,3393.626,3259.773,141.319,-93.283,169.33,3.146,-2.75,38,33.43,4.57,0.2745,0.0107,0.8852,266.97,327.6,0.5169,12262.3,3062.35,3808.9,95.7,2.7477,129000,101653.4,-79420.3,-53432.8,-80957.5,-9646.5,6366.8,7774.5,3783.6,0.0,0.0,38574.2,-33717.5,0,0
56.1167,3807.776,-2671.663,3407.776,3269.118,141.633,-93.558,169.744,3.144,-2.746,38,33.44,4.56,0.2734,0.0106,0.8843,266.91,327.57,0.5182,12262.1,3062.07,3808.5,95.69,2.7477,129000,101653.4,-79420.3,-53447.0,-80920.8,-9656.0,6377.6,7805.1,3767.0,0.0,0.0,38550.4,-33672.6,0,0
56.2167,3821.957,-2681.035,3421.957,3278.49,141.947,-93.832,170.157,3.142,-2.742,38,33.46,4.54,0.2722,0.0105,0.8835,266.85,327.53,0.5195,12261.8,3061.8,3808.2,95.68,2.7477,129000,101653.4,-79420.3,-53460.9,-80884.2,-9665.6,6388.6,7835.5,3750.6,0.0,0.0,38526.9,-33627.8,0,0
56.3167,3836.17,-2690.434,3436.17,3287.889,142.262,-94.106,170.571,3.14,-2.739,38,33.48,4.52,0.2711,0.0104,0.8826,266.79,327.49,0.5208,12261.5,3061.52,3807.9,95.67,2.7477,129000,101653.4,-79420.3,-53474.5,-80847.6,-9675.4,6399.5,7866.0,3734.3,0.0,0.0,38503.5,-33582.9,0,0
56.4167,3850.415,-2699.86,3450.415,3297.315,142.575,-94.38,170.983,3.138,-2.735,38,33.5,4.5,0.27,0.0104,0.8817,266.73,327.45,0.5222,12261.2,3061.25,3807.5,95.66,2.7477,129000,101653.4,-79420.3,-53487.8,-80811.1,-9685.2,6410.5,7896.4,3718.1,0.0,0.0,38480.3,-33538.1,0,0
56.5167,3864.691,-2709.314,3464.691,3306.769,142.889,-94.653,171.396,3.137,-2.732,38,33.52,4.48,0.2689,0.0103,0.8809,266.67,327.41,0.5235,12261.0,3060.97,3807.2,95.66,2.7477,129000,101653.4,-79420.3,-53500.9,-80774.7,-9695.1,6421.5,7926.8,3702.1,0.0,0.0,38457.4,-33493.4,0,0
56.6167,3878.998,-2718.796,3478.998,3316.251,143.203,-94.926,171.808,3.135,-2.728,38,33.54,4.46,0.2678,0.0102,0.88,266.6,327.38,0.5248,12260.7,3060.7,3806.8,95.65,2.7477,129000,101653.4,-79420.3,-53513.7,-80738.4,-9705.1,6432.6,7957.2,3686.2,0.0,0.0,38434.5,-33448.7,0,0
56.7167,3893.337,-2728.304,3493.337,3325.759,143.516,-95.199,172.22,3.133,-2.725,38,33.55,4.45,0.2667,0.0101,0.8791,266.54,327.34,0.5261,12260.4,3060.42,3806.5,95.64,2.7477,129000,101653.4,-79420.3,-53526.3,-80702.3,-9715.3,6443.7,7987.5,3670.5,0.0,0.0,38411.9,-33404.1,0,0
56.8167,3907.706,-2737.84,3507.706,3335.295,143.829,-95.471,172.631,3.131,-2.721,38,33.57,4.43,0.2657,0.01,0.8783,266.48,327.3,0.5274,12260.1,3060.15,3806.2,95.63,2.7477,129000,101653.4,-79420.3,-53538.6,-80666.2,-9725.5,6454.9,8017.8,3654.8,0.0,0.0,38389.3,-33359.6,0,0
56.9167,3922.108,-2747.403,3522.108,3344.858,144.142,-95.743,173.042,3.129,-2.717,38,33.59,4.41,0.2646,0.0099,0.8774,266.42,327.26,0.5288,12259.9,3059.87,3805.8,95.62,2.7477,129000,101653.4,-79420.3,-53550.6,-80630.3,-9735.8,6466.0,8048.1,3639.3,0.0,0.0,38367.0,-33315.2,0,0
57.0167,3936.54,-2756.993,3536.54,3354.448,144.455,-96.014,173.453,3.128,-2.714,38,33.61,4.39,0.2635,0.0099,0.8765,266.36,327.22,0.5301,12259.6,3059.6,3805.5,95.61,2.7477,129000,101653.4,-79420.3,-53562.4,-80594.5,-9746.2,6477.2,8078.3,3624.0,0.0,0.0,38344.7,-33270.9,0,0
57.1167,3951.004,-2766.61,3551.004,3364.065,144.768,-96.286,173.864,3.126,-2.71,38,33.63,4.37,0.2625,0.0098,0.8757,266.29,327.19,0.5314,12259.3,3059.32,3805.1,95.6,2.7477,129000,101653.4,-79420.3,-53574.0,-80558.8,-9756.7,6488.5,8108.5,3608.7,0.0,0.0,38322.6,-33226.7,0,0
57.2167,3965.499,-2776.254,3565.499,3373.709,145.08,-96.556,174.274,3.124,-2.707,38,33.64,4.36,0.2615,0.0097,0.8748,266.23,327.15,0.5327,12259.0,3059.05,3804.8,95.6,2.7477,129000,101653.4,-79420.3,-53585.4,-80523.3,-9767.3,6499.8,8138.7,3593.6,0.0,0.0,38300.7,-33182.6,0,0
57.3167,3980.025,-2785.926,3580.025,3383.381,145.393,-96.827,174.684,3.123,-2.703,38,33.66,4.34,0.2604,0.0096,0.8739,266.17,327.11,0.534,12258.8,3058.77,3804.4,95.59,2.7477,129000,101653.4,-79420.3,-53596.6,-80487.9,-9778.0,6511.1,8168.8,3578.7,0.0,0.0,38278.8,-33138.6,0,0
57.4167,3994.583,-2795.624,3594.583,3393.079,145.705,-97.097,175.093,3.121,-2.7,38,33.68,4.32,0.2594,0.0096,0.873,266.11,327.07,0.5353,12258.5,3058.5,3804.1,95.58,2.7477,129000,101653.4,-79420.3,-53607.6,-80452.7,-9788.7,6522.5,8198.9,3563.8,0.0,0.0,38257.1,-33094.7,0,0
57.5167,4009.171,-2805.35,3609.171,3402.805,146.017,-97.367,175.503,3.119,-2.696,38,33.69,4.31,0.2584,0.0095,0.8721,266.04,327.03,0.5367,12258.2,3058.22,3803.8,95.57,2.7477,129000,101653.4,-79420.3,-53618.4,-80417.7,-9799.6,6533.8,8229.0,3549.1,0.0,0.0,38235.4,-33051.0,0,0
57.6167,4023.791,-2815.102,3623.791,3412.557,146.329,-97.636,175.912,3.117,-2.693,38,33.71,4.29,0.2574,0.0094,0.8713,265.98,326.99,0.538,12257.9,3057.95,3803.4,95.56,2.7477,129000,101653.4,-79420.3,-53629.0,-80382.9,-9810.5,6545.3,8259.0,3534.5,0.0,0.0,38213.9,-33007.4,0,0
57.7167,4038.442,-2824.881,3638.442,3422.336,146.64,-97.905,176.32,3.116,-2.689,38,33.73,4.27,0.2564,0.0093,0.8704,265.92,326.95,0.5393,12257.7,3057.67,3803.1,95.55,2.7477,129000,101653.4,-79420.3,-53639.4,-80348.2,-9821.5,6556.7,8289.0,3520.0,0.0,0.0,38192.5,-32964.0,0,0
57.8167,4053.124,-2834.688,3653.124,3432.143,146.952,-98.174,176.728,3.114,-2.686,38,33.74,4.26,0.2554,0.0093,0.8695,265.85,326.91,0.5406,12257.4,3057.4,3802.7,95.54,2.7477,129000,101653.4,-79420.3,-53649.6,-80313.7,-9832.6,6568.2,8319.0,3505.7,0.0,0.0,38171.2,-32920.7,0,0
57.9167,4067.838,-2844.521,3667.838,3441.976,147.263,-98.442,177.136,3.112,-2.682,38,33.76,4.24,0.2544,0.0092,0.8686,265.79,326.88,0.5419,12257.1,3057.13,3802.4,95.54,2.7477,129000,101653.4,-79420.3,-53659.6,-80279.4,-9843.8,6579.7,8348.9,3491.4,0.0,0.0,38149.9,-32877.6,0,0
58.0167,4082.582,-2854.381,3682.582,3451.836,147.574,-98.71,177.544,3.111,-2.679,38,33.78,4.22,0.2535,0.0091,0.8677,265.72,326.84,0.5432,12256.9,3056.85,3802.1,95.53,2.7477,129000,101653.4,-79420.3,-53669.5,-80245.3,-9855.1,6591.3,8378.8,3477.3,0.0,0.0,38128.8,-32834.6,0,0
58.1167,4097.358,-2864.267,3697.358,3461.722,147.885,-98.978,177.951,3.109,-2.675,38,33.79,4.21,0.2525,0.0091,0.8668,265.66,326.8,0.5445,12256.6,3056.58,3801.7,95.52,2.7477,129000,101653.4,-79420.3,-53679.2,-80211.3,-9866.4,6602.8,8408.6,3463.4,0.0,0.0,38107.7,-32791.8,0,0
58.2167,4112.164,-2874.181,3712.164,3471.636,148.196,-99.245,178.358,3.108,-2.672,38,33.81,4.19,0.2516,0.009,0.8659,265.6,326.76,0.5458,12256.3,3056.3,3801.4,95.51,2.7477,129000,101653.4,-79420.3,-53688.8,-80177.6,-9877.9,6614.5,8438.5,3449.5,0.0,0.0,38086.7,-32749.2,0,0
58.3167,4127.002,-2884.121,3727.002,3481.576,148.507,-99.512,178.765,3.106,-2.669,38,33.82,4.18,0.2506,0.0089,0.865,265.53,326.72,0.5472,12256.0,3056.03,3801.0,95.5,2.7477,129000,101653.4,-79420.3,-53698.2,-80144.0,-9889.4,6626.1,8468.2,3435.7,0.0,0.0,38065.8,-32706.7,0,0
58.4167,4141.871,-2894.088,3741.871,3491.543,148.817,-99.779,179.171,3.104,-2.665,38,33.84,4.16,0.2497,0.0089,0.8641,265.47,326.68,0.5485,12255.8,3055.75,3800.7,95.49,2.7477,129000,101653.4,-79420.3,-53707.4,-80110.7,-9901.0,6637.8,8498.0,3422.1,0.0,0.0,38045.0,-32664.4,0,0
58.5167,4156.771,-2904.081,3756.771,3501.536,149.128,-100.045,179.578,3.103,-2.662,38,33.85,4.15,0.2488,0.0088,0.8632,265.4,326.64,0.5498,12255.5,3055.48,3800.3,95.48,2.7477,129000,101653.4,-79420.3,-53716.5,-80077.6,-9912.6,6649.4,8527.7,3408.6,0.0,0.0,38024.2,-32622.2,0,0
58.6167,4171.702,-2914.101,3771.702,3511.556,149.438,-100.311,179.983,3.101,-2.658,38,33.87,4.13,0.2478,0.0087,0.8623,265.34,326.6,0.5511,12255.2,3055.2,3800.0,95.48,2.7477,129000,101653.4,-79420.3,-53725.5,-80044.6,-9924.3,6661.2,8557.3,3395.2,0.0,0.0,38003.6,-32580.2,0,0
58.7167,4186.663,-2924.148,3786.663,3521.603,149.748,-100.577,180.389,3.099,-2.655,38,33.88,4.12,0.2469,0.0087,0.8614,265.27,326.56,0.5524,12254.9,3054.93,3799.7,95.47,2.7477,129000,101653.4,-79420.3,-53734.3,-80011.9,-9936.1,6672.9,8587.0,3382.0,0.0,0.0,37982.9,-32538.4,0,0
58.8167,4201.656,-2934.221,3801.656,3531.676,150.058,-100.842,180.794,3.098,-2.652,38,33.9,4.1,0.246,0.0086,0.8605,265.21,326.52,0.5537,12254.7,3054.65,3799.3,95.46,2.7477,129000,101653.4,-79420.3,-53743.0,-79979.3,-9948.0,6684.7,8616.5,3368.8,0.0,0.0,37962.4,-32496.8,0,0
58.9167,4216.68,-2944.321,3816.68,3541.776,150.367,-101.107,181.199,3.096,-2.648,38,33.91,4.09,0.2451,0.0085,0.8596,265.14,326.48,0.555,12254.4,3054.38,3799.0,95.45,2.7477,129000,101653.4,-79420.3,-53751.5,-79947.0,-9960.0,6696.5,8646.1,3355.7,0.0,0.0,37941.9,-32455.4,0,0
59.0167,4231.735,-2954.447,3831.735,3551.902,150.677,-101.372,181.603,3.095,-2.645,38,33.93,4.07,0.2442,0.0085,0.8587,265.07,326.44,0.5563,12254.1,3054.1,3798.6,95.44,2.7477,129000,101653.4,-79420.3,-53759.9,-79914.8,-9972.0,6708.3,8675.6,3342.8,0.0,0.0,37921.5,-32414.1,0,0
59.1167,4246.821,-2964.599,3846.821,3562.054,150.986,-101.636,182.008,3.093,-2.642,38,33.94,4.06,0.2434,0.0084,0.8578,265.01,326.4,0.5576,12253.8,3053.83,3798.3,95.43,2.7477,129000,101653.4,-79420.3,-53768.2,-79882.9,-9984.0,6720.1,8705.0,3330.0,0.0,0.0,37901.1,-32373.0,0,0
59.2167,4261.937,-2974.778,3861.937,3572.233,151.295,-101.9,182.411,3.091,-2.639,38,33.96,4.04,0.2425,0.0084,0.8569,264.94,326.35,0.5589,12253.6,3053.55,3798.0,95.42,2.7477,129000,101653.4,-79420.3,-53776.4,-79851.2,-9996.2,6732.0,8734.5,3317.3,0.0,0.0,37880.8,-32332.1,0,0
59.3167,4277.085,-2984.984,3877.085,3582.439,151.604,-102.164,182.815,3.09,-2.635,38,33.97,4.03,0.2416,0.0083,0.856,264.88,326.31,0.5602,12253.3,3053.28,3797.6,95.41,2.7477,129000,101653.4,-79420.3,-53784.4,-79819.6,-10008.4,6743.9,8763.8,3304.7,0.0,0.0,37860.6,-32291.4,0,0
59.4167,4292.263,-2995.216,3892.263,3592.671,151.913,-102.427,183.218,3.088,-2.632,38,33.99,4.01,0.2408,0.0082,0.8551,264.81,326.27,0.5616,12253.0,3053.0,3797.3,95.41,2.7477,129000,101653.4,-79420.3,-53792.4,-79788.3,-10020.7,6755.8,8793.2,3292.2,0.0,0.0,37840.4,-32250.9,0,0
59.5167,4307.473,-3005.474,3907.473,3602.929,152.222,-102.69,183.621,3.087,-2.629,38,34.0,4.0,0.2399,0.0082,0.8541,264.74,326.23,0.5629,12252.7,3052.73,3796.9,95.4,2.7477,129000,101653.4,-79420.3,-53800.2,-79757.2,-10033.0,6767.8,8822.4,3279.8,0.0,0.0,37820.2,-32210.5,0,0
59.6167,4322.713,-3015.758,3922.713,3613.213,152.531,-102.953,184.024,3.085,-2.626,38,34.02,3.98,0.2391,0.0081,0.8532,264.68,326.19,0.5642,12252.5,3052.45,3796.6,95.39,2.7477,129000,101653.4,-79420.3,-53807.9,-79726.3,-10045.4,6779.7,8851.7,3267.5,0.0,0.0,37800.1,-32170.4,0,0
59.7167,4337.984,-3026.069,3937.984,3623.524,152.839,-103.215,184.427,3.084,-2.622,38,34.03,3.97,0.2382,0.0081,0.8523,264.61,326.15,0.5655,12252.2,3052.18,3796.2,95.38,2.7477,129000,101653.4,-79420.3,-53815.4,-79695.6,-10057.9,6791.7,8880.9,3255.3,0.0,0.0,37780.1,-32130.4,0,0
59.8167,4353.286,-3036.405,3953.286,3633.86,153.147,-103.477,184.829,3.082,-2.619,38,34.04,3.96,0.2374,0.008,0.8514,264.54,326.11,0.5668,12251.9,3051.9,3795.9,95.37,2.7477,129000,101653.4,-79420.3,-53822.9,-79665.1,-10070.4,6803.7,8910.1,3243.2,0.0,0.0,37760.1,-32090.6,0,0
59.9167,4368.618,-3046.768,3968.618,3644.223,153.455,-103.739,185.231,3.08,-2.616,38,34.06,3.94,0.2366,0.008,0.8505,264.47,326.07,0.5681,12251.6,3051.63,3795.6,95.36,2.7477,129000,101653.4,-79420.3,-53830.3,-79634.8,-10082.9,6815.7,8939.2,3231.3,0.0,0.0,37740.2,-32051.0,0,0
60.0167,4383.982,-3057.158,3983.982,3654.613,153.763,-104.001,185.632,3.079,-2.613,38,34.07,3.93,0.2357,0.0079,0.8495,264.41,326.02,0.5694,12251.4,3051.36,3795.2,95.35,2.7477,129000,101653.4,-79420.3,-53837.5,-79604.7,-10095.6,6827.7,8968.2,3219.4,0.0,0.0,37720.3,-32011.5,0,0
60.1167,4399.376,-3067.573,3999.376,3665.028,154.071,-104.262,186.033,3.077,-2.61,38,34.08,3.92,0.2349,0.0078,0.8486,264.34,325.98,0.5707,12251.1,3051.08,3794.9,95.35,2.7477,129000,101653.4,-79420.3,-53844.7,-79574.8,-10108.2,6839.8,8997.3,3207.6,0.0,0.0,37700.5,-31972.3,0,0
60.2167,4414.801,-3078.014,4014.801,3675.469,154.379,-104.523,186.434,3.076,-2.607,38,34.1,3.9,0.2341,0.0078,0.8477,264.27,325.94,0.572,12250.8,3050.81,3794.5,95.34,2.7477,129000,101653.4,-79420.3,-53851.7,-79545.2,-10121.0,6851.9,9026.2,3195.9,0.0,0.0,37680.7,-31933.2,0,0
60.3167,4430.257,-3088.482,4030.257,3685.937,154.686,-104.783,186.835,3.074,-2.604,38,34.11,3.89,0.2333,0.0077,0.8468,264.2,325.9,0.5733,12250.5,3050.53,3794.2,95.33,2.7477,129000,101653.4,-79420.3,-53858.7,-79515.7,-10133.7,6863.9,9055.2,3184.4,0.0,0.0,37660.9,-31894.4,0,0
60.4167,4445.744,-3098.975,4045.744,3696.43,154.994,-105.043,187.235,3.073,-2.6,38,34.12,3.88,0.2325,0.0077,0.8458,264.13,325.86,0.5746,12250.3,3050.26,3793.9,95.32,2.7477,129000,101653.4,-79420.3,-53865.6,-79486.4,-10146.6,6876.0,9084.1,3172.9,0.0,0.0,37641.2,-31855.7,0,0
60.5167,4461.261,-3109.495,4061.261,3706.95,155.301,-105.303,187.635,3.071,-2.597,38,34.14,3.86,0.2318,0.0076,0.8449,264.07,325.81,0.5759,12250.0,3049.98,3793.5,95.31,2.7477,129000,101653.4,-79420.3,-53872.3,-79457.3,-10159.5,6888.1,9112.9,3161.5,0.0,0.0,37621.6,-31817.2,0,0
60.6167,4476.809,-3120.04,4076.809,3717.495,155.608,-105.563,188.035,3.07,-2.594,38,34.15,3.85,0.231,0.0076,0.844,264.0,325.77,0.5772,12249.7,3049.71,3793.2,95.3,2.7477,129000,101653.4,-79420.3,-53879.0,-79428.4,-10172.4,6900.3,9141.7,3150.2,0.0,0.0,37602.0,-31778.8,0,0
60.7167,4492.388,-3130.612,4092.388,3728.067,155.915,-105.822,188.435,3.068,-2.591,38,34.16,3.84,0.2302,0.0075,0.843,263.93,325.73,0.5785,12249.4,3049.43,3792.8,95.29,2.7477,129000,101653.4,-79420.3,-53885.6,-79399.7,-10185.4,6912.4,9170.4,3139.1,0.0,0.0,37582.4,-31740.7,0,0
60.8167,4507.997,-3141.209,4107.997,3738.664,156.221,-106.081,188.834,3.067,-2.588,38,34.18,3.82,0.2294,0.0075,0.8421,263.86,325.69,0.5798,12249.2,3049.16,3792.5,95.29,2.7477,129000,101653.4,-79420.3,-53892.1,-79371.2,-10198.4,6924.6,9199.1,3128.0,0.0,0.0,37562.9,-31702.7,0,0
60.9167,4523.637,-3151.832,4123.637,3749.287,156.528,-106.339,189.233,3.065,-2.585,38,34.19,3.81,0.2287,0.0074,0.8412,263.79,325.65,0.5811,12248.9,3048.88,3792.1,95.28,2.7477,129000,101653.4,-79420.3,-53898.5,-79342.9,-10211.5,6936.7,9227.8,3117.0,0.0,0.0,37543.5,-31665.0,0,0
61.0167,4539.308,-3162.481,4139.308,3759.936,156.834,-106.598,189.631,3.064,-2.582,38,34.2,3.8,0.2279,0.0074,0.8402,263.72,325.6,0.5824,12248.6,3048.61,3791.8,95.27,2.7477,129000,101653.4,-79420.3,-53904.8,-79314.8,-10224.6,6948.9,9256.4,3106.1,0.0,0.0,37524.1,-31627.4,0,0
61.1167,4555.009,-3173.156,4155.009,3770.611,157.141,-106.856,190.03,3.062,-2.579,38,34.21,3.79,0.2272,0.0073,0.8393,263.65,325.56,0.5837,12248.3,3048.33,3791.5,95.26,2.7477,129000,101653.4,-79420.3,-53911.0,-79286.9,-10237.7,6961.1,9284.9,3095.2,0.0,0.0,37504.7,-31590.0,0,0
61.2167,4570.741,-3183.856,4170.741,3781.311,157.447,-107.114,190.428,3.061,-2.576,38,34.23,3.77,0.2264,0.0073,0.8383,263.58,325.52,0.585,12248.1,3048.06,3791.1,95.25,2.7477,129000,101653.4,-79420.3,-53917.1,-79259.2,-10250.9,6973.3,9313.4,3084.5,0.0,0.0,37485.3,-31552.7,0,0
61.3167,4586.503,-3194.583,4186.503,3792.038,157.753,-107.371,190.826,3.059,-2.573,38,34.24,3.76,0.2257,0.0072,0.8374,263.51,325.47,0.5863,12247.8,3047.78,3790.8,95.24,2.7477,129000,101653.4,-79420.3,-53923.2,-79231.6,-10264.2,6985.5,9341.9,3073.9,0.0,0.0,37466.1,-31515.7,0,0
61.4167,4602.297,-3205.335,4202.297,3802.79,158.059,-107.628,191.223,3.058,-2.57,38,34.25,3.75,0.225,0.0072,0.8365,263.44,325.43,0.5876,12247.5,3047.51,3790.4,95.23,2.7477,129000,101653.4,-79420.3,-53929.2,-79204.3,-10277.4,6997.8,9370.3,3063.3,0.0,0.0,37446.8,-31478.8,0,0
61.5167,4618.12,-3216.113,4218.12,3813.568,158.364,-107.885,191.62,3.056,-2.567,38,34.26,3.74,0.2243,0.0071,0.8355,263.37,325.39,0.5889,12247.2,3047.23,3790.1,95.23,2.7477,129000,101653.4,-79420.3,-53935.0,-79177.1,-10290.7,7010.0,9398.6,3052.9,0.0,0.0,37427.6,-31442.1,0,0
61.6167,4633.974,-3226.916,4233.974,3824.371,158.67,-108.142,192.017,3.055,-2.564,38,34.27,3.73,0.2235,0.0071,0.8346,263.3,325.34,0.5902,12247.0,3046.96,3789.7,95.22,2.7477,129000,101653.4,-79420.3,-53940.9,-79150.1,-10304.1,7022.2,9426.9,3042.5,0.0,0.0,37408.4,-31405.6,0,0
61.7167,4649.859,-3237.745,4249.859,3835.2,158.975,-108.398,192.414,3.053,-2.561,38,34.29,3.71,0.2228,0.0071,0.8336,263.23,325.3,0.5915,12246.7,3046.68,3789.4,95.21,2.7477,129000,101653.4,-79420.3,-53946.6,-79123.3,-10317.5,7034.5,9455.1,3032.2,0.0,0.0,37389.3,-31369.2,0,0
61.8167,4665.775,-3248.6,4265.775,3846.055,159.28,-108.654,192.81,3.052,-2.559,38,34.3,3.7,0.2221,0.007,0.8327,263.16,325.26,0.5928,12246.4,3046.41,3789.1,95.2,2.7477,129000,101653.4,-79420.3,-53952.2,-79096.7,-10330.9,7046.7,9483.3,3022.0,0.0,0.0,37370.3,-31333.0,0,0
61.9167,4681.72,-3259.48,4281.72,3856.935,159.585,-108.909,193.206,3.05,-2.556,38,34.31,3.69,0.2214,0.007,0.8317,263.09,325.21,0.5941,12246.1,3046.13,3788.7,95.19,2.7477,129000,101653.4,-79420.3,-53957.8,-79070.3,-10344.3,7059.0,9511.5,3011.9,0.0,0.0,37351.2,-31297.0,0,0
62.0167,4697.697,-3270.386,4297.697,3867.841,159.89,-109.165,193.602,3.049,-2.553,38,34.32,3.68,0.2207,0.0069,0.8308,263.02,325.17,0.5954,12245.9,3045.86,3788.4,95.18,2.7477,129000,101653.4,-79420.3,-53963.3,-79044.0,-10357.8,7071.3,9539.6,3001.9,0.0,0.0,37332.2,-31261.2,0,0
62.1167,4713.704,-3281.318,4313.704,3878.773,160.195,-109.42,193.998,3.047,-2.55,38,34.33,3.67,0.22,0.0069,0.8298,262.95,325.13,0.5967,12245.6,3045.59,3788.0,95.17,2.7477,129000,101653.4,-79420.3,-53968.7,-79018.0,-10371.3,7083.6,9567.6,2991.9,0.0,0.0,37313.3,-31225.6,0,0
62.2167,4729.741,-3292.274,4329.741,3889.729,160.5,-109.675,194.393,3.046,-2.547,38,34.34,3.66,0.2193,0.0068,0.8288,262.88,325.08,0.598,12245.3,3045.31,3787.7,95.17,2.7477,129000,101653.4,-79420.3,-53974.1,-78992.1,-10384.9,7095.8,9595.6,2982.0,0.0,0.0,37294.4,-31190.1,0,0
62.3167,4745.809,-3303.257,4345.809,3900.712,160.804,-109.929,194.788,3.044,-2.544,38,34.36,3.64,0.2187,0.0068,0.8279,262.81,325.04,0.5993,12245.0,3045.04,3787.4,95.16,2.7477,129000,101653.4,-79420.3,-53979.4,-78966.3,-10398.5,7108.1,9623.5,2972.3,0.0,0.0,37275.6,-31154.7,0,0
62.4167,4761.907,-3314.265,4361.907,3911.72,161.108,-110.184,195.183,3.043,-2.541,38,34.37,3.63,0.218,0.0068,0.8269,262.74,324.99,0.6006,12244.8,3044.76,3787.0,95.15,2.7477,129000,101653.4,-79420.3,-53984.6,-78940.8,-10412.1,7120.4,9651.4,2962.6,0.0,0.0,37256.7,-31119.6,0,0
62.5167,4778.035,-3325.298,4378.035,3922.753,161.413,-110.438,195.577,3.041,-2.539,38,34.38,3.62,0.2173,0.0067,0.826,262.66,324.95,0.6019,12244.5,3044.49,3786.7,95.14,2.7477,129000,101653.4,-79420.3,-53989.7,-78915.4,-10425.7,7132.7,9679.2,2952.9,0.0,0.0,37238.0,-31084.6,0,0
62.6167,4794.194,-3336.356,4394.194,3933.811,161.717,-110.691,195.972,3.04,-2.536,38,34.39,3.61,0.2167,0.0067,0.825,262.59,324.9,0.6032,12244.2,3044.21,3786.3,95.13,2.7477,129000,101653.4,-79420.3,-53994.8,-78890.2,-10439.3,7145.0,9707.0,2943.4,0.0,0.0,37219.3,-31049.8,0,0
62.7167,4810.384,-3347.44,4410.384,3944.895,162.021,-110.945,196.365,3.038,-2.533,38,34.4,3.6,0.216,0.0066,0.824,262.52,324.86,0.6045,12243.9,3043.94,3786.0,95.12,2.7477,129000,101653.4,-79420.3,-53999.8,-78865.1,-10453.0,7157.3,9734.7,2933.9,0.0,0.0,37200.6,-31015.2,0,0
62.8167,4826.603,-3358.549,4426.603,3956.004,162.324,-111.198,196.759,3.037,-2.53,38,34.41,3.59,0.2154,0.0066,0.8231,262.45,324.81,0.6058,12243.7,3043.66,3785.6,95.11,2.7477,129000,101653.4,-79420.3,-54004.7,-78840.3,-10466.7,7169.6,9762.3,2924.5,0.0,0.0,37181.9,-30980.7,0,0
62.9167,4842.854,-3369.684,4442.854,3967.139,162.628,-111.451,197.152,3.035,-2.528,38,34.42,3.58,0.2147,0.0066,0.8221,262.38,324.77,0.6071,12243.4,3043.39,3785.3,95.11,2.7477,129000,101653.4,-79420.3,-54009.6,-78815.6,-10480.5,7181.9,9789.9,2915.2,0.0,0.0,37163.4,-30946.4,0,0
63.0167,4859.134,-3380.844,4459.134,3978.299,162.931,-111.703,197.546,3.034,-2.525,38,34.43,3.57,0.2141,0.0065,0.8212,262.3,324.73,0.6083,12243.1,3043.11,3785.0,95.1,2.7477,129000,101653.4,-79420.3,-54014.4,-78791.0,-10494.2,7194.2,9817.5,2905.9,0.0,0.0,37144.8,-30912.2,0,0
63.1167,4875.445,-3392.029,4475.445,3989.484,163.235,-111.956,197.938,3.032,-2.522,38,34.44,3.56,0.2134,0.0065,0.8202,262.23,324.68,0.6096,12242.8,3042.84,3784.6,95.09,2.7477,129000,101653.4,-79420.3,-54019.1,-78766.6,-10508.0,7206.5,9844.9,2896.8,0.0,0.0,37126.3,-30878.2,0,0
63.2167,4891.786,-3403.239,4491.786,4000.694,163.538,-112.208,198.331,3.031,-2.519,38,34.45,3.55,0.2128,0.0064,0.8192,262.16,324.64,0.6109,12242.6,3042.56,3784.3,95.08,2.7477,129000,101653.4,-79420.3,-54023.8,-78742.4,-10521.8,7218.8,9872.4,2887.7,0.0,0.0,37107.9,-30844.4,0,0
63.3167,4908.158,-3414.475,4508.158,4011.93,163.841,-112.46,198.723,3.03,-2.517,38,34.46,3.54,0.2122,0.0064,0.8182,262.08,324.59,0.6122,12242.3,3042.29,3783.9,95.07,2.7477,129000,101653.4,-79420.3,-54028.3,-78718.3,-10535.6,7231.1,9899.7,2878.6,0.0,0.0,37089.5,-30810.7,0,0
63.4167,4924.559,-3425.735,4524.559,4023.19,164.144,-112.711,199.115,3.028,-2.514,38,34.47,3.53,0.2116,0.0064,0.8173,262.01,324.54,0.6135,12242.0,3042.01,3783.6,95.06,2.7477,129000,101653.4,-79420.3,-54032.9,-78694.4,-10549.4,7243.4,9927.1,2869.7,0.0,0.0,37071.1,-30777.2,0,0
63.5167,4940.991,-3437.021,4540.991,4034.476,164.446,-112.962,199.507,3.027,-2.511,38,34.48,3.52,0.2109,0.0063,0.8163,261.94,324.5,0.6148,12241.7,3041.74,3783.3,95.05,2.7477,129000,101653.4,-79420.3,-54037.3,-78670.7,-10563.3,7255.7,9954.3,2860.8,0.0,0.0,37052.8,-30743.9,0,0
63.6167,4957.454,-3448.332,4557.454,4045.787,164.749,-113.213,199.899,3.025,-2.509,38,34.49,3.51,0.2103,0.0063,0.8153,261.86,324.45,0.6161,12241.5,3041.46,3782.9,95.05,2.7477,129000,101653.4,-79420.3,-54041.8,-78647.1,-10577.1,7268.0,9981.5,2852.0,0.0,0.0,37034.5,-30710.7,0,0
63.7167,4973.946,-3459.668,4573.946,4057.123,165.052,-113.464,200.29,3.024,-2.506,38,34.5,3.5,0.2097,0.0062,0.8143,261.79,324.41,0.6174,12241.2,3041.19,3782.6,95.04,2.7477,129000,101653.4,-79420.3,-54046.1,-78623.6,-10591.0,7280.3,10008.7,2843.3,0.0,0.0,37016.3,-30677.6,0,0
63.8167,4990.469,-3471.029,4590.469,4068.484,165.354,-113.714,200.681,3.022,-2.503,38,34.51,3.49,0.2091,0.0062,0.8134,261.72,324.36,0.6187,12240.9,3040.91,3782.2,95.03,2.7477,129000,101653.4,-79420.3,-54050.4,-78600.3,-10604.9,7292.6,10035.7,2834.6,0.0,0.0,36998.1,-30644.7,0,0
63.9167,5007.022,-3482.415,4607.022,4079.87,165.656,-113.965,201.072,3.021,-2.501,38,34.52,3.48,0.2085,0.0062,0.8124,261.64,324.32,0.62,12240.6,3040.64,3781.9,95.02,2.7477,129000,101653.4,-79420.3,-54054.6,-78577.2,-10618.8,7304.9,10062.8,2826.0,0.0,0.0,36980.0,-30612.0,0,0
64.0167,5023.605,-3493.826,4623.605,4091.281,165.958,-114.215,201.462,3.02,-2.498,38,34.53,3.47,0.2079,0.0061,0.8114,261.57,324.27,0.6213,12240.4,3040.36,3781.5,95.01,2.7477,129000,101653.4,-79420.3,-54058.8,-78554.2,-10632.7,7317.1,10089.7,2817.5,0.0,0.0,36961.9,-30579.4,0,0
64.1167,5040.219,-3505.262,4640.219,4102.717,166.26,-114.464,201.852,3.018,-2.496,38,34.54,3.46,0.2073,0.0061,0.8104,261.49,324.22,0.6226,12240.1,3040.09,3781.2,95.0,2.7477,129000,101653.4,-79420.3,-54062.9,-78531.4,-10646.7,7329.4,10116.6,2809.0,0.0,0.0,36943.9,-30547.0,0,0
64.2167,5056.862,-3516.723,4656.862,4114.178,166.562,-114.714,202.242,3.017,-2.493,38,34.55,3.45,0.2067,0.0061,0.8095,261.42,324.18,0.6239,12239.8,3039.81,3780.9,94.99,2.7477,129000,101653.4,-79420.3,-54066.9,-78508.7,-10660.6,7341.7,10143.5,2800.6,0.0,0.0,36925.9,-30514.7,0,0
64.3167,5073.536,-3528.209,4673.536,4125.664,166.863,-114.963,202.632,3.015,-2.491,38,34.56,3.44,0.2062,0.006,0.8085,261.35,324.13,0.6252,12239.5,3039.54,3780.5,94.99,2.7477,129000,101653.4,-79420.3,-54070.9,-78486.1,-10674.6,7353.9,10170.2,2792.3,0.0,0.0,36908.0,-30482.6,0,0
64.4167,5090.24,-3539.72,4690.24,4137.175,167.165,-115.212,203.022,3.014,-2.488,38,34.57,3.43,0.2056,0.006,0.8075,261.27,324.09,0.6264,12239.3,3039.27,3780.2,94.98,2.7477,129000,101653.4,-79420.3,-54074.8,-78463.7,-10688.5,7366.2,10197.0,2784.0,0.0,0.0,36890.1,-30450.6,0,0
64.5167,5106.974,-3551.255,4706.974,4148.71,167.466,-115.46,203.411,3.013,-2.485,38,34.58,3.42,0.205,0.006,0.8065,261.2,324.04,0.6277,12239.0,3038.99,3779.8,94.97,2.7477,129000,101653.4,-79420.3,-54078.7,-78441.4,-10702.5,7378.5,10223.6,2775.8,0.0,0.0,36872.2,-30418.8,0,0
64.6167,5123.738,-3562.816,4723.738,4160.271,167.767,-115.709,203.8,3.011,-2.483,38,34.59,3.41,0.2045,0.0059,0.8055,261.12,323.99,0.629,12238.7,3038.72,3779.5,94.96,2.7477,129000,101653.4,-79420.3,-54082.5,-78419.3,-10716.5,7390.7,10250.2,2767.7,0.0,0.0,36854.4,-30387.1,0,0
64.7167,5140.532,-3574.401,4740.532,4171.856,168.068,-115.957,204.189,3.01,-2.48,38,34.6,3.4,0.2039,0.0059,0.8045,261.05,323.95,0.6303,12238.4,3038.44,3779.2,94.95,2.7477,129000,101653.4,-79420.3,-54086.2,-78397.3,-10730.5,7402.9,10276.7,2759.6,0.0,0.0,36836.7,-30355.6,0,0
64.8167,5157.357,-3586.011,4757.357,4183.466,168.369,-116.205,204.577,3.009,-2.478,38,34.61,3.39,0.2033,0.0059,0.8035,260.97,323.9,0.6316,12238.2,3038.17,3778.8,94.94,2.7477,129000,101653.4,-79420.3,-54089.9,-78375.5,-10744.5,7415.2,10303.2,2751.6,0.0,0.0,36819.0,-30324.2,0,0
64.9167,5174.211,-3597.646,4774.211,4195.101,168.67,-116.452,204.965,3.007,-2.475,38,34.62,3.38,0.2028,0.0058,0.8025,260.89,323.85,0.6329,12237.9,3037.89,3778.5,94.93,2.7477,129000,101653.4,-79420.3,-54093.6,-78353.7,-10758.5,7427.4,10329.6,2743.6,0.0,0.0,36801.4,-30293.0,0,0
65.0167,5191.096,-3609.306,4791.096,4206.761,168.971,-116.7,205.353,3.006,-2.473,38,34.63,3.37,0.2022,0.0058,0.8016,260.82,323.81,0.6342,12237.6,3037.62,3778.1,94.93,2.7477,129000,101653.4,-79420.3,-54097.2,-78332.2,-10772.5,7439.6,10356.0,2735.8,0.0,0.0,36783.8,-30261.9,0,0
65.1167,5208.01,-3620.99,4808.01,4218.445,169.271,-116.947,205.741,3.004,-2.47,38,34.64,3.36,0.2017,0.0058,0.8006,260.74,323.76,0.6355,12237.3,3037.34,3777.8,94.92,2.7477,129000,101653.4,-79420.3,-54100.7,-78310.7,-10786.5,7451.8,10382.3,2727.9,0.0,0.0,36766.2,-30230.9,0,0
65.2167,5224.955,-3632.699,4824.955,4230.154,169.571,-117.194,206.128,3.003,-2.468,38,34.65,3.35,0.2011,0.0057,0.7996,260.67,323.71,0.6368,12237.1,3037.07,3777.4,94.91,2.7477,129000,101653.4,-79420.3,-54104.2,-78289.4,-10800.5,7464.0,10408.5,2720.2,0.0,0.0,36748.7,-30200.1,0,0
65.3167,5241.93,-3644.433,4841.93,4241.888,169.872,-117.44,206.516,3.002,-2.465,38,34.66,3.34,0.2006,0.0057,0.7986,260.59,323.66,0.6381,12236.8,3036.79,3777.1,94.9,2.7477,129000,101653.4,-79420.3,-54107.6,-78268.2,-10814.5,7476.2,10434.6,2712.5,0.0,0.0,36731.3,-30169.4,0,0
65.4167,5258.934,-3656.192,4858.934,4253.647,170.172,-117.687,206.902,3.0,-2.463,38,34.67,3.33,0.2001,0.0057,0.7976,260.51,323.62,0.6393,12236.5,3036.52,3776.8,94.89,2.7477,129000,101653.4,-79420.3,-54111.0,-78247.1,-10828.5,7488.3,10460.7,2704.8,0.0,0.0,36713.9,-30138.9,0,0
65.5167,5275.969,-3667.975,4875.969,4265.43,170.472,-117.933,207.289,2.999,-2.461,38,34.67,3.33,0.1995,0.0057,0.7966,260.44,323.57,0.6406,12236.2,3036.24,3776.4,94.88,2.7477,129000,101653.4,-79420.3,-54114.3,-78226.2,-10842.5,7500.5,10486.8,2697.2,0.0,0.0,36696.6,-30108.5,0,0
65.6167,5293.034,-3679.782,4893.034,4277.237,170.772,-118.179,207.676,2.998,-2.458,38,34.68,3.32,0.199,0.0056,0.7956,260.36,323.52,0.6419,12236.0,3035.97,3776.1,94.87,2.7477,129000,101653.4,-79420.3,-54117.5,-78205.4,-10856.6,7512.7,10512.7,2689.7,0.0,0.0,36679.3,-30078.2,0,0
65.7167,5310.128,-3691.614,4910.128,4289.069,171.071,-118.425,208.062,2.996,-2.456,38,34.69,3.31,0.1985,0.0056,0.7946,260.28,323.47,0.6432,12235.7,3035.69,3775.7,94.87,2.7477,129000,101653.4,-79420.3,-54120.7,-78184.7,-10870.6,7524.8,10538.6,2682.3,0.0,0.0,36662.1,-30048.1,0,0
65.8167,5327.253,-3703.471,4927.253,4300.926,171.371,-118.67,208.448,2.995,-2.453,38,34.7,3.3,0.198,0.0056,0.7936,260.21,323.43,0.6445,12235.4,3035.42,3775.4,94.86,2.7477,129000,101653.4,-79420.3,-54123.9,-78164.2,-10884.6,7536.9,10564.5,2674.8,0.0,0.0,36644.9,-30018.1,0,0
65.9167,5344.407,-3715.353,4944.407,4312.808,171.67,-118.915,208.834,2.994,-2.451,38,34.71,3.29,0.1975,0.0055,0.7926,260.13,323.38,0.6458,12235.1,3035.14,3775.1,94.85,2.7477,129000,101653.4,-79420.3,-54127.0,-78143.8,-10898.6,7549.0,10590.2,2667.5,0.0,0.0,36627.8,-29988.3,0,0
66.0167,5361.592,-3727.258,4961.592,4324.713,171.97,-119.16,209.219,2.992,-2.449,38,34.72,3.28,0.197,0.0055,0.7916,260.05,323.33,0.6471,12234.9,3034.87,3774.7,94.84,2.7477,129000,101653.4,-79420.3,-54130.1,-78123.5,-10912.6,7561.1,10616.0,2660.2,0.0,0.0,36610.7,-29958.6,0,0
66.1167,5378.806,-3739.189,4978.806,4336.644,172.269,-119.405,209.604,2.991,-2.446,38,34.73,3.27,0.1965,0.0055,0.7906,259.97,323.28,0.6484,12234.6,3034.59,3774.4,94.83,2.7477,129000,101653.4,-79420.3,-54133.1,-78103.3,-10926.6,7573.2,10641.6,2653.0,0.0,0.0,36593.7,-29929.0,0,0
66.2167,5396.051,-3751.143,4996.051,4348.598,172.568,-119.649,209.99,2.99,-2.444,38,34.73,3.27,0.196,0.0055,0.7896,259.9,323.23,0.6497,12234.3,3034.32,3774.0,94.82,2.7477,129000,101653.4,-79420.3,-54136.0,-78083.2,-10940.6,7585.3,10667.2,2645.8,0.0,0.0,36576.7,-29899.6,0,0
66.3167,5413.325,-3763.123,5013.325,4360.578,172.867,-119.894,210.374,2.988,-2.442,38,34.74,3.26,0.1955,0.0054,0.7886,259.82,323.18,0.6509,12234.0,3034.04,3773.7,94.81,2.7477,129000,101653.4,-79420.3,-54138.9,-78063.3,-10954.7,7597.3,10692.7,2638.6,0.0,0.0,36559.8,-29870.3,0,0
66.4167,5430.629,-3775.126,5030.629,4372.581,173.165,-120.138,210.759,2.987,-2.439,38,34.75,3.25,0.195,0.0054,0.7876,259.74,323.14,0.6522,12233.8,3033.77,3773.3,94.81,2.7477,129000,101653.4,-79420.3,-54141.8,-78043.4,-10968.6,7609.4,10718.1,2631.6,0.0,0.0,36542.9,-29841.1,0,0
66.5167,5447.963,-3787.154,5047.963,4384.609,173.464,-120.382,211.143,2.986,-2.437,38,34.76,3.24,0.1945,0.0054,0.7865,259.66,323.09,0.6535,12233.5,3033.5,3773.0,94.8,2.7477,129000,101653.4,-79420.3,-54144.6,-78023.7,-10982.6,7621.4,10743.5,2624.5,0.0,0.0,36526.1,-29812.1,0,0
66.6167,5465.327,-3799.207,5065.327,4396.662,173.762,-120.625,211.527,2.984,-2.435,38,34.77,3.23,0.194,0.0053,0.7855,259.58,323.04,0.6548,12233.2,3033.22,3772.7,94.79,2.7477,129000,101653.4,-79420.3,-54147.4,-78004.1,-10996.6,7633.4,10768.8,2617.6,0.0,0.0,36509.4,-29783.1,0,0
66.7167,5482.72,-3811.283,5082.72,4408.738,174.061,-120.868,211.911,2.983,-2.432,38,34.77,3.23,0.1935,0.0053,0.7845,259.51,322.99,0.6561,12232.9,3032.95,3772.3,94.78,2.7477,129000,101653.4,-79420.3,-54150.1,-77984.6,-11010.6,7645.4,10794.0,2610.7,0.0,0.0,36492.7,-29754.4,0,0
66.8167,5500.144,-3823.384,5100.144,4420.839,174.359,-121.112,212.295,2.982,-2.43,38,34.78,3.22,0.193,0.0053,0.7835,259.43,322.94,0.6574,12232.7,3032.67,3772.0,94.77,2.7477,129000,101653.4,-79420.3,-54152.8,-77965.3,-11024.6,7657.4,10819.2,2603.8,0.0,0.0,36476.1,-29725.7,0,0
66.9167,5517.597,-3835.51,5117.597,4432.965,174.657,-121.354,212.678,2.981,-2.428,38,34.79,3.21,0.1926,0.0053,0.7825,259.35,322.89,0.6587,12232.4,3032.4,3771.6,94.76,2.7477,129000,101653.4,-79420.3,-54155.4,-77946.0,-11038.5,7669.4,10844.3,2597.0,0.0,0.0,36459.5,-29697.2,0,0
67.0167,5535.08,-3847.659,5135.08,4445.114,174.955,-121.597,213.061,2.979,-2.425,38,34.8,3.2,0.1921,0.0052,0.7815,259.27,322.84,0.66,12232.1,3032.12,3771.3,94.75,2.7477,129000,101653.4,-79420.3,-54157.9,-77926.9,-11052.5,7681.3,10869.3,2590.2,0.0,0.0,36443.0,-29668.8,0,0
67.1167,5552.593,-3859.833,5152.593,4457.288,175.253,-121.839,213.444,2.978,-2.423,38,34.81,3.19,0.1916,0.0052,0.7805,259.19,322.79,0.6612,12231.8,3031.85,3771.0,94.75,2.7477,129000,101653.4,-79420.3,-54160.5,-77907.8,-11066.4,7693.2,10894.3,2583.5,0.0,0.0,36426.5,-29640.5,0,0
67.2167,5570.136,-3872.031,5170.136,4469.486,175.551,-122.082,213.827,2.977,-2.421,38,34.81,3.19,0.1911,0.0052,0.7795,259.11,322.74,0.6625,12231.6,3031.57,3770.6,94.74,2.7477,129000,101653.4,-79420.3,-54162.9,-77888.9,-11080.4,7705.1,10919.2,2576.9,0.0,0.0,36410.1,-29612.4,0,0
67.3167,5587.708,-3884.253,5187.708,4481.708,175.848,-122.324,214.209,2.975,-2.419,38,34.82,3.18,0.1907,0.0052,0.7784,259.03,322.69,0.6638,12231.3,3031.3,3770.3,94.73,2.7477,129000,101653.4,-79420.3,-54165.4,-77870.1,-11094.3,7717.0,10944.0,2570.3,0.0,0.0,36393.7,-29584.3,0,0
67.4167,5605.31,-3896.5,5205.31,4493.955,176.146,-122.565,214.592,2.974,-2.417,38,34.83,3.17,0.1902,0.0051,0.7774,258.95,322.64,0.6651,12231.0,3031.02,3769.9,94.72,2.7477,129000,101653.4,-79420.3,-54167.8,-77851.3,-11108.2,7728.9,10968.8,2563.7,0.0,0.0,36377.4,-29556.4,0,0
67.5167,5622.942,-3908.771,5222.942,4506.226,176.443,-122.807,214.974,2.973,-2.414,38,34.84,3.16,0.1898,0.0051,0.7764,258.87,322.59,0.6664,12230.7,3030.75,3769.6,94.71,2.7477,129000,101653.4,-79420.3,-54170.1,-77832.7,-11122.1,7740.8,10993.4,2557.2,0.0,0.0,36361.2,-29528.7,0,0
67.6167,5640.604,-3921.065,5240.604,4518.52,176.74,-123.048,215.356,2.972,-2.412,38,34.84,3.16,0.1893,0.0051,0.7754,258.79,322.55,0.6677,12230.5,3030.47,3769.2,94.7,2.7477,129000,101653.4,-79420.3,-54172.4,-77814.2,-11136.0,7752.6,11018.1,2550.7,0.0,0.0,36345.0,-29501.0,0,0
67.7167,5658.295,-3933.384,5258.295,4530.839,177.037,-123.289,215.737,2.97,-2.41,38,34.85,3.15,0.1889,0.0051,0.7744,258.71,322.5,0.669,12230.2,3030.2,3768.9,94.69,2.7477,129000,101653.4,-79420.3,-54174.6,-77795.8,-11149.8,7764.4,11042.6,2544.3,0.0,0.0,36328.9,-29473.5,0,0
67.8167,5676.016,-3945.727,5276.016,4543.182,177.334,-123.53,216.118,2.969,-2.408,38,34.86,3.14,0.1884,0.005,0.7733,258.63,322.45,0.6702,12229.9,3029.92,3768.6,94.69,2.7477,129000,101653.4,-79420.3,-54176.9,-77777.5,-11163.7,7776.2,11067.1,2538.0,0.0,0.0,36312.9,-29446.1,0,0
67.9167,5693.767,-3958.094,5293.767,4555.549,177.631,-123.771,216.5,2.968,-2.406,38,34.87,3.13,0.188,0.005,0.7723,258.55,322.4,0.6715,12229.6,3029.65,3768.2,94.68,2.7477,129000,101653.4,-79420.3,-54179.0,-77759.3,-11177.5,7788.0,11091.5,2531.6,0.0,0.0,36296.8,-29418.8,0,0
68.0167,5711.548,-3970.485,5311.548,4567.94,177.928,-124.011,216.88,2.967,-2.403,38,34.87,3.13,0.1875,0.005,0.7713,258.47,322.35,0.6728,12229.4,3029.37,3767.9,94.67,2.7477,129000,101653.4,-79420.3,-54181.1,-77741.2,-11191.4,7799.7,11115.8,2525.4,0.0,0.0,36280.9,-29391.6,0,0
68.1167,5729.358,-3982.9,5329.358,4580.355,178.225,-124.251,217.261,2.965,-2.401,38,34.88,3.12,0.1871,0.005,0.7703,258.39,322.29,0.6741,12229.1,3029.1,3767.5,94.66,2.7477,129000,101653.4,-79420.3,-54183.2,-77723.2,-11205.2,7811.5,11140.1,2519.1,0.0,0.0,36265.0,-29364.6,0,0
68.2167,5747.198,-3995.34,5347.198,4592.795,178.521,-124.491,217.642,2.964,-2.399,38,34.89,3.11,0.1867,0.005,0.7693,258.31,322.24,0.6754,12228.8,3028.82,3767.2,94.65,2.7477,129000,101653.4,-79420.3,-54185.2,-77705.3,-11219.0,7823.2,11164.3,2513.0,0.0,0.0,36249.2,-29337.7,0,0
68.3167,5765.067,-4007.803,5365.067,4605.258,178.817,-124.731,218.022,2.963,-2.397,38,34.9,3.1,0.1862,0.0049,0.7682,258.23,322.19,0.6767,12228.5,3028.55,3766.9,94.64,2.7477,129000,101653.4,-79420.3,-54187.2,-77687.5,-11232.7,7834.9,11188.4,2506.8,0.0,0.0,36233.4,-29310.9,0,0
68.4167,5782.966,-4020.29,5382.966,4617.745,179.114,-124.971,218.402,2.962,-2.395,38,34.9,3.1,0.1858,0.0049,0.7672,258.15,322.14,0.678,12228.3,3028.27,3766.5,94.63,2.7477,129000,101653.4,-79420.3,-54189.2,-77669.8,-11246.5,7846.5,11212.4,2500.8,0.0,0.0,36217.7,-29284.2,0,0
68.5167,5800.895,-4032.801,5400.895,4630.256,179.41,-125.21,218.782,2.961,-2.393,38,34.91,3.09,0.1854,0.0049,0.7662,258.07,322.09,0.6793,12228.0,3028.0,3766.2,94.62,2.7477,129000,101653.4,-79420.3,-54191.1,-77652.1,-11260.2,7858.2,11236.4,2494.7,0.0,0.0,36202.1,-29257.6,0,0
68.6167,5818.853,-4045.336,5418.853,4642.791,179.706,-125.449,219.161,2.959,-2.391,38,34.92,3.08,0.185,0.0049,0.7651,257.99,322.04,0.6805,12227.7,3027.72,3765.8,94.62,2.7477,129000,101653.4,-79420.3,-54192.9,-77634.6,-11274.0,7869.8,11260.3,2488.7,0.0,0.0,36186.5,-29231.2,0,0
68.7167,5836.841,-4057.895,5436.841,4655.35,180.002,-125.688,219.541,2.958,-2.388,38,34.92,3.08,0.1846,0.0048,0.7641,257.9,321.99,0.6818,12227.5,3027.45,3765.5,94.61,2.7477,129000,101653.4,-79420.3,-54194.7,-77617.2,-11287.7,7881.4,11284.1,2482.8,0.0,0.0,36171.0,-29204.8,0,0
68.8167,5854.858,-4070.477,5454.858,4667.932,180.297,-125.927,219.92,2.957,-2.386,38,34.93,3.07,0.1841,0.0048,0.7631,257.82,321.94,0.6831,12227.2,3027.18,3765.1,94.6,2.7477,129000,101653.4,-79420.3,-54196.5,-77599.8,-11301.3,7893.0,11307.9,2476.9,0.0,0.0,36155.5,-29178.6,0,0
68.9167,5872.905,-4083.084,5472.905,4680.539,180.593,-126.165,220.299,2.956,-2.384,38,34.94,3.06,0.1837,0.0048,0.7621,257.74,321.89,0.6844,12226.9,3026.9,3764.8,94.59,2.7477,129000,101653.4,-79420.3,-54198.3,-77582.6,-11315.0,7904.5,11331.6,2471.0,0.0,0.0,36140.1,-29152.5,0,0
69.0167,5890.982,-4095.714,5490.982,4693.169,180.889,-126.404,220.677,2.955,-2.382,38,34.94,3.06,0.1833,0.0048,0.761,257.66,321.84,0.6857,12226.6,3026.63,3764.5,94.58,2.7477,129000,101653.4,-79420.3,-54199.9,-77565.4,-11328.7,7916.1,11355.2,2465.2,0.0,0.0,36124.8,-29126.5,0,0
69.1167,5909.088,-4108.369,5509.088,4705.824,181.184,-126.642,221.056,2.953,-2.38,38,34.95,3.05,0.1829,0.0048,0.76,257.58,321.79,0.687,12226.4,3026.35,3764.1,94.57,2.7477,129000,101653.4,-79420.3,-54201.6,-77548.4,-11342.3,7927.6,11378.7,2459.4,0.0,0.0,36109.5,-29100.6,0,0
69.2167,5927.223,-4121.047,5527.223,4718.502,181.479,-126.88,221.434,2.952,-2.378,38,34.96,3.04,0.1825,0.0047,0.759,257.49,321.73,0.6883,12226.1,3026.08,3763.8,94.56,2.7477,129000,101653.4,-79420.3,-54203.2,-77531.4,-11355.9,7939.0,11402.2,2453.7,0.0,0.0,36094.3,-29074.9,0,0
69.3167,5945.388,-4133.749,5545.388,4731.204,181.774,-127.117,221.812,2.951,-2.376,38,34.96,3.04,0.1821,0.0047,0.7579,257.41,321.68,0.6895,12225.8,3025.8,3763.4,94.56,2.7477,129000,101653.4,-79420.3,-54204.8,-77514.5,-11369.5,7950.5,11425.6,2448.0,0.0,0.0,36079.1,-29049.2,0,0
69.4167,5963.583,-4146.474,5563.583,4743.929,182.069,-127.355,222.19,2.95,-2.374,38,34.97,3.03,0.1817,0.0047,0.7569,257.33,321.63,0.6908,12225.5,3025.53,3763.1,94.55,2.7477,129000,101653.4,-79420.3,-54206.3,-77497.7,-11383.0,7961.9,11448.9,2442.3,0.0,0.0,36064.1,-29023.7,0,0
69.5167,5981.807,-4159.224,5581.807,4756.679,182.364,-127.592,222.568,2.949,-2.372,38,34.98,3.02,0.1813,0.0047,0.7558,257.25,321.58,0.6921,12225.3,3025.25,3762.8,94.54,2.7477,129000,101653.4,-79420.3,-54207.8,-77481.0,-11396.6,7973.3,11472.1,2436.7,0.0,0.0,36049.0,-28998.3,0,0
69.6167,6000.061,-4171.997,5600.061,4769.452,182.659,-127.829,222.945,2.948,-2.37,38,34.98,3.02,0.1809,0.0047,0.7548,257.16,321.53,0.6934,12225.0,3024.98,3762.4,94.53,2.7477,129000,101653.4,-79420.3,-54209.3,-77464.4,-11410.1,7984.7,11495.3,2431.2,0.0,0.0,36034.1,-28973.0,0,0
69.7167,6018.344,-4184.793,5618.344,4782.248,182.954,-128.066,223.323,2.946,-2.368,38,34.99,3.01,0.1806,0.0046,0.7538,257.08,321.48,0.6947,12224.7,3024.7,3762.1,94.52,2.7477,129000,101653.4,-79420.3,-54210.7,-77447.8,-11423.6,7996.1,11518.4,2425.6,0.0,0.0,36019.2,-28947.7,0,0
69.8167,6036.657,-4197.614,5636.657,4795.069,183.248,-128.303,223.7,2.945,-2.366,38,35.0,3.0,0.1802,0.0046,0.7527,257.0,321.42,0.696,12224.4,3024.43,3761.7,94.51,2.7477,129000,101653.4,-79420.3,-54212.0,-77431.4,-11437.0,8007.4,11541.4,2420.1,0.0,0.0,36004.3,-28922.7,0,0
69.9167,6054.999,-4210.458,5654.999,4807.913,183.543,-128.539,224.077,2.944,-2.364,38,35.0,3.0,0.1798,0.0046,0.7517,256.91,321.37,0.6973,12224.2,3024.15,3761.4,94.5,2.7477,129000,101653.4,-79420.3,-54213.4,-77415.0,-11450.4,8018.7,11564.3,2414.7,0.0,0.0,35989.6,-28897.7,0,0
70.0167,6073.37,-4223.326,5673.37,4820.781,183.837,-128.776,224.453,2.943,-2.362,38,35.01,2.99,0.1794,0.0046,0.7507,256.83,321.32,0.6985,12223.9,3023.88,3761.0,94.5,2.7477,129000,101653.4,-79420.3,-54214.7,-77398.7,-11463.9,8030.0,11587.2,2409.3,0.0,0.0,35974.9,-28872.8,0,0
70.1167,6091.771,-4236.217,5691.771,4833.672,184.131,-129.012,224.83,2.942,-2.36,38,35.02,2.98,0.179,0.0046,0.7496,256.75,321.27,0.6998,12223.6,3023.6,3760.7,94.49,2.7477,129000,101653.4,-79420.3,-54215.9,-77382.5,-11477.2,8041.2,11609.9,2403.9,0.0,0.0,35960.2,-28848.0,0,0
70.2167,6110.201,-4249.132,5710.201,4846.587,184.426,-129.248,225.206,2.941,-2.358,38,35.02,2.98,0.1787,0.0045,0.7486,256.66,321.21,0.7011,12223.3,3023.33,3760.4,94.48,2.7477,129000,101653.4,-79420.3,-54217.1,-77366.3,-11490.6,8052.4,11632.6,2398.6,0.0,0.0,35945.6,-28823.4,0,0
70.3167,6128.661,-4262.07,5728.661,4859.525,184.72,-129.483,225.582,2.94,-2.356,38,35.03,2.97,0.1783,0.0045,0.7475,256.58,321.16,0.7024,12223.1,3023.05,3760.0,94.47,2.7477,129000,101653.4,-79420.3,-54218.3,-77350.3,-11503.9,8063.6,11655.3,2393.3,0.0,0.0,35931.1,-28798.8,0,0
70.4167,6147.15,-4275.032,5747.15,4872.487,185.013,-129.719,225.958,2.939,-2.354,38,35.03,2.97,0.1779,0.0045,0.7465,256.49,321.11,0.7037,12222.8,3022.78,3759.7,94.46,2.7477,129000,101653.4,-79420.3,-54219.5,-77334.3,-11517.2,8074.8,11677.8,2388.1,0.0,0.0,35916.7,-28774.4,0,0
70.5167,6165.668,-4288.018,5765.668,4885.473,185.307,-129.954,226.333,2.937,-2.352,38,35.04,2.96,0.1776,0.0045,0.7454,256.41,321.06,0.705,12222.5,3022.5,3759.3,94.45,2.7477,129000,101653.4,-79420.3,-54220.6,-77318.4,-11530.5,8085.9,11700.3,2382.8,0.0,0.0,35902.3,-28750.0,0,0
70.6167,6184.216,-4301.027,5784.216,4898.482,185.601,-130.189,226.709,2.936,-2.35,38,35.05,2.95,0.1772,0.0045,0.7444,256.32,321.0,0.7063,12222.2,3022.23,3759.0,94.44,2.7477,129000,101653.4,-79420.3,-54221.6,-77302.6,-11543.8,8097.0,11722.7,2377.7,0.0,0.0,35888.0,-28725.8,0,0
70.7167,6202.794,-4314.06,5802.794,4911.515,185.894,-130.424,227.084,2.935,-2.348,38,35.05,2.95,0.1768,0.0044,0.7433,256.24,320.95,0.7075,12222.0,3021.95,3758.7,94.44,2.7477,129000,101653.4,-79420.3,-54222.7,-77286.9,-11557.0,8108.1,11745.0,2372.5,0.0,0.0,35873.7,-28701.7,0,0
70.8167,6221.4,-4327.116,5821.4,4924.571,186.188,-130.659,227.459,2.934,-2.346,38,35.06,2.94,0.1765,0.0044,0.7423,256.15,320.9,0.7088,12221.7,3021.68,3758.3,94.43,2.7477,129000,101653.4,-79420.3,-54223.7,-77271.2,-11570.2,8119.2,11767.3,2367.4,0.0,0.0,35859.5,-28677.7,0,0
70.9167,6240.036,-4340.195,5840.036,4937.65,186.481,-130.893,227.834,2.933,-2.345,38,35.06,2.94,0.1761,0.0044,0.7413,256.07,320.84,0.7101,12221.4,3021.41,3758.0,94.42,2.7477,129000,101653.4,-79420.3,-54224.6,-77255.6,-11583.3,8130.2,11789.4,2362.4,0.0,0.0,35845.4,-28653.8,0,0
71.0167,6258.701,-4353.298,5858.701,4950.753,186.775,-131.128,228.209,2.932,-2.343,38,35.07,2.93,0.1758,0.0044,0.7402,255.98,320.79,0.7114,12221.1,3021.13,3757.6,94.41,2.7477,129000,101653.4,-79420.3,-54225.5,-77240.1,-11596.5,8141.2,11811.5,2357.3,0.0,0.0,35831.4,-28630.0,0,0
71.1167,6277.396,-4366.425,5877.396,4963.88,187.068,-131.362,228.583,2.931,-2.341,38,35.08,2.92,0.1754,0.0044,0.7392,255.9,320.74,0.7127,12220.9,3020.86,3757.3,94.4,2.7477,129000,101653.4,-79420.3,-54226.4,-77224.6,-11609.6,8152.1,11833.5,2352.4,0.0,0.0,35817.4,-28606.2,0,0
71.2167,6296.12,-4379.575,5896.12,4977.03,187.361,-131.596,228.957,2.93,-2.339,38,35.08,2.92,0.1751,0.0044,0.7381,255.81,320.68,0.714,12220.6,3020.58,3756.9,94.39,2.7477,129000,101653.4,-79420.3,-54227.3,-77209.3,-11622.7,8163.1,11855.5,2347.4,0.0,0.0,35803.5,-28582.6,0,0
71.3167,6314.873,-4392.748,5914.873,4990.203,187.654,-131.83,229.331,2.929,-2.337,38,35.09,2.91,0.1747,0.0043,0.7371,255.73,320.63,0.7153,12220.3,3020.31,3756.6,94.38,2.7477,129000,101653.4,-79420.3,-54228.1,-77194.0,-11635.7,8174.0,11877.3,2342.5,0.0,0.0,35789.6,-28559.1,0,0
71.4167,6333.655,-4405.944,5933.655,5003.399,187.946,-132.063,229.705,2.928,-2.335,38,35.09,2.91,0.1744,0.0043,0.736,255.64,320.58,0.7165,12220.0,3020.03,3756.3,94.38,2.7477,129000,101653.4,-79420.3,-54228.8,-77178.8,-11648.7,8184.8,11899.1,2337.6,0.0,0.0,35775.8,-28535.8,0,0
71.5167,6352.467,-4419.164,5952.467,5016.619,188.239,-132.297,230.079,2.927,-2.333,38,35.1,2.9,0.1741,0.0043,0.7349,255.56,320.52,0.7178,12219.8,3019.76,3755.9,94.37,2.7477,129000,101653.4,-79420.3,-54229.6,-77163.6,-11661.7,8195.7,11920.8,2332.8,0.0,0.0,35762.1,-28512.5,0,0
71.6167,6371.308,-4432.408,5971.308,5029.863,188.532,-132.53,230.452,2.926,-2.331,38,35.1,2.9,0.1737,0.0043,0.7339,255.47,320.47,0.7191,12219.5,3019.48,3755.6,94.36,2.7477,129000,101653.4,-79420.3,-54230.3,-77148.5,-11674.6,8206.5,11942.4,2327.9,0.0,0.0,35748.5,-28489.3,0,0
71.7167,6390.178,-4445.674,5990.178,5043.129,188.824,-132.763,230.826,2.924,-2.33,38,35.11,2.89,0.1734,0.0043,0.7328,255.38,320.41,0.7204,12219.2,3019.21,3755.2,94.35,2.7477,129000,101653.4,-79420.3,-54230.9,-77133.5,-11687.5,8217.3,11964.0,2323.2,0.0,0.0,35734.9,-28466.2,0,0
71.8167,6409.078,-4458.964,6009.078,5056.419,189.117,-132.996,231.199,2.923,-2.328,38,35.12,2.88,0.1731,0.0043,0.7318,255.3,320.36,0.7217,12218.9,3018.93,3754.9,94.34,2.7477,129000,101653.4,-79420.3,-54231.6,-77118.6,-11700.4,8228.0,11985.4,2318.4,0.0,0.0,35721.4,-28443.2,0,0
71.9167,6428.006,-4472.277,6028.006,5069.732,189.409,-133.228,231.572,2.922,-2.326,38,35.12,2.88,0.1727,0.0042,0.7307,255.21,320.31,0.723,12218.7,3018.66,3754.5,94.33,2.7477,129000,101653.4,-79420.3,-54232.2,-77103.7,-11713.3,8238.7,12006.8,2313.7,0.0,0.0,35708.0,-28420.3,0,0
72.0167,6446.964,-4485.614,6046.964,5083.069,189.701,-133.461,231.945,2.921,-2.324,38,35.13,2.87,0.1724,0.0042,0.7297,255.12,320.25,0.7243,12218.4,3018.38,3754.2,94.32,2.7477,129000,101653.4,-79420.3,-54232.7,-77088.9,-11726.1,8249.4,12028.1,2309.0,0.0,0.0,35694.6,-28397.5,0,0
72.1167,6465.951,-4498.973,6065.951,5096.428,189.993,-133.693,232.317,2.92,-2.322,38,35.13,2.87,0.1721,0.0042,0.7286,255.04,320.2,0.7255,12218.1,3018.11,3753.9,94.32,2.7477,129000,101653.4,-79420.3,-54233.3,-77074.2,-11738.8,8260.0,12049.3,2304.4,0.0,0.0,35681.3,-28374.8,0,0
72.2167,6484.968,-4512.356,6084.968,5109.811,190.285,-133.925,232.689,2.919,-2.321,38,35.14,2.86,0.1717,0.0042,0.7276,254.95,320.14,0.7268,12217.8,3017.83,3753.5,94.31,2.7477,129000,101653.4,-79420.3,-54233.8,-77059.5,-11751.6,8270.7,12070.4,2299.8,0.0,0.0,35668.0,-28352.2,0,0
72.3167,6504.013,-4525.762,6104.013,5123.217,190.577,-134.157,233.062,2.918,-2.319,38,35.14,2.86,0.1714,0.0042,0.7265,254.86,320.09,0.7281,12217.6,3017.56,3753.2,94.3,2.7477,129000,101653.4,-79420.3,-54234.2,-77044.9,-11764.3,8281.2,12091.5,2295.2,0.0,0.0,35654.9,-28329.7,0,0
72.4167,6523.088,-4539.191,6123.088,5136.646,190.869,-134.389,233.434,2.917,-2.317,38,35.15,2.85,0.1711,0.0042,0.7254,254.78,320.03,0.7294,12217.3,3017.28,3752.8,94.29,2.7477,129000,101653.4,-79420.3,-54234.6,-77030.4,-11777.0,8291.8,12112.5,2290.7,0.0,0.0,35641.8,-28307.3,0,0
72.5167,6542.192,-4552.644,6142.192,5150.099,191.16,-134.621,233.806,2.916,-2.315,38,35.15,2.85,0.1708,0.0041,0.7244,254.69,319.98,0.7307,12217.0,3017.01,3752.5,94.28,2.7477,129000,101653.4,-79420.3,-54235.0,-77015.9,-11789.6,8302.3,12133.4,2286.2,0.0,0.0,35628.7,-28285.0,0,0
72.6167,6561.325,-4566.119,6161.325,5163.574,191.452,-134.852,234.177,2.915,-2.313,38,35.16,2.84,0.1705,0.0041,0.7233,254.6,319.92,0.732,12216.7,3016.73,3752.2,94.27,2.7477,129000,101653.4,-79420.3,-54235.4,-77001.5,-11802.2,8312.8,12154.2,2281.7,0.0,0.0,35615.8,-28262.9,0,0
72.7167,6580.487,-4579.618,6180.487,5177.073,191.743,-135.083,234.549,2.914,-2.312,38,35.16,2.84,0.1702,0.0041,0.7223,254.51,319.87,0.7333,12216.5,3016.46,3751.8,94.26,2.7477,129000,101653.4,-79420.3,-54235.7,-76987.1,-11814.8,8323.2,12174.9,2277.2,0.0,0.0,35602.9,-28240.8,0,0
72.8167,6599.678,-4593.14,6199.678,5190.595,192.035,-135.314,234.92,2.913,-2.31,38,35.17,2.83,0.1699,0.0041,0.7212,254.43,319.81,0.7346,12216.2,3016.18,3751.5,94.26,2.7477,129000,101653.4,-79420.3,-54236.0,-76972.9,-11827.3,8333.7,12195.6,2272.8,0.0,0.0,35590.1,-28218.8,0,0
72.9167,6618.899,-4606.685,6218.899,5204.14,192.326,-135.545,235.291,2.912,-2.308,38,35.17,2.83,0.1696,0.0041,0.7201,254.34,319.76,0.7358,12215.9,3015.91,3751.1,94.25,2.7477,129000,101653.4,-79420.3,-54236.3,-76958.6,-11839.8,8344.0,12216.2,2268.5,0.0,0.0,35577.3,-28196.8,0,0
73.0167,6638.149,-4620.253,6238.149,5217.708,192.617,-135.776,235.662,2.911,-2.306,38,35.18,2.82,0.1692,0.0041,0.7191,254.25,319.7,0.7371,12215.6,3015.64,3750.8,94.24,2.7477,129000,101653.4,-79420.3,-54236.5,-76944.5,-11852.2,8354.4,12236.6,2264.1,0.0,0.0,35564.7,-28175.0,0,0
73.1167,6657.427,-4633.844,6257.427,5231.299,192.908,-136.007,236.033,2.91,-2.305,38,35.18,2.82,0.1689,0.0041,0.718,254.16,319.65,0.7384,12215.4,3015.36,3750.4,94.23,2.7477,129000,101653.4,-79420.3,-54236.7,-76930.4,-11864.7,8364.7,12257.0,2259.8,0.0,0.0,35552.1,-28153.3,0,0
73.2167,6676.735,-4647.458,6276.735,5244.913,193.199,-136.237,236.403,2.909,-2.303,38,35.19,2.81,0.1686,0.004,0.717,254.07,319.59,0.7397,12215.1,3015.09,3750.1,94.22,2.7477,129000,101653.4,-79420.3,-54236.8,-76916.3,-11877.0,8375.0,12277.4,2255.5,0.0,0.0,35539.5,-28131.7,0,0
73.3167,6696.072,-4661.095,6296.072,5258.55,193.49,-136.467,236.774,2.909,-2.301,38,35.19,2.81,0.1683,0.004,0.7159,253.98,319.53,0.741,12214.8,3014.81,3749.8,94.21,2.7477,129000,101653.4,-79420.3,-54237.0,-76902.4,-11889.4,8385.2,12297.6,2251.2,0.0,0.0,35527.1,-28110.2,0,0
73.4167,6715.438,-4674.755,6315.438,5272.21,193.781,-136.697,237.144,2.908,-2.3,38,35.2,2.8,0.1681,0.004,0.7148,253.9,319.48,0.7423,12214.5,3014.54,3749.4,94.2,2.7477,129000,101653.4,-79420.3,-54237.0,-76888.5,-11901.7,8395.4,12317.8,2247.0,0.0,0.0,35514.7,-28088.8,0,0
73.5167,6734.833,-4688.438,6334.833,5285.893,194.072,-136.927,237.514,2.907,-2.298,38,35.2,2.8,0.1678,0.004,0.7138,253.81,319.42,0.7436,12214.3,3014.26,3749.1,94.2,2.7477,129000,101653.4,-79420.3,-54237.1,-76874.6,-11913.9,8405.6,12337.9,2242.8,0.0,0.0,35502.3,-28067.4,0,0
73.6167,6754.257,-4702.144,6354.257,5299.599,194.362,-137.157,237.884,2.906,-2.296,38,35.21,2.79,0.1675,0.004,0.7127,253.72,319.37,0.7449,12214.0,3013.99,3748.7,94.19,2.7477,129000,101653.4,-79420.3,-54237.1,-76860.8,-11926.2,8415.7,12357.9,2238.7,0.0,0.0,35490.1,-28046.2,0,0
73.7167,6773.71,-4715.873,6373.71,5313.328,194.653,-137.386,238.253,2.905,-2.295,38,35.21,2.79,0.1672,0.004,0.7116,253.63,319.31,0.7461,12213.7,3013.71,3748.4,94.18,2.7477,129000,101653.4,-79420.3,-54237.1,-76847.1,-11938.3,8425.8,12377.8,2234.5,0.0,0.0,35477.9,-28025.0,0,0
73.8167,6793.193,-4729.625,6393.193,5327.08,194.943,-137.616,238.623,2.904,-2.293,38,35.22,2.78,0.1669,0.004,0.7106,253.54,319.25,0.7474,12213.4,3013.44,3748.1,94.17,2.7477,129000,101653.4,-79420.3,-54237.1,-76833.4,-11950.5,8435.9,12397.6,2230.4,0.0,0.0,35465.8,-28004.0,0,0
73.9167,6812.704,-4743.4,6412.704,5340.855,195.234,-137.845,238.992,2.903,-2.291,38,35.22,2.78,0.1666,0.0039,0.7095,253.45,319.2,0.7487,12213.2,3013.16,3747.7,94.16,2.7477,129000,101653.4,-79420.3,-54237.0,-76819.8,-11962.6,8445.9,12417.3,2226.3,0.0,0.0,35453.8,-27983.0,0,0
74.0167,6832.244,-4757.198,6432.244,5354.653,195.524,-138.074,239.362,2.902,-2.29,38,35.23,2.77,0.1663,0.0039,0.7084,253.36,319.14,0.75,12212.9,3012.89,3747.4,94.15,2.7477,129000,101653.4,-79420.3,-54236.9,-76806.2,-11974.7,8455.9,12437.0,2222.3,0.0,0.0,35441.8,-27962.2,0,0
74.1167,6851.813,-4771.019,6451.813,5368.474,195.814,-138.303,239.731,2.901,-2.288,38,35.23,2.77,0.166,0.0039,0.7074,253.27,319.08,0.7513,12212.6,3012.61,3747.0,94.14,2.7477,129000,101653.4,-79420.3,-54236.8,-76792.7,-11986.7,8465.9,12456.6,2218.3,0.0,0.0,35429.9,-27941.4,0,0
74.2167,6871.412,-4784.863,6471.412,5382.318,196.104,-138.531,240.099,2.9,-2.286,38,35.24,2.76,0.1658,0.0039,0.7063,253.18,319.03,0.7526,12212.3,3012.34,3746.7,94.14,2.7477,129000,101653.4,-79420.3,-54236.6,-76779.2,-11998.7,8475.8,12476.1,2214.3,0.0,0.0,35418.1,-27920.7,0,0
74.3167,6891.039,-4798.729,6491.039,5396.184,196.394,-138.76,240.468,2.899,-2.285,38,35.24,2.76,0.1655,0.0039,0.7052,253.09,318.97,0.7539,12212.1,3012.06,3746.3,94.13,2.7477,129000,101653.4,-79420.3,-54236.4,-76765.8,-12010.6,8485.7,12495.5,2210.3,0.0,0.0,35406.4,-27900.1,0,0
74.4167,6910.695,-4812.618,6510.695,5410.073,196.684,-138.988,240.837,2.898,-2.283,38,35.25,2.75,0.1652,0.0039,0.7042,253.0,318.91,0.7552,12211.8,3011.79,3746.0,94.12,2.7477,129000,101653.4,-79420.3,-54236.2,-76752.5,-12022.5,8495.5,12514.8,2206.4,0.0,0.0,35394.7,-27879.6,0,0
74.5167,6930.381,-4826.53,6530.381,5423.985,196.974,-139.216,241.205,2.898,-2.281,38,35.25,2.75,0.1649,0.0039,0.7031,252.91,318.86,0.7565,12211.5,3011.51,3745.7,94.11,2.7477,129000,101653.4,-79420.3,-54235.9,-76739.2,-12034.3,8505.4,12534.1,2202.5,0.0,0.0,35383.1,-27859.2,0,0
74.6167,6950.095,-4840.465,6550.095,5437.92,197.263,-139.444,241.573,2.897,-2.28,38,35.26,2.74,0.1647,0.0039,0.702,252.82,318.8,0.7578,12211.2,3011.24,3745.3,94.1,2.7477,129000,101653.4,-79420.3,-54235.7,-76725.9,-12046.1,8515.1,12553.2,2198.6,0.0,0.0,35371.6,-27838.9,0,0
74.7167,6969.838,-4854.423,6569.838,5451.878,197.553,-139.672,241.941,2.896,-2.278,38,35.26,2.74,0.1644,0.0038,0.7009,252.73,318.74,0.759,12211.0,3010.96,3745.0,94.09,2.7477,129000,101653.4,-79420.3,-54235.3,-76712.7,-12057.9,8524.9,12572.3,2194.8,0.0,0.0,35360.1,-27818.7,0,0
74.8167,6989.61,-4868.404,6589.61,5465.859,197.843,-139.9,242.309,2.895,-2.277,38,35.26,2.74,0.1641,0.0038,0.6999,252.64,318.69,0.7603,12210.7,3010.69,3744.6,94.08,2.7477,129000,101653.4,-79420.3,-54235.0,-76699.6,-12069.6,8534.6,12591.3,2191.0,0.0,0.0,35348.8,-27798.5,0,0
74.9167,7009.412,-4882.407,6609.412,5479.862,198.132,-140.128,242.677,2.894,-2.275,38,35.27,2.73,0.1639,0.0038,0.6988,252.55,318.63,0.7616,12210.4,3010.41,3744.3,94.08,2.7477,129000,101653.4,-79420.3,-54234.6,-76686.5,-12081.3,8544.2,12610.2,2187.2,0.0,0.0,35337.5,-27778.5,0,0
75.0167,7029.242,-4896.433,6629.242,5493.888,198.421,-140.355,243.044,2.893,-2.273,38,35.27,2.73,0.1636,0.0038,0.6977,252.45,318.57,0.7629,12210.1,3010.14,3744.0,94.07,2.7477,129000,101653.4,-79420.3,-54234.2,-76673.5,-12093.0,8553.8,12629.0,2183.4,0.0,0.0,35326.2,-27758.5,0,0
75.1167,7049.101,-4910.482,6649.101,5507.937,198.711,-140.582,243.412,2.892,-2.272,38,35.28,2.72,0.1633,0.0038,0.6967,252.36,318.51,0.7642,12209.9,3009.86,3743.6,94.06,2.7477,129000,101653.4,-79420.3,-54233.8,-76660.5,-12104.6,8563.4,12647.8,2179.7,0.0,0.0,35315.1,-27738.6,0,0
75.2167,7068.989,-4924.553,6668.989,5522.008,199.0,-140.809,243.779,2.891,-2.27,38,35.28,2.72,0.1631,0.0038,0.6956,252.27,318.46,0.7655,12209.6,3009.59,3743.3,94.05,2.7477,129000,101653.4,-79420.3,-54233.3,-76647.6,-12116.1,8573.0,12666.4,2175.9,0.0,0.0,35304.0,-27718.9,0,0
75.3167,7088.905,-4938.647,6688.905,5536.102,199.289,-141.036,244.146,2.891,-2.269,38,35.29,2.71,0.1628,0.0038,0.6945,252.18,318.4,0.7668,12209.3,3009.32,3742.9,94.04,2.7477,129000,101653.4,-79420.3,-54232.8,-76634.7,-12127.6,8582.5,12685.0,2172.3,0.0,0.0,35293.0,-27699.2,0,0
75.4167,7108.851,-4952.764,6708.851,5550.219,199.578,-141.263,244.513,2.89,-2.267,38,35.29,2.71,0.1626,0.0038,0.6934,252.09,318.34,0.7681,12209.0,3009.04,3742.6,94.03,2.7477,129000,101653.4,-79420.3,-54232.2,-76621.9,-12139.1,8591.9,12703.5,2168.6,0.0,0.0,35282.1,-27679.6,0,0
75.5167,7128.826,-4966.904,6728.826,5564.359,199.867,-141.49,244.88,2.889,-2.266,38,35.29,2.71,0.1623,0.0037,0.6924,252.0,318.28,0.7694,12208.8,3008.77,3742.2,94.02,2.7477,129000,101653.4,-79420.3,-54231.7,-76609.1,-12150.5,8601.4,12721.9,2165.0,0.0,0.0,35271.2,-27660.1,0,0
75.6167,7148.829,-4981.066,6748.829,5578.521,200.156,-141.716,245.246,2.888,-2.264,38,35.3,2.7,0.1621,0.0037,0.6913,251.9,318.22,0.7707,12208.5,3008.49,3741.9,94.02,2.7477,129000,101653.4,-79420.3,-54231.1,-76596.3,-12161.9,8610.7,12740.2,2161.4,0.0,0.0,35260.4,-27640.6,0,0
75.7167,7168.862,-4995.251,6768.862,5592.706,200.444,-141.943,245.613,2.887,-2.263,38,35.3,2.7,0.1618,0.0037,0.6902,251.81,318.17,0.772,12208.2,3008.22,3741.6,94.01,2.7477,129000,101653.4,-79420.3,-54230.5,-76583.7,-12173.2,8620.1,12758.4,2157.8,0.0,0.0,35249.7,-27621.3,0,0
75.8167,7188.923,-5009.458,6788.923,5606.913,200.733,-142.169,245.979,2.887,-2.261,38,35.31,2.69,0.1616,0.0037,0.6891,251.72,318.11,0.7733,12207.9,3007.94,3741.2,94.0,2.7477,129000,101653.4,-79420.3,-54229.8,-76571.0,-12184.5,8629.4,12776.5,2154.2,0.0,0.0,35239.1,-27602.0,0,0
75.9167,7209.013,-5023.688,6809.013,5621.143,201.022,-142.395,246.345,2.886,-2.259,38,35.31,2.69,0.1613,0.0037,0.6881,251.63,318.05,0.7746,12207.7,3007.67,3740.9,93.99,2.7477,129000,101653.4,-79420.3,-54229.1,-76558.4,-12195.7,8638.7,12794.6,2150.7,0.0,0.0,35228.5,-27582.9,0,0
76.0167,7229.132,-5037.941,6829.132,5635.396,201.31,-142.621,246.711,2.885,-2.258,38,35.32,2.68,0.1611,0.0037,0.687,251.54,317.99,0.7758,12207.4,3007.39,3740.5,93.98,2.7477,129000,101653.4,-79420.3,-54228.4,-76545.9,-12206.9,8647.9,12812.6,2147.2,0.0,0.0,35218.1,-27563.8,0,0
76.1167,7249.28,-5052.216,6849.28,5649.671,201.599,-142.846,247.077,2.884,-2.256,38,35.32,2.68,0.1608,0.0037,0.6859,251.44,317.93,0.7771,12207.1,3007.12,3740.2,93.97,2.7477,129000,101653.4,-79420.3,-54227.7,-76533.4,-12218.0,8657.1,12830.4,2143.7,0.0,0.0,35207.7,-27544.8,0,0
76.2167,7269.457,-5066.514,6869.457,5663.969,201.887,-143.072,247.443,2.883,-2.255,38,35.32,2.68,0.1606,0.0037,0.6848,251.35,317.87,0.7784,12206.8,3006.84,3739.9,93.96,2.7477,129000,101653.4,-79420.3,-54226.9,-76520.9,-12229.1,8666.2,12848.2,2140.3,0.0,0.0,35197.3,-27525.9,0,0
76.3167,7289.662,-5080.834,6889.662,5678.289,202.175,-143.297,247.808,2.883,-2.253,38,35.33,2.67,0.1604,0.0037,0.6837,251.26,317.81,0.7797,12206.6,3006.57,3739.5,93.96,2.7477,129000,101653.4,-79420.3,-54226.1,-76508.5,-12240.2,8675.3,12865.9,2136.8,0.0,0.0,35187.1,-27507.1,0,0
76.4167,7309.897,-5095.177,6909.897,5692.632,202.464,-143.522,248.174,2.882,-2.252,38,35.33,2.67,0.1601,0.0036,0.6827,251.16,317.76,0.781,12206.3,3006.29,3739.2,93.95,2.7477,129000,101653.4,-79420.3,-54225.3,-76496.2,-12251.2,8684.4,12883.6,2133.4,0.0,0.0,35176.9,-27488.4,0,0
76.5167,7330.16,-5109.543,6930.16,5706.998,202.752,-143.748,248.539,2.881,-2.251,38,35.34,2.66,0.1599,0.0036,0.6816,251.07,317.7,0.7823,12206.0,3006.02,3738.8,93.94,2.7477,129000,101653.4,-79420.3,-54224.4,-76483.8,-12262.1,8693.4,12901.1,2130.1,0.0,0.0,35166.8,-27469.7,0,0
76.6167,7350.452,-5123.93,6950.452,5721.385,203.04,-143.973,248.904,2.88,-2.249,38,35.34,2.66,0.1596,0.0036,0.6805,250.98,317.64,0.7836,12205.7,3005.74,3738.5,93.93,2.7477,129000,101653.4,-79420.3,-54223.6,-76471.6,-12273.0,8702.4,12918.6,2126.7,0.0,0.0,35156.8,-27451.1,0,0
76.7167,7370.773,-5138.341,6970.773,5735.796,203.328,-144.197,249.269,2.88,-2.248,38,35.34,2.66,0.1594,0.0036,0.6794,250.88,317.58,0.7849,12205.5,3005.47,3738.1,93.92,2.7477,129000,101653.4,-79420.3,-54222.7,-76459.3,-12283.9,8711.4,12935.9,2123.4,0.0,0.0,35146.8,-27432.7,0,0
76.8167,7391.122,-5152.774,6991.122,5750.229,203.616,-144.422,249.634,2.879,-2.246,38,35.35,2.65,0.1592,0.0036,0.6783,250.79,317.52,0.7862,12205.2,3005.19,3737.8,93.91,2.7477,129000,101653.4,-79420.3,-54221.7,-76447.2,-12294.7,8720.3,12953.2,2120.1,0.0,0.0,35137.0,-27414.3,0,0
76.9167,7411.501,-5167.229,7011.501,5764.684,203.904,-144.647,249.999,2.878,-2.245,38,35.35,2.65,0.159,0.0036,0.6773,250.7,317.46,0.7875,12204.9,3004.92,3737.5,93.9,2.7477,129000,101653.4,-79420.3,-54220.7,-76435.0,-12305.5,8729.1,12970.4,2116.8,0.0,0.0,35127.2,-27396.0,0,0
77.0167,7431.908,-5181.707,7031.908,5779.162,204.191,-144.871,250.363,2.877,-2.243,38,35.35,2.65,0.1587,0.0036,0.6762,250.6,317.4,0.7888,12204.6,3004.64,3737.1,93.9,2.7477,129000,101653.4,-79420.3,-54219.7,-76422.9,-12316.2,8738.0,12987.5,2113.5,0.0,0.0,35117.5,-27377.7,0,0
77.1167,7452.344,-5196.207,7052.344,5793.662,204.479,-145.095,250.728,2.877,-2.242,38,35.36,2.64,0.1585,0.0036,0.6751,250.51,317.34,0.7901,12204.4,3004.37,3736.8,93.89,2.7477,129000,101653.4,-79420.3,-54218.7,-76410.9,-12326.8,8746.7,13004.5,2110.3,0.0,0.0,35107.8,-27359.6,0,0
77.2167,7472.808,-5210.729,7072.808,5808.184,204.767,-145.319,251.092,2.876,-2.24,38,35.36,2.64,0.1583,0.0036,0.674,250.41,317.28,0.7914,12204.1,3004.09,3736.4,93.88,2.7477,129000,101653.4,-79420.3,-54217.7,-76398.8,-12337.5,8755.5,13021.4,2107.1,0.0,0.0,35098.3,-27341.5,0,0
77.3167,7493.302,-5225.274,7093.302,5822.729,205.054,-145.543,251.456,2.875,-2.239,38,35.37,2.63,0.1581,0.0035,0.6729,250.32,317.22,0.7927,12203.8,3003.82,3736.1,93.87,2.7477,129000,101653.4,-79420.3,-54216.6,-76386.9,-12348.0,8764.2,13038.3,2103.9,0.0,0.0,35088.8,-27323.5,0,0
77.4167,7513.824,-5239.842,7113.824,5837.297,205.342,-145.767,251.82,2.875,-2.238,38,35.37,2.63,0.1578,0.0035,0.6719,250.22,317.16,0.794,12203.5,3003.55,3735.8,93.86,2.7477,129000,101653.4,-79420.3,-54215.5,-76374.9,-12358.5,8772.8,13055.0,2100.7,0.0,0.0,35079.4,-27305.7,0,0
77.5167,7534.375,-5254.432,7134.375,5851.887,205.629,-145.991,252.184,2.874,-2.236,38,35.37,2.63,0.1576,0.0035,0.6708,250.13,317.1,0.7953,12203.3,3003.27,3735.4,93.85,2.7477,129000,101653.4,-79420.3,-54214.3,-76363.0,-12369.0,8781.4,13071.7,2097.6,0.0,0.0,35070.1,-27287.8,0,0
77.6167,7554.955,-5269.044,7154.955,5866.499,205.916,-146.214,252.547,2.873,-2.235,38,35.38,2.62,0.1574,0.0035,0.6697,250.03,317.04,0.7966,12203.0,3003.0,3735.1,93.84,2.7477,129000,101653.4,-79420.3,-54213.2,-76351.2,-12379.4,8790.0,13088.2,2094.5,0.0,0.0,35060.8,-27270.1,0,0
77.7167,7575.563,-5283.678,7175.563,5881.133,206.204,-146.438,252.911,2.872,-2.233,38,35.38,2.62,0.1572,0.0035,0.6686,249.94,316.98,0.7979,12202.7,3002.72,3734.7,93.84,2.7477,129000,101653.4,-79420.3,-54212.0,-76339.4,-12389.8,8798.5,13104.7,2091.4,0.0,0.0,35051.6,-27252.5,0,0
77.8167,7596.2,-5298.335,7196.2,5895.79,206.491,-146.661,253.274,2.872,-2.232,38,35.38,2.62,0.157,0.0035,0.6675,249.84,316.92,0.7992,12202.4,3002.45,3734.4,93.83,2.7477,129000,101653.4,-79420.3,-54210.7,-76327.6,-12400.1,8807.0,13121.1,2088.3,0.0,0.0,35042.5,-27234.9,0,0
77.9167,7616.866,-5313.014,7216.866,5910.469,206.778,-146.884,253.638,2.871,-2.231,38,35.39,2.61,0.1568,0.0035,0.6664,249.75,316.86,0.8005,12202.2,3002.17,3734.0,93.82,2.7477,129000,101653.4,-79420.3,-54209.5,-76315.9,-12410.4,8815.5,13137.4,2085.2,0.0,0.0,35033.5,-27217.4,0,0
78.0167,7637.56,-5327.715,7237.56,5925.17,207.065,-147.107,254.001,2.87,-2.229,38,35.39,2.61,0.1565,0.0035,0.6654,249.65,316.8,0.8018,12201.9,3001.9,3733.7,93.81,2.7477,129000,101653.4,-79420.3,-54208.2,-76304.2,-12420.6,8823.9,13153.7,2082.2,0.0,0.0,35024.6,-27200.0,0,0
78.1167,7658.284,-5342.439,7258.284,5939.894,207.352,-147.33,254.364,2.87,-2.228,38,35.39,2.61,0.1563,0.0035,0.6643,249.56,316.74,0.8031,12201.6,3001.62,3733.4,93.8,2.7477,129000,101653.4,-79420.3,-54206.9,-76292.5,-12430.8,8832.2,13169.8,2079.2,0.0,0.0,35015.7,-27182.7,0,0
78.2167,7679.036,-5357.185,7279.036,5954.64,207.639,-147.553,254.727,2.869,-2.226,38,35.4,2.6,0.1561,0.0035,0.6632,249.46,316.68,0.8044,12201.3,3001.35,3733.0,93.79,2.7477,129000,101653.4,-79420.3,-54205.6,-76280.9,-12440.9,8840.5,13185.8,2076.2,0.0,0.0,35006.9,-27165.5,0,0
78.3167,7699.816,-5371.953,7299.816,5969.408,207.926,-147.775,255.09,2.868,-2.225,38,35.4,2.6,0.1559,0.0035,0.6621,249.36,316.62,0.8057,12201.1,3001.07,3732.7,93.78,2.7477,129000,101653.4,-79420.3,-54204.2,-76269.3,-12450.9,8848.8,13201.8,2073.3,0.0,0.0,34998.2,-27148.3,0,0
78.4167,7720.626,-5386.744,7320.626,5984.199,208.213,-147.998,255.452,2.868,-2.224,38,35.4,2.6,0.1557,0.0034,0.661,249.27,316.55,0.807,12200.8,3000.8,3732.3,93.77,2.7477,129000,101653.4,-79420.3,-54202.8,-76257.8,-12460.9,8857.0,13217.7,2070.3,0.0,0.0,34989.6,-27131.2,0,0
78.5167,7741.464,-5401.557,7341.464,5999.012,208.5,-148.22,255.815,2.867,-2.222,38,35.41,2.59,0.1555,0.0034,0.6599,249.17,316.49,0.8083,12200.5,3000.52,3732.0,93.77,2.7477,129000,101653.4,-79420.3,-54201.4,-76246.3,-12470.9,8865.2,13233.4,2067.4,0.0,0.0,34981.1,-27114.2,0,0
78.6167,7762.33,-5416.392,7362.33,6013.847,208.786,-148.442,256.177,2.867,-2.221,38,35.41,2.59,0.1553,0.0034,0.6588,249.08,316.43,0.8096,12200.2,3000.25,3731.7,93.76,2.7477,129000,101653.4,-79420.3,-54200.0,-76234.8,-12480.8,8873.4,13249.1,2064.5,0.0,0.0,34972.6,-27097.3,0,0
78.7167,7783.226,-5431.249,7383.226,6028.704,209.073,-148.664,256.539,2.866,-2.22,38,35.41,2.59,0.1551,0.0034,0.6578,248.98,316.37,0.8109,12200.0,2999.97,3731.3,93.75,2.7477,129000,101653.4,-79420.3,-54198.5,-76223.3,-12490.7,8881.5,13264.7,2061.6,0.0,0.0,34964.2,-27080.5,0,0
78.8167,7804.15,-5446.128,7404.15,6043.583,209.359,-148.886,256.901,2.865,-2.218,38,35.42,2.58,0.1549,0.0034,0.6567,248.88,316.31,0.8122,12199.7,2999.7,3731.0,93.74,2.7477,129000,101653.4,-79420.3,-54197.0,-76211.9,-12500.5,8889.5,13280.2,2058.8,0.0,0.0,34955.9,-27063.7,0,0
78.9167,7825.102,-5461.03,7425.102,6058.485,209.646,-149.108,257.263,2.865,-2.217,38,35.42,2.58,0.1547,0.0034,0.6556,248.79,316.25,0.8135,12199.4,2999.42,3730.6,93.73,2.7477,129000,101653.4,-79420.3,-54195.5,-76200.6,-12510.2,8897.5,13295.7,2055.9,0.0,0.0,34947.7,-27047.0,0,0
79.0167,7846.084,-5475.953,7446.084,6073.408,209.932,-149.329,257.625,2.864,-2.216,38,35.42,2.58,0.1545,0.0034,0.6545,248.69,316.19,0.8148,12199.1,2999.15,3730.3,93.72,2.7477,129000,101653.4,-79420.3,-54193.9,-76189.3,-12519.9,8905.5,13311.0,2053.1,0.0,0.0,34939.5,-27030.4,0,0
79.1167,7867.094,-5490.899,7467.094,6088.354,210.219,-149.551,257.987,2.863,-2.214,38,35.43,2.57,0.1543,0.0034,0.6534,248.59,316.12,0.8161,12198.9,2998.87,3729.9,93.71,2.7477,129000,101653.4,-79420.3,-54192.4,-76178.0,-12529.6,8913.4,13326.2,2050.3,0.0,0.0,34931.5,-27013.9,0,0
79.2167,7888.132,-5505.867,7488.132,6103.322,210.505,-149.772,258.349,2.863,-2.213,38,35.43,2.57,0.1541,0.0034,0.6523,248.49,316.06,0.8174,12198.6,2998.6,3729.6,93.71,2.7477,129000,101653.4,-79420.3,-54190.8,-76166.7,-12539.2,8921.3,13341.4,2047.6,0.0,0.0,34923.5,-26997.5,0,0
79.3167,7909.199,-5520.857,7509.199,6118.312,210.791,-149.993,258.71,2.862,-2.212,38,35.43,2.57,0.154,0.0034,0.6512,248.4,316.0,0.8187,12198.3,2998.32,3729.3,93.7,2.7477,129000,101653.4,-79420.3,-54189.1,-76155.5,-12548.7,8929.1,13356.5,2044.8,0.0,0.0,34915.6,-26981.1,0,0
79.4167,7930.295,-5535.869,7530.295,6133.324,211.077,-150.215,259.072,2.862,-2.211,38,35.44,2.56,0.1538,0.0034,0.6501,248.3,315.94,0.82,12198.0,2998.05,3728.9,93.69,2.7477,129000,101653.4,-79420.3,-54187.5,-76144.3,-12558.2,8936.9,13371.4,2042.1,0.0,0.0,34907.7,-26964.8,0,0
79.5167,7951.42,-5550.904,7551.42,6148.359,211.364,-150.435,259.433,2.861,-2.209,38,35.44,2.56,0.1536,0.0034,0.6491,248.2,315.88,0.8213,12197.8,2997.78,3728.6,93.68,2.7477,129000,101653.4,-79420.3,-54185.8,-76133.1,-12567.6,8944.7,13386.3,2039.4,0.0,0.0,34900.0,-26948.6,0,0
79.6167,7972.573,-5565.96,7572.573,6163.415,211.65,-150.656,259.794,2.861,-2.208,38,35.44,2.56,0.1534,0.0033,0.648,248.1,315.81,0.8226,12197.5,2997.5,3728.2,93.67,2.7477,129000,101653.4,-79420.3,-54184.1,-76122.0,-12577.0,8952.4,13401.1,2036.7,0.0,0.0,34892.3,-26932.5,0,0
79.7167,7993.754,-5581.039,7593.754,6178.494,211.936,-150.877,260.155,2.86,-2.207,38,35.45,2.55,0.1532,0.0033,0.6469,248.01,315.75,0.8239,12197.2,2997.23,3727.9,93.66,2.7477,129000,101653.4,-79420.3,-54182.3,-76110.9,-12586.3,8960.0,13415.8,2034.0,0.0,0.0,34884.7,-26916.4,0,0
79.8167,8014.965,-5596.139,7614.965,6193.594,212.222,-151.098,260.516,2.86,-2.206,38,35.45,2.55,0.153,0.0033,0.6458,247.91,315.69,0.8252,12197.0,2996.95,3727.6,93.65,2.7477,129000,101653.4,-79420.3,-54180.6,-76099.9,-12595.6,8967.6,13430.5,2031.4,0.0,0.0,34877.2,-26900.4,0,0
79.9167,8036.203,-5611.262,7636.203,6208.717,212.508,-151.318,260.877,2.859,-2.204,38,35.45,2.55,0.1528,0.0033,0.6447,247.81,315.63,0.8265,12196.7,2996.68,3727.2,93.65,2.7477,129000,101653.4,-79420.3,-54178.8,-76088.8,-12604.8,8975.2,13445.0,2028.7,0.0,0.0,34869.8,-26884.5,0,0
80.0167,8057.471,-5626.407,7657.471,6223.862,212.793,-151.539,261.237,2.858,-2.203,38,35.46,2.54,0.1527,0.0033,0.6436,247.71,315.56,0.8278,12196.4,2996.4,3726.9,93.64,2.7477,129000,101653.4,-79420.3,-54177.0,-76077.8,-12614.0,8982.7,13459.4,2026.1,0.0,0.0,34862.4,-26868.7,0,0
80.1167,8078.767,-5641.573,7678.767,6239.028,213.079,-151.759,261.598,2.858,-2.202,38,35.46,2.54,0.1525,0.0033,0.6425,247.61,315.5,0.8292,12196.1,2996.13,3726.5,93.63,2.7477,129000,101653.4,-79420.3,-54175.1,-76066.9,-12623.1,8990.2,13473.8,2023.5,0.0,0.0,34855.2,-26853.0,0,0
80.2167,8100.091,-5656.762,7700.091,6254.217,213.365,-151.979,261.958,2.857,-2.201,38,35.46,2.54,0.1523,0.0033,0.6414,247.51,315.44,0.8305,12195.9,2995.85,3726.2,93.62,2.7477,129000,101653.4,-79420.3,-54173.3,-76055.9,-12632.1,8997.6,13488.0,2020.9,0.0,0.0,34848.0,-26837.3,0,0
80.3167,8121.445,-5671.973,7721.445,6269.428,213.651,-152.199,262.319,2.857,-2.199,38,35.46,2.54,0.1521,0.0033,0.6403,247.42,315.38,0.8318,12195.6,2995.58,3725.8,93.61,2.7477,129000,101653.4,-79420.3,-54171.4,-76045.0,-12641.1,9005.0,13502.2,2018.4,0.0,0.0,34840.9,-26821.7,0,0
80.4167,8142.826,-5687.205,7742.826,6284.66,213.936,-152.419,262.679,2.856,-2.198,38,35.47,2.53,0.152,0.0033,0.6393,247.32,315.31,0.8331,12195.3,2995.3,3725.5,93.6,2.7477,129000,101653.4,-79420.3,-54169.5,-76034.2,-12650.1,9012.4,13516.3,2015.9,0.0,0.0,34833.8,-26806.2,0,0
80.5167,8164.237,-5702.46,7764.237,6299.915,214.222,-152.638,263.039,2.856,-2.197,38,35.47,2.53,0.1518,0.0033,0.6382,247.22,315.25,0.8344,12195.0,2995.03,3725.2,93.59,2.7477,129000,101653.4,-79420.3,-54167.5,-76023.3,-12659.0,9019.7,13530.3,2013.3,0.0,0.0,34826.9,-26790.8,0,0
80.6167,8185.676,-5717.737,7785.676,6315.192,214.508,-152.858,263.399,2.855,-2.196,38,35.47,2.53,0.1516,0.0033,0.6371,247.12,315.19,0.8357,12194.8,2994.75,3724.8,93.59,2.7477,129000,101653.4,-79420.3,-54165.5,-76012.5,-12667.8,9026.9,13544.2,2010.9,0.0,0.0,34820.0,-26775.4,0,0
80.7167,8207.143,-5733.035,7807.143,6330.49,214.793,-153.078,263.759,2.855,-2.194,38,35.48,2.52,0.1514,0.0033,0.636,247.02,315.12,0.837,12194.5,2994.48,3724.5,93.58,2.7477,129000,101653.4,-79420.3,-54163.5,-76001.7,-12676.6,9034.1,13558.0,2008.4,0.0,0.0,34813.2,-26760.1,0,0
80.8167,8228.639,-5748.356,7828.639,6345.811,215.079,-153.297,264.119,2.854,-2.193,38,35.48,2.52,0.1513,0.0033,0.6349,246.92,315.06,0.8383,12194.2,2994.2,3724.1,93.57,2.7477,129000,101653.4,-79420.3,-54161.5,-75991.0,-12685.3,9041.3,13571.7,2005.9,0.0,0.0,34806.5,-26744.9,0,0
80.9167,8250.163,-5763.698,7850.163,6361.153,215.364,-153.516,264.478,2.854,-2.192,38,35.48,2.52,0.1511,0.0032,0.6338,246.82,315.0,0.8396,12193.9,2993.93,3723.8,93.56,2.7477,129000,101653.4,-79420.3,-54159.5,-75980.3,-12694.0,9048.4,13585.3,2003.5,0.0,0.0,34799.9,-26729.7,0,0
81.0167,8271.716,-5779.063,7871.716,6376.518,215.649,-153.735,264.838,2.853,-2.191,38,35.48,2.52,0.1509,0.0032,0.6327,246.72,314.93,0.8409,12193.7,2993.65,3723.4,93.55,2.7477,129000,101653.4,-79420.3,-54157.4,-75969.6,-12702.6,9055.5,13598.9,2001.1,0.0,0.0,34793.4,-26714.7,0,0
81.1167,8293.298,-5794.449,7893.298,6391.904,215.935,-153.954,265.197,2.853,-2.19,38,35.49,2.51,0.1508,0.0032,0.6316,246.62,314.87,0.8423,12193.4,2993.38,3723.1,93.54,2.7477,129000,101653.4,-79420.3,-54155.3,-75958.9,-12711.2,9062.5,13612.3,1998.7,0.0,0.0,34786.9,-26699.7,0,0
81.2167,8314.908,-5809.857,7914.908,6407.312,216.22,-154.173,265.557,2.852,-2.189,38,35.49,2.51,0.1506,0.0032,0.6305,246.52,314.8,0.8436,12193.1,2993.1,3722.8,93.53,2.7477,129000,101653.4,-79420.3,-54153.2,-75948.3,-12719.7,9069.5,13625.7,1996.3,0.0,0.0,34780.6,-26684.8,0,0
81.3167,8336.547,-5825.287,7936.547,6422.742,216.505,-154.392,265.916,2.852,-2.187,38,35.49,2.51,0.1504,0.0032,0.6294,246.42,314.74,0.8449,12192.8,2992.83,3722.4,93.53,2.7477,129000,101653.4,-79420.3,-54151.0,-75937.6,-12728.1,9076.4,13638.9,1993.9,0.0,0.0,34774.3,-26669.9,0,0
81.4167,8358.214,-5840.739,7958.214,6438.194,216.79,-154.611,266.275,2.852,-2.186,38,35.5,2.5,0.1503,0.0032,0.6284,246.32,314.68,0.8462,12192.6,2992.55,3722.1,93.52,2.7477,129000,101653.4,-79420.3,-54148.8,-75927.1,-12736.5,9083.3,13652.1,1991.6,0.0,0.0,34768.0,-26655.2,0,0
81.5167,8379.91,-5856.213,7979.91,6453.668,217.075,-154.829,266.634,2.851,-2.185,38,35.5,2.5,0.1501,0.0032,0.6273,246.22,314.61,0.8475,12192.3,2992.28,3721.7,93.51,2.7477,129000,101653.4,-79420.3,-54146.6,-75916.5,-12744.8,9090.1,13665.2,1989.2,0.0,0.0,34761.9,-26640.5,0,0
81.6167,8401.634,-5871.709,8001.634,6469.164,217.36,-155.048,266.993,2.851,-2.184,38,35.5,2.5,0.15,0.0032,0.6262,246.12,314.55,0.8488,12192.0,2992.0,3721.4,93.5,2.7477,129000,101653.4,-79420.3,-54144.4,-75906.0,-12753.1,9096.9,13678.2,1986.9,0.0,0.0,34755.9,-26625.8,0,0
81.7167,8423.386,-5887.226,8023.386,6484.681,217.646,-155.266,267.352,2.85,-2.183,38,35.5,2.5,0.1498,0.0032,0.6251,246.02,314.48,0.8501,12191.7,2991.73,3721.1,93.49,2.7477,129000,101653.4,-79420.3,-54142.1,-75895.5,-12761.3,9103.7,13691.1,1984.6,0.0,0.0,34749.9,-26611.3,0,0
81.8167,8445.168,-5902.766,8045.168,6500.221,217.931,-155.484,267.711,2.85,-2.182,38,35.51,2.49,0.1497,0.0032,0.624,245.92,314.42,0.8514,12191.5,2991.46,3720.7,93.48,2.7477,129000,101653.4,-79420.3,-54139.9,-75885.0,-12769.5,9110.3,13703.9,1982.4,0.0,0.0,34744.0,-26596.8,0,0
81.9167,8466.977,-5918.327,8066.977,6515.782,218.215,-155.702,268.069,2.849,-2.18,38,35.51,2.49,0.1495,0.0032,0.6229,245.81,314.35,0.8528,12191.2,2991.18,3720.4,93.47,2.7477,129000,101653.4,-79420.3,-54137.6,-75874.6,-12777.6,9117.0,13716.6,1980.1,0.0,0.0,34738.2,-26582.4,0,0
82.0167,8488.815,-5933.91,8088.815,6531.365,218.5,-155.92,268.428,2.849,-2.179,38,35.51,2.49,0.1493,0.0032,0.6218,245.71,314.29,0.8541,12190.9,2990.91,3720.0,93.47,2.7477,129000,101653.4,-79420.3,-54135.2,-75864.1,-12785.7,9123.6,13729.2,1977.9,0.0,0.0,34732.5,-26568.1,0,0
82.1167,8510.682,-5949.514,8110.682,6546.969,218.785,-156.138,268.786,2.849,-2.178,38,35.51,2.49,0.1492,0.0032,0.6207,245.61,314.22,0.8554,12190.6,2990.63,3719.7,93.46,2.7477,129000,101653.4,-79420.3,-54132.9,-75853.7,-12793.6,9130.2,13741.8,1975.6,0.0,0.0,34726.9,-26553.8,0,0
82.2167,8532.577,-5965.141,8132.577,6562.596,219.07,-156.356,269.145,2.848,-2.177,38,35.52,2.48,0.149,0.0032,0.6196,245.51,314.16,0.8567,12190.4,2990.36,3719.3,93.45,2.7477,129000,101653.4,-79420.3,-54130.5,-75843.4,-12801.6,9136.7,13754.2,1973.4,0.0,0.0,34721.3,-26539.6,0,0
82.3167,8554.501,-5980.789,8154.501,6578.244,219.355,-156.574,269.503,2.848,-2.176,38,35.52,2.48,0.1489,0.0032,0.6185,245.41,314.09,0.858,12190.1,2990.08,3719.0,93.44,2.7477,129000,101653.4,-79420.3,-54128.1,-75833.0,-12809.5,9143.1,13766.6,1971.3,0.0,0.0,34715.8,-26525.5,0,0
82.4167,8576.453,-5996.459,8176.453,6593.914,219.64,-156.791,269.861,2.847,-2.175,38,35.52,2.48,0.1487,0.0031,0.6174,245.31,314.03,0.8594,12189.8,2989.81,3718.7,93.43,2.7477,129000,101653.4,-79420.3,-54125.7,-75822.7,-12817.3,9149.6,13778.8,1969.1,0.0,0.0,34710.5,-26511.5,0,0
82.5167,8598.434,-6012.151,8198.434,6609.606,219.924,-157.008,270.219,2.847,-2.174,38,35.52,2.48,0.1486,0.0031,0.6163,245.2,313.96,0.8607,12189.5,2989.53,3718.3,93.42,2.7477,129000,101653.4,-79420.3,-54123.2,-75812.4,-12825.0,9155.9,13791.0,1966.9,0.0,0.0,34705.1,-26497.5,0,0
82.6167,8620.443,-6027.865,8220.443,6625.32,220.209,-157.226,270.577,2.847,-2.173,38,35.53,2.47,0.1485,0.0031,0.6153,245.1,313.9,0.862,12189.3,2989.26,3718.0,93.41,2.7477,129000,101653.4,-79420.3,-54120.7,-75802.1,-12832.8,9162.2,13803.1,1964.8,0.0,0.0,34699.9,-26483.6,0,0
82.7167,8642.48,-6043.6,8242.48,6641.055,220.494,-157.443,270.935,2.846,-2.172,38,35.53,2.47,0.1483,0.0031,0.6142,245.0,313.83,0.8633,12189.0,2988.98,3717.6,93.41,2.7477,129000,101653.4,-79420.3,-54118.2,-75791.9,-12840.4,9168.5,13815.1,1962.7,0.0,0.0,34694.8,-26469.8,0,0
82.8167,8664.546,-6059.357,8264.546,6656.812,220.778,-157.66,271.293,2.846,-2.171,38,35.53,2.47,0.1482,0.0031,0.6131,244.9,313.77,0.8646,12188.7,2988.71,3717.3,93.4,2.7477,129000,101653.4,-79420.3,-54115.7,-75781.7,-12848.0,9174.8,13827.0,1960.6,0.0,0.0,34689.7,-26456.0,0,0
82.9167,8686.641,-6075.136,8286.641,6672.591,221.063,-157.877,271.651,2.846,-2.169,38,35.53,2.47,0.148,0.0031,0.612,244.8,313.7,0.866,12188.4,2988.43,3717.0,93.39,2.7477,129000,101653.4,-79420.3,-54113.1,-75771.5,-12855.5,9180.9,13838.8,1958.5,0.0,0.0,34684.7,-26442.3,0,0
83.0167,8708.763,-6090.936,8308.763,6688.391,221.348,-158.094,272.008,2.845,-2.168,38,35.54,2.46,0.1479,0.0031,0.6109,244.69,313.64,0.8673,12188.2,2988.16,3716.6,93.38,2.7477,129000,101653.4,-79420.3,-54110.5,-75761.3,-12863.0,9187.1,13850.5,1956.4,0.0,0.0,34679.9,-26428.7,0,0
83.1167,8730.915,-6106.758,8330.915,6704.213,221.632,-158.311,272.366,2.845,-2.167,38,35.54,2.46,0.1477,0.0031,0.6098,244.59,313.57,0.8686,12187.9,2987.88,3716.3,93.37,2.7477,129000,101653.4,-79420.3,-54107.9,-75751.1,-12870.4,9193.2,13862.1,1954.4,0.0,0.0,34675.1,-26415.2,0,0
83.2167,8753.095,-6122.602,8353.095,6720.057,221.917,-158.527,272.723,2.845,-2.166,38,35.54,2.46,0.1476,0.0031,0.6087,244.49,313.5,0.8699,12187.6,2987.61,3715.9,93.36,2.7477,129000,101653.4,-79420.3,-54105.3,-75741.0,-12877.8,9199.2,13873.7,1952.3,0.0,0.0,34670.3,-26401.7,0,0
83.3167,8775.303,-6138.467,8375.303,6735.922,222.201,-158.744,273.08,2.844,-2.165,38,35.54,2.46,0.1475,0.0031,0.6076,244.38,313.44,0.8712,12187.3,2987.33,3715.6,93.35,2.7477,129000,101653.4,-79420.3,-54102.6,-75730.9,-12885.1,9205.2,13885.1,1950.3,0.0,0.0,34665.7,-26388.3,0,0
83.4167,8797.54,-6154.354,8397.54,6751.809,222.485,-158.96,273.438,2.844,-2.164,38,35.54,2.46,0.1473,0.0031,0.6065,244.28,313.37,0.8726,12187.1,2987.06,3715.2,93.35,2.7477,129000,101653.4,-79420.3,-54099.9,-75720.8,-12892.3,9211.1,13896.4,1948.3,0.0,0.0,34661.1,-26375.0,0,0
83.5167,8819.805,-6170.263,8419.805,6767.718,222.77,-159.177,273.795,2.844,-2.163,38,35.55,2.45,0.1472,0.0031,0.6054,244.18,313.3,0.8739,12186.8,2986.78,3714.9,93.34,2.7477,129000,101653.4,-79420.3,-54097.2,-75710.7,-12899.5,9217.0,13907.7,1946.3,0.0,0.0,34656.7,-26361.7,0,0
83.6167,8842.098,-6186.193,8442.098,6783.648,223.054,-159.393,274.152,2.843,-2.162,38,35.55,2.45,0.1471,0.0031,0.6043,244.07,313.24,0.8752,12186.5,2986.51,3714.6,93.33,2.7477,129000,101653.4,-79420.3,-54094.5,-75700.7,-12906.6,9222.9,13918.9,1944.4,0.0,0.0,34652.3,-26348.5,0,0
83.7167,8864.42,-6202.145,8464.42,6799.6,223.339,-159.609,274.509,2.843,-2.161,38,35.55,2.45,0.1469,0.0031,0.6032,243.97,313.17,0.8765,12186.2,2986.23,3714.2,93.32,2.7477,129000,101653.4,-79420.3,-54091.7,-75690.7,-12913.7,9228.7,13929.9,1942.4,0.0,0.0,34648.0,-26335.4,0,0
83.8167,8886.771,-6218.118,8486.771,6815.573,223.623,-159.825,274.866,2.843,-2.16,38,35.55,2.45,0.1468,0.0031,0.6022,243.87,313.11,0.8779,12186.0,2985.96,3713.9,93.31,2.7477,129000,101653.4,-79420.3,-54088.9,-75680.7,-12920.7,9234.4,13940.9,1940.5,0.0,0.0,34643.7,-26322.3,0,0
83.9167,8909.15,-6234.114,8509.15,6831.569,223.907,-160.041,275.223,2.843,-2.159,38,35.56,2.44,0.1467,0.0031,0.6011,243.76,313.04,0.8792,12185.7,2985.69,3713.5,93.3,2.7477,129000,101653.4,-79420.3,-54086.1,-75670.7,-12927.7,9240.1,13951.8,1938.6,0.0,0.0,34639.6,-26309.3,0,0
84.0167,8931.557,-6250.13,8531.557,6847.585,224.191,-160.257,275.58,2.842,-2.158,38,35.56,2.44,0.1465,0.0031,0.6,243.66,312.97,0.8805,12185.4,2985.41,3713.2,93.29,2.7477,129000,101653.4,-79420.3,-54083.3,-75660.7,-12934.5,9245.8,13962.6,1936.7,0.0,0.0,34635.5,-26296.4,0,0
84.1167,8953.993,-6266.169,8553.993,6863.624,224.476,-160.473,275.936,2.842,-2.157,38,35.56,2.44,0.1464,0.003,0.5989,243.55,312.9,0.8819,12185.1,2985.14,3712.9,93.29,2.7477,129000,101653.4,-79420.3,-54080.4,-75650.8,-12941.4,9251.4,13973.3,1934.8,0.0,0.0,34631.6,-26283.6,0,0
84.2167,8976.457,-6282.228,8576.457,6879.683,224.76,-160.688,276.293,2.842,-2.156,38,35.56,2.44,0.1463,0.003,0.5978,243.45,312.84,0.8832,12184.9,2984.86,3712.5,93.28,2.7477,129000,101653.4,-79420.3,-54077.6,-75640.9,-12948.1,9257.0,13983.9,1932.9,0.0,0.0,34627.7,-26270.8,0,0
84.3167,8998.949,-6298.31,8598.949,6895.765,225.044,-160.904,276.649,2.842,-2.155,38,35.56,2.44,0.1462,0.003,0.5967,243.34,312.77,0.8845,12184.6,2984.59,3712.2,93.27,2.7477,129000,101653.4,-79420.3,-54074.7,-75631.0,-12954.9,9262.5,13994.5,1931.0,0.0,0.0,34623.9,-26258.1,0,0
84.4167,9021.47,-6314.413,8621.47,6911.868,225.328,-161.119,277.006,2.841,-2.154,38,35.57,2.43,0.146,0.003,0.5956,243.24,312.7,0.8858,12184.3,2984.31,3711.8,93.26,2.7477,129000,101653.4,-79420.3,-54071.7,-75621.1,-12961.5,9267.9,14004.9,1929.2,0.0,0.0,34620.2,-26245.4,0,0
84.5167,9044.02,-6330.537,8644.02,6927.992,225.612,-161.335,277.362,2.841,-2.153,38,35.57,2.43,0.1459,0.003,0.5945,243.14,312.64,0.8872,12184.0,2984.04,3711.5,93.25,2.7477,129000,101653.4,-79420.3,-54068.8,-75611.3,-12968.1,9273.3,14015.2,1927.4,0.0,0.0,34616.5,-26232.8,0,0
84.6167,9066.597,-6346.683,8666.597,6944.138,225.896,-161.55,277.718,2.841,-2.152,38,35.57,2.43,0.1458,0.003,0.5934,243.03,312.57,0.8885,12183.8,2983.76,3711.1,93.24,2.7477,129000,101653.4,-79420.3,-54065.8,-75601.4,-12974.6,9278.7,14025.5,1925.5,0.0,0.0,34613.0,-26220.3,0,0
84.7167,9089.204,-6362.851,8689.204,6960.306,226.18,-161.765,278.075,2.841,-2.151,38,35.57,2.43,0.1457,0.003,0.5923,242.93,312.5,0.8898,12183.5,2983.49,3710.8,93.23,2.7477,129000,101653.4,-79420.3,-54062.8,-75591.6,-12981.1,9284.0,14035.7,1923.7,0.0,0.0,34609.5,-26207.9,0,0
84.8167,9111.838,-6379.04,8711.838,6976.495,226.464,-161.98,278.431,2.84,-2.15,38,35.57,2.43,0.1455,0.003,0.5912,242.82,312.43,0.8912,12183.2,2983.21,3710.5,93.23,2.7477,129000,101653.4,-79420.3,-54059.7,-75581.8,-12987.5,9289.3,14045.7,1922.0,0.0,0.0,34606.1,-26195.5,0,0
84.9167,9134.501,-6395.251,8734.501,6992.706,226.748,-162.195,278.787,2.84,-2.149,38,35.58,2.42,0.1454,0.003,0.5902,242.71,312.37,0.8925,12182.9,2982.94,3710.1,93.22,2.7477,129000,101653.4,-79420.3,-54056.7,-75572.0,-12993.9,9294.5,14055.7,1920.2,0.0,0.0,34602.8,-26183.2,0,0
85.0167,9157.193,-6411.483,8757.193,7008.938,227.032,-162.41,279.143,2.84,-2.148,38,35.58,2.42,0.1453,0.003,0.5891,242.61,312.3,0.8938,12182.7,2982.66,3709.8,93.21,2.7477,129000,101653.4,-79420.3,-54053.6,-75562.2,-13000.2,9299.7,14065.6,1918.5,0.0,0.0,34599.6,-26171.0,0,0
85.1167,9179.912,-6427.736,8779.912,7025.191,227.316,-162.625,279.499,2.84,-2.147,38,35.58,2.42,0.1452,0.003,0.588,242.5,312.23,0.8952,12182.4,2982.39,3709.4,93.2,2.7477,129000,101653.4,-79420.3,-54050.5,-75552.5,-13006.4,9304.8,14075.4,1916.7,0.0,0.0,34596.5,-26158.8,0,0
85.2167,9202.661,-6444.011,8802.661,7041.466,227.6,-162.839,279.855,2.84,-2.146,38,35.58,2.42,0.1451,0.003,0.5869,242.4,312.16,0.8965,12182.1,2982.11,3709.1,93.19,2.7477,129000,101653.4,-79420.3,-54047.3,-75542.8,-13012.6,9309.9,14085.1,1915.0,0.0,0.0,34593.4,-26146.7,0,0
85.3167,9225.437,-6460.308,8825.437,7057.763,227.884,-163.054,280.211,2.84,-2.145,38,35.58,2.42,0.145,0.003,0.5858,242.29,312.09,0.8978,12181.8,2981.84,3708.8,93.18,2.7477,129000,101653.4,-79420.3,-54044.2,-75533.1,-13018.7,9314.9,14094.7,1913.3,0.0,0.0,34590.5,-26134.6,0,0
85.4167,9248.242,-6476.625,8848.242,7074.08,228.168,-163.269,280.566,2.839,-2.144,38,35.59,2.41,0.1449,0.003,0.5847,242.19,312.02,0.8992,12181.6,2981.56,3708.4,93.17,2.7477,129000,101653.4,-79420.3,-54041.0,-75523.4,-13024.8,9319.9,14104.2,1911.6,0.0,0.0,34587.6,-26122.6,0,0
85.5167,9271.076,-6492.965,8871.076,7090.42,228.452,-163.483,280.922,2.839,-2.144,38,35.59,2.41,0.1447,0.003,0.5836,242.08,311.96,0.9005,12181.3,2981.29,3708.1,93.17,2.7477,129000,101653.4,-79420.3,-54037.8,-75513.7,-13030.8,9324.8,14113.6,1909.9,0.0,0.0,34584.8,-26110.7,0,0
85.6167,9293.937,-6509.326,8893.937,7106.781,228.736,-163.697,281.277,2.839,-2.143,38,35.59,2.41,0.1446,0.003,0.5825,241.97,311.89,0.9019,12181.0,2981.01,3707.7,93.16,2.7477,129000,101653.4,-79420.3,-54034.6,-75504.0,-13036.7,9329.7,14122.9,1908.3,0.0,0.0,34582.1,-26098.9,0,0
85.7167,9316.828,-6525.708,8916.828,7123.163,229.02,-163.911,281.633,2.839,-2.142,38,35.59,2.41,0.1445,0.003,0.5814,241.87,311.82,0.9032,12180.7,2980.74,3707.4,93.15,2.7477,129000,101653.4,-79420.3,-54031.3,-75494.4,-13042.6,9334.6,14132.2,1906.6,0.0,0.0,34579.5,-26087.1,0,0
85.8167,9339.746,-6542.112,8939.746,7139.567,229.304,-164.126,281.988,2.839,-2.141,38,35.59,2.41,0.1444,0.003,0.5803,241.76,311.75,0.9045,12180.5,2980.46,3707.0,93.14,2.7477,129000,101653.4,-79420.3,-54028.0,-75484.8,-13048.4,9339.4,14141.3,1905.0,0.0,0.0,34577.0,-26075.4,0,0
85.9167,9362.693,-6558.537,8962.693,7155.992,229.588,-164.34,282.344,2.839,-2.14,38,35.59,2.41,0.1443,0.003,0.5792,241.65,311.68,0.9059,12180.2,2980.19,3706.7,93.13,2.7477,129000,101653.4,-79420.3,-54024.7,-75475.2,-13054.1,9344.1,14150.4,1903.4,0.0,0.0,34574.5,-26063.7,0,0
86.0167,9385.668,-6574.983,8985.668,7172.438,229.872,-164.553,282.699,2.838,-2.139,38,35.6,2.4,0.1442,0.003,0.5782,241.55,311.61,0.9072,12179.9,2979.91,3706.4,93.12,2.7477,129000,101653.4,-79420.3,-54021.4,-75465.6,-13059.8,9348.8,14159.3,1901.8,0.0,0.0,34572.2,-26052.2,0,0
86.1167,9408.672,-6591.451,9008.672,7188.906,230.156,-164.767,283.054,2.838,-2.138,38,35.6,2.4,0.1441,0.003,0.5771,241.44,311.54,0.9086,12179.6,2979.64,3706.0,93.11,2.7477,129000,101653.4,-79420.3,-54018.0,-75456.0,-13065.5,9353.4,14168.2,1900.2,0.0,0.0,34569.9,-26040.6,0,0
86.2167,9431.704,-6607.94,9031.704,7205.395,230.439,-164.981,283.41,2.838,-2.137,38,35.6,2.4,0.144,0.0029,0.576,241.33,311.47,0.9099,12179.4,2979.37,3705.7,93.11,2.7477,129000,101653.4,-79420.3,-54014.7,-75446.4,-13071.0,9358.0,14177.0,1898.6,0.0,0.0,34567.7,-26029.2,0,0
86.3167,9454.765,-6624.451,9054.765,7221.906,230.723,-165.195,283.765,2.838,-2.136,38,35.6,2.4,0.1439,0.0029,0.5749,241.23,311.41,0.9112,12179.1,2979.09,3705.3,93.1,2.7477,129000,101653.4,-79420.3,-54011.3,-75436.9,-13076.6,9362.5,14185.7,1897.0,0.0,0.0,34565.6,-26017.8,0,0
86.4167,9477.854,-6640.983,9077.854,7238.438,231.007,-165.408,284.12,2.838,-2.135,38,35.6,2.4,0.1438,0.0029,0.5738,241.12,311.34,0.9126,12178.8,2978.82,3705.0,93.09,2.7477,129000,101653.4,-79420.3,-54007.8,-75427.4,-13082.0,9367.0,14194.3,1895.5,0.0,0.0,34563.6,-26006.5,0,0
86.5167,9500.971,-6657.536,9100.971,7254.991,231.291,-165.622,284.475,2.838,-2.135,38,35.61,2.39,0.1437,0.0029,0.5727,241.01,311.27,0.9139,12178.5,2978.54,3704.7,93.08,2.7477,129000,101653.4,-79420.3,-54004.4,-75417.8,-13087.4,9371.5,14202.8,1893.9,0.0,0.0,34561.6,-25995.2,0,0
86.6167,9524.117,-6674.11,9124.117,7271.565,231.575,-165.835,284.83,2.838,-2.134,38,35.61,2.39,0.1436,0.0029,0.5716,240.9,311.2,0.9153,12178.3,2978.27,3704.3,93.07,2.7477,129000,101653.4,-79420.3,-54000.9,-75408.3,-13092.7,9375.9,14211.2,1892.4,0.0,0.0,34559.8,-25984.0,0,0
86.7167,9547.291,-6690.706,9147.291,7288.161,231.858,-166.049,285.185,2.838,-2.133,38,35.61,2.39,0.1435,0.0029,0.5705,240.79,311.13,0.9166,12178.0,2977.99,3704.0,93.06,2.7477,129000,101653.4,-79420.3,-53997.4,-75398.9,-13098.0,9380.2,14219.5,1890.9,0.0,0.0,34558.0,-25972.9,0,0
86.8167,9570.493,-6707.324,9170.493,7304.779,232.142,-166.262,285.54,2.838,-2.132,38,35.61,2.39,0.1434,0.0029,0.5694,240.69,311.06,0.918,12177.7,2977.72,3703.6,93.05,2.7477,129000,101653.4,-79420.3,-53993.9,-75389.4,-13103.2,9384.5,14227.7,1889.4,0.0,0.0,34556.3,-25961.8,0,0
86.9167,9593.724,-6723.962,9193.724,7321.417,232.426,-166.475,285.895,2.838,-2.131,38,35.61,2.39,0.1433,0.0029,0.5684,240.58,310.99,0.9193,12177.4,2977.44,3703.3,93.05,2.7477,129000,101653.4,-79420.3,-53990.3,-75379.9,-13108.4,9388.8,14235.9,1888.0,0.0,0.0,34554.7,-25950.8,0,0
87.0167,9616.983,-6740.622,9216.983,7338.077,232.71,-166.688,286.249,2.838,-2.13,38,35.61,2.39,0.1432,0.0029,0.5673,240.47,310.92,0.9207,12177.2,2977.17,3702.9,93.04,2.7477,129000,101653.4,-79420.3,-53986.7,-75370.5,-13113.5,9393.0,14243.9,1886.5,0.0,0.0,34553.2,-25939.8,0,0
87.1167,9640.27,-6757.303,9240.27,7354.758,232.993,-166.901,286.604,2.837,-2.129,38,35.62,2.38,0.1431,0.0029,0.5662,240.36,310.85,0.922,12176.9,2976.89,3702.6,93.03,2.7477,129000,101653.4,-79420.3,-53983.1,-75361.1,-13118.5,9397.1,14251.9,1885.0,0.0,0.0,34551.8,-25929.0,0,0
87.2167,9663.586,-6774.006,9263.586,7371.461,233.277,-167.114,286.959,2.837,-2.129,38,35.62,2.38,0.143,0.0029,0.5651,240.25,310.78,0.9234,12176.6,2976.62,3702.3,93.02,2.7477,129000,101653.4,-79420.3,-53979.5,-75351.6,-13123.4,9401.2,14259.7,1883.6,0.0,0.0,34550.5,-25918.1,0,0
87.3167,9686.93,-6790.73,9286.93,7388.185,233.561,-167.327,287.313,2.837,-2.128,38,35.62,2.38,0.1429,0.0029,0.564,240.14,310.71,0.9247,12176.3,2976.34,3701.9,93.01,2.7477,129000,101653.4,-79420.3,-53975.8,-75342.2,-13128.4,9405.3,14267.5,1882.2,0.0,0.0,34549.2,-25907.4,0,0
87.4167,9710.303,-6807.475,9310.303,7404.93,233.845,-167.539,287.668,2.837,-2.127,38,35.62,2.38,0.1428,0.0029,0.5629,240.04,310.64,0.9261,12176.1,2976.07,3701.6,93.0,2.7477,129000,101653.4,-79420.3,-53972.2,-75332.8,-13133.2,9409.3,14275.2,1880.8,0.0,0.0,34548.0,-25896.7,0,0
87.5167,9733.704,-6824.241,9333.704,7421.696,234.128,-167.752,288.022,2.837,-2.126,38,35.62,2.38,0.1427,0.0029,0.5618,239.93,310.57,0.9274,12175.8,2975.79,3701.2,92.99,2.7477,129000,101653.4,-79420.3,-53968.5,-75323.5,-13138.0,9413.2,14282.8,1879.4,0.0,0.0,34547.0,-25886.0,0,0
87.6167,9757.134,-6841.029,9357.134,7438.484,234.412,-167.965,288.377,2.837,-2.125,38,35.62,2.38,0.1426,0.0029,0.5607,239.82,310.5,0.9288,12175.5,2975.52,3700.9,92.98,2.7477,129000,101653.4,-79420.3,-53964.7,-75314.1,-13142.7,9417.1,14290.3,1878.0,0.0,0.0,34546.0,-25875.5,0,0
87.7167,9780.591,-6857.838,9380.591,7455.293,234.696,-168.177,288.731,2.837,-2.124,38,35.62,2.38,0.1425,0.0029,0.5597,239.71,310.42,0.9301,12175.2,2975.24,3700.6,92.98,2.7477,129000,101653.4,-79420.3,-53961.0,-75304.8,-13147.4,9421.0,14297.7,1876.6,0.0,0.0,34545.1,-25865.0,0,0
87.8167,9804.077,-6874.668,9404.077,7472.123,234.98,-168.389,289.085,2.837,-2.124,38,35.63,2.37,0.1425,0.0029,0.5586,239.6,310.35,0.9315,12175.0,2974.97,3700.2,92.97,2.7477,129000,101653.4,-79420.3,-53957.2,-75295.4,-13152.0,9424.8,14305.0,1875.3,0.0,0.0,34544.2,-25854.5,0,0
87.9167,9827.592,-6891.519,9427.592,7488.974,235.263,-168.602,289.44,2.837,-2.123,38,35.63,2.37,0.1424,0.0029,0.5575,239.49,310.28,0.9328,12174.7,2974.69,3699.9,92.96,2.7477,129000,101653.4,-79420.3,-53953.4,-75286.1,-13156.5,9428.5,14312.2,1873.9,0.0,0.0,34543.5,-25844.1,0,0
88.0167,9851.135,-6908.392,9451.135,7505.847,235.547,-168.814,289.794,2.837,-2.122,38,35.63,2.37,0.1423,0.0029,0.5564,239.38,310.21,0.9342,12174.4,2974.42,3699.5,92.95,2.7477,129000,101653.4,-79420.3,-53949.6,-75276.8,-13161.0,9432.2,14319.3,1872.6,0.0,0.0,34542.8,-25833.8,0,0
88.1167,9874.706,-6925.285,9474.706,7522.74,235.831,-169.026,290.148,2.837,-2.121,38,35.63,2.37,0.1422,0.0029,0.5553,239.27,310.14,0.9355,12174.1,2974.14,3699.2,92.94,2.7477,129000,101653.4,-79420.3,-53945.7,-75267.5,-13165.4,9435.9,14326.4,1871.3,0.0,0.0,34542.3,-25823.5,0,0
88.2167,9898.306,-6942.2,9498.306,7539.655,236.114,-169.238,290.502,2.837,-2.12,38,35.63,2.37,0.1421,0.0029,0.5542,239.16,310.07,0.9369,12173.9,2973.87,3698.8,92.93,2.7477,129000,101653.4,-79420.3,-53941.8,-75258.2,-13169.7,9439.5,14333.3,1870.0,0.0,0.0,34541.8,-25813.3,0,0
88.3167,9921.934,-6959.136,9521.934,7556.591,236.398,-169.45,290.856,2.837,-2.12,38,35.63,2.37,0.142,0.0029,0.5532,239.05,310.0,0.9383,12173.6,2973.6,3698.5,92.92,2.7477,129000,101653.4,-79420.3,-53937.9,-75248.9,-13174.0,9443.1,14340.2,1868.7,0.0,0.0,34541.4,-25803.2,0,0
88.4167,9945.59,-6976.094,9545.59,7573.549,236.682,-169.662,291.21,2.837,-2.119,38,35.63,2.37,0.142,0.0029,0.5521,238.94,309.93,0.9396,12173.3,2973.32,3698.2,92.92,2.7477,129000,101653.4,-79420.3,-53934.0,-75239.6,-13178.3,9446.6,14346.9,1867.4,0.0,0.0,34541.1,-25793.1,0,0
88.5167,9969.275,-6993.072,9569.275,7590.527,236.966,-169.874,291.565,2.837,-2.118,38,35.64,2.36,0.1419,0.0029,0.551,238.83,309.86,0.941,12173.0,2973.05,3697.8,92.91,2.7477,129000,101653.4,-79420.3,-53930.1,-75230.4,-13182.4,9450.0,14353.6,1866.2,0.0,0.0,34540.9,-25783.1,0,0
88.6167,9992.988,-7010.072,9592.988,7607.527,237.249,-170.086,291.919,2.838,-2.117,38,35.64,2.36,0.1418,0.0029,0.5499,238.72,309.78,0.9423,12172.8,2972.77,3697.5,92.9,2.7477,129000,101653.4,-79420.3,-53926.1,-75221.1,-13186.5,9453.4,14360.2,1864.9,0.0,0.0,34540.8,-25773.1,0,0
88.7167,10016.729,-7027.093,9616.729,7624.548,237.533,-170.297,292.272,2.838,-2.117,38,35.64,2.36,0.1417,0.0029,0.5488,238.61,309.71,0.9437,12172.5,2972.5,3697.1,92.89,2.7477,129000,101653.4,-79420.3,-53922.1,-75211.9,-13190.6,9456.8,14366.6,1863.7,0.0,0.0,34540.7,-25763.2,0,0
88.8167,10040.499,-7044.135,9640.499,7641.59,237.817,-170.509,292.626,2.838,-2.116,38,35.64,2.36,0.1416,0.0029,0.5477,238.5,309.64,0.9451,12172.2,2972.22,3696.8,92.88,2.7477,129000,101653.4,-79420.3,-53918.0,-75202.7,-13194.6,9460.1,14373.0,1862.4,0.0,0.0,34540.8,-25753.4,0,0
88.9167,10064.297,-7061.198,9664.297,7658.653,238.101,-170.72,292.98,2.838,-2.115,38,35.64,2.36,0.1416,0.0028,0.5466,238.39,309.57,0.9464,12171.9,2971.95,3696.5,92.87,2.7477,129000,101653.4,-79420.3,-53914.0,-75193.4,-13198.5,9463.4,14379.3,1861.2,0.0,0.0,34540.9,-25743.6,0,0
89.0167,10088.124,-7078.283,9688.124,7675.738,238.385,-170.932,293.334,2.838,-2.114,38,35.64,2.36,0.1415,0.0028,0.5456,238.28,309.5,0.9478,12171.7,2971.67,3696.1,92.86,2.7477,129000,101653.4,-79420.3,-53909.9,-75184.2,-13202.4,9466.6,14385.6,1860.0,0.0,0.0,34541.1,-25733.9,0,0
89.1167,10111.979,-7095.388,9711.979,7692.843,238.668,-171.143,293.688,2.838,-2.113,38,35.64,2.36,0.1414,0.0028,0.5445,238.17,309.42,0.9491,12171.4,2971.4,3695.8,92.86,2.7477,129000,101653.4,-79420.3,-53905.8,-75175.0,-13206.2,9469.8,14391.7,1858.8,0.0,0.0,34541.4,-25724.2,0,0
89.2167,10135.863,-7112.515,9735.863,7709.97,238.952,-171.355,294.042,2.838,-2.113,38,35.64,2.36,0.1413,0.0028,0.5434,238.05,309.35,0.9505,12171.1,2971.12,3695.4,92.85,2.7477,129000,101653.4,-79420.3,-53901.7,-75165.9,-13209.9,9472.9,14397.7,1857.7,0.0,0.0,34541.8,-25714.6,0,0
89.3167,10159.774,-7129.663,9759.774,7727.118,239.236,-171.566,294.395,2.838,-2.112,38,35.65,2.35,0.1413,0.0028,0.5423,237.94,309.28,0.9519,12170.8,2970.85,3695.1,92.84,2.7477,129000,101653.4,-79420.3,-53897.5,-75156.7,-13213.6,9475.9,14403.6,1856.5,0.0,0.0,34542.3,-25705.1,0,0
89.4167,10183.714,-7146.832,9783.714,7744.287,239.52,-171.777,294.749,2.838,-2.111,38,35.65,2.35,0.1412,0.0028,0.5412,237.83,309.21,0.9532,12170.6,2970.57,3694.7,92.83,2.7477,129000,101653.4,-79420.3,-53893.3,-75147.5,-13217.2,9478.9,14409.5,1855.4,0.0,0.0,34542.8,-25695.6,0,0
89.5167,10207.683,-7164.022,9807.683,7761.477,239.804,-171.988,295.103,2.838,-2.111,38,35.65,2.35,0.1411,0.0028,0.5402,237.72,309.13,0.9546,12170.3,2970.3,3694.4,92.82,2.7477,129000,101653.4,-79420.3,-53889.1,-75138.4,-13220.8,9481.9,14415.2,1854.2,0.0,0.0,34543.5,-25686.1,0,0
89.6167,10231.68,-7181.233,9831.68,7778.688,240.087,-172.199,295.456,2.838,-2.11,38,35.65,2.35,0.141,0.0028,0.5391,237.61,309.06,0.956,12170.0,2970.02,3694.1,92.81,2.7477,129000,101653.4,-79420.3,-53884.9,-75129.2,-13224.2,9484.8,14420.9,1853.1,0.0,0.0,34544.2,-25676.8,0,0
89.7167,10255.705,-7198.465,9855.705,7795.92,240.371,-172.41,295.81,2.839,-2.109,38,35.65,2.35,0.141,0.0028,0.538,237.5,308.99,0.9574,12169.7,2969.75,3693.7,92.8,2.7477,129000,101653.4,-79420.3,-53880.7,-75120.1,-13227.7,9487.7,14426.5,1852.0,0.0,0.0,34545.0,-25667.5,0,0
89.8167,10279.759,-7215.718,9879.759,7813.173,240.655,-172.621,296.164,2.839,-2.108,38,35.65,2.35,0.1409,0.0028,0.5369,237.38,308.92,0.9587,12169.5,2969.47,3693.4,92.8,2.7477,129000,101653.4,-79420.3,-53876.4,-75110.9,-13231.0,9490.5,14432.0,1850.9,0.0,0.0,34546.0,-25658.2,0,0
89.9167,10303.841,-7232.993,9903.841,7830.448,240.939,-172.832,296.517,2.839,-2.108,38,35.65,2.35,0.1408,0.0028,0.5358,237.27,308.84,0.9601,12169.2,2969.2,3693.0,92.79,2.7477,129000,101653.4,-79420.3,-53872.1,-75101.8,-13234.4,9493.3,14437.3,1849.8,0.0,0.0,34547.0,-25649.0,0,0
90.0167,10327.951,-7250.288,9927.951,7847.743,241.223,-173.042,296.871,2.839,-2.107,38,35.65,2.35,0.1408,0.0028,0.5348,237.16,308.77,0.9615,12168.9,2968.92,3692.7,92.78,2.7477,129000,101653.4,-79420.3,-53867.7,-75092.7,-13237.6,9496.0,14442.6,1848.7,0.0,0.0,34548.0,-25639.9,0,0
90.1167,10352.09,-7267.605,9952.09,7865.06,241.507,-173.253,297.224,2.839,-2.106,38,35.65,2.35,0.1407,0.0028,0.5337,237.05,308.7,0.9628,12168.6,2968.65,3692.4,92.77,2.7477,129000,101653.4,-79420.3,-53863.4,-75083.6,-13240.8,9498.7,14447.8,1847.6,0.0,0.0,34549.2,-25630.8,0,0
90.2167,10376.257,-7284.942,9976.257,7882.397,241.791,-173.464,297.578,2.839,-2.106,38,35.66,2.34,0.1406,0.0028,0.5326,236.93,308.62,0.9642,12168.4,2968.37,3692.0,92.76,2.7477,129000,101653.4,-79420.3,-53859.0,-75074.5,-13243.9,9501.3,14453.0,1846.6,0.0,0.0,34550.5,-25621.8,0,0
90.3167,10400.453,-7302.301,10000.453,7899.756,242.075,-173.674,297.931,2.84,-2.105,38,35.66,2.34,0.1406,0.0028,0.5315,236.82,308.55,0.9656,12168.1,2968.1,3691.7,92.75,2.7477,129000,101653.4,-79420.3,-53854.6,-75065.4,-13247.0,9503.9,14458.0,1845.6,0.0,0.0,34551.8,-25612.8,0,0
90.4167,10424.677,-7319.681,10024.677,7917.136,242.359,-173.885,298.284,2.84,-2.104,38,35.66,2.34,0.1405,0.0028,0.5304,236.71,308.48,0.967,12167.8,2967.83,3691.3,92.74,2.7477,129000,101653.4,-79420.3,-53850.2,-75056.3,-13250.0,9506.4,14462.9,1844.5,0.0,0.0,34553.2,-25603.9,0,0
90.5167,10448.93,-7337.081,10048.93,7934.536,242.643,-174.095,298.638,2.84,-2.104,38,35.66,2.34,0.1405,0.0028,0.5294,236.59,308.4,0.9683,12167.6,2967.55,3691.0,92.74,2.7477,129000,101653.4,-79420.3,-53845.7,-75047.2,-13252.9,9508.8,14467.8,1843.5,0.0,0.0,34554.8,-25595.0,0,0
90.6167,10473.21,-7354.503,10073.21,7951.958,242.927,-174.305,298.991,2.84,-2.103,38,35.66,2.34,0.1404,0.0028,0.5283,236.48,308.33,0.9697,12167.3,2967.28,3690.6,92.73,2.7477,129000,101653.4,-79420.3,-53841.2,-75038.1,-13255.8,9511.3,14472.5,1842.5,0.0,0.0,34556.4,-25586.2,0,0
90.7167,10497.52,-7371.946,10097.52,7969.401,243.211,-174.516,299.344,2.84,-2.102,38,35.66,2.34,0.1403,0.0028,0.5272,236.37,308.25,0.9711,12167.0,2967.0,3690.3,92.72,2.7477,129000,101653.4,-79420.3,-53836.7,-75029.1,-13258.6,9513.6,14477.2,1841.5,0.0,0.0,34558.1,-25577.5,0,0
90.8167,10521.857,-7389.41,10121.857,7986.865,243.495,-174.726,299.698,2.841,-2.102,38,35.66,2.34,0.1403,0.0028,0.5261,236.25,308.18,0.9725,12166.7,2966.73,3690.0,92.71,2.7477,129000,101653.4,-79420.3,-53832.2,-75020.0,-13261.3,9516.0,14481.7,1840.5,0.0,0.0,34559.8,-25568.8,0,0
90.9167,10546.223,-7406.895,10146.223,8004.35,243.779,-174.936,300.051,2.841,-2.101,38,35.66,2.34,0.1402,0.0028,0.5251,236.14,308.11,0.9739,12166.5,2966.45,3689.6,92.7,2.7477,129000,101653.4,-79420.3,-53827.6,-75011.0,-13264.0,9518.2,14486.2,1839.6,0.0,0.0,34561.7,-25560.2,0,0
91.0167,10570.618,-7424.4,10170.618,8021.855,244.063,-175.146,300.404,2.841,-2.1,38,35.66,2.34,0.1402,0.0028,0.524,236.03,308.03,0.9752,12166.2,2966.18,3689.3,92.69,2.7477,129000,101653.4,-79420.3,-53823.0,-75001.9,-13266.7,9520.5,14490.6,1838.6,0.0,0.0,34563.7,-25551.6,0,0
91.1167,10595.041,-7441.927,10195.041,8039.382,244.347,-175.356,300.758,2.841,-2.1,38,35.67,2.33,0.1401,0.0028,0.5229,235.91,307.96,0.9766,12165.9,2965.9,3688.9,92.68,2.7477,129000,101653.4,-79420.3,-53818.4,-74992.9,-13269.2,9522.6,14494.9,1837.7,0.0,0.0,34565.7,-25543.1,0,0
91.2167,10619.492,-7459.475,10219.492,8056.93,244.631,-175.566,301.111,2.841,-2.099,38,35.67,2.33,0.14,0.0028,0.5218,235.8,307.88,0.978,12165.6,2965.63,3688.6,92.68,2.7477,129000,101653.4,-79420.3,-53813.8,-74983.8,-13271.7,9524.8,14499.1,1836.7,0.0,0.0,34567.9,-25534.6,0,0
91.3167,10643.972,-7477.044,10243.972,8074.499,244.915,-175.776,301.464,2.842,-2.098,38,35.67,2.33,0.14,0.0028,0.5208,235.68,307.81,0.9794,12165.4,2965.35,3688.2,92.67,2.7477,129000,101653.4,-79420.3,-53809.1,-74974.8,-13274.2,9526.8,14503.2,1835.8,0.0,0.0,34570.1,-25526.2,0,0
91.4167,10668.48,-7494.634,10268.48,8092.089,245.199,-175.986,301.817,2.842,-2.098,38,35.67,2.33,0.1399,0.0028,0.5197,235.57,307.73,0.9808,12165.1,2965.08,3687.9,92.66,2.7477,129000,101653.4,-79420.3,-53804.4,-74965.8,-13276.6,9528.9,14507.3,1834.9,0.0,0.0,34572.4,-25517.9,0,0
91.5167,10693.016,-7512.245,10293.016,8109.7,245.484,-176.195,302.17,2.842,-2.097,38,35.67,2.33,0.1399,0.0028,0.5186,235.46,307.66,0.9822,12164.8,2964.8,3687.6,92.65,2.7477,129000,101653.4,-79420.3,-53799.7,-74956.8,-13278.9,9530.8,14511.2,1834.0,0.0,0.0,34574.8,-25509.6,0,0
91.6167,10717.581,-7529.876,10317.581,8127.331,245.768,-176.405,302.524,2.842,-2.096,38,35.67,2.33,0.1398,0.0028,0.5175,235.34,307.58,0.9835,12164.5,2964.53,3687.2,92.64,2.7477,129000,101653.4,-79420.3,-53795.0,-74947.8,-13281.1,9532.8,14515.0,1833.1,0.0,0.0,34577.3,-25501.3,0,0
91.7167,10742.174,-7547.529,10342.174,8144.984,246.052,-176.614,302.877,2.843,-2.096,38,35.67,2.33,0.1398,0.0028,0.5165,235.23,307.51,0.9849,12164.3,2964.25,3686.9,92.63,2.7477,129000,101653.4,-79420.3,-53790.2,-74938.7,-13283.3,9534.6,14518.8,1832.2,0.0,0.0,34579.8,-25493.1,0,0
91.8167,10766.796,-7565.203,10366.796,8162.658,246.336,-176.824,303.23,2.843,-2.095,38,35.67,2.33,0.1397,0.0028,0.5154,235.11,307.43,0.9863,12164.0,2963.98,3686.5,92.62,2.7477,129000,101653.4,-79420.3,-53785.4,-74929.7,-13285.5,9536.5,14522.5,1831.4,0.0,0.0,34582.5,-25485.0,0,0
91.9167,10791.447,-7582.897,10391.447,8180.352,246.621,-177.034,303.583,2.843,-2.095,38,35.67,2.33,0.1397,0.0028,0.5143,235.0,307.36,0.9877,12163.7,2963.7,3686.2,92.62,2.7477,129000,101653.4,-79420.3,-53780.6,-74920.7,-13287.5,9538.2,14526.0,1830.5,0.0,0.0,34585.2,-25476.9,0,0
92.0167,10816.125,-7600.613,10416.125,8198.068,246.905,-177.243,303.936,2.844,-2.094,38,35.67,2.33,0.1396,0.0028,0.5132,234.88,307.28,0.9891,12163.4,2963.43,3685.9,92.61,2.7477,129000,101653.4,-79420.3,-53775.8,-74911.7,-13289.6,9540.0,14529.5,1829.7,0.0,0.0,34588.1,-25468.9,0,0
92.1167,10840.832,-7618.349,10440.832,8215.804,247.189,-177.452,304.289,2.844,-2.093,38,35.67,2.33,0.1396,0.0028,0.5122,234.77,307.21,0.9905,12163.2,2963.15,3685.5,92.6,2.7477,129000,101653.4,-79420.3,-53770.9,-74902.8,-13291.5,9541.7,14532.9,1828.9,0.0,0.0,34591.0,-25460.9,0,0
92.2167,10865.568,-7636.107,10465.568,8233.562,247.474,-177.662,304.642,2.844,-2.093,38,35.67,2.33,0.1395,0.0028,0.5111,234.65,307.13,0.9919,12162.9,2962.88,3685.2,92.59,2.7477,129000,101653.4,-79420.3,-53766.0,-74893.8,-13293.4,9543.3,14536.2,1828.0,0.0,0.0,34594.0,-25453.0,0,0
92.3167,10890.332,-7653.885,10490.332,8251.34,247.758,-177.871,304.995,2.845,-2.092,38,35.68,2.32,0.1395,0.0028,0.51,234.54,307.06,0.9933,12162.6,2962.6,3684.8,92.58,2.7477,129000,101653.4,-79420.3,-53761.1,-74884.8,-13295.2,9544.9,14539.4,1827.2,0.0,0.0,34597.1,-25445.1,0,0
92.4167,10915.124,-7671.684,10515.124,8269.139,248.043,-178.08,305.349,2.845,-2.091,38,35.68,2.32,0.1394,0.0028,0.509,234.42,306.98,0.9947,12162.3,2962.33,3684.5,92.57,2.7477,129000,101653.4,-79420.3,-53756.1,-74875.8,-13297.0,9546.4,14542.5,1826.4,0.0,0.0,34600.3,-25437.3,0,0
92.5167,10939.945,-7689.505,10539.945,8286.96,248.327,-178.289,305.702,2.845,-2.091,38,35.68,2.32,0.1394,0.0028,0.5079,234.3,306.91,0.9961,12162.1,2962.05,3684.1,92.56,2.7477,129000,101653.4,-79420.3,-53751.2,-74866.8,-13298.7,9547.9,14545.6,1825.7,0.0,0.0,34603.5,-25429.5,0,0
92.6167,10964.794,-7707.346,10564.794,8304.801,248.612,-178.498,306.055,2.846,-2.09,38,35.68,2.32,0.1394,0.0028,0.5068,234.19,306.83,0.9975,12161.8,2961.78,3683.8,92.56,2.7477,129000,101653.4,-79420.3,-53746.2,-74857.9,-13300.3,9549.3,14548.5,1824.9,0.0,0.0,34606.9,-25421.8,0,0
92.7167,10989.672,-7725.208,10589.672,8322.663,248.896,-178.707,306.408,2.846,-2.09,38,35.68,2.32,0.1393,0.0028,0.5058,234.07,306.75,0.9989,12161.5,2961.51,3683.5,92.55,2.7477,129000,101653.4,-79420.3,-53741.1,-74848.9,-13301.9,9550.7,14551.4,1824.1,0.0,0.0,34610.3,-25414.2,0,0
92.8167,11014.578,-7743.091,10614.578,8340.546,249.181,-178.916,306.761,2.846,-2.089,38,35.68,2.32,0.1393,0.0028,0.5047,233.96,306.68,1.0003,12161.2,2961.23,3683.1,92.54,2.7477,129000,101653.4,-79420.3,-53736.1,-74839.9,-13303.4,9552.0,14554.1,1823.4,0.0,0.0,34613.9,-25406.6,0,0
92.9167,11039.513,-7760.995,10639.513,8358.45,249.466,-179.125,307.114,2.847,-2.089,38,35.68,2.32,0.1392,0.0028,0.5036,233.84,306.6,1.0017,12161.0,2960.96,3682.8,92.53,2.7477,129000,101653.4,-79420.3,-53731.0,-74831.0,-13304.9,9553.3,14556.8,1822.6,0.0,0.0,34617.5,-25399.0,0,0
93.0167,11064.476,-7778.919,10664.476,8376.374,249.75,-179.334,307.467,2.847,-2.088,38,35.68,2.32,0.1392,0.0028,0.5026,233.72,306.52,1.0031,12160.7,2960.68,3682.4,92.52,2.7477,129000,101653.4,-79420.3,-53725.9,-74822.0,-13306.3,9554.6,14559.4,1821.9,0.0,0.0,34621.2,-25391.5,0,0
93.1167,11089.468,-7796.865,10689.468,8394.32,250.035,-179.543,307.82,2.847,-2.087,38,35.68,2.32,0.1391,0.0028,0.5015,233.61,306.45,1.0045,12160.4,2960.41,3682.1,92.51,2.7477,129000,101653.4,-79420.3,-53720.8,-74813.1,-13307.6,9555.8,14561.9,1821.2,0.0,0.0,34625.0,-25384.0,0,0
93.2167,11114.488,-7814.831,10714.488,8412.286,250.32,-179.751,308.173,2.848,-2.087,38,35.68,2.32,0.1391,0.0027,0.5004,233.49,306.37,1.0059,12160.1,2960.13,3681.8,92.5,2.7477,129000,101653.4,-79420.3,-53715.6,-74804.1,-13308.9,9556.9,14564.3,1820.5,0.0,0.0,34628.9,-25376.6,0,0
93.3167,11139.537,-7832.818,10739.537,8430.273,250.605,-179.96,308.526,2.848,-2.086,38,35.68,2.32,0.1391,0.0027,0.4994,233.37,306.29,1.0073,12159.9,2959.86,3681.4,92.5,2.7477,129000,101653.4,-79420.3,-53710.4,-74795.1,-13310.1,9558.0,14566.6,1819.8,0.0,0.0,34632.9,-25369.3,0,0
93.4167,11164.614,-7850.827,10764.614,8448.282,250.889,-180.169,308.879,2.849,-2.086,38,35.68,2.32,0.139,0.0027,0.4983,233.26,306.22,1.0087,12159.6,2959.58,3681.1,92.49,2.7477,129000,101653.4,-79420.3,-53705.2,-74786.2,-13311.2,9559.0,14568.8,1819.1,0.0,0.0,34637.0,-25362.0,0,0
93.5167,11189.719,-7868.856,10789.719,8466.311,251.174,-180.377,309.232,2.849,-2.085,38,35.68,2.32,0.139,0.0027,0.4972,233.14,306.14,1.0101,12159.3,2959.31,3680.7,92.48,2.7477,129000,101653.4,-79420.3,-53700.0,-74777.2,-13312.3,9560.0,14571.0,1818.4,0.0,0.0,34641.1,-25354.8,0,0
93.6167,11214.853,-7886.906,10814.853,8484.361,251.459,-180.586,309.585,2.849,-2.085,38,35.68,2.32,0.139,0.0027,0.4962,233.02,306.06,1.0115,12159.0,2959.03,3680.4,92.47,2.7477,129000,101653.4,-79420.3,-53694.7,-74768.3,-13313.4,9561.0,14573.0,1817.7,0.0,0.0,34645.3,-25347.6,0,0
93.7167,11240.016,-7904.976,10840.016,8502.431,251.744,-180.794,309.938,2.85,-2.084,38,35.68,2.32,0.1389,0.0027,0.4951,232.9,305.99,1.0129,12158.8,2958.76,3680.0,92.46,2.7477,129000,101653.4,-79420.3,-53689.4,-74759.3,-13314.3,9561.9,14575.0,1817.1,0.0,0.0,34649.7,-25340.4,0,0
93.8167,11265.207,-7923.068,10865.207,8520.523,252.029,-181.002,310.291,2.85,-2.084,38,35.69,2.31,0.1389,0.0027,0.494,232.79,305.91,1.0143,12158.5,2958.48,3679.7,92.45,2.7477,129000,101653.4,-79420.3,-53684.1,-74750.4,-13315.2,9562.7,14576.8,1816.5,0.0,0.0,34654.1,-25333.3,0,0
93.9167,11290.427,-7941.18,10890.427,8538.635,252.314,-181.211,310.644,2.851,-2.083,38,35.69,2.31,0.1389,0.0027,0.493,232.67,305.83,1.0157,12158.2,2958.21,3679.4,92.44,2.7477,129000,101653.4,-79420.3,-53678.7,-74741.5,-13316.1,9563.5,14578.6,1815.8,0.0,0.0,34658.6,-25326.3,0,0
94.0167,11315.675,-7959.313,10915.675,8556.768,252.599,-181.419,310.997,2.851,-2.083,38,35.69,2.31,0.1388,0.0027,0.4919,232.55,305.75,1.0171,12157.9,2957.93,3679.0,92.44,2.7477,129000,101653.4,-79420.3,-53673.3,-74732.5,-13316.8,9564.2,14580.3,1815.2,0.0,0.0,34663.2,-25319.3,0,0
94.1167,11340.951,-7977.467,10940.951,8574.922,252.884,-181.627,311.35,2.852,-2.082,38,35.69,2.31,0.1388,0.0027,0.4909,232.43,305.68,1.0186,12157.7,2957.66,3678.7,92.43,2.7477,129000,101653.4,-79420.3,-53667.9,-74723.6,-13317.6,9564.9,14581.9,1814.6,0.0,0.0,34667.9,-25312.3,0,0
94.2167,11366.256,-7995.642,10966.256,8593.097,253.17,-181.835,311.703,2.852,-2.081,38,35.69,2.31,0.1388,0.0027,0.4898,232.31,305.6,1.02,12157.4,2957.38,3678.3,92.42,2.7477,129000,101653.4,-79420.3,-53662.5,-74714.6,-13318.2,9565.6,14583.4,1814.0,0.0,0.0,34672.6,-25305.4,0,0
94.3167,11391.59,-8013.838,10991.59,8611.293,253.455,-182.043,312.056,2.852,-2.081,38,35.69,2.31,0.1387,0.0027,0.4887,232.2,305.52,1.0214,12157.1,2957.11,3678.0,92.41,2.7477,129000,101653.4,-79420.3,-53657.1,-74705.7,-13318.8,9566.2,14584.9,1813.4,0.0,0.0,34677.5,-25298.6,0,0
94.4167,11416.952,-8032.054,11016.952,8629.509,253.74,-182.252,312.41,2.853,-2.08,38,35.69,2.31,0.1387,0.0027,0.4877,232.08,305.44,1.0228,12156.8,2956.83,3677.7,92.4,2.7477,129000,101653.4,-79420.3,-53651.6,-74696.8,-13319.4,9566.7,14586.2,1812.8,0.0,0.0,34682.5,-25291.8,0,0
94.5167,11442.343,-8050.292,11042.343,8647.747,254.025,-182.46,312.763,2.853,-2.08,38,35.69,2.31,0.1387,0.0027,0.4866,231.96,305.37,1.0242,12156.6,2956.56,3677.3,92.39,2.7477,129000,101653.4,-79420.3,-53646.1,-74687.8,-13319.8,9567.2,14587.4,1812.3,0.0,0.0,34687.5,-25285.0,0,0
94.6167,11467.762,-8068.55,11067.762,8666.005,254.311,-182.668,313.116,2.854,-2.079,38,35.69,2.31,0.1387,0.0027,0.4856,231.84,305.29,1.0256,12156.3,2956.28,3677.0,92.38,2.7477,129000,101653.4,-79420.3,-53640.5,-74678.9,-13320.2,9567.7,14588.6,1811.7,0.0,0.0,34692.6,-25278.3,0,0
94.7167,11493.21,-8086.829,11093.21,8684.284,254.596,-182.875,313.469,2.854,-2.079,38,35.69,2.31,0.1386,0.0027,0.4845,231.72,305.21,1.0271,12156.0,2956.01,3676.6,92.38,2.7477,129000,101653.4,-79420.3,-53635.0,-74669.9,-13320.6,9568.1,14589.7,1811.2,0.0,0.0,34697.8,-25271.7,0,0
94.8167,11518.686,-8105.128,11118.686,8702.583,254.882,-183.083,313.822,2.855,-2.078,38,35.69,2.31,0.1386,0.0027,0.4834,231.6,305.13,1.0285,12155.7,2955.74,3676.3,92.37,2.7477,129000,101653.4,-79420.3,-53629.4,-74661.0,-13320.9,9568.5,14590.6,1810.6,0.0,0.0,34703.1,-25265.1,0,0
94.9167,11544.191,-8123.449,11144.191,8720.904,255.167,-183.291,314.175,2.855,-2.078,38,35.69,2.31,0.1386,0.0027,0.4824,231.48,305.05,1.0299,12155.5,2955.46,3675.9,92.36,2.7477,129000,101653.4,-79420.3,-53623.7,-74652.0,-13321.1,9568.8,14591.5,1810.1,0.0,0.0,34708.5,-25258.5,0,0
95.0167,11569.724,-8141.79,11169.724,8739.245,255.453,-183.499,314.528,2.856,-2.077,38,35.69,2.31,0.1386,0.0027,0.4813,231.36,304.97,1.0313,12155.2,2955.19,3675.6,92.35,2.7477,129000,101653.4,-79420.3,-53618.1,-74643.1,-13321.3,9569.0,14592.3,1809.6,0.0,0.0,34714.0,-25252.0,0,0
95.1167,11595.286,-8160.152,11195.286,8757.607,255.738,-183.707,314.881,2.856,-2.077,38,35.69,2.31,0.1385,0.0027,0.4803,231.25,304.9,1.0328,12154.9,2954.91,3675.3,92.34,2.7477,129000,101653.4,-79420.3,-53612.4,-74634.2,-13321.4,9569.2,14593.1,1809.1,0.0,0.0,34719.6,-25245.6,0,0
95.2167,11620.877,-8178.535,11220.877,8775.99,256.024,-183.914,315.235,2.857,-2.077,38,35.69,2.31,0.1385,0.0027,0.4792,231.13,304.82,1.0342,12154.6,2954.64,3674.9,92.33,2.7477,129000,101653.4,-79420.3,-53606.7,-74625.2,-13321.4,9569.4,14593.7,1808.6,0.0,0.0,34725.2,-25239.2,0,0
95.3167,11646.496,-8196.938,11246.496,8794.393,256.31,-184.122,315.588,2.857,-2.076,38,35.69,2.31,0.1385,0.0027,0.4782,231.01,304.74,1.0356,12154.4,2954.36,3674.6,92.32,2.7477,129000,101653.4,-79420.3,-53601.0,-74616.3,-13321.4,9569.5,14594.2,1808.1,0.0,0.0,34731.0,-25232.8,0,0
95.4167,11672.143,-8215.363,11272.143,8812.818,256.596,-184.329,315.941,2.858,-2.076,38,35.69,2.31,0.1385,0.0027,0.4771,230.89,304.66,1.037,12154.1,2954.09,3674.2,92.32,2.7477,129000,101653.4,-79420.3,-53595.2,-74607.3,-13321.4,9569.6,14594.7,1807.6,0.0,0.0,34736.8,-25226.5,0,0
95.5167,11697.819,-8233.808,11297.819,8831.263,256.881,-184.537,316.294,2.859,-2.075,38,35.69,2.31,0.1385,0.0027,0.4761,230.77,304.58,1.0385,12153.8,2953.81,3673.9,92.31,2.7477,129000,101653.4,-79420.3,-53589.4,-74598.4,-13321.2,9569.6,14595.0,1807.2,0.0,0.0,34742.7,-25220.2,0,0
95.6167,11723.524,-8252.274,11323.524,8849.729,257.167,-184.744,316.647,2.859,-2.075,38,35.69,2.31,0.1384,0.0027,0.475,230.65,304.5,1.0399,12153.5,2953.54,3673.6,92.3,2.7477,129000,101653.4,-79420.3,-53583.6,-74589.4,-13321.0,9569.6,14595.3,1806.7,0.0,0.0,34748.7,-25214.0,0,0
95.7167,11749.258,-8270.76,11349.258,8868.215,257.453,-184.952,317.001,2.86,-2.074,38,35.69,2.31,0.1384,0.0027,0.4739,230.53,304.42,1.0413,12153.3,2953.26,3673.2,92.29,2.7477,129000,101653.4,-79420.3,-53577.8,-74580.5,-13320.8,9569.5,14595.5,1806.3,0.0,0.0,34754.8,-25207.8,0,0
95.8167,11775.02,-8289.267,11375.02,8886.722,257.739,-185.159,317.354,2.86,-2.074,38,35.69,2.31,0.1384,0.0027,0.4729,230.41,304.34,1.0428,12153.0,2952.99,3672.9,92.28,2.7477,129000,101653.4,-79420.3,-53571.9,-74571.5,-13320.4,9569.4,14595.6,1805.8,0.0,0.0,34761.0,-25201.7,0,0
95.9167,11800.81,-8307.795,11400.81,8905.25,258.025,-185.367,317.707,2.861,-2.073,38,35.69,2.31,0.1384,0.0027,0.4718,230.29,304.26,1.0442,12152.7,2952.71,3672.5,92.27,2.7477,129000,101653.4,-79420.3,-53566.0,-74562.5,-13320.1,9569.2,14595.6,1805.4,0.0,0.0,34767.3,-25195.6,0,0
96.0167,11826.63,-8326.344,11426.63,8923.799,258.311,-185.574,318.061,2.861,-2.073,38,35.69,2.31,0.1384,0.0027,0.4708,230.17,304.18,1.0456,12152.4,2952.44,3672.2,92.26,2.7477,129000,101653.4,-79420.3,-53560.1,-74553.6,-13319.6,9569.0,14595.5,1805.0,0.0,0.0,34773.7,-25189.5,0,0
96.1167,11852.477,-8344.914,11452.477,8942.369,258.598,-185.781,318.414,2.862,-2.072,38,35.69,2.31,0.1384,0.0027,0.4697,230.04,304.1,1.0471,12152.2,2952.16,3671.8,92.26,2.7477,129000,101653.4,-79420.3,-53554.1,-74544.6,-13319.1,9568.7,14595.4,1804.6,0.0,0.0,34780.1,-25183.5,0,0
96.2167,11878.354,-8363.504,11478.354,8960.959,258.884,-185.988,318.767,2.863,-2.072,38,35.69,2.31,0.1383,0.0027,0.4687,229.92,304.02,1.0485,12151.9,2951.89,3671.5,92.25,2.7477,129000,101653.4,-79420.3,-53548.1,-74535.7,-13318.6,9568.4,14595.1,1804.2,0.0,0.0,34786.7,-25177.6,0,0
96.3167,11904.259,-8382.115,11504.259,8979.57,259.17,-186.196,319.121,2.863,-2.071,38,35.69,2.31,0.1383,0.0027,0.4676,229.8,303.94,1.0499,12151.6,2951.61,3671.2,92.24,2.7477,129000,101653.4,-79420.3,-53542.1,-74526.7,-13317.9,9568.0,14594.8,1803.8,0.0,0.0,34793.3,-25171.7,0,0
96.4167,11930.193,-8400.746,11530.193,8998.201,259.457,-186.403,319.474,2.864,-2.071,38,35.69,2.31,0.1383,0.0027,0.4666,229.68,303.86,1.0514,12151.3,2951.34,3670.8,92.23,2.7477,129000,101653.4,-79420.3,-53536.1,-74517.7,-13317.3,9567.6,14594.4,1803.4,0.0,0.0,34800.0,-25165.8,0,0
96.5167,11956.155,-8419.399,11556.155,9016.854,259.743,-186.61,319.828,2.865,-2.071,38,35.69,2.31,0.1383,0.0027,0.4656,229.56,303.78,1.0528,12151.1,2951.06,3670.5,92.22,2.7477,129000,101653.4,-79420.3,-53530.0,-74508.7,-13316.5,9567.1,14593.9,1803.1,0.0,0.0,34806.9,-25160.0,0,0
96.6167,11982.146,-8438.072,11582.146,9035.527,260.029,-186.817,320.181,2.865,-2.07,38,35.7,2.3,0.1383,0.0027,0.4645,229.44,303.7,1.0543,12150.8,2950.79,3670.1,92.21,2.7477,129000,101653.4,-79420.3,-53523.9,-74499.8,-13315.7,9566.6,14593.3,1802.7,0.0,0.0,34813.8,-25154.3,0,0
96.7167,12008.166,-8456.766,11608.166,9054.221,260.316,-187.024,320.534,2.866,-2.07,38,35.7,2.3,0.1383,0.0027,0.4635,229.32,303.62,1.0557,12150.5,2950.51,3669.8,92.2,2.7477,129000,101653.4,-79420.3,-53517.8,-74490.8,-13314.9,9566.0,14592.6,1802.4,0.0,0.0,34820.7,-25148.5,0,0
96.8167,12034.214,-8475.48,11634.214,9072.935,260.603,-187.231,320.888,2.866,-2.069,38,35.7,2.3,0.1383,0.0027,0.4624,229.2,303.54,1.0571,12150.2,2950.24,3669.5,92.19,2.7477,129000,101653.4,-79420.3,-53511.6,-74481.8,-13313.9,9565.4,14591.8,1802.0,0.0,0.0,34827.8,-25142.8,0,0
96.9167,12060.291,-8494.215,11660.291,9091.67,260.889,-187.438,321.242,2.867,-2.069,38,35.7,2.3,0.1383,0.0027,0.4614,229.07,303.46,1.0586,12150.0,2949.97,3669.1,92.19,2.7477,129000,101653.4,-79420.3,-53505.4,-74472.8,-13313.0,9564.8,14591.0,1801.7,0.0,0.0,34835.0,-25137.2,0,0
97.0167,12086.397,-8512.971,11686.397,9110.426,261.176,-187.645,321.595,2.868,-2.068,38,35.7,2.3,0.1383,0.0027,0.4603,228.95,303.38,1.06,12149.7,2949.69,3668.8,92.18,2.7477,129000,101653.4,-79420.3,-53499.2,-74463.8,-13311.9,9564.1,14590.0,1801.4,0.0,0.0,34842.3,-25131.6,0,0
97.1167,12112.531,-8531.748,11712.531,9129.203,261.463,-187.851,321.949,2.868,-2.068,38,35.7,2.3,0.1383,0.0027,0.4593,228.83,303.3,1.0615,12149.4,2949.42,3668.4,92.17,2.7477,129000,101653.4,-79420.3,-53493.0,-74454.8,-13310.8,9563.3,14589.0,1801.1,0.0,0.0,34849.6,-25126.1,0,0
97.2167,12138.694,-8550.545,11738.694,9148.0,261.75,-188.058,322.302,2.869,-2.068,38,35.7,2.3,0.1382,0.0027,0.4582,228.71,303.22,1.0629,12149.1,2949.14,3668.1,92.16,2.7477,129000,101653.4,-79420.3,-53486.7,-74445.8,-13309.6,9562.5,14587.9,1800.8,0.0,0.0,34857.0,-25120.6,0,0
97.3167,12164.886,-8569.363,11764.886,9166.818,262.037,-188.265,322.656,2.87,-2.067,38,35.7,2.3,0.1382,0.0027,0.4572,228.59,303.14,1.0644,12148.9,2948.87,3667.7,92.15,2.7477,129000,101653.4,-79420.3,-53480.4,-74436.8,-13308.4,9561.7,14586.7,1800.5,0.0,0.0,34864.6,-25115.1,0,0
97.4167,12191.106,-8588.201,11791.106,9185.656,262.324,-188.472,323.01,2.87,-2.067,38,35.7,2.3,0.1382,0.0027,0.4562,228.46,303.06,1.0658,12148.6,2948.59,3667.4,92.14,2.7477,129000,101653.4,-79420.3,-53474.1,-74427.8,-13307.1,9560.8,14585.4,1800.3,0.0,0.0,34872.2,-25109.7,0,0
97.5167,12217.355,-8607.06,11817.355,9204.515,262.611,-188.678,323.363,2.871,-2.066,38,35.7,2.3,0.1382,0.0027,0.4551,228.34,302.97,1.0673,12148.3,2948.32,3667.1,92.13,2.7477,129000,101653.4,-79420.3,-53467.7,-74418.8,-13305.8,9559.8,14584.0,1800.0,0.0,0.0,34879.9,-25104.3,0,0
97.6167,12243.633,-8625.94,11843.633,9223.395,262.898,-188.885,323.717,2.872,-2.066,38,35.7,2.3,0.1382,0.0027,0.4541,228.22,302.89,1.0688,12148.0,2948.04,3666.7,92.13,2.7477,129000,101653.4,-79420.3,-53461.3,-74409.7,-13304.4,9558.8,14582.5,1799.7,0.0,0.0,34887.7,-25099.0,0,0
97.7167,12269.94,-8644.841,11869.94,9242.296,263.185,-189.091,324.071,2.873,-2.066,38,35.7,2.3,0.1382,0.0027,0.453,228.1,302.81,1.0702,12147.8,2947.77,3666.4,92.12,2.7477,129000,101653.4,-79420.3,-53454.9,-74400.7,-13302.9,9557.8,14581.0,1799.5,0.0,0.0,34895.6,-25093.7,0,0
97.8167,12296.275,-8663.762,11896.275,9261.217,263.473,-189.298,324.425,2.873,-2.065,38,35.7,2.3,0.1382,0.0027,0.452,227.97,302.73,1.0717,12147.5,2947.49,3666.0,92.11,2.7477,129000,101653.4,-79420.3,-53448.4,-74391.7,-13301.4,9556.7,14579.3,1799.3,0.0,0.0,34903.5,-25088.4,0,0
97.9167,12322.639,-8682.704,11922.639,9280.159,263.76,-189.505,324.779,2.874,-2.065,38,35.7,2.3,0.1382,0.0027,0.451,227.85,302.65,1.0731,12147.2,2947.22,3665.7,92.1,2.7477,129000,101653.4,-79420.3,-53442.0,-74382.6,-13299.8,9555.6,14577.6,1799.0,0.0,0.0,34911.6,-25083.2,0,0
98.0167,12349.032,-8701.666,11949.032,9299.121,264.047,-189.711,325.133,2.875,-2.065,38,35.7,2.3,0.1382,0.0027,0.4499,227.73,302.57,1.0746,12146.9,2946.94,3665.4,92.09,2.7477,129000,101653.4,-79420.3,-53435.5,-74373.6,-13298.2,9554.4,14575.8,1798.8,0.0,0.0,34919.7,-25078.0,0,0
98.1167,12375.453,-8720.65,11975.453,9318.105,264.335,-189.917,325.487,2.876,-2.064,38,35.7,2.3,0.1382,0.0027,0.4489,227.6,302.48,1.076,12146.7,2946.67,3665.0,92.08,2.7477,129000,101653.4,-79420.3,-53428.9,-74364.5,-13296.5,9553.2,14573.9,1798.6,0.0,0.0,34928.0,-25072.9,0,0
98.2167,12401.904,-8739.653,12001.904,9337.108,264.622,-190.124,325.841,2.876,-2.064,38,35.7,2.3,0.1382,0.0027,0.4479,227.48,302.4,1.0775,12146.4,2946.39,3664.7,92.07,2.7477,129000,101653.4,-79420.3,-53422.3,-74355.5,-13294.7,9551.9,14571.9,1798.4,0.0,0.0,34936.3,-25067.8,0,0
98.3167,12428.383,-8758.678,12028.383,9356.133,264.91,-190.33,326.195,2.877,-2.063,38,35.7,2.3,0.1382,0.0027,0.4468,227.36,302.32,1.079,12146.1,2946.12,3664.3,92.07,2.7477,129000,101653.4,-79420.3,-53415.7,-74346.4,-13292.9,9550.6,14569.9,1798.2,0.0,0.0,34944.7,-25062.8,0,0
98.4167,12454.89,-8777.723,12054.89,9375.178,265.198,-190.537,326.549,2.878,-2.063,38,35.7,2.3,0.1382,0.0027,0.4458,227.23,302.24,1.0804,12145.8,2945.84,3664.0,92.06,2.7477,129000,101653.4,-79420.3,-53409.1,-74337.3,-13291.0,9549.2,14567.7,1798.1,0.0,0.0,34953.2,-25057.8,0,0
98.5167,12481.427,-8796.788,12081.427,9394.243,265.486,-190.743,326.903,2.879,-2.063,38,35.7,2.3,0.1382,0.0027,0.4447,227.11,302.16,1.0819,12145.6,2945.57,3663.6,92.05,2.7477,129000,101653.4,-79420.3,-53402.5,-74328.3,-13289.1,9547.8,14565.5,1797.9,0.0,0.0,34961.8,-25052.8,0,0
98.6167,12507.992,-8815.875,12107.992,9413.33,265.774,-190.949,327.257,2.879,-2.062,38,35.7,2.3,0.1382,0.0027,0.4437,226.98,302.07,1.0834,12145.3,2945.29,3663.3,92.04,2.7477,129000,101653.4,-79420.3,-53395.8,-74319.2,-13287.1,9546.3,14563.2,1797.7,0.0,0.0,34970.5,-25047.9,0,0
98.7167,12534.586,-8834.982,12134.586,9432.437,266.062,-191.155,327.611,2.88,-2.062,38,35.7,2.3,0.1382,0.0027,0.4427,226.86,301.99,1.0848,12145.0,2945.02,3663.0,92.03,2.7477,129000,101653.4,-79420.3,-53389.0,-74310.1,-13285.0,9544.8,14560.8,1797.6,0.0,0.0,34979.3,-25043.0,0,0
98.8167,12561.209,-8854.109,12161.209,9451.564,266.35,-191.361,327.965,2.881,-2.062,38,35.7,2.3,0.1383,0.0027,0.4417,226.74,301.91,1.0863,12144.7,2944.74,3662.6,92.02,2.7477,129000,101653.4,-79420.3,-53382.3,-74301.0,-13282.9,9543.2,14558.3,1797.4,0.0,0.0,34988.2,-25038.1,0,0
98.9167,12587.861,-8873.257,12187.861,9470.712,266.638,-191.568,328.32,2.882,-2.061,38,35.7,2.3,0.1383,0.0027,0.4406,226.61,301.82,1.0878,12144.5,2944.47,3662.3,92.01,2.7477,129000,101653.4,-79420.3,-53375.5,-74291.9,-13280.7,9541.6,14555.7,1797.3,0.0,0.0,34997.1,-25033.3,0,0
99.0167,12614.542,-8892.426,12214.542,9489.881,266.926,-191.774,328.674,2.883,-2.061,38,35.7,2.3,0.1383,0.0027,0.4396,226.49,301.74,1.0893,12144.2,2944.19,3661.9,92.01,2.7477,129000,101653.4,-79420.3,-53368.7,-74282.8,-13278.5,9540.0,14553.0,1797.2,0.0,0.0,35006.2,-25028.6,0,0
99.1167,12641.251,-8911.616,12241.251,9509.071,267.214,-191.98,329.028,2.883,-2.061,38,35.7,2.3,0.1383,0.0027,0.4386,226.36,301.66,1.0907,12143.9,2943.92,3661.6,92.0,2.7477,129000,101653.4,-79420.3,-53361.9,-74273.7,-13276.2,9538.3,14550.3,1797.1,0.0,0.0,35015.3,-25023.8,0,0
99.2167,12667.989,-8930.826,12267.989,9528.281,267.503,-192.186,329.383,2.884,-2.06,38,35.7,2.3,0.1383,0.0027,0.4375,226.24,301.58,1.0922,12143.6,2943.65,3661.3,91.99,2.7477,129000,101653.4,-79420.3,-53355.0,-74264.5,-13273.9,9536.5,14547.5,1797.0,0.0,0.0,35024.5,-25019.1,0,0
99.3167,12694.757,-8950.056,12294.757,9547.511,267.791,-192.392,329.737,2.885,-2.06,38,35.69,2.31,0.1383,0.0027,0.4365,226.11,301.49,1.0937,12143.4,2943.37,3660.9,91.98,2.7477,129000,101653.4,-79420.3,-53348.1,-74255.4,-13271.5,9534.8,14544.6,1796.9,0.0,0.0,35033.8,-25014.5,0,0
99.4167,12721.553,-8969.307,12321.553,9566.762,268.08,-192.598,330.092,2.886,-2.06,38,35.69,2.31,0.1383,0.0027,0.4355,225.99,301.41,1.0952,12143.1,2943.1,3660.6,91.97,2.7477,129000,101653.4,-79420.3,-53341.1,-74246.2,-13269.0,9532.9,14541.6,1796.8,0.0,0.0,35043.3,-25009.9,0,0
99.5167,12748.377,-8988.579,12348.377,9586.034,268.368,-192.804,330.446,2.887,-2.059,38,35.69,2.31,0.1383,0.0027,0.4345,225.86,301.33,1.0966,12142.8,2942.82,3660.2,91.96,2.7477,129000,101653.4,-79420.3,-53334.2,-74237.1,-13266.5,9531.0,14538.5,1796.7,0.0,0.0,35052.7,-25005.3,0,0
99.6167,12775.231,-9007.872,12375.231,9605.327,268.657,-193.01,330.801,2.888,-2.059,38,35.69,2.31,0.1383,0.0027,0.4334,225.74,301.24,1.0981,12142.5,2942.55,3659.9,91.95,2.7477,129000,101653.4,-79420.3,-53327.2,-74227.9,-13263.9,9529.1,14535.3,1796.7,0.0,0.0,35062.3,-25000.8,0,0
99.7167,12802.114,-9027.185,12402.114,9624.64,268.946,-193.216,331.156,2.888,-2.059,38,35.69,2.31,0.1383,0.0027,0.4324,225.61,301.16,1.0996,12142.3,2942.27,3659.5,91.95,2.7477,129000,101653.4,-79420.3,-53320.1,-74218.7,-13261.2,9527.1,14532.1,1796.6,0.0,0.0,35072.0,-24996.3,0,0
99.8167,12829.025,-9046.518,12429.025,9643.973,269.235,-193.421,331.51,2.889,-2.058,38,35.69,2.31,0.1384,0.0027,0.4314,225.49,301.07,1.1011,12142.0,2942.0,3659.2,91.94,2.7477,129000,101653.4,-79420.3,-53313.1,-74209.6,-13258.5,9525.1,14528.7,1796.6,0.0,0.0,35081.8,-24991.8,0,0
99.9167,12855.965,-9065.872,12455.965,9663.327,269.524,-193.627,331.865,2.89,-2.058,38,35.69,2.31,0.1384,0.0027,0.4304,225.36,300.99,1.1026,12141.7,2941.72,3658.9,91.93,2.7477,129000,101653.4,-79420.3,-53306.0,-74200.4,-13255.8,9523.0,14525.3,1796.6,0.0,0.0,35091.6,-24987.4,0,0
100.0167,12882.935,-9085.247,12482.935,9682.702,269.813,-193.833,332.22,2.891,-2.058,38,35.69,2.31,0.1384,0.0027,0.4293,225.23,300.91,1.1041,12141.4,2941.45,3658.5,91.92,2.7477,129000,101653.4,-79420.3,-53298.9,-74191.2,-13252.9,9520.9,14521.8,1796.5,0.0,0.0,35101.6,-24983.0,0,0
100.1167,12909.933,-9104.642,12509.933,9702.097,270.102,-194.039,332.575,2.892,-2.057,38,35.69,2.31,0.1384,0.0027,0.4283,225.11,300.82,1.1056,12141.2,2941.17,3658.2,91.91,2.7477,129000,101653.4,-79420.3,-53291.7,-74182.0,-13250.1,9518.7,14518.2,1796.5,0.0,0.0,35111.6,-24978.6,0,0
100.2167,12936.96,-9124.058,12536.96,9721.513,270.391,-194.244,332.93,2.893,-2.057,38,35.69,2.31,0.1384,0.0027,0.4273,224.98,300.74,1.107,12140.9,2940.9,3657.8,91.9,2.7477,129000,101653.4,-79420.3,-53284.5,-74172.7,-13247.1,9516.5,14514.6,1796.5,0.0,0.0,35121.7,-24974.3,0,0
100.3167,12964.016,-9143.495,12564.016,9740.95,270.681,-194.45,333.285,2.894,-2.057,38,35.69,2.31,0.1384,0.0027,0.4263,224.85,300.65,1.1085,12140.6,2940.62,3657.5,91.89,2.7477,129000,101653.4,-79420.3,-53277.3,-74163.5,-13244.1,9514.3,14510.8,1796.5,0.0,0.0,35131.9,-24970.1,0,0
100.4167,12991.101,-9162.952,12591.101,9760.407,270.97,-194.656,333.64,2.895,-2.056,38,35.69,2.31,0.1385,0.0027,0.4253,224.73,300.57,1.11,12140.3,2940.35,3657.1,91.89,2.7477,129000,101653.4,-79420.3,-53270.1,-74154.3,-13241.1,9512.0,14507.0,1796.5,0.0,0.0,35142.2,-24965.8,0,0
100.5167,13018.215,-9182.429,12618.215,9779.884,271.26,-194.861,333.995,2.896,-2.056,38,35.69,2.31,0.1385,0.0027,0.4242,224.6,300.48,1.1115,12140.1,2940.07,3656.8,91.88,2.7477,129000,101653.4,-79420.3,-53262.8,-74145.0,-13238.0,9509.6,14503.1,1796.6,0.0,0.0,35152.6,-24961.6,0,0
100.6167,13045.357,-9201.927,12645.357,9799.382,271.549,-195.067,334.35,2.897,-2.056,38,35.69,2.31,0.1385,0.0027,0.4232,224.48,300.4,1.113,12139.8,2939.8,3656.5,91.87,2.7477,129000,101653.4,-79420.3,-53255.5,-74135.8,-13234.8,9507.2,14499.0,1796.6,0.0,0.0,35163.1,-24957.4,0,0
100.7167,13072.529,-9221.446,12672.529,9818.901,271.839,-195.273,334.705,2.897,-2.056,38,35.69,2.31,0.1385,0.0027,0.4222,224.35,300.31,1.1145,12139.5,2939.52,3656.1,91.86,2.7477,129000,101653.4,-79420.3,-53248.1,-74126.5,-13231.6,9504.8,14495.0,1796.6,0.0,0.0,35173.7,-24953.3,0,0
100.8167,13099.73,-9240.985,12699.73,9838.44,272.129,-195.478,335.061,2.898,-2.055,38,35.69,2.31,0.1385,0.0027,0.4212,224.22,300.23,1.116,12139.2,2939.25,3655.8,91.85,2.7477,129000,101653.4,-79420.3,-53240.7,-74117.2,-13228.3,9502.3,14490.8,1796.7,0.0,0.0,35184.4,-24949.2,0,0
100.9167,13126.96,-9260.545,12726.96,9858.0,272.419,-195.684,335.416,2.899,-2.055,38,35.69,2.31,0.1386,0.0027,0.4202,224.09,300.14,1.1175,12139.0,2938.97,3655.4,91.84,2.7477,129000,101653.4,-79420.3,-53233.3,-74107.9,-13225.0,9499.8,14486.5,1796.7,0.0,0.0,35195.1,-24945.1,0,0
101.0167,13154.219,-9280.125,12754.219,9877.58,272.709,-195.889,335.771,2.9,-2.055,38,35.69,2.31,0.1386,0.0027,0.4192,223.97,300.06,1.119,12138.7,2938.7,3655.1,91.83,2.7477,129000,101653.4,-79420.3,-53225.9,-74098.6,-13221.6,9497.2,14482.2,1796.8,0.0,0.0,35206.0,-24941.1,0,0
101.1167,13181.506,-9299.726,12781.506,9897.181,272.999,-196.095,336.127,2.901,-2.054,38,35.69,2.31,0.1386,0.0027,0.4181,223.84,299.97,1.1205,12138.4,2938.42,3654.8,91.83,2.7477,129000,101653.4,-79420.3,-53218.4,-74089.3,-13218.1,9494.6,14477.8,1796.9,0.0,0.0,35216.9,-24937.1,0,0
101.2167,13208.823,-9319.348,12808.823,9916.803,273.289,-196.3,336.482,2.902,-2.054,38,35.69,2.31,0.1386,0.0027,0.4171,223.71,299.89,1.122,12138.1,2938.15,3654.4,91.82,2.7477,129000,101653.4,-79420.3,-53210.9,-74080.0,-13214.6,9491.9,14473.3,1797.0,0.0,0.0,35227.9,-24933.2,0,0
101.3167,13236.169,-9338.99,12836.169,9936.445,273.579,-196.505,336.838,2.903,-2.054,38,35.69,2.31,0.1387,0.0027,0.4161,223.58,299.8,1.1235,12137.9,2937.88,3654.1,91.81,2.7477,129000,101653.4,-79420.3,-53203.3,-74070.6,-13211.0,9489.2,14468.7,1797.1,0.0,0.0,35239.0,-24929.2,0,0
101.4167,13263.544,-9358.652,12863.544,9956.107,273.869,-196.711,337.194,2.904,-2.054,38,35.69,2.31,0.1387,0.0027,0.4151,223.46,299.72,1.125,12137.6,2937.6,3653.7,91.8,2.7477,129000,101653.4,-79420.3,-53195.7,-74061.3,-13207.4,9486.4,14464.1,1797.2,0.0,0.0,35250.2,-24925.3,0,0
101.5167,13290.948,-9378.335,12890.948,9975.79,274.16,-196.916,337.549,2.905,-2.053,38,35.69,2.31,0.1387,0.0027,0.4141,223.33,299.63,1.1266,12137.3,2937.33,3653.4,91.79,2.7477,129000,101653.4,-79420.3,-53188.1,-74051.9,-13203.7,9483.6,14459.3,1797.3,0.0,0.0,35261.5,-24921.5,0,0
101.6167,13318.381,-9398.039,12918.381,9995.494,274.451,-197.121,337.905,2.906,-2.053,38,35.69,2.31,0.1387,0.0027,0.4131,223.2,299.55,1.1281,12137.1,2937.05,3653.0,91.78,2.7477,129000,101653.4,-79420.3,-53180.5,-74042.6,-13200.0,9480.8,14454.5,1797.4,0.0,0.0,35272.9,-24917.6,0,0
101.7167,13345.843,-9417.763,12945.843,10015.218,274.741,-197.327,338.261,2.907,-2.053,38,35.69,2.31,0.1388,0.0027,0.4121,223.07,299.46,1.1296,12136.8,2936.78,3652.7,91.77,2.7477,129000,101653.4,-79420.3,-53172.8,-74033.2,-13196.2,9477.9,14449.6,1797.5,0.0,0.0,35284.4,-24913.8,0,0
101.8167,13373.334,-9437.508,12973.334,10034.963,275.032,-197.532,338.617,2.908,-2.052,38,35.69,2.31,0.1388,0.0027,0.4111,222.94,299.37,1.1311,12136.5,2936.5,3652.4,91.77,2.7477,129000,101653.4,-79420.3,-53165.1,-74023.8,-13192.3,9474.9,14444.6,1797.7,0.0,0.0,35296.0,-24910.1,0,0
101.9167,13400.854,-9457.273,13000.854,10054.728,275.323,-197.737,338.973,2.909,-2.052,38,35.69,2.31,0.1388,0.0027,0.4101,222.82,299.29,1.1326,12136.2,2936.23,3652.0,91.76,2.7477,129000,101653.4,-79420.3,-53157.4,-74014.4,-13188.4,9472.0,14439.5,1797.8,0.0,0.0,35307.6,-24906.4,0,0
102.0167,13428.403,-9477.058,13028.403,10074.513,275.614,-197.942,339.329,2.91,-2.052,38,35.69,2.31,0.1389,0.0027,0.4091,222.69,299.2,1.1341,12136.0,2935.95,3651.7,91.75,2.7477,129000,101653.4,-79420.3,-53149.6,-74004.9,-13184.4,9468.9,14434.4,1798.0,0.0,0.0,35319.4,-24902.7,0,0
102.1167,13455.981,-9496.865,13055.981,10094.32,275.905,-198.148,339.685,2.911,-2.052,38,35.68,2.32,0.1389,0.0027,0.408,222.56,299.11,1.1356,12135.7,2935.68,3651.3,91.74,2.7477,129000,101653.4,-79420.3,-53141.8,-73995.5,-13180.4,9465.8,14429.1,1798.2,0.0,0.0,35331.2,-24899.0,0,0
102.2167,13483.589,-9516.691,13083.589,10114.146,276.196,-198.353,340.041,2.912,-2.051,38,35.68,2.32,0.1389,0.0027,0.407,222.43,299.03,1.1372,12135.4,2935.4,3651.0,91.73,2.7477,129000,101653.4,-79420.3,-53133.9,-73986.1,-13176.3,9462.7,14423.8,1798.3,0.0,0.0,35343.1,-24895.4,0,0
102.3167,13511.226,-9536.539,13111.226,10133.994,276.487,-198.558,340.398,2.913,-2.051,38,35.68,2.32,0.139,0.0027,0.406,222.3,298.94,1.1387,12135.1,2935.13,3650.7,91.72,2.7477,129000,101653.4,-79420.3,-53126.0,-73976.6,-13172.2,9459.6,14418.4,1798.5,0.0,0.0,35355.2,-24891.8,0,0
102.4167,13538.891,-9556.406,13138.891,10153.861,276.779,-198.763,340.754,2.915,-2.051,38,35.68,2.32,0.139,0.0027,0.405,222.17,298.85,1.1402,12134.9,2934.85,3650.3,91.71,2.7477,129000,101653.4,-79420.3,-53118.1,-73967.1,-13168.0,9456.4,14413.0,1798.7,0.0,0.0,35367.3,-24888.2,0,0
102.5167,13566.586,-9576.295,13166.586,10173.75,277.07,-198.968,341.11,2.916,-2.051,38,35.68,2.32,0.139,0.0027,0.404,222.04,298.77,1.1417,12134.6,2934.58,3650.0,91.71,2.7477,129000,101653.4,-79420.3,-53110.2,-73957.6,-13163.7,9453.1,14407.4,1798.9,0.0,0.0,35379.5,-24884.6,0,0
102.6167,13594.31,-9596.203,13194.31,10193.658,277.362,-199.173,341.467,2.917,-2.05,38,35.68,2.32,0.1391,0.0027,0.403,221.91,298.68,1.1433,12134.3,2934.3,3649.6,91.7,2.7477,129000,101653.4,-79420.3,-53102.2,-73948.1,-13159.4,9449.8,14401.8,1799.2,0.0,0.0,35391.8,-24881.1,0,0
102.7167,13622.063,-9616.133,13222.063,10213.588,277.654,-199.378,341.823,2.918,-2.05,38,35.68,2.32,0.1391,0.0027,0.402,221.78,298.59,1.1448,12134.0,2934.03,3649.3,91.69,2.7477,129000,101653.4,-79420.3,-53094.2,-73938.6,-13155.1,9446.5,14396.0,1799.4,0.0,0.0,35404.2,-24877.7,0,0
102.8167,13649.846,-9636.082,13249.846,10233.537,277.946,-199.583,342.18,2.919,-2.05,38,35.68,2.32,0.1391,0.0028,0.401,221.65,298.51,1.1463,12133.8,2933.75,3648.9,91.68,2.7477,129000,101653.4,-79420.3,-53086.1,-73929.1,-13150.7,9443.1,14390.2,1799.6,0.0,0.0,35416.6,-24874.2,0,0
102.9167,13677.657,-9656.053,13277.657,10253.508,278.237,-199.788,342.537,2.92,-2.05,38,35.68,2.32,0.1392,0.0028,0.4,221.52,298.42,1.1478,12133.5,2933.48,3648.6,91.67,2.7477,129000,101653.4,-79420.3,-53078.0,-73919.5,-13146.2,9439.6,14384.4,1799.9,0.0,0.0,35429.2,-24870.8,0,0
103.0167,13705.498,-9676.043,13305.498,10273.498,278.53,-199.993,342.893,2.921,-2.05,38,35.68,2.32,0.1392,0.0028,0.399,221.39,298.33,1.1494,12133.2,2933.2,3648.3,91.66,2.7477,129000,101653.4,-79420.3,-53069.9,-73909.9,-13141.6,9436.2,14378.4,1800.1,0.0,0.0,35441.8,-24867.4,0,0
103.1167,13733.368,-9696.055,13333.368,10293.51,278.822,-200.198,343.25,2.922,-2.049,38,35.68,2.32,0.1393,0.0028,0.398,221.26,298.24,1.1509,12132.9,2932.93,3647.9,91.65,2.7477,129000,101653.4,-79420.3,-53061.7,-73900.4,-13137.1,9432.6,14372.4,1800.4,0.0,0.0,35454.6,-24864.0,0,0
103.2167,13761.267,-9716.086,13361.267,10313.541,279.114,-200.403,343.607,2.923,-2.049,38,35.68,2.32,0.1393,0.0028,0.397,221.13,298.15,1.1524,12132.7,2932.65,3647.6,91.65,2.7477,129000,101653.4,-79420.3,-53053.5,-73890.8,-13132.4,9429.1,14366.2,1800.6,0.0,0.0,35467.4,-24860.7,0,0
103.3167,13789.196,-9736.139,13389.196,10333.594,279.406,-200.608,343.964,2.924,-2.049,38,35.68,2.32,0.1393,0.0028,0.396,221.0,298.07,1.154,12132.4,2932.38,3647.2,91.64,2.7477,129000,101653.4,-79420.3,-53045.3,-73881.2,-13127.7,9425.5,14360.0,1800.9,0.0,0.0,35480.4,-24857.4,0,0
103.4167,13817.154,-9756.211,13417.154,10353.666,279.699,-200.813,344.321,2.926,-2.049,38,35.68,2.32,0.1394,0.0028,0.3951,220.87,297.98,1.1555,12132.1,2932.11,3646.9,91.63,2.7477,129000,101653.4,-79420.3,-53037.1,-73871.5,-13123.0,9421.8,14353.8,1801.2,0.0,0.0,35493.4,-24854.1,0,0
103.5167,13845.141,-9776.305,13445.141,10373.76,279.992,-201.018,344.679,2.927,-2.048,38,35.68,2.32,0.1394,0.0028,0.3941,220.74,297.89,1.1571,12131.8,2931.83,3646.6,91.62,2.7477,129000,101653.4,-79420.3,-53028.8,-73861.9,-13118.2,9418.1,14347.4,1801.5,0.0,0.0,35506.5,-24850.9,0,0
103.6167,13873.157,-9796.418,13473.157,10393.873,280.284,-201.222,345.036,2.928,-2.048,38,35.68,2.32,0.1395,0.0028,0.3931,220.61,297.8,1.1586,12131.6,2931.56,3646.2,91.61,2.7477,129000,101653.4,-79420.3,-53020.4,-73852.3,-13113.3,9414.4,14341.0,1801.8,0.0,0.0,35519.7,-24847.7,0,0
103.7167,13901.202,-9816.553,13501.202,10414.008,280.577,-201.427,345.393,2.929,-2.048,38,35.67,2.33,0.1395,0.0028,0.3921,220.48,297.71,1.1601,12131.3,2931.28,3645.9,91.6,2.7477,129000,101653.4,-79420.3,-53012.1,-73842.6,-13108.4,9410.6,14334.4,1802.1,0.0,0.0,35533.0,-24844.5,0,0
103.8167,13929.277,-9836.707,13529.277,10434.162,280.87,-201.632,345.751,2.93,-2.048,38,35.67,2.33,0.1396,0.0028,0.3911,220.35,297.63,1.1617,12131.0,2931.01,3645.5,91.59,2.7477,129000,101653.4,-79420.3,-53003.6,-73832.9,-13103.4,9406.8,14327.8,1802.4,0.0,0.0,35546.4,-24841.3,0,0
103.9167,13957.381,-9856.882,13557.381,10454.337,281.163,-201.837,346.108,2.931,-2.048,38,35.67,2.33,0.1396,0.0028,0.3901,220.22,297.54,1.1632,12130.7,2930.73,3645.2,91.59,2.7477,129000,101653.4,-79420.3,-52995.2,-73823.2,-13098.4,9402.9,14321.2,1802.8,0.0,0.0,35559.8,-24838.2,0,0
104.0167,13985.515,-9877.078,13585.515,10474.533,281.456,-202.041,346.466,2.933,-2.047,38,35.67,2.33,0.1396,0.0028,0.3891,220.09,297.45,1.1648,12130.5,2930.46,3644.8,91.58,2.7477,129000,101653.4,-79420.3,-52986.7,-73813.5,-13093.3,9399.0,14314.4,1803.1,0.0,0.0,35573.4,-24835.1,0,0
104.1167,14013.677,-9897.294,13613.677,10494.749,281.75,-202.246,346.823,2.934,-2.047,38,35.67,2.33,0.1397,0.0028,0.3881,219.96,297.36,1.1663,12130.2,2930.18,3644.5,91.57,2.7477,129000,101653.4,-79420.3,-52978.2,-73803.7,-13088.1,9395.0,14307.6,1803.5,0.0,0.0,35587.0,-24832.0,0,0
104.2167,14041.869,-9917.531,13641.869,10514.986,282.043,-202.451,347.181,2.935,-2.047,38,35.67,2.33,0.1397,0.0028,0.3871,219.82,297.27,1.1679,12129.9,2929.91,3644.2,91.56,2.7477,129000,101653.4,-79420.3,-52969.7,-73794.0,-13082.9,9391.0,14300.7,1803.8,0.0,0.0,35600.8,-24828.9,0,0
104.3167,14070.091,-9937.788,13670.091,10535.243,282.337,-202.656,347.539,2.936,-2.047,38,35.67,2.33,0.1398,0.0028,0.3862,219.69,297.18,1.1694,12129.6,2929.63,3643.8,91.55,2.7477,129000,101653.4,-79420.3,-52961.1,-73784.2,-13077.7,9387.0,14293.7,1804.2,0.0,0.0,35614.6,-24825.9,0,0
104.4167,14098.342,-9958.065,13698.342,10555.52,282.63,-202.86,347.897,2.937,-2.047,38,35.67,2.33,0.1398,0.0028,0.3852,219.56,297.09,1.171,12129.4,2929.36,3643.5,91.54,2.7477,129000,101653.4,-79420.3,-52952.4,-73774.4,-13072.4,9382.9,14286.6,1804.6,0.0,0.0,35628.6,-24822.9,0,0
104.5167,14126.622,-9978.363,13726.622,10575.818,282.924,-203.065,348.255,2.939,-2.046,38,35.67,2.33,0.1399,0.0028,0.3842,219.43,297.0,1.1726,12129.1,2929.08,3643.1,91.53,2.7477,129000,101653.4,-79420.3,-52943.8,-73764.6,-13067.0,9378.7,14279.5,1804.9,0.0,0.0,35642.6,-24819.9,0,0
104.6167,14154.931,-9998.681,13754.931,10596.136,283.218,-203.269,348.613,2.94,-2.046,38,35.67,2.33,0.1399,0.0028,0.3832,219.3,296.91,1.1741,12128.8,2928.81,3642.8,91.53,2.7477,129000,101653.4,-79420.3,-52935.1,-73754.8,-13061.6,9374.6,14272.2,1805.3,0.0,0.0,35656.7,-24817.0,0,0
104.7167,14183.27,-10019.02,13783.27,10616.475,283.512,-203.474,348.971,2.941,-2.046,38,35.67,2.33,0.14,0.0028,0.3822,219.16,296.82,1.1757,12128.5,2928.53,3642.5,91.52,2.7477,129000,101653.4,-79420.3,-52926.3,-73744.9,-13056.2,9370.3,14264.9,1805.7,0.0,0.0,35670.9,-24814.0,0,0
104.8167,14211.639,-10039.38,13811.639,10636.835,283.806,-203.679,349.329,2.942,-2.046,38,35.67,2.33,0.14,0.0028,0.3812,219.03,296.74,1.1772,12128.3,2928.26,3642.1,91.51,2.7477,129000,101653.4,-79420.3,-52917.6,-73735.1,-13050.6,9366.1,14257.5,1806.2,0.0,0.0,35685.2,-24811.1,0,0
104.9167,14240.037,-10059.759,13840.037,10657.214,284.101,-203.883,349.688,2.944,-2.046,38,35.67,2.33,0.1401,0.0028,0.3803,218.9,296.65,1.1788,12128.0,2927.98,3641.8,91.5,2.7477,129000,101653.4,-79420.3,-52908.8,-73725.2,-13045.1,9361.8,14250.1,1806.6,0.0,0.0,35699.6,-24808.3,0,0
105.0167,14268.464,-10080.16,13868.464,10677.615,284.395,-204.088,350.046,2.945,-2.045,38,35.66,2.34,0.1402,0.0028,0.3793,218.77,296.56,1.1804,12127.7,2927.71,3641.4,91.49,2.7477,129000,101653.4,-79420.3,-52899.9,-73715.3,-13039.4,9357.4,14242.5,1807.0,0.0,0.0,35714.1,-24805.4,0,0
105.1167,14296.921,-10100.58,13896.921,10698.035,284.69,-204.292,350.405,2.946,-2.045,38,35.66,2.34,0.1402,0.0028,0.3783,218.63,296.47,1.1819,12127.4,2927.43,3641.1,91.48,2.7477,129000,101653.4,-79420.3,-52891.0,-73705.4,-13033.8,9353.0,14234.9,1807.5,0.0,0.0,35728.6,-24802.6,0,0
105.2167,14325.407,-10121.022,13925.407,10718.477,284.984,-204.497,350.764,2.947,-2.045,38,35.66,2.34,0.1403,0.0028,0.3773,218.5,296.38,1.1835,12127.2,2927.16,3640.7,91.47,2.7477,129000,101653.4,-79420.3,-52882.1,-73695.5,-13028.0,9348.6,14227.2,1807.9,0.0,0.0,35743.3,-24799.8,0,0
105.3167,14353.922,-10141.483,13953.922,10738.938,285.279,-204.701,351.122,2.949,-2.045,38,35.66,2.34,0.1403,0.0028,0.3763,218.37,296.29,1.1851,12126.9,2926.88,3640.4,91.47,2.7477,129000,101653.4,-79420.3,-52873.1,-73685.5,-13022.2,9344.1,14219.5,1808.4,0.0,0.0,35758.0,-24797.0,0,0
105.4167,14382.467,-10161.965,13982.467,10759.42,285.574,-204.906,351.481,2.95,-2.045,38,35.66,2.34,0.1404,0.0028,0.3754,218.24,296.19,1.1867,12126.6,2926.61,3640.1,91.46,2.7477,129000,101653.4,-79420.3,-52864.1,-73675.5,-13016.4,9339.6,14211.6,1808.8,0.0,0.0,35772.9,-24794.2,0,0
105.5167,14411.042,-10182.468,14011.042,10779.923,285.869,-205.11,351.84,2.951,-2.044,38,35.66,2.34,0.1404,0.0028,0.3744,218.1,296.1,1.1882,12126.3,2926.33,3639.7,91.45,2.7477,129000,101653.4,-79420.3,-52855.1,-73665.5,-13010.5,9335.0,14203.7,1809.3,0.0,0.0,35787.8,-24791.5,0,0
105.6167,14439.646,-10202.991,14039.646,10800.446,286.164,-205.315,352.199,2.953,-2.044,38,35.66,2.34,0.1405,0.0028,0.3734,217.97,296.01,1.1898,12126.1,2926.06,3639.4,91.44,2.7477,129000,101653.4,-79420.3,-52846.0,-73655.5,-13004.5,9330.4,14195.7,1809.8,0.0,0.0,35802.8,-24788.8,0,0
105.7167,14468.28,-10223.534,14068.28,10820.989,286.46,-205.519,352.558,2.954,-2.044,38,35.66,2.34,0.1405,0.0028,0.3724,217.84,295.92,1.1914,12125.8,2925.79,3639.0,91.43,2.7477,129000,101653.4,-79420.3,-52836.9,-73645.5,-12998.5,9325.8,14187.6,1810.3,0.0,0.0,35818.0,-24786.1,0,0
105.8167,14496.943,-10244.098,14096.943,10841.553,286.755,-205.723,352.917,2.955,-2.044,38,35.66,2.34,0.1406,0.0028,0.3715,217.7,295.83,1.193,12125.5,2925.51,3638.7,91.42,2.7477,129000,101653.4,-79420.3,-52827.7,-73635.4,-12992.5,9321.1,14179.5,1810.8,0.0,0.0,35833.2,-24783.4,0,0
105.9167,14525.636,-10264.682,14125.636,10862.137,287.051,-205.928,353.277,2.957,-2.044,38,35.66,2.34,0.1407,0.0028,0.3705,217.57,295.74,1.1945,12125.2,2925.24,3638.4,91.41,2.7477,129000,101653.4,-79420.3,-52818.5,-73625.4,-12986.4,9316.4,14171.2,1811.3,0.0,0.0,35848.5,-24780.8,0,0
106.0167,14554.358,-10285.287,14154.358,10882.742,287.347,-206.132,353.636,2.958,-2.044,38,35.65,2.35,0.1407,0.0028,0.3695,217.43,295.65,1.1961,12125.0,2924.96,3638.0,91.41,2.7477,129000,101653.4,-79420.3,-52809.3,-73615.3,-12980.2,9311.6,14162.9,1811.8,0.0,0.0,35863.9,-24778.1,0,0
106.1167,14583.11,-10305.912,14183.11,10903.367,287.642,-206.337,353.996,2.959,-2.043,38,35.65,2.35,0.1408,0.0028,0.3686,217.3,295.56,1.1977,12124.7,2924.69,3637.7,91.4,2.7477,129000,101653.4,-79420.3,-52800.0,-73605.2,-12974.0,9306.8,14154.5,1812.3,0.0,0.0,35879.4,-24775.5,0,0
106.2167,14611.892,-10326.558,14211.892,10924.013,287.938,-206.541,354.355,2.961,-2.043,38,35.65,2.35,0.1409,0.0028,0.3676,217.17,295.47,1.1993,12124.4,2924.41,3637.3,91.39,2.7477,129000,101653.4,-79420.3,-52790.7,-73595.0,-12967.7,9301.9,14146.1,1812.9,0.0,0.0,35894.9,-24772.9,0,0
106.3167,14640.703,-10347.224,14240.703,10944.679,288.235,-206.745,354.715,2.962,-2.043,38,35.65,2.35,0.1409,0.0028,0.3666,217.03,295.38,1.2009,12124.1,2924.14,3637.0,91.38,2.7477,129000,101653.4,-79420.3,-52781.4,-73584.9,-12961.4,9297.0,14137.5,1813.4,0.0,0.0,35910.6,-24770.4,0,0
106.4167,14669.543,-10367.91,14269.543,10965.365,288.531,-206.949,355.075,2.963,-2.043,38,35.65,2.35,0.141,0.0028,0.3657,216.9,295.29,1.2025,12123.9,2923.86,3636.6,91.37,2.7477,129000,101653.4,-79420.3,-52772.0,-73574.7,-12955.0,9292.1,14128.9,1814.0,0.0,0.0,35926.4,-24767.8,0,0
106.5167,14698.414,-10388.617,14298.414,10986.072,288.827,-207.154,355.435,2.965,-2.043,38,35.65,2.35,0.141,0.0028,0.3647,216.76,295.19,1.2041,12123.6,2923.59,3636.3,91.36,2.7477,129000,101653.4,-79420.3,-52762.6,-73564.5,-12948.6,9287.1,14120.2,1814.5,0.0,0.0,35942.2,-24765.3,0,0
106.6167,14727.314,-10409.344,14327.314,11006.799,289.124,-207.358,355.795,2.964,-2.045,38,35.65,2.35,0.1411,0.0028,0.3639,216.65,295.12,1.2056,12123.3,2923.31,3636.0,91.35,2.7477,129000,101653.4,-79420.3,-52775.6,-73585.7,-12947.7,9286.1,14117.5,1815.9,0.0,0.0,35930.1,-24790.3,0,0
106.7167,14756.243,-10430.092,14356.243,11027.547,289.419,-207.563,356.155,2.951,-2.058,38,35.65,2.35,0.1412,0.0028,0.3639,216.65,295.12,1.2068,12123.0,2923.04,3635.6,91.34,2.7477,129000,101653.4,-79420.3,-52902.2,-73764.7,-12975.2,9305.5,14146.1,1821.0,0.0,0.0,35776.0,-24952.6,0,0
106.8167,14785.203,-10450.86,14385.203,11048.315,289.714,-207.77,356.514,2.939,-2.071,38,35.65,2.35,0.1412,0.0028,0.3639,216.65,295.12,1.208,12122.8,2922.76,3635.3,91.34,2.7477,129000,101653.4,-79420.3,-53022.8,-73934.6,-13002.3,9324.7,14174.7,1825.7,0.0,0.0,35628.3,-25105.9,0,0
106.9167,14814.191,-10471.649,14414.191,11069.104,290.007,-207.978,356.874,2.927,-2.083,38,35.65,2.35,0.1412,0.0028,0.3639,216.65,295.12,1.2093,12122.5,2922.49,3634.9,91.33,2.7477,129000,101653.4,-79420.3,-53137.6,-74095.7,-13029.1,9343.8,14203.3,1829.9,0.0,0.0,35486.7,-25250.6,0,0
107.0167,14843.209,-10492.459,14443.209,11089.914,290.299,-208.187,357.233,2.916,-2.094,38,35.65,2.35,0.1412,0.0028,0.3639,216.65,295.12,1.2105,12122.2,2922.21,3634.6,91.32,2.7477,129000,101653.4,-79420.3,-53246.9,-74248.4,-13055.5,9362.7,14231.9,1833.8,0.0,0.0,35351.0,-25387.1,0,0
107.1167,14872.256,-10513.29,14472.256,11110.745,290.59,-208.397,357.592,2.906,-2.105,38,35.65,2.35,0.1412,0.0028,0.3639,216.65,295.12,1.2117,12121.9,2921.94,3634.3,91.31,2.7477,129000,101653.4,-79420.3,-53351.0,-74393.2,-13081.5,9381.4,14260.5,1837.3,0.0,0.0,35220.8,-25515.9,0,0
107.2167,14901.332,-10534.142,14501.332,11131.597,290.88,-208.608,357.95,2.895,-2.115,38,35.65,2.35,0.1412,0.0028,0.3639,216.65,295.12,1.2129,12121.7,2921.66,3633.9,91.3,2.7477,129000,101653.4,-79420.3,-53450.2,-74530.4,-13107.3,9400.0,14289.1,1840.4,0.0,0.0,35096.0,-25637.2,0,0
107.3167,14930.437,-10555.015,14530.437,11152.47,291.169,-208.82,358.309,2.885,-2.124,38,35.65,2.35,0.1412,0.0028,0.3639,216.65,295.12,1.2141,12121.4,2921.39,3633.6,91.29,2.7477,129000,101653.4,-79420.3,-53544.6,-74660.5,-13132.7,9418.4,14317.8,1843.1,0.0,0.0,34976.1,-25751.5,0,0
107.4167,14959.57,-10575.91,14559.57,11173.365,291.457,-209.033,358.667,2.876,-2.133,38,35.65,2.35,0.1411,0.0028,0.3639,216.65,295.12,1.2153,12121.1,2921.11,3633.2,91.28,2.7477,129000,101653.4,-79420.3,-53634.5,-74783.6,-13157.8,9436.7,14346.4,1845.6,0.0,0.0,34861.1,-25859.1,0,0
107.5167,14988.733,-10596.826,14588.733,11194.281,291.744,-209.247,359.025,2.867,-2.142,38,35.65,2.35,0.1411,0.0028,0.3639,216.65,295.12,1.2166,12120.8,2920.84,3632.9,91.28,2.7477,129000,101653.4,-79420.3,-53720.1,-74900.3,-13182.6,9454.9,14375.1,1847.7,0.0,0.0,34750.6,-25960.3,0,0
107.6167,15017.924,-10617.763,14617.924,11215.218,292.03,-209.461,359.382,2.858,-2.15,38,35.65,2.35,0.141,0.0028,0.3639,216.65,295.12,1.2178,12120.6,2920.56,3632.5,91.27,2.7477,129000,101653.4,-79420.3,-53801.7,-75010.7,-13207.2,9472.9,14403.7,1849.5,0.0,0.0,34644.5,-26055.3,0,0
107.7167,15047.143,-10638.721,14647.143,11236.176,292.316,-209.677,359.74,2.85,-2.157,38,35.65,2.35,0.1409,0.0028,0.3639,216.65,295.12,1.219,12120.3,2920.29,3632.2,91.26,2.7477,129000,101653.4,-79420.3,-53879.3,-75115.2,-13231.5,9490.8,14432.4,1851.0,0.0,0.0,34542.5,-26144.6,0,0
107.8167,15076.392,-10659.702,14676.392,11257.157,292.6,-209.893,360.097,2.842,-2.164,38,35.65,2.35,0.1408,0.0028,0.3639,216.65,295.12,1.2202,12120.0,2920.02,3631.9,91.25,2.7477,129000,101653.4,-79420.3,-53953.2,-75214.0,-13255.6,9508.7,14461.1,1852.3,0.0,0.0,34444.5,-26228.3,0,0
107.9167,15105.668,-10680.704,14705.668,11278.159,292.884,-210.11,360.454,2.834,-2.171,38,35.65,2.35,0.1407,0.0028,0.3639,216.65,295.12,1.2214,12119.7,2919.74,3631.5,91.24,2.7477,129000,101653.4,-79420.3,-54023.7,-75307.5,-13279.5,9526.4,14489.8,1853.3,0.0,0.0,34350.2,-26306.8,0,0
108.0167,15134.973,-10701.727,14734.973,11299.182,293.167,-210.327,360.811,2.827,-2.177,38,35.66,2.34,0.1406,0.0028,0.3639,216.65,295.12,1.2226,12119.5,2919.47,3631.2,91.23,2.7477,129000,101653.4,-79420.3,-54090.7,-75395.9,-13303.1,9544.0,14518.5,1854.1,0.0,0.0,34259.5,-26380.3,0,0
108.1167,15164.306,-10722.773,14764.306,11320.228,293.449,-210.545,361.167,2.82,-2.182,38,35.66,2.34,0.1405,0.0028,0.3639,216.65,295.12,1.2238,12119.2,2919.19,3630.8,91.22,2.7477,129000,101653.4,-79420.3,-54154.6,-75479.4,-13326.5,9561.5,14547.2,1854.6,0.0,0.0,34172.3,-26449.0,0,0
108.2167,15193.668,-10743.84,14793.668,11341.295,293.731,-210.764,361.523,2.813,-2.188,38,35.66,2.34,0.1404,0.0028,0.3639,216.65,295.12,1.225,12118.9,2918.92,3630.5,91.22,2.7477,129000,101653.4,-79420.3,-54215.4,-75558.3,-13349.8,9578.9,14575.9,1854.9,0.0,0.0,34088.2,-26513.2,0,0
108.3167,15223.057,-10764.929,14823.057,11362.384,294.012,-210.983,361.879,2.806,-2.193,38,35.66,2.34,0.1402,0.0028,0.3639,216.65,295.12,1.2262,12118.6,2918.64,3630.2,91.21,2.7477,129000,101653.4,-79420.3,-54273.3,-75632.8,-13372.8,9596.2,14604.6,1855.0,0.0,0.0,34007.2,-26573.1,0,0
108.4167,15252.474,-10786.04,14852.474,11383.495,294.292,-211.202,362.235,2.8,-2.197,38,35.67,2.33,0.1401,0.0028,0.3639,216.65,295.12,1.2274,12118.4,2918.37,3629.8,91.2,2.7477,129000,101653.4,-79420.3,-54328.5,-75703.1,-13395.7,9613.5,14633.3,1854.9,0.0,0.0,33929.2,-26628.8,0,0
108.5167,15281.92,-10807.173,14881.92,11404.628,294.571,-211.422,362.59,2.794,-2.202,38,35.67,2.33,0.1399,0.0028,0.3639,216.65,295.12,1.2286,12118.1,2918.09,3629.5,91.19,2.7477,129000,101653.4,-79420.3,-54381.1,-75769.5,-13418.4,9630.6,14662.1,1854.7,0.0,0.0,33853.9,-26680.7,0,0
108.6167,15311.393,-10828.328,14911.393,11425.783,294.85,-211.643,362.945,2.788,-2.206,38,35.67,2.33,0.1398,0.0028,0.3639,216.65,295.12,1.2298,12117.8,2917.82,3629.1,91.18,2.7477,129000,101653.4,-79420.3,-54431.1,-75832.0,-13441.0,9647.7,14690.8,1854.2,0.0,0.0,33781.3,-26728.9,0,0
108.7167,15340.895,-10849.505,14940.895,11446.96,295.129,-211.863,363.3,2.782,-2.209,38,35.67,2.33,0.1396,0.0028,0.3639,216.65,295.12,1.231,12117.5,2917.54,3628.8,91.17,2.7477,129000,101653.4,-79420.3,-54478.8,-75891.0,-13463.4,9664.8,14719.6,1853.6,0.0,0.0,33711.2,-26773.5,0,0
108.8167,15370.424,-10870.705,14970.424,11468.16,295.407,-212.085,363.655,2.776,-2.213,38,35.68,2.32,0.1395,0.0028,0.3639,216.65,295.12,1.2322,12117.3,2917.27,3628.4,91.16,2.7477,129000,101653.4,-79420.3,-54524.2,-75946.5,-13485.6,9681.7,14748.4,1852.8,0.0,0.0,33643.6,-26814.7,0,0
108.9167,15399.981,-10891.926,14999.981,11489.381,295.684,-212.306,364.01,2.771,-2.216,38,35.68,2.32,0.1393,0.0028,0.3639,216.65,295.12,1.2334,12117.0,2916.99,3628.1,91.16,2.7477,129000,101653.4,-79420.3,-54567.4,-75998.8,-13507.8,9698.6,14777.1,1851.9,0.0,0.0,33578.2,-26852.8,0,0
109.0167,15429.565,-10913.17,15029.565,11510.625,295.961,-212.528,364.364,2.766,-2.219,38,35.68,2.32,0.1391,0.0028,0.3639,216.65,295.12,1.2346,12116.7,2916.72,3627.8,91.15,2.7477,129000,101653.4,-79420.3,-54608.6,-76048.0,-13529.8,9715.5,14805.9,1850.8,0.0,0.0,33515.0,-26887.8,0,0
109.1167,15459.177,-10934.435,15059.177,11531.89,296.237,-212.75,364.718,2.761,-2.222,38,35.68,2.32,0.1389,0.0027,0.3639,216.65,295.12,1.2358,12116.4,2916.44,3627.4,91.14,2.7477,129000,101653.4,-79420.3,-54647.9,-76094.2,-13551.7,9732.3,14834.7,1849.6,0.0,0.0,33453.8,-26919.9,0,0
109.2167,15488.817,-10955.723,15088.817,11553.178,296.513,-212.972,365.071,2.756,-2.224,38,35.69,2.31,0.1387,0.0027,0.3639,216.65,295.12,1.237,12116.2,2916.17,3627.1,91.13,2.7477,129000,101653.4,-79420.3,-54685.3,-76137.6,-13573.5,9749.0,14863.5,1848.3,0.0,0.0,33394.6,-26949.3,0,0
109.3167,15518.485,-10977.034,15118.485,11574.489,296.788,-213.195,365.425,2.752,-2.227,38,35.69,2.31,0.1386,0.0027,0.3639,216.65,295.12,1.2382,12115.9,2915.89,3626.7,91.12,2.7477,129000,101653.4,-79420.3,-54720.9,-76178.4,-13595.2,9765.7,14892.3,1846.8,0.0,0.0,33337.3,-26976.1,0,0
109.4167,15548.179,-10998.366,15148.179,11595.821,297.063,-213.418,365.778,2.747,-2.229,38,35.69,2.31,0.1384,0.0027,0.3639,216.65,295.12,1.2394,12115.6,2915.62,3626.4,91.11,2.7477,129000,101653.4,-79420.3,-54754.8,-76216.7,-13616.7,9782.4,14921.1,1845.2,0.0,0.0,33281.8,-27000.4,0,0
109.5167,15577.902,-11019.721,15177.902,11617.176,297.338,-213.641,366.131,2.743,-2.23,38,35.7,2.3,0.1382,0.0027,0.3639,216.65,295.12,1.2406,12115.3,2915.34,3626.0,91.1,2.7477,129000,101653.4,-79420.3,-54787.2,-76252.5,-13638.2,9799.0,14949.9,1843.6,0.0,0.0,33228.0,-27022.3,0,0
109.6167,15607.652,-11041.098,15207.652,11638.553,297.612,-213.864,366.484,2.738,-2.232,38,35.7,2.3,0.138,0.0027,0.3639,216.65,295.12,1.2418,12115.1,2915.07,3625.7,91.1,2.7477,129000,101653.4,-79420.3,-54818.0,-76286.0,-13659.6,9815.6,14978.8,1841.8,0.0,0.0,33175.8,-27041.9,0,0
109.7167,15637.429,-11062.497,15237.429,11659.952,297.885,-214.087,366.836,2.734,-2.234,38,35.7,2.3,0.1378,0.0027,0.3639,216.65,295.12,1.243,12114.8,2914.79,3625.4,91.09,2.7477,129000,101653.4,-79420.3,-54847.4,-76317.4,-13680.9,9832.1,15007.6,1839.9,0.0,0.0,33125.1,-27059.5,0,0
109.8167,15667.233,-11083.919,15267.233,11681.374,298.158,-214.31,367.189,2.73,-2.235,38,35.71,2.29,0.1376,0.0027,0.3639,216.65,295.12,1.2442,12114.5,2914.52,3625.0,91.08,2.7477,129000,101653.4,-79420.3,-54875.4,-76346.7,-13702.2,9848.6,15036.4,1838.0,0.0,0.0,33075.9,-27075.0,0,0
109.9167,15697.065,-11105.363,15297.065,11702.818,298.431,-214.534,367.541,2.726,-2.236,38,35.71,2.29,0.1374,0.0027,0.3639,216.65,295.12,1.2454,12114.2,2914.24,3624.7,91.07,2.7477,129000,101653.4,-79420.3,-54902.0,-76374.1,-13723.3,9865.1,15065.3,1835.9,0.0,0.0,33028.0,-27088.6,0,0
110.0167,15726.924,-11126.829,15326.924,11724.284,298.704,-214.758,367.892,2.723,-2.237,38,35.71,2.29,0.1371,0.0027,0.3639,216.65,295.12,1.2466,12114.0,2913.97,3624.3,91.06,2.7477,129000,101653.4,-79420.3,-54927.5,-76399.6,-13744.4,9881.6,15094.1,1833.8,0.0,0.0,32981.5,-27100.3,0,0
110.1167,15756.81,-11148.318,15356.81,11745.773,298.976,-214.981,368.244,2.719,-2.238,38,35.72,2.28,0.1369,0.0027,0.3639,216.65,295.12,1.2478,12113.7,2913.7,3624.0,91.05,2.7477,129000,101653.4,-79420.3,-54951.7,-76423.3,-13765.5,9898.0,15123.0,1831.6,0.0,0.0,32936.2,-27110.3,0,0
110.2167,15786.724,-11169.829,15386.724,11767.284,299.247,-215.205,368.595,2.715,-2.239,38,35.72,2.28,0.1367,0.0027,0.3639,216.65,295.12,1.249,12113.4,2913.42,3623.7,91.04,2.7477,129000,101653.4,-79420.3,-54974.8,-76445.3,-13786.5,9914.4,15151.9,1829.3,0.0,0.0,32892.1,-27118.6,0,0
110.3167,15816.664,-11191.363,15416.664,11788.818,299.519,-215.429,368.946,2.712,-2.239,38,35.73,2.27,0.1365,0.0026,0.3639,216.65,295.12,1.2502,12113.1,2913.15,3623.3,91.04,2.7477,129000,101653.4,-79420.3,-54996.9,-76465.8,-13807.4,9930.8,15180.8,1827.0,0.0,0.0,32849.1,-27125.4,0,0
110.4167,15846.632,-11212.919,15446.632,11810.374,299.79,-215.653,369.297,2.708,-2.24,38,35.73,2.27,0.1363,0.0026,0.3639,216.65,295.12,1.2514,12112.9,2912.87,3623.0,91.03,2.7477,129000,101653.4,-79420.3,-55017.9,-76484.7,-13828.3,9947.1,15209.6,1824.6,0.0,0.0,32807.3,-27130.7,0,0
110.5167,15876.627,-11234.497,15476.627,11831.952,300.06,-215.877,369.647,2.705,-2.24,38,35.73,2.27,0.1361,0.0026,0.3639,216.65,295.12,1.2525,12112.6,2912.6,3622.6,91.02,2.7477,129000,101653.4,-79420.3,-55037.9,-76502.2,-13849.1,9963.4,15238.5,1822.1,0.0,0.0,32766.4,-27134.5,0,0
110.6167,15906.648,-11256.098,15506.648,11853.553,300.331,-216.101,369.998,2.702,-2.24,38,35.74,2.26,0.1358,0.0026,0.3639,216.65,295.12,1.2537,12112.3,2912.32,3622.3,91.01,2.7477,129000,101653.4,-79420.3,-55057.0,-76518.3,-13869.8,9979.7,15267.4,1819.6,0.0,0.0,32726.5,-27137.0,0,0
110.7167,15936.697,-11277.721,15536.697,11875.176,300.601,-216.325,370.348,2.699,-2.241,38,35.74,2.26,0.1356,0.0026,0.3639,216.65,295.12,1.2549,12112.0,2912.05,3621.9,91.0,2.7477,129000,101653.4,-79420.3,-55075.3,-76533.1,-13890.6,9996.0,15296.4,1817.1,0.0,0.0,32687.5,-27138.3,0,0
110.8167,15966.773,-11299.367,15566.773,11896.822,300.87,-216.549,370.697,2.696,-2.241,38,35.74,2.26,0.1354,0.0026,0.3639,216.65,295.12,1.2561,12111.8,2911.77,3621.6,90.99,2.7477,129000,101653.4,-79420.3,-55092.7,-76546.7,-13911.3,10012.3,15325.3,1814.4,0.0,0.0,32649.4,-27138.3,0,0
110.9167,15996.876,-11321.035,15596.876,11918.49,301.14,-216.773,371.047,2.693,-2.241,38,35.75,2.25,0.1352,0.0026,0.3639,216.65,295.12,1.2573,12111.5,2911.5,3621.3,90.98,2.7477,129000,101653.4,-79420.3,-55109.3,-76559.1,-13931.9,10028.6,15354.2,1811.8,0.0,0.0,32612.2,-27137.1,0,0
111.0167,16027.006,-11342.725,15627.006,11940.18,301.409,-216.997,371.396,2.69,-2.24,38,35.75,2.25,0.1349,0.0026,0.3639,216.65,295.12,1.2585,12111.2,2911.22,3620.9,90.98,2.7477,129000,101653.4,-79420.3,-55125.1,-76570.5,-13952.6,10044.8,15383.1,1809.1,0.0,0.0,32575.7,-27134.9,0,0
111.1167,16057.162,-11364.438,15657.162,11961.893,301.678,-217.221,371.745,2.687,-2.24,38,35.75,2.25,0.1347,0.0026,0.3639,216.65,295.12,1.2597,12110.9,2910.95,3620.6,90.97,2.7477,129000,101653.4,-79420.3,-55140.2,-76580.7,-13973.1,10061.0,15412.1,1806.3,0.0,0.0,32540.0,-27131.6,0,0
111.2167,16087.346,-11386.173,15687.346,11983.628,301.946,-217.445,372.094,2.684,-2.24,38,35.76,2.24,0.1345,0.0026,0.3639,216.65,295.12,1.2608,12110.7,2910.67,3620.2,90.96,2.7477,129000,101653.4,-79420.3,-55154.7,-76590.0,-13993.7,10077.3,15441.0,1803.6,0.0,0.0,32505.0,-27127.3,0,0
111.3167,16117.556,-11407.931,15717.556,12005.386,302.214,-217.669,372.443,2.681,-2.24,38,35.76,2.24,0.1342,0.0026,0.3639,216.65,295.12,1.262,12110.4,2910.4,3619.9,90.95,2.7477,129000,101653.4,-79420.3,-55168.5,-76598.3,-14014.2,10093.5,15470.0,1800.8,0.0,0.0,32470.7,-27122.1,0,0
111.4167,16147.793,-11429.711,15747.793,12027.166,302.482,-217.893,372.791,2.679,-2.239,38,35.77,2.23,0.134,0.0026,0.3639,216.65,295.12,1.2632,12110.1,2910.12,3619.6,90.94,2.7477,129000,101653.4,-79420.3,-55181.6,-76605.7,-14034.7,10109.7,15498.9,1797.9,0.0,0.0,32437.0,-27116.0,0,0
111.5167,16178.057,-11451.513,15778.057,12048.968,302.75,-218.117,373.139,2.676,-2.239,38,35.77,2.23,0.1338,0.0025,0.3639,216.65,295.12,1.2644,12109.8,2909.85,3619.2,90.93,2.7477,129000,101653.4,-79420.3,-55194.2,-76612.3,-14055.2,10125.9,15527.9,1795.0,0.0,0.0,32403.9,-27109.1,0,0
111.6167,16208.347,-11473.338,15808.347,12070.793,303.018,-218.341,373.487,2.673,-2.238,38,35.77,2.23,0.1335,0.0025,0.3639,216.65,295.12,1.2656,12109.6,2909.57,3618.9,90.92,2.7477,129000,101653.4,-79420.3,-55206.3,-76618.0,-14075.7,10142.1,15556.8,1792.1,0.0,0.0,32371.4,-27101.4,0,0
111.7167,16238.665,-11495.185,15838.665,12092.64,303.285,-218.565,373.834,2.671,-2.237,38,35.78,2.22,0.1333,0.0025,0.3639,216.65,295.12,1.2667,12109.3,2909.3,3618.5,90.92,2.7477,129000,101653.4,-79420.3,-55217.7,-76623.0,-14096.2,10158.3,15585.8,1789.2,0.0,0.0,32339.5,-27092.9,0,0
111.8167,16269.009,-11517.055,15869.009,12114.51,303.552,-218.789,374.182,2.668,-2.237,38,35.78,2.22,0.1331,0.0025,0.3639,216.65,295.12,1.2679,12109.0,2909.02,3618.2,90.91,2.7477,129000,101653.4,-79420.3,-55228.7,-76627.3,-14116.6,10174.5,15614.8,1786.3,0.0,0.0,32308.1,-27083.6,0,0
111.9167,16299.379,-11538.947,15899.379,12136.402,303.818,-219.012,374.529,2.666,-2.236,38,35.79,2.21,0.1328,0.0025,0.3639,216.65,295.12,1.2691,12108.7,2908.75,3617.8,90.9,2.7477,129000,101653.4,-79420.3,-55239.2,-76630.9,-14137.0,10190.6,15643.8,1783.3,0.0,0.0,32277.2,-27073.7,0,0
112.0167,16329.777,-11560.861,15929.777,12158.316,304.085,-219.236,374.876,2.663,-2.235,38,35.79,2.21,0.1326,0.0025,0.3639,216.65,295.12,1.2703,12108.5,2908.47,3617.5,90.89,2.7477,129000,101653.4,-79420.3,-55249.3,-76633.8,-14157.4,10206.8,15672.8,1780.3,0.0,0.0,32246.7,-27063.2,0,0
112.1167,16360.201,-11582.798,15960.201,12180.253,304.351,-219.459,375.222,2.661,-2.234,38,35.79,2.21,0.1324,0.0025,0.3639,216.65,295.12,1.2714,12108.2,2908.2,3617.2,90.88,2.7477,129000,101653.4,-79420.3,-55258.9,-76636.1,-14177.8,10223.0,15701.8,1777.3,0.0,0.0,32216.7,-27052.0,0,0
112.2167,16390.651,-11604.757,15990.651,12202.212,304.617,-219.682,375.569,2.658,-2.233,38,35.8,2.2,0.1321,0.0025,0.3639,216.65,295.12,1.2726,12107.9,2907.93,3616.8,90.87,2.7477,129000,101653.4,-79420.3,-55268.1,-76637.8,-14198.2,10239.1,15730.8,1774.3,0.0,0.0,32187.2,-27040.3,0,0
112.3167,16421.129,-11626.738,16021.129,12224.193,304.883,-219.906,375.915,2.656,-2.232,38,35.8,2.2,0.1319,0.0025,0.3639,216.65,295.12,1.2738,12107.7,2907.65,3616.5,90.86,2.7477,129000,101653.4,-79420.3,-55276.8,-76639.0,-14218.5,10255.3,15759.8,1771.2,0.0,0.0,32158.0,-27027.9,0,0
112.4167,16451.632,-11648.741,16051.632,12246.196,305.148,-220.129,376.261,2.654,-2.231,38,35.81,2.19,0.1317,0.0025,0.3639,216.65,295.12,1.275,12107.4,2907.38,3616.1,90.86,2.7477,129000,101653.4,-79420.3,-55285.3,-76639.6,-14238.9,10271.5,15788.8,1768.2,0.0,0.0,32129.2,-27015.1,0,0
112.5167,16482.163,-11670.767,16082.163,12268.222,305.413,-220.352,376.606,2.651,-2.23,38,35.81,2.19,0.1314,0.0025,0.3639,216.65,295.12,1.2761,12107.1,2907.1,3615.8,90.85,2.7477,129000,101653.4,-79420.3,-55293.3,-76639.7,-14259.2,10287.6,15817.9,1765.1,0.0,0.0,32100.8,-27001.8,0,0
112.6167,16512.719,-11692.816,16112.719,12290.271,305.678,-220.575,376.952,2.649,-2.229,38,35.81,2.19,0.1312,0.0024,0.3639,216.65,295.12,1.2773,12106.8,2906.83,3615.5,90.84,2.7477,129000,101653.4,-79420.3,-55301.1,-76639.4,-14279.6,10303.8,15846.9,1762.1,0.0,0.0,32072.7,-26988.0,0,0
112.7167,16543.303,-11714.886,16143.303,12312.341,305.943,-220.798,377.297,2.647,-2.228,38,35.82,2.18,0.131,0.0024,0.3639,216.65,295.12,1.2785,12106.6,2906.55,3615.1,90.83,2.7477,129000,101653.4,-79420.3,-55308.5,-76638.6,-14299.9,10320.0,15875.9,1759.0,0.0,0.0,32045.0,-26973.7,0,0
112.8167,16573.912,-11736.979,16173.912,12334.434,306.208,-221.021,377.642,2.645,-2.227,38,35.82,2.18,0.1307,0.0024,0.3639,216.65,295.12,1.2796,12106.3,2906.28,3614.8,90.82,2.7477,129000,101653.4,-79420.3,-55315.6,-76637.4,-14320.3,10336.1,15905.0,1755.9,0.0,0.0,32017.6,-26959.1,0,0
112.9167,16604.549,-11759.094,16204.549,12356.549,306.472,-221.243,377.986,2.643,-2.226,38,35.82,2.18,0.1305,0.0024,0.3639,216.65,295.12,1.2808,12106.0,2906.0,3614.4,90.81,2.7477,129000,101653.4,-79420.3,-55322.4,-76635.8,-14340.6,10352.3,15934.0,1752.8,0.0,0.0,31990.4,-26944.0,0,0
113.0167,16635.211,-11781.231,16235.211,12378.686,306.736,-221.466,378.331,2.64,-2.224,38,35.83,2.17,0.1303,0.0024,0.3639,216.65,295.12,1.282,12105.7,2905.73,3614.1,90.8,2.7477,129000,101653.4,-79420.3,-55328.9,-76633.9,-14360.9,10368.5,15963.1,1749.7,0.0,0.0,31963.6,-26928.6,0,0
113.1167,16665.9,-11803.391,16265.9,12400.846,307.0,-221.688,378.675,2.638,-2.223,38,35.83,2.17,0.13,0.0024,0.3639,216.65,295.12,1.2831,12105.5,2905.45,3613.7,90.8,2.7477,129000,101653.4,-79420.3,-55335.1,-76631.5,-14381.3,10384.6,15992.1,1746.6,0.0,0.0,31937.0,-26912.8,0,0
113.2167,16696.616,-11825.572,16296.616,12423.027,307.264,-221.91,379.019,2.636,-2.222,38,35.84,2.16,0.1298,0.0024,0.3639,216.65,295.12,1.2843,12105.2,2905.18,3613.4,90.79,2.7477,129000,101653.4,-79420.3,-55341.2,-76628.9,-14401.6,10400.8,16021.2,1743.4,0.0,0.0,31910.6,-26896.6,0,0
113.3167,16727.357,-11847.776,16327.357,12445.231,307.527,-222.132,379.362,2.634,-2.221,38,35.84,2.16,0.1296,0.0024,0.3639,216.65,295.12,1.2855,12104.9,2904.9,3613.1,90.78,2.7477,129000,101653.4,-79420.3,-55346.9,-76625.9,-14421.9,10417.0,16050.3,1740.3,0.0,0.0,31884.5,-26880.2,0,0
113.4167,16758.125,-11870.003,16358.125,12467.458,307.79,-222.354,379.706,2.632,-2.219,38,35.84,2.16,0.1293,0.0024,0.3639,216.65,295.12,1.2866,12104.6,2904.63,3612.7,90.77,2.7477,129000,101653.4,-79420.3,-55352.5,-76622.6,-14442.3,10433.1,16079.4,1737.2,0.0,0.0,31858.6,-26863.4,0,0
113.5167,16788.92,-11892.251,16388.92,12489.706,308.054,-222.576,380.049,2.63,-2.218,38,35.85,2.15,0.1291,0.0024,0.3639,216.65,295.12,1.2878,12104.4,2904.35,3612.4,90.76,2.7477,129000,101653.4,-79420.3,-55357.8,-76619.0,-14462.6,10449.3,16108.4,1734.1,0.0,0.0,31833.0,-26846.3,0,0
113.6167,16819.741,-11914.522,16419.741,12511.977,308.316,-222.798,380.392,2.628,-2.217,38,35.85,2.15,0.1289,0.0024,0.3639,216.65,295.12,1.289,12104.1,2904.08,3612.0,90.75,2.7477,129000,101653.4,-79420.3,-55362.9,-76615.2,-14482.9,10465.5,16137.5,1730.9,0.0,0.0,31807.5,-26829.0,0,0
113.7167,16850.587,-11936.814,16450.587,12534.269,308.579,-223.019,380.734,2.626,-2.215,38,35.86,2.14,0.1286,0.0024,0.3639,216.65,295.12,1.2901,12103.8,2903.8,3611.7,90.74,2.7477,129000,101653.4,-79420.3,-55367.9,-76611.1,-14503.3,10481.7,16166.6,1727.8,0.0,0.0,31782.3,-26811.4,0,0
113.8167,16881.461,-11959.129,16481.461,12556.584,308.842,-223.241,381.077,2.624,-2.214,38,35.86,2.14,0.1284,0.0023,0.3639,216.65,295.12,1.2913,12103.5,2903.53,3611.4,90.74,2.7477,129000,101653.4,-79420.3,-55372.6,-76606.8,-14523.6,10497.9,16195.7,1724.7,0.0,0.0,31757.2,-26793.6,0,0
113.9167,16912.36,-11981.466,16512.36,12578.921,309.104,-223.462,381.419,2.622,-2.212,38,35.86,2.14,0.1282,0.0023,0.3639,216.65,295.12,1.2924,12103.3,2903.25,3611.0,90.73,2.7477,129000,101653.4,-79420.3,-55377.2,-76602.2,-14543.9,10514.1,16224.8,1721.5,0.0,0.0,31732.3,-26775.5,0,0
114.0167,16943.286,-12003.825,16543.286,12601.28,309.366,-223.683,381.761,2.62,-2.211,38,35.87,2.13,0.1279,0.0023,0.3639,216.65,295.12,1.2936,12103.0,2902.98,3610.7,90.72,2.7477,129000,101653.4,-79420.3,-55381.6,-76597.4,-14564.3,10530.3,16254.0,1718.4,0.0,0.0,31707.5,-26757.2,0,0
114.1167,16974.238,-12026.206,16574.238,12623.661,309.628,-223.904,382.103,2.618,-2.209,38,35.87,2.13,0.1277,0.0023,0.3639,216.65,295.12,1.2948,12102.7,2902.7,3610.3,90.71,2.7477,129000,101653.4,-79420.3,-55385.8,-76592.5,-14584.6,10546.5,16283.1,1715.3,0.0,0.0,31682.9,-26738.8,0,0
114.2167,17005.216,-12048.61,16605.216,12646.065,309.889,-224.125,382.444,2.616,-2.208,38,35.88,2.12,0.1275,0.0023,0.3639,216.65,295.12,1.2959,12102.4,2902.43,3610.0,90.7,2.7477,129000,101653.4,-79420.3,-55389.9,-76587.3,-14605.0,10562.7,16312.2,1712.1,0.0,0.0,31658.5,-26720.1,0,0
114.3167,17036.22,-12071.035,16636.22,12668.49,310.151,-224.346,382.785,2.614,-2.206,38,35.88,2.12,0.1272,0.0023,0.3639,216.65,295.12,1.2971,12102.2,2902.16,3609.6,90.69,2.7477,129000,101653.4,-79420.3,-55393.8,-76582.0,-14625.4,10578.9,16341.3,1709.0,0.0,0.0,31634.2,-26701.2,0,0
114.4167,17067.25,-12093.483,16667.25,12690.938,310.412,-224.566,383.126,2.612,-2.205,38,35.88,2.12,0.127,0.0023,0.3639,216.65,295.12,1.2982,12101.9,2901.88,3609.3,90.68,2.7477,129000,101653.4,-79420.3,-55397.6,-76576.4,-14645.7,10595.1,16370.5,1705.9,0.0,0.0,31610.0,-26682.2,0,0
114.5167,17098.307,-12115.952,16698.307,12713.407,310.673,-224.787,383.467,2.61,-2.203,38,35.89,2.11,0.1268,0.0023,0.3639,216.65,295.12,1.2994,12101.6,2901.61,3609.0,90.68,2.7477,129000,101653.4,-79420.3,-55401.3,-76570.8,-14666.1,10611.4,16399.6,1702.8,0.0,0.0,31586.0,-26663.0,0,0
114.6167,17129.389,-12138.444,16729.389,12735.899,310.934,-225.007,383.807,2.608,-2.202,38,35.89,2.11,0.1266,0.0023,0.3639,216.65,295.12,1.3005,12101.3,2901.33,3608.6,90.67,2.7477,129000,101653.4,-79420.3,-55404.8,-76565.0,-14686.5,10627.6,16428.7,1699.7,0.0,0.0,31562.1,-26643.6,0,0
114.7167,17160.498,-12160.957,16760.498,12758.412,311.195,-225.227,384.148,2.606,-2.2,38,35.89,2.11,0.1263,0.0023,0.3639,216.65,295.12,1.3017,12101.1,2901.06,3608.3,90.66,2.7477,129000,101653.4,-79420.3,-55408.3,-76559.0,-14706.9,10643.8,16457.9,1696.6,0.0,0.0,31538.2,-26624.1,0,0
114.8167,17191.633,-12183.493,16791.633,12780.948,311.455,-225.447,384.488,2.604,-2.199,38,35.9,2.1,0.1261,0.0023,0.3639,216.65,295.12,1.3028,12100.8,2900.78,3607.9,90.65,2.7477,129000,101653.4,-79420.3,-55411.6,-76552.9,-14727.3,10660.1,16487.0,1693.5,0.0,0.0,31514.5,-26604.5,0,0
114.9167,17222.793,-12206.05,16822.793,12803.505,311.716,-225.667,384.827,2.602,-2.197,38,35.9,2.1,0.1259,0.0023,0.3639,216.65,295.12,1.304,12100.5,2900.51,3607.6,90.64,2.7477,129000,101653.4,-79420.3,-55414.8,-76546.7,-14747.7,10676.3,16516.2,1690.3,0.0,0.0,31490.9,-26584.7,0,0
115.0167,17253.98,-12228.63,16853.98,12826.085,311.976,-225.886,385.167,2.601,-2.195,38,35.91,2.09,0.1256,0.0022,0.3639,216.65,295.12,1.3051,12100.2,2900.23,3607.3,90.63,2.7477,129000,101653.4,-79420.3,-55417.9,-76540.4,-14768.1,10692.6,16545.3,1687.3,0.0,0.0,31467.4,-26564.9,0,0
115.1167,17285.193,-12251.231,16885.193,12848.686,312.236,-226.106,385.506,2.599,-2.194,38,35.91,2.09,0.1254,0.0022,0.3639,216.65,295.12,1.3063,12100.0,2899.96,3606.9,90.62,2.7477,129000,101653.4,-79420.3,-55420.9,-76534.0,-14788.5,10708.9,16574.5,1684.2,0.0,0.0,31444.0,-26544.9,0,0
115.2167,17316.431,-12273.855,16916.431,12871.31,312.495,-226.325,385.845,2.597,-2.192,38,35.91,2.09,0.1252,0.0022,0.3639,216.65,295.12,1.3074,12099.7,2899.68,3606.6,90.62,2.7477,129000,101653.4,-79420.3,-55423.8,-76527.4,-14808.9,10725.1,16603.7,1681.1,0.0,0.0,31420.7,-26524.8,0,0
115.3167,17347.696,-12296.5,16947.696,12893.955,312.755,-226.544,386.184,2.595,-2.191,38,35.92,2.08,0.125,0.0022,0.3639,216.65,295.12,1.3086,12099.4,2899.41,3606.2,90.61,2.7477,129000,101653.4,-79420.3,-55426.6,-76520.8,-14829.4,10741.4,16632.9,1678.0,0.0,0.0,31397.4,-26504.6,0,0
115.4167,17378.987,-12319.167,16978.987,12916.622,313.014,-226.763,386.522,2.593,-2.189,38,35.92,2.08,0.1248,0.0022,0.3639,216.65,295.12,1.3097,12099.1,2899.13,3605.9,90.6,2.7477,129000,101653.4,-79420.3,-55429.4,-76514.1,-14849.8,10757.7,16662.0,1674.9,0.0,0.0,31374.2,-26484.3,0,0
115.5167,17410.303,-12341.856,17010.303,12939.311,313.274,-226.982,386.861,2.591,-2.187,38,35.92,2.08,0.1245,0.0022,0.3639,216.65,295.12,1.3109,12098.9,2898.86,3605.5,90.59,2.7477,129000,101653.4,-79420.3,-55432.0,-76507.3,-14870.2,10774.0,16691.2,1671.8,0.0,0.0,31351.1,-26463.9,0,0
115.6167,17441.646,-12364.567,17041.646,12962.022,313.533,-227.201,387.199,2.589,-2.186,38,35.93,2.07,0.1243,0.0022,0.3639,216.65,295.12,1.312,12098.6,2898.58,3605.2,90.58,2.7477,129000,101653.4,-79420.3,-55434.6,-76500.4,-14890.7,10790.3,16720.4,1668.8,0.0,0.0,31328.1,-26443.4,0,0
115.7167,17473.014,-12387.3,17073.014,12984.755,313.792,-227.419,387.537,2.588,-2.184,38,35.93,2.07,0.1241,0.0022,0.3639,216.65,295.12,1.3132,12098.3,2898.31,3604.9,90.57,2.7477,129000,101653.4,-79420.3,-55437.1,-76493.5,-14911.2,10806.6,16749.6,1665.7,0.0,0.0,31305.1,-26422.8,0,0
115.8167,17504.408,-12410.055,17104.408,13007.51,314.05,-227.637,387.874,2.586,-2.182,38,35.94,2.06,0.1239,0.0022,0.3639,216.65,295.12,1.3143,12098.0,2898.03,3604.5,90.56,2.7477,129000,101653.4,-79420.3,-55439.5,-76486.5,-14931.6,10822.9,16778.8,1662.7,0.0,0.0,31282.2,-26402.2,0,0
115.9167,17535.829,-12432.831,17135.829,13030.286,314.309,-227.856,388.211,2.584,-2.181,38,35.94,2.06,0.1236,0.0022,0.3639,216.65,295.12,1.3155,12097.8,2897.76,3604.2,90.55,2.7477,129000,101653.4,-79420.3,-55441.9,-76479.4,-14952.1,10839.2,16808.0,1659.6,0.0,0.0,31259.4,-26381.5,0,0
116.0167,17567.274,-12455.629,17167.274,13053.084,314.567,-228.074,388.548,2.582,-2.179,38,35.94,2.06,0.1234,0.0022,0.3639,216.65,295.12,1.3166,12097.5,2897.48,3603.8,90.55,2.7477,129000,101653.4,-79420.3,-55444.2,-76472.3,-14972.6,10855.5,16837.2,1656.6,0.0,0.0,31236.6,-26360.8,0,0
116.1167,17598.746,-12478.449,17198.746,13075.904,314.825,-228.291,388.885,2.58,-2.177,38,35.95,2.05,0.1232,0.0022,0.3639,216.65,295.12,1.3177,12097.2,2897.21,3603.5,90.54,2.7477,129000,101653.4,-79420.3,-55446.4,-76465.1,-14993.1,10871.8,16866.4,1653.6,0.0,0.0,31213.8,-26340.0,0,0
116.2167,17630.244,-12501.291,17230.244,13098.746,315.083,-228.509,389.222,2.578,-2.176,38,35.95,2.05,0.123,0.0021,0.3639,216.65,295.12,1.3189,12096.9,2896.93,3603.2,90.53,2.7477,129000,101653.4,-79420.3,-55448.6,-76457.8,-15013.6,10888.2,16895.6,1650.6,0.0,0.0,31191.1,-26319.1,0,0
116.3167,17661.767,-12524.155,17261.767,13121.61,315.341,-228.726,389.558,2.577,-2.174,38,35.95,2.05,0.1228,0.0021,0.3639,216.65,295.12,1.32,12096.7,2896.66,3602.8,90.52,2.7477,129000,101653.4,-79420.3,-55450.8,-76450.6,-15034.2,10904.5,16924.9,1647.6,0.0,0.0,31168.5,-26298.2,0,0
116.4167,17693.316,-12547.04,17293.316,13144.495,315.598,-228.944,389.894,2.575,-2.172,38,35.96,2.04,0.1225,0.0021,0.3639,216.65,295.12,1.3212,12096.4,2896.38,3602.5,90.51,2.7477,129000,101653.4,-79420.3,-55452.8,-76443.2,-15054.7,10920.9,16954.1,1644.5,0.0,0.0,31145.9,-26277.2,0,0
116.5167,17724.891,-12569.947,17324.891,13167.402,315.856,-229.161,390.23,2.573,-2.171,38,35.96,2.04,0.1223,0.0021,0.3639,216.65,295.12,1.3223,12096.1,2896.11,3602.1,90.5,2.7477,129000,101653.4,-79420.3,-55454.9,-76435.9,-15075.2,10937.2,16983.3,1641.6,0.0,0.0,31123.3,-26256.2,0,0
116.6167,17756.492,-12592.876,17356.492,13190.331,316.113,-229.378,390.566,2.571,-2.169,38,35.96,2.04,0.1221,0.0021,0.3639,216.65,295.12,1.3234,12095.8,2895.84,3601.8,90.49,2.7477,129000,101653.4,-79420.3,-55456.8,-76428.5,-15095.8,10953.6,17012.5,1638.6,0.0,0.0,31100.8,-26235.1,0,0
116.7167,17788.118,-12615.826,17388.118,13213.281,316.37,-229.595,390.901,2.569,-2.167,38,35.97,2.03,0.1219,0.0021,0.3639,216.65,295.12,1.3246,12095.6,2895.56,3601.4,90.49,2.7477,129000,101653.4,-79420.3,-55458.8,-76421.0,-15116.4,10969.9,17041.8,1635.6,0.0,0.0,31078.3,-26214.0,0,0
116.8167,17819.77,-12638.799,17419.77,13236.254,316.627,-229.811,391.236,2.568,-2.166,38,35.97,2.03,0.1217,0.0021,0.3639,216.65,295.12,1.3257,12095.3,2895.29,3601.1,90.48,2.7477,129000,101653.4,-79420.3,-55460.7,-76413.6,-15136.9,10986.3,17071.0,1632.6,0.0,0.0,31055.8,-26192.8,0,0
116.9167,17851.447,-12661.792,17451.447,13259.247,316.883,-230.028,391.571,2.566,-2.164,38,35.98,2.02,0.1215,0.0021,0.3639,216.65,295.12,1.3268,12095.0,2895.01,3600.8,90.47,2.7477,129000,101653.4,-79420.3,-55462.5,-76406.1,-15157.5,11002.7,17100.3,1629.6,0.0,0.0,31033.4,-26171.7,0,0
117.0167,17883.151,-12684.808,17483.151,13282.263,317.14,-230.244,391.906,2.564,-2.162,38,35.98,2.02,0.1213,0.0021,0.3639,216.65,295.12,1.328,12094.7,2894.74,3600.4,90.46,2.7477,129000,101653.4,-79420.3,-55464.3,-76398.6,-15178.1,11019.1,17129.5,1626.7,0.0,0.0,31011.0,-26150.5,0,0
117.1167,17914.88,-12707.845,17514.88,13305.3,317.396,-230.46,392.24,2.562,-2.16,38,35.98,2.02,0.121,0.0021,0.3639,216.65,295.12,1.3291,12094.5,2894.46,3600.1,90.45,2.7477,129000,101653.4,-79420.3,-55466.1,-76391.0,-15198.7,11035.5,17158.8,1623.7,0.0,0.0,30988.6,-26129.2,0,0
117.2167,17946.634,-12730.903,17546.634,13328.358,317.652,-230.676,392.574,2.56,-2.159,38,35.99,2.01,0.1208,0.0021,0.3639,216.65,295.12,1.3302,12094.2,2894.19,3599.7,90.44,2.7477,129000,101653.4,-79420.3,-55467.8,-76383.5,-15219.3,11051.9,17188.0,1620.8,0.0,0.0,30966.3,-26108.0,0,0
117.3167,17978.414,-12753.984,17578.414,13351.439,317.908,-230.892,392.908,2.559,-2.157,38,35.99,2.01,0.1206,0.0021,0.3639,216.65,295.12,1.3314,12093.9,2893.91,3599.4,90.43,2.7477,129000,101653.4,-79420.3,-55469.5,-76375.9,-15239.9,11068.3,17217.3,1617.9,0.0,0.0,30944.0,-26086.7,0,0
117.4167,18010.22,-12777.085,17610.22,13374.54,318.164,-231.107,393.242,2.557,-2.155,38,35.99,2.01,0.1204,0.0021,0.3639,216.65,295.12,1.3325,12093.6,2893.64,3599.1,90.43,2.7477,129000,101653.4,-79420.3,-55471.1,-76368.3,-15260.6,11084.7,17246.5,1615.0,0.0,0.0,30921.7,-26065.4,0,0
117.5167,18042.051,-12800.209,17642.051,13397.664,318.419,-231.323,393.575,2.555,-2.154,38,36.0,2.0,0.1202,0.0021,0.3639,216.65,295.12,1.3336,12093.4,2893.36,3598.7,90.42,2.7477,129000,101653.4,-79420.3,-55472.8,-76360.7,-15281.2,11101.1,17275.8,1612.0,0.0,0.0,30899.4,-26044.0,0,0
117.6167,18073.908,-12823.353,17673.908,13420.808,318.675,-231.538,393.908,2.553,-2.152,38,36.0,2.0,0.12,0.002,0.3639,216.65,295.12,1.3348,12093.1,2893.09,3598.4,90.41,2.7477,129000,101653.4,-79420.3,-55474.4,-76353.1,-15301.8,11117.6,17305.1,1609.1,0.0,0.0,30877.2,-26022.7,0,0
117.7167,18105.791,-12846.52,17705.791,13443.975,318.93,-231.753,394.241,2.552,-2.15,38,36.0,2.0,0.1198,0.002,0.3639,216.65,295.12,1.3359,12092.8,2892.81,3598.0,90.4,2.7477,129000,101653.4,-79420.3,-55475.9,-76345.5,-15322.5,11134.0,17334.3,1606.2,0.0,0.0,30855.0,-26001.3,0,0
117.8167,18137.698,-12869.708,17737.698,13467.163,319.185,-231.968,394.574,2.55,-2.148,38,36.01,1.99,0.1196,0.002,0.3639,216.65,295.12,1.337,12092.5,2892.54,3597.7,90.39,2.7477,129000,101653.4,-79420.3,-55477.5,-76337.9,-15343.2,11150.4,17363.6,1603.4,0.0,0.0,30832.8,-25980.0,0,0
117.9167,18169.632,-12892.917,17769.632,13490.372,319.44,-232.183,394.906,2.548,-2.147,38,36.01,1.99,0.1194,0.002,0.3639,216.65,295.12,1.3381,12092.3,2892.26,3597.3,90.38,2.7477,129000,101653.4,-79420.3,-55479.0,-76330.2,-15363.9,11166.9,17392.9,1600.5,0.0,0.0,30810.6,-25958.6,0,0
118.0167,18201.591,-12916.148,17801.591,13513.603,319.695,-232.397,395.238,2.546,-2.145,38,36.01,1.99,0.1192,0.002,0.3639,216.65,295.12,1.3393,12092.0,2891.99,3597.0,90.37,2.7477,129000,101653.4,-79420.3,-55480.4,-76322.6,-15384.5,11183.3,17422.2,1597.6,0.0,0.0,30788.4,-25937.2,0,0
118.1167,18233.575,-12939.4,17833.575,13536.855,319.949,-232.612,395.57,2.544,-2.143,38,36.02,1.98,0.1189,0.002,0.3639,216.65,295.12,1.3404,12091.7,2891.71,3596.7,90.37,2.7477,129000,101653.4,-79420.3,-55481.9,-76314.9,-15405.2,11199.8,17451.4,1594.7,0.0,0.0,30766.3,-25915.7,0,0
118.2167,18265.585,-12962.674,17865.585,13560.129,320.204,-232.826,395.902,2.543,-2.142,38,36.02,1.98,0.1187,0.002,0.3639,216.65,295.12,1.3415,12091.4,2891.44,3596.3,90.36,2.7477,129000,101653.4,-79420.3,-55483.3,-76307.3,-15426.0,11216.3,17480.7,1591.9,0.0,0.0,30744.1,-25894.3,0,0
118.3167,18297.62,-12985.969,17897.62,13583.424,320.458,-233.04,396.233,2.541,-2.14,38,36.02,1.98,0.1185,0.002,0.3639,216.65,295.12,1.3426,12091.2,2891.16,3596.0,90.35,2.7477,129000,101653.4,-79420.3,-55484.7,-76299.6,-15446.7,11232.7,17510.0,1589.0,0.0,0.0,30722.0,-25872.9,0,0
118.4167,18329.681,-13009.285,17929.681,13606.74,320.712,-233.254,396.565,2.539,-2.138,38,36.03,1.97,0.1183,0.002,0.3639,216.65,295.12,1.3438,12090.9,2890.89,3595.6,90.34,2.7477,129000,101653.4,-79420.3,-55486.1,-76292.0,-15467.4,11249.2,17539.3,1586.2,0.0,0.0,30699.9,-25851.5,0,0
118.5167,18361.767,-13032.623,17961.767,13630.078,320.965,-233.468,396.895,2.537,-2.136,38,36.03,1.97,0.1181,0.002,0.3639,216.65,295.12,1.3449,12090.6,2890.61,3595.3,90.33,2.7477,129000,101653.4,-79420.3,-55487.5,-76284.3,-15488.1,11265.7,17568.6,1583.4,0.0,0.0,30677.8,-25830.0,0,0
118.6167,18393.878,-13055.982,17993.878,13653.437,321.219,-233.681,397.226,2.536,-2.135,38,36.03,1.97,0.1179,0.002,0.3639,216.65,295.12,1.346,12090.3,2890.34,3595.0,90.32,2.7477,129000,101653.4,-79420.3,-55488.8,-76276.7,-15508.9,11282.2,17597.9,1580.6,0.0,0.0,30655.7,-25808.6,0,0
118.7167,18426.015,-13079.363,18026.015,13676.818,321.473,-233.895,397.557,2.534,-2.133,38,36.04,1.96,0.1177,0.002,0.3639,216.65,295.12,1.3471,12090.1,2890.07,3594.6,90.31,2.7477,129000,101653.4,-79420.3,-55490.1,-76269.0,-15529.6,11298.7,17627.2,1577.8,0.0,0.0,30633.6,-25787.1,0,0
118.8167,18458.177,-13102.765,18058.177,13700.22,321.726,-234.108,397.887,2.532,-2.131,38,36.04,1.96,0.1175,0.002,0.3639,216.65,295.12,1.3482,12089.8,2889.79,3594.3,90.31,2.7477,129000,101653.4,-79420.3,-55491.4,-76261.4,-15550.4,11315.2,17656.5,1575.0,0.0,0.0,30611.6,-25765.7,0,0
118.9167,18490.364,-13126.188,18090.364,13723.643,321.979,-234.321,398.217,2.53,-2.129,38,36.04,1.96,0.1173,0.002,0.3639,216.65,295.12,1.3494,12089.5,2889.52,3593.9,90.3,2.7477,129000,101653.4,-79420.3,-55492.7,-76253.8,-15571.2,11331.7,17685.8,1572.2,0.0,0.0,30589.5,-25744.2,0,0
119.0167,18522.577,-13149.633,18122.577,13747.088,322.232,-234.534,398.547,2.528,-2.128,38,36.05,1.95,0.1171,0.0019,0.3639,216.65,295.12,1.3505,12089.2,2889.24,3593.6,90.29,2.7477,129000,101653.4,-79420.3,-55494.0,-76246.1,-15592.0,11348.3,17715.1,1569.4,0.0,0.0,30567.5,-25722.7,0,0
119.1167,18554.815,-13173.098,18154.815,13770.553,322.485,-234.746,398.876,2.527,-2.126,38,36.05,1.95,0.1169,0.0019,0.3639,216.65,295.12,1.3516,12089.0,2888.97,3593.2,90.28,2.7477,129000,101653.4,-79420.3,-55495.2,-76238.5,-15612.8,11364.8,17744.4,1566.6,0.0,0.0,30545.4,-25701.3,0,0
119.2167,18587.078,-13196.585,18187.078,13794.04,322.737,-234.959,399.205,2.525,-2.124,38,36.05,1.95,0.1167,0.0019,0.3639,216.65,295.12,1.3527,12088.7,2888.69,3592.9,90.27,2.7477,129000,101653.4,-79420.3,-55496.4,-76230.9,-15633.6,11381.3,17773.7,1563.9,0.0,0.0,30523.4,-25679.8,0,0
119.3167,18619.366,-13220.094,18219.366,13817.549,322.99,-235.171,399.534,2.523,-2.123,38,36.06,1.94,0.1165,0.0019,0.3639,216.65,295.12,1.3538,12088.4,2888.42,3592.6,90.26,2.7477,129000,101653.4,-79420.3,-55497.6,-76223.3,-15654.4,11397.8,17803.1,1561.1,0.0,0.0,30501.4,-25658.4,0,0
119.4167,18651.68,-13243.623,18251.68,13841.078,323.242,-235.383,399.863,2.521,-2.121,38,36.06,1.94,0.1163,0.0019,0.3639,216.65,295.12,1.3549,12088.1,2888.14,3592.2,90.25,2.7477,129000,101653.4,-79420.3,-55498.8,-76215.7,-15675.2,11414.4,17832.4,1558.4,0.0,0.0,30479.4,-25636.9,0,0
119.5167,18684.019,-13267.174,18284.019,13864.629,323.494,-235.595,400.192,2.52,-2.119,38,36.06,1.94,0.1161,0.0019,0.3639,216.65,295.12,1.356,12087.9,2887.87,3591.9,90.25,2.7477,129000,101653.4,-79420.3,-55500.0,-76208.1,-15696.0,11430.9,17861.7,1555.6,0.0,0.0,30457.4,-25615.5,0,0
119.6167,18716.383,-13290.746,18316.383,13888.201,323.746,-235.807,400.52,2.518,-2.117,38,36.07,1.93,0.1159,0.0019,0.3639,216.65,295.12,1.3572,12087.6,2887.59,3591.5,90.24,2.7477,129000,101653.4,-79420.3,-55501.1,-76200.5,-15716.9,11447.5,17891.0,1552.9,0.0,0.0,30435.4,-25594.0,0,0
119.7167,18748.772,-13314.339,18348.772,13911.794,323.997,-236.019,400.848,2.516,-2.116,38,36.07,1.93,0.1157,0.0019,0.3639,216.65,295.12,1.3583,12087.3,2887.32,3591.2,90.23,2.7477,129000,101653.4,-79420.3,-55502.3,-76192.9,-15737.7,11464.1,17920.4,1550.2,0.0,0.0,30413.4,-25572.6,0,0
119.8167,18781.186,-13337.953,18381.186,13935.408,324.249,-236.23,401.176,2.514,-2.114,38,36.07,1.93,0.1155,0.0019,0.3639,216.65,295.12,1.3594,12087.0,2887.04,3590.8,90.22,2.7477,129000,101653.4,-79420.3,-55503.4,-76185.3,-15758.6,11480.6,17949.7,1547.5,0.0,0.0,30391.4,-25551.1,0,0
119.9167,18813.626,-13361.588,18413.626,13959.043,324.5,-236.442,401.503,2.513,-2.112,38,36.08,1.92,0.1153,0.0019,0.3639,216.65,295.12,1.3605,12086.8,2886.77,3590.5,90.21,2.7477,129000,101653.4,-79420.3,-55504.5,-76177.8,-15779.5,11497.2,17979.0,1544.7,0.0,0.0,30369.4,-25529.7,0,0
120.0167,18846.091,-13385.245,18446.091,13982.7,324.751,-236.653,401.831,2.511,-2.11,38,36.08,1.92,0.1151,0.0019,0.3639,216.65,295.12,1.3616,12086.5,2886.49,3590.2,90.2,2.7477,129000,101653.4,-79420.3,-55505.6,-76170.2,-15800.3,11513.8,18008.4,1542.1,0.0,0.0,30347.4,-25508.3,0,0
120.1167,18878.58,-13408.923,18478.58,14006.378,325.002,-236.864,402.158,2.509,-2.109,38,36.08,1.92,0.1149,0.0019,0.3639,216.65,295.12,1.3627,12086.2,2886.22,3589.8,90.19,2.7477,129000,101653.4,-79420.3,-55506.7,-76162.7,-15821.2,11530.4,18037.7,1539.4,0.0,0.0,30325.4,-25486.9,0,0
120.2167,18911.095,-13432.621,18511.095,14030.076,325.253,-237.074,402.485,2.507,-2.107,38,36.09,1.91,0.1148,0.0019,0.3639,216.65,295.12,1.3638,12085.9,2885.94,3589.5,90.19,2.7477,129000,101653.4,-79420.3,-55507.8,-76155.2,-15842.1,11547.0,18067.0,1536.7,0.0,0.0,30303.4,-25465.4,0,0
120.3167,18943.635,-13456.341,18543.635,14053.796,325.504,-237.285,402.811,2.506,-2.105,38,36.09,1.91,0.1146,0.0019,0.3639,216.65,295.12,1.3649,12085.7,2885.67,3589.1,90.18,2.7477,129000,101653.4,-79420.3,-55508.9,-76147.7,-15863.0,11563.6,18096.4,1534.0,0.0,0.0,30281.5,-25444.0,0,0
120.4167,18976.2,-13480.082,18576.2,14077.537,325.754,-237.495,403.138,2.504,-2.104,38,36.09,1.91,0.1144,0.0019,0.3639,216.65,295.12,1.366,12085.4,2885.39,3588.8,90.17,2.7477,129000,101653.4,-79420.3,-55509.9,-76140.2,-15884.0,11580.2,18125.7,1531.4,0.0,0.0,30259.5,-25422.6,0,0
120.5167,19008.79,-13503.843,18608.79,14101.298,326.005,-237.706,403.464,2.502,-2.102,38,36.1,1.9,0.1142,0.0019,0.3639,216.65,295.12,1.3671,12085.1,2885.12,3588.5,90.16,2.7477,129000,101653.4,-79420.3,-55511.0,-76132.7,-15904.9,11596.8,18155.0,1528.7,0.0,0.0,30237.5,-25401.2,0,0
120.6167,19041.405,-13527.626,18641.405,14125.081,326.255,-237.916,403.79,2.5,-2.1,38,36.1,1.9,0.114,0.0018,0.3639,216.65,295.12,1.3682,12084.8,2884.84,3588.1,90.15,2.7477,129000,101653.4,-79420.3,-55512.0,-76125.3,-15925.8,11613.4,18184.4,1526.1,0.0,0.0,30215.6,-25379.9,0,0
120.7167,19074.045,-13551.43,18674.045,14148.885,326.505,-238.126,404.115,2.499,-2.098,38,36.1,1.9,0.1138,0.0018,0.3639,216.65,295.12,1.3693,12084.6,2884.57,3587.8,90.14,2.7477,129000,101653.4,-79420.3,-55513.0,-76117.8,-15946.7,11630.0,18213.7,1523.4,0.0,0.0,30193.6,-25358.5,0,0
120.8167,19106.71,-13575.255,18706.71,14172.71,326.754,-238.335,404.441,2.497,-2.097,38,36.11,1.89,0.1136,0.0018,0.3639,216.65,295.12,1.3704,12084.3,2884.3,3587.4,90.13,2.7477,129000,101653.4,-79420.3,-55514.0,-76110.4,-15967.7,11646.7,18243.1,1520.8,0.0,0.0,30171.7,-25337.1,0,0
120.9167,19139.4,-13599.101,18739.4,14196.556,327.004,-238.545,404.766,2.495,-2.095,38,36.11,1.89,0.1134,0.0018,0.3639,216.65,295.12,1.3715,12084.0,2884.02,3587.1,90.13,2.7477,129000,101653.4,-79420.3,-55515.0,-76102.9,-15988.7,11663.3,18272.4,1518.2,0.0,0.0,30149.7,-25315.7,0,0
121.0167,19172.115,-13622.967,18772.115,14220.422,327.253,-238.754,405.091,2.493,-2.093,38,36.11,1.89,0.1132,0.0018,0.3639,216.65,295.12,1.3726,12083.7,2883.75,3586.7,90.12,2.7477,129000,101653.4,-79420.3,-55516.0,-76095.5,-16009.6,11679.9,18301.8,1515.6,0.0,0.0,30127.8,-25294.4,0,0
121.1167,19204.855,-13646.855,18804.855,14244.31,327.503,-238.964,405.415,2.491,-2.092,38,36.12,1.88,0.113,0.0018,0.3639,216.65,295.12,1.3737,12083.5,2883.47,3586.4,90.11,2.7477,129000,101653.4,-79420.3,-55517.0,-76088.1,-16030.6,11696.6,18331.1,1513.0,0.0,0.0,30105.8,-25273.0,0,0
121.2167,19237.62,-13670.764,18837.62,14268.219,327.752,-239.173,405.74,2.49,-2.09,38,36.12,1.88,0.1129,0.0018,0.3639,216.65,295.12,1.3748,12083.2,2883.2,3586.1,90.1,2.7477,129000,101653.4,-79420.3,-55517.9,-76080.7,-16051.6,11713.2,18360.5,1510.4,0.0,0.0,30083.9,-25251.7,0,0
121.3167,19270.41,-13694.693,18870.41,14292.148,328.0,-239.382,406.064,2.488,-2.088,38,36.12,1.88,0.1127,0.0018,0.3639,216.65,295.12,1.3759,12082.9,2882.92,3585.7,90.09,2.7477,129000,101653.4,-79420.3,-55518.9,-76073.4,-16072.6,11729.9,18389.9,1507.8,0.0,0.0,30061.9,-25230.4,0,0
121.4167,19303.224,-13718.643,18903.224,14316.098,328.249,-239.59,406.388,2.486,-2.086,38,36.13,1.87,0.1125,0.0018,0.3639,216.65,295.12,1.377,12082.6,2882.65,3585.4,90.08,2.7477,129000,101653.4,-79420.3,-55519.8,-76066.0,-16093.6,11746.5,18419.2,1505.2,0.0,0.0,30040.0,-25209.1,0,0
121.5167,19336.064,-13742.615,18936.064,14340.07,328.498,-239.799,406.711,2.484,-2.085,38,36.13,1.87,0.1123,0.0018,0.3639,216.65,295.12,1.3781,12082.4,2882.37,3585.0,90.07,2.7477,129000,101653.4,-79420.3,-55520.8,-76058.7,-16114.6,11763.2,18448.6,1502.7,0.0,0.0,30018.1,-25187.8,0,0
121.6167,19368.928,-13766.607,18968.928,14364.062,328.746,-240.007,407.035,2.483,-2.083,38,36.13,1.87,0.1121,0.0018,0.3639,216.65,295.12,1.3792,12082.1,2882.1,3584.7,90.07,2.7477,129000,101653.4,-79420.3,-55521.7,-76051.4,-16135.6,11779.9,18477.9,1500.1,0.0,0.0,29996.1,-25166.5,0,0
121.7167,19401.817,-13790.619,19001.817,14388.074,328.994,-240.215,407.358,2.481,-2.081,38,36.13,1.87,0.1119,0.0018,0.3639,216.65,295.12,1.3803,12081.8,2881.82,3584.4,90.06,2.7477,129000,101653.4,-79420.3,-55522.6,-76044.1,-16156.6,11796.5,18507.3,1497.6,0.0,0.0,29974.2,-25145.2,0,0
121.8167,19434.731,-13814.653,19034.731,14412.108,329.242,-240.423,407.681,2.479,-2.08,38,36.14,1.86,0.1117,0.0018,0.3639,216.65,295.12,1.3814,12081.5,2881.55,3584.0,90.05,2.7477,129000,101653.4,-79420.3,-55523.5,-76036.8,-16177.6,11813.2,18536.7,1495.0,0.0,0.0,29952.2,-25123.9,0,0
121.9167,19467.67,-13838.708,19067.67,14436.163,329.49,-240.631,408.004,2.477,-2.078,38,36.14,1.86,0.1116,0.0018,0.3639,216.65,295.12,1.3825,12081.3,2881.27,3583.7,90.04,2.7477,129000,101653.4,-79420.3,-55524.4,-76029.5,-16198.7,11829.9,18566.0,1492.5,0.0,0.0,29930.3,-25102.6,0,0
122.0167,19500.633,-13862.783,19100.633,14460.238,329.738,-240.839,408.326,2.476,-2.076,38,36.14,1.86,0.1114,0.0018,0.3639,216.65,295.12,1.3836,12081.0,2881.0,3583.3,90.03,2.7477,129000,101653.4,-79420.3,-55525.3,-76022.2,-16219.7,11846.6,18595.4,1490.0,0.0,0.0,29908.4,-25081.4,0,0
122.1167,19533.621,-13886.879,19133.621,14484.334,329.985,-241.046,408.648,2.474,-2.074,38,36.15,1.85,0.1112,0.0018,0.3639,216.65,295.12,1.3847,12080.7,2880.72,3583.0,90.02,2.7477,129000,101653.4,-79420.3,-55526.2,-76015.0,-16240.8,11863.3,18624.8,1487.4,0.0,0.0,29886.4,-25060.1,0,0
122.2167,19566.634,-13910.996,19166.634,14508.451,330.232,-241.254,408.97,2.472,-2.073,38,36.15,1.85,0.111,0.0018,0.3639,216.65,295.12,1.3858,12080.4,2880.45,3582.6,90.01,2.7477,129000,101653.4,-79420.3,-55527.0,-76007.8,-16261.8,11880.0,18654.1,1484.9,0.0,0.0,29864.5,-25038.9,0,0
122.3167,19599.672,-13935.133,19199.672,14532.588,330.479,-241.461,409.292,2.47,-2.071,38,36.15,1.85,0.1108,0.0017,0.3639,216.65,295.12,1.3869,12080.2,2880.17,3582.3,90.01,2.7477,129000,101653.4,-79420.3,-55527.9,-76000.6,-16282.9,11896.7,18683.5,1482.4,0.0,0.0,29842.6,-25017.7,0,0
122.4167,19632.734,-13959.291,19232.734,14556.746,330.726,-241.668,409.614,2.469,-2.069,38,36.16,1.84,0.1107,0.0017,0.3639,216.65,295.12,1.388,12079.9,2879.9,3582.0,90.0,2.7477,129000,101653.4,-79420.3,-55528.8,-75993.4,-16304.0,11913.4,18712.9,1479.9,0.0,0.0,29820.6,-24996.5,0,0
122.5167,19665.821,-13983.47,19265.821,14580.925,330.973,-241.875,409.935,2.467,-2.068,38,36.16,1.84,0.1105,0.0017,0.3639,216.65,295.12,1.3891,12079.6,2879.62,3581.6,89.99,2.7477,129000,101653.4,-79420.3,-55529.6,-75986.2,-16325.1,11930.1,18742.3,1477.4,0.0,0.0,29798.7,-24975.3,0,0
122.6167,19698.933,-14007.67,19298.933,14605.125,331.22,-242.081,410.256,2.465,-2.066,38,36.16,1.84,0.1103,0.0017,0.3639,216.65,295.12,1.3901,12079.3,2879.35,3581.3,89.98,2.7477,129000,101653.4,-79420.3,-55530.4,-75979.0,-16346.2,11946.9,18771.6,1475.0,0.0,0.0,29776.8,-24954.1,0,0
122.7167,19732.069,-14031.89,19332.069,14629.345,331.466,-242.288,410.577,2.463,-2.064,38,36.16,1.84,0.1101,0.0017,0.3639,216.65,295.12,1.3912,12079.1,2879.07,3580.9,89.97,2.7477,129000,101653.4,-79420.3,-55531.3,-75971.9,-16367.3,11963.6,18801.0,1472.5,0.0,0.0,29754.9,-24932.9,0,0
122.8167,19765.23,-14056.131,19365.23,14653.586,331.712,-242.494,410.897,2.462,-2.062,38,36.17,1.83,0.1099,0.0017,0.3639,216.65,295.12,1.3923,12078.8,2878.8,3580.6,89.96,2.7477,129000,101653.4,-79420.3,-55532.1,-75964.7,-16388.4,11980.3,18830.4,1470.0,0.0,0.0,29732.9,-24911.7,0,0
122.9167,19798.416,-14080.392,19398.416,14677.847,331.958,-242.7,411.218,2.46,-2.061,38,36.17,1.83,0.1098,0.0017,0.3639,216.65,295.12,1.3934,12078.5,2878.52,3580.3,89.95,2.7477,129000,101653.4,-79420.3,-55532.9,-75957.6,-16409.5,11997.0,18859.8,1467.6,0.0,0.0,29711.0,-24890.6,0,0
123.0167,19831.626,-14104.674,19431.626,14702.129,332.204,-242.906,411.538,2.458,-2.059,38,36.17,1.83,0.1096,0.0017,0.3639,216.65,295.12,1.3945,12078.3,2878.25,3579.9,89.95,2.7477,129000,101653.4,-79420.3,-55533.7,-75950.5,-16430.6,12013.8,18889.1,1465.1,0.0,0.0,29689.1,-24869.5,0,0
123.1167,19864.861,-14128.977,19464.861,14726.432,332.45,-243.112,411.857,2.456,-2.057,38,36.18,1.82,0.1094,0.0017,0.3639,216.65,295.12,1.3956,12078.0,2877.98,3579.6,89.94,2.7477,129000,101653.4,-79420.3,-55534.5,-75943.5,-16451.7,12030.5,18918.5,1462.7,0.0,0.0,29667.1,-24848.3,0,0
123.2167,19898.12,-14153.3,19498.12,14750.755,332.696,-243.318,412.177,2.455,-2.056,38,36.18,1.82,0.1092,0.0017,0.3639,216.65,295.12,1.3967,12077.7,2877.7,3579.2,89.93,2.7477,129000,101653.4,-79420.3,-55535.3,-75936.4,-16472.9,12047.3,18947.9,1460.3,0.0,0.0,29645.2,-24827.2,0,0
123.3167,19931.404,-14177.644,19531.404,14775.099,332.941,-243.523,412.496,2.453,-2.054,38,36.18,1.82,0.1091,0.0017,0.3639,216.65,295.12,1.3977,12077.4,2877.43,3578.9,89.92,2.7477,129000,101653.4,-79420.3,-55536.1,-75929.3,-16494.0,12064.0,18977.3,1457.8,0.0,0.0,29623.3,-24806.1,0,0
123.4167,19964.712,-14202.008,19564.712,14799.463,333.186,-243.729,412.815,2.451,-2.052,38,36.19,1.81,0.1089,0.0017,0.3639,216.65,295.12,1.3988,12077.2,2877.15,3578.5,89.91,2.7477,129000,101653.4,-79420.3,-55536.8,-75922.3,-16515.2,12080.8,19006.6,1455.4,0.0,0.0,29601.4,-24785.0,0,0
123.5167,19998.045,-14226.393,19598.045,14823.848,333.431,-243.934,413.134,2.449,-2.051,38,36.19,1.81,0.1087,0.0017,0.3639,216.65,295.12,1.3999,12076.9,2876.88,3578.2,89.9,2.7477,129000,101653.4,-79420.3,-55537.6,-75915.3,-16536.3,12097.5,19036.0,1453.0,0.0,0.0,29579.4,-24763.9,0,0
123.6167,20031.403,-14250.798,19631.403,14848.253,333.676,-244.139,413.453,2.448,-2.049,38,36.19,1.81,0.1085,0.0017,0.3639,216.65,295.12,1.401,12076.6,2876.6,3577.9,89.89,2.7477,129000,101653.4,-79420.3,-55538.4,-75908.3,-16557.5,12114.3,19065.4,1450.6,0.0,0.0,29557.5,-24742.9,0,0
123.7167,20064.784,-14275.224,19664.784,14872.679,333.921,-244.343,413.771,2.446,-2.047,38,36.19,1.81,0.1084,0.0017,0.3639,216.65,295.12,1.4021,12076.3,2876.33,3577.5,89.89,2.7477,129000,101653.4,-79420.3,-55539.1,-75901.3,-16578.7,12131.1,19094.8,1448.2,0.0,0.0,29535.6,-24721.8,0,0
123.8167,20098.191,-14299.67,19698.191,14897.125,334.165,-244.548,414.089,2.444,-2.045,38,36.2,1.8,0.1082,0.0017,0.3639,216.65,295.12,1.4031,12076.1,2876.05,3577.2,89.88,2.7477,129000,101653.4,-79420.3,-55539.9,-75894.3,-16599.8,12147.9,19124.2,1445.8,0.0,0.0,29513.7,-24700.7,0,0
123.9167,20131.622,-14324.137,19731.622,14921.592,334.409,-244.752,414.407,2.442,-2.044,38,36.2,1.8,0.108,0.0017,0.3639,216.65,295.12,1.4042,12075.8,2875.78,3576.8,89.87,2.7477,129000,101653.4,-79420.3,-55540.6,-75887.4,-16621.0,12164.6,19153.5,1443.5,0.0,0.0,29491.7,-24679.7,0,0
124.0167,20165.077,-14348.624,19765.077,14946.079,334.653,-244.957,414.725,2.44,-2.042,38,36.2,1.8,0.1078,0.0017,0.3639,216.65,295.12,1.4053,12075.5,2875.5,3576.5,89.86,2.7477,129000,101653.4,-79420.3,-55541.4,-75880.5,-16642.2,12181.4,19182.9,1441.1,0.0,0.0,29469.8,-24658.7,0,0
124.1167,20198.556,-14373.132,19798.556,14970.587,334.897,-245.161,415.042,2.439,-2.04,38,36.21,1.79,0.1077,0.0016,0.3639,216.65,295.12,1.4064,12075.2,2875.23,3576.2,89.85,2.7477,129000,101653.4,-79420.3,-55542.1,-75873.5,-16663.4,12198.2,19212.3,1438.7,0.0,0.0,29447.9,-24637.7,0,0
124.2167,20232.06,-14397.66,19832.06,14995.115,335.141,-245.365,415.359,2.437,-2.039,38,36.21,1.79,0.1075,0.0016,0.3639,216.65,295.12,1.4074,12075.0,2874.95,3575.8,89.84,2.7477,129000,101653.4,-79420.3,-55542.8,-75866.6,-16684.6,12215.0,19241.7,1436.4,0.0,0.0,29426.0,-24616.7,0,0
124.3167,20265.589,-14422.208,19865.589,15019.663,335.385,-245.569,415.676,2.435,-2.037,38,36.21,1.79,0.1073,0.0016,0.3639,216.65,295.12,1.4085,12074.7,2874.68,3575.5,89.83,2.7477,129000,101653.4,-79420.3,-55543.5,-75859.7,-16705.8,12231.8,19271.1,1434.0,0.0,0.0,29404.1,-24595.7,0,0
124.4167,20299.141,-14446.777,19899.141,15044.232,335.628,-245.772,415.993,2.433,-2.035,38,36.21,1.79,0.1072,0.0016,0.3639,216.65,295.12,1.4096,12074.4,2874.4,3575.1,89.83,2.7477,129000,101653.4,-79420.3,-55544.2,-75852.9,-16727.0,12248.6,19300.4,1431.7,0.0,0.0,29382.1,-24574.7,0,0
124.5167,20332.718,-14471.366,19932.718,15068.821,335.871,-245.976,416.309,2.432,-2.034,38,36.22,1.78,0.107,0.0016,0.3639,216.65,295.12,1.4107,12074.1,2874.13,3574.8,89.82,2.7477,129000,101653.4,-79420.3,-55544.9,-75846.0,-16748.3,12265.4,19329.8,1429.4,0.0,0.0,29360.2,-24553.8,0,0
124.6167,20366.32,-14495.975,19966.32,15093.43,336.114,-246.179,416.626,2.43,-2.032,38,36.22,1.78,0.1068,0.0016,0.3639,216.65,295.12,1.4117,12073.9,2873.85,3574.4,89.81,2.7477,129000,101653.4,-79420.3,-55545.6,-75839.2,-16769.5,12282.2,19359.2,1427.0,0.0,0.0,29338.3,-24532.8,0,0
124.7167,20399.945,-14520.605,19999.945,15118.06,336.357,-246.382,416.942,2.428,-2.03,38,36.22,1.78,0.1067,0.0016,0.3639,216.65,295.12,1.4128,12073.6,2873.58,3574.1,89.8,2.7477,129000,101653.4,-79420.3,-55546.3,-75832.4,-16790.7,12299.0,19388.6,1424.7,0.0,0.0,29316.4,-24511.9,0,0
124.8167,20433.595,-14545.255,20033.595,15142.71,336.6,-246.585,417.257,2.426,-2.029,38,36.23,1.77,0.1065,0.0016,0.3639,216.65,295.12,1.4139,12073.3,2873.3,3573.8,89.79,2.7477,129000,101653.4,-79420.3,-55547.0,-75825.5,-16812.0,12315.8,19418.0,1422.4,0.0,0.0,29294.4,-24490.9,0,0
124.9167,20467.269,-14569.925,20067.269,15167.38,336.843,-246.788,417.573,2.425,-2.027,38,36.23,1.77,0.1063,0.0016,0.3639,216.65,295.12,1.4149,12073.0,2873.03,3573.4,89.78,2.7477,129000,101653.4,-79420.3,-55547.6,-75818.8,-16833.2,12332.6,19447.4,1420.1,0.0,0.0,29272.5,-24470.0,0,0
125.0167,20500.968,-14594.616,20100.968,15192.071,337.085,-246.99,417.888,2.423,-2.025,38,36.23,1.77,0.1062,0.0016,0.3639,216.65,295.12,1.416,12072.8,2872.75,3573.1,89.77,2.7477,129000,101653.4,-79420.3,-55548.3,-75812.0,-16854.5,12349.5,19476.7,1417.8,0.0,0.0,29250.6,-24449.1,0,0
125.1167,20534.69,-14619.327,20134.69,15216.782,337.327,-247.193,418.203,2.421,-2.023,38,36.23,1.77,0.106,0.0016,0.3639,216.65,295.12,1.4171,12072.5,2872.48,3572.7,89.76,2.7477,129000,101653.4,-79420.3,-55549.0,-75805.2,-16875.7,12366.3,19506.1,1415.5,0.0,0.0,29228.7,-24428.2,0,0
125.2167,20568.437,-14644.058,20168.437,15241.513,337.569,-247.395,418.518,2.419,-2.022,38,36.24,1.76,0.1058,0.0016,0.3639,216.65,295.12,1.4181,12072.2,2872.21,3572.4,89.76,2.7477,129000,101653.4,-79420.3,-55549.6,-75798.5,-16897.0,12383.1,19535.5,1413.2,0.0,0.0,29206.8,-24407.4,0,0
125.3167,20602.208,-14668.809,20202.208,15266.264,337.811,-247.597,418.832,2.418,-2.02,38,36.24,1.76,0.1057,0.0016,0.3639,216.65,295.12,1.4192,12071.9,2871.93,3572.1,89.75,2.7477,129000,101653.4,-79420.3,-55550.3,-75791.8,-16918.3,12400.0,19564.9,1411.0,0.0,0.0,29184.9,-24386.5,0,0
125.4167,20636.003,-14693.581,20236.003,15291.036,338.053,-247.799,419.147,2.416,-2.018,38,36.24,1.76,0.1055,0.0016,0.3639,216.65,295.12,1.4203,12071.7,2871.66,3571.7,89.74,2.7477,129000,101653.4,-79420.3,-55550.9,-75785.0,-16939.5,12416.8,19594.3,1408.7,0.0,0.0,29162.9,-24365.6,0,0
125.5167,20669.823,-14718.372,20269.823,15315.827,338.294,-248.001,419.461,2.414,-2.017,38,36.24,1.76,0.1053,0.0016,0.3639,216.65,295.12,1.4213,12071.4,2871.38,3571.4,89.73,2.7477,129000,101653.4,-79420.3,-55551.5,-75778.3,-16960.8,12433.6,19623.6,1406.4,0.0,0.0,29141.0,-24344.8,0,0
125.6167,20703.666,-14743.184,20303.666,15340.639,338.535,-248.202,419.774,2.412,-2.015,38,36.25,1.75,0.1052,0.0016,0.3639,216.65,295.12,1.4224,12071.1,2871.11,3571.0,89.72,2.7477,129000,101653.4,-79420.3,-55552.2,-75771.7,-16982.1,12450.5,19653.0,1404.2,0.0,0.0,29119.1,-24324.0,0,0
125.7167,20737.534,-14768.016,20337.534,15365.471,338.777,-248.404,420.088,2.411,-2.013,38,36.25,1.75,0.105,0.0016,0.3639,216.65,295.12,1.4235,12070.8,2870.83,3570.7,89.71,2.7477,129000,101653.4,-79420.3,-55552.8,-75765.0,-17003.4,12467.3,19682.4,1402.0,0.0,0.0,29097.2,-24303.2,0,0
125.8167,20771.425,-14792.868,20371.425,15390.323,339.017,-248.605,420.401,2.409,-2.012,38,36.25,1.75,0.1048,0.0016,0.3639,216.65,295.12,1.4245,12070.6,2870.56,3570.3,89.7,2.7477,129000,101653.4,-79420.3,-55553.4,-75758.3,-17024.7,12484.2,19711.8,1399.7,0.0,0.0,29075.3,-24282.4,0,0
125.9167,20805.341,-14817.74,20405.341,15415.195,339.258,-248.806,420.714,2.407,-2.01,38,36.26,1.74,0.1047,0.0016,0.3639,216.65,295.12,1.4256,12070.3,2870.28,3570.0,89.7,2.7477,129000,101653.4,-79420.3,-55554.0,-75751.7,-17046.0,12501.0,19741.1,1397.5,0.0,0.0,29053.4,-24261.6,0,0
126.0167,20839.281,-14842.633,20439.281,15440.088,339.499,-249.007,421.027,2.405,-2.008,38,36.26,1.74,0.1045,0.0016,0.3639,216.65,295.12,1.4266,12070.0,2870.01,3569.7,89.69,2.7477,129000,101653.4,-79420.3,-55554.6,-75745.1,-17067.3,12517.9,19770.5,1395.3,0.0,0.0,29031.5,-24240.8,0,0
126.1167,20873.245,-14867.545,20473.245,15465.0,339.739,-249.208,421.34,2.403,-2.007,38,36.26,1.74,0.1044,0.0015,0.3639,216.65,295.12,1.4277,12069.7,2869.73,3569.3,89.68,2.7477,129000,101653.4,-79420.3,-55555.2,-75738.5,-17088.6,12534.7,19799.9,1393.0,0.0,0.0,29009.5,-24220.0,0,0
126.2167,20907.233,-14892.477,20507.233,15489.932,339.98,-249.408,421.652,2.402,-2.005,38,36.26,1.74,0.1042,0.0015,0.3639,216.65,295.12,1.4288,12069.5,2869.46,3569.0,89.67,2.7477,129000,101653.4,-79420.3,-55555.8,-75731.9,-17109.9,12551.6,19829.3,1390.8,0.0,0.0,28987.6,-24199.3,0,0
126.3167,20941.245,-14917.43,20541.245,15514.885,340.22,-249.608,421.964,2.4,-2.003,38,36.27,1.73,0.104,0.0015,0.3639,216.65,295.12,1.4298,12069.2,2869.18,3568.6,89.66,2.7477,129000,101653.4,-79420.3,-55556.4,-75725.3,-17131.3,12568.5,19858.6,1388.6,0.0,0.0,28965.7,-24178.5,0,0
126.4167,20975.281,-14942.402,20575.281,15539.857,340.459,-249.809,422.276,2.398,-2.002,38,36.27,1.73,0.1039,0.0015,0.3639,216.65,295.12,1.4309,12068.9,2868.91,3568.3,89.65,2.7477,129000,101653.4,-79420.3,-55557.0,-75718.8,-17152.6,12585.3,19888.0,1386.4,0.0,0.0,28943.8,-24157.8,0,0
126.5167,21009.341,-14967.395,20609.341,15564.85,340.699,-250.009,422.588,2.396,-2.0,38,36.27,1.73,0.1037,0.0015,0.3639,216.65,295.12,1.4319,12068.6,2868.63,3568.0,89.64,2.7477,129000,101653.4,-79420.3,-55557.6,-75712.2,-17173.9,12602.2,19917.4,1384.2,0.0,0.0,28921.9,-24137.1,0,0
126.6167,21043.425,-14992.408,20643.425,15589.863,340.939,-250.209,422.899,2.395,-1.998,38,36.27,1.73,0.1036,0.0015,0.3639,216.65,295.12,1.433,12068.4,2868.36,3567.6,89.64,2.7477,129000,101653.4,-79420.3,-55558.1,-75705.7,-17195.3,12619.1,19946.8,1382.1,0.0,0.0,28900.0,-24116.4,0,0
126.7167,21077.533,-15017.44,20677.533,15614.895,341.178,-250.408,423.21,2.393,-1.997,38,36.28,1.72,0.1034,0.0015,0.3639,216.65,295.12,1.434,12068.1,2868.08,3567.3,89.63,2.7477,129000,101653.4,-79420.3,-55558.7,-75699.2,-17216.6,12636.0,19976.1,1379.9,0.0,0.0,28878.1,-24095.7,0,0
126.8167,21111.664,-15042.493,20711.664,15639.948,341.417,-250.608,423.521,2.391,-1.995,38,36.28,1.72,0.1033,0.0015,0.3639,216.65,295.12,1.4351,12067.8,2867.81,3566.9,89.62,2.7477,129000,101653.4,-79420.3,-55559.3,-75692.7,-17238.0,12652.8,20005.5,1377.7,0.0,0.0,28856.2,-24075.0,0,0
126.9167,21145.82,-15067.565,20745.82,15665.02,341.656,-250.807,423.832,2.389,-1.993,38,36.28,1.72,0.1031,0.0015,0.3639,216.65,295.12,1.4361,12067.5,2867.53,3566.6,89.61,2.7477,129000,101653.4,-79420.3,-55559.8,-75686.2,-17259.3,12669.7,20034.9,1375.5,0.0,0.0,28834.3,-24054.3,0,0
127.0167,21180.0,-15092.657,20780.0,15690.112,341.895,-251.007,424.142,2.388,-1.992,38,36.28,1.72,0.1029,0.0015,0.3639,216.65,295.12,1.4372,12067.3,2867.26,3566.2,89.6,2.7477,129000,101653.4,-79420.3,-55560.4,-75679.7,-17280.7,12686.6,20064.2,1373.4,0.0,0.0,28812.4,-24033.6,0,0
127.1167,21214.203,-15117.77,20814.203,15715.225,342.134,-251.206,424.452,2.386,-1.99,38,36.29,1.71,0.1028,0.0015,0.3639,216.65,295.12,1.4383,12067.0,2866.98,3565.9,89.59,2.7477,129000,101653.4,-79420.3,-55560.9,-75673.3,-17302.0,12703.5,20093.6,1371.2,0.0,0.0,28790.5,-24013.0,0,0
127.2167,21248.43,-15142.902,20848.43,15740.357,342.372,-251.405,424.762,2.384,-1.988,38,36.29,1.71,0.1026,0.0015,0.3639,216.65,295.12,1.4393,12066.7,2866.71,3565.6,89.58,2.7477,129000,101653.4,-79420.3,-55561.4,-75666.9,-17323.4,12720.4,20123.0,1369.1,0.0,0.0,28768.6,-23992.4,0,0
127.3167,21282.681,-15168.054,20882.681,15765.509,342.611,-251.603,425.072,2.382,-1.987,38,36.29,1.71,0.1025,0.0015,0.3639,216.65,295.12,1.4404,12066.4,2866.43,3565.2,89.58,2.7477,129000,101653.4,-79420.3,-55562.0,-75660.4,-17344.8,12737.3,20152.3,1367.0,0.0,0.0,28746.7,-23971.7,0,0
127.4167,21316.956,-15193.226,20916.956,15790.681,342.849,-251.802,425.382,2.381,-1.985,38,36.29,1.71,0.1023,0.0015,0.3639,216.65,295.12,1.4414,12066.2,2866.16,3564.9,89.57,2.7477,129000,101653.4,-79420.3,-55562.5,-75654.0,-17366.1,12754.2,20181.7,1364.8,0.0,0.0,28724.8,-23951.1,0,0
127.5167,21351.255,-15218.418,20951.255,15815.873,343.087,-252.0,425.691,2.379,-1.983,38,36.3,1.7,0.1022,0.0015,0.3639,216.65,295.12,1.4424,12065.9,2865.89,3564.5,89.56,2.7477,129000,101653.4,-79420.3,-55563.0,-75647.6,-17387.5,12771.1,20211.0,1362.7,0.0,0.0,28702.9,-23930.5,0,0
127.6167,21385.578,-15243.629,20985.578,15841.084,343.324,-252.199,426.0,2.377,-1.982,38,36.3,1.7,0.102,0.0015,0.3639,216.65,295.12,1.4435,12065.6,2865.61,3564.2,89.55,2.7477,129000,101653.4,-79420.3,-55563.5,-75641.2,-17408.9,12788.0,20240.4,1360.6,0.0,0.0,28681.0,-23909.9,0,0
127.7167,21419.924,-15268.861,21019.924,15866.316,343.562,-252.397,426.309,2.375,-1.98,38,36.3,1.7,0.1019,0.0015,0.3639,216.65,295.12,1.4445,12065.3,2865.34,3563.9,89.54,2.7477,129000,101653.4,-79420.3,-55564.0,-75634.9,-17430.3,12804.9,20269.8,1358.5,0.0,0.0,28659.1,-23889.4,0,0
127.8167,21454.294,-15294.112,21054.294,15891.567,343.8,-252.594,426.617,2.374,-1.978,38,36.3,1.7,0.1017,0.0015,0.3639,216.65,295.12,1.4456,12065.1,2865.06,3563.5,89.53,2.7477,129000,101653.4,-79420.3,-55564.5,-75628.5,-17451.7,12821.8,20299.1,1356.4,0.0,0.0,28637.2,-23868.8,0,0
127.9167,21488.688,-15319.383,21088.688,15916.838,344.037,-252.792,426.925,2.372,-1.977,38,36.31,1.69,0.1016,0.0015,0.3639,216.65,295.12,1.4466,12064.8,2864.79,3563.2,89.52,2.7477,129000,101653.4,-79420.3,-55565.0,-75622.2,-17473.1,12838.7,20328.5,1354.3,0.0,0.0,28615.3,-23848.2,0,0
128.0167,21523.105,-15344.673,21123.105,15942.128,344.274,-252.99,427.233,2.37,-1.975,38,36.31,1.69,0.1014,0.0015,0.3639,216.65,295.12,1.4477,12064.5,2864.51,3562.8,89.52,2.7477,129000,101653.4,-79420.3,-55565.5,-75615.9,-17494.5,12855.6,20357.8,1352.2,0.0,0.0,28593.4,-23827.7,0,0
128.1167,21557.547,-15369.984,21157.547,15967.439,344.511,-253.187,427.541,2.368,-1.973,38,36.31,1.69,0.1013,0.0015,0.3639,216.65,295.12,1.4487,12064.2,2864.24,3562.5,89.51,2.7477,129000,101653.4,-79420.3,-55566.0,-75609.6,-17515.9,12872.6,20387.2,1350.1,0.0,0.0,28571.5,-23807.2,0,0
128.2167,21592.011,-15395.314,21192.011,15992.769,344.747,-253.384,427.849,2.367,-1.972,38,36.31,1.69,0.1011,0.0015,0.3639,216.65,295.12,1.4498,12064.0,2863.96,3562.1,89.5,2.7477,129000,101653.4,-79420.3,-55566.5,-75603.3,-17537.3,12889.5,20416.5,1348.0,0.0,0.0,28549.6,-23786.7,0,0
128.3167,21626.5,-15420.664,21226.5,16018.119,344.984,-253.582,428.156,2.365,-1.97,38,36.32,1.68,0.101,0.0014,0.3639,216.65,295.12,1.4508,12063.7,2863.69,3561.8,89.49,2.7477,129000,101653.4,-79420.3,-55566.9,-75597.0,-17558.7,12906.4,20445.9,1346.0,0.0,0.0,28527.7,-23766.2,0,0
128.4167,21661.012,-15446.034,21261.012,16043.489,345.22,-253.778,428.463,2.363,-1.968,38,36.32,1.68,0.1008,0.0014,0.3639,216.65,295.12,1.4518,12063.4,2863.41,3561.5,89.48,2.7477,129000,101653.4,-79420.3,-55567.4,-75590.7,-17580.1,12923.3,20475.2,1343.9,0.0,0.0,28505.8,-23745.7,0,0
128.5167,21695.548,-15471.423,21295.548,16068.878,345.457,-253.975,428.77,2.361,-1.967,38,36.32,1.68,0.1007,0.0014,0.3639,216.65,295.12,1.4529,12063.1,2863.14,3561.1,89.47,2.7477,129000,101653.4,-79420.3,-55567.9,-75584.5,-17601.6,12940.2,20504.6,1341.8,0.0,0.0,28483.9,-23725.2,0,0
128.6167,21730.107,-15496.832,21330.107,16094.287,345.693,-254.172,429.077,2.359,-1.965,38,36.32,1.68,0.1005,0.0014,0.3639,216.65,295.12,1.4539,12062.9,2862.86,3560.8,89.46,2.7477,129000,101653.4,-79420.3,-55568.3,-75578.2,-17623.0,12957.2,20533.9,1339.8,0.0,0.0,28462.1,-23704.7,0,0
128.7167,21764.69,-15522.261,21364.69,16119.716,345.928,-254.368,429.383,2.358,-1.963,38,36.33,1.67,0.1004,0.0014,0.3639,216.65,295.12,1.455,12062.6,2862.59,3560.4,89.46,2.7477,129000,101653.4,-79420.3,-55568.8,-75572.0,-17644.4,12974.1,20563.2,1337.7,0.0,0.0,28440.2,-23684.3,0,0
128.8167,21799.297,-15547.709,21399.297,16145.164,346.164,-254.564,429.689,2.356,-1.962,38,36.33,1.67,0.1002,0.0014,0.3639,216.65,295.12,1.456,12062.3,2862.31,3560.1,89.45,2.7477,129000,101653.4,-79420.3,-55569.2,-75565.8,-17665.8,12991.0,20592.6,1335.7,0.0,0.0,28418.3,-23663.8,0,0
128.9167,21833.927,-15573.177,21433.927,16170.632,346.4,-254.76,429.995,2.354,-1.96,38,36.33,1.67,0.1001,0.0014,0.3639,216.65,295.12,1.457,12062.0,2862.04,3559.7,89.44,2.7477,129000,101653.4,-79420.3,-55569.7,-75559.6,-17687.3,13008.0,20621.9,1333.7,0.0,0.0,28396.4,-23643.4,0,0
129.0167,21868.581,-15598.664,21468.581,16196.119,346.635,-254.956,430.301,2.352,-1.958,38,36.33,1.67,0.0999,0.0014,0.3639,216.65,295.12,1.4581,12061.8,2861.76,3559.4,89.43,2.7477,129000,101653.4,-79420.3,-55570.1,-75553.4,-17708.7,13024.9,20651.3,1331.6,0.0,0.0,28374.5,-23623.0,0,0
129.1167,21903.258,-15624.171,21503.258,16221.626,346.87,-255.152,430.606,2.351,-1.957,38,36.34,1.66,0.0998,0.0014,0.3639,216.65,295.12,1.4591,12061.5,2861.49,3559.1,89.42,2.7477,129000,101653.4,-79420.3,-55570.6,-75547.3,-17730.2,13041.8,20680.6,1329.6,0.0,0.0,28352.7,-23602.6,0,0
129.2167,21937.959,-15649.698,21537.959,16247.153,347.105,-255.348,430.911,2.349,-1.955,38,36.34,1.66,0.0996,0.0014,0.3639,216.65,295.12,1.4601,12061.2,2861.21,3558.7,89.41,2.7477,129000,101653.4,-79420.3,-55571.0,-75541.1,-17751.6,13058.8,20709.9,1327.6,0.0,0.0,28330.8,-23582.2,0,0
129.3167,21972.683,-15675.244,21572.683,16272.699,347.34,-255.543,431.216,2.347,-1.954,38,36.34,1.66,0.0995,0.0014,0.3639,216.65,295.12,1.4612,12060.9,2860.94,3558.4,89.4,2.7477,129000,101653.4,-79420.3,-55571.4,-75535.0,-17773.1,13075.7,20739.2,1325.6,0.0,0.0,28308.9,-23561.8,0,0
129.4167,22007.431,-15700.81,21607.431,16298.265,347.574,-255.738,431.521,2.345,-1.952,38,36.34,1.66,0.0993,0.0014,0.3639,216.65,295.12,1.4622,12060.7,2860.66,3558.0,89.4,2.7477,129000,101653.4,-79420.3,-55571.8,-75528.8,-17794.5,13092.7,20768.6,1323.6,0.0,0.0,28287.0,-23541.4,0,0
129.5167,22042.202,-15726.395,21642.202,16323.85,347.809,-255.934,431.825,2.344,-1.95,38,36.35,1.65,0.0992,0.0014,0.3639,216.65,295.12,1.4632,12060.4,2860.39,3557.7,89.39,2.7477,129000,101653.4,-79420.3,-55572.2,-75522.7,-17816.0,13109.6,20797.9,1321.6,0.0,0.0,28265.2,-23521.0,0,0
129.6167,22076.996,-15752.0,21676.996,16349.455,348.043,-256.128,432.129,2.342,-1.949,38,36.35,1.65,0.099,0.0014,0.3639,216.65,295.12,1.4643,12060.1,2860.12,3557.4,89.38,2.7477,129000,101653.4,-79420.3,-55572.6,-75516.6,-17837.4,13126.6,20827.2,1319.6,0.0,0.0,28243.3,-23500.7,0,0
129.7167,22111.814,-15777.624,21711.814,16375.079,348.277,-256.323,432.433,2.34,-1.947,38,36.35,1.65,0.0989,0.0014,0.3639,216.65,295.12,1.4653,12059.8,2859.84,3557.0,89.37,2.7477,129000,101653.4,-79420.3,-55573.0,-75510.6,-17858.9,13143.5,20856.5,1317.6,0.0,0.0,28221.4,-23480.3,0,0
129.8167,22146.656,-15803.268,21746.656,16400.723,348.511,-256.518,432.737,2.338,-1.945,38,36.35,1.65,0.0988,0.0014,0.3639,216.65,295.12,1.4663,12059.6,2859.57,3556.7,89.36,2.7477,129000,101653.4,-79420.3,-55573.4,-75504.5,-17880.4,13160.5,20885.9,1315.6,0.0,0.0,28199.6,-23460.0,0,0
129.9167,22181.52,-15828.931,21781.52,16426.386,348.745,-256.712,433.041,2.337,-1.944,38,36.36,1.64,0.0986,0.0014,0.3639,216.65,295.12,1.4674,12059.3,2859.29,3556.3,89.35,2.7477,129000,101653.4,-79420.3,-55573.8,-75498.4,-17901.8,13177.4,20915.2,1313.6,0.0,0.0,28177.7,-23439.7,0,0
130.0167,22216.409,-15854.613,21816.409,16452.068,348.978,-256.907,433.344,2.335,-1.942,38,36.36,1.64,0.0985,0.0014,0.3639,216.65,295.12,1.4684,12059.0,2859.02,3556.0,89.34,2.7477,129000,101653.4,-79420.3,-55574.2,-75492.4,-17923.3,13194.4,20944.5,1311.7,0.0,0.0,28155.9,-23419.4,0,0
130.1167,22251.32,-15880.315,21851.32,16477.77,349.212,-257.101,433.647,2.333,-1.94,38,36.36,1.64,0.0983,0.0014,0.3639,216.65,295.12,1.4694,12058.7,2858.74,3555.6,89.34,2.7477,129000,101653.4,-79420.3,-55574.6,-75486.3,-17944.8,13211.3,20973.8,1309.7,0.0,0.0,28134.0,-23399.1,0,0
130.2167,22286.255,-15906.037,21886.255,16503.492,349.445,-257.295,433.95,2.331,-1.939,38,36.36,1.64,0.0982,0.0014,0.3639,216.65,295.12,1.4704,12058.5,2858.47,3555.3,89.33,2.7477,129000,101653.4,-79420.3,-55575.0,-75480.3,-17966.3,13228.3,21003.1,1307.8,0.0,0.0,28112.1,-23378.8,0,0
130.3167,22321.213,-15931.778,21921.213,16529.233,349.678,-257.488,434.252,2.33,-1.937,38,36.37,1.63,0.098,0.0014,0.3639,216.65,295.12,1.4715,12058.2,2858.19,3555.0,89.32,2.7477,129000,101653.4,-79420.3,-55575.4,-75474.3,-17987.7,13245.2,21032.4,1305.8,0.0,0.0,28090.3,-23358.5,0,0
130.4167,22356.194,-15957.538,21956.194,16554.993,349.911,-257.682,434.555,2.328,-1.936,38,36.37,1.63,0.0979,0.0014,0.3639,216.65,295.12,1.4725,12057.9,2857.92,3554.6,89.31,2.7477,129000,101653.4,-79420.3,-55575.7,-75468.3,-18009.2,13262.2,21061.7,1303.9,0.0,0.0,28068.4,-23338.3,0,0
130.5167,22391.199,-15983.317,21991.199,16580.772,350.144,-257.875,434.857,2.326,-1.934,38,36.37,1.63,0.0978,0.0014,0.3639,216.65,295.12,1.4735,12057.6,2857.64,3554.3,89.3,2.7477,129000,101653.4,-79420.3,-55576.1,-75462.3,-18030.7,13279.2,21091.0,1301.9,0.0,0.0,28046.6,-23318.0,0,0
130.6167,22426.227,-16009.116,22026.227,16606.571,350.376,-258.069,435.158,2.324,-1.932,38,36.37,1.63,0.0976,0.0014,0.3639,216.65,295.12,1.4745,12057.4,2857.37,3553.9,89.29,2.7477,129000,101653.4,-79420.3,-55576.4,-75456.4,-18052.2,13296.1,21120.3,1300.0,0.0,0.0,28024.7,-23297.8,0,0
130.7167,22461.278,-16034.934,22061.278,16632.389,350.608,-258.262,435.46,2.323,-1.931,38,36.38,1.62,0.0975,0.0014,0.3639,216.65,295.12,1.4756,12057.1,2857.09,3553.6,89.28,2.7477,129000,101653.4,-79420.3,-55576.8,-75450.4,-18073.7,13313.1,21149.6,1298.1,0.0,0.0,28002.9,-23277.6,0,0
130.8167,22496.352,-16060.772,22096.352,16658.227,350.841,-258.455,435.761,2.321,-1.929,38,36.38,1.62,0.0973,0.0013,0.3639,216.65,295.12,1.4766,12056.8,2856.82,3553.3,89.28,2.7477,129000,101653.4,-79420.3,-55577.1,-75444.5,-18095.2,13330.1,21178.9,1296.1,0.0,0.0,27981.1,-23257.4,0,0
130.9167,22531.45,-16086.628,22131.45,16684.083,351.073,-258.648,436.063,2.319,-1.927,38,36.38,1.62,0.0972,0.0013,0.3639,216.65,295.12,1.4776,12056.5,2856.54,3552.9,89.27,2.7477,129000,101653.4,-79420.3,-55577.5,-75438.5,-18116.7,13347.0,21208.2,1294.2,0.0,0.0,27959.2,-23237.2,0,0
131.0167,22566.571,-16112.504,22166.571,16709.959,351.304,-258.84,436.363,2.317,-1.926,38,36.38,1.62,0.0971,0.0013,0.3639,216.65,295.12,1.4786,12056.3,2856.27,3552.6,89.26,2.7477,129000,101653.4,-79420.3,-55577.8,-75432.6,-18138.2,13364.0,21237.5,1292.3,0.0,0.0,27937.4,-23217.0,0,0
131.1167,22601.715,-16138.4,22201.715,16735.855,351.536,-259.033,436.664,2.315,-1.924,38,36.38,1.62,0.0969,0.0013,0.3639,216.65,295.12,1.4796,12056.0,2855.99,3552.2,89.25,2.7477,129000,101653.4,-79420.3,-55578.2,-75426.7,-18159.7,13381.0,21266.7,1290.4,0.0,0.0,27915.5,-23196.8,0,0
131.2167,22636.882,-16164.314,22236.882,16761.769,351.767,-259.225,436.964,2.314,-1.922,38,36.39,1.61,0.0968,0.0013,0.3639,216.65,295.12,1.4806,12055.7,2855.72,3551.9,89.24,2.7477,129000,101653.4,-79420.3,-55578.5,-75420.8,-18181.2,13397.9,21296.0,1288.5,0.0,0.0,27893.7,-23176.6,0,0
131.3167,22672.072,-16190.248,22272.072,16787.703,351.999,-259.417,437.265,2.312,-1.921,38,36.39,1.61,0.0966,0.0013,0.3639,216.65,295.12,1.4817,12055.4,2855.44,3551.5,89.23,2.7477,129000,101653.4,-79420.3,-55578.8,-75415.0,-18202.7,13414.9,21325.3,1286.6,0.0,0.0,27871.9,-23156.5,0,0
131.4167,22707.285,-16216.201,22307.285,16813.656,352.23,-259.609,437.565,2.31,-1.919,38,36.39,1.61,0.0965,0.0013,0.3639,216.65,295.12,1.4827,12055.2,2855.17,3551.2,89.22,2.7477,129000,101653.4,-79420.3,-55579.1,-75409.1,-18224.2,13431.9,21354.6,1284.7,0.0,0.0,27850.0,-23136.3,0,0
131.5167,22742.522,-16242.173,22342.522,16839.628,352.461,-259.801,437.864,2.308,-1.918,38,36.39,1.61,0.0964,0.0013,0.3639,216.65,295.12,1.4837,12054.9,2854.89,3550.9,89.22,2.7477,129000,101653.4,-79420.3,-55579.4,-75403.2,-18245.7,13448.9,21383.8,1282.8,0.0,0.0,27828.2,-23116.2,0,0
131.6,22771.903,-16263.831,22371.903,16861.286,352.653,-259.961,438.114,2.307,-1.916,38,36.4,1.6,0.0963,0.0013,0.3639,216.65,295.12,1.4845,12054.7,2854.67,3550.6,89.21,2.7477,129000,101653.4,-79420.3,-55579.7,-75398.4,-18263.6,13463.0,21408.2,1281.3,0.0,0.0,27810.0,-23099.4,0,0
131.7,22807.182,-16289.838,22407.182,16887.293,352.884,-260.152,438.413,2.305,-1.915,38,36.4,1.6,0.0961,0.0013,0.3639,216.65,295.12,1.4856,12054.4,2854.39,3550.2,89.2,2.7477,129000,101653.4,-79420.3,-55580.0,-75392.5,-18285.2,13480.0,21437.5,1279.4,0.0,0.0,27788.2,-23079.3,0,0
131.8,22842.484,-16315.865,22442.484,16913.32,353.114,-260.344,438.712,2.303,-1.913,38,36.4,1.6,0.096,0.0013,0.3639,216.65,295.12,1.4866,12054.1,2854.12,3549.9,89.19,2.7477,129000,101653.4,-79420.3,-55580.3,-75386.7,-18306.7,13497.0,21466.7,1277.5,0.0,0.0,27766.4,-23059.2,0,0
131.9,22877.809,-16341.91,22477.809,16939.365,353.344,-260.535,439.011,2.302,-1.911,38,36.4,1.6,0.0959,0.0013,0.3639,216.65,295.12,1.4876,12053.8,2853.84,3549.6,89.18,2.7477,129000,101653.4,-79420.3,-55580.6,-75380.9,-18328.2,13513.9,21496.0,1275.7,0.0,0.0,27744.6,-23039.1,0,0
132.0,22913.156,-16367.975,22513.156,16965.43,353.574,-260.726,439.309,2.3,-1.91,38,36.4,1.6,0.0957,0.0013,0.3639,216.65,295.12,1.4886,12053.6,2853.57,3549.2,89.17,2.7477,129000,101653.4,-79420.3,-55580.9,-75375.1,-18349.7,13530.9,21525.3,1273.8,0.0,0.0,27722.8,-23019.1,0,0
132.1,22948.527,-16394.058,22548.527,16991.513,353.804,-260.917,439.608,2.298,-1.908,38,36.41,1.59,0.0956,0.0013,0.3639,216.65,295.12,1.4896,12053.3,2853.29,3548.9,89.17,2.7477,129000,101653.4,-79420.3,-55581.2,-75369.3,-18371.2,13547.9,21554.5,1272.0,0.0,0.0,27701.0,-22999.0,0,0
132.2,22983.921,-16420.161,22583.921,17017.616,354.034,-261.108,439.906,2.296,-1.906,38,36.41,1.59,0.0954,0.0013,0.3639,216.65,295.12,1.4906,12053.0,2853.02,3548.5,89.16,2.7477,129000,101653.4,-79420.3,-55581.5,-75363.6,-18392.8,13564.9,21583.8,1270.1,0.0,0.0,27679.1,-22978.9,0,0
132.3,23019.338,-16446.283,22619.338,17043.738,354.263,-261.298,440.204,2.295,-1.905,38,36.41,1.59,0.0953,0.0013,0.3639,216.65,295.12,1.4916,12052.7,2852.74,3548.2,89.15,2.7477,129000,101653.4,-79420.3,-55581.8,-75357.8,-18414.3,13581.9,21613.0,1268.3,0.0,0.0,27657.3,-22958.9,0,0
132.4,23054.778,-16472.424,22654.778,17069.879,354.493,-261.488,440.501,2.293,-1.903,38,36.41,1.59,0.0952,0.0013,0.3639,216.65,295.12,1.4926,12052.5,2852.47,3547.8,89.14,2.7477,129000,101653.4,-79420.3,-55582.0,-75352.1,-18435.8,13598.8,21642.2,1266.5,0.0,0.0,27635.5,-22938.9,0,0
132.5,23090.24,-16498.584,22690.24,17096.039,354.722,-261.679,440.799,2.291,-1.902,38,36.42,1.58,0.095,0.0013,0.3639,216.65,295.12,1.4936,12052.2,2852.19,3547.5,89.13,2.7477,129000,101653.4,-79420.3,-55582.3,-75346.3,-18457.4,13615.8,21671.5,1264.6,0.0,0.0,27613.7,-22918.8,0,0
132.6,23125.726,-16524.763,22725.726,17122.218,354.951,-261.869,441.096,2.289,-1.9,38,36.42,1.58,0.0949,0.0013,0.3639,216.65,295.12,1.4946,12051.9,2851.92,3547.2,89.12,2.7477,129000,101653.4,-79420.3,-55582.6,-75340.6,-18478.9,13632.8,21700.7,1262.8,0.0,0.0,27591.9,-22898.8,0,0
132.7,23161.234,-16550.961,22761.234,17148.416,355.18,-262.059,441.393,2.288,-1.898,38,36.42,1.58,0.0948,0.0013,0.3639,216.65,295.12,1.4957,12051.6,2851.64,3546.8,89.11,2.7477,129000,101653.4,-79420.3,-55582.8,-75334.9,-18500.4,13649.8,21729.9,1261.0,0.0,0.0,27570.1,-22878.8,0,0
132.8,23196.766,-16577.178,22796.766,17174.633,355.409,-262.248,441.689,2.286,-1.897,38,36.42,1.58,0.0947,0.0013,0.3639,216.65,295.12,1.4967,12051.4,2851.37,3546.5,89.11,2.7477,129000,101653.4,-79420.3,-55583.1,-75329.2,-18522.0,13666.8,21759.2,1259.2,0.0,0.0,27548.4,-22858.8,0,0
132.9,23232.32,-16603.414,22832.32,17200.869,355.637,-262.438,441.986,2.284,-1.895,38,36.42,1.58,0.0945,0.0013,0.3639,216.65,295.12,1.4977,12051.1,2851.09,3546.1,89.1,2.7477,129000,101653.4,-79420.3,-55583.3,-75323.5,-18543.5,13683.8,21788.4,1257.4,0.0,0.0,27526.6,-22838.9,0,0
133.0,23267.897,-16629.669,22867.897,17227.124,355.865,-262.627,442.282,2.282,-1.894,38,36.43,1.57,0.0944,0.0013,0.3639,216.65,295.12,1.4987,12050.8,2850.82,3545.8,89.09,2.7477,129000,101653.4,-79420.3,-55583.6,-75317.9,-18565.0,13700.7,21817.6,1255.6,0.0,0.0,27504.8,-22818.9,0,0
133.1,23303.497,-16655.942,22903.497,17253.397,356.093,-262.817,442.578,2.281,-1.892,38,36.43,1.57,0.0943,0.0013,0.3639,216.65,295.12,1.4997,12050.5,2850.54,3545.5,89.08,2.7477,129000,101653.4,-79420.3,-55583.8,-75312.2,-18586.6,13717.7,21846.8,1253.8,0.0,0.0,27483.0,-22799.0,0,0
133.2,23339.119,-16682.235,22939.119,17279.69,356.321,-263.006,442.874,2.279,-1.89,38,36.43,1.57,0.0941,0.0013,0.3639,216.65,295.12,1.5007,12050.3,2850.27,3545.1,89.07,2.7477,129000,101653.4,-79420.3,-55584.1,-75306.5,-18608.1,13734.7,21876.0,1252.0,0.0,0.0,27461.2,-22779.0,0,0
133.3,23374.765,-16708.547,22974.765,17306.002,356.549,-263.195,443.169,2.277,-1.889,38,36.43,1.57,0.094,0.0013,0.3639,216.65,295.12,1.5017,12050.0,2849.99,3544.8,89.06,2.7477,129000,101653.4,-79420.3,-55584.3,-75300.9,-18629.6,13751.7,21905.2,1250.2,0.0,0.0,27439.4,-22759.1,0,0
133.4,23410.433,-16734.877,23010.433,17332.332,356.777,-263.384,443.464,2.275,-1.887,38,36.44,1.56,0.0939,0.0013,0.3639,216.65,295.12,1.5027,12049.7,2849.72,3544.4,89.05,2.7477,129000,101653.4,-79420.3,-55584.5,-75295.3,-18651.2,13768.7,21934.4,1248.4,0.0,0.0,27417.7,-22739.2,0,0
133.5,23446.124,-16761.227,23046.124,17358.682,357.004,-263.572,443.759,2.274,-1.886,38,36.44,1.56,0.0937,0.0012,0.3639,216.65,295.12,1.5037,12049.4,2849.45,3544.1,89.05,2.7477,129000,101653.4,-79420.3,-55584.8,-75289.7,-18672.7,13785.7,21963.6,1246.6,0.0,0.0,27395.9,-22719.3,0,0
133.6,23481.838,-16787.595,23081.838,17385.05,357.232,-263.761,444.054,2.272,-1.884,38,36.44,1.56,0.0936,0.0012,0.3639,216.65,295.12,1.5047,12049.2,2849.17,3543.7,89.04,2.7477,129000,101653.4,-79420.3,-55585.0,-75284.1,-18694.3,13802.7,21992.8,1244.9,0.0,0.0,27374.1,-22699.4,0,0
133.7,23517.574,-16813.982,23117.574,17411.437,357.459,-263.949,444.349,2.27,-1.882,38,36.44,1.56,0.0935,0.0012,0.3639,216.65,295.12,1.5057,12048.9,2848.9,3543.4,89.03,2.7477,129000,101653.4,-79420.3,-55585.2,-75278.5,-18715.8,13819.7,22022.0,1243.1,0.0,0.0,27352.4,-22679.5,0,0
133.8,23553.333,-16840.388,23153.333,17437.843,357.686,-264.137,444.643,2.268,-1.881,38,36.44,1.56,0.0934,0.0012,0.3639,216.65,295.12,1.5067,12048.6,2848.62,3543.1,89.02,2.7477,129000,101653.4,-79420.3,-55585.4,-75272.9,-18737.4,13836.7,22051.2,1241.3,0.0,0.0,27330.6,-22659.6,0,0
133.9,23589.115,-16866.812,23189.115,17464.267,357.912,-264.325,444.937,2.267,-1.879,38,36.45,1.55,0.0932,0.0012,0.3639,216.65,295.12,1.5077,12048.3,2848.35,3542.7,89.01,2.7477,129000,101653.4,-79420.3,-55585.6,-75267.3,-18758.9,13853.6,22080.4,1239.6,0.0,0.0,27308.8,-22639.7,0,0
134.0,23624.919,-16893.256,23224.919,17490.711,358.139,-264.513,445.231,2.265,-1.877,38,36.45,1.55,0.0931,0.0012,0.3639,216.65,295.12,1.5087,12048.1,2848.07,3542.4,89.0,2.7477,129000,101653.4,-79420.3,-55585.8,-75261.8,-18780.5,13870.6,22109.6,1237.8,0.0,0.0,27287.1,-22619.9,0,0
134.1,23660.746,-16919.718,23260.746,17517.173,358.365,-264.7,445.524,2.263,-1.876,38,36.45,1.55,0.093,0.0012,0.3639,216.65,295.12,1.5097,12047.8,2847.8,3542.0,88.99,2.7477,129000,101653.4,-79420.3,-55586.0,-75256.2,-18802.0,13887.6,22138.7,1236.1,0.0,0.0,27265.3,-22600.0,0,0
134.2,23696.596,-16946.199,23296.596,17543.654,358.591,-264.888,445.818,2.261,-1.874,38,36.45,1.55,0.0928,0.0012,0.3639,216.65,295.12,1.5106,12047.5,2847.52,3541.7,88.99,2.7477,129000,101653.4,-79420.3,-55586.2,-75250.7,-18823.6,13904.6,22167.9,1234.3,0.0,0.0,27243.6,-22580.2,0,0
134.3,23732.468,-16972.699,23332.468,17570.154,358.817,-265.075,446.111,2.26,-1.873,38,36.45,1.55,0.0927,0.0012,0.3639,216.65,295.12,1.5116,12047.2,2847.25,3541.4,88.98,2.7477,129000,101653.4,-79420.3,-55586.4,-75245.2,-18845.1,13921.6,22197.1,1232.6,0.0,0.0,27221.8,-22560.4,0,0
134.4,23768.363,-16999.217,23368.363,17596.672,359.043,-265.262,446.404,2.258,-1.871,38,36.46,1.54,0.0926,0.0012,0.3639,216.65,295.12,1.5126,12047.0,2846.97,3541.0,88.97,2.7477,129000,101653.4,-79420.3,-55586.6,-75239.6,-18866.7,13938.6,22226.2,1230.9,0.0,0.0,27200.1,-22540.6,0,0
134.5,23804.281,-17025.754,23404.281,17623.209,359.269,-265.449,446.696,2.256,-1.869,38,36.46,1.54,0.0925,0.0012,0.3639,216.65,295.12,1.5136,12046.7,2846.7,3540.7,88.96,2.7477,129000,101653.4,-79420.3,-55586.8,-75234.1,-18888.2,13955.6,22255.4,1229.1,0.0,0.0,27178.4,-22520.8,0,0
134.6,23840.221,-17052.31,23440.221,17649.765,359.494,-265.636,446.989,2.254,-1.868,38,36.46,1.54,0.0923,0.0012,0.3639,216.65,295.12,1.5146,12046.4,2846.42,3540.3,88.95,2.7477,129000,101653.4,-79420.3,-55587.0,-75228.6,-18909.8,13972.6,22284.6,1227.4,0.0,0.0,27156.6,-22501.0,0,0
134.7,23876.184,-17078.885,23476.184,17676.34,359.72,-265.823,447.281,2.253,-1.866,38,36.46,1.54,0.0922,0.0012,0.3639,216.65,295.12,1.5156,12046.1,2846.15,3540.0,88.94,2.7477,129000,101653.4,-79420.3,-55587.1,-75223.2,-18931.3,13989.6,22313.7,1225.7,0.0,0.0,27134.9,-22481.2,0,0
134.8,23912.169,-17105.478,23512.169,17702.933,359.945,-266.01,447.573,2.251,-1.865,38,36.47,1.53,0.0921,0.0012,0.3639,216.65,295.12,1.5166,12045.9,2845.87,3539.6,88.93,2.7477,129000,101653.4,-79420.3,-55587.3,-75217.7,-18952.9,14006.6,22342.9,1224.0,0.0,0.0,27113.2,-22461.5,0,0
134.9,23948.176,-17132.09,23548.176,17729.545,360.17,-266.196,447.865,2.249,-1.863,38,36.47,1.53,0.092,0.0012,0.3639,216.65,295.12,1.5176,12045.6,2845.6,3539.3,88.92,2.7477,129000,101653.4,-79420.3,-55587.5,-75212.2,-18974.5,14023.5,22372.0,1222.3,0.0,0.0,27091.5,-22441.7,0,0
135.0,23984.206,-17158.72,23584.206,17756.175,360.395,-266.382,448.156,2.247,-1.861,38,36.47,1.53,0.0918,0.0012,0.3639,216.65,295.12,1.5186,12045.3,2845.32,3539.0,88.92,2.7477,129000,101653.4,-79420.3,-55587.6,-75206.8,-18996.0,14040.5,22401.1,1220.6,0.0,0.0,27069.7,-22422.0,0,0
135.1,24020.259,-17185.369,23620.259,17782.824,360.619,-266.568,448.447,2.246,-1.86,38,36.47,1.53,0.0917,0.0012,0.3639,216.65,295.12,1.5196,12045.0,2845.05,3538.6,88.91,2.7477,129000,101653.4,-79420.3,-55587.8,-75201.4,-19017.6,14057.5,22430.3,1218.9,0.0,0.0,27048.0,-22402.2,0,0
135.2,24056.334,-17212.037,23656.334,17809.492,360.844,-266.754,448.738,2.244,-1.858,38,36.47,1.53,0.0916,0.0012,0.3639,216.65,295.12,1.5205,12044.8,2844.77,3538.3,88.9,2.7477,129000,101653.4,-79420.3,-55588.0,-75195.9,-19039.1,14074.5,22459.4,1217.2,0.0,0.0,27026.3,-22382.5,0,0
135.3,24092.431,-17238.723,23692.431,17836.178,361.068,-266.94,449.029,2.242,-1.857,38,36.48,1.52,0.0915,0.0012,0.3639,216.65,295.12,1.5215,12044.5,2844.5,3537.9,88.89,2.7477,129000,101653.4,-79420.3,-55588.1,-75190.5,-19060.7,14091.5,22488.5,1215.5,0.0,0.0,27004.6,-22362.8,0,0
135.4,24128.551,-17265.428,23728.551,17862.883,361.292,-267.125,449.32,2.24,-1.855,38,36.48,1.52,0.0914,0.0012,0.3639,216.65,295.12,1.5225,12044.2,2844.22,3537.6,88.88,2.7477,129000,101653.4,-79420.3,-55588.3,-75185.1,-19082.2,14108.5,22517.6,1213.8,0.0,0.0,26982.9,-22343.1,0,0
135.5,24164.694,-17292.151,23764.694,17889.606,361.516,-267.311,449.61,2.239,-1.853,38,36.48,1.52,0.0912,0.0012,0.3639,216.65,295.12,1.5235,12043.9,2843.95,3537.3,88.87,2.7477,129000,101653.4,-79420.3,-55588.4,-75179.7,-19103.8,14125.5,22546.7,1212.1,0.0,0.0,26961.2,-22323.4,0,0
135.6,24200.858,-17318.893,23800.858,17916.348,361.74,-267.496,449.9,2.237,-1.852,38,36.48,1.52,0.0911,0.0012,0.3639,216.65,295.12,1.5245,12043.7,2843.67,3536.9,88.86,2.7477,129000,101653.4,-79420.3,-55588.5,-75174.3,-19125.4,14142.5,22575.8,1210.5,0.0,0.0,26939.5,-22303.8,0,0
135.7,24237.045,-17345.654,23837.045,17943.109,361.964,-267.681,450.19,2.235,-1.85,38,36.48,1.52,0.091,0.0012,0.3639,216.65,295.12,1.5255,12043.4,2843.4,3536.6,88.86,2.7477,129000,101653.4,-79420.3,-55588.7,-75169.0,-19146.9,14159.5,22604.9,1208.8,0.0,0.0,26917.8,-22284.1,0,0
135.8,24273.255,-17372.432,23873.255,17969.887,362.187,-267.866,450.479,2.233,-1.849,38,36.49,1.51,0.0909,0.0012,0.3639,216.65,295.12,1.5264,12043.1,2843.13,3536.2,88.85,2.7477,129000,101653.4,-79420.3,-55588.8,-75163.6,-19168.5,14176.4,22634.0,1207.1,0.0,0.0,26896.1,-22264.4,0,0
135.9,24309.486,-17399.23,23909.486,17996.685,362.41,-268.051,450.769,2.232,-1.847,38,36.49,1.51,0.0907,0.0012,0.3639,216.65,295.12,1.5274,12042.9,2842.85,3535.9,88.84,2.7477,129000,101653.4,-79420.3,-55588.9,-75158.3,-19190.0,14193.4,22663.1,1205.5,0.0,0.0,26874.4,-22244.8,0,0
136.0,24345.74,-17426.046,23945.74,18023.501,362.633,-268.235,451.058,2.23,-1.846,38,36.49,1.51,0.0906,0.0012,0.3639,216.65,295.12,1.5284,12042.6,2842.58,3535.5,88.83,2.7477,129000,101653.4,-79420.3,-55589.0,-75152.9,-19211.6,14210.4,22692.2,1203.8,0.0,0.0,26852.7,-22225.2,0,0
136.1,24382.017,-17452.88,23982.017,18050.335,362.856,-268.42,451.347,2.228,-1.844,38,36.49,1.51,0.0905,0.0012,0.3639,216.65,295.12,1.5294,12042.3,2842.3,3535.2,88.82,2.7477,129000,101653.4,-79420.3,-55589.2,-75147.6,-19233.2,14227.4,22721.3,1202.2,0.0,0.0,26831.1,-22205.5,0,0
136.2,24418.315,-17479.733,24018.315,18077.188,363.079,-268.604,451.635,2.226,-1.842,38,36.49,1.51,0.0904,0.0012,0.3639,216.65,295.12,1.5304,12042.0,2842.03,3534.9,88.81,2.7477,129000,101653.4,-79420.3,-55589.3,-75142.3,-19254.7,14244.4,22750.4,1200.5,0.0,0.0,26809.4,-22185.9,0,0
136.3,24454.636,-17506.604,24054.636,18104.059,363.301,-268.788,451.924,2.225,-1.841,38,36.5,1.5,0.0903,0.0012,0.3639,216.65,295.12,1.5313,12041.8,2841.75,3534.5,88.8,2.7477,129000,101653.4,-79420.3,-55589.4,-75137.0,-19276.3,14261.4,22779.5,1198.9,0.0,0.0,26787.7,-22166.3,0,0
136.4,24490.979,-17533.494,24090.979,18130.949,363.524,-268.972,452.212,2.223,-1.839,38,36.5,1.5,0.0901,0.0012,0.3639,216.65,295.12,1.5323,12041.5,2841.48,3534.2,88.8,2.7477,129000,101653.4,-79420.3,-55589.5,-75131.7,-19297.8,14278.4,22808.5,1197.3,0.0,0.0,26766.1,-22146.7,0,0
136.5,24527.345,-17560.401,24127.345,18157.856,363.746,-269.156,452.5,2.221,-1.838,38,36.5,1.5,0.09,0.0012,0.3639,216.65,295.12,1.5333,12041.2,2841.2,3533.8,88.79,2.7477,129000,101653.4,-79420.3,-55589.6,-75126.4,-19319.4,14295.3,22837.6,1195.6,0.0,0.0,26744.4,-22127.2,0,0
136.6,24563.732,-17587.328,24163.732,18184.783,363.968,-269.34,452.788,2.219,-1.836,38,36.5,1.5,0.0899,0.0011,0.3639,216.65,295.12,1.5343,12040.9,2840.93,3533.5,88.78,2.7477,129000,101653.4,-79420.3,-55589.7,-75121.1,-19340.9,14312.3,22866.6,1194.0,0.0,0.0,26722.7,-22107.6,0,0
136.7,24600.142,-17614.273,24200.142,18211.728,364.19,-269.523,453.075,2.218,-1.834,38,36.5,1.5,0.0898,0.0011,0.3639,216.65,295.12,1.5352,12040.7,2840.65,3533.1,88.77,2.7477,129000,101653.4,-79420.3,-55589.8,-75115.8,-19362.5,14329.3,22895.7,1192.4,0.0,0.0,26701.1,-22088.1,0,0
136.8,24636.574,-17641.236,24236.574,18238.691,364.411,-269.707,453.362,2.216,-1.833,38,36.51,1.49,0.0897,0.0011,0.3639,216.65,295.12,1.5362,12040.4,2840.38,3532.8,88.76,2.7477,129000,101653.4,-79420.3,-55589.9,-75110.6,-19384.1,14346.3,22924.7,1190.8,0.0,0.0,26679.4,-22068.5,0,0
136.9,24673.028,-17668.217,24273.028,18265.672,364.633,-269.89,453.649,2.214,-1.831,38,36.51,1.49,0.0896,0.0011,0.3639,216.65,295.12,1.5372,12040.1,2840.1,3532.5,88.75,2.7477,129000,101653.4,-79420.3,-55590.0,-75105.3,-19405.6,14363.3,22953.8,1189.2,0.0,0.0,26657.8,-22049.0,0,0
137.0,24709.504,-17695.217,24309.504,18292.672,364.854,-270.073,453.936,2.212,-1.83,38,36.51,1.49,0.0894,0.0011,0.3639,216.65,295.12,1.5382,12039.8,2839.83,3532.1,88.74,2.7477,129000,101653.4,-79420.3,-55590.1,-75100.1,-19427.2,14380.2,22982.8,1187.5,0.0,0.0,26636.1,-22029.5,0,0
137.1,24746.002,-17722.235,24346.002,18319.69,365.075,-270.256,454.223,2.211,-1.828,38,36.51,1.49,0.0893,0.0011,0.3639,216.65,295.12,1.5391,12039.6,2839.55,3531.8,88.74,2.7477,129000,101653.4,-79420.3,-55590.1,-75094.9,-19448.7,14397.2,23011.9,1185.9,0.0,0.0,26614.5,-22009.9,0,0
137.2,24782.523,-17749.271,24382.523,18346.726,365.296,-270.439,454.509,2.209,-1.827,38,36.51,1.49,0.0892,0.0011,0.3639,216.65,295.12,1.5401,12039.3,2839.28,3531.4,88.73,2.7477,129000,101653.4,-79420.3,-55590.2,-75089.6,-19470.3,14414.2,23040.9,1184.3,0.0,0.0,26592.9,-21990.4,0,0
137.3,24819.065,-17776.325,24419.065,18373.78,365.517,-270.621,454.795,2.207,-1.825,38,36.52,1.48,0.0891,0.0011,0.3639,216.65,295.12,1.5411,12039.0,2839.0,3531.1,88.72,2.7477,129000,101653.4,-79420.3,-55590.3,-75084.4,-19491.8,14431.2,23069.9,1182.7,0.0,0.0,26571.2,-21971.0,0,0
137.4,24855.63,-17803.398,24455.63,18400.853,365.738,-270.804,455.081,2.205,-1.823,38,36.52,1.48,0.089,0.0011,0.3639,216.65,295.12,1.542,12038.7,2838.73,3530.8,88.71,2.7477,129000,101653.4,-79420.3,-55590.4,-75079.2,-19513.4,14448.2,23098.9,1181.2,0.0,0.0,26549.6,-21951.5,0,0
137.5,24892.216,-17830.489,24492.216,18427.944,365.958,-270.986,455.366,2.204,-1.822,38,36.52,1.48,0.0889,0.0011,0.3639,216.65,295.12,1.543,12038.5,2838.45,3530.4,88.7,2.7477,129000,101653.4,-79420.3,-55590.4,-75074.1,-19535.0,14465.1,23127.9,1179.6,0.0,0.0,26528.0,-21932.0,0,0
137.6,24928.825,-17857.598,24528.825,18455.053,366.178,-271.168,455.652,2.202,-1.82,38,36.52,1.48,0.0887,0.0011,0.3639,216.65,295.12,1.544,12038.2,2838.18,3530.1,88.69,2.7477,129000,101653.4,-79420.3,-55590.5,-75068.9,-19556.5,14482.1,23156.9,1178.0,0.0,0.0,26506.4,-21912.6,0,0
137.7,24965.456,-17884.726,24565.456,18482.181,366.398,-271.35,455.937,2.2,-1.819,38,36.52,1.48,0.0886,0.0011,0.3639,216.65,295.12,1.5449,12037.9,2837.9,3529.7,88.68,2.7477,129000,101653.4,-79420.3,-55590.6,-75063.7,-19578.1,14499.1,23185.9,1176.4,0.0,0.0,26484.8,-21893.1,0,0
137.8,25002.108,-17911.871,24602.108,18509.326,366.618,-271.532,456.222,2.198,-1.817,38,36.52,1.48,0.0885,0.0011,0.3639,216.65,295.12,1.5459,12037.6,2837.63,3529.4,88.68,2.7477,129000,101653.4,-79420.3,-55590.6,-75058.6,-19599.6,14516.1,23214.9,1174.8,0.0,0.0,26463.2,-21873.7,0,0
137.9,25038.783,-17939.035,24638.783,18536.49,366.838,-271.713,456.507,2.197,-1.816,38,36.53,1.47,0.0884,0.0011,0.3639,216.65,295.12,1.5469,12037.4,2837.36,3529.0,88.67,2.7477,129000,101653.4,-79420.3,-55590.7,-75053.4,-19621.2,14533.0,23243.9,1173.3,0.0,0.0,26441.6,-21854.3,0,0
138.0,25075.48,-17966.217,24675.48,18563.672,367.058,-271.895,456.791,2.195,-1.814,38,36.53,1.47,0.0883,0.0011,0.3639,216.65,295.12,1.5478,12037.1,2837.08,3528.7,88.66,2.7477,129000,101653.4,-79420.3,-55590.7,-75048.3,-19642.7,14550.0,23272.9,1171.7,0.0,0.0,26420.0,-21834.8,0,0
138.1,25112.198,-17993.417,24712.198,18590.872,367.277,-272.076,457.075,2.193,-1.812,38,36.53,1.47,0.0882,0.0011,0.3639,216.65,295.12,1.5488,12036.8,2836.81,3528.4,88.65,2.7477,129000,101653.4,-79420.3,-55590.7,-75043.1,-19664.3,14567.0,23301.9,1170.1,0.0,0.0,26398.4,-21815.4,0,0
138.2,25148.939,-18020.635,24748.939,18618.09,367.496,-272.257,457.359,2.191,-1.811,38,36.53,1.47,0.0881,0.0011,0.3639,216.65,295.12,1.5498,12036.5,2836.53,3528.0,88.64,2.7477,129000,101653.4,-79420.3,-55590.8,-75038.0,-19685.8,14583.9,23330.8,1168.6,0.0,0.0,26376.8,-21796.0,0,0
138.3,25185.701,-18047.871,24785.701,18645.326,367.715,-272.438,457.643,2.19,-1.809,38,36.53,1.47,0.0879,0.0011,0.3639,216.65,295.12,1.5507,12036.3,2836.26,3527.7,88.63,2.7477,129000,101653.4,-79420.3,-55590.8,-75032.9,-19707.4,14600.9,23359.8,1167.0,0.0,0.0,26355.2,-21776.7,0,0
138.4,25222.485,-18075.126,24822.485,18672.581,367.934,-272.619,457.926,2.188,-1.808,38,36.54,1.46,0.0878,0.0011,0.3639,216.65,295.12,1.5517,12036.0,2835.98,3527.3,88.62,2.7477,129000,101653.4,-79420.3,-55590.9,-75027.8,-19728.9,14617.9,23388.8,1165.5,0.0,0.0,26333.6,-21757.3,0,0
138.5,25259.292,-18102.398,24859.292,18699.853,368.153,-272.8,458.21,2.186,-1.806,38,36.54,1.46,0.0877,0.0011,0.3639,216.65,295.12,1.5526,12035.7,2835.71,3527.0,88.62,2.7477,129000,101653.4,-79420.3,-55590.9,-75022.7,-19750.4,14634.8,23417.7,1164.0,0.0,0.0,26312.1,-21737.9,0,0
138.6,25296.12,-18129.689,24896.12,18727.144,368.371,-272.98,458.493,2.184,-1.805,38,36.54,1.46,0.0876,0.0011,0.3639,216.65,295.12,1.5536,12035.4,2835.43,3526.7,88.61,2.7477,129000,101653.4,-79420.3,-55590.9,-75017.6,-19772.0,14651.8,23446.7,1162.4,0.0,0.0,26290.5,-21718.6,0,0
138.7,25332.97,-18156.997,24932.97,18754.452,368.59,-273.161,458.776,2.183,-1.803,38,36.54,1.46,0.0875,0.0011,0.3639,216.65,295.12,1.5546,12035.2,2835.16,3526.3,88.6,2.7477,129000,101653.4,-79420.3,-55590.9,-75012.6,-19793.5,14668.8,23475.6,1160.9,0.0,0.0,26268.9,-21699.3,0,0
138.8,25369.841,-18184.324,24969.841,18781.779,368.808,-273.341,459.058,2.181,-1.801,38,36.54,1.46,0.0874,0.0011,0.3639,216.65,295.12,1.5555,12034.9,2834.88,3526.0,88.59,2.7477,129000,101653.4,-79420.3,-55591.0,-75007.5,-19815.1,14685.7,23504.5,1159.3,0.0,0.0,26247.4,-21679.9,0,0
138.9,25406.735,-18211.668,25006.735,18809.123,369.026,-273.521,459.34,2.179,-1.8,38,36.55,1.45,0.0873,0.0011,0.3639,216.65,295.12,1.5565,12034.6,2834.61,3525.6,88.58,2.7477,129000,101653.4,-79420.3,-55591.0,-75002.5,-19836.6,14702.7,23533.5,1157.8,0.0,0.0,26225.8,-21660.6,0,0
139.0,25443.65,-18239.031,25043.65,18836.486,369.244,-273.701,459.623,2.177,-1.798,38,36.55,1.45,0.0872,0.0011,0.3639,216.65,295.12,1.5574,12034.3,2834.33,3525.3,88.57,2.7477,129000,101653.4,-79420.3,-55591.0,-74997.4,-19858.2,14719.6,23562.4,1156.3,0.0,0.0,26204.3,-21641.3,0,0
139.1,25480.587,-18266.411,25080.587,18863.866,369.461,-273.88,459.904,2.176,-1.797,38,36.55,1.45,0.0871,0.0011,0.3639,216.65,295.12,1.5584,12034.1,2834.06,3524.9,88.56,2.7477,129000,101653.4,-79420.3,-55591.0,-74992.4,-19879.7,14736.6,23591.3,1154.8,0.0,0.0,26182.7,-21622.0,0,0
139.2,25517.546,-18293.81,25117.546,18891.265,369.679,-274.06,460.186,2.174,-1.795,38,36.55,1.45,0.0869,0.0011,0.3639,216.65,295.12,1.5593,12033.8,2833.78,3524.6,88.56,2.7477,129000,101653.4,-79420.3,-55591.0,-74987.4,-19901.2,14753.5,23620.2,1153.3,0.0,0.0,26161.2,-21602.7,0,0
139.3,25554.526,-18321.226,25154.526,18918.681,369.896,-274.239,460.468,2.172,-1.794,38,36.55,1.45,0.0868,0.0011,0.3639,216.65,295.12,1.5603,12033.5,2833.51,3524.3,88.55,2.7477,129000,101653.4,-79420.3,-55591.0,-74982.3,-19922.8,14770.5,23649.1,1151.8,0.0,0.0,26139.6,-21583.5,0,0
139.4,25591.529,-18348.661,25191.529,18946.116,370.113,-274.419,460.749,2.17,-1.792,38,36.55,1.45,0.0867,0.0011,0.3639,216.65,295.12,1.5612,12033.2,2833.23,3523.9,88.54,2.7477,129000,101653.4,-79420.3,-55591.0,-74977.3,-19944.3,14787.4,23678.0,1150.3,0.0,0.0,26118.1,-21564.2,0,0
139.5,25628.553,-18376.113,25228.553,18973.568,370.33,-274.598,461.03,2.169,-1.79,38,36.56,1.44,0.0866,0.0011,0.3639,216.65,295.12,1.5622,12033.0,2832.96,3523.6,88.53,2.7477,129000,101653.4,-79420.3,-55591.0,-74972.3,-19965.8,14804.4,23706.9,1148.8,0.0,0.0,26096.6,-21545.0,0,0
139.6,25665.598,-18403.583,25265.598,19001.038,370.547,-274.777,461.31,2.167,-1.789,38,36.56,1.44,0.0865,0.0011,0.3639,216.65,295.12,1.5631,12032.7,2832.68,3523.2,88.52,2.7477,129000,101653.4,-79420.3,-55591.0,-74967.4,-19987.4,14821.3,23735.8,1147.3,0.0,0.0,26075.1,-21525.7,0,0
139.7,25702.666,-18431.072,25302.666,19028.527,370.763,-274.956,461.591,2.165,-1.787,38,36.56,1.44,0.0864,0.0011,0.3639,216.65,295.12,1.5641,12032.4,2832.41,3522.9,88.51,2.7477,129000,101653.4,-79420.3,-55591.0,-74962.4,-20008.9,14838.3,23764.7,1145.8,0.0,0.0,26053.5,-21506.5,0,0
139.8,25739.755,-18458.578,25339.755,19056.033,370.98,-275.134,461.871,2.164,-1.786,38,36.56,1.44,0.0863,0.0011,0.3639,216.65,295.12,1.565,12032.1,2832.13,3522.6,88.5,2.7477,129000,101653.4,-79420.3,-55590.9,-74957.4,-20030.4,14855.2,23793.6,1144.3,0.0,0.0,26032.0,-21487.3,0,0
139.9,25776.865,-18486.101,25376.865,19083.556,371.196,-275.313,462.151,2.162,-1.784,38,36.56,1.44,0.0862,0.0011,0.3639,216.65,295.12,1.566,12031.9,2831.86,3522.2,88.5,2.7477,129000,101653.4,-79420.3,-55590.9,-74952.5,-20051.9,14872.2,23822.4,1142.8,0.0,0.0,26010.5,-21468.1,0,0
140.0,25813.997,-18513.643,25413.997,19111.098,371.412,-275.491,462.431,2.16,-1.783,38,36.57,1.43,0.0861,0.0011,0.3639,216.65,295.12,1.5669,12031.6,2831.58,3521.9,88.49,2.7477,129000,101653.4,-79420.3,-55590.9,-74947.5,-20073.5,14889.1,23851.3,1141.3,0.0,0.0,25989.0,-21448.9,0,0
140.1,25851.151,-18541.203,25451.151,19138.658,371.628,-275.669,462.71,2.158,-1.781,38,36.57,1.43,0.086,0.0011,0.3639,216.65,295.12,1.5679,12031.3,2831.31,3521.5,88.48,2.7477,129000,101653.4,-79420.3,-55590.9,-74942.6,-20095.0,14906.1,23880.1,1139.8,0.0,0.0,25967.5,-21429.7,0,0
140.2,25888.327,-18568.78,25488.327,19166.235,371.844,-275.847,462.99,2.157,-1.78,38,36.57,1.43,0.0859,0.001,0.3639,216.65,295.12,1.5688,12031.0,2831.04,3521.2,88.47,2.7477,129000,101653.4,-79420.3,-55590.8,-74937.6,-20116.5,14923.0,23909.0,1138.4,0.0,0.0,25946.0,-21410.5,0,0
140.3,25925.524,-18596.375,25525.524,19193.83,372.059,-276.025,463.269,2.155,-1.778,38,36.57,1.43,0.0857,0.001,0.3639,216.65,295.12,1.5698,12030.8,2830.76,3520.8,88.46,2.7477,129000,101653.4,-79420.3,-55590.8,-74932.7,-20138.0,14939.9,23937.8,1136.9,0.0,0.0,25924.5,-21391.3,0,0
140.4,25962.742,-18623.988,25562.742,19221.443,372.275,-276.203,463.548,2.153,-1.777,38,36.57,1.43,0.0856,0.001,0.3639,216.65,295.12,1.5707,12030.5,2830.49,3520.5,88.45,2.7477,129000,101653.4,-79420.3,-55590.8,-74927.8,-20159.5,14956.9,23966.7,1135.4,0.0,0.0,25903.1,-21372.2,0,0
140.5,25999.982,-18651.618,25599.982,19249.073,372.49,-276.38,463.826,2.151,-1.775,38,36.57,1.43,0.0855,0.001,0.3639,216.65,295.12,1.5717,12030.2,2830.21,3520.2,88.44,2.7477,129000,101653.4,-79420.3,-55590.7,-74922.9,-20181.1,14973.8,23995.5,1134.0,0.0,0.0,25881.6,-21353.1,0,0
140.6,26037.244,-18679.267,25637.244,19276.722,372.705,-276.558,464.105,2.15,-1.773,38,36.58,1.42,0.0854,0.001,0.3639,216.65,295.12,1.5726,12029.9,2829.94,3519.8,88.44,2.7477,129000,101653.4,-79420.3,-55590.7,-74918.0,-20202.6,14990.7,24024.3,1132.5,0.0,0.0,25860.1,-21333.9,0,0
140.7,26074.527,-18706.933,25674.527,19304.388,372.92,-276.735,464.383,2.148,-1.772,38,36.58,1.42,0.0853,0.001,0.3639,216.65,295.12,1.5736,12029.7,2829.66,3519.5,88.43,2.7477,129000,101653.4,-79420.3,-55590.6,-74913.1,-20224.1,15007.7,24053.1,1131.1,0.0,0.0,25838.7,-21314.8,0,0
140.8,26111.831,-18734.617,25711.831,19332.072,373.135,-276.912,464.661,2.146,-1.77,38,36.58,1.42,0.0852,0.001,0.3639,216.65,295.12,1.5745,12029.4,2829.39,3519.1,88.42,2.7477,129000,101653.4,-79420.3,-55590.6,-74908.2,-20245.6,15024.6,24081.9,1129.6,0.0,0.0,25817.2,-21295.7,0,0
140.9,26149.157,-18762.318,25749.157,19359.773,373.349,-277.089,464.939,2.144,-1.769,38,36.58,1.42,0.0851,0.001,0.3639,216.65,295.12,1.5754,12029.1,2829.11,3518.8,88.41,2.7477,129000,101653.4,-79420.3,-55590.5,-74903.4,-20267.1,15041.5,24110.7,1128.2,0.0,0.0,25795.7,-21276.6,0,0
141.0,26186.505,-18790.038,25786.505,19387.493,373.563,-277.266,465.216,2.143,-1.767,38,36.58,1.42,0.085,0.001,0.3639,216.65,295.12,1.5764,12028.8,2828.84,3518.5,88.4,2.7477,129000,101653.4,-79420.3,-55590.5,-74898.5,-20288.6,15058.4,24139.5,1126.7,0.0,0.0,25774.3,-21257.5,0,0
141.1,26223.873,-18817.774,25823.873,19415.229,373.778,-277.443,465.493,2.141,-1.766,38,36.58,1.42,0.0849,0.001,0.3639,216.65,295.12,1.5773,12028.6,2828.56,3518.1,88.39,2.7477,129000,101653.4,-79420.3,-55590.4,-74893.6,-20310.1,15075.3,24168.3,1125.3,0.0,0.0,25752.9,-21238.4,0,0
141.2,26261.264,-18845.529,25861.264,19442.984,373.992,-277.619,465.77,2.139,-1.764,38,36.59,1.41,0.0848,0.001,0.3639,216.65,295.12,1.5783,12028.3,2828.29,3517.8,88.38,2.7477,129000,101653.4,-79420.3,-55590.4,-74888.8,-20331.6,15092.3,24197.1,1123.9,0.0,0.0,25731.4,-21219.4,0,0
141.3,26298.675,-18873.301,25898.675,19470.756,374.205,-277.795,466.047,2.138,-1.763,38,36.59,1.41,0.0847,0.001,0.3639,216.65,295.12,1.5792,12028.0,2828.01,3517.4,88.38,2.7477,129000,101653.4,-79420.3,-55590.3,-74884.0,-20353.1,15109.2,24225.9,1122.4,0.0,0.0,25710.0,-21200.3,0,0
141.4,26336.108,-18901.091,25936.108,19498.546,374.419,-277.971,466.324,2.136,-1.761,38,36.59,1.41,0.0846,0.001,0.3639,216.65,295.12,1.5801,12027.7,2827.74,3517.1,88.37,2.7477,129000,101653.4,-79420.3,-55590.2,-74879.1,-20374.6,15126.1,24254.6,1121.0,0.0,0.0,25688.6,-21181.3,0,0
141.5,26373.563,-18928.898,25973.563,19526.353,374.633,-278.147,466.6,2.134,-1.759,38,36.59,1.41,0.0845,0.001,0.3639,216.65,295.12,1.5811,12027.5,2827.46,3516.7,88.36,2.7477,129000,101653.4,-79420.3,-55590.2,-74874.3,-20396.1,15143.0,24283.4,1119.6,0.0,0.0,25667.1,-21162.2,0,0
141.6,26411.038,-18956.723,26011.038,19554.178,374.846,-278.323,466.876,2.132,-1.758,38,36.59,1.41,0.0844,0.001,0.3639,216.65,295.12,1.582,12027.2,2827.19,3516.4,88.35,2.7477,129000,101653.4,-79420.3,-55590.1,-74869.5,-20417.6,15159.9,24312.1,1118.2,0.0,0.0,25645.7,-21143.2,0,0
141.7,26448.535,-18984.566,26048.535,19582.021,375.059,-278.499,467.152,2.131,-1.756,38,36.6,1.4,0.0843,0.001,0.3639,216.65,295.12,1.5829,12026.9,2826.91,3516.1,88.34,2.7477,129000,101653.4,-79420.3,-55590.0,-74864.7,-20439.1,15176.8,24340.9,1116.8,0.0,0.0,25624.3,-21124.2,0,0
141.8,26486.054,-19012.426,26086.054,19609.881,375.272,-278.675,467.428,2.129,-1.755,38,36.6,1.4,0.0842,0.001,0.3639,216.65,295.12,1.5839,12026.6,2826.64,3515.7,88.33,2.7477,129000,101653.4,-79420.3,-55589.9,-74859.9,-20460.6,15193.7,24369.6,1115.3,0.0,0.0,25602.9,-21105.2,0,0
141.9,26523.593,-19040.304,26123.593,19637.759,375.485,-278.85,467.703,2.127,-1.753,38,36.6,1.4,0.0841,0.001,0.3639,216.65,295.12,1.5848,12026.4,2826.36,3515.4,88.32,2.7477,129000,101653.4,-79420.3,-55589.8,-74855.1,-20482.0,15210.6,24398.4,1113.9,0.0,0.0,25581.5,-21086.2,0,0
142.0,26561.154,-19068.199,26161.154,19665.654,375.697,-279.025,467.978,2.125,-1.752,38,36.6,1.4,0.084,0.001,0.3639,216.65,295.12,1.5857,12026.1,2826.09,3515.0,88.32,2.7477,129000,101653.4,-79420.3,-55589.7,-74850.3,-20503.5,15227.5,24427.1,1112.5,0.0,0.0,25560.1,-21067.2,0,0
142.1,26598.736,-19096.112,26198.736,19693.567,375.91,-279.2,468.253,2.124,-1.75,38,36.6,1.4,0.0839,0.001,0.3639,216.65,295.12,1.5867,12025.8,2825.81,3514.7,88.31,2.7477,129000,101653.4,-79420.3,-55589.7,-74845.6,-20525.0,15244.4,24455.8,1111.1,0.0,0.0,25538.7,-21048.2,0,0
142.2,26636.34,-19124.042,26236.34,19721.497,376.122,-279.375,468.528,2.122,-1.749,38,36.6,1.4,0.0838,0.001,0.3639,216.65,295.12,1.5876,12025.5,2825.54,3514.4,88.3,2.7477,129000,101653.4,-79420.3,-55589.6,-74840.8,-20546.5,15261.3,24484.5,1109.7,0.0,0.0,25517.4,-21029.3,0,0
142.3,26673.964,-19151.99,26273.964,19749.445,376.334,-279.55,468.802,2.12,-1.747,38,36.61,1.39,0.0837,0.001,0.3639,216.65,295.12,1.5885,12025.3,2825.27,3514.0,88.29,2.7477,129000,101653.4,-79420.3,-55589.5,-74836.1,-20568.0,15278.2,24513.2,1108.3,0.0,0.0,25496.0,-21010.3,0,0
142.4,26711.61,-19179.955,26311.61,19777.41,376.546,-279.725,469.077,2.118,-1.746,38,36.61,1.39,0.0836,0.001,0.3639,216.65,295.12,1.5895,12025.0,2824.99,3513.7,88.28,2.7477,129000,101653.4,-79420.3,-55589.4,-74831.3,-20589.4,15295.1,24541.9,1107.0,0.0,0.0,25474.6,-20991.4,0,0
142.5,26749.277,-19207.938,26349.277,19805.393,376.758,-279.899,469.351,2.117,-1.744,38,36.61,1.39,0.0835,0.001,0.3639,216.65,295.12,1.5904,12024.7,2824.72,3513.3,88.27,2.7477,129000,101653.4,-79420.3,-55589.3,-74826.6,-20610.9,15312.0,24570.6,1105.6,0.0,0.0,25453.2,-20972.5,0,0
142.6,26786.965,-19235.938,26386.965,19833.393,376.969,-280.073,469.624,2.115,-1.743,38,36.61,1.39,0.0834,0.001,0.3639,216.65,295.12,1.5913,12024.4,2824.44,3513.0,88.26,2.7477,129000,101653.4,-79420.3,-55589.1,-74821.9,-20632.4,15328.9,24599.3,1104.2,0.0,0.0,25431.9,-20953.6,0,0
142.7,26824.674,-19263.955,26424.674,19861.41,377.181,-280.248,469.898,2.113,-1.741,38,36.61,1.39,0.0833,0.001,0.3639,216.65,295.12,1.5922,12024.2,2824.17,3512.6,88.26,2.7477,129000,101653.4,-79420.3,-55589.0,-74817.1,-20653.8,15345.8,24628.0,1102.8,0.0,0.0,25410.5,-20934.6,0,0
142.8,26862.405,-19291.99,26462.405,19889.445,377.392,-280.422,470.171,2.112,-1.74,38,36.61,1.39,0.0832,0.001,0.3639,216.65,295.12,1.5932,12023.9,2823.89,3512.3,88.25,2.7477,129000,101653.4,-79420.3,-55588.9,-74812.4,-20675.3,15362.6,24656.6,1101.4,0.0,0.0,25389.2,-20915.8,0,0
142.9,26900.156,-19320.042,26500.156,19917.497,377.603,-280.596,470.444,2.11,-1.738,38,36.62,1.38,0.0831,0.001,0.3639,216.65,295.12,1.5941,12023.6,2823.62,3512.0,88.24,2.7477,129000,101653.4,-79420.3,-55588.8,-74807.7,-20696.7,15379.5,24685.3,1100.1,0.0,0.0,25367.8,-20896.9,0,0
143.0,26937.929,-19348.112,26537.929,19945.567,377.814,-280.769,470.717,2.108,-1.736,38,36.62,1.38,0.083,0.001,0.3639,216.65,295.12,1.595,12023.3,2823.34,3511.6,88.23,2.7477,129000,101653.4,-79420.3,-55588.7,-74803.0,-20718.2,15396.4,24713.9,1098.7,0.0,0.0,25346.5,-20878.0,0,0
143.1,26975.723,-19376.199,26575.723,19973.654,378.025,-280.943,470.99,2.106,-1.735,38,36.62,1.38,0.0829,0.001,0.3639,216.65,295.12,1.5959,12023.1,2823.07,3511.3,88.22,2.7477,129000,101653.4,-79420.3,-55588.6,-74798.4,-20739.6,15413.3,24742.6,1097.3,0.0,0.0,25325.2,-20859.1,0,0
143.2,27013.537,-19404.304,26613.537,20001.759,378.235,-281.116,471.262,2.105,-1.733,38,36.62,1.38,0.0828,0.001,0.3639,216.65,295.12,1.5969,12022.8,2822.79,3510.9,88.21,2.7477,129000,101653.4,-79420.3,-55588.4,-74793.7,-20761.1,15430.1,24771.2,1096.0,0.0,0.0,25303.9,-20840.3,0,0
143.3,27051.373,-19432.425,26651.373,20029.88,378.446,-281.289,471.535,2.103,-1.732,38,36.62,1.38,0.0827,0.001,0.3639,216.65,295.12,1.5978,12022.5,2822.52,3510.6,88.2,2.7477,129000,101653.4,-79420.3,-55588.3,-74789.0,-20782.5,15447.0,24799.8,1094.6,0.0,0.0,25282.5,-20821.4,0,0
143.4,27089.23,-19460.564,26689.23,20058.019,378.656,-281.463,471.806,2.101,-1.73,38,36.62,1.38,0.0826,0.001,0.3639,216.65,295.12,1.5987,12022.2,2822.24,3510.3,88.2,2.7477,129000,101653.4,-79420.3,-55588.2,-74784.3,-20804.0,15463.9,24828.5,1093.3,0.0,0.0,25261.2,-20802.6,0,0
143.5,27127.108,-19488.721,26727.108,20086.176,378.866,-281.635,472.078,2.099,-1.729,38,36.63,1.37,0.0825,0.001,0.3639,216.65,295.12,1.5996,12022.0,2821.97,3509.9,88.19,2.7477,129000,101653.4,-79420.3,-55588.0,-74779.7,-20825.4,15480.7,24857.1,1091.9,0.0,0.0,25239.9,-20783.8,0,0
143.6,27165.007,-19516.894,26765.007,20114.349,379.076,-281.808,472.35,2.098,-1.727,38,36.63,1.37,0.0824,0.001,0.3639,216.65,295.12,1.6006,12021.7,2821.69,3509.6,88.18,2.7477,129000,101653.4,-79420.3,-55587.9,-74775.0,-20846.9,15497.6,24885.7,1090.6,0.0,0.0,25218.6,-20765.0,0,0
143.7,27202.927,-19545.085,26802.927,20142.54,379.285,-281.981,472.621,2.096,-1.726,38,36.63,1.37,0.0823,0.001,0.3639,216.65,295.12,1.6015,12021.4,2821.42,3509.2,88.17,2.7477,129000,101653.4,-79420.3,-55587.8,-74770.4,-20868.3,15514.4,24914.3,1089.2,0.0,0.0,25197.3,-20746.2,0,0
143.8,27240.867,-19573.293,26840.867,20170.748,379.495,-282.153,472.892,2.094,-1.724,38,36.63,1.37,0.0822,0.001,0.3639,216.65,295.12,1.6024,12021.1,2821.14,3508.9,88.16,2.7477,129000,101653.4,-79420.3,-55587.6,-74765.8,-20889.7,15531.3,24942.9,1087.9,0.0,0.0,25176.0,-20727.4,0,0
143.9,27278.829,-19601.519,26878.829,20198.974,379.704,-282.326,473.163,2.093,-1.723,38,36.63,1.37,0.0821,0.001,0.3639,216.65,295.12,1.6033,12020.9,2820.87,3508.5,88.15,2.7477,129000,101653.4,-79420.3,-55587.5,-74761.2,-20911.1,15548.2,24971.5,1086.6,0.0,0.0,25154.8,-20708.6,0,0
144.0,27316.812,-19629.761,26916.812,20227.216,379.913,-282.498,473.433,2.091,-1.721,38,36.63,1.37,0.082,0.001,0.3639,216.65,295.12,1.6042,12020.6,2820.59,3508.2,88.14,2.7477,129000,101653.4,-79420.3,-55587.3,-74756.5,-20932.6,15565.0,25000.0,1085.2,0.0,0.0,25133.5,-20689.8,0,0
144.1,27354.815,-19658.021,26954.815,20255.476,380.122,-282.67,473.704,2.089,-1.72,38,36.64,1.36,0.0819,0.001,0.3639,216.65,295.12,1.6051,12020.3,2820.32,3507.9,88.13,2.7477,129000,101653.4,-79420.3,-55587.2,-74751.9,-20954.0,15581.8,25028.6,1083.9,0.0,0.0,25112.2,-20671.1,0,0
144.2,27392.84,-19686.298,26992.84,20283.753,380.331,-282.842,473.974,2.087,-1.718,38,36.64,1.36,0.0818,0.001,0.3639,216.65,295.12,1.6061,12020.0,2820.04,3507.5,88.13,2.7477,129000,101653.4,-79420.3,-55587.0,-74747.3,-20975.4,15598.7,25057.2,1082.6,0.0,0.0,25091.0,-20652.3,0,0
144.3,27430.885,-19714.592,27030.885,20312.047,380.54,-283.014,474.244,2.086,-1.717,38,36.64,1.36,0.0817,0.0009,0.3639,216.65,295.12,1.607,12019.8,2819.77,3507.2,88.12,2.7477,129000,101653.4,-79420.3,-55586.9,-74742.8,-20996.8,15615.5,25085.7,1081.3,0.0,0.0,25069.7,-20633.6,0,0
144.4,27468.951,-19742.904,27068.951,20340.359,380.748,-283.185,474.513,2.084,-1.715,38,36.64,1.36,0.0816,0.0009,0.3639,216.65,295.12,1.6079,12019.5,2819.5,3506.8,88.11,2.7477,129000,101653.4,-79420.3,-55586.7,-74738.2,-21018.2,15632.4,25114.3,1080.0,0.0,0.0,25048.5,-20614.9,0,0
144.5,27507.038,-19771.232,27107.038,20368.687,380.957,-283.357,474.783,2.082,-1.714,38,36.64,1.36,0.0815,0.0009,0.3639,216.65,295.12,1.6088,12019.2,2819.22,3506.5,88.1,2.7477,129000,101653.4,-79420.3,-55586.5,-74733.6,-21039.6,15649.2,25142.8,1078.6,0.0,0.0,25027.2,-20596.2,0,0
144.6,27545.146,-19799.578,27145.146,20397.033,381.165,-283.528,475.052,2.081,-1.712,38,36.64,1.36,0.0814,0.0009,0.3639,216.65,295.12,1.6097,12018.9,2818.95,3506.2,88.09,2.7477,129000,101653.4,-79420.3,-55586.4,-74729.0,-21061.0,15666.0,25171.3,1077.3,0.0,0.0,25006.0,-20577.5,0,0
144.7,27583.274,-19827.941,27183.274,20425.396,381.373,-283.699,475.321,2.079,-1.711,38,36.64,1.36,0.0813,0.0009,0.3639,216.65,295.12,1.6106,12018.7,2818.67,3505.8,88.08,2.7477,129000,101653.4,-79420.3,-55586.2,-74724.5,-21082.4,15682.9,25199.8,1076.0,0.0,0.0,24984.8,-20558.8,0,0
144.8,27621.424,-19856.321,27221.424,20453.776,381.58,-283.87,475.59,2.077,-1.709,38,36.65,1.35,0.0812,0.0009,0.3639,216.65,295.12,1.6115,12018.4,2818.4,3505.5,88.07,2.7477,129000,101653.4,-79420.3,-55586.0,-74719.9,-21103.8,15699.7,25228.4,1074.7,0.0,0.0,24963.5,-20540.1,0,0
144.9,27659.594,-19884.718,27259.594,20482.173,381.788,-284.041,475.858,2.075,-1.708,38,36.65,1.35,0.0811,0.0009,0.3639,216.65,295.12,1.6124,12018.1,2818.12,3505.1,88.07,2.7477,129000,101653.4,-79420.3,-55585.8,-74715.4,-21125.2,15716.5,25256.9,1073.4,0.0,0.0,24942.3,-20521.4,0,0
145.0,27697.785,-19913.132,27297.785,20510.587,381.995,-284.211,476.127,2.074,-1.706,38,36.65,1.35,0.081,0.0009,0.3639,216.65,295.12,1.6134,12017.8,2817.85,3504.8,88.06,2.7477,129000,101653.4,-79420.3,-55585.7,-74710.8,-21146.6,15733.3,25285.4,1072.1,0.0,0.0,24921.1,-20502.8,0,0
145.1,27735.996,-19941.563,27335.996,20539.018,382.203,-284.382,476.395,2.072,-1.705,38,36.65,1.35,0.0809,0.0009,0.3639,216.65,295.12,1.6143,12017.6,2817.57,3504.4,88.05,2.7477,129000,101653.4,-79420.3,-55585.5,-74706.3,-21168.0,15750.1,25313.8,1070.8,0.0,0.0,24899.9,-20484.1,0,0
145.2,27774.229,-19970.011,27374.229,20567.466,382.41,-284.552,476.663,2.07,-1.703,38,36.65,1.35,0.0808,0.0009,0.3639,216.65,295.12,1.6152,12017.3,2817.3,3504.1,88.04,2.7477,129000,101653.4,-79420.3,-55585.3,-74701.8,-21189.4,15766.9,25342.3,1069.6,0.0,0.0,24878.7,-20465.5,0,0
145.3,27812.482,-19998.476,27412.482,20595.931,382.617,-284.722,476.93,2.069,-1.701,38,36.65,1.35,0.0807,0.0009,0.3639,216.65,295.12,1.6161,12017.0,2817.02,3503.8,88.03,2.7477,129000,101653.4,-79420.3,-55585.1,-74697.3,-21210.8,15783.8,25370.8,1068.3,0.0,0.0,24857.5,-20446.9,0,0
145.4,27850.755,-20026.958,27450.755,20624.413,382.823,-284.893,477.198,2.067,-1.7,38,36.66,1.34,0.0806,0.0009,0.3639,216.65,295.12,1.617,12016.7,2816.75,3503.4,88.02,2.7477,129000,101653.4,-79420.3,-55584.9,-74692.8,-21232.1,15800.6,25399.3,1067.0,0.0,0.0,24836.3,-20428.2,0,0
145.5,27889.05,-20055.457,27489.05,20652.912,383.03,-285.062,477.465,2.065,-1.698,38,36.66,1.34,0.0806,0.0009,0.3639,216.65,295.12,1.6179,12016.5,2816.47,3503.1,88.01,2.7477,129000,101653.4,-79420.3,-55584.7,-74688.3,-21253.5,15817.4,25427.7,1065.7,0.0,0.0,24815.1,-20409.6,0,0
145.6,27927.365,-20083.973,27527.365,20681.428,383.236,-285.232,477.732,2.063,-1.697,38,36.66,1.34,0.0805,0.0009,0.3639,216.65,295.12,1.6188,12016.2,2816.2,3502.7,88.01,2.7477,129000,101653.4,-79420.3,-55584.5,-74683.8,-21274.9,15834.2,25456.2,1064.4,0.0,0.0,24794.0,-20391.0,0,0
145.7,27965.701,-20112.507,27565.701,20709.962,383.443,-285.402,477.998,2.062,-1.695,38,36.66,1.34,0.0804,0.0009,0.3639,216.65,295.12,1.6197,12015.9,2815.92,3502.4,88.0,2.7477,129000,101653.4,-79420.3,-55584.3,-74679.3,-21296.2,15851.0,25484.6,1063.2,0.0,0.0,24772.8,-20372.5,0,0
145.8,28004.057,-20141.057,27604.057,20738.512,383.649,-285.571,478.265,2.06,-1.694,38,36.66,1.34,0.0803,0.0009,0.3639,216.65,295.12,1.6206,12015.6,2815.65,3502.1,87.99,2.7477,129000,101653.4,-79420.3,-55584.1,-74674.8,-21317.6,15867.7,25513.0,1061.9,0.0,0.0,24751.7,-20353.9,0,0
145.9,28042.434,-20169.624,27642.434,20767.079,383.855,-285.741,478.531,2.058,-1.692,38,36.66,1.34,0.0802,0.0009,0.3639,216.65,295.12,1.6215,12015.4,2815.37,3501.7,87.98,2.7477,129000,101653.4,-79420.3,-55583.9,-74670.3,-21339.0,15884.5,25541.4,1060.6,0.0,0.0,24730.5,-20335.3,0,0
