time_s,pos_x_m,pos_y_m,x_disp_m,altitude_m,vel_x_ms,vel_y_ms,speed_ms,acc_x_ms2,acc_y_ms2,body_angle_deg,flight_angle_deg,aoa_deg,c_l,thrust_N,thrust_x_N,thrust_y_N,lift_x_N,lift_y_N,drag_x_N,drag_y_N,friction_x_N,normal_y_N,netforce_x_N,netforce_y_N,on_ground,stalled
0.0167,400.0,594.103,0.0,-0.003,0.0,0.164,0.164,0.0,9.81,0,0,0,0.15,0,0.0,-0.0,0.0,0.0,0.0,0.0,0.0,0.0,0.0,627840.0,0,0
0.0333,400.0,594.099,0.0,0.001,0.0,-0.033,0.033,0.0,0.0,0,0,0,0.15,0,0.0,-0.0,0.0,0.0,0.0,0.0,0.0,-627840.0,0.0,0.0,1,0
0.05,400.0,594.102,0.0,-0.002,0.0,0.131,0.131,0.0,9.81,0,0,0,0.15,0,0.0,-0.0,0.0,0.0,0.0,0.0,0.0,0.0,0.0,627840.0,0,0
0.0667,400.0,594.1,0.0,0.0,0.0,-0.026,0.026,0.0,0.0,0,0,0,0.15,0,0.0,-0.0,0.0,0.0,0.0,0.0,0.0,-627840.0,0.0,0.0,1,0
0.0833,400.0,594.102,0.0,-0.002,0.0,0.137,0.137,0.0,9.81,0,0,0,0.15,0,0.0,-0.0,0.0,0.0,0.0,0.0,0.0,0.0,0.0,627840.0,0,0
0.1,400.0,594.1,0.0,0.0,0.0,-0.027,0.027,0.0,0.0,0,0,0,0.15,0,0.0,-0.0,0.0,0.0,0.0,0.0,0.0,-627840.0,0.0,0.0,1,0
0.1167,400.0,594.102,0.0,-0.002,0.0,0.136,0.136,0.0,9.81,0,0,0,0.15,0,0.0,-0.0,0.0,0.0,0.0,0.0,0.0,0.0,0.0,627840.0,0,0
0.1333,400.0,594.1,0.0,0.0,0.0,-0.027,0.027,0.0,0.0,0,0,0,0.15,0,0.0,-0.0,0.0,0.0,0.0,0.0,0.0,-627840.0,0.0,0.0,1,0
0.15,400.0,594.102,0.0,-0.002,0.0,0.136,0.136,0.0,9.81,0,0,0,0.15,0,0.0,-0.0,0.0,0.0,0.0,0.0,0.0,0.0,0.0,627840.0,0,0
0.1667,400.0,594.1,0.0,0.0,0.0,-0.027,0.027,0.0,0.0,0,0,0,0.15,0,0.0,-0.0,0.0,0.0,0.0,0.0,0.0,-627840.0,0.0,0.0,1,0
0.1833,400.0,594.102,0.0,-0.002,0.0,0.136,0.136,0.0,9.81,0,0,0,0.15,0,0.0,-0.0,0.0,0.0,0.0,0.0,0.0,0.0,0.0,627840.0,0,0
0.2,400.0,594.1,0.0,0.0,0.0,-0.027,0.027,0.0,0.0,0,0,0,0.15,0,0.0,-0.0,0.0,0.0,0.0,0.0,0.0,-627840.0,0.0,0.0,1,0
0.2167,400.0,594.102,0.0,-0.002,0.0,0.136,0.136,0.0,9.81,0,0,0,0.15,0,0.0,-0.0,0.0,0.0,0.0,0.0,0.0,0.0,0.0,627840.0,0,0
0.2333,400.0,594.1,0.0,0.0,0.0,-0.027,0.027,0.0,0.0,0,0,0,0.15,0,0.0,-0.0,0.0,0.0,0.0,0.0,0.0,-627840.0,0.0,0.0,1,0
0.25,400.0,594.102,0.0,-0.002,0.0,0.136,0.136,0.0,9.81,0,0,0,0.15,0,0.0,-0.0,0.0,0.0,0.0,0.0,0.0,0.0,0.0,627840.0,0,0
0.2667,400.0,594.1,0.0,0.0,0.0,-0.027,0.027,0.0,0.0,0,0,0,0.15,0,0.0,-0.0,0.0,0.0,0.0,0.0,0.0,-627840.0,0.0,0.0,1,0
0.2833,400.0,594.102,0.0,-0.002,0.0,0.136,0.136,0.0,9.81,0,0,0,0.15,0,0.0,-0.0,0.0,0.0,0.0,0.0,0.0,0.0,0.0,627840.0,0,0
0.3,400.0,594.1,0.0,0.0,0.0,-0.027,0.027,0.0,0.0,0,0,0,0.15,0,0.0,-0.0,0.0,0.0,0.0,0.0,0.0,-627840.0,0.0,0.0,1,0
0.3167,400.0,594.102,0.0,-0.002,0.0,0.136,0.136,0.0,9.81,0,0,0,0.15,0,0.0,-0.0,0.0,0.0,0.0,0.0,0.0,0.0,0.0,627840.0,0,0
0.3333,400.0,594.1,0.0,0.0,0.0,-0.027,0.027,0.0,0.0,0,0,0,0.15,0,0.0,-0.0,0.0,0.0,0.0,0.0,0.0,-627840.0,0.0,0.0,1,0
0.35,400.0,594.102,0.0,-0.002,0.0,0.136,0.136,0.0,9.81,0,0,0,0.15,0,0.0,-0.0,0.0,0.0,0.0,0.0,0.0,0.0,0.0,627840.0,0,0
0.3667,400.0,594.1,0.0,0.0,0.0,-0.027,0.027,0.0,0.0,0,0,0,0.15,0,0.0,-0.0,0.0,0.0,0.0,0.0,0.0,-627840.0,0.0,0.0,1,0
0.3833,400.0,594.102,0.0,-0.002,0.0,0.136,0.136,0.0,9.81,0,0,0,0.15,0,0.0,-0.0,0.0,0.0,0.0,0.0,0.0,0.0,0.0,627840.0,0,0
0.4,400.0,594.1,0.0,0.0,0.0,-0.027,0.027,0.0,0.0,0,0,0,0.15,0,0.0,-0.0,0.0,0.0,0.0,0.0,0.0,-627840.0,0.0,0.0,1,0
0.4167,400.0,594.102,0.0,-0.002,0.0,0.136,0.136,0.0,9.81,0,0,0,0.15,0,0.0,-0.0,0.0,0.0,0.0,0.0,0.0,0.0,0.0,627840.0,0,0
0.4333,400.0,594.1,0.0,0.0,0.0,-0.027,0.027,0.0,0.0,0,0,0,0.15,0,0.0,-0.0,0.0,0.0,0.0,0.0,0.0,-627840.0,0.0,0.0,1,0
0.45,400.0,594.102,0.0,-0.002,0.0,0.136,0.136,0.0,9.81,0,0,0,0.15,0,0.0,-0.0,0.0,0.0,0.0,0.0,0.0,0.0,0.0,627840.0,0,0
0.4667,400.0,594.1,0.0,0.0,0.0,-0.027,0.027,0.0,0.0,0,0,0,0.15,0,0.0,-0.0,0.0,0.0,0.0,0.0,0.0,-627840.0,0.0,0.0,1,0
0.4833,400.0,594.102,0.0,-0.002,0.0,0.136,0.136,0.0,9.81,0,0,0,0.15,0,0.0,-0.0,0.0,0.0,0.0,0.0,0.0,0.0,0.0,627840.0,0,0
0.5,400.0,594.1,0.0,0.0,0.0,-0.027,0.027,0.0,0.0,0,0,0,0.15,0,0.0,-0.0,0.0,0.0,0.0,0.0,0.0,-627840.0,0.0,0.0,1,0
0.5167,400.0,594.102,0.0,-0.002,0.0,0.136,0.136,0.0,9.81,0,0,0,0.15,0,0.0,-0.0,0.0,0.0,0.0,0.0,0.0,0.0,0.0,627840.0,0,0
0.5333,400.0,594.1,0.0,0.0,0.0,-0.027,0.027,0.0,0.0,0,0,0,0.15,0,0.0,-0.0,0.0,0.0,0.0,0.0,0.0,-627840.0,0.0,0.0,1,0
0.55,400.0,594.102,0.0,-0.002,0.0,0.136,0.136,0.0,9.81,0,0,0,0.15,0,0.0,-0.0,0.0,0.0,0.0,0.0,0.0,0.0,0.0,627840.0,0,0
0.5667,400.0,594.1,0.0,0.0,0.0,-0.027,0.027,0.0,0.0,0,0,0,0.15,0,0.0,-0.0,0.0,0.0,0.0,0.0,0.0,-627840.0,0.0,0.0,1,0
0.5833,400.0,594.102,0.0,-0.002,0.0,0.136,0.136,0.0,9.81,0,0,0,0.15,0,0.0,-0.0,0.0,0.0,0.0,0.0,0.0,0.0,0.0,627840.0,0,0
0.6,400.0,594.1,0.0,0.0,0.0,-0.027,0.027,0.0,0.0,0,0,0,0.15,0,0.0,-0.0,0.0,0.0,0.0,0.0,0.0,-627840.0,0.0,0.0,1,0
0.6167,400.0,594.102,0.0,-0.002,0.0,0.136,0.136,0.0,9.81,0,0,0,0.15,0,0.0,-0.0,0.0,0.0,0.0,0.0,0.0,0.0,0.0,627840.0,0,0
0.6333,400.0,594.1,0.0,0.0,0.0,-0.027,0.027,0.0,0.0,0,0,0,0.15,0,0.0,-0.0,0.0,0.0,0.0,0.0,0.0,-627840.0,0.0,0.0,1,0
0.65,400.0,594.102,0.0,-0.002,0.0,0.136,0.136,0.0,9.81,0,0,0,0.15,0,0.0,-0.0,0.0,0.0,0.0,0.0,0.0,0.0,0.0,627840.0,0,0
0.6667,400.0,594.1,0.0,0.0,0.0,-0.027,0.027,0.0,0.0,0,0,0,0.15,0,0.0,-0.0,0.0,0.0,0.0,0.0,0.0,-627840.0,0.0,0.0,1,0
0.6833,400.0,594.102,0.0,-0.002,0.0,0.136,0.136,0.0,9.81,0,0,0,0.15,0,0.0,-0.0,0.0,0.0,0.0,0.0,0.0,0.0,0.0,627840.0,0,0
0.7,400.0,594.1,0.0,0.0,0.0,-0.027,0.027,0.0,0.0,0,0,0,0.15,0,0.0,-0.0,0.0,0.0,0.0,0.0,0.0,-627840.0,0.0,0.0,1,0
0.7167,400.0,594.102,0.0,-0.002,0.0,0.136,0.136,0.0,9.81,0,0,0,0.15,0,0.0,-0.0,0.0,0.0,0.0,0.0,0.0,0.0,0.0,627840.0,0,0
0.7333,400.0,594.1,0.0,0.0,0.0,-0.027,0.027,0.0,0.0,0,0,0,0.15,0,0.0,-0.0,0.0,0.0,0.0,0.0,0.0,-627840.0,0.0,0.0,1,0
0.75,400.0,594.102,0.0,-0.002,0.0,0.136,0.136,0.0,9.81,0,0,0,0.15,0,0.0,-0.0,0.0,0.0,0.0,0.0,0.0,0.0,0.0,627840.0,0,0
0.7667,400.0,594.1,0.0,0.0,0.0,-0.027,0.027,0.0,0.0,0,0,0,0.15,0,0.0,-0.0,0.0,0.0,0.0,0.0,0.0,-627840.0,0.0,0.0,1,0
0.7833,400.0,594.102,0.0,-0.002,0.0,0.136,0.136,0.0,9.81,0,0,0,0.15,0,0.0,-0.0,0.0,0.0,0.0,0.0,0.0,0.0,0.0,627840.0,0,0
0.8,400.0,594.1,0.0,0.0,0.0,-0.027,0.027,0.0,0.0,0,0,0,0.15,0,0.0,-0.0,0.0,0.0,0.0,0.0,0.0,-627840.0,0.0,0.0,1,0
0.8167,400.0,594.102,0.0,-0.002,0.0,0.136,0.136,0.0,9.81,0,0,0,0.15,0,0.0,-0.0,0.0,0.0,0.0,0.0,0.0,0.0,0.0,627840.0,0,0
0.8333,400.0,594.1,0.0,0.0,0.0,-0.027,0.027,0.0,0.0,0,0,0,0.15,0,0.0,-0.0,0.0,0.0,0.0,0.0,0.0,-627840.0,0.0,0.0,1,0
0.85,400.0,594.102,0.0,-0.002,0.0,0.136,0.136,0.0,9.81,0,0,0,0.15,0,0.0,-0.0,0.0,0.0,0.0,0.0,0.0,0.0,0.0,627840.0,0,0
0.8667,400.0,594.1,0.0,0.0,0.0,-0.027,0.027,0.0,0.0,0,0,0,0.15,0,0.0,-0.0,0.0,0.0,0.0,0.0,0.0,-627840.0,0.0,0.0,1,0
0.8833,400.0,594.102,0.0,-0.002,0.0,0.136,0.136,0.0,9.81,0,0,0,0.15,0,0.0,-0.0,0.0,0.0,0.0,0.0,0.0,0.0,0.0,627840.0,0,0
0.9,400.0,594.1,0.0,0.0,0.0,-0.027,0.027,0.0,0.0,0,0,0,0.15,0,0.0,-0.0,0.0,0.0,0.0,0.0,0.0,-627840.0,0.0,0.0,1,0
0.9167,400.0,594.102,0.0,-0.002,0.0,0.136,0.136,0.0,9.81,0,0,0,0.15,0,0.0,-0.0,0.0,0.0,0.0,0.0,0.0,0.0,0.0,627840.0,0,0
0.9333,400.0,594.1,0.0,0.0,0.0,-0.027,0.027,0.0,0.0,0,0,0,0.15,0,0.0,-0.0,0.0,0.0,0.0,0.0,0.0,-627840.0,0.0,0.0,1,0
0.95,400.0,594.102,0.0,-0.002,0.0,0.136,0.136,0.0,9.81,0,0,0,0.15,0,0.0,-0.0,0.0,0.0,0.0,0.0,0.0,0.0,0.0,627840.0,0,0
0.9667,400.0,594.1,0.0,0.0,0.0,-0.027,0.027,0.0,0.0,0,0,0,0.15,0,0.0,-0.0,0.0,0.0,0.0,0.0,0.0,-627840.0,0.0,0.0,1,0
0.9833,400.0,594.102,0.0,-0.002,0.0,0.136,0.136,0.0,9.81,0,0,0,0.15,0,0.0,-0.0,0.0,0.0,0.0,0.0,0.0,0.0,0.0,627840.0,0,0
1.0,400.0,594.1,0.0,0.0,0.0,-0.027,0.027,0.0,0.0,0,0,0,0.15,0,0.0,-0.0,0.0,0.0,0.0,0.0,0.0,-627840.0,0.0,0.0,1,0
1.0167,400.0,594.102,0.0,-0.002,0.0,0.136,0.136,0.0,9.81,0,0,0,0.15,0,0.0,-0.0,0.0,0.0,0.0,0.0,0.0,0.0,0.0,627840.0,0,0
1.0333,400.0,594.1,0.0,0.0,0.0,-0.027,0.027,0.0,0.0,0,0,0,0.15,0,0.0,-0.0,0.0,0.0,0.0,0.0,0.0,-627840.0,0.0,0.0,1,0
1.05,400.0,594.102,0.0,-0.002,0.0,0.136,0.136,0.0,9.81,0,0,0,0.15,0,0.0,-0.0,0.0,0.0,0.0,0.0,0.0,0.0,0.0,627840.0,0,0
1.0667,400.0,594.1,0.0,0.0,0.0,-0.027,0.027,0.0,0.0,0,0,0,0.15,0,0.0,-0.0,0.0,0.0,0.0,0.0,0.0,-627840.0,0.0,0.0,1,0
1.0833,400.0,594.102,0.0,-0.002,0.0,0.136,0.136,0.0,9.81,0,0,0,0.15,0,0.0,-0.0,0.0,0.0,0.0,0.0,0.0,0.0,0.0,627840.0,0,0
1.1,400.0,594.1,0.0,0.0,0.0,-0.027,0.027,0.0,0.0,0,0,0,0.15,0,0.0,-0.0,0.0,0.0,0.0,0.0,0.0,-627840.0,0.0,0.0,1,0
1.1167,400.0,594.102,0.0,-0.002,0.0,0.136,0.136,0.0,9.81,0,0,0,0.15,0,0.0,-0.0,0.0,0.0,0.0,0.0,0.0,0.0,0.0,627840.0,0,0
1.1333,400.0,594.1,0.0,0.0,0.0,-0.027,0.027,0.0,0.0,0,0,0,0.15,0,0.0,-0.0,0.0,0.0,0.0,0.0,0.0,-627840.0,0.0,0.0,1,0
1.15,400.0,594.102,0.0,-0.002,0.0,0.136,0.136,0.0,9.81,0,0,0,0.15,0,0.0,-0.0,0.0,0.0,0.0,0.0,0.0,0.0,0.0,627840.0,0,0
1.1667,400.0,594.1,0.0,0.0,0.0,-0.027,0.027,0.0,0.0,0,0,0,0.15,0,0.0,-0.0,0.0,0.0,0.0,0.0,0.0,-627840.0,0.0,0.0,1,0
1.1833,400.0,594.102,0.0,-0.002,0.0,0.136,0.136,0.0,9.81,0,0,0,0.15,0,0.0,-0.0,0.0,0.0,0.0,0.0,0.0,0.0,0.0,627840.0,0,0
1.2,400.0,594.1,0.0,0.0,0.0,-0.027,0.027,0.0,0.0,0,0,0,0.15,0,0.0,-0.0,0.0,0.0,0.0,0.0,0.0,-627840.0,0.0,0.0,1,0
1.2167,400.0,594.102,0.0,-0.002,0.0,0.136,0.136,0.0,9.81,0,0,0,0.15,0,0.0,-0.0,0.0,0.0,0.0,0.0,0.0,0.0,0.0,627840.0,0,0
1.2333,400.0,594.1,0.0,0.0,0.0,-0.027,0.027,0.0,0.0,0,0,0,0.15,0,0.0,-0.0,0.0,0.0,0.0,0.0,0.0,-627840.0,0.0,0.0,1,0
1.25,400.0,594.102,0.0,-0.002,0.0,0.136,0.136,0.0,9.81,0,0,0,0.15,0,0.0,-0.0,0.0,0.0,0.0,0.0,0.0,0.0,0.0,627840.0,0,0
1.2667,400.0,594.1,0.0,0.0,0.0,-0.027,0.027,0.0,0.0,0,0,0,0.15,0,0.0,-0.0,0.0,0.0,0.0,0.0,0.0,-627840.0,0.0,0.0,1,0
1.2833,400.0,594.102,0.0,-0.002,0.0,0.136,0.136,0.0,9.81,0,0,0,0.15,0,0.0,-0.0,0.0,0.0,0.0,0.0,0.0,0.0,0.0,627840.0,0,0
1.3,400.0,594.1,0.0,0.0,0.0,-0.027,0.027,0.0,0.0,0,0,0,0.15,0,0.0,-0.0,0.0,0.0,0.0,0.0,0.0,-627840.0,0.0,0.0,1,0
1.3167,400.0,594.102,0.0,-0.002,0.0,0.136,0.136,0.0,9.81,0,0,0,0.15,0,0.0,-0.0,0.0,0.0,0.0,0.0,0.0,0.0,0.0,627840.0,0,0
1.3333,400.0,594.1,0.0,0.0,0.0,-0.027,0.027,0.0,0.0,0,0,0,0.15,0,0.0,-0.0,0.0,0.0,0.0,0.0,0.0,-627840.0,0.0,0.0,1,0
1.35,400.0,594.102,0.0,-0.002,0.0,0.136,0.136,0.0,9.81,0,0,0,0.15,0,0.0,-0.0,0.0,0.0,0.0,0.0,0.0,0.0,0.0,627840.0,0,0
1.3667,400.0,594.1,0.0,0.0,0.0,-0.027,0.027,0.0,0.0,0,0,0,0.15,0,0.0,-0.0,0.0,0.0,0.0,0.0,0.0,-627840.0,0.0,0.0,1,0
1.3833,400.0,594.102,0.0,-0.002,0.0,0.136,0.136,0.0,9.81,0,0,0,0.15,0,0.0,-0.0,0.0,0.0,0.0,0.0,0.0,0.0,0.0,627840.0,0,0
1.4,400.0,594.1,0.0,0.0,0.0,-0.027,0.027,0.0,0.0,0,0,0,0.15,0,0.0,-0.0,0.0,0.0,0.0,0.0,0.0,-627840.0,0.0,0.0,1,0
1.4167,400.0,594.102,0.0,-0.002,0.0,0.136,0.136,0.0,9.81,0,0,0,0.15,0,0.0,-0.0,0.0,0.0,0.0,0.0,0.0,0.0,0.0,627840.0,0,0
1.4333,400.0,594.1,0.0,0.0,0.0,-0.027,0.027,0.0,0.0,0,0,0,0.15,0,0.0,-0.0,0.0,0.0,0.0,0.0,0.0,-627840.0,0.0,0.0,1,0
1.45,400.0,594.102,0.0,-0.002,0.0,0.136,0.136,0.0,9.81,0,0,0,0.15,0,0.0,-0.0,0.0,0.0,0.0,0.0,0.0,0.0,0.0,627840.0,0,0
1.4667,400.0,594.1,0.0,0.0,0.0,-0.027,0.027,0.0,0.0,0,0,0,0.15,0,0.0,-0.0,0.0,0.0,0.0,0.0,0.0,-627840.0,0.0,0.0,1,0
1.4833,400.0,594.102,0.0,-0.002,0.0,0.136,0.136,0.0,9.81,0,0,0,0.15,0,0.0,-0.0,0.0,0.0,0.0,0.0,0.0,0.0,0.0,627840.0,0,0
1.5,400.0,594.1,0.0,0.0,0.0,-0.027,0.027,0.0,0.0,0,0,0,0.15,0,0.0,-0.0,0.0,0.0,0.0,0.0,0.0,-627840.0,0.0,0.0,1,0
1.5167,400.0,594.102,0.0,-0.002,0.0,0.136,0.136,0.0,9.81,0,0,0,0.15,0,0.0,-0.0,0.0,0.0,0.0,0.0,0.0,0.0,0.0,627840.0,0,0
1.5333,400.0,594.1,0.0,0.0,0.0,-0.027,0.027,0.0,0.0,0,0,0,0.15,0,0.0,-0.0,0.0,0.0,0.0,0.0,0.0,-627840.0,0.0,0.0,1,0
1.55,400.0,594.102,0.0,-0.002,0.0,0.136,0.136,0.0,9.81,0,0,0,0.15,0,0.0,-0.0,0.0,0.0,0.0,0.0,0.0,0.0,0.0,627840.0,0,0
1.5667,400.0,594.1,0.0,0.0,0.0,-0.027,0.027,0.0,0.0,0,0,0,0.15,0,0.0,-0.0,0.0,0.0,0.0,0.0,0.0,-627840.0,0.0,0.0,1,0
1.5833,400.0,594.102,0.0,-0.002,0.0,0.136,0.136,0.0,9.81,0,0,0,0.15,0,0.0,-0.0,0.0,0.0,0.0,0.0,0.0,0.0,0.0,627840.0,0,0
1.6,400.0,594.1,0.0,0.0,0.0,-0.027,0.027,0.0,0.0,0,0,0,0.15,0,0.0,-0.0,0.0,0.0,0.0,0.0,0.0,-627840.0,0.0,0.0,1,0
1.6167,400.0,594.102,0.0,-0.002,0.0,0.136,0.136,0.0,9.81,0,0,0,0.15,0,0.0,-0.0,0.0,0.0,0.0,0.0,0.0,0.0,0.0,627840.0,0,0
1.6333,400.0,594.1,0.0,0.0,0.0,-0.027,0.027,0.0,0.0,0,0,0,0.15,0,0.0,-0.0,0.0,0.0,0.0,0.0,0.0,-627840.0,0.0,0.0,1,0
1.65,400.0,594.102,0.0,-0.002,0.0,0.136,0.136,0.0,9.81,0,0,0,0.15,0,0.0,-0.0,0.0,0.0,0.0,0.0,0.0,0.0,0.0,627840.0,0,0
1.6667,400.0,594.1,0.0,0.0,0.0,-0.027,0.027,0.0,0.0,0,0,0,0.15,0,0.0,-0.0,0.0,0.0,0.0,0.0,0.0,-627840.0,0.0,0.0,1,0
1.6833,400.0,594.102,0.0,-0.002,0.0,0.136,0.136,0.0,9.81,0,0,0,0.15,0,0.0,-0.0,0.0,0.0,0.0,0.0,0.0,0.0,0.0,627840.0,0,0
1.7,400.0,594.1,0.0,0.0,0.0,-0.027,0.027,0.0,0.0,0,0,0,0.15,0,0.0,-0.0,0.0,0.0,0.0,0.0,0.0,-627840.0,0.0,0.0,1,0
1.7167,400.0,594.102,0.0,-0.002,0.0,0.136,0.136,0.0,9.81,0,0,0,0.15,0,0.0,-0.0,0.0,0.0,0.0,0.0,0.0,0.0,0.0,627840.0,0,0
1.7333,400.0,594.1,0.0,0.0,0.0,-0.027,0.027,0.0,0.0,0,0,0,0.15,0,0.0,-0.0,0.0,0.0,0.0,0.0,0.0,-627840.0,0.0,0.0,1,0
1.75,400.0,594.102,0.0,-0.002,0.0,0.136,0.136,0.0,9.81,0,0,0,0.15,0,0.0,-0.0,0.0,0.0,0.0,0.0,0.0,0.0,0.0,627840.0,0,0
1.7667,400.0,594.1,0.0,0.0,0.0,-0.027,0.027,0.0,0.0,0,0,0,0.15,0,0.0,-0.0,0.0,0.0,0.0,0.0,0.0,-627840.0,0.0,0.0,1,0
1.7833,400.0,594.102,0.0,-0.002,0.0,0.136,0.136,0.0,9.81,0,0,0,0.15,0,0.0,-0.0,0.0,0.0,0.0,0.0,0.0,0.0,0.0,627840.0,0,0
1.8,400.0,594.1,0.0,0.0,0.0,-0.027,0.027,0.0,0.0,0,0,0,0.15,0,0.0,-0.0,0.0,0.0,0.0,0.0,0.0,-627840.0,0.0,0.0,1,0
1.8167,400.0,594.102,0.0,-0.002,0.0,0.136,0.136,0.0,9.81,0,0,0,0.15,0,0.0,-0.0,0.0,0.0,0.0,0.0,0.0,0.0,0.0,627840.0,0,0
1.8333,400.0,594.1,0.0,0.0,0.0,-0.027,0.027,0.0,0.0,0,0,0,0.15,0,0.0,-0.0,0.0,0.0,0.0,0.0,0.0,-627840.0,0.0,0.0,1,0
1.85,400.0,594.102,0.0,-0.002,0.0,0.136,0.136,0.0,9.81,0,0,0,0.15,0,0.0,-0.0,0.0,0.0,0.0,0.0,0.0,0.0,0.0,627840.0,0,0
1.8667,400.0,594.1,0.0,0.0,0.0,-0.027,0.027,0.0,0.0,0,0,0,0.15,0,0.0,-0.0,0.0,0.0,0.0,0.0,0.0,-627840.0,0.0,0.0,1,0
1.8833,400.0,594.102,0.0,-0.002,0.0,0.136,0.136,0.0,9.81,0,0,0,0.15,0,0.0,-0.0,0.0,0.0,0.0,0.0,0.0,0.0,0.0,627840.0,0,0
1.9,400.0,594.1,0.0,0.0,0.0,-0.027,0.027,0.0,0.0,0,0,0,0.15,0,0.0,-0.0,0.0,0.0,0.0,0.0,0.0,-627840.0,0.0,0.0,1,0
1.9167,400.0,594.102,0.0,-0.002,0.0,0.136,0.136,0.0,9.81,0,0,0,0.15,0,0.0,-0.0,0.0,0.0,0.0,0.0,0.0,0.0,0.0,627840.0,0,0
1.9333,400.0,594.1,0.0,0.0,0.0,-0.027,0.027,0.0,0.0,0,0,0,0.15,0,0.0,-0.0,0.0,0.0,0.0,0.0,0.0,-627840.0,0.0,0.0,1,0
1.95,400.0,594.102,0.0,-0.002,0.0,0.136,0.136,0.0,9.81,0,0,0,0.15,0,0.0,-0.0,0.0,0.0,0.0,0.0,0.0,0.0,0.0,627840.0,0,0
1.9667,400.0,594.1,0.0,0.0,0.0,-0.027,0.027,0.0,0.0,0,0,0,0.15,0,0.0,-0.0,0.0,0.0,0.0,0.0,0.0,-627840.0,0.0,0.0,1,0
1.9833,400.0,594.102,0.0,-0.002,0.0,0.136,0.136,0.0,9.81,0,0,0,0.15,0,0.0,-0.0,0.0,0.0,0.0,0.0,0.0,0.0,0.0,627840.0,0,0
2.0,400.0,594.1,0.0,0.0,0.0,-0.027,0.027,0.0,0.0,0,0,0,0.15,0,0.0,-0.0,0.0,0.0,0.0,0.0,0.0,-627840.0,0.0,0.0,1,0
2.0167,400.0,594.102,0.0,-0.002,0.0,0.136,0.136,0.0,9.81,0,0,0,0.15,0,0.0,-0.0,0.0,0.0,0.0,0.0,0.0,0.0,0.0,627840.0,0,0
2.0333,400.0,594.1,0.0,0.0,0.0,-0.027,0.027,0.0,0.0,0,0,0,0.15,0,0.0,-0.0,0.0,0.0,0.0,0.0,0.0,-627840.0,0.0,0.0,1,0
2.05,400.0,594.102,0.0,-0.002,0.0,0.136,0.136,0.0,9.81,0,0,0,0.15,0,0.0,-0.0,0.0,0.0,0.0,0.0,0.0,0.0,0.0,627840.0,0,0
2.0667,400.0,594.1,0.0,0.0,0.0,-0.027,0.027,0.0,0.0,0,0,0,0.15,0,0.0,-0.0,0.0,0.0,0.0,0.0,0.0,-627840.0,0.0,0.0,1,0
2.0833,400.0,594.102,0.0,-0.002,0.0,0.136,0.136,0.0,9.81,0,0,0,0.15,0,0.0,-0.0,0.0,0.0,0.0,0.0,0.0,0.0,0.0,627840.0,0,0
2.1,400.0,594.1,0.0,0.0,0.0,-0.027,0.027,0.0,0.0,0,0,0,0.15,0,0.0,-0.0,0.0,0.0,0.0,0.0,0.0,-627840.0,0.0,0.0,1,0
2.1167,400.0,594.102,0.0,-0.002,0.0,0.136,0.136,0.0,9.81,0,0,0,0.15,0,0.0,-0.0,0.0,0.0,0.0,0.0,0.0,0.0,0.0,627840.0,0,0
2.1333,400.0,594.1,0.0,0.0,0.0,-0.027,0.027,0.0,0.0,0,0,0,0.15,0,0.0,-0.0,0.0,0.0,0.0,0.0,0.0,-627840.0,0.0,0.0,1,0
2.15,400.0,594.102,0.0,-0.002,0.0,0.136,0.136,0.0,9.81,0,0,0,0.15,0,0.0,-0.0,0.0,0.0,0.0,0.0,0.0,0.0,0.0,627840.0,0,0
2.1667,400.0,594.1,0.0,0.0,0.0,-0.027,0.027,0.0,0.0,0,0,0,0.15,0,0.0,-0.0,0.0,0.0,0.0,0.0,0.0,-627840.0,0.0,0.0,1,0
2.1833,400.0,594.102,0.0,-0.002,0.0,0.136,0.136,0.0,9.81,0,0,0,0.15,0,0.0,-0.0,0.0,0.0,0.0,0.0,0.0,0.0,0.0,627840.0,0,0
2.2,400.0,594.1,0.0,0.0,0.0,-0.027,0.027,0.0,0.0,0,0,0,0.15,0,0.0,-0.0,0.0,0.0,0.0,0.0,0.0,-627840.0,0.0,0.0,1,0
2.2167,400.0,594.102,0.0,-0.002,0.0,0.136,0.136,0.0,9.81,0,0,0,0.15,0,0.0,-0.0,0.0,0.0,0.0,0.0,0.0,0.0,0.0,627840.0,0,0
2.2333,400.0,594.1,0.0,0.0,0.0,-0.027,0.027,0.0,0.0,0,0,0,0.15,0,0.0,-0.0,0.0,0.0,0.0,0.0,0.0,-627840.0,0.0,0.0,1,0
2.25,400.0,594.102,0.0,-0.002,0.0,0.136,0.136,0.0,9.81,0,0,0,0.15,0,0.0,-0.0,0.0,0.0,0.0,0.0,0.0,0.0,0.0,627840.0,0,0
2.2667,400.0,594.1,0.0,0.0,0.0,-0.027,0.027,0.0,0.0,0,0,0,0.15,0,0.0,-0.0,0.0,0.0,0.0,0.0,0.0,-627840.0,0.0,0.0,1,0
2.2833,400.0,594.102,0.0,-0.002,0.0,0.136,0.136,0.0,9.81,0,0,0,0.15,0,0.0,-0.0,0.0,0.0,0.0,0.0,0.0,0.0,0.0,627840.0,0,0
2.3,400.0,594.1,0.0,0.0,0.0,-0.027,0.027,0.0,0.0,0,0,0,0.15,0,0.0,-0.0,0.0,0.0,0.0,0.0,0.0,-627840.0,0.0,0.0,1,0
2.3167,400.0,594.102,0.0,-0.002,0.0,0.136,0.136,0.0,9.81,0,0,0,0.15,0,0.0,-0.0,0.0,0.0,0.0,0.0,0.0,0.0,0.0,627840.0,0,0
2.3333,400.0,594.1,0.0,0.0,0.0,-0.027,0.027,0.0,0.0,0,0,0,0.15,0,0.0,-0.0,0.0,0.0,0.0,0.0,0.0,-627840.0,0.0,0.0,1,0
2.35,400.0,594.102,0.0,-0.002,0.0,0.136,0.136,0.0,9.81,0,0,0,0.15,0,0.0,-0.0,0.0,0.0,0.0,0.0,0.0,0.0,0.0,627840.0,0,0
2.3667,400.0,594.1,0.0,0.0,0.0,-0.027,0.027,0.0,0.0,0,0,0,0.15,0,0.0,-0.0,0.0,0.0,0.0,0.0,0.0,-627840.0,0.0,0.0,1,0
2.3833,400.0,594.102,0.0,-0.002,0.0,0.136,0.136,0.0,9.81,0,0,0,0.15,0,0.0,-0.0,0.0,0.0,0.0,0.0,0.0,0.0,0.0,627840.0,0,0
2.4,400.0,594.1,0.0,0.0,0.0,-0.027,0.027,0.0,0.0,0,0,0,0.15,0,0.0,-0.0,0.0,0.0,0.0,0.0,0.0,-627840.0,0.0,0.0,1,0
2.4167,400.0,594.102,0.0,-0.002,0.0,0.136,0.136,0.0,9.81,0,0,0,0.15,0,0.0,-0.0,0.0,0.0,0.0,0.0,0.0,0.0,0.0,627840.0,0,0
2.4333,400.0,594.1,0.0,0.0,0.0,-0.027,0.027,0.0,0.0,0,0,0,0.15,0,0.0,-0.0,0.0,0.0,0.0,0.0,0.0,-627840.0,0.0,0.0,1,0
2.45,400.0,594.102,0.0,-0.002,0.0,0.136,0.136,0.0,9.81,0,0,0,0.15,0,0.0,-0.0,0.0,0.0,0.0,0.0,0.0,0.0,0.0,627840.0,0,0
2.4667,400.0,594.1,0.0,0.0,0.0,-0.027,0.027,0.0,0.0,0,0,0,0.15,0,0.0,-0.0,0.0,0.0,0.0,0.0,0.0,-627840.0,0.0,0.0,1,0
2.4833,400.0,594.102,0.0,-0.002,0.0,0.136,0.136,0.0,9.81,0,0,0,0.15,0,0.0,-0.0,0.0,0.0,0.0,0.0,0.0,0.0,0.0,627840.0,0,0
2.5,400.0,594.1,0.0,0.0,0.0,-0.027,0.027,0.0,0.0,0,0,0,0.15,0,0.0,-0.0,0.0,0.0,0.0,0.0,0.0,-627840.0,0.0,0.0,1,0
2.5167,400.0,594.102,0.0,-0.002,0.0,0.136,0.136,0.0,9.81,0,0,0,0.15,0,0.0,-0.0,0.0,0.0,0.0,0.0,0.0,0.0,0.0,627840.0,0,0
2.5333,400.0,594.1,0.0,0.0,0.0,-0.027,0.027,0.0,0.0,0,0,0,0.15,0,0.0,-0.0,0.0,0.0,0.0,0.0,0.0,-627840.0,0.0,0.0,1,0
2.55,400.0,594.102,0.0,-0.002,0.0,0.136,0.136,0.0,9.81,0,0,0,0.15,0,0.0,-0.0,0.0,0.0,0.0,0.0,0.0,0.0,0.0,627840.0,0,0
2.5667,400.0,594.1,0.0,0.0,0.0,-0.027,0.027,0.0,0.0,0,0,0,0.15,0,0.0,-0.0,0.0,0.0,0.0,0.0,0.0,-627840.0,0.0,0.0,1,0
2.5833,400.0,594.102,0.0,-0.002,0.0,0.136,0.136,0.0,9.81,0,0,0,0.15,0,0.0,-0.0,0.0,0.0,0.0,0.0,0.0,0.0,0.0,627840.0,0,0
2.6,400.0,594.1,0.0,0.0,0.0,-0.027,0.027,0.0,0.0,0,0,0,0.15,0,0.0,-0.0,0.0,0.0,0.0,0.0,0.0,-627840.0,0.0,0.0,1,0
2.6167,400.0,594.102,0.0,-0.002,0.0,0.136,0.136,0.0,9.81,0,0,0,0.15,0,0.0,-0.0,0.0,0.0,0.0,0.0,0.0,0.0,0.0,627840.0,0,0
2.6333,400.0,594.1,0.0,0.0,0.0,-0.027,0.027,0.0,0.0,0,0,0,0.15,0,0.0,-0.0,0.0,0.0,0.0,0.0,0.0,-627840.0,0.0,0.0,1,0
2.65,400.0,594.102,0.0,-0.002,0.0,0.136,0.136,0.0,9.81,0,0,0,0.15,0,0.0,-0.0,0.0,0.0,0.0,0.0,0.0,0.0,0.0,627840.0,0,0
2.6667,400.0,594.1,0.0,0.0,0.0,-0.027,0.027,0.0,0.0,0,0,0,0.15,0,0.0,-0.0,0.0,0.0,0.0,0.0,0.0,-627840.0,0.0,0.0,1,0
2.6833,400.0,594.102,0.0,-0.002,0.0,0.136,0.136,0.0,9.81,0,0,0,0.15,0,0.0,-0.0,0.0,0.0,0.0,0.0,0.0,0.0,0.0,627840.0,0,0
2.7,400.0,594.1,0.0,0.0,0.0,-0.027,0.027,0.0,0.0,0,0,0,0.15,0,0.0,-0.0,0.0,0.0,0.0,0.0,0.0,-627840.0,0.0,0.0,1,0
2.7167,400.0,594.102,0.0,-0.002,0.0,0.136,0.136,0.0,9.81,0,0,0,0.15,0,0.0,-0.0,0.0,0.0,0.0,0.0,0.0,0.0,0.0,627840.0,0,0
2.7333,400.0,594.1,0.0,0.0,0.0,-0.027,0.027,0.0,0.0,0,0,0,0.15,0,0.0,-0.0,0.0,0.0,0.0,0.0,0.0,-627840.0,0.0,0.0,1,0
2.75,400.0,594.102,0.0,-0.002,0.0,0.136,0.136,0.0,9.81,0,0,0,0.15,0,0.0,-0.0,0.0,0.0,0.0,0.0,0.0,0.0,0.0,627840.0,0,0
2.7667,400.0,594.1,0.0,0.0,0.0,-0.027,0.027,0.0,0.0,0,0,0,0.15,0,0.0,-0.0,0.0,0.0,0.0,0.0,0.0,-627840.0,0.0,0.0,1,0
2.7833,400.0,594.102,0.0,-0.002,0.0,0.136,0.136,0.0,9.81,0,0,0,0.15,0,0.0,-0.0,0.0,0.0,0.0,0.0,0.0,0.0,0.0,627840.0,0,0
2.8,400.0,594.1,0.0,0.0,0.0,-0.027,0.027,0.0,0.0,0,0,0,0.15,0,0.0,-0.0,0.0,0.0,0.0,0.0,0.0,-627840.0,0.0,0.0,1,0
2.8167,400.0,594.102,0.0,-0.002,0.0,0.136,0.136,0.0,9.81,0,0,0,0.15,0,0.0,-0.0,0.0,0.0,0.0,0.0,0.0,0.0,0.0,627840.0,0,0
2.8333,400.0,594.1,0.0,0.0,0.0,-0.027,0.027,0.0,0.0,0,0,0,0.15,0,0.0,-0.0,0.0,0.0,0.0,0.0,0.0,-627840.0,0.0,0.0,1,0
2.85,400.0,594.102,0.0,-0.002,0.0,0.136,0.136,0.0,9.81,0,0,0,0.15,0,0.0,-0.0,0.0,0.0,0.0,0.0,0.0,0.0,0.0,627840.0,0,0
2.8667,400.0,594.1,0.0,0.0,0.0,-0.027,0.027,0.0,0.0,0,0,0,0.15,0,0.0,-0.0,0.0,0.0,0.0,0.0,0.0,-627840.0,0.0,0.0,1,0
2.8833,400.0,594.102,0.0,-0.002,0.0,0.136,0.136,0.0,9.81,0,0,0,0.15,0,0.0,-0.0,0.0,0.0,0.0,0.0,0.0,0.0,0.0,627840.0,0,0
2.9,400.0,594.1,0.0,0.0,0.0,-0.027,0.027,0.0,0.0,0,0,0,0.15,0,0.0,-0.0,0.0,0.0,0.0,0.0,0.0,-627840.0,0.0,0.0,1,0
2.9167,400.0,594.102,0.0,-0.002,0.0,0.136,0.136,0.0,9.81,0,0,0,0.15,0,0.0,-0.0,0.0,0.0,0.0,0.0,0.0,0.0,0.0,627840.0,0,0
2.9333,400.0,594.1,0.0,0.0,0.0,-0.027,0.027,0.0,0.0,0,0,0,0.15,0,0.0,-0.0,0.0,0.0,0.0,0.0,0.0,-627840.0,0.0,0.0,1,0
2.95,400.0,594.102,0.0,-0.002,0.0,0.136,0.136,0.0,9.81,0,0,0,0.15,0,0.0,-0.0,0.0,0.0,0.0,0.0,0.0,0.0,0.0,627840.0,0,0
2.9667,400.0,594.1,0.0,0.0,0.0,-0.027,0.027,0.0,0.0,0,0,0,0.15,0,0.0,-0.0,0.0,0.0,0.0,0.0,0.0,-627840.0,0.0,0.0,1,0
2.9833,400.0,594.102,0.0,-0.002,0.0,0.136,0.136,0.0,9.81,0,0,0,0.15,0,0.0,-0.0,0.0,0.0,0.0,0.0,0.0,0.0,0.0,627840.0,0,0
3.0,400.0,594.1,0.0,0.0,0.0,-0.027,0.027,0.0,0.0,0,0,0,0.15,0,0.0,-0.0,0.0,0.0,0.0,0.0,0.0,-627840.0,0.0,0.0,1,0
3.0167,400.0,594.102,0.0,-0.002,0.0,0.136,0.136,0.0,9.81,0,0,0,0.15,0,0.0,-0.0,0.0,0.0,0.0,0.0,0.0,0.0,0.0,627840.0,0,0
3.0333,400.0,594.1,0.0,0.0,0.0,-0.027,0.027,0.0,0.0,0,0,0,0.15,0,0.0,-0.0,0.0,0.0,0.0,0.0,0.0,-627840.0,0.0,0.0,1,0
3.05,400.0,594.102,0.0,-0.002,0.0,0.136,0.136,0.0,9.81,0,0,0,0.15,0,0.0,-0.0,0.0,0.0,0.0,0.0,0.0,0.0,0.0,627840.0,0,0
3.0667,400.0,594.1,0.0,0.0,0.0,-0.027,0.027,0.0,0.0,0,0,0,0.15,0,0.0,-0.0,0.0,0.0,0.0,0.0,0.0,-627840.0,0.0,0.0,1,0
3.0833,400.0,594.102,0.0,-0.002,0.0,0.136,0.136,0.0,9.81,0,0,0,0.15,0,0.0,-0.0,0.0,0.0,0.0,0.0,0.0,0.0,0.0,627840.0,0,0
3.1,400.0,594.1,0.0,0.0,0.0,-0.027,0.027,0.0,0.0,0,0,0,0.15,0,0.0,-0.0,0.0,0.0,0.0,0.0,0.0,-627840.0,0.0,0.0,1,0
3.1167,400.0,594.102,0.0,-0.002,0.0,0.136,0.136,0.0,9.81,0,0,0,0.15,0,0.0,-0.0,0.0,0.0,0.0,0.0,0.0,0.0,0.0,627840.0,0,0
3.1333,400.0,594.1,0.0,0.0,0.0,-0.027,0.027,0.0,0.0,0,0,0,0.15,0,0.0,-0.0,0.0,0.0,0.0,0.0,0.0,-627840.0,0.0,0.0,1,0
3.15,400.0,594.102,0.0,-0.002,0.0,0.136,0.136,0.0,9.81,0,0,0,0.15,0,0.0,-0.0,0.0,0.0,0.0,0.0,0.0,0.0,0.0,627840.0,0,0
3.1667,400.0,594.1,0.0,0.0,0.0,-0.027,0.027,0.0,0.0,0,0,0,0.15,0,0.0,-0.0,0.0,0.0,0.0,0.0,0.0,-627840.0,0.0,0.0,1,0
3.1833,400.0,594.102,0.0,-0.002,0.0,0.136,0.136,0.0,9.81,0,0,0,0.15,0,0.0,-0.0,0.0,0.0,0.0,0.0,0.0,0.0,0.0,627840.0,0,0
3.2,400.0,594.1,0.0,0.0,0.0,-0.027,0.027,0.0,0.0,0,0,0,0.15,0,0.0,-0.0,0.0,0.0,0.0,0.0,0.0,-627840.0,0.0,0.0,1,0
3.2167,400.0,594.102,0.0,-0.002,0.0,0.136,0.136,0.0,9.81,0,0,0,0.15,0,0.0,-0.0,0.0,0.0,0.0,0.0,0.0,0.0,0.0,627840.0,0,0
3.2333,400.0,594.1,0.0,0.0,0.0,-0.027,0.027,0.0,0.0,0,0,0,0.15,0,0.0,-0.0,0.0,0.0,0.0,0.0,0.0,-627840.0,0.0,0.0,1,0
3.25,400.0,594.102,0.0,-0.002,0.0,0.136,0.136,0.0,9.81,0,0,0,0.15,0,0.0,-0.0,0.0,0.0,0.0,0.0,0.0,0.0,0.0,627840.0,0,0
3.2667,400.0,594.1,0.0,0.0,0.0,-0.027,0.027,0.0,0.0,0,0,0,0.15,0,0.0,-0.0,0.0,0.0,0.0,0.0,0.0,-627840.0,0.0,0.0,1,0
3.2833,400.0,594.102,0.0,-0.002,0.0,0.136,0.136,0.0,9.81,0,0,0,0.15,0,0.0,-0.0,0.0,0.0,0.0,0.0,0.0,0.0,0.0,627840.0,0,0
3.3,400.0,594.1,0.0,0.0,0.0,-0.027,0.027,0.0,0.0,0,0,0,0.15,0,0.0,-0.0,0.0,0.0,0.0,0.0,0.0,-627840.0,0.0,0.0,1,0
3.3167,400.0,594.102,0.0,-0.002,0.0,0.136,0.136,0.0,9.81,0,0,0,0.15,0,0.0,-0.0,0.0,0.0,0.0,0.0,0.0,0.0,0.0,627840.0,0,0
3.3333,400.0,594.1,0.0,0.0,0.0,-0.027,0.027,0.0,0.0,0,0,0,0.15,0,0.0,-0.0,0.0,0.0,0.0,0.0,0.0,-627840.0,0.0,0.0,1,0
3.35,400.0,594.102,0.0,-0.002,0.0,0.136,0.136,0.0,9.81,0,0,0,0.15,0,0.0,-0.0,0.0,0.0,0.0,0.0,0.0,0.0,0.0,627840.0,0,0
3.3667,400.0,594.1,0.0,0.0,0.0,-0.027,0.027,0.0,0.0,0,0,0,0.15,0,0.0,-0.0,0.0,0.0,0.0,0.0,0.0,-627840.0,0.0,0.0,1,0
3.3833,400.0,594.102,0.0,-0.002,0.0,0.136,0.136,0.0,9.81,0,0,0,0.15,0,0.0,-0.0,0.0,0.0,0.0,0.0,0.0,0.0,0.0,627840.0,0,0
3.4,400.0,594.1,0.0,0.0,0.0,-0.027,0.027,0.0,0.0,0,0,0,0.15,0,0.0,-0.0,0.0,0.0,0.0,0.0,0.0,-627840.0,0.0,0.0,1,0
3.4167,400.0,594.102,0.0,-0.002,0.0,0.136,0.136,0.0,9.81,0,0,0,0.15,0,0.0,-0.0,0.0,0.0,0.0,0.0,0.0,0.0,0.0,627840.0,0,0
3.4333,400.0,594.1,0.0,0.0,0.0,-0.027,0.027,0.0,0.0,0,0,0,0.15,0,0.0,-0.0,0.0,0.0,0.0,0.0,0.0,-627840.0,0.0,0.0,1,0
3.45,400.0,594.102,0.0,-0.002,0.0,0.136,0.136,0.0,9.81,0,0,0,0.15,0,0.0,-0.0,0.0,0.0,0.0,0.0,0.0,0.0,0.0,627840.0,0,0
3.4667,400.0,594.1,0.0,0.0,0.0,-0.027,0.027,0.0,0.0,0,0,0,0.15,0,0.0,-0.0,0.0,0.0,0.0,0.0,0.0,-627840.0,0.0,0.0,1,0
3.4833,400.0,594.102,0.0,-0.002,0.0,0.136,0.136,0.0,9.81,0,0,0,0.15,0,0.0,-0.0,0.0,0.0,0.0,0.0,0.0,0.0,0.0,627840.0,0,0
3.5,400.0,594.1,0.0,0.0,0.0,-0.027,0.027,0.0,0.0,0,0,0,0.15,0,0.0,-0.0,0.0,0.0,0.0,0.0,0.0,-627840.0,0.0,0.0,1,0
3.5167,400.0,594.102,0.0,-0.002,0.0,0.136,0.136,0.0,9.81,0,0,0,0.15,0,0.0,-0.0,0.0,0.0,0.0,0.0,0.0,0.0,0.0,627840.0,0,0
3.5333,400.0,594.1,0.0,0.0,0.0,-0.027,0.027,0.0,0.0,0,0,0,0.15,0,0.0,-0.0,0.0,0.0,0.0,0.0,0.0,-627840.0,0.0,0.0,1,0
3.55,400.0,594.102,0.0,-0.002,0.0,0.136,0.136,0.0,9.81,0,0,0,0.15,0,0.0,-0.0,0.0,0.0,0.0,0.0,0.0,0.0,0.0,627840.0,0,0
3.5667,400.0,594.1,0.0,0.0,0.0,-0.027,0.027,0.0,0.0,0,0,0,0.15,0,0.0,-0.0,0.0,0.0,0.0,0.0,0.0,-627840.0,0.0,0.0,1,0
3.5833,400.0,594.102,0.0,-0.002,0.0,0.136,0.136,0.0,9.81,0,0,0,0.15,0,0.0,-0.0,0.0,0.0,0.0,0.0,0.0,0.0,0.0,627840.0,0,0
3.6,400.0,594.1,0.0,0.0,0.0,-0.027,0.027,0.0,0.0,0,0,0,0.15,0,0.0,-0.0,0.0,0.0,0.0,0.0,0.0,-627840.0,0.0,0.0,1,0
3.6167,400.0,594.102,0.0,-0.002,0.0,0.136,0.136,0.0,9.81,0,0,0,0.15,0,0.0,-0.0,0.0,0.0,0.0,0.0,0.0,0.0,0.0,627840.0,0,0
3.6333,400.0,594.1,0.0,0.0,0.0,-0.027,0.027,0.0,0.0,0,0,0,0.15,0,0.0,-0.0,0.0,0.0,0.0,0.0,0.0,-627840.0,0.0,0.0,1,0
3.65,400.0,594.102,0.0,-0.002,0.0,0.136,0.136,0.0,9.81,0,0,0,0.15,0,0.0,-0.0,0.0,0.0,0.0,0.0,0.0,0.0,0.0,627840.0,0,0
3.6667,400.0,594.1,0.0,0.0,0.0,-0.027,0.027,0.0,0.0,0,0,0,0.15,0,0.0,-0.0,0.0,0.0,0.0,0.0,0.0,-627840.0,0.0,0.0,1,0
3.6833,400.0,594.102,0.0,-0.002,0.0,0.136,0.136,0.0,9.81,0,0,0,0.15,0,0.0,-0.0,0.0,0.0,0.0,0.0,0.0,0.0,0.0,627840.0,0,0
3.7,400.0,594.1,0.0,0.0,0.0,-0.027,0.027,0.0,0.0,0,0,0,0.15,0,0.0,-0.0,0.0,0.0,0.0,0.0,0.0,-627840.0,0.0,0.0,1,0
3.7167,400.0,594.102,0.0,-0.002,0.0,0.136,0.136,0.0,9.81,0,0,0,0.15,0,0.0,-0.0,0.0,0.0,0.0,0.0,0.0,0.0,0.0,627840.0,0,0
3.7333,400.0,594.1,0.0,0.0,0.0,-0.027,0.027,0.0,0.0,0,0,0,0.15,0,0.0,-0.0,0.0,0.0,0.0,0.0,0.0,-627840.0,0.0,0.0,1,0
3.75,400.0,594.102,0.0,-0.002,0.0,0.136,0.136,0.0,9.81,0,0,0,0.15,0,0.0,-0.0,0.0,0.0,0.0,0.0,0.0,0.0,0.0,627840.0,0,0
3.7667,400.0,594.1,0.0,0.0,0.0,-0.027,0.027,0.0,0.0,0,0,0,0.15,0,0.0,-0.0,0.0,0.0,0.0,0.0,0.0,-627840.0,0.0,0.0,1,0
3.7833,400.0,594.102,0.0,-0.002,0.0,0.136,0.136,0.0,9.81,0,0,0,0.15,0,0.0,-0.0,0.0,0.0,0.0,0.0,0.0,0.0,0.0,627840.0,0,0
3.8,400.0,594.1,0.0,0.0,0.0,-0.027,0.027,0.0,0.0,0,0,0,0.15,0,0.0,-0.0,0.0,0.0,0.0,0.0,0.0,-627840.0,0.0,0.0,1,0
3.8167,400.0,594.102,0.0,-0.002,0.0,0.136,0.136,0.0,9.81,0,0,0,0.15,0,0.0,-0.0,0.0,0.0,0.0,0.0,0.0,0.0,0.0,627840.0,0,0
3.8333,400.0,594.1,0.0,0.0,0.0,-0.027,0.027,0.0,0.0,0,0,0,0.15,0,0.0,-0.0,0.0,0.0,0.0,0.0,0.0,-627840.0,0.0,0.0,1,0
3.85,400.0,594.102,0.0,-0.002,0.0,0.136,0.136,0.0,9.81,0,0,0,0.15,0,0.0,-0.0,0.0,0.0,0.0,0.0,0.0,0.0,0.0,627840.0,0,0
3.8667,400.0,594.1,0.0,0.0,0.0,-0.027,0.027,0.0,0.0,0,0,0,0.15,0,0.0,-0.0,0.0,0.0,0.0,0.0,0.0,-627840.0,0.0,0.0,1,0
3.8833,400.0,594.102,0.0,-0.002,0.0,0.136,0.136,0.0,9.81,0,0,0,0.15,0,0.0,-0.0,0.0,0.0,0.0,0.0,0.0,0.0,0.0,627840.0,0,0
3.9,400.0,594.1,0.0,0.0,0.0,-0.027,0.027,0.0,0.0,0,0,0,0.15,0,0.0,-0.0,0.0,0.0,0.0,0.0,0.0,-627840.0,0.0,0.0,1,0
3.9167,400.0,594.102,0.0,-0.002,0.0,0.136,0.136,0.0,9.81,0,0,0,0.15,0,0.0,-0.0,0.0,0.0,0.0,0.0,0.0,0.0,0.0,627840.0,0,0
3.9333,400.0,594.1,0.0,0.0,0.0,-0.027,0.027,0.0,0.0,0,0,0,0.15,0,0.0,-0.0,0.0,0.0,0.0,0.0,0.0,-627840.0,0.0,0.0,1,0
3.95,400.0,594.102,0.0,-0.002,0.0,0.136,0.136,0.0,9.81,0,0,0,0.15,0,0.0,-0.0,0.0,0.0,0.0,0.0,0.0,0.0,0.0,627840.0,0,0
3.9667,400.0,594.1,0.0,0.0,0.0,-0.027,0.027,0.0,0.0,0,0,0,0.15,0,0.0,-0.0,0.0,0.0,0.0,0.0,0.0,-627840.0,0.0,0.0,1,0
3.9833,400.0,594.102,0.0,-0.002,0.0,0.136,0.136,0.0,9.81,0,0,0,0.15,0,0.0,-0.0,0.0,0.0,0.0,0.0,0.0,0.0,0.0,627840.0,0,0
4.0,400.0,594.1,0.0,0.0,0.0,-0.027,0.027,0.0,0.0,0,0,0,0.15,0,0.0,-0.0,0.0,0.0,0.0,0.0,0.0,-627840.0,0.0,0.0,1,0
4.0167,400.0,594.102,0.0,-0.002,0.0,0.136,0.136,0.0,9.81,0,0,0,0.15,0,0.0,-0.0,0.0,0.0,0.0,0.0,0.0,0.0,0.0,627840.0,0,0
4.0333,400.0,594.1,0.0,0.0,0.0,-0.027,0.027,0.0,0.0,0,0,0,0.15,0,0.0,-0.0,0.0,0.0,0.0,0.0,0.0,-627840.0,0.0,0.0,1,0
4.05,400.0,594.102,0.0,-0.002,0.0,0.136,0.136,0.0,9.81,0,0,0,0.15,0,0.0,-0.0,0.0,0.0,0.0,0.0,0.0,0.0,0.0,627840.0,0,0
4.0667,400.0,594.1,0.0,0.0,0.0,-0.027,0.027,0.0,0.0,0,0,0,0.15,0,0.0,-0.0,0.0,0.0,0.0,0.0,0.0,-627840.0,0.0,0.0,1,0
4.0833,400.0,594.102,0.0,-0.002,0.0,0.136,0.136,0.0,9.81,0,0,0,0.15,0,0.0,-0.0,0.0,0.0,0.0,0.0,0.0,0.0,0.0,627840.0,0,0
4.1,400.0,594.1,0.0,0.0,0.0,-0.027,0.027,0.0,0.0,0,0,0,0.15,0,0.0,-0.0,0.0,0.0,0.0,0.0,0.0,-627840.0,0.0,0.0,1,0
4.1167,400.0,594.102,0.0,-0.002,0.0,0.136,0.136,0.0,9.81,0,0,0,0.15,0,0.0,-0.0,0.0,0.0,0.0,0.0,0.0,0.0,0.0,627840.0,0,0
4.1333,400.0,594.1,0.0,0.0,0.0,-0.027,0.027,0.0,0.0,0,0,0,0.15,0,0.0,-0.0,0.0,0.0,0.0,0.0,0.0,-627840.0,0.0,0.0,1,0
4.15,400.0,594.102,0.0,-0.002,0.0,0.136,0.136,0.0,9.81,0,0,0,0.15,0,0.0,-0.0,0.0,0.0,0.0,0.0,0.0,0.0,0.0,627840.0,0,0
4.1667,400.0,594.1,0.0,0.0,0.0,-0.027,0.027,0.0,0.0,0,0,0,0.15,0,0.0,-0.0,0.0,0.0,0.0,0.0,0.0,-627840.0,0.0,0.0,1,0
4.1833,400.0,594.102,0.0,-0.002,0.0,0.136,0.136,0.0,9.81,0,0,0,0.15,0,0.0,-0.0,0.0,0.0,0.0,0.0,0.0,0.0,0.0,627840.0,0,0
4.2,400.0,594.1,0.0,0.0,0.0,-0.027,0.027,0.0,0.0,0,0,0,0.15,0,0.0,-0.0,0.0,0.0,0.0,0.0,0.0,-627840.0,0.0,0.0,1,0
4.2167,400.0,594.102,0.0,-0.002,0.0,0.136,0.136,0.0,9.81,0,0,0,0.15,0,0.0,-0.0,0.0,0.0,0.0,0.0,0.0,0.0,0.0,627840.0,0,0
4.2333,400.0,594.1,0.0,0.0,0.0,-0.027,0.027,0.0,0.0,0,0,0,0.15,0,0.0,-0.0,0.0,0.0,0.0,0.0,0.0,-627840.0,0.0,0.0,1,0
4.25,400.0,594.102,0.0,-0.002,0.0,0.136,0.136,0.0,9.81,0,0,0,0.15,0,0.0,-0.0,0.0,0.0,0.0,0.0,0.0,0.0,0.0,627840.0,0,0
4.2667,400.0,594.1,0.0,0.0,0.0,-0.027,0.027,0.0,0.0,0,0,0,0.15,0,0.0,-0.0,0.0,0.0,0.0,0.0,0.0,-627840.0,0.0,0.0,1,0
4.2833,400.0,594.102,0.0,-0.002,0.0,0.136,0.136,0.0,9.81,0,0,0,0.15,0,0.0,-0.0,0.0,0.0,0.0,0.0,0.0,0.0,0.0,627840.0,0,0
4.3,400.0,594.1,0.0,0.0,0.0,-0.027,0.027,0.0,0.0,0,0,0,0.15,0,0.0,-0.0,0.0,0.0,0.0,0.0,0.0,-627840.0,0.0,0.0,1,0
4.3167,400.0,594.102,0.0,-0.002,0.0,0.136,0.136,0.0,9.81,0,0,0,0.15,0,0.0,-0.0,0.0,0.0,0.0,0.0,0.0,0.0,0.0,627840.0,0,0
4.3333,400.0,594.1,0.0,0.0,0.0,-0.027,0.027,0.0,0.0,0,0,0,0.15,0,0.0,-0.0,0.0,0.0,0.0,0.0,0.0,-627840.0,0.0,0.0,1,0
4.35,400.0,594.102,0.0,-0.002,0.0,0.136,0.136,0.0,9.81,0,0,0,0.15,0,0.0,-0.0,0.0,0.0,0.0,0.0,0.0,0.0,0.0,627840.0,0,0
4.3667,400.0,594.1,0.0,0.0,0.0,-0.027,0.027,0.0,0.0,0,0,0,0.15,0,0.0,-0.0,0.0,0.0,0.0,0.0,0.0,-627840.0,0.0,0.0,1,0
4.3833,400.0,594.102,0.0,-0.002,0.0,0.136,0.136,0.0,9.81,0,0,0,0.15,0,0.0,-0.0,0.0,0.0,0.0,0.0,0.0,0.0,0.0,627840.0,0,0
4.4,400.0,594.1,0.0,0.0,0.0,-0.027,0.027,0.0,0.0,0,0,0,0.15,0,0.0,-0.0,0.0,0.0,0.0,0.0,0.0,-627840.0,0.0,0.0,1,0
4.4167,400.0,594.102,0.0,-0.002,0.0,0.136,0.136,0.0,9.81,0,0,0,0.15,0,0.0,-0.0,0.0,0.0,0.0,0.0,0.0,0.0,0.0,627840.0,0,0
4.4333,400.0,594.1,0.0,0.0,0.0,-0.027,0.027,0.0,0.0,0,0,0,0.15,0,0.0,-0.0,0.0,0.0,0.0,0.0,0.0,-627840.0,0.0,0.0,1,0
4.45,400.0,594.102,0.0,-0.002,0.0,0.136,0.136,0.0,9.81,0,0,0,0.15,0,0.0,-0.0,0.0,0.0,0.0,0.0,0.0,0.0,0.0,627840.0,0,0
4.4667,400.0,594.1,0.0,0.0,0.0,-0.027,0.027,0.0,0.0,0,0,0,0.15,0,0.0,-0.0,0.0,0.0,0.0,0.0,0.0,-627840.0,0.0,0.0,1,0
4.4833,400.0,594.102,0.0,-0.002,0.0,0.136,0.136,0.0,9.81,0,0,0,0.15,0,0.0,-0.0,0.0,0.0,0.0,0.0,0.0,0.0,0.0,627840.0,0,0
4.5,400.0,594.1,0.0,0.0,0.0,-0.027,0.027,0.0,0.0,0,0,0,0.15,0,0.0,-0.0,0.0,0.0,0.0,0.0,0.0,-627840.0,0.0,0.0,1,0
4.5167,400.0,594.102,0.0,-0.002,0.0,0.136,0.136,0.0,9.81,0,0,0,0.15,0,0.0,-0.0,0.0,0.0,0.0,0.0,0.0,0.0,0.0,627840.0,0,0
4.5333,400.0,594.1,0.0,0.0,0.0,-0.027,0.027,0.0,0.0,0,0,0,0.15,0,0.0,-0.0,0.0,0.0,0.0,0.0,0.0,-627840.0,0.0,0.0,1,0
4.55,400.0,594.102,0.0,-0.002,0.0,0.136,0.136,0.0,9.81,0,0,0,0.15,0,0.0,-0.0,0.0,0.0,0.0,0.0,0.0,0.0,0.0,627840.0,0,0
4.5667,400.0,594.1,0.0,0.0,0.0,-0.027,0.027,0.0,0.0,0,0,0,0.15,0,0.0,-0.0,0.0,0.0,0.0,0.0,0.0,-627840.0,0.0,0.0,1,0
4.5833,400.0,594.102,0.0,-0.002,0.0,0.136,0.136,0.0,9.81,0,0,0,0.15,0,0.0,-0.0,0.0,0.0,0.0,0.0,0.0,0.0,0.0,627840.0,0,0
4.6,400.0,594.1,0.0,0.0,0.0,-0.027,0.027,0.0,0.0,0,0,0,0.15,0,0.0,-0.0,0.0,0.0,0.0,0.0,0.0,-627840.0,0.0,0.0,1,0
4.6167,400.0,594.102,0.0,-0.002,0.0,0.136,0.136,0.0,9.81,0,0,0,0.15,0,0.0,-0.0,0.0,0.0,0.0,0.0,0.0,0.0,0.0,627840.0,0,0
4.6333,400.0,594.1,0.0,0.0,0.0,-0.027,0.027,0.0,0.0,0,0,0,0.15,0,0.0,-0.0,0.0,0.0,0.0,0.0,0.0,-627840.0,0.0,0.0,1,0
4.65,400.0,594.102,0.0,-0.002,0.0,0.136,0.136,0.0,9.81,0,0,0,0.15,0,0.0,-0.0,0.0,0.0,0.0,0.0,0.0,0.0,0.0,627840.0,0,0
4.6667,400.0,594.1,0.0,0.0,0.0,-0.027,0.027,0.0,0.0,0,0,0,0.15,0,0.0,-0.0,0.0,0.0,0.0,0.0,0.0,-627840.0,0.0,0.0,1,0
4.6833,400.0,594.102,0.0,-0.002,0.0,0.136,0.136,0.0,9.81,0,0,0,0.15,0,0.0,-0.0,0.0,0.0,0.0,0.0,0.0,0.0,0.0,627840.0,0,0
4.7,400.0,594.1,0.0,0.0,0.0,-0.027,0.027,0.0,0.0,0,0,0,0.15,0,0.0,-0.0,0.0,0.0,0.0,0.0,0.0,-627840.0,0.0,0.0,1,0
4.7167,400.0,594.102,0.0,-0.002,0.0,0.136,0.136,0.0,9.81,0,0,0,0.15,0,0.0,-0.0,0.0,0.0,0.0,0.0,0.0,0.0,0.0,627840.0,0,0
4.7333,400.0,594.1,0.0,0.0,0.0,-0.027,0.027,0.0,0.0,0,0,0,0.15,0,0.0,-0.0,0.0,0.0,0.0,0.0,0.0,-627840.0,0.0,0.0,1,0
4.75,400.0,594.102,0.0,-0.002,0.0,0.136,0.136,0.0,9.81,0,0,0,0.15,0,0.0,-0.0,0.0,0.0,0.0,0.0,0.0,0.0,0.0,627840.0,0,0
4.7667,400.0,594.1,0.0,0.0,0.0,-0.027,0.027,0.0,0.0,0,0,0,0.15,0,0.0,-0.0,0.0,0.0,0.0,0.0,0.0,-627840.0,0.0,0.0,1,0
4.7833,400.0,594.102,0.0,-0.002,0.0,0.136,0.136,0.0,9.81,0,0,0,0.15,0,0.0,-0.0,0.0,0.0,0.0,0.0,0.0,0.0,0.0,627840.0,0,0
4.8,400.0,594.1,0.0,0.0,0.0,-0.027,0.027,0.0,0.0,0,0,0,0.15,0,0.0,-0.0,0.0,0.0,0.0,0.0,0.0,-627840.0,0.0,0.0,1,0
4.8167,400.0,594.102,0.0,-0.002,0.0,0.136,0.136,0.0,9.81,0,0,0,0.15,0,0.0,-0.0,0.0,0.0,0.0,0.0,0.0,0.0,0.0,627840.0,0,0
4.8333,400.0,594.1,0.0,0.0,0.0,-0.027,0.027,0.0,0.0,0,0,0,0.15,0,0.0,-0.0,0.0,0.0,0.0,0.0,0.0,-627840.0,0.0,0.0,1,0
4.85,400.0,594.102,0.0,-0.002,0.0,0.136,0.136,0.0,9.81,0,0,0,0.15,0,0.0,-0.0,0.0,0.0,0.0,0.0,0.0,0.0,0.0,627840.0,0,0
4.8667,400.0,594.1,0.0,0.0,0.0,-0.027,0.027,0.0,0.0,0,0,0,0.15,0,0.0,-0.0,0.0,0.0,0.0,0.0,0.0,-627840.0,0.0,0.0,1,0
4.8833,400.0,594.102,0.0,-0.002,0.0,0.136,0.136,0.0,9.81,0,0,0,0.15,0,0.0,-0.0,0.0,0.0,0.0,0.0,0.0,0.0,0.0,627840.0,0,0
4.9,400.0,594.1,0.0,0.0,0.0,-0.027,0.027,0.0,0.0,0,0,0,0.15,0,0.0,-0.0,0.0,0.0,0.0,0.0,0.0,-627840.0,0.0,0.0,1,0
4.9167,400.0,594.102,0.0,-0.002,0.0,0.136,0.136,0.0,9.81,0,0,0,0.15,0,0.0,-0.0,0.0,0.0,0.0,0.0,0.0,0.0,0.0,627840.0,0,0
4.9333,400.0,594.1,0.0,0.0,0.0,-0.027,0.027,0.0,0.0,0,0,0,0.15,0,0.0,-0.0,0.0,0.0,0.0,0.0,0.0,-627840.0,0.0,0.0,1,0
4.95,400.0,594.102,0.0,-0.002,0.0,0.136,0.136,0.0,9.81,0,0,0,0.15,0,0.0,-0.0,0.0,0.0,0.0,0.0,0.0,0.0,0.0,627840.0,0,0
4.9667,400.0,594.1,0.0,0.0,0.0,-0.027,0.027,0.0,0.0,0,0,0,0.15,0,0.0,-0.0,0.0,0.0,0.0,0.0,0.0,-627840.0,0.0,0.0,1,0
4.9833,400.0,594.102,0.0,-0.002,0.0,0.136,0.136,0.0,9.81,0,0,0,0.15,0,0.0,-0.0,0.0,0.0,0.0,0.0,0.0,0.0,0.0,627840.0,0,0
5.0,400.0,594.1,0.0,0.0,0.0,-0.027,0.027,0.0,0.0,0,0,0,0.15,0,0.0,-0.0,0.0,0.0,0.0,0.0,0.0,-627840.0,0.0,0.0,1,0
5.0167,400.0,594.102,0.0,-0.002,0.0,0.136,0.136,0.0,9.81,0,0,0,0.15,0,0.0,-0.0,0.0,0.0,0.0,0.0,0.0,0.0,0.0,627840.0,0,0
5.0333,400.0,594.1,0.0,0.0,0.0,-0.027,0.027,0.0,0.0,0,0,0,0.15,0,0.0,-0.0,0.0,0.0,0.0,0.0,0.0,-627840.0,0.0,0.0,1,0
5.05,400.0,594.102,0.0,-0.002,0.0,0.136,0.136,0.0,9.81,0,0,0,0.15,0,0.0,-0.0,0.0,0.0,0.0,0.0,0.0,0.0,0.0,627840.0,0,0
5.0667,400.0,594.1,0.0,0.0,0.0,-0.027,0.027,0.0,0.0,0,0,0,0.15,0,0.0,-0.0,0.0,0.0,0.0,0.0,0.0,-627840.0,0.0,0.0,1,0
5.0833,400.0,594.102,0.0,-0.002,0.0,0.136,0.136,0.0,9.81,0,0,0,0.15,0,0.0,-0.0,0.0,0.0,0.0,0.0,0.0,0.0,0.0,627840.0,0,0
5.1,400.0,594.1,0.0,0.0,0.0,-0.027,0.027,0.0,0.0,0,0,0,0.15,0,0.0,-0.0,0.0,0.0,0.0,0.0,0.0,-627840.0,0.0,0.0,1,0
5.1167,400.0,594.102,0.0,-0.002,0.0,0.136,0.136,0.0,9.81,0,0,0,0.15,0,0.0,-0.0,0.0,0.0,0.0,0.0,0.0,0.0,0.0,627840.0,0,0
5.1333,400.0,594.1,0.0,0.0,0.0,-0.027,0.027,0.0,0.0,0,0,0,0.15,0,0.0,-0.0,0.0,0.0,0.0,0.0,0.0,-627840.0,0.0,0.0,1,0
5.15,400.0,594.102,0.0,-0.002,0.0,0.136,0.136,0.0,9.81,0,0,0,0.15,0,0.0,-0.0,0.0,0.0,0.0,0.0,0.0,0.0,0.0,627840.0,0,0
5.1667,400.0,594.1,0.0,0.0,0.0,-0.027,0.027,0.0,0.0,0,0,0,0.15,0,0.0,-0.0,0.0,0.0,0.0,0.0,0.0,-627840.0,0.0,0.0,1,0
5.1833,400.0,594.102,0.0,-0.002,0.0,0.136,0.136,0.0,9.81,0,0,0,0.15,0,0.0,-0.0,0.0,0.0,0.0,0.0,0.0,0.0,0.0,627840.0,0,0
5.2,400.0,594.1,0.0,0.0,0.0,-0.027,0.027,0.0,0.0,0,0,0,0.15,0,0.0,-0.0,0.0,0.0,0.0,0.0,0.0,-627840.0,0.0,0.0,1,0
5.2167,400.0,594.102,0.0,-0.002,0.0,0.136,0.136,0.0,9.81,0,0,0,0.15,0,0.0,-0.0,0.0,0.0,0.0,0.0,0.0,0.0,0.0,627840.0,0,0
5.2333,400.0,594.1,0.0,0.0,0.0,-0.027,0.027,0.0,0.0,0,0,0,0.15,0,0.0,-0.0,0.0,0.0,0.0,0.0,0.0,-627840.0,0.0,0.0,1,0
5.25,400.0,594.102,0.0,-0.002,0.0,0.136,0.136,0.0,9.81,0,0,0,0.15,0,0.0,-0.0,0.0,0.0,0.0,0.0,0.0,0.0,0.0,627840.0,0,0
5.2667,400.0,594.1,0.0,0.0,0.0,-0.027,0.027,0.0,0.0,0,0,0,0.15,0,0.0,-0.0,0.0,0.0,0.0,0.0,0.0,-627840.0,0.0,0.0,1,0
5.2833,400.0,594.102,0.0,-0.002,0.0,0.136,0.136,0.0,9.81,0,0,0,0.15,0,0.0,-0.0,0.0,0.0,0.0,0.0,0.0,0.0,0.0,627840.0,0,0
5.3,400.0,594.1,0.0,0.0,0.0,-0.027,0.027,0.0,0.0,0,0,0,0.15,0,0.0,-0.0,0.0,0.0,0.0,0.0,0.0,-627840.0,0.0,0.0,1,0
5.3167,400.0,594.102,0.0,-0.002,0.0,0.136,0.136,0.0,9.81,0,0,0,0.15,0,0.0,-0.0,0.0,0.0,0.0,0.0,0.0,0.0,0.0,627840.0,0,0
5.3333,400.0,594.1,0.0,0.0,0.0,-0.027,0.027,0.0,0.0,0,0,0,0.15,0,0.0,-0.0,0.0,0.0,0.0,0.0,0.0,-627840.0,0.0,0.0,1,0
5.35,400.0,594.102,0.0,-0.002,0.0,0.136,0.136,0.0,9.81,0,0,0,0.15,0,0.0,-0.0,0.0,0.0,0.0,0.0,0.0,0.0,0.0,627840.0,0,0
5.3667,400.0,594.1,0.0,0.0,0.0,-0.027,0.027,0.0,0.0,0,0,0,0.15,0,0.0,-0.0,0.0,0.0,0.0,0.0,0.0,-627840.0,0.0,0.0,1,0
5.3833,400.0,594.102,0.0,-0.002,0.0,0.136,0.136,0.0,9.81,0,0,0,0.15,0,0.0,-0.0,0.0,0.0,0.0,0.0,0.0,0.0,0.0,627840.0,0,0
5.4,400.0,594.1,0.0,0.0,0.0,-0.027,0.027,0.0,0.0,0,0,0,0.15,0,0.0,-0.0,0.0,0.0,0.0,0.0,0.0,-627840.0,0.0,0.0,1,0
5.4167,400.0,594.102,0.0,-0.002,0.0,0.136,0.136,0.0,9.81,0,0,0,0.15,0,0.0,-0.0,0.0,0.0,0.0,0.0,0.0,0.0,0.0,627840.0,0,0
5.4333,400.0,594.1,0.0,0.0,0.0,-0.027,0.027,0.0,0.0,0,0,0,0.15,0,0.0,-0.0,0.0,0.0,0.0,0.0,0.0,-627840.0,0.0,0.0,1,0
5.45,400.0,594.102,0.0,-0.002,0.0,0.136,0.136,0.0,9.81,0,0,0,0.15,0,0.0,-0.0,0.0,0.0,0.0,0.0,0.0,0.0,0.0,627840.0,0,0
5.4667,400.0,594.1,0.0,0.0,0.0,-0.027,0.027,0.0,0.0,0,0,0,0.15,0,0.0,-0.0,0.0,0.0,0.0,0.0,0.0,-627840.0,0.0,0.0,1,0
5.4833,400.0,594.102,0.0,-0.002,0.0,0.136,0.136,0.0,9.81,0,0,0,0.15,0,0.0,-0.0,0.0,0.0,0.0,0.0,0.0,0.0,0.0,627840.0,0,0
5.5,400.0,594.1,0.0,0.0,0.0,-0.027,0.027,0.0,0.0,0,0,0,0.15,0,0.0,-0.0,0.0,0.0,0.0,0.0,0.0,-627840.0,0.0,0.0,1,0
5.5167,400.0,594.102,0.0,-0.002,0.0,0.136,0.136,0.0,9.81,0,0,0,0.15,0,0.0,-0.0,0.0,0.0,0.0,0.0,0.0,0.0,0.0,627840.0,0,0
5.5333,400.0,594.1,0.0,0.0,0.0,-0.027,0.027,0.0,0.0,0,0,0,0.15,0,0.0,-0.0,0.0,0.0,0.0,0.0,0.0,-627840.0,0.0,0.0,1,0
5.55,400.0,594.102,0.0,-0.002,0.0,0.136,0.136,0.0,9.81,0,0,0,0.15,0,0.0,-0.0,0.0,0.0,0.0,0.0,0.0,0.0,0.0,627840.0,0,0
5.5667,400.0,594.1,0.0,0.0,0.0,-0.027,0.027,0.0,0.0,0,0,0,0.15,0,0.0,-0.0,0.0,0.0,0.0,0.0,0.0,-627840.0,0.0,0.0,1,0
5.5833,400.0,594.102,0.0,-0.002,0.0,0.136,0.136,0.0,9.81,0,0,0,0.15,0,0.0,-0.0,0.0,0.0,0.0,0.0,0.0,0.0,0.0,627840.0,0,0
5.6,400.0,594.1,0.0,0.0,0.0,-0.027,0.027,0.0,0.0,0,0,0,0.15,0,0.0,-0.0,0.0,0.0,0.0,0.0,0.0,-627840.0,0.0,0.0,1,0
5.6167,400.0,594.102,0.0,-0.002,0.0,0.136,0.136,0.0,9.81,0,0,0,0.15,0,0.0,-0.0,0.0,0.0,0.0,0.0,0.0,0.0,0.0,627840.0,0,0
5.6333,400.0,594.1,0.0,0.0,0.0,-0.027,0.027,0.0,0.0,0,0,0,0.15,0,0.0,-0.0,0.0,0.0,0.0,0.0,0.0,-627840.0,0.0,0.0,1,0
5.65,400.0,594.102,0.0,-0.002,0.0,0.136,0.136,0.0,9.81,0,0,0,0.15,0,0.0,-0.0,0.0,0.0,0.0,0.0,0.0,0.0,0.0,627840.0,0,0
5.6667,400.0,594.1,0.0,0.0,0.0,-0.027,0.027,0.0,0.0,0,0,0,0.15,0,0.0,-0.0,0.0,0.0,0.0,0.0,0.0,-627840.0,0.0,0.0,1,0
5.6833,400.0,594.102,0.0,-0.002,0.0,0.136,0.136,0.0,9.81,0,0,0,0.15,0,0.0,-0.0,0.0,0.0,0.0,0.0,0.0,0.0,0.0,627840.0,0,0
5.7,400.0,594.1,0.0,0.0,0.0,-0.027,0.027,0.0,0.0,0,0,0,0.15,0,0.0,-0.0,0.0,0.0,0.0,0.0,0.0,-627840.0,0.0,0.0,1,0
5.7167,400.0,594.102,0.0,-0.002,0.0,0.136,0.136,0.0,9.81,0,0,0,0.15,0,0.0,-0.0,0.0,0.0,0.0,0.0,0.0,0.0,0.0,627840.0,0,0
5.7333,400.0,594.1,0.0,0.0,0.0,-0.027,0.027,0.0,0.0,0,0,0,0.15,0,0.0,-0.0,0.0,0.0,0.0,0.0,0.0,-627840.0,0.0,0.0,1,0
5.75,400.0,594.102,0.0,-0.002,0.0,0.136,0.136,0.0,9.81,0,0,0,0.15,0,0.0,-0.0,0.0,0.0,0.0,0.0,0.0,0.0,0.0,627840.0,0,0
5.7667,400.0,594.1,0.0,0.0,0.0,-0.027,0.027,0.0,0.0,0,0,0,0.15,0,0.0,-0.0,0.0,0.0,0.0,0.0,0.0,-627840.0,0.0,0.0,1,0
5.7833,400.0,594.102,0.0,-0.002,0.0,0.136,0.136,0.0,9.81,0,0,0,0.15,0,0.0,-0.0,0.0,0.0,0.0,0.0,0.0,0.0,0.0,627840.0,0,0
5.8,400.0,594.1,0.0,0.0,0.0,-0.027,0.027,0.0,0.0,0,0,0,0.15,0,0.0,-0.0,0.0,0.0,0.0,0.0,0.0,-627840.0,0.0,0.0,1,0
5.8167,400.0,594.102,0.0,-0.002,0.0,0.136,0.136,0.0,9.81,0,0,0,0.15,0,0.0,-0.0,0.0,0.0,0.0,0.0,0.0,0.0,0.0,627840.0,0,0
5.8333,400.0,594.1,0.0,0.0,0.0,-0.027,0.027,0.0,0.0,0,0,0,0.15,0,0.0,-0.0,0.0,0.0,0.0,0.0,0.0,-627840.0,0.0,0.0,1,0
5.85,400.0,594.102,0.0,-0.002,0.0,0.136,0.136,0.0,9.81,0,0,0,0.15,0,0.0,-0.0,0.0,0.0,0.0,0.0,0.0,0.0,0.0,627840.0,0,0
5.8667,400.0,594.1,0.0,0.0,0.0,-0.027,0.027,0.0,0.0,0,0,0,0.15,0,0.0,-0.0,0.0,0.0,0.0,0.0,0.0,-627840.0,0.0,0.0,1,0
5.8833,400.0,594.102,0.0,-0.002,0.0,0.136,0.136,0.0,9.81,0,0,0,0.15,0,0.0,-0.0,0.0,0.0,0.0,0.0,0.0,0.0,0.0,627840.0,0,0
5.9,400.0,594.1,0.0,0.0,0.0,-0.027,0.027,0.0,0.0,0,0,0,0.15,0,0.0,-0.0,0.0,0.0,0.0,0.0,0.0,-627840.0,0.0,0.0,1,0
5.9167,400.0,594.102,0.0,-0.002,0.0,0.136,0.136,0.0,9.81,0,0,0,0.15,0,0.0,-0.0,0.0,0.0,0.0,0.0,0.0,0.0,0.0,627840.0,0,0
5.9333,400.0,594.1,0.0,0.0,0.0,-0.027,0.027,0.0,0.0,0,0,0,0.15,0,0.0,-0.0,0.0,0.0,0.0,0.0,0.0,-627840.0,0.0,0.0,1,0
5.95,400.0,594.102,0.0,-0.002,0.0,0.136,0.136,0.0,9.81,0,0,0,0.15,0,0.0,-0.0,0.0,0.0,0.0,0.0,0.0,0.0,0.0,627840.0,0,0
5.9667,400.0,594.1,0.0,0.0,0.0,-0.027,0.027,0.0,0.0,0,0,0,0.15,0,0.0,-0.0,0.0,0.0,0.0,0.0,0.0,-627840.0,0.0,0.0,1,0
5.9833,400.0,594.102,0.0,-0.002,0.0,0.136,0.136,0.0,9.81,0,0,0,0.15,0,0.0,-0.0,0.0,0.0,0.0,0.0,0.0,0.0,0.0,627840.0,0,0
6.0,400.0,594.1,0.0,0.0,0.0,-0.027,0.027,0.0,0.0,0,0,0,0.15,0,0.0,-0.0,0.0,0.0,0.0,0.0,0.0,-627840.0,0.0,0.0,1,0
6.0167,400.0,594.102,0.0,-0.002,0.0,0.136,0.136,0.0,9.81,0,0,0,0.15,0,0.0,-0.0,0.0,0.0,0.0,0.0,0.0,0.0,0.0,627840.0,0,0
6.0333,400.0,594.1,0.0,0.0,0.0,-0.027,0.027,0.0,0.0,0,0,0,0.15,0,0.0,-0.0,0.0,0.0,0.0,0.0,0.0,-627840.0,0.0,0.0,1,0
6.05,400.0,594.102,0.0,-0.002,0.0,0.136,0.136,0.0,9.81,0,0,0,0.15,0,0.0,-0.0,0.0,0.0,0.0,0.0,0.0,0.0,0.0,627840.0,0,0
6.0667,400.0,594.1,0.0,0.0,0.0,-0.027,0.027,0.0,0.0,0,0,0,0.15,0,0.0,-0.0,0.0,0.0,0.0,0.0,0.0,-627840.0,0.0,0.0,1,0
6.0833,400.0,594.102,0.0,-0.002,0.0,0.136,0.136,0.0,9.81,0,0,0,0.15,0,0.0,-0.0,0.0,0.0,0.0,0.0,0.0,0.0,0.0,627840.0,0,0
6.1,400.0,594.1,0.0,0.0,0.0,-0.027,0.027,0.0,0.0,0,0,0,0.15,0,0.0,-0.0,0.0,0.0,0.0,0.0,0.0,-627840.0,0.0,0.0,1,0
6.1167,400.0,594.102,0.0,-0.002,0.0,0.136,0.136,0.0,9.81,0,0,0,0.15,0,0.0,-0.0,0.0,0.0,0.0,0.0,0.0,0.0,0.0,627840.0,0,0
6.1333,400.0,594.1,0.0,0.0,0.0,-0.027,0.027,0.0,0.0,0,0,0,0.15,0,0.0,-0.0,0.0,0.0,0.0,0.0,0.0,-627840.0,0.0,0.0,1,0
6.15,400.0,594.102,0.0,-0.002,0.0,0.136,0.136,0.0,9.81,0,0,0,0.15,0,0.0,-0.0,0.0,0.0,0.0,0.0,0.0,0.0,0.0,627840.0,0,0
6.1667,400.0,594.1,0.0,0.0,0.0,-0.027,0.027,0.0,0.0,0,0,0,0.15,0,0.0,-0.0,0.0,0.0,0.0,0.0,0.0,-627840.0,0.0,0.0,1,0
6.1833,400.0,594.102,0.0,-0.002,0.0,0.136,0.136,0.0,9.81,0,0,0,0.15,0,0.0,-0.0,0.0,0.0,0.0,0.0,0.0,0.0,0.0,627840.0,0,0
6.2,400.0,594.1,0.0,0.0,0.0,-0.027,0.027,0.0,0.0,0,0,0,0.15,0,0.0,-0.0,0.0,0.0,0.0,0.0,0.0,-627840.0,0.0,0.0,1,0
6.2167,400.0,594.102,0.0,-0.002,0.0,0.136,0.136,0.0,9.81,0,0,0,0.15,0,0.0,-0.0,0.0,0.0,0.0,0.0,0.0,0.0,0.0,627840.0,0,0
6.2333,400.0,594.1,0.0,0.0,0.0,-0.027,0.027,0.0,0.0,0,0,0,0.15,0,0.0,-0.0,0.0,0.0,0.0,0.0,0.0,-627840.0,0.0,0.0,1,0
6.25,400.0,594.102,0.0,-0.002,0.0,0.136,0.136,0.0,9.81,0,0,0,0.15,0,0.0,-0.0,0.0,0.0,0.0,0.0,0.0,0.0,0.0,627840.0,0,0
6.2667,400.0,594.1,0.0,0.0,0.0,-0.027,0.027,0.0,0.0,0,0,0,0.15,0,0.0,-0.0,0.0,0.0,0.0,0.0,0.0,-627840.0,0.0,0.0,1,0
6.2833,400.0,594.102,0.0,-0.002,0.0,0.136,0.136,0.0,9.81,0,0,0,0.15,0,0.0,-0.0,0.0,0.0,0.0,0.0,0.0,0.0,0.0,627840.0,0,0
6.3,400.0,594.1,0.0,0.0,0.0,-0.027,0.027,0.0,0.0,0,0,0,0.15,0,0.0,-0.0,0.0,0.0,0.0,0.0,0.0,-627840.0,0.0,0.0,1,0
6.3167,400.0,594.102,0.0,-0.002,0.0,0.136,0.136,0.0,9.81,0,0,0,0.15,0,0.0,-0.0,0.0,0.0,0.0,0.0,0.0,0.0,0.0,627840.0,0,0
6.3333,400.0,594.1,0.0,0.0,0.0,-0.027,0.027,0.0,0.0,0,0,0,0.15,0,0.0,-0.0,0.0,0.0,0.0,0.0,0.0,-627840.0,0.0,0.0,1,0
6.35,400.0,594.102,0.0,-0.002,0.0,0.136,0.136,0.0,9.81,0,0,0,0.15,0,0.0,-0.0,0.0,0.0,0.0,0.0,0.0,0.0,0.0,627840.0,0,0
6.3667,400.0,594.1,0.0,0.0,0.0,-0.027,0.027,0.0,0.0,0,0,0,0.15,0,0.0,-0.0,0.0,0.0,0.0,0.0,0.0,-627840.0,0.0,0.0,1,0
6.3833,400.0,594.102,0.0,-0.002,0.0,0.136,0.136,0.0,9.81,0,0,0,0.15,0,0.0,-0.0,0.0,0.0,0.0,0.0,0.0,0.0,0.0,627840.0,0,0
6.4,400.0,594.1,0.0,0.0,0.0,-0.027,0.027,0.0,0.0,0,0,0,0.15,0,0.0,-0.0,0.0,0.0,0.0,0.0,0.0,-627840.0,0.0,0.0,1,0
6.4167,400.0,594.102,0.0,-0.002,0.0,0.136,0.136,0.0,9.81,0,0,0,0.15,0,0.0,-0.0,0.0,0.0,0.0,0.0,0.0,0.0,0.0,627840.0,0,0
6.4333,400.0,594.1,0.0,0.0,0.0,-0.027,0.027,0.0,0.0,0,0,0,0.15,0,0.0,-0.0,0.0,0.0,0.0,0.0,0.0,-627840.0,0.0,0.0,1,0
6.45,400.0,594.102,0.0,-0.002,0.0,0.136,0.136,0.0,9.81,0,0,0,0.15,0,0.0,-0.0,0.0,0.0,0.0,0.0,0.0,0.0,0.0,627840.0,0,0
6.4667,400.0,594.1,0.0,0.0,0.0,-0.027,0.027,0.0,0.0,0,0,0,0.15,0,0.0,-0.0,0.0,0.0,0.0,0.0,0.0,-627840.0,0.0,0.0,1,0
6.4833,400.0,594.102,0.0,-0.002,0.0,0.136,0.136,0.0,9.81,0,0,0,0.15,0,0.0,-0.0,0.0,0.0,0.0,0.0,0.0,0.0,0.0,627840.0,0,0
6.5,400.0,594.1,0.0,0.0,0.0,-0.027,0.027,0.0,0.0,0,0,0,0.15,0,0.0,-0.0,0.0,0.0,0.0,0.0,0.0,-627840.0,0.0,0.0,1,0
6.5167,400.0,594.102,0.0,-0.002,0.0,0.136,0.136,0.0,9.81,0,0,0,0.15,0,0.0,-0.0,0.0,0.0,0.0,0.0,0.0,0.0,0.0,627840.0,0,0
6.5333,400.0,594.1,0.0,0.0,0.0,-0.027,0.027,0.0,0.0,0,0,0,0.15,0,0.0,-0.0,0.0,0.0,0.0,0.0,0.0,-627840.0,0.0,0.0,1,0
6.55,400.0,594.102,0.0,-0.002,0.0,0.136,0.136,0.0,9.81,0,0,0,0.15,0,0.0,-0.0,0.0,0.0,0.0,0.0,0.0,0.0,0.0,627840.0,0,0
6.5667,400.0,594.1,0.0,0.0,0.0,-0.027,0.027,0.0,0.0,0,0,0,0.15,0,0.0,-0.0,0.0,0.0,0.0,0.0,0.0,-627840.0,0.0,0.0,1,0
6.5833,400.0,594.102,0.0,-0.002,0.0,0.136,0.136,0.0,9.81,0,0,0,0.15,0,0.0,-0.0,0.0,0.0,0.0,0.0,0.0,0.0,0.0,627840.0,0,0
6.6,400.0,594.1,0.0,0.0,0.0,-0.027,0.027,0.0,0.0,0,0,0,0.15,0,0.0,-0.0,0.0,0.0,0.0,0.0,0.0,-627840.0,0.0,0.0,1,0
6.6167,400.0,594.102,0.0,-0.002,0.0,0.136,0.136,0.0,9.81,0,0,0,0.15,0,0.0,-0.0,0.0,0.0,0.0,0.0,0.0,0.0,0.0,627840.0,0,0
6.6333,400.0,594.1,0.0,0.0,0.0,-0.027,0.027,0.0,0.0,0,0,0,0.15,0,0.0,-0.0,0.0,0.0,0.0,0.0,0.0,-627840.0,0.0,0.0,1,0
6.65,400.0,594.102,0.0,-0.002,0.0,0.136,0.136,0.0,9.81,0,0,0,0.15,0,0.0,-0.0,0.0,0.0,0.0,0.0,0.0,0.0,0.0,627840.0,0,0
6.6667,400.0,594.1,0.0,0.0,0.0,-0.027,0.027,0.0,0.0,0,0,0,0.15,0,0.0,-0.0,0.0,0.0,0.0,0.0,0.0,-627840.0,0.0,0.0,1,0
6.6833,400.0,594.102,0.0,-0.002,0.0,0.136,0.136,0.0,9.81,0,0,0,0.15,0,0.0,-0.0,0.0,0.0,0.0,0.0,0.0,0.0,0.0,627840.0,0,0
6.7,400.0,594.1,0.0,0.0,0.0,-0.027,0.027,0.0,0.0,0,0,0,0.15,0,0.0,-0.0,0.0,0.0,0.0,0.0,0.0,-627840.0,0.0,0.0,1,0
6.7167,400.0,594.102,0.0,-0.002,0.0,0.136,0.136,0.0,9.81,0,0,0,0.15,0,0.0,-0.0,0.0,0.0,0.0,0.0,0.0,0.0,0.0,627840.0,0,0
6.7333,400.0,594.1,0.0,0.0,0.0,-0.027,0.027,0.0,0.0,0,0,0,0.15,0,0.0,-0.0,0.0,0.0,0.0,0.0,0.0,-627840.0,0.0,0.0,1,0
6.75,400.0,594.102,0.0,-0.002,0.0,0.136,0.136,0.0,9.81,0,0,0,0.15,0,0.0,-0.0,0.0,0.0,0.0,0.0,0.0,0.0,0.0,627840.0,0,0
6.7667,400.0,594.1,0.0,0.0,0.0,-0.027,0.027,0.0,0.0,0,0,0,0.15,0,0.0,-0.0,0.0,0.0,0.0,0.0,0.0,-627840.0,0.0,0.0,1,0
6.7833,400.0,594.102,0.0,-0.002,0.0,0.136,0.136,0.0,9.81,0,0,0,0.15,0,0.0,-0.0,0.0,0.0,0.0,0.0,0.0,0.0,0.0,627840.0,0,0
6.8,400.0,594.1,0.0,0.0,0.0,-0.027,0.027,0.0,0.0,0,0,0,0.15,0,0.0,-0.0,0.0,0.0,0.0,0.0,0.0,-627840.0,0.0,0.0,1,0
6.8167,400.0,594.102,0.0,-0.002,0.0,0.136,0.136,0.0,9.81,0,0,0,0.15,0,0.0,-0.0,0.0,0.0,0.0,0.0,0.0,0.0,0.0,627840.0,0,0
6.8333,400.0,594.1,0.0,0.0,0.0,-0.027,0.027,0.0,0.0,0,0,0,0.15,0,0.0,-0.0,0.0,0.0,0.0,0.0,0.0,-627840.0,0.0,0.0,1,0
6.85,400.0,594.102,0.0,-0.002,0.0,0.136,0.136,0.0,9.81,0,0,0,0.15,0,0.0,-0.0,0.0,0.0,0.0,0.0,0.0,0.0,0.0,627840.0,0,0
6.8667,400.0,594.1,0.0,0.0,0.0,-0.027,0.027,0.0,0.0,0,0,0,0.15,0,0.0,-0.0,0.0,0.0,0.0,0.0,0.0,-627840.0,0.0,0.0,1,0
6.8833,400.0,594.102,0.0,-0.002,0.0,0.136,0.136,0.0,9.81,0,0,0,0.15,0,0.0,-0.0,0.0,0.0,0.0,0.0,0.0,0.0,0.0,627840.0,0,0
6.9,400.0,594.1,0.0,0.0,0.0,-0.027,0.027,0.0,0.0,0,0,0,0.15,0,0.0,-0.0,0.0,0.0,0.0,0.0,0.0,-627840.0,0.0,0.0,1,0
6.9167,400.0,594.102,0.0,-0.002,0.0,0.136,0.136,0.0,9.81,0,0,0,0.15,0,0.0,-0.0,0.0,0.0,0.0,0.0,0.0,0.0,0.0,627840.0,0,0
6.9333,400.0,594.1,0.0,0.0,0.0,-0.027,0.027,0.0,0.0,0,0,0,0.15,0,0.0,-0.0,0.0,0.0,0.0,0.0,0.0,-627840.0,0.0,0.0,1,0
6.95,400.0,594.102,0.0,-0.002,0.0,0.136,0.136,0.0,9.81,0,0,0,0.15,0,0.0,-0.0,0.0,0.0,0.0,0.0,0.0,0.0,0.0,627840.0,0,0
6.9667,400.0,594.1,0.0,0.0,0.0,-0.027,0.027,0.0,0.0,0,0,0,0.15,0,0.0,-0.0,0.0,0.0,0.0,0.0,0.0,-627840.0,0.0,0.0,1,0
6.9833,400.0,594.102,0.0,-0.002,0.0,0.136,0.136,0.0,9.81,0,0,0,0.15,0,0.0,-0.0,0.0,0.0,0.0,0.0,0.0,0.0,0.0,627840.0,0,0
7.0,400.0,594.1,0.0,0.0,0.0,-0.027,0.027,0.0,0.0,0,0,0,0.15,0,0.0,-0.0,0.0,0.0,0.0,0.0,0.0,-627840.0,0.0,0.0,1,0
7.0167,400.0,594.102,0.0,-0.002,0.0,0.136,0.136,0.0,9.81,0,0,0,0.15,0,0.0,-0.0,0.0,0.0,0.0,0.0,0.0,0.0,0.0,627840.0,0,0
7.0333,400.0,594.1,0.0,0.0,0.0,-0.027,0.027,0.0,0.0,0,0,0,0.15,0,0.0,-0.0,0.0,0.0,0.0,0.0,0.0,-627840.0,0.0,0.0,1,0
7.05,400.0,594.102,0.0,-0.002,0.0,0.136,0.136,0.0,9.81,0,0,0,0.15,0,0.0,-0.0,0.0,0.0,0.0,0.0,0.0,0.0,0.0,627840.0,0,0
7.0667,400.0,594.1,0.0,0.0,0.0,-0.027,0.027,0.0,0.0,0,0,0,0.15,0,0.0,-0.0,0.0,0.0,0.0,0.0,0.0,-627840.0,0.0,0.0,1,0
7.0833,400.0,594.102,0.0,-0.002,0.0,0.136,0.136,0.0,9.81,0,0,0,0.15,0,0.0,-0.0,0.0,0.0,0.0,0.0,0.0,0.0,0.0,627840.0,0,0
7.1,400.0,594.1,0.0,0.0,0.0,-0.027,0.027,0.0,0.0,0,0,0,0.15,0,0.0,-0.0,0.0,0.0,0.0,0.0,0.0,-627840.0,0.0,0.0,1,0
7.1167,400.0,594.102,0.0,-0.002,0.0,0.136,0.136,0.0,9.81,0,0,0,0.15,0,0.0,-0.0,0.0,0.0,0.0,0.0,0.0,0.0,0.0,627840.0,0,0
7.1333,400.0,594.1,0.0,0.0,0.0,-0.027,0.027,0.0,0.0,0,0,0,0.15,0,0.0,-0.0,0.0,0.0,0.0,0.0,0.0,-627840.0,0.0,0.0,1,0
7.15,400.0,594.102,0.0,-0.002,0.0,0.136,0.136,0.0,9.81,0,0,0,0.15,0,0.0,-0.0,0.0,0.0,0.0,0.0,0.0,0.0,0.0,627840.0,0,0
7.1667,400.0,594.1,0.0,0.0,0.0,-0.027,0.027,0.0,0.0,0,0,0,0.15,0,0.0,-0.0,0.0,0.0,0.0,0.0,0.0,-627840.0,0.0,0.0,1,0
7.1833,400.0,594.102,0.0,-0.002,0.0,0.136,0.136,0.0,9.81,0,0,0,0.15,0,0.0,-0.0,0.0,0.0,0.0,0.0,0.0,0.0,0.0,627840.0,0,0
7.2,400.0,594.1,0.0,0.0,0.0,-0.027,0.027,0.0,0.0,0,0,0,0.15,0,0.0,-0.0,0.0,0.0,0.0,0.0,0.0,-627840.0,0.0,0.0,1,0
7.2167,400.0,594.102,0.0,-0.002,0.0,0.136,0.136,0.0,9.81,0,0,0,0.15,0,0.0,-0.0,0.0,0.0,0.0,0.0,0.0,0.0,0.0,627840.0,0,0
7.2333,400.0,594.1,0.0,0.0,0.0,-0.027,0.027,0.0,0.0,0,0,0,0.15,0,0.0,-0.0,0.0,0.0,0.0,0.0,0.0,-627840.0,0.0,0.0,1,0
7.25,400.0,594.102,0.0,-0.002,0.0,0.136,0.136,0.0,9.81,0,0,0,0.15,0,0.0,-0.0,0.0,0.0,0.0,0.0,0.0,0.0,0.0,627840.0,0,0
7.2667,400.0,594.1,0.0,0.0,0.0,-0.027,0.027,0.0,0.0,0,0,0,0.15,0,0.0,-0.0,0.0,0.0,0.0,0.0,0.0,-627840.0,0.0,0.0,1,0
7.2833,400.0,594.102,0.0,-0.002,0.0,0.136,0.136,0.0,9.81,0,0,0,0.15,0,0.0,-0.0,0.0,0.0,0.0,0.0,0.0,0.0,0.0,627840.0,0,0
7.3,400.0,594.1,0.0,0.0,0.0,-0.027,0.027,0.0,0.0,0,0,0,0.15,0,0.0,-0.0,0.0,0.0,0.0,0.0,0.0,-627840.0,0.0,0.0,1,0
7.3167,400.0,594.102,0.0,-0.002,0.0,0.136,0.136,0.0,9.81,0,0,0,0.15,0,0.0,-0.0,0.0,0.0,0.0,0.0,0.0,0.0,0.0,627840.0,0,0
7.3333,400.0,594.1,0.0,0.0,0.0,-0.027,0.027,0.0,0.0,0,0,0,0.15,0,0.0,-0.0,0.0,0.0,0.0,0.0,0.0,-627840.0,0.0,0.0,1,0
7.35,400.0,594.102,0.0,-0.002,0.0,0.136,0.136,0.0,9.81,0,0,0,0.15,0,0.0,-0.0,0.0,0.0,0.0,0.0,0.0,0.0,0.0,627840.0,0,0
7.3667,400.0,594.1,0.0,0.0,0.0,-0.027,0.027,0.0,0.0,0,0,0,0.15,0,0.0,-0.0,0.0,0.0,0.0,0.0,0.0,-627840.0,0.0,0.0,1,0
7.3833,400.0,594.102,0.0,-0.002,0.0,0.136,0.136,0.0,9.81,0,0,0,0.15,0,0.0,-0.0,0.0,0.0,0.0,0.0,0.0,0.0,0.0,627840.0,0,0
7.4,400.0,594.1,0.0,0.0,0.0,-0.027,0.027,0.0,0.0,0,0,0,0.15,0,0.0,-0.0,0.0,0.0,0.0,0.0,0.0,-627840.0,0.0,0.0,1,0
7.4167,400.0,594.102,0.0,-0.002,0.0,0.136,0.136,0.0,9.81,0,0,0,0.15,0,0.0,-0.0,0.0,0.0,0.0,0.0,0.0,0.0,0.0,627840.0,0,0
7.4333,400.0,594.1,0.0,0.0,0.0,-0.027,0.027,0.0,0.0,0,0,0,0.15,0,0.0,-0.0,0.0,0.0,0.0,0.0,0.0,-627840.0,0.0,0.0,1,0
7.45,400.0,594.102,0.0,-0.002,0.0,0.136,0.136,0.0,9.81,0,0,0,0.15,0,0.0,-0.0,0.0,0.0,0.0,0.0,0.0,0.0,0.0,627840.0,0,0
7.4667,400.0,594.1,0.0,0.0,0.0,-0.027,0.027,0.0,0.0,0,0,0,0.15,0,0.0,-0.0,0.0,0.0,0.0,0.0,0.0,-627840.0,0.0,0.0,1,0
7.4833,400.0,594.102,0.0,-0.002,0.0,0.136,0.136,0.0,9.81,0,0,0,0.15,0,0.0,-0.0,0.0,0.0,0.0,0.0,0.0,0.0,0.0,627840.0,0,0
7.5,400.0,594.1,0.0,0.0,0.0,-0.027,0.027,0.0,0.0,0,0,0,0.15,0,0.0,-0.0,0.0,0.0,0.0,0.0,0.0,-627840.0,0.0,0.0,1,0
7.5167,400.0,594.102,0.0,-0.002,0.0,0.136,0.136,0.0,9.81,0,0,0,0.15,0,0.0,-0.0,0.0,0.0,0.0,0.0,0.0,0.0,0.0,627840.0,0,0
7.5333,400.0,594.1,0.0,0.0,0.0,-0.027,0.027,0.0,0.0,0,0,0,0.15,0,0.0,-0.0,0.0,0.0,0.0,0.0,0.0,-627840.0,0.0,0.0,1,0
7.55,400.0,594.102,0.0,-0.002,0.0,0.136,0.136,0.0,9.81,0,0,0,0.15,0,0.0,-0.0,0.0,0.0,0.0,0.0,0.0,0.0,0.0,627840.0,0,0
7.5667,400.0,594.1,0.0,0.0,0.0,-0.027,0.027,0.0,0.0,0,0,0,0.15,0,0.0,-0.0,0.0,0.0,0.0,0.0,0.0,-627840.0,0.0,0.0,1,0
7.5833,400.0,594.102,0.0,-0.002,0.0,0.136,0.136,0.0,9.81,0,0,0,0.15,0,0.0,-0.0,0.0,0.0,0.0,0.0,0.0,0.0,0.0,627840.0,0,0
7.6,400.0,594.1,0.0,0.0,0.0,-0.027,0.027,0.0,0.0,0,0,0,0.15,0,0.0,-0.0,0.0,0.0,0.0,0.0,0.0,-627840.0,0.0,0.0,1,0
7.6167,400.0,594.102,0.0,-0.002,0.0,0.136,0.136,0.0,9.81,0,0,0,0.15,0,0.0,-0.0,0.0,0.0,0.0,0.0,0.0,0.0,0.0,627840.0,0,0
7.6333,400.0,594.1,0.0,0.0,0.0,-0.027,0.027,0.0,0.0,0,0,0,0.15,0,0.0,-0.0,0.0,0.0,0.0,0.0,0.0,-627840.0,0.0,0.0,1,0
7.65,400.0,594.102,0.0,-0.002,0.0,0.136,0.136,0.0,9.81,0,0,0,0.15,0,0.0,-0.0,0.0,0.0,0.0,0.0,0.0,0.0,0.0,627840.0,0,0
7.6667,400.0,594.1,0.0,0.0,0.0,-0.027,0.027,0.0,0.0,0,0,0,0.15,0,0.0,-0.0,0.0,0.0,0.0,0.0,0.0,-627840.0,0.0,0.0,1,0
7.6833,400.0,594.102,0.0,-0.002,0.0,0.136,0.136,0.0,9.81,0,0,0,0.15,0,0.0,-0.0,0.0,0.0,0.0,0.0,0.0,0.0,0.0,627840.0,0,0
7.7,400.0,594.1,0.0,0.0,0.0,-0.027,0.027,0.0,0.0,0,0,0,0.15,0,0.0,-0.0,0.0,0.0,0.0,0.0,0.0,-627840.0,0.0,0.0,1,0
7.7167,400.0,594.102,0.0,-0.002,0.0,0.136,0.136,0.0,9.81,0,0,0,0.15,0,0.0,-0.0,0.0,0.0,0.0,0.0,0.0,0.0,0.0,627840.0,0,0
7.7333,400.0,594.1,0.0,0.0,0.0,-0.027,0.027,0.0,0.0,0,0,0,0.15,0,0.0,-0.0,0.0,0.0,0.0,0.0,0.0,-627840.0,0.0,0.0,1,0
7.75,400.0,594.102,0.0,-0.002,0.0,0.136,0.136,0.0,9.81,0,0,0,0.15,0,0.0,-0.0,0.0,0.0,0.0,0.0,0.0,0.0,0.0,627840.0,0,0
7.7667,400.0,594.1,0.0,0.0,0.0,-0.027,0.027,0.0,0.0,0,0,0,0.15,0,0.0,-0.0,0.0,0.0,0.0,0.0,0.0,-627840.0,0.0,0.0,1,0
7.7833,400.0,594.102,0.0,-0.002,0.0,0.136,0.136,0.0,9.81,0,0,0,0.15,0,0.0,-0.0,0.0,0.0,0.0,0.0,0.0,0.0,0.0,627840.0,0,0
7.8,400.0,594.1,0.0,0.0,0.0,-0.027,0.027,0.0,0.0,0,0,0,0.15,0,0.0,-0.0,0.0,0.0,0.0,0.0,0.0,-627840.0,0.0,0.0,1,0
7.8167,400.0,594.102,0.0,-0.002,0.0,0.136,0.136,0.0,9.81,0,0,0,0.15,0,0.0,-0.0,0.0,0.0,0.0,0.0,0.0,0.0,0.0,627840.0,0,0
7.8333,400.0,594.1,0.0,0.0,0.0,-0.027,0.027,0.0,0.0,0,0,0,0.15,0,0.0,-0.0,0.0,0.0,0.0,0.0,0.0,-627840.0,0.0,0.0,1,0
7.85,400.0,594.102,0.0,-0.002,0.0,0.136,0.136,0.0,9.81,0,0,0,0.15,0,0.0,-0.0,0.0,0.0,0.0,0.0,0.0,0.0,0.0,627840.0,0,0
7.8667,400.0,594.1,0.0,0.0,0.0,-0.027,0.027,0.0,0.0,0,0,0,0.15,0,0.0,-0.0,0.0,0.0,0.0,0.0,0.0,-627840.0,0.0,0.0,1,0
7.8833,400.0,594.102,0.0,-0.002,0.0,0.136,0.136,0.0,9.81,0,0,0,0.15,0,0.0,-0.0,0.0,0.0,0.0,0.0,0.0,0.0,0.0,627840.0,0,0
7.9,400.0,594.1,0.0,0.0,0.0,-0.027,0.027,0.0,0.0,0,0,0,0.15,0,0.0,-0.0,0.0,0.0,0.0,0.0,0.0,-627840.0,0.0,0.0,1,0
7.9167,400.0,594.102,0.0,-0.002,0.0,0.136,0.136,0.0,9.81,0,0,0,0.15,0,0.0,-0.0,0.0,0.0,0.0,0.0,0.0,0.0,0.0,627840.0,0,0
7.9333,400.0,594.1,0.0,0.0,0.0,-0.027,0.027,0.0,0.0,0,0,0,0.15,0,0.0,-0.0,0.0,0.0,0.0,0.0,0.0,-627840.0,0.0,0.0,1,0
7.95,400.0,594.102,0.0,-0.002,0.0,0.136,0.136,0.0,9.81,0,0,0,0.15,0,0.0,-0.0,0.0,0.0,0.0,0.0,0.0,0.0,0.0,627840.0,0,0
7.9667,400.0,594.1,0.0,0.0,0.0,-0.027,0.027,0.0,0.0,0,0,0,0.15,0,0.0,-0.0,0.0,0.0,0.0,0.0,0.0,-627840.0,0.0,0.0,1,0
7.9833,400.0,594.102,0.0,-0.002,0.0,0.136,0.136,0.0,9.81,0,0,0,0.15,0,0.0,-0.0,0.0,0.0,0.0,0.0,0.0,0.0,0.0,627840.0,0,0
8.0,400.0,594.1,0.0,0.0,0.0,-0.027,0.027,0.0,0.0,0,0,0,0.15,0,0.0,-0.0,0.0,0.0,0.0,0.0,0.0,-627840.0,0.0,0.0,1,0
8.0167,400.0,594.102,0.0,-0.002,0.0,0.136,0.136,0.0,9.81,0,0,0,0.15,0,0.0,-0.0,0.0,0.0,0.0,0.0,0.0,0.0,0.0,627840.0,0,0
8.0333,400.0,594.1,0.0,0.0,0.0,-0.027,0.027,0.0,0.0,0,0,0,0.15,0,0.0,-0.0,0.0,0.0,0.0,0.0,0.0,-627840.0,0.0,0.0,1,0
8.05,400.0,594.102,0.0,-0.002,0.0,0.136,0.136,0.0,9.81,0,0,0,0.15,0,0.0,-0.0,0.0,0.0,0.0,0.0,0.0,0.0,0.0,627840.0,0,0
8.0667,400.0,594.1,0.0,0.0,0.0,-0.027,0.027,0.0,0.0,0,0,0,0.15,0,0.0,-0.0,0.0,0.0,0.0,0.0,0.0,-627840.0,0.0,0.0,1,0
8.0833,400.0,594.102,0.0,-0.002,0.0,0.136,0.136,0.0,9.81,0,0,0,0.15,0,0.0,-0.0,0.0,0.0,0.0,0.0,0.0,0.0,0.0,627840.0,0,0
8.1,400.0,594.1,0.0,0.0,0.0,-0.027,0.027,0.0,0.0,0,0,0,0.15,0,0.0,-0.0,0.0,0.0,0.0,0.0,0.0,-627840.0,0.0,0.0,1,0
8.1167,400.0,594.102,0.0,-0.002,0.0,0.136,0.136,0.0,9.81,0,0,0,0.15,0,0.0,-0.0,0.0,0.0,0.0,0.0,0.0,0.0,0.0,627840.0,0,0
8.1333,400.0,594.1,0.0,0.0,0.0,-0.027,0.027,0.0,0.0,0,0,0,0.15,0,0.0,-0.0,0.0,0.0,0.0,0.0,0.0,-627840.0,0.0,0.0,1,0
8.15,400.0,594.102,0.0,-0.002,0.0,0.136,0.136,0.0,9.81,0,0,0,0.15,0,0.0,-0.0,0.0,0.0,0.0,0.0,0.0,0.0,0.0,627840.0,0,0
8.1667,400.0,594.1,0.0,0.0,0.0,-0.027,0.027,0.0,0.0,0,0,0,0.15,0,0.0,-0.0,0.0,0.0,0.0,0.0,0.0,-627840.0,0.0,0.0,1,0
8.1833,400.0,594.102,0.0,-0.002,0.0,0.136,0.136,0.0,9.81,0,0,0,0.15,0,0.0,-0.0,0.0,0.0,0.0,0.0,0.0,0.0,0.0,627840.0,0,0
8.2,400.0,594.1,0.0,0.0,0.0,-0.027,0.027,0.0,0.0,0,0,0,0.15,0,0.0,-0.0,0.0,0.0,0.0,0.0,0.0,-627840.0,0.0,0.0,1,0
8.2167,400.0,594.102,0.0,-0.002,0.0,0.136,0.136,0.0,9.81,0,0,0,0.15,0,0.0,-0.0,0.0,0.0,0.0,0.0,0.0,0.0,0.0,627840.0,0,0
8.2333,400.0,594.1,0.0,0.0,0.0,-0.027,0.027,0.0,0.0,0,0,0,0.15,0,0.0,-0.0,0.0,0.0,0.0,0.0,0.0,-627840.0,0.0,0.0,1,0
8.25,400.0,594.102,0.0,-0.002,0.0,0.136,0.136,0.0,9.81,0,0,0,0.15,0,0.0,-0.0,0.0,0.0,0.0,0.0,0.0,0.0,0.0,627840.0,0,0
8.2667,400.0,594.1,0.0,0.0,0.0,-0.027,0.027,0.0,0.0,0,0,0,0.15,0,0.0,-0.0,0.0,0.0,0.0,0.0,0.0,-627840.0,0.0,0.0,1,0
8.2833,400.0,594.102,0.0,-0.002,0.0,0.136,0.136,0.0,9.81,0,0,0,0.15,0,0.0,-0.0,0.0,0.0,0.0,0.0,0.0,0.0,0.0,627840.0,0,0
8.3,400.0,594.1,0.0,0.0,0.0,-0.027,0.027,0.0,0.0,0,0,0,0.15,0,0.0,-0.0,0.0,0.0,0.0,0.0,0.0,-627840.0,0.0,0.0,1,0
8.3167,400.0,594.102,0.0,-0.002,0.0,0.136,0.136,0.0,9.81,0,0,0,0.15,0,0.0,-0.0,0.0,0.0,0.0,0.0,0.0,0.0,0.0,627840.0,0,0
8.3333,400.0,594.1,0.0,0.0,0.0,-0.027,0.027,0.0,0.0,0,0,0,0.15,0,0.0,-0.0,0.0,0.0,0.0,0.0,0.0,-627840.0,0.0,0.0,1,0
8.35,400.0,594.102,0.0,-0.002,0.0,0.136,0.136,0.0,9.81,0,0,0,0.15,0,0.0,-0.0,0.0,0.0,0.0,0.0,0.0,0.0,0.0,627840.0,0,0
8.3667,400.0,594.1,0.0,0.0,0.0,-0.027,0.027,0.0,0.0,0,0,0,0.15,0,0.0,-0.0,0.0,0.0,0.0,0.0,0.0,-627840.0,0.0,0.0,1,0
8.3833,400.0,594.102,0.0,-0.002,0.0,0.136,0.136,0.0,9.81,0,0,0,0.15,0,0.0,-0.0,0.0,0.0,0.0,0.0,0.0,0.0,0.0,627840.0,0,0
8.4,400.0,594.1,0.0,0.0,0.0,-0.027,0.027,0.0,0.0,0,0,0,0.15,0,0.0,-0.0,0.0,0.0,0.0,0.0,0.0,-627840.0,0.0,0.0,1,0
8.4167,400.0,594.102,0.0,-0.002,0.0,0.136,0.136,0.0,9.81,0,0,0,0.15,0,0.0,-0.0,0.0,0.0,0.0,0.0,0.0,0.0,0.0,627840.0,0,0
8.4333,400.0,594.1,0.0,0.0,0.0,-0.027,0.027,0.0,0.0,0,0,0,0.15,0,0.0,-0.0,0.0,0.0,0.0,0.0,0.0,-627840.0,0.0,0.0,1,0
8.45,400.0,594.102,0.0,-0.002,0.0,0.136,0.136,0.0,9.81,0,0,0,0.15,0,0.0,-0.0,0.0,0.0,0.0,0.0,0.0,0.0,0.0,627840.0,0,0
8.4667,400.0,594.1,0.0,0.0,0.0,-0.027,0.027,0.0,0.0,0,0,0,0.15,0,0.0,-0.0,0.0,0.0,0.0,0.0,0.0,-627840.0,0.0,0.0,1,0
8.4833,400.0,594.102,0.0,-0.002,0.0,0.136,0.136,0.0,9.81,0,0,0,0.15,0,0.0,-0.0,0.0,0.0,0.0,0.0,0.0,0.0,0.0,627840.0,0,0
8.5,400.0,594.1,0.0,0.0,0.0,-0.027,0.027,0.0,0.0,0,0,0,0.15,0,0.0,-0.0,0.0,0.0,0.0,0.0,0.0,-627840.0,0.0,0.0,1,0
8.5167,400.0,594.102,0.0,-0.002,0.0,0.136,0.136,0.0,9.81,0,0,0,0.15,0,0.0,-0.0,0.0,0.0,0.0,0.0,0.0,0.0,0.0,627840.0,0,0
8.5333,400.0,594.1,0.0,0.0,0.0,-0.027,0.027,0.0,0.0,0,0,0,0.15,0,0.0,-0.0,0.0,0.0,0.0,0.0,0.0,-627840.0,0.0,0.0,1,0
8.55,400.0,594.102,0.0,-0.002,0.0,0.136,0.136,0.0,9.81,0,0,0,0.15,0,0.0,-0.0,0.0,0.0,0.0,0.0,0.0,0.0,0.0,627840.0,0,0
8.5667,400.0,594.1,0.0,0.0,0.0,-0.027,0.027,0.0,0.0,0,0,0,0.15,0,0.0,-0.0,0.0,0.0,0.0,0.0,0.0,-627840.0,0.0,0.0,1,0
8.5833,400.0,594.102,0.0,-0.002,0.0,0.136,0.136,0.0,9.81,0,0,0,0.15,0,0.0,-0.0,0.0,0.0,0.0,0.0,0.0,0.0,0.0,627840.0,0,0
8.6,400.0,594.1,0.0,0.0,0.0,-0.027,0.027,0.0,0.0,0,0,0,0.15,0,0.0,-0.0,0.0,0.0,0.0,0.0,0.0,-627840.0,0.0,0.0,1,0
8.6167,400.0,594.102,0.0,-0.002,0.0,0.136,0.136,0.0,9.81,0,0,0,0.15,0,0.0,-0.0,0.0,0.0,0.0,0.0,0.0,0.0,0.0,627840.0,0,0
8.6333,400.0,594.1,0.0,0.0,0.0,-0.027,0.027,0.0,0.0,0,0,0,0.15,0,0.0,-0.0,0.0,0.0,0.0,0.0,0.0,-627840.0,0.0,0.0,1,0
8.65,400.0,594.102,0.0,-0.002,0.0,0.136,0.136,0.0,9.81,0,0,0,0.15,0,0.0,-0.0,0.0,0.0,0.0,0.0,0.0,0.0,0.0,627840.0,0,0
8.6667,400.0,594.1,0.0,0.0,0.0,-0.027,0.027,0.0,0.0,0,0,0,0.15,0,0.0,-0.0,0.0,0.0,0.0,0.0,0.0,-627840.0,0.0,0.0,1,0
8.6833,400.0,594.102,0.0,-0.002,0.0,0.136,0.136,0.0,9.81,0,0,0,0.15,0,0.0,-0.0,0.0,0.0,0.0,0.0,0.0,0.0,0.0,627840.0,0,0
8.7,400.0,594.1,0.0,0.0,0.0,-0.027,0.027,0.0,0.0,0,0,0,0.15,0,0.0,-0.0,0.0,0.0,0.0,0.0,0.0,-627840.0,0.0,0.0,1,0
8.7167,400.0,594.102,0.0,-0.002,0.0,0.136,0.136,0.0,9.81,0,0,0,0.15,0,0.0,-0.0,0.0,0.0,0.0,0.0,0.0,0.0,0.0,627840.0,0,0
8.7333,400.0,594.1,0.0,0.0,0.0,-0.027,0.027,0.0,0.0,0,0,0,0.15,0,0.0,-0.0,0.0,0.0,0.0,0.0,0.0,-627840.0,0.0,0.0,1,0
8.75,400.0,594.102,0.0,-0.002,0.0,0.136,0.136,0.0,9.81,0,0,0,0.15,0,0.0,-0.0,0.0,0.0,0.0,0.0,0.0,0.0,0.0,627840.0,0,0
8.7667,400.0,594.1,0.0,0.0,0.0,-0.027,0.027,0.0,0.0,0,0,0,0.15,0,0.0,-0.0,0.0,0.0,0.0,0.0,0.0,-627840.0,0.0,0.0,1,0
8.7833,400.0,594.102,0.0,-0.002,0.0,0.136,0.136,0.0,9.81,0,0,0,0.15,0,0.0,-0.0,0.0,0.0,0.0,0.0,0.0,0.0,0.0,627840.0,0,0
8.8,400.0,594.1,0.0,0.0,0.0,-0.027,0.027,0.0,0.0,0,0,0,0.15,0,0.0,-0.0,0.0,0.0,0.0,0.0,0.0,-627840.0,0.0,0.0,1,0
8.8167,400.0,594.102,0.0,-0.002,0.0,0.136,0.136,0.0,9.81,0,0,0,0.15,0,0.0,-0.0,0.0,0.0,0.0,0.0,0.0,0.0,0.0,627840.0,0,0
8.8333,400.0,594.1,0.0,0.0,0.0,-0.027,0.027,0.0,0.0,0,0,0,0.15,0,0.0,-0.0,0.0,0.0,0.0,0.0,0.0,-627840.0,0.0,0.0,1,0
8.85,400.0,594.102,0.0,-0.002,0.0,0.136,0.136,0.0,9.81,0,0,0,0.15,0,0.0,-0.0,0.0,0.0,0.0,0.0,0.0,0.0,0.0,627840.0,0,0
8.8667,400.0,594.1,0.0,0.0,0.0,-0.027,0.027,0.0,0.0,0,0,0,0.15,0,0.0,-0.0,0.0,0.0,0.0,0.0,0.0,-627840.0,0.0,0.0,1,0
8.8833,400.0,594.102,0.0,-0.002,0.0,0.136,0.136,0.0,9.81,0,0,0,0.15,0,0.0,-0.0,0.0,0.0,0.0,0.0,0.0,0.0,0.0,627840.0,0,0
8.9,400.0,594.1,0.0,0.0,0.0,-0.027,0.027,0.0,0.0,0,0,0,0.15,0,0.0,-0.0,0.0,0.0,0.0,0.0,0.0,-627840.0,0.0,0.0,1,0
8.9167,400.0,594.102,0.0,-0.002,0.0,0.136,0.136,0.0,9.81,0,0,0,0.15,0,0.0,-0.0,0.0,0.0,0.0,0.0,0.0,0.0,0.0,627840.0,0,0
8.9333,400.0,594.1,0.0,0.0,0.0,-0.027,0.027,0.0,0.0,0,0,0,0.15,0,0.0,-0.0,0.0,0.0,0.0,0.0,0.0,-627840.0,0.0,0.0,1,0
8.95,400.0,594.102,0.0,-0.002,0.0,0.136,0.136,0.0,9.81,0,0,0,0.15,0,0.0,-0.0,0.0,0.0,0.0,0.0,0.0,0.0,0.0,627840.0,0,0
8.9667,400.0,594.1,0.0,0.0,0.0,-0.027,0.027,0.0,0.0,0,0,0,0.15,0,0.0,-0.0,0.0,0.0,0.0,0.0,0.0,-627840.0,0.0,0.0,1,0
8.9833,400.0,594.102,0.0,-0.002,0.0,0.136,0.136,0.0,9.81,0,0,0,0.15,0,0.0,-0.0,0.0,0.0,0.0,0.0,0.0,0.0,0.0,627840.0,0,0
9.0,400.0,594.1,0.0,0.0,0.0,-0.027,0.027,0.0,0.0,0,0,0,0.15,0,0.0,-0.0,0.0,0.0,0.0,0.0,0.0,-627840.0,0.0,0.0,1,0
9.0167,400.0,594.102,0.0,-0.002,0.0,0.136,0.136,0.0,9.81,0,0,0,0.15,0,0.0,-0.0,0.0,0.0,0.0,0.0,0.0,0.0,0.0,627840.0,0,0
9.0333,400.0,594.1,0.0,0.0,0.0,-0.027,0.027,0.0,0.0,0,0,0,0.15,0,0.0,-0.0,0.0,0.0,0.0,0.0,0.0,-627840.0,0.0,0.0,1,0
9.05,400.0,594.102,0.0,-0.002,0.0,0.136,0.136,0.0,9.81,0,0,0,0.15,0,0.0,-0.0,0.0,0.0,0.0,0.0,0.0,0.0,0.0,627840.0,0,0
9.0667,400.0,594.1,0.0,0.0,0.0,-0.027,0.027,0.0,0.0,0,0,0,0.15,0,0.0,-0.0,0.0,0.0,0.0,0.0,0.0,-627840.0,0.0,0.0,1,0
9.0833,400.0,594.102,0.0,-0.002,0.0,0.136,0.136,0.0,9.81,0,0,0,0.15,0,0.0,-0.0,0.0,0.0,0.0,0.0,0.0,0.0,0.0,627840.0,0,0
9.1,400.0,594.1,0.0,0.0,0.0,-0.027,0.027,0.0,0.0,0,0,0,0.15,0,0.0,-0.0,0.0,0.0,0.0,0.0,0.0,-627840.0,0.0,0.0,1,0
9.1167,400.0,594.102,0.0,-0.002,0.0,0.136,0.136,0.0,9.81,0,0,0,0.15,0,0.0,-0.0,0.0,0.0,0.0,0.0,0.0,0.0,0.0,627840.0,0,0
9.1333,400.0,594.1,0.0,0.0,0.0,-0.027,0.027,0.0,0.0,0,0,0,0.15,0,0.0,-0.0,0.0,0.0,0.0,0.0,0.0,-627840.0,0.0,0.0,1,0
9.15,400.0,594.102,0.0,-0.002,0.0,0.136,0.136,0.0,9.81,0,0,0,0.15,0,0.0,-0.0,0.0,0.0,0.0,0.0,0.0,0.0,0.0,627840.0,0,0
9.1667,400.0,594.1,0.0,0.0,0.0,-0.027,0.027,0.0,0.0,0,0,0,0.15,0,0.0,-0.0,0.0,0.0,0.0,0.0,0.0,-627840.0,0.0,0.0,1,0
9.1833,400.0,594.102,0.0,-0.002,0.0,0.136,0.136,0.0,9.81,0,0,0,0.15,0,0.0,-0.0,0.0,0.0,0.0,0.0,0.0,0.0,0.0,627840.0,0,0
9.2,400.0,594.1,0.0,0.0,0.0,-0.027,0.027,0.0,0.0,0,0,0,0.15,0,0.0,-0.0,0.0,0.0,0.0,0.0,0.0,-627840.0,0.0,0.0,1,0
9.2167,400.0,594.102,0.0,-0.002,0.0,0.136,0.136,0.0,9.81,0,0,0,0.15,0,0.0,-0.0,0.0,0.0,0.0,0.0,0.0,0.0,0.0,627840.0,0,0
9.2333,400.0,594.1,0.0,0.0,0.0,-0.027,0.027,0.0,0.0,0,0,0,0.15,0,0.0,-0.0,0.0,0.0,0.0,0.0,0.0,-627840.0,0.0,0.0,1,0
9.25,400.0,594.102,0.0,-0.002,0.0,0.136,0.136,0.0,9.81,0,0,0,0.15,0,0.0,-0.0,0.0,0.0,0.0,0.0,0.0,0.0,0.0,627840.0,0,0
9.2667,400.0,594.1,0.0,0.0,0.0,-0.027,0.027,0.0,0.0,0,0,0,0.15,0,0.0,-0.0,0.0,0.0,0.0,0.0,0.0,-627840.0,0.0,0.0,1,0
9.2833,400.0,594.102,0.0,-0.002,0.0,0.136,0.136,0.0,9.81,0,0,0,0.15,0,0.0,-0.0,0.0,0.0,0.0,0.0,0.0,0.0,0.0,627840.0,0,0
9.3,400.0,594.1,0.0,0.0,0.0,-0.027,0.027,0.0,0.0,0,0,0,0.15,0,0.0,-0.0,0.0,0.0,0.0,0.0,0.0,-627840.0,0.0,0.0,1,0
9.3167,400.0,594.102,0.0,-0.002,0.0,0.136,0.136,0.0,9.81,0,0,0,0.15,0,0.0,-0.0,0.0,0.0,0.0,0.0,0.0,0.0,0.0,627840.0,0,0
9.3333,400.0,594.1,0.0,0.0,0.0,-0.027,0.027,0.0,0.0,0,0,0,0.15,0,0.0,-0.0,0.0,0.0,0.0,0.0,0.0,-627840.0,0.0,0.0,1,0
9.35,400.0,594.102,0.0,-0.002,0.0,0.136,0.136,0.0,9.81,0,0,0,0.15,0,0.0,-0.0,0.0,0.0,0.0,0.0,0.0,0.0,0.0,627840.0,0,0
9.3667,400.0,594.1,0.0,0.0,0.0,-0.027,0.027,0.0,0.0,0,0,0,0.15,0,0.0,-0.0,0.0,0.0,0.0,0.0,0.0,-627840.0,0.0,0.0,1,0
9.3833,400.0,594.102,0.0,-0.002,0.0,0.136,0.136,0.0,9.81,0,0,0,0.15,0,0.0,-0.0,0.0,0.0,0.0,0.0,0.0,0.0,0.0,627840.0,0,0
9.4,400.0,594.1,0.0,0.0,0.0,-0.027,0.027,0.0,0.0,0,0,0,0.15,0,0.0,-0.0,0.0,0.0,0.0,0.0,0.0,-627840.0,0.0,0.0,1,0
9.4167,400.0,594.102,0.0,-0.002,0.0,0.136,0.136,0.0,9.81,0,0,0,0.15,0,0.0,-0.0,0.0,0.0,0.0,0.0,0.0,0.0,0.0,627840.0,0,0
9.4333,400.0,594.1,0.0,0.0,0.0,-0.027,0.027,0.0,0.0,0,0,0,0.15,0,0.0,-0.0,0.0,0.0,0.0,0.0,0.0,-627840.0,0.0,0.0,1,0
9.45,400.0,594.102,0.0,-0.002,0.0,0.136,0.136,0.0,9.81,0,0,0,0.15,0,0.0,-0.0,0.0,0.0,0.0,0.0,0.0,0.0,0.0,627840.0,0,0
9.4667,400.0,594.1,0.0,0.0,0.0,-0.027,0.027,0.0,0.0,0,0,0,0.15,0,0.0,-0.0,0.0,0.0,0.0,0.0,0.0,-627840.0,0.0,0.0,1,0
9.4833,400.0,594.102,0.0,-0.002,0.0,0.136,0.136,0.0,9.81,0,0,0,0.15,0,0.0,-0.0,0.0,0.0,0.0,0.0,0.0,0.0,0.0,627840.0,0,0
9.5,400.0,594.1,0.0,0.0,0.0,-0.027,0.027,0.0,0.0,0,0,0,0.15,0,0.0,-0.0,0.0,0.0,0.0,0.0,0.0,-627840.0,0.0,0.0,1,0
9.5167,400.0,594.102,0.0,-0.002,0.0,0.136,0.136,0.0,9.81,0,0,0,0.15,0,0.0,-0.0,0.0,0.0,0.0,0.0,0.0,0.0,0.0,627840.0,0,0
9.5333,400.0,594.1,0.0,0.0,0.0,-0.027,0.027,0.0,0.0,0,0,0,0.15,0,0.0,-0.0,0.0,0.0,0.0,0.0,0.0,-627840.0,0.0,0.0,1,0
9.55,400.0,594.102,0.0,-0.002,0.0,0.136,0.136,0.0,9.81,0,0,0,0.15,0,0.0,-0.0,0.0,0.0,0.0,0.0,0.0,0.0,0.0,627840.0,0,0
9.5667,400.0,594.1,0.0,0.0,0.0,-0.027,0.027,0.0,0.0,0,0,0,0.15,0,0.0,-0.0,0.0,0.0,0.0,0.0,0.0,-627840.0,0.0,0.0,1,0
9.5833,400.0,594.102,0.0,-0.002,0.0,0.136,0.136,0.0,9.81,0,0,0,0.15,0,0.0,-0.0,0.0,0.0,0.0,0.0,0.0,0.0,0.0,627840.0,0,0
9.6,400.0,594.1,0.0,0.0,0.0,-0.027,0.027,0.0,0.0,0,0,0,0.15,0,0.0,-0.0,0.0,0.0,0.0,0.0,0.0,-627840.0,0.0,0.0,1,0
9.6167,400.0,594.102,0.0,-0.002,0.0,0.136,0.136,0.0,9.81,0,0,0,0.15,0,0.0,-0.0,0.0,0.0,0.0,0.0,0.0,0.0,0.0,627840.0,0,0
9.6333,400.0,594.1,0.0,0.0,0.0,-0.027,0.027,0.0,0.0,0,0,0,0.15,0,0.0,-0.0,0.0,0.0,0.0,0.0,0.0,-627840.0,0.0,0.0,1,0
9.65,400.0,594.102,0.0,-0.002,0.0,0.136,0.136,0.0,9.81,0,0,0,0.15,0,0.0,-0.0,0.0,0.0,0.0,0.0,0.0,0.0,0.0,627840.0,0,0
9.6667,400.0,594.1,0.0,0.0,0.0,-0.027,0.027,0.0,0.0,0,0,0,0.15,0,0.0,-0.0,0.0,0.0,0.0,0.0,0.0,-627840.0,0.0,0.0,1,0
9.6833,400.0,594.102,0.0,-0.002,0.0,0.136,0.136,0.0,9.81,0,0,0,0.15,0,0.0,-0.0,0.0,0.0,0.0,0.0,0.0,0.0,0.0,627840.0,0,0
9.7,400.0,594.1,0.0,0.0,0.0,-0.027,0.027,0.0,0.0,0,0,0,0.15,0,0.0,-0.0,0.0,0.0,0.0,0.0,0.0,-627840.0,0.0,0.0,1,0
9.7167,400.0,594.102,0.0,-0.002,0.0,0.136,0.136,0.0,9.81,0,0,0,0.15,0,0.0,-0.0,0.0,0.0,0.0,0.0,0.0,0.0,0.0,627840.0,0,0
9.7333,400.0,594.1,0.0,0.0,0.0,-0.027,0.027,0.0,0.0,0,0,0,0.15,0,0.0,-0.0,0.0,0.0,0.0,0.0,0.0,-627840.0,0.0,0.0,1,0
9.75,400.0,594.102,0.0,-0.002,0.0,0.136,0.136,0.0,9.81,0,0,0,0.15,0,0.0,-0.0,0.0,0.0,0.0,0.0,0.0,0.0,0.0,627840.0,0,0
9.7667,400.0,594.1,0.0,0.0,0.0,-0.027,0.027,0.0,0.0,0,0,0,0.15,0,0.0,-0.0,0.0,0.0,0.0,0.0,0.0,-627840.0,0.0,0.0,1,0
9.7833,400.0,594.102,0.0,-0.002,0.0,0.136,0.136,0.0,9.81,0,0,0,0.15,0,0.0,-0.0,0.0,0.0,0.0,0.0,0.0,0.0,0.0,627840.0,0,0
9.8,400.0,594.1,0.0,0.0,0.0,-0.027,0.027,0.0,0.0,0,0,0,0.15,0,0.0,-0.0,0.0,0.0,0.0,0.0,0.0,-627840.0,0.0,0.0,1,0
9.8167,400.0,594.102,0.0,-0.002,0.0,0.136,0.136,0.0,9.81,0,0,0,0.15,0,0.0,-0.0,0.0,0.0,0.0,0.0,0.0,0.0,0.0,627840.0,0,0
9.8333,400.0,594.1,0.0,0.0,0.0,-0.027,0.027,0.0,0.0,0,0,0,0.15,0,0.0,-0.0,0.0,0.0,0.0,0.0,0.0,-627840.0,0.0,0.0,1,0
9.85,400.0,594.102,0.0,-0.002,0.0,0.136,0.136,0.0,9.81,0,0,0,0.15,0,0.0,-0.0,0.0,0.0,0.0,0.0,0.0,0.0,0.0,627840.0,0,0
9.8667,400.0,594.1,0.0,0.0,0.0,-0.027,0.027,0.0,0.0,0,0,0,0.15,0,0.0,-0.0,0.0,0.0,0.0,0.0,0.0,-627840.0,0.0,0.0,1,0
9.8833,400.0,594.102,0.0,-0.002,0.0,0.136,0.136,0.0,9.81,0,0,0,0.15,0,0.0,-0.0,0.0,0.0,0.0,0.0,0.0,0.0,0.0,627840.0,0,0
9.9,400.0,594.1,0.0,0.0,0.0,-0.027,0.027,0.0,0.0,0,0,0,0.15,0,0.0,-0.0,0.0,0.0,0.0,0.0,0.0,-627840.0,0.0,0.0,1,0
9.9167,400.0,594.102,0.0,-0.002,0.0,0.136,0.136,0.0,9.81,0,0,0,0.15,0,0.0,-0.0,0.0,0.0,0.0,0.0,0.0,0.0,0.0,627840.0,0,0
9.9333,400.0,594.1,0.0,0.0,0.0,-0.027,0.027,0.0,0.0,0,0,0,0.15,0,0.0,-0.0,0.0,0.0,0.0,0.0,0.0,-627840.0,0.0,0.0,1,0
9.95,400.0,594.102,0.0,-0.002,0.0,0.136,0.136,0.0,9.81,0,0,0,0.15,0,0.0,-0.0,0.0,0.0,0.0,0.0,0.0,0.0,0.0,627840.0,0,0
9.9667,400.0,594.1,0.0,0.0,0.0,-0.027,0.027,0.0,0.0,0,0,0,0.15,0,0.0,-0.0,0.0,0.0,0.0,0.0,0.0,-627840.0,0.0,0.0,1,0
9.9833,400.0,594.102,0.0,-0.002,0.0,0.136,0.136,0.0,9.81,0,0,0,0.15,0,0.0,-0.0,0.0,0.0,0.0,0.0,0.0,0.0,0.0,627840.0,0,0
10.0,400.0,594.1,0.0,0.0,0.0,-0.027,0.027,0.0,0.0,0,0,0,0.15,0,0.0,-0.0,0.0,0.0,0.0,0.0,0.0,-627840.0,0.0,0.0,1,0
10.0167,400.0,594.102,0.0,-0.002,0.0,0.136,0.136,0.0,9.81,0,0,0,0.15,0,0.0,-0.0,0.0,0.0,0.0,0.0,0.0,0.0,0.0,627840.0,0,0
10.0333,400.0,594.1,0.0,0.0,0.0,-0.027,0.027,0.0,0.0,0,0,0,0.15,0,0.0,-0.0,0.0,0.0,0.0,0.0,0.0,-627840.0,0.0,0.0,1,0
10.05,400.0,594.102,0.0,-0.002,0.0,0.136,0.136,0.0,9.81,0,0,0,0.15,0,0.0,-0.0,0.0,0.0,0.0,0.0,0.0,0.0,0.0,627840.0,0,0
10.0667,400.0,594.1,0.0,0.0,0.0,-0.027,0.027,0.0,0.0,0,0,0,0.15,0,0.0,-0.0,0.0,0.0,0.0,0.0,0.0,-627840.0,0.0,0.0,1,0
10.0833,400.0,594.102,0.0,-0.002,0.0,0.136,0.136,0.0,9.81,0,0,0,0.15,0,0.0,-0.0,0.0,0.0,0.0,0.0,0.0,0.0,0.0,627840.0,0,0
10.1,400.0,594.1,0.0,0.0,0.0,-0.027,0.027,0.0,0.0,0,0,0,0.15,0,0.0,-0.0,0.0,0.0,0.0,0.0,0.0,-627840.0,0.0,0.0,1,0
10.1167,400.0,594.102,0.0,-0.002,0.0,0.136,0.136,0.0,9.81,0,0,0,0.15,0,0.0,-0.0,0.0,0.0,0.0,0.0,0.0,0.0,0.0,627840.0,0,0
10.1333,400.0,594.1,0.0,0.0,0.0,-0.027,0.027,0.0,0.0,0,0,0,0.15,0,0.0,-0.0,0.0,0.0,0.0,0.0,0.0,-627840.0,0.0,0.0,1,0
10.15,400.0,594.102,0.0,-0.002,0.0,0.136,0.136,0.0,9.81,0,0,0,0.15,0,0.0,-0.0,0.0,0.0,0.0,0.0,0.0,0.0,0.0,627840.0,0,0
10.1667,400.0,594.1,0.0,0.0,0.0,-0.027,0.027,0.0,0.0,0,0,0,0.15,0,0.0,-0.0,0.0,0.0,0.0,0.0,0.0,-627840.0,0.0,0.0,1,0
10.1833,400.0,594.102,0.0,-0.002,0.0,0.136,0.136,0.0,9.81,0,0,0,0.15,0,0.0,-0.0,0.0,0.0,0.0,0.0,0.0,0.0,0.0,627840.0,0,0
10.2,400.0,594.1,0.0,0.0,0.0,-0.027,0.027,0.0,0.0,0,0,0,0.15,0,0.0,-0.0,0.0,0.0,0.0,0.0,0.0,-627840.0,0.0,0.0,1,0
10.2167,400.0,594.102,0.0,-0.002,0.0,0.136,0.136,0.0,9.81,0,0,0,0.15,0,0.0,-0.0,0.0,0.0,0.0,0.0,0.0,0.0,0.0,627840.0,0,0
10.2333,400.0,594.1,0.0,0.0,0.0,-0.027,0.027,0.0,0.0,0,0,0,0.15,0,0.0,-0.0,0.0,0.0,0.0,0.0,0.0,-627840.0,0.0,0.0,1,0
10.25,400.0,594.102,0.0,-0.002,0.0,0.136,0.136,0.0,9.81,0,0,0,0.15,0,0.0,-0.0,0.0,0.0,0.0,0.0,0.0,0.0,0.0,627840.0,0,0
10.2667,400.0,594.1,0.0,0.0,0.0,-0.027,0.027,0.0,0.0,0,0,0,0.15,0,0.0,-0.0,0.0,0.0,0.0,0.0,0.0,-627840.0,0.0,0.0,1,0
10.2833,400.0,594.102,0.0,-0.002,0.0,0.136,0.136,0.0,9.81,0,0,0,0.15,0,0.0,-0.0,0.0,0.0,0.0,0.0,0.0,0.0,0.0,627840.0,0,0
10.3,400.0,594.1,0.0,0.0,0.0,-0.027,0.027,0.0,0.0,0,0,0,0.15,0,0.0,-0.0,0.0,0.0,0.0,0.0,0.0,-627840.0,0.0,0.0,1,0
10.3167,400.0,594.102,0.0,-0.002,0.0,0.136,0.136,0.0,9.81,0,0,0,0.15,0,0.0,-0.0,0.0,0.0,0.0,0.0,0.0,0.0,0.0,627840.0,0,0
10.3333,400.0,594.1,0.0,0.0,0.0,-0.027,0.027,0.0,0.0,0,0,0,0.15,0,0.0,-0.0,0.0,0.0,0.0,0.0,0.0,-627840.0,0.0,0.0,1,0
10.35,400.0,594.102,0.0,-0.002,0.0,0.136,0.136,0.0,9.81,0,0,0,0.15,0,0.0,-0.0,0.0,0.0,0.0,0.0,0.0,0.0,0.0,627840.0,0,0
10.3667,400.0,594.1,0.0,0.0,0.0,-0.027,0.027,0.0,0.0,0,0,0,0.15,0,0.0,-0.0,0.0,0.0,0.0,0.0,0.0,-627840.0,0.0,0.0,1,0
10.3833,400.0,594.102,0.0,-0.002,0.0,0.136,0.136,0.0,9.81,0,0,0,0.15,0,0.0,-0.0,0.0,0.0,0.0,0.0,0.0,0.0,0.0,627840.0,0,0
10.4,400.0,594.1,0.0,0.0,0.0,-0.027,0.027,0.0,0.0,0,0,0,0.15,0,0.0,-0.0,0.0,0.0,0.0,0.0,0.0,-627840.0,0.0,0.0,1,0
10.4167,400.0,594.102,0.0,-0.002,0.0,0.136,0.136,0.0,9.81,0,0,0,0.15,0,0.0,-0.0,0.0,0.0,0.0,0.0,0.0,0.0,0.0,627840.0,0,0
10.4333,400.0,594.1,0.0,0.0,0.0,-0.027,0.027,0.0,0.0,0,0,0,0.15,0,0.0,-0.0,0.0,0.0,0.0,0.0,0.0,-627840.0,0.0,0.0,1,0
10.45,400.0,594.102,0.0,-0.002,0.0,0.136,0.136,0.0,9.81,0,0,0,0.15,0,0.0,-0.0,0.0,0.0,0.0,0.0,0.0,0.0,0.0,627840.0,0,0
10.4667,400.0,594.1,0.0,0.0,0.0,-0.027,0.027,0.0,0.0,0,0,0,0.15,0,0.0,-0.0,0.0,0.0,0.0,0.0,0.0,-627840.0,0.0,0.0,1,0
10.4833,400.0,594.102,0.0,-0.002,0.0,0.136,0.136,0.0,9.81,0,0,0,0.15,0,0.0,-0.0,0.0,0.0,0.0,0.0,0.0,0.0,0.0,627840.0,0,0
10.5,400.0,594.1,0.0,0.0,0.0,-0.027,0.027,0.0,0.0,0,0,0,0.15,0,0.0,-0.0,0.0,0.0,0.0,0.0,0.0,-627840.0,0.0,0.0,1,0
10.5167,400.0,594.102,0.0,-0.002,0.0,0.136,0.136,0.0,9.81,0,0,0,0.15,0,0.0,-0.0,0.0,0.0,0.0,0.0,0.0,0.0,0.0,627840.0,0,0
10.5333,400.0,594.1,0.0,0.0,0.0,-0.027,0.027,0.0,0.0,0,0,0,0.15,0,0.0,-0.0,0.0,0.0,0.0,0.0,0.0,-627840.0,0.0,0.0,1,0
10.55,400.0,594.102,0.0,-0.002,0.0,0.136,0.136,0.0,9.81,0,0,0,0.15,0,0.0,-0.0,0.0,0.0,0.0,0.0,0.0,0.0,0.0,627840.0,0,0
10.5667,400.0,594.1,0.0,0.0,0.0,-0.027,0.027,0.0,0.0,0,0,0,0.15,0,0.0,-0.0,0.0,0.0,0.0,0.0,0.0,-627840.0,0.0,0.0,1,0
10.5833,400.0,594.102,0.0,-0.002,0.0,0.136,0.136,0.0,9.81,0,0,0,0.15,0,0.0,-0.0,0.0,0.0,0.0,0.0,0.0,0.0,0.0,627840.0,0,0
10.6,400.0,594.1,0.0,0.0,0.0,-0.027,0.027,0.0,0.0,0,0,0,0.15,0,0.0,-0.0,0.0,0.0,0.0,0.0,0.0,-627840.0,0.0,0.0,1,0
10.6167,400.0,594.102,0.0,-0.002,0.0,0.136,0.136,0.0,9.81,0,0,0,0.15,0,0.0,-0.0,0.0,0.0,0.0,0.0,0.0,0.0,0.0,627840.0,0,0
10.6333,400.0,594.1,0.0,0.0,0.0,-0.027,0.027,0.0,0.0,0,0,0,0.15,0,0.0,-0.0,0.0,0.0,0.0,0.0,0.0,-627840.0,0.0,0.0,1,0
10.65,400.0,594.102,0.0,-0.002,0.0,0.136,0.136,0.0,9.81,0,0,0,0.15,0,0.0,-0.0,0.0,0.0,0.0,0.0,0.0,0.0,0.0,627840.0,0,0
10.6667,400.0,594.1,0.0,0.0,0.0,-0.027,0.027,0.0,0.0,0,0,0,0.15,0,0.0,-0.0,0.0,0.0,0.0,0.0,0.0,-627840.0,0.0,0.0,1,0
10.6833,400.0,594.102,0.0,-0.002,0.0,0.136,0.136,0.0,9.81,0,0,0,0.15,0,0.0,-0.0,0.0,0.0,0.0,0.0,0.0,0.0,0.0,627840.0,0,0
10.7,400.0,594.1,0.0,0.0,0.0,-0.027,0.027,0.0,0.0,0,0,0,0.15,0,0.0,-0.0,0.0,0.0,0.0,0.0,0.0,-627840.0,0.0,0.0,1,0
10.7167,400.0,594.102,0.0,-0.002,0.0,0.136,0.136,0.0,9.81,0,0,0,0.15,0,0.0,-0.0,0.0,0.0,0.0,0.0,0.0,0.0,0.0,627840.0,0,0
10.7333,400.0,594.1,0.0,0.0,0.0,-0.027,0.027,0.0,0.0,0,0,0,0.15,0,0.0,-0.0,0.0,0.0,0.0,0.0,0.0,-627840.0,0.0,0.0,1,0
10.75,400.0,594.102,0.0,-0.002,0.0,0.136,0.136,0.0,9.81,0,0,0,0.15,0,0.0,-0.0,0.0,0.0,0.0,0.0,0.0,0.0,0.0,627840.0,0,0
10.7667,400.0,594.1,0.0,0.0,0.0,-0.027,0.027,0.0,0.0,0,0,0,0.15,0,0.0,-0.0,0.0,0.0,0.0,0.0,0.0,-627840.0,0.0,0.0,1,0
10.7833,400.0,594.102,0.0,-0.002,0.0,0.136,0.136,0.0,9.81,0,0,0,0.15,0,0.0,-0.0,0.0,0.0,0.0,0.0,0.0,0.0,0.0,627840.0,0,0
10.8,400.0,594.1,0.0,0.0,0.0,-0.027,0.027,0.0,0.0,0,0,0,0.15,0,0.0,-0.0,0.0,0.0,0.0,0.0,0.0,-627840.0,0.0,0.0,1,0
10.8167,400.0,594.102,0.0,-0.002,0.0,0.136,0.136,0.0,9.81,0,0,0,0.15,0,0.0,-0.0,0.0,0.0,0.0,0.0,0.0,0.0,0.0,627840.0,0,0
10.8333,400.0,594.1,0.0,0.0,0.0,-0.027,0.027,0.0,0.0,0,0,0,0.15,0,0.0,-0.0,0.0,0.0,0.0,0.0,0.0,-627840.0,0.0,0.0,1,0
10.85,400.0,594.102,0.0,-0.002,0.0,0.136,0.136,0.0,9.81,0,0,0,0.15,0,0.0,-0.0,0.0,0.0,0.0,0.0,0.0,0.0,0.0,627840.0,0,0
10.8667,400.0,594.1,0.0,0.0,0.0,-0.027,0.027,0.0,0.0,0,0,0,0.15,0,0.0,-0.0,0.0,0.0,0.0,0.0,0.0,-627840.0,0.0,0.0,1,0
10.8833,400.0,594.102,0.0,-0.002,0.0,0.136,0.136,0.0,9.81,0,0,0,0.15,0,0.0,-0.0,0.0,0.0,0.0,0.0,0.0,0.0,0.0,627840.0,0,0
10.9,400.0,594.1,0.0,0.0,0.0,-0.027,0.027,0.0,0.0,0,0,0,0.15,0,0.0,-0.0,0.0,0.0,0.0,0.0,0.0,-627840.0,0.0,0.0,1,0
10.9167,400.0,594.102,0.0,-0.002,0.0,0.136,0.136,0.0,9.81,0,0,0,0.15,0,0.0,-0.0,0.0,0.0,0.0,0.0,0.0,0.0,0.0,627840.0,0,0
10.9333,400.0,594.1,0.0,0.0,0.0,-0.027,0.027,0.0,0.0,0,0,0,0.15,0,0.0,-0.0,0.0,0.0,0.0,0.0,0.0,-627840.0,0.0,0.0,1,0
10.95,400.0,594.102,0.0,-0.002,0.0,0.136,0.136,0.0,9.81,0,0,0,0.15,0,0.0,-0.0,0.0,0.0,0.0,0.0,0.0,0.0,0.0,627840.0,0,0
10.9667,400.0,594.1,0.0,0.0,0.0,-0.027,0.027,0.0,0.0,0,0,0,0.15,0,0.0,-0.0,0.0,0.0,0.0,0.0,0.0,-627840.0,0.0,0.0,1,0
10.9833,400.0,594.102,0.0,-0.002,0.0,0.136,0.136,0.0,9.81,0,0,0,0.15,0,0.0,-0.0,0.0,0.0,0.0,0.0,0.0,0.0,0.0,627840.0,0,0
11.0,400.0,594.1,0.0,0.0,0.0,-0.027,0.027,0.0,0.0,0,0,0,0.15,0,0.0,-0.0,0.0,0.0,0.0,0.0,0.0,-627840.0,0.0,0.0,1,0
11.0167,400.0,594.102,0.0,-0.002,0.0,0.136,0.136,0.0,9.81,0,0,0,0.15,0,0.0,-0.0,0.0,0.0,0.0,0.0,0.0,0.0,0.0,627840.0,0,0
11.0333,400.0,594.1,0.0,0.0,0.0,-0.027,0.027,0.0,0.0,0,0,0,0.15,0,0.0,-0.0,0.0,0.0,0.0,0.0,0.0,-627840.0,0.0,0.0,1,0
11.05,400.0,594.102,0.0,-0.002,0.0,0.136,0.136,0.0,9.81,0,0,0,0.15,0,0.0,-0.0,0.0,0.0,0.0,0.0,0.0,0.0,0.0,627840.0,0,0
11.0667,400.0,594.1,0.0,0.0,0.0,-0.027,0.027,0.0,0.0,0,0,0,0.15,0,0.0,-0.0,0.0,0.0,0.0,0.0,0.0,-627840.0,0.0,0.0,1,0
11.0833,400.0,594.102,0.0,-0.002,0.0,0.136,0.136,0.0,9.81,0,0,0,0.15,0,0.0,-0.0,0.0,0.0,0.0,0.0,0.0,0.0,0.0,627840.0,0,0
11.1,400.0,594.1,0.0,0.0,0.0,-0.027,0.027,0.0,0.0,0,0,0,0.15,0,0.0,-0.0,0.0,0.0,0.0,0.0,0.0,-627840.0,0.0,0.0,1,0
11.1167,400.0,594.102,0.0,-0.002,0.0,0.136,0.136,0.0,9.81,0,0,0,0.15,0,0.0,-0.0,0.0,0.0,0.0,0.0,0.0,0.0,0.0,627840.0,0,0
11.1333,400.0,594.1,0.0,0.0,0.0,-0.027,0.027,0.0,0.0,0,0,0,0.15,0,0.0,-0.0,0.0,0.0,0.0,0.0,0.0,-627840.0,0.0,0.0,1,0
11.15,400.0,594.102,0.0,-0.002,0.0,0.136,0.136,0.0,9.81,0,0,0,0.15,0,0.0,-0.0,0.0,0.0,0.0,0.0,0.0,0.0,0.0,627840.0,0,0
11.1667,400.0,594.1,0.0,0.0,0.0,-0.027,0.027,0.0,0.0,0,0,0,0.15,0,0.0,-0.0,0.0,0.0,0.0,0.0,0.0,-627840.0,0.0,0.0,1,0
11.1833,400.0,594.102,0.0,-0.002,0.0,0.136,0.136,0.0,9.81,0,0,0,0.15,0,0.0,-0.0,0.0,0.0,0.0,0.0,0.0,0.0,0.0,627840.0,0,0
11.2,400.0,594.1,0.0,0.0,0.0,-0.027,0.027,0.0,0.0,0,0,0,0.15,0,0.0,-0.0,0.0,0.0,0.0,0.0,0.0,-627840.0,0.0,0.0,1,0
11.2167,400.0,594.102,0.0,-0.002,0.0,0.136,0.136,0.0,9.81,0,0,0,0.15,0,0.0,-0.0,0.0,0.0,0.0,0.0,0.0,0.0,0.0,627840.0,0,0
11.2333,400.0,594.1,0.0,0.0,0.0,-0.027,0.027,0.0,0.0,0,0,0,0.15,0,0.0,-0.0,0.0,0.0,0.0,0.0,0.0,-627840.0,0.0,0.0,1,0
11.25,400.0,594.102,0.0,-0.002,0.0,0.136,0.136,0.0,9.81,0,0,0,0.15,0,0.0,-0.0,0.0,0.0,0.0,0.0,0.0,0.0,0.0,627840.0,0,0
11.2667,400.0,594.1,0.0,0.0,0.0,-0.027,0.027,0.0,0.0,0,0,0,0.15,0,0.0,-0.0,0.0,0.0,0.0,0.0,0.0,-627840.0,0.0,0.0,1,0
11.2833,400.0,594.102,0.0,-0.002,0.0,0.136,0.136,0.0,9.81,0,0,0,0.15,0,0.0,-0.0,0.0,0.0,0.0,0.0,0.0,0.0,0.0,627840.0,0,0
11.3,400.0,594.1,0.0,0.0,0.0,-0.027,0.027,0.0,0.0,0,0,0,0.15,0,0.0,-0.0,0.0,0.0,0.0,0.0,0.0,-627840.0,0.0,0.0,1,0
11.3167,400.0,594.102,0.0,-0.002,0.0,0.136,0.136,0.0,9.81,0,0,0,0.15,0,0.0,-0.0,0.0,0.0,0.0,0.0,0.0,0.0,0.0,627840.0,0,0
11.3333,400.0,594.1,0.0,0.0,0.0,-0.027,0.027,0.0,0.0,0,0,0,0.15,0,0.0,-0.0,0.0,0.0,0.0,0.0,0.0,-627840.0,0.0,0.0,1,0
11.35,400.0,594.102,0.0,-0.002,0.0,0.136,0.136,0.0,9.81,0,0,0,0.15,0,0.0,-0.0,0.0,0.0,0.0,0.0,0.0,0.0,0.0,627840.0,0,0
11.3667,400.0,594.1,0.0,0.0,0.0,-0.027,0.027,0.0,0.0,0,0,0,0.15,0,0.0,-0.0,0.0,0.0,0.0,0.0,0.0,-627840.0,0.0,0.0,1,0
11.3833,400.0,594.102,0.0,-0.002,0.0,0.136,0.136,0.0,9.81,0,0,0,0.15,0,0.0,-0.0,0.0,0.0,0.0,0.0,0.0,0.0,0.0,627840.0,0,0
11.4,400.0,594.1,0.0,0.0,0.0,-0.027,0.027,0.0,0.0,0,0,0,0.15,0,0.0,-0.0,0.0,0.0,0.0,0.0,0.0,-627840.0,0.0,0.0,1,0
11.4167,400.0,594.102,0.0,-0.002,0.0,0.136,0.136,0.0,9.81,0,0,0,0.15,0,0.0,-0.0,0.0,0.0,0.0,0.0,0.0,0.0,0.0,627840.0,0,0
11.4333,400.0,594.1,0.0,0.0,0.0,-0.027,0.027,0.0,0.0,0,0,0,0.15,0,0.0,-0.0,0.0,0.0,0.0,0.0,0.0,-627840.0,0.0,0.0,1,0
11.45,400.0,594.102,0.0,-0.002,0.0,0.136,0.136,0.0,9.81,0,0,0,0.15,0,0.0,-0.0,0.0,0.0,0.0,0.0,0.0,0.0,0.0,627840.0,0,0
11.4667,400.0,594.1,0.0,0.0,0.0,-0.027,0.027,0.0,0.0,0,0,0,0.15,0,0.0,-0.0,0.0,0.0,0.0,0.0,0.0,-627840.0,0.0,0.0,1,0
11.4833,400.0,594.102,0.0,-0.002,0.0,0.136,0.136,0.0,9.81,0,0,0,0.15,0,0.0,-0.0,0.0,0.0,0.0,0.0,0.0,0.0,0.0,627840.0,0,0
11.5,400.0,594.1,0.0,0.0,0.0,-0.027,0.027,0.0,0.0,0,0,0,0.15,0,0.0,-0.0,0.0,0.0,0.0,0.0,0.0,-627840.0,0.0,0.0,1,0
11.5167,400.0,594.102,0.0,-0.002,0.0,0.136,0.136,0.0,9.81,0,0,0,0.15,0,0.0,-0.0,0.0,0.0,0.0,0.0,0.0,0.0,0.0,627840.0,0,0
11.5333,400.0,594.1,0.0,0.0,0.0,-0.027,0.027,0.0,0.0,0,0,0,0.15,0,0.0,-0.0,0.0,0.0,0.0,0.0,0.0,-627840.0,0.0,0.0,1,0
11.55,400.0,594.102,0.0,-0.002,0.0,0.136,0.136,0.0,9.81,0,0,0,0.15,0,0.0,-0.0,0.0,0.0,0.0,0.0,0.0,0.0,0.0,627840.0,0,0
11.5667,400.0,594.1,0.0,0.0,0.0,-0.027,0.027,0.0,0.0,0,0,0,0.15,0,0.0,-0.0,0.0,0.0,0.0,0.0,0.0,-627840.0,0.0,0.0,1,0
11.5833,400.0,594.102,0.0,-0.002,0.0,0.136,0.136,0.0,9.81,0,0,0,0.15,0,0.0,-0.0,0.0,0.0,0.0,0.0,0.0,0.0,0.0,627840.0,0,0
11.6,400.0,594.1,0.0,0.0,0.0,-0.027,0.027,0.0,0.0,0,0,0,0.15,0,0.0,-0.0,0.0,0.0,0.0,0.0,0.0,-627840.0,0.0,0.0,1,0
11.6167,400.0,594.102,0.0,-0.002,0.0,0.136,0.136,0.0,9.81,0,0,0,0.15,0,0.0,-0.0,0.0,0.0,0.0,0.0,0.0,0.0,0.0,627840.0,0,0
11.6333,400.0,594.1,0.0,0.0,0.0,-0.027,0.027,0.0,0.0,0,0,0,0.15,0,0.0,-0.0,0.0,0.0,0.0,0.0,0.0,-627840.0,0.0,0.0,1,0
11.65,400.0,594.102,0.0,-0.002,0.0,0.136,0.136,0.0,9.81,0,0,0,0.15,0,0.0,-0.0,0.0,0.0,0.0,0.0,0.0,0.0,0.0,627840.0,0,0
11.6667,400.0,594.1,0.0,0.0,0.0,-0.027,0.027,0.0,0.0,0,0,0,0.15,0,0.0,-0.0,0.0,0.0,0.0,0.0,0.0,-627840.0,0.0,0.0,1,0
11.6833,400.0,594.102,0.0,-0.002,0.0,0.136,0.136,0.0,9.81,0,0,0,0.15,0,0.0,-0.0,0.0,0.0,0.0,0.0,0.0,0.0,0.0,627840.0,0,0
11.7,400.0,594.1,0.0,0.0,0.0,-0.027,0.027,0.0,0.0,0,0,0,0.15,0,0.0,-0.0,0.0,0.0,0.0,0.0,0.0,-627840.0,0.0,0.0,1,0
11.7167,400.0,594.102,0.0,-0.002,0.0,0.136,0.136,0.0,9.81,0,0,0,0.15,0,0.0,-0.0,0.0,0.0,0.0,0.0,0.0,0.0,0.0,627840.0,0,0
11.7333,400.0,594.1,0.0,0.0,0.0,-0.027,0.027,0.0,0.0,0,0,0,0.15,0,0.0,-0.0,0.0,0.0,0.0,0.0,0.0,-627840.0,0.0,0.0,1,0
11.75,400.0,594.102,0.0,-0.002,0.0,0.136,0.136,0.0,9.81,0,0,0,0.15,0,0.0,-0.0,0.0,0.0,0.0,0.0,0.0,0.0,0.0,627840.0,0,0
11.7667,400.0,594.1,0.0,0.0,0.0,-0.027,0.027,0.0,0.0,0,0,0,0.15,0,0.0,-0.0,0.0,0.0,0.0,0.0,0.0,-627840.0,0.0,0.0,1,0
11.7833,400.0,594.102,0.0,-0.002,0.0,0.136,0.136,0.0,9.81,0,0,0,0.15,0,0.0,-0.0,0.0,0.0,0.0,0.0,0.0,0.0,0.0,627840.0,0,0
11.8,400.0,594.1,0.0,0.0,0.0,-0.027,0.027,0.0,0.0,0,0,0,0.15,0,0.0,-0.0,0.0,0.0,0.0,0.0,0.0,-627840.0,0.0,0.0,1,0
11.8167,400.0,594.102,0.0,-0.002,0.0,0.136,0.136,0.0,9.81,0,0,0,0.15,0,0.0,-0.0,0.0,0.0,0.0,0.0,0.0,0.0,0.0,627840.0,0,0
11.8333,400.0,594.1,0.0,0.0,0.0,-0.027,0.027,0.0,0.0,0,0,0,0.15,0,0.0,-0.0,0.0,0.0,0.0,0.0,0.0,-627840.0,0.0,0.0,1,0
11.85,400.0,594.102,0.0,-0.002,0.0,0.136,0.136,0.0,9.81,0,0,0,0.15,0,0.0,-0.0,0.0,0.0,0.0,0.0,0.0,0.0,0.0,627840.0,0,0
11.8667,400.0,594.1,0.0,0.0,0.0,-0.027,0.027,0.0,0.0,0,0,0,0.15,0,0.0,-0.0,0.0,0.0,0.0,0.0,0.0,-627840.0,0.0,0.0,1,0
11.8833,400.0,594.102,0.0,-0.002,0.0,0.136,0.136,0.0,9.81,0,0,0,0.15,0,0.0,-0.0,0.0,0.0,0.0,0.0,0.0,0.0,0.0,627840.0,0,0
11.9,400.0,594.1,0.0,0.0,0.0,-0.027,0.027,0.0,0.0,0,0,0,0.15,0,0.0,-0.0,0.0,0.0,0.0,0.0,0.0,-627840.0,0.0,0.0,1,0
11.9167,400.0,594.102,0.0,-0.002,0.0,0.136,0.136,0.0,9.81,0,0,0,0.15,0,0.0,-0.0,0.0,0.0,0.0,0.0,0.0,0.0,0.0,627840.0,0,0
11.9333,400.0,594.1,0.0,0.0,0.0,-0.027,0.027,0.0,0.0,0,0,0,0.15,0,0.0,-0.0,0.0,0.0,0.0,0.0,0.0,-627840.0,0.0,0.0,1,0
11.95,400.0,594.102,0.0,-0.002,0.0,0.136,0.136,0.0,9.81,0,0,0,0.15,0,0.0,-0.0,0.0,0.0,0.0,0.0,0.0,0.0,0.0,627840.0,0,0
11.9667,400.0,594.1,0.0,0.0,0.0,-0.027,0.027,0.0,0.0,0,0,0,0.15,0,0.0,-0.0,0.0,0.0,0.0,0.0,0.0,-627840.0,0.0,0.0,1,0
11.9833,400.0,594.102,0.0,-0.002,0.0,0.136,0.136,0.0,9.81,0,0,0,0.15,0,0.0,-0.0,0.0,0.0,0.0,0.0,0.0,0.0,0.0,627840.0,0,0
12.0,400.0,594.1,0.0,0.0,0.0,-0.027,0.027,0.0,0.0,0,0,0,0.15,0,0.0,-0.0,0.0,0.0,0.0,0.0,0.0,-627840.0,0.0,0.0,1,0
12.0167,400.0,594.102,0.0,-0.002,0.0,0.136,0.136,0.0,9.81,0,0,0,0.15,0,0.0,-0.0,0.0,0.0,0.0,0.0,0.0,0.0,0.0,627840.0,0,0
12.0333,400.0,594.1,0.0,0.0,0.0,-0.027,0.027,0.0,0.0,0,0,0,0.15,0,0.0,-0.0,0.0,0.0,0.0,0.0,0.0,-627840.0,0.0,0.0,1,0
12.05,400.0,594.102,0.0,-0.002,0.0,0.136,0.136,0.0,9.81,0,0,0,0.15,0,0.0,-0.0,0.0,0.0,0.0,0.0,0.0,0.0,0.0,627840.0,0,0
12.0667,400.0,594.1,0.0,0.0,0.0,-0.027,0.027,0.0,0.0,0,0,0,0.15,0,0.0,-0.0,0.0,0.0,0.0,0.0,0.0,-627840.0,0.0,0.0,1,0
12.0833,400.0,594.102,0.0,-0.002,0.0,0.136,0.136,0.0,9.81,0,0,0,0.15,0,0.0,-0.0,0.0,0.0,0.0,0.0,0.0,0.0,0.0,627840.0,0,0
12.1,400.0,594.1,0.0,0.0,0.0,-0.027,0.027,0.0,0.0,0,0,0,0.15,0,0.0,-0.0,0.0,0.0,0.0,0.0,0.0,-627840.0,0.0,0.0,1,0
12.1167,400.0,594.102,0.0,-0.002,0.0,0.136,0.136,0.0,9.81,0,0,0,0.15,0,0.0,-0.0,0.0,0.0,0.0,0.0,0.0,0.0,0.0,627840.0,0,0
12.1333,400.0,594.1,0.0,0.0,0.0,-0.027,0.027,0.0,0.0,0,0,0,0.15,0,0.0,-0.0,0.0,0.0,0.0,0.0,0.0,-627840.0,0.0,0.0,1,0
12.15,400.0,594.102,0.0,-0.002,0.0,0.136,0.136,0.0,9.81,0,0,0,0.15,0,0.0,-0.0,0.0,0.0,0.0,0.0,0.0,0.0,0.0,627840.0,0,0
12.1667,400.0,594.1,0.0,0.0,0.0,-0.027,0.027,0.0,0.0,0,0,0,0.15,0,0.0,-0.0,0.0,0.0,0.0,0.0,0.0,-627840.0,0.0,0.0,1,0
12.1833,400.0,594.102,0.0,-0.002,0.0,0.136,0.136,0.0,9.81,0,0,0,0.15,0,0.0,-0.0,0.0,0.0,0.0,0.0,0.0,0.0,0.0,627840.0,0,0
12.2,400.0,594.1,0.0,0.0,0.0,-0.027,0.027,0.0,0.0,0,0,0,0.15,0,0.0,-0.0,0.0,0.0,0.0,0.0,0.0,-627840.0,0.0,0.0,1,0
12.2167,400.0,594.102,0.0,-0.002,0.0,0.136,0.136,0.0,9.81,0,0,0,0.15,0,0.0,-0.0,0.0,0.0,0.0,0.0,0.0,0.0,0.0,627840.0,0,0
12.2333,400.0,594.1,0.0,0.0,0.0,-0.027,0.027,0.0,0.0,0,0,0,0.15,0,0.0,-0.0,0.0,0.0,0.0,0.0,0.0,-627840.0,0.0,0.0,1,0
12.25,400.0,594.102,0.0,-0.002,0.0,0.136,0.136,0.0,9.81,0,0,0,0.15,0,0.0,-0.0,0.0,0.0,0.0,0.0,0.0,0.0,0.0,627840.0,0,0
12.2667,400.0,594.1,0.0,0.0,0.0,-0.027,0.027,0.0,0.0,0,0,0,0.15,0,0.0,-0.0,0.0,0.0,0.0,0.0,0.0,-627840.0,0.0,0.0,1,0
12.2833,400.0,594.102,0.0,-0.002,0.0,0.136,0.136,0.0,9.81,0,0,0,0.15,0,0.0,-0.0,0.0,0.0,0.0,0.0,0.0,0.0,0.0,627840.0,0,0
12.3,400.0,594.1,0.0,0.0,0.0,-0.027,0.027,0.0,0.0,0,0,0,0.15,0,0.0,-0.0,0.0,0.0,0.0,0.0,0.0,-627840.0,0.0,0.0,1,0
12.3167,400.0,594.102,0.0,-0.002,0.0,0.136,0.136,0.0,9.81,0,0,0,0.15,0,0.0,-0.0,0.0,0.0,0.0,0.0,0.0,0.0,0.0,627840.0,0,0
12.3333,400.0,594.1,0.0,0.0,0.0,-0.027,0.027,0.0,0.0,0,0,0,0.15,0,0.0,-0.0,0.0,0.0,0.0,0.0,0.0,-627840.0,0.0,0.0,1,0
12.35,400.0,594.102,0.0,-0.002,0.0,0.136,0.136,0.0,9.81,0,0,0,0.15,0,0.0,-0.0,0.0,0.0,0.0,0.0,0.0,0.0,0.0,627840.0,0,0
12.3667,400.0,594.1,0.0,0.0,0.0,-0.027,0.027,0.0,0.0,0,0,0,0.15,0,0.0,-0.0,0.0,0.0,0.0,0.0,0.0,-627840.0,0.0,0.0,1,0
12.3833,400.0,594.102,0.0,-0.002,0.0,0.136,0.136,0.0,9.81,0,0,0,0.15,0,0.0,-0.0,0.0,0.0,0.0,0.0,0.0,0.0,0.0,627840.0,0,0
12.4,400.0,594.1,0.0,0.0,0.0,-0.027,0.027,0.0,0.0,0,0,0,0.15,0,0.0,-0.0,0.0,0.0,0.0,0.0,0.0,-627840.0,0.0,0.0,1,0
12.4167,400.0,594.102,0.0,-0.002,0.0,0.136,0.136,0.0,9.81,0,0,0,0.15,0,0.0,-0.0,0.0,0.0,0.0,0.0,0.0,0.0,0.0,627840.0,0,0
12.4333,400.0,594.1,0.0,0.0,0.0,-0.027,0.027,0.0,0.0,0,0,0,0.15,0,0.0,-0.0,0.0,0.0,0.0,0.0,0.0,-627840.0,0.0,0.0,1,0
12.45,400.0,594.102,0.0,-0.002,0.0,0.136,0.136,0.0,9.81,0,0,0,0.15,0,0.0,-0.0,0.0,0.0,0.0,0.0,0.0,0.0,0.0,627840.0,0,0
12.4667,400.0,594.1,0.0,0.0,0.0,-0.027,0.027,0.0,0.0,0,0,0,0.15,0,0.0,-0.0,0.0,0.0,0.0,0.0,0.0,-627840.0,0.0,0.0,1,0
12.4833,400.0,594.102,0.0,-0.002,0.0,0.136,0.136,0.0,9.81,0,0,0,0.15,0,0.0,-0.0,0.0,0.0,0.0,0.0,0.0,0.0,0.0,627840.0,0,0
12.5,400.0,594.1,0.0,0.0,0.0,-0.027,0.027,0.0,0.0,0,0,0,0.15,0,0.0,-0.0,0.0,0.0,0.0,0.0,0.0,-627840.0,0.0,0.0,1,0
12.5167,400.0,594.102,0.0,-0.002,0.0,0.136,0.136,0.0,9.81,0,0,0,0.15,0,0.0,-0.0,0.0,0.0,0.0,0.0,0.0,0.0,0.0,627840.0,0,0
12.5333,400.0,594.1,0.0,0.0,0.0,-0.027,0.027,0.0,0.0,0,0,0,0.15,0,0.0,-0.0,0.0,0.0,0.0,0.0,0.0,-627840.0,0.0,0.0,1,0
12.55,400.0,594.102,0.0,-0.002,0.0,0.136,0.136,0.0,9.81,0,0,0,0.15,0,0.0,-0.0,0.0,0.0,0.0,0.0,0.0,0.0,0.0,627840.0,0,0
12.5667,400.0,594.1,0.0,0.0,0.0,-0.027,0.027,0.0,0.0,0,0,0,0.15,0,0.0,-0.0,0.0,0.0,0.0,0.0,0.0,-627840.0,0.0,0.0,1,0
12.5833,400.0,594.102,0.0,-0.002,0.0,0.136,0.136,0.0,9.81,0,0,0,0.15,0,0.0,-0.0,0.0,0.0,0.0,0.0,0.0,0.0,0.0,627840.0,0,0
12.6,400.0,594.1,0.0,0.0,0.0,-0.027,0.027,0.0,0.0,0,0,0,0.15,0,0.0,-0.0,0.0,0.0,0.0,0.0,0.0,-627840.0,0.0,0.0,1,0
12.6167,400.0,594.102,0.0,-0.002,0.0,0.136,0.136,0.0,9.81,0,0,0,0.15,0,0.0,-0.0,0.0,0.0,0.0,0.0,0.0,0.0,0.0,627840.0,0,0
12.6333,400.0,594.1,0.0,0.0,0.0,-0.027,0.027,0.0,0.0,0,0,0,0.15,0,0.0,-0.0,0.0,0.0,0.0,0.0,0.0,-627840.0,0.0,0.0,1,0
12.65,400.0,594.102,0.0,-0.002,0.0,0.136,0.136,0.0,9.81,0,0,0,0.15,0,0.0,-0.0,0.0,0.0,0.0,0.0,0.0,0.0,0.0,627840.0,0,0
12.6667,400.0,594.1,0.0,0.0,0.0,-0.027,0.027,0.0,0.0,0,0,0,0.15,0,0.0,-0.0,0.0,0.0,0.0,0.0,0.0,-627840.0,0.0,0.0,1,0
12.6833,400.0,594.102,0.0,-0.002,0.0,0.136,0.136,0.0,9.81,0,0,0,0.15,0,0.0,-0.0,0.0,0.0,0.0,0.0,0.0,0.0,0.0,627840.0,0,0
12.7,400.0,594.1,0.0,0.0,0.0,-0.027,0.027,0.0,0.0,0,0,0,0.15,0,0.0,-0.0,0.0,0.0,0.0,0.0,0.0,-627840.0,0.0,0.0,1,0
12.7167,400.0,594.102,0.0,-0.002,0.0,0.136,0.136,0.0,9.81,0,0,0,0.15,0,0.0,-0.0,0.0,0.0,0.0,0.0,0.0,0.0,0.0,627840.0,0,0
12.7333,400.0,594.1,0.0,0.0,0.0,-0.027,0.027,0.0,0.0,0,0,0,0.15,0,0.0,-0.0,0.0,0.0,0.0,0.0,0.0,-627840.0,0.0,0.0,1,0
12.75,400.0,594.102,0.0,-0.002,0.0,0.136,0.136,0.0,9.81,0,0,0,0.15,0,0.0,-0.0,0.0,0.0,0.0,0.0,0.0,0.0,0.0,627840.0,0,0
12.7667,400.0,594.1,0.0,0.0,0.0,-0.027,0.027,0.0,0.0,0,0,0,0.15,0,0.0,-0.0,0.0,0.0,0.0,0.0,0.0,-627840.0,0.0,0.0,1,0
12.7833,400.0,594.102,0.0,-0.002,0.0,0.136,0.136,0.0,9.81,0,0,0,0.15,0,0.0,-0.0,0.0,0.0,0.0,0.0,0.0,0.0,0.0,627840.0,0,0
12.8,400.0,594.1,0.0,0.0,0.0,-0.027,0.027,0.0,0.0,0,0,0,0.15,0,0.0,-0.0,0.0,0.0,0.0,0.0,0.0,-627840.0,0.0,0.0,1,0
12.8167,400.0,594.102,0.0,-0.002,0.0,0.136,0.136,0.0,9.81,0,0,0,0.15,0,0.0,-0.0,0.0,0.0,0.0,0.0,0.0,0.0,0.0,627840.0,0,0
12.8333,400.0,594.1,0.0,0.0,0.0,-0.027,0.027,0.0,0.0,0,0,0,0.15,0,0.0,-0.0,0.0,0.0,0.0,0.0,0.0,-627840.0,0.0,0.0,1,0
12.85,400.0,594.102,0.0,-0.002,0.0,0.136,0.136,0.0,9.81,0,0,0,0.15,0,0.0,-0.0,0.0,0.0,0.0,0.0,0.0,0.0,0.0,627840.0,0,0
12.8667,400.0,594.1,0.0,0.0,0.0,-0.027,0.027,0.0,0.0,0,0,0,0.15,0,0.0,-0.0,0.0,0.0,0.0,0.0,0.0,-627840.0,0.0,0.0,1,0
12.8833,400.0,594.102,0.0,-0.002,0.0,0.136,0.136,0.0,9.81,0,0,0,0.15,0,0.0,-0.0,0.0,0.0,0.0,0.0,0.0,0.0,0.0,627840.0,0,0
12.9,400.0,594.1,0.0,0.0,0.0,-0.027,0.027,0.0,0.0,0,0,0,0.15,0,0.0,-0.0,0.0,0.0,0.0,0.0,0.0,-627840.0,0.0,0.0,1,0
12.9167,400.0,594.102,0.0,-0.002,0.0,0.136,0.136,0.0,9.81,0,0,0,0.15,0,0.0,-0.0,0.0,0.0,0.0,0.0,0.0,0.0,0.0,627840.0,0,0
12.9333,400.0,594.1,0.0,0.0,0.0,-0.027,0.027,0.0,0.0,0,0,0,0.15,0,0.0,-0.0,0.0,0.0,0.0,0.0,0.0,-627840.0,0.0,0.0,1,0
12.95,400.0,594.102,0.0,-0.002,0.0,0.136,0.136,0.0,9.81,0,0,0,0.15,0,0.0,-0.0,0.0,0.0,0.0,0.0,0.0,0.0,0.0,627840.0,0,0
12.9667,400.0,594.1,0.0,0.0,0.0,-0.027,0.027,0.0,0.0,0,0,0,0.15,0,0.0,-0.0,0.0,0.0,0.0,0.0,0.0,-627840.0,0.0,0.0,1,0
12.9833,400.0,594.102,0.0,-0.002,0.0,0.136,0.136,0.0,9.81,0,0,0,0.15,0,0.0,-0.0,0.0,0.0,0.0,0.0,0.0,0.0,0.0,627840.0,0,0
13.0,400.0,594.1,0.0,0.0,0.0,-0.027,0.027,0.0,0.0,0,0,0,0.15,0,0.0,-0.0,0.0,0.0,0.0,0.0,0.0,-627840.0,0.0,0.0,1,0
13.0167,400.0,594.102,0.0,-0.002,0.0,0.136,0.136,0.0,9.81,0,0,0,0.15,0,0.0,-0.0,0.0,0.0,0.0,0.0,0.0,0.0,0.0,627840.0,0,0
13.0333,400.0,594.1,0.0,0.0,0.0,-0.027,0.027,0.0,0.0,0,0,0,0.15,0,0.0,-0.0,0.0,0.0,0.0,0.0,0.0,-627840.0,0.0,0.0,1,0
13.05,400.0,594.102,0.0,-0.002,0.0,0.136,0.136,0.0,9.81,0,0,0,0.15,0,0.0,-0.0,0.0,0.0,0.0,0.0,0.0,0.0,0.0,627840.0,0,0
13.0667,400.0,594.1,0.0,0.0,0.0,-0.027,0.027,0.0,0.0,0,0,0,0.15,0,0.0,-0.0,0.0,0.0,0.0,0.0,0.0,-627840.0,0.0,0.0,1,0
13.0833,400.0,594.102,0.0,-0.002,0.0,0.136,0.136,0.0,9.81,0,0,0,0.15,0,0.0,-0.0,0.0,0.0,0.0,0.0,0.0,0.0,0.0,627840.0,0,0
13.1,400.0,594.1,0.0,0.0,0.0,-0.027,0.027,0.0,0.0,0,0,0,0.15,0,0.0,-0.0,0.0,0.0,0.0,0.0,0.0,-627840.0,0.0,0.0,1,0
13.1167,400.0,594.102,0.0,-0.002,0.0,0.136,0.136,0.0,9.81,0,0,0,0.15,0,0.0,-0.0,0.0,0.0,0.0,0.0,0.0,0.0,0.0,627840.0,0,0
13.1333,400.0,594.1,0.0,0.0,0.0,-0.027,0.027,0.0,0.0,0,0,0,0.15,0,0.0,-0.0,0.0,0.0,0.0,0.0,0.0,-627840.0,0.0,0.0,1,0
13.15,400.0,594.102,0.0,-0.002,0.0,0.136,0.136,0.0,9.81,0,0,0,0.15,0,0.0,-0.0,0.0,0.0,0.0,0.0,0.0,0.0,0.0,627840.0,0,0
13.1667,400.0,594.1,0.0,0.0,0.0,-0.027,0.027,0.0,0.0,0,0,0,0.15,0,0.0,-0.0,0.0,0.0,0.0,0.0,0.0,-627840.0,0.0,0.0,1,0
13.1833,400.0,594.102,0.0,-0.002,0.0,0.136,0.136,0.0,9.81,0,0,0,0.15,0,0.0,-0.0,0.0,0.0,0.0,0.0,0.0,0.0,0.0,627840.0,0,0
13.2,400.0,594.1,0.0,0.0,0.0,-0.027,0.027,0.0,0.0,0,0,0,0.15,0,0.0,-0.0,0.0,0.0,0.0,0.0,0.0,-627840.0,0.0,0.0,1,0
13.2167,400.0,594.102,0.0,-0.002,0.0,0.136,0.136,0.0,9.81,0,0,0,0.15,0,0.0,-0.0,0.0,0.0,0.0,0.0,0.0,0.0,0.0,627840.0,0,0
13.2333,400.0,594.1,0.0,0.0,0.0,-0.027,0.027,0.0,0.0,0,0,0,0.15,0,0.0,-0.0,0.0,0.0,0.0,0.0,0.0,-627840.0,0.0,0.0,1,0
13.25,400.0,594.102,0.0,-0.002,0.0,0.136,0.136,0.0,9.81,0,0,0,0.15,0,0.0,-0.0,0.0,0.0,0.0,0.0,0.0,0.0,0.0,627840.0,0,0
13.2667,400.0,594.1,0.0,0.0,0.0,-0.027,0.027,0.0,0.0,0,0,0,0.15,0,0.0,-0.0,0.0,0.0,0.0,0.0,0.0,-627840.0,0.0,0.0,1,0
13.2833,400.0,594.102,0.0,-0.002,0.0,0.136,0.136,0.0,9.81,0,0,0,0.15,0,0.0,-0.0,0.0,0.0,0.0,0.0,0.0,0.0,0.0,627840.0,0,0
13.3,400.0,594.1,0.0,0.0,0.0,-0.027,0.027,0.0,0.0,0,0,0,0.15,0,0.0,-0.0,0.0,0.0,0.0,0.0,0.0,-627840.0,0.0,0.0,1,0
13.3167,400.0,594.102,0.0,-0.002,0.0,0.136,0.136,0.0,9.81,0,0,0,0.15,0,0.0,-0.0,0.0,0.0,0.0,0.0,0.0,0.0,0.0,627840.0,0,0
13.3333,400.0,594.1,0.0,0.0,0.0,-0.027,0.027,0.0,0.0,0,0,0,0.15,0,0.0,-0.0,0.0,0.0,0.0,0.0,0.0,-627840.0,0.0,0.0,1,0
13.35,400.0,594.102,0.0,-0.002,0.0,0.136,0.136,0.0,9.81,0,0,0,0.15,0,0.0,-0.0,0.0,0.0,0.0,0.0,0.0,0.0,0.0,627840.0,0,0
13.3667,400.0,594.1,0.0,0.0,0.0,-0.027,0.027,0.0,0.0,0,0,0,0.15,0,0.0,-0.0,0.0,0.0,0.0,0.0,0.0,-627840.0,0.0,0.0,1,0
13.3833,400.0,594.102,0.0,-0.002,0.0,0.136,0.136,0.0,9.81,0,0,0,0.15,0,0.0,-0.0,0.0,0.0,0.0,0.0,0.0,0.0,0.0,627840.0,0,0
13.4,400.0,594.1,0.0,0.0,0.0,-0.027,0.027,0.0,0.0,0,0,0,0.15,0,0.0,-0.0,0.0,0.0,0.0,0.0,0.0,-627840.0,0.0,0.0,1,0
13.4167,400.0,594.102,0.0,-0.002,0.0,0.136,0.136,0.0,9.81,0,0,0,0.15,0,0.0,-0.0,0.0,0.0,0.0,0.0,0.0,0.0,0.0,627840.0,0,0
13.4333,400.0,594.1,0.0,0.0,0.0,-0.027,0.027,0.0,0.0,0,0,0,0.15,0,0.0,-0.0,0.0,0.0,0.0,0.0,0.0,-627840.0,0.0,0.0,1,0
13.45,400.0,594.102,0.0,-0.002,0.0,0.136,0.136,0.0,9.81,0,0,0,0.15,0,0.0,-0.0,0.0,0.0,0.0,0.0,0.0,0.0,0.0,627840.0,0,0
13.4667,400.0,594.1,0.0,0.0,0.0,-0.027,0.027,0.0,0.0,0,0,0,0.15,0,0.0,-0.0,0.0,0.0,0.0,0.0,0.0,-627840.0,0.0,0.0,1,0
13.4833,400.0,594.102,0.0,-0.002,0.0,0.136,0.136,0.0,9.81,0,0,0,0.15,0,0.0,-0.0,0.0,0.0,0.0,0.0,0.0,0.0,0.0,627840.0,0,0
13.5,400.0,594.1,0.0,0.0,0.0,-0.027,0.027,0.0,0.0,0,0,0,0.15,0,0.0,-0.0,0.0,0.0,0.0,0.0,0.0,-627840.0,0.0,0.0,1,0
13.5167,400.0,594.102,0.0,-0.002,0.0,0.136,0.136,0.0,9.81,0,0,0,0.15,0,0.0,-0.0,0.0,0.0,0.0,0.0,0.0,0.0,0.0,627840.0,0,0
13.5333,400.0,594.1,0.0,0.0,0.0,-0.027,0.027,0.0,0.0,0,0,0,0.15,0,0.0,-0.0,0.0,0.0,0.0,0.0,0.0,-627840.0,0.0,0.0,1,0
13.55,400.0,594.102,0.0,-0.002,0.0,0.136,0.136,0.0,9.81,0,0,0,0.15,0,0.0,-0.0,0.0,0.0,0.0,0.0,0.0,0.0,0.0,627840.0,0,0
13.5667,400.0,594.1,0.0,0.0,0.0,-0.027,0.027,0.0,0.0,0,0,0,0.15,0,0.0,-0.0,0.0,0.0,0.0,0.0,0.0,-627840.0,0.0,0.0,1,0
13.5833,400.0,594.102,0.0,-0.002,0.0,0.136,0.136,0.0,9.81,0,0,0,0.15,0,0.0,-0.0,0.0,0.0,0.0,0.0,0.0,0.0,0.0,627840.0,0,0
13.6,400.0,594.1,0.0,0.0,0.0,-0.027,0.027,0.0,0.0,0,0,0,0.15,0,0.0,-0.0,0.0,0.0,0.0,0.0,0.0,-627840.0,0.0,0.0,1,0
13.6167,400.0,594.102,0.0,-0.002,0.0,0.136,0.136,0.0,9.81,0,0,0,0.15,0,0.0,-0.0,0.0,0.0,0.0,0.0,0.0,0.0,0.0,627840.0,0,0
13.6333,400.0,594.1,0.0,0.0,0.0,-0.027,0.027,0.0,0.0,0,0,0,0.15,0,0.0,-0.0,0.0,0.0,0.0,0.0,0.0,-627840.0,0.0,0.0,1,0
13.65,400.0,594.102,0.0,-0.002,0.0,0.136,0.136,0.0,9.81,0,0,0,0.15,0,0.0,-0.0,0.0,0.0,0.0,0.0,0.0,0.0,0.0,627840.0,0,0
13.6667,400.0,594.1,0.0,0.0,0.0,-0.027,0.027,0.0,0.0,0,0,0,0.15,0,0.0,-0.0,0.0,0.0,0.0,0.0,0.0,-627840.0,0.0,0.0,1,0
13.6833,400.0,594.102,0.0,-0.002,0.0,0.136,0.136,0.0,9.81,0,0,0,0.15,0,0.0,-0.0,0.0,0.0,0.0,0.0,0.0,0.0,0.0,627840.0,0,0
13.7,400.0,594.1,0.0,0.0,0.0,-0.027,0.027,0.0,0.0,0,0,0,0.15,0,0.0,-0.0,0.0,0.0,0.0,0.0,0.0,-627840.0,0.0,0.0,1,0
13.7167,400.0,594.102,0.0,-0.002,0.0,0.136,0.136,0.0,9.81,0,0,0,0.15,0,0.0,-0.0,0.0,0.0,0.0,0.0,0.0,0.0,0.0,627840.0,0,0
13.7333,400.0,594.1,0.0,0.0,0.0,-0.027,0.027,0.0,0.0,0,0,0,0.15,0,0.0,-0.0,0.0,0.0,0.0,0.0,0.0,-627840.0,0.0,0.0,1,0
13.75,400.0,594.102,0.0,-0.002,0.0,0.136,0.136,0.0,9.81,0,0,0,0.15,0,0.0,-0.0,0.0,0.0,0.0,0.0,0.0,0.0,0.0,627840.0,0,0
13.7667,400.0,594.1,0.0,0.0,0.0,-0.027,0.027,0.0,0.0,0,0,0,0.15,0,0.0,-0.0,0.0,0.0,0.0,0.0,0.0,-627840.0,0.0,0.0,1,0
13.7833,400.0,594.102,0.0,-0.002,0.0,0.136,0.136,0.0,9.81,0,0,0,0.15,0,0.0,-0.0,0.0,0.0,0.0,0.0,0.0,0.0,0.0,627840.0,0,0
13.8,400.0,594.1,0.0,0.0,0.0,-0.027,0.027,0.0,0.0,0,0,0,0.15,0,0.0,-0.0,0.0,0.0,0.0,0.0,0.0,-627840.0,0.0,0.0,1,0
13.8167,400.0,594.102,0.0,-0.002,0.0,0.136,0.136,0.0,9.81,0,0,0,0.15,0,0.0,-0.0,0.0,0.0,0.0,0.0,0.0,0.0,0.0,627840.0,0,0
13.8333,400.0,594.1,0.0,0.0,0.0,-0.027,0.027,0.0,0.0,0,0,0,0.15,0,0.0,-0.0,0.0,0.0,0.0,0.0,0.0,-627840.0,0.0,0.0,1,0
13.85,400.0,594.102,0.0,-0.002,0.0,0.136,0.136,0.0,9.81,0,0,0,0.15,0,0.0,-0.0,0.0,0.0,0.0,0.0,0.0,0.0,0.0,627840.0,0,0
13.8667,400.0,594.1,0.0,0.0,0.0,-0.027,0.027,0.0,0.0,0,0,0,0.15,0,0.0,-0.0,0.0,0.0,0.0,0.0,0.0,-627840.0,0.0,0.0,1,0
13.8833,400.0,594.102,0.0,-0.002,0.0,0.136,0.136,0.0,9.81,0,0,0,0.15,0,0.0,-0.0,0.0,0.0,0.0,0.0,0.0,0.0,0.0,627840.0,0,0
13.9,400.0,594.1,0.0,0.0,0.0,-0.027,0.027,0.0,0.0,0,0,0,0.15,0,0.0,-0.0,0.0,0.0,0.0,0.0,0.0,-627840.0,0.0,0.0,1,0
13.9167,400.0,594.102,0.0,-0.002,0.0,0.136,0.136,0.0,9.81,0,0,0,0.15,0,0.0,-0.0,0.0,0.0,0.0,0.0,0.0,0.0,0.0,627840.0,0,0
13.9333,400.0,594.1,0.0,0.0,0.0,-0.027,0.027,0.0,0.0,0,0,0,0.15,0,0.0,-0.0,0.0,0.0,0.0,0.0,0.0,-627840.0,0.0,0.0,1,0
13.95,400.0,594.102,0.0,-0.002,0.0,0.136,0.136,0.0,9.81,0,0,0,0.15,0,0.0,-0.0,0.0,0.0,0.0,0.0,0.0,0.0,0.0,627840.0,0,0
13.9667,400.0,594.1,0.0,0.0,0.0,-0.027,0.027,0.0,0.0,0,0,0,0.15,0,0.0,-0.0,0.0,0.0,0.0,0.0,0.0,-627840.0,0.0,0.0,1,0
13.9833,400.0,594.102,0.0,-0.002,0.0,0.136,0.136,0.0,9.81,0,0,0,0.15,0,0.0,-0.0,0.0,0.0,0.0,0.0,0.0,0.0,0.0,627840.0,0,0
14.0,400.0,594.1,0.0,0.0,0.0,-0.027,0.027,0.0,0.0,0,0,0,0.15,0,0.0,-0.0,0.0,0.0,0.0,0.0,0.0,-627840.0,0.0,0.0,1,0
14.0167,400.0,594.102,0.0,-0.002,0.0,0.136,0.136,0.0,9.81,0,0,0,0.15,0,0.0,-0.0,0.0,0.0,0.0,0.0,0.0,0.0,0.0,627840.0,0,0
14.0333,400.0,594.1,0.0,0.0,0.0,-0.027,0.027,0.0,0.0,0,0,0,0.15,0,0.0,-0.0,0.0,0.0,0.0,0.0,0.0,-627840.0,0.0,0.0,1,0
14.05,400.0,594.102,0.0,-0.002,0.0,0.136,0.136,0.0,9.81,0,0,0,0.15,0,0.0,-0.0,0.0,0.0,0.0,0.0,0.0,0.0,0.0,627840.0,0,0
14.0667,400.0,594.1,0.0,0.0,0.0,-0.027,0.027,0.0,0.0,0,0,0,0.15,0,0.0,-0.0,0.0,0.0,0.0,0.0,0.0,-627840.0,0.0,0.0,1,0
14.0833,400.0,594.102,0.0,-0.002,0.0,0.136,0.136,0.0,9.81,0,0,0,0.15,0,0.0,-0.0,0.0,0.0,0.0,0.0,0.0,0.0,0.0,627840.0,0,0
14.1,400.0,594.1,0.0,0.0,0.0,-0.027,0.027,0.0,0.0,0,0,0,0.15,0,0.0,-0.0,0.0,0.0,0.0,0.0,0.0,-627840.0,0.0,0.0,1,0
14.1167,400.0,594.102,0.0,-0.002,0.0,0.136,0.136,0.0,9.81,0,0,0,0.15,0,0.0,-0.0,0.0,0.0,0.0,0.0,0.0,0.0,0.0,627840.0,0,0
14.1333,400.0,594.1,0.0,0.0,0.0,-0.027,0.027,0.0,0.0,0,0,0,0.15,0,0.0,-0.0,0.0,0.0,0.0,0.0,0.0,-627840.0,0.0,0.0,1,0
14.15,400.0,594.102,0.0,-0.002,0.0,0.136,0.136,0.0,9.81,0,0,0,0.15,0,0.0,-0.0,0.0,0.0,0.0,0.0,0.0,0.0,0.0,627840.0,0,0
14.1667,400.0,594.1,0.0,0.0,0.0,-0.027,0.027,0.0,0.0,0,0,0,0.15,0,0.0,-0.0,0.0,0.0,0.0,0.0,0.0,-627840.0,0.0,0.0,1,0
14.1833,400.0,594.102,0.0,-0.002,0.0,0.136,0.136,0.0,9.81,0,0,0,0.15,0,0.0,-0.0,0.0,0.0,0.0,0.0,0.0,0.0,0.0,627840.0,0,0
14.2,400.0,594.1,0.0,0.0,0.0,-0.027,0.027,0.0,0.0,0,0,0,0.15,0,0.0,-0.0,0.0,0.0,0.0,0.0,0.0,-627840.0,0.0,0.0,1,0
14.2167,400.0,594.102,0.0,-0.002,0.0,0.136,0.136,0.0,9.81,0,0,0,0.15,0,0.0,-0.0,0.0,0.0,0.0,0.0,0.0,0.0,0.0,627840.0,0,0
14.2333,400.0,594.1,0.0,0.0,0.0,-0.027,0.027,0.0,0.0,0,0,0,0.15,0,0.0,-0.0,0.0,0.0,0.0,0.0,0.0,-627840.0,0.0,0.0,1,0
14.25,400.0,594.102,0.0,-0.002,0.0,0.136,0.136,0.0,9.81,0,0,0,0.15,0,0.0,-0.0,0.0,0.0,0.0,0.0,0.0,0.0,0.0,627840.0,0,0
14.2667,400.0,594.1,0.0,0.0,0.0,-0.027,0.027,0.0,0.0,0,0,0,0.15,0,0.0,-0.0,0.0,0.0,0.0,0.0,0.0,-627840.0,0.0,0.0,1,0
14.2833,400.0,594.102,0.0,-0.002,0.0,0.136,0.136,0.0,9.81,0,0,0,0.15,0,0.0,-0.0,0.0,0.0,0.0,0.0,0.0,0.0,0.0,627840.0,0,0
14.3,400.0,594.1,0.0,0.0,0.0,-0.027,0.027,0.0,0.0,0,0,0,0.15,0,0.0,-0.0,0.0,0.0,0.0,0.0,0.0,-627840.0,0.0,0.0,1,0
14.3167,400.0,594.102,0.0,-0.002,0.0,0.136,0.136,0.0,9.81,0,0,0,0.15,0,0.0,-0.0,0.0,0.0,0.0,0.0,0.0,0.0,0.0,627840.0,0,0
14.3333,400.0,594.1,0.0,0.0,0.0,-0.027,0.027,0.0,0.0,0,0,0,0.15,0,0.0,-0.0,0.0,0.0,0.0,0.0,0.0,-627840.0,0.0,0.0,1,0
14.35,400.0,594.102,0.0,-0.002,0.0,0.136,0.136,0.0,9.81,0,0,0,0.15,0,0.0,-0.0,0.0,0.0,0.0,0.0,0.0,0.0,0.0,627840.0,0,0
14.3667,400.0,594.1,0.0,0.0,0.0,-0.027,0.027,0.0,0.0,0,0,0,0.15,0,0.0,-0.0,0.0,0.0,0.0,0.0,0.0,-627840.0,0.0,0.0,1,0
14.3833,400.0,594.102,0.0,-0.002,0.0,0.136,0.136,0.0,9.81,0,0,0,0.15,0,0.0,-0.0,0.0,0.0,0.0,0.0,0.0,0.0,0.0,627840.0,0,0
14.4,400.0,594.1,0.0,0.0,0.0,-0.027,0.027,0.0,0.0,0,0,0,0.15,0,0.0,-0.0,0.0,0.0,0.0,0.0,0.0,-627840.0,0.0,0.0,1,0
14.4167,400.0,594.102,0.0,-0.002,0.0,0.136,0.136,0.0,9.81,0,0,0,0.15,0,0.0,-0.0,0.0,0.0,0.0,0.0,0.0,0.0,0.0,627840.0,0,0
14.4333,400.0,594.1,0.0,0.0,0.0,-0.027,0.027,0.0,0.0,0,0,0,0.15,0,0.0,-0.0,0.0,0.0,0.0,0.0,0.0,-627840.0,0.0,0.0,1,0
14.45,400.0,594.102,0.0,-0.002,0.0,0.136,0.136,0.0,9.81,0,0,0,0.15,0,0.0,-0.0,0.0,0.0,0.0,0.0,0.0,0.0,0.0,627840.0,0,0
14.4667,400.0,594.1,0.0,0.0,0.0,-0.027,0.027,0.0,0.0,0,0,0,0.15,0,0.0,-0.0,0.0,0.0,0.0,0.0,0.0,-627840.0,0.0,0.0,1,0
14.4833,400.0,594.102,0.0,-0.002,0.0,0.136,0.136,0.0,9.81,0,0,0,0.15,0,0.0,-0.0,0.0,0.0,0.0,0.0,0.0,0.0,0.0,627840.0,0,0
14.5,400.0,594.1,0.0,0.0,0.0,-0.027,0.027,0.0,0.0,0,0,0,0.15,0,0.0,-0.0,0.0,0.0,0.0,0.0,0.0,-627840.0,0.0,0.0,1,0
14.5167,400.0,594.102,0.0,-0.002,0.0,0.136,0.136,0.0,9.81,0,0,0,0.15,0,0.0,-0.0,0.0,0.0,0.0,0.0,0.0,0.0,0.0,627840.0,0,0
14.5333,400.0,594.1,0.0,0.0,0.0,-0.027,0.027,0.0,0.0,0,0,0,0.15,0,0.0,-0.0,0.0,0.0,0.0,0.0,0.0,-627840.0,0.0,0.0,1,0
14.55,400.0,594.102,0.0,-0.002,0.0,0.136,0.136,0.0,9.81,0,0,0,0.15,0,0.0,-0.0,0.0,0.0,0.0,0.0,0.0,0.0,0.0,627840.0,0,0
14.5667,400.0,594.1,0.0,0.0,0.0,-0.027,0.027,0.0,0.0,0,0,0,0.15,0,0.0,-0.0,0.0,0.0,0.0,0.0,0.0,-627840.0,0.0,0.0,1,0
14.5833,400.0,594.102,0.0,-0.002,0.0,0.136,0.136,0.0,9.81,0,0,0,0.15,0,0.0,-0.0,0.0,0.0,0.0,0.0,0.0,0.0,0.0,627840.0,0,0
14.6,400.0,594.1,0.0,0.0,0.0,-0.027,0.027,0.0,0.0,0,0,0,0.15,0,0.0,-0.0,0.0,0.0,0.0,0.0,0.0,-627840.0,0.0,0.0,1,0
14.6167,400.0,594.102,0.0,-0.002,0.0,0.136,0.136,0.0,9.81,0,0,0,0.15,0,0.0,-0.0,0.0,0.0,0.0,0.0,0.0,0.0,0.0,627840.0,0,0
14.6333,400.0,594.1,0.0,0.0,0.0,-0.027,0.027,0.0,0.0,0,0,0,0.15,0,0.0,-0.0,0.0,0.0,0.0,0.0,0.0,-627840.0,0.0,0.0,1,0
14.65,400.0,594.102,0.0,-0.002,0.0,0.136,0.136,0.0,9.81,0,0,0,0.15,0,0.0,-0.0,0.0,0.0,0.0,0.0,0.0,0.0,0.0,627840.0,0,0
14.6667,400.0,594.1,0.0,0.0,0.0,-0.027,0.027,0.0,0.0,0,0,0,0.15,0,0.0,-0.0,0.0,0.0,0.0,0.0,0.0,-627840.0,0.0,0.0,1,0
14.6833,400.0,594.102,0.0,-0.002,0.0,0.136,0.136,0.0,9.81,0,0,0,0.15,0,0.0,-0.0,0.0,0.0,0.0,0.0,0.0,0.0,0.0,627840.0,0,0
14.7,400.0,594.1,0.0,0.0,0.0,-0.027,0.027,0.0,0.0,0,0,0,0.15,0,0.0,-0.0,0.0,0.0,0.0,0.0,0.0,-627840.0,0.0,0.0,1,0
14.7167,400.0,594.102,0.0,-0.002,0.0,0.136,0.136,0.0,9.81,0,0,0,0.15,0,0.0,-0.0,0.0,0.0,0.0,0.0,0.0,0.0,0.0,627840.0,0,0
14.7333,400.0,594.1,0.0,0.0,0.0,-0.027,0.027,0.0,0.0,0,0,0,0.15,0,0.0,-0.0,0.0,0.0,0.0,0.0,0.0,-627840.0,0.0,0.0,1,0
14.75,400.0,594.102,0.0,-0.002,0.0,0.136,0.136,0.0,9.81,0,0,0,0.15,0,0.0,-0.0,0.0,0.0,0.0,0.0,0.0,0.0,0.0,627840.0,0,0
14.7667,400.0,594.1,0.0,0.0,0.0,-0.027,0.027,0.0,0.0,0,0,0,0.15,0,0.0,-0.0,0.0,0.0,0.0,0.0,0.0,-627840.0,0.0,0.0,1,0
14.7833,400.0,594.102,0.0,-0.002,0.0,0.136,0.136,0.0,9.81,0,0,0,0.15,0,0.0,-0.0,0.0,0.0,0.0,0.0,0.0,0.0,0.0,627840.0,0,0
14.8,400.0,594.1,0.0,0.0,0.0,-0.027,0.027,0.0,0.0,0,0,0,0.15,0,0.0,-0.0,0.0,0.0,0.0,0.0,0.0,-627840.0,0.0,0.0,1,0
14.8167,400.0,594.102,0.0,-0.002,0.0,0.136,0.136,0.0,9.81,0,0,0,0.15,0,0.0,-0.0,0.0,0.0,0.0,0.0,0.0,0.0,0.0,627840.0,0,0
14.8333,400.0,594.1,0.0,0.0,0.0,-0.027,0.027,0.0,0.0,0,0,0,0.15,0,0.0,-0.0,0.0,0.0,0.0,0.0,0.0,-627840.0,0.0,0.0,1,0
14.85,400.0,594.102,0.0,-0.002,0.0,0.136,0.136,0.0,9.81,0,0,0,0.15,0,0.0,-0.0,0.0,0.0,0.0,0.0,0.0,0.0,0.0,627840.0,0,0
14.8667,400.0,594.1,0.0,0.0,0.0,-0.027,0.027,0.0,0.0,0,0,0,0.15,0,0.0,-0.0,0.0,0.0,0.0,0.0,0.0,-627840.0,0.0,0.0,1,0
14.8833,400.0,594.102,0.0,-0.002,0.0,0.136,0.136,0.0,9.81,0,0,0,0.15,0,0.0,-0.0,0.0,0.0,0.0,0.0,0.0,0.0,0.0,627840.0,0,0
14.9,400.0,594.1,0.0,0.0,0.0,-0.027,0.027,0.0,0.0,0,0,0,0.15,0,0.0,-0.0,0.0,0.0,0.0,0.0,0.0,-627840.0,0.0,0.0,1,0
14.9167,400.0,594.102,0.0,-0.002,0.0,0.136,0.136,0.0,9.81,0,0,0,0.15,0,0.0,-0.0,0.0,0.0,0.0,0.0,0.0,0.0,0.0,627840.0,0,0
14.9333,400.0,594.1,0.0,0.0,0.0,-0.027,0.027,0.0,0.0,0,0,0,0.15,0,0.0,-0.0,0.0,0.0,0.0,0.0,0.0,-627840.0,0.0,0.0,1,0
14.95,400.0,594.102,0.0,-0.002,0.0,0.136,0.136,0.0,9.81,0,0,0,0.15,0,0.0,-0.0,0.0,0.0,0.0,0.0,0.0,0.0,0.0,627840.0,0,0
14.9667,400.0,594.1,0.0,0.0,0.0,-0.027,0.027,0.0,0.0,0,0,0,0.15,0,0.0,-0.0,0.0,0.0,0.0,0.0,0.0,-627840.0,0.0,0.0,1,0
14.9833,400.0,594.102,0.0,-0.002,0.0,0.136,0.136,0.0,9.81,0,0,0,0.15,0,0.0,-0.0,0.0,0.0,0.0,0.0,0.0,0.0,0.0,627840.0,0,0
15.0,400.0,594.1,0.0,0.0,0.0,-0.027,0.027,0.0,0.0,0,0,0,0.15,0,0.0,-0.0,0.0,0.0,0.0,0.0,0.0,-627840.0,0.0,0.0,1,0
15.0167,400.0,594.102,0.0,-0.002,0.0,0.136,0.136,0.0,9.81,0,0,0,0.15,0,0.0,-0.0,0.0,0.0,0.0,0.0,0.0,0.0,0.0,627840.0,0,0
15.0333,400.0,594.1,0.0,0.0,0.0,-0.027,0.027,0.0,0.0,0,0,0,0.15,0,0.0,-0.0,0.0,0.0,0.0,0.0,0.0,-627840.0,0.0,0.0,1,0
15.05,400.0,594.102,0.0,-0.002,0.0,0.136,0.136,0.0,9.81,0,0,0,0.15,0,0.0,-0.0,0.0,0.0,0.0,0.0,0.0,0.0,0.0,627840.0,0,0
15.0667,400.0,594.1,0.0,0.0,0.0,-0.027,0.027,0.0,0.0,0,0,0,0.15,0,0.0,-0.0,0.0,0.0,0.0,0.0,0.0,-627840.0,0.0,0.0,1,0
15.0833,400.0,594.102,0.0,-0.002,0.0,0.136,0.136,0.0,9.81,0,0,0,0.15,0,0.0,-0.0,0.0,0.0,0.0,0.0,0.0,0.0,0.0,627840.0,0,0
15.1,400.0,594.1,0.0,0.0,0.0,-0.027,0.027,0.0,0.0,0,0,0,0.15,0,0.0,-0.0,0.0,0.0,0.0,0.0,0.0,-627840.0,0.0,0.0,1,0
15.1167,400.0,594.102,0.0,-0.002,0.0,0.136,0.136,0.0,9.81,0,0,0,0.15,0,0.0,-0.0,0.0,0.0,0.0,0.0,0.0,0.0,0.0,627840.0,0,0
15.1333,400.0,594.1,0.0,0.0,0.0,-0.027,0.027,0.0,0.0,0,0,0,0.15,0,0.0,-0.0,0.0,0.0,0.0,0.0,0.0,-627840.0,0.0,0.0,1,0
15.15,400.0,594.102,0.0,-0.002,0.0,0.136,0.136,0.0,9.81,0,0,0,0.15,0,0.0,-0.0,0.0,0.0,0.0,0.0,0.0,0.0,0.0,627840.0,0,0
15.1667,400.0,594.1,0.0,0.0,0.0,-0.027,0.027,0.0,0.0,0,0,0,0.15,0,0.0,-0.0,0.0,0.0,0.0,0.0,0.0,-627840.0,0.0,0.0,1,0
15.1833,400.0,594.102,0.0,-0.002,0.0,0.136,0.136,0.0,9.81,0,0,0,0.15,0,0.0,-0.0,0.0,0.0,0.0,0.0,0.0,0.0,0.0,627840.0,0,0
15.2,400.0,594.1,0.0,0.0,0.0,-0.027,0.027,0.0,0.0,0,0,0,0.15,0,0.0,-0.0,0.0,0.0,0.0,0.0,0.0,-627840.0,0.0,0.0,1,0
15.2167,400.0,594.102,0.0,-0.002,0.0,0.136,0.136,0.0,9.81,0,0,0,0.15,0,0.0,-0.0,0.0,0.0,0.0,0.0,0.0,0.0,0.0,627840.0,0,0
15.2333,400.0,594.1,0.0,0.0,0.0,-0.027,0.027,0.0,0.0,0,0,0,0.15,0,0.0,-0.0,0.0,0.0,0.0,0.0,0.0,-627840.0,0.0,0.0,1,0
15.25,400.0,594.102,0.0,-0.002,0.0,0.136,0.136,0.0,9.81,0,0,0,0.15,0,0.0,-0.0,0.0,0.0,0.0,0.0,0.0,0.0,0.0,627840.0,0,0
15.2667,400.0,594.1,0.0,0.0,0.0,-0.027,0.027,0.0,0.0,0,0,0,0.15,0,0.0,-0.0,0.0,0.0,0.0,0.0,0.0,-627840.0,0.0,0.0,1,0
15.2833,400.0,594.102,0.0,-0.002,0.0,0.136,0.136,0.0,9.81,0,0,0,0.15,0,0.0,-0.0,0.0,0.0,0.0,0.0,0.0,0.0,0.0,627840.0,0,0
15.3,400.0,594.1,0.0,0.0,0.0,-0.027,0.027,0.0,0.0,0,0,0,0.15,0,0.0,-0.0,0.0,0.0,0.0,0.0,0.0,-627840.0,0.0,0.0,1,0
15.3167,400.0,594.102,0.0,-0.002,0.0,0.136,0.136,0.0,9.81,0,0,0,0.15,0,0.0,-0.0,0.0,0.0,0.0,0.0,0.0,0.0,0.0,627840.0,0,0
15.3333,400.0,594.1,0.0,0.0,0.0,-0.027,0.027,0.0,0.0,0,0,0,0.15,0,0.0,-0.0,0.0,0.0,0.0,0.0,0.0,-627840.0,0.0,0.0,1,0
15.35,400.0,594.102,0.0,-0.002,0.0,0.136,0.136,0.0,9.81,0,0,0,0.15,0,0.0,-0.0,0.0,0.0,0.0,0.0,0.0,0.0,0.0,627840.0,0,0
15.3667,400.0,594.1,0.0,0.0,0.0,-0.027,0.027,0.0,0.0,0,0,0,0.15,0,0.0,-0.0,0.0,0.0,0.0,0.0,0.0,-627840.0,0.0,0.0,1,0
15.3833,400.0,594.102,0.0,-0.002,0.0,0.136,0.136,0.0,9.81,0,0,0,0.15,0,0.0,-0.0,0.0,0.0,0.0,0.0,0.0,0.0,0.0,627840.0,0,0
15.4,400.0,594.1,0.0,0.0,0.0,-0.027,0.027,0.0,0.0,0,0,0,0.15,0,0.0,-0.0,0.0,0.0,0.0,0.0,0.0,-627840.0,0.0,0.0,1,0
15.4167,400.0,594.102,0.0,-0.002,0.0,0.136,0.136,0.0,9.81,0,0,0,0.15,0,0.0,-0.0,0.0,0.0,0.0,0.0,0.0,0.0,0.0,627840.0,0,0
15.4333,400.0,594.1,0.0,0.0,0.0,-0.027,0.027,0.0,0.0,0,0,0,0.15,0,0.0,-0.0,0.0,0.0,0.0,0.0,0.0,-627840.0,0.0,0.0,1,0
15.45,400.0,594.102,0.0,-0.002,0.0,0.136,0.136,0.0,9.81,0,0,0,0.15,0,0.0,-0.0,0.0,0.0,0.0,0.0,0.0,0.0,0.0,627840.0,0,0
15.4667,400.0,594.1,0.0,0.0,0.0,-0.027,0.027,0.0,0.0,0,0,0,0.15,0,0.0,-0.0,0.0,0.0,0.0,0.0,0.0,-627840.0,0.0,0.0,1,0
15.4833,400.0,594.102,0.0,-0.002,0.0,0.136,0.136,0.0,9.81,0,0,0,0.15,0,0.0,-0.0,0.0,0.0,0.0,0.0,0.0,0.0,0.0,627840.0,0,0
15.5,400.0,594.1,0.0,0.0,0.0,-0.027,0.027,0.0,0.0,0,0,0,0.15,0,0.0,-0.0,0.0,0.0,0.0,0.0,0.0,-627840.0,0.0,0.0,1,0
15.5167,400.0,594.102,0.0,-0.002,0.0,0.136,0.136,0.0,9.81,0,0,0,0.15,0,0.0,-0.0,0.0,0.0,0.0,0.0,0.0,0.0,0.0,627840.0,0,0
15.5333,400.0,594.1,0.0,0.0,0.0,-0.027,0.027,0.0,0.0,0,0,0,0.15,0,0.0,-0.0,0.0,0.0,0.0,0.0,0.0,-627840.0,0.0,0.0,1,0
15.55,400.0,594.102,0.0,-0.002,0.0,0.136,0.136,0.0,9.81,0,0,0,0.15,0,0.0,-0.0,0.0,0.0,0.0,0.0,0.0,0.0,0.0,627840.0,0,0
15.5667,400.0,594.1,0.0,0.0,0.0,-0.027,0.027,0.0,0.0,0,0,0,0.15,0,0.0,-0.0,0.0,0.0,0.0,0.0,0.0,-627840.0,0.0,0.0,1,0
15.5833,400.0,594.102,0.0,-0.002,0.0,0.136,0.136,0.0,9.81,0,0,0,0.15,0,0.0,-0.0,0.0,0.0,0.0,0.0,0.0,0.0,0.0,627840.0,0,0
15.6,400.0,594.1,0.0,0.0,0.0,-0.027,0.027,0.0,0.0,0,0,0,0.15,0,0.0,-0.0,0.0,0.0,0.0,0.0,0.0,-627840.0,0.0,0.0,1,0
15.6167,400.0,594.102,0.0,-0.002,0.0,0.136,0.136,0.0,9.81,0,0,0,0.15,0,0.0,-0.0,0.0,0.0,0.0,0.0,0.0,0.0,0.0,627840.0,0,0
15.6333,400.0,594.1,0.0,0.0,0.0,-0.027,0.027,0.0,0.0,0,0,0,0.15,0,0.0,-0.0,0.0,0.0,0.0,0.0,0.0,-627840.0,0.0,0.0,1,0
15.65,400.0,594.102,0.0,-0.002,0.0,0.136,0.136,0.0,9.81,0,0,0,0.15,0,0.0,-0.0,0.0,0.0,0.0,0.0,0.0,0.0,0.0,627840.0,0,0
15.6667,400.0,594.1,0.0,0.0,0.0,-0.027,0.027,0.0,0.0,0,0,0,0.15,0,0.0,-0.0,0.0,0.0,0.0,0.0,0.0,-627840.0,0.0,0.0,1,0
15.6833,400.0,594.102,0.0,-0.002,0.0,0.136,0.136,0.0,9.81,0,0,0,0.15,0,0.0,-0.0,0.0,0.0,0.0,0.0,0.0,0.0,0.0,627840.0,0,0
15.7,400.0,594.1,0.0,0.0,0.0,-0.027,0.027,0.0,0.0,0,0,0,0.15,0,0.0,-0.0,0.0,0.0,0.0,0.0,0.0,-627840.0,0.0,0.0,1,0
15.7167,400.0,594.102,0.0,-0.002,0.0,0.136,0.136,0.0,9.81,0,0,0,0.15,0,0.0,-0.0,0.0,0.0,0.0,0.0,0.0,0.0,0.0,627840.0,0,0
15.7333,400.0,594.1,0.0,0.0,0.0,-0.027,0.027,0.0,0.0,0,0,0,0.15,0,0.0,-0.0,0.0,0.0,0.0,0.0,0.0,-627840.0,0.0,0.0,1,0
15.75,400.0,594.102,0.0,-0.002,0.0,0.136,0.136,0.0,9.81,0,0,0,0.15,0,0.0,-0.0,0.0,0.0,0.0,0.0,0.0,0.0,0.0,627840.0,0,0
15.7667,400.0,594.1,0.0,0.0,0.0,-0.027,0.027,0.0,0.0,0,0,0,0.15,0,0.0,-0.0,0.0,0.0,0.0,0.0,0.0,-627840.0,0.0,0.0,1,0
15.7833,400.0,594.102,0.0,-0.002,0.0,0.136,0.136,0.0,9.81,0,0,0,0.15,0,0.0,-0.0,0.0,0.0,0.0,0.0,0.0,0.0,0.0,627840.0,0,0
15.8,400.0,594.1,0.0,0.0,0.0,-0.027,0.027,0.0,0.0,0,0,0,0.15,0,0.0,-0.0,0.0,0.0,0.0,0.0,0.0,-627840.0,0.0,0.0,1,0
15.8167,400.0,594.102,0.0,-0.002,0.0,0.136,0.136,0.0,9.81,0,0,0,0.15,0,0.0,-0.0,0.0,0.0,0.0,0.0,0.0,0.0,0.0,627840.0,0,0
15.8333,400.0,594.1,0.0,0.0,0.0,-0.027,0.027,0.0,0.0,0,0,0,0.15,0,0.0,-0.0,0.0,0.0,0.0,0.0,0.0,-627840.0,0.0,0.0,1,0
15.85,400.0,594.102,0.0,-0.002,0.0,0.136,0.136,0.0,9.81,0,0,0,0.15,0,0.0,-0.0,0.0,0.0,0.0,0.0,0.0,0.0,0.0,627840.0,0,0
15.8667,400.0,594.1,0.0,0.0,0.0,-0.027,0.027,0.0,0.0,0,0,0,0.15,0,0.0,-0.0,0.0,0.0,0.0,0.0,0.0,-627840.0,0.0,0.0,1,0
15.8833,400.0,594.102,0.0,-0.002,0.0,0.136,0.136,0.0,9.81,0,0,0,0.15,0,0.0,-0.0,0.0,0.0,0.0,0.0,0.0,0.0,0.0,627840.0,0,0
15.9,400.0,594.1,0.0,0.0,0.0,-0.027,0.027,0.0,0.0,0,0,0,0.15,0,0.0,-0.0,0.0,0.0,0.0,0.0,0.0,-627840.0,0.0,0.0,1,0
15.9167,400.0,594.102,0.0,-0.002,0.0,0.136,0.136,0.0,9.81,0,0,0,0.15,0,0.0,-0.0,0.0,0.0,0.0,0.0,0.0,0.0,0.0,627840.0,0,0
15.9333,400.0,594.1,0.0,0.0,0.0,-0.027,0.027,0.0,0.0,0,0,0,0.15,0,0.0,-0.0,0.0,0.0,0.0,0.0,0.0,-627840.0,0.0,0.0,1,0
15.95,400.0,594.102,0.0,-0.002,0.0,0.136,0.136,0.0,9.81,0,0,0,0.15,0,0.0,-0.0,0.0,0.0,0.0,0.0,0.0,0.0,0.0,627840.0,0,0
15.9667,400.0,594.1,0.0,0.0,0.0,-0.027,0.027,0.0,0.0,0,0,0,0.15,0,0.0,-0.0,0.0,0.0,0.0,0.0,0.0,-627840.0,0.0,0.0,1,0
15.9833,400.0,594.102,0.0,-0.002,0.0,0.136,0.136,0.0,9.81,0,0,0,0.15,0,0.0,-0.0,0.0,0.0,0.0,0.0,0.0,0.0,0.0,627840.0,0,0
16.0,400.0,594.1,0.0,0.0,0.0,-0.027,0.027,0.0,0.0,0,0,0,0.15,0,0.0,-0.0,0.0,0.0,0.0,0.0,0.0,-627840.0,0.0,0.0,1,0
16.0167,400.0,594.102,0.0,-0.002,0.0,0.136,0.136,0.0,9.81,0,0,0,0.15,0,0.0,-0.0,0.0,0.0,0.0,0.0,0.0,0.0,0.0,627840.0,0,0
16.0333,400.0,594.1,0.0,0.0,0.0,-0.027,0.027,0.0,0.0,0,0,0,0.15,0,0.0,-0.0,0.0,0.0,0.0,0.0,0.0,-627840.0,0.0,0.0,1,0
16.05,400.0,594.102,0.0,-0.002,0.0,0.136,0.136,0.0,9.81,0,0,0,0.15,0,0.0,-0.0,0.0,0.0,0.0,0.0,0.0,0.0,0.0,627840.0,0,0
16.0667,400.0,594.1,0.0,0.0,0.0,-0.027,0.027,0.0,0.0,0,0,0,0.15,0,0.0,-0.0,0.0,0.0,0.0,0.0,0.0,-627840.0,0.0,0.0,1,0
16.0833,400.0,594.102,0.0,-0.002,0.0,0.136,0.136,0.0,9.81,0,0,0,0.15,0,0.0,-0.0,0.0,0.0,0.0,0.0,0.0,0.0,0.0,627840.0,0,0
16.1,400.0,594.1,0.0,0.0,0.0,-0.027,0.027,0.0,0.0,0,0,0,0.15,0,0.0,-0.0,0.0,0.0,0.0,0.0,0.0,-627840.0,0.0,0.0,1,0
16.1167,400.0,594.102,0.0,-0.002,0.0,0.136,0.136,0.0,9.81,0,0,0,0.15,0,0.0,-0.0,0.0,0.0,0.0,0.0,0.0,0.0,0.0,627840.0,0,0
16.1333,400.0,594.1,0.0,0.0,0.0,-0.027,0.027,0.0,0.0,0,0,0,0.15,0,0.0,-0.0,0.0,0.0,0.0,0.0,0.0,-627840.0,0.0,0.0,1,0
16.15,400.0,594.102,0.0,-0.002,0.0,0.136,0.136,0.0,9.81,0,0,0,0.15,0,0.0,-0.0,0.0,0.0,0.0,0.0,0.0,0.0,0.0,627840.0,0,0
16.1667,400.0,594.1,0.0,0.0,0.0,-0.027,0.027,0.0,0.0,0,0,0,0.15,0,0.0,-0.0,0.0,0.0,0.0,0.0,0.0,-627840.0,0.0,0.0,1,0
16.1833,400.0,594.102,0.0,-0.002,0.0,0.136,0.136,0.0,9.81,0,0,0,0.15,0,0.0,-0.0,0.0,0.0,0.0,0.0,0.0,0.0,0.0,627840.0,0,0
16.2,400.0,594.1,0.0,0.0,0.0,-0.027,0.027,0.0,0.0,0,0,0,0.15,0,0.0,-0.0,0.0,0.0,0.0,0.0,0.0,-627840.0,0.0,0.0,1,0
16.2167,400.0,594.102,0.0,-0.002,0.0,0.136,0.136,0.0,9.81,0,0,0,0.15,0,0.0,-0.0,0.0,0.0,0.0,0.0,0.0,0.0,0.0,627840.0,0,0
16.2333,400.0,594.1,0.0,0.0,0.0,-0.027,0.027,0.0,0.0,0,0,0,0.15,0,0.0,-0.0,0.0,0.0,0.0,0.0,0.0,-627840.0,0.0,0.0,1,0
16.25,400.0,594.102,0.0,-0.002,0.0,0.136,0.136,0.0,9.81,0,0,0,0.15,0,0.0,-0.0,0.0,0.0,0.0,0.0,0.0,0.0,0.0,627840.0,0,0
16.2667,400.0,594.1,0.0,0.0,0.0,-0.027,0.027,0.0,0.0,0,0,0,0.15,0,0.0,-0.0,0.0,0.0,0.0,0.0,0.0,-627840.0,0.0,0.0,1,0
16.2833,400.0,594.102,0.0,-0.002,0.0,0.136,0.136,0.0,9.81,0,0,0,0.15,0,0.0,-0.0,0.0,0.0,0.0,0.0,0.0,0.0,0.0,627840.0,0,0
16.3,400.0,594.1,0.0,0.0,0.0,-0.027,0.027,0.0,0.0,0,0,0,0.15,0,0.0,-0.0,0.0,0.0,0.0,0.0,0.0,-627840.0,0.0,0.0,1,0
16.3167,400.0,594.102,0.0,-0.002,0.0,0.136,0.136,0.0,9.81,0,0,0,0.15,0,0.0,-0.0,0.0,0.0,0.0,0.0,0.0,0.0,0.0,627840.0,0,0
16.3333,400.0,594.1,0.0,0.0,0.0,-0.027,0.027,0.0,0.0,0,0,0,0.15,0,0.0,-0.0,0.0,0.0,0.0,0.0,0.0,-627840.0,0.0,0.0,1,0
16.35,400.0,594.102,0.0,-0.002,0.0,0.136,0.136,0.0,9.81,0,0,0,0.15,0,0.0,-0.0,0.0,0.0,0.0,0.0,0.0,0.0,0.0,627840.0,0,0
16.3667,400.0,594.1,0.0,0.0,0.0,-0.027,0.027,0.0,0.0,0,0,0,0.15,0,0.0,-0.0,0.0,0.0,0.0,0.0,0.0,-627840.0,0.0,0.0,1,0
16.3833,400.0,594.102,0.0,-0.002,0.0,0.136,0.136,0.0,9.81,0,0,0,0.15,0,0.0,-0.0,0.0,0.0,0.0,0.0,0.0,0.0,0.0,627840.0,0,0
16.4,400.0,594.1,0.0,0.0,0.0,-0.027,0.027,0.0,0.0,0,0,0,0.15,0,0.0,-0.0,0.0,0.0,0.0,0.0,0.0,-627840.0,0.0,0.0,1,0
16.4167,400.0,594.102,0.0,-0.002,0.0,0.136,0.136,0.0,9.81,0,0,0,0.15,0,0.0,-0.0,0.0,0.0,0.0,0.0,0.0,0.0,0.0,627840.0,0,0
16.4333,400.0,594.1,0.0,0.0,0.0,-0.027,0.027,0.0,0.0,0,0,0,0.15,0,0.0,-0.0,0.0,0.0,0.0,0.0,0.0,-627840.0,0.0,0.0,1,0
16.45,400.0,594.102,0.0,-0.002,0.0,0.136,0.136,0.0,9.81,0,0,0,0.15,0,0.0,-0.0,0.0,0.0,0.0,0.0,0.0,0.0,0.0,627840.0,0,0
16.4667,400.0,594.1,0.0,0.0,0.0,-0.027,0.027,0.0,0.0,0,0,0,0.15,0,0.0,-0.0,0.0,0.0,0.0,0.0,0.0,-627840.0,0.0,0.0,1,0
16.4833,400.0,594.102,0.0,-0.002,0.0,0.136,0.136,0.0,9.81,0,0,0,0.15,0,0.0,-0.0,0.0,0.0,0.0,0.0,0.0,0.0,0.0,627840.0,0,0
16.5,400.0,594.1,0.0,0.0,0.0,-0.027,0.027,0.0,0.0,0,0,0,0.15,0,0.0,-0.0,0.0,0.0,0.0,0.0,0.0,-627840.0,0.0,0.0,1,0
16.5167,400.0,594.102,0.0,-0.002,0.0,0.136,0.136,0.0,9.81,0,0,0,0.15,0,0.0,-0.0,0.0,0.0,0.0,0.0,0.0,0.0,0.0,627840.0,0,0
16.5333,400.0,594.1,0.0,0.0,0.0,-0.027,0.027,0.0,0.0,0,0,0,0.15,0,0.0,-0.0,0.0,0.0,0.0,0.0,0.0,-627840.0,0.0,0.0,1,0
16.55,400.0,594.102,0.0,-0.002,0.0,0.136,0.136,0.0,9.81,0,0,0,0.15,0,0.0,-0.0,0.0,0.0,0.0,0.0,0.0,0.0,0.0,627840.0,0,0
16.5667,400.0,594.1,0.0,0.0,0.0,-0.027,0.027,0.0,0.0,0,0,0,0.15,0,0.0,-0.0,0.0,0.0,0.0,0.0,0.0,-627840.0,0.0,0.0,1,0
16.5833,400.0,594.102,0.0,-0.002,0.0,0.136,0.136,0.0,9.81,0,0,0,0.15,0,0.0,-0.0,0.0,0.0,0.0,0.0,0.0,0.0,0.0,627840.0,0,0
16.6,400.0,594.1,0.0,0.0,0.0,-0.027,0.027,0.0,0.0,0,0,0,0.15,0,0.0,-0.0,0.0,0.0,0.0,0.0,0.0,-627840.0,0.0,0.0,1,0
16.6167,400.0,594.102,0.0,-0.002,0.0,0.136,0.136,0.0,9.81,0,0,0,0.15,0,0.0,-0.0,0.0,0.0,0.0,0.0,0.0,0.0,0.0,627840.0,0,0
16.6333,400.0,594.1,0.0,0.0,0.0,-0.027,0.027,0.0,0.0,0,0,0,0.15,0,0.0,-0.0,0.0,0.0,0.0,0.0,0.0,-627840.0,0.0,0.0,1,0
16.65,400.0,594.102,0.0,-0.002,0.0,0.136,0.136,0.0,9.81,0,0,0,0.15,0,0.0,-0.0,0.0,0.0,0.0,0.0,0.0,0.0,0.0,627840.0,0,0
16.6667,400.0,594.1,0.0,0.0,0.0,-0.027,0.027,0.0,0.0,0,0,0,0.15,0,0.0,-0.0,0.0,0.0,0.0,0.0,0.0,-627840.0,0.0,0.0,1,0
16.6833,400.0,594.102,0.0,-0.002,0.0,0.136,0.136,0.0,9.81,0,0,0,0.15,0,0.0,-0.0,0.0,0.0,0.0,0.0,0.0,0.0,0.0,627840.0,0,0
16.7,400.0,594.1,0.0,0.0,0.0,-0.027,0.027,0.0,0.0,0,0,0,0.15,0,0.0,-0.0,0.0,0.0,0.0,0.0,0.0,-627840.0,0.0,0.0,1,0
16.7167,400.0,594.102,0.0,-0.002,0.0,0.136,0.136,0.0,9.81,0,0,0,0.15,0,0.0,-0.0,0.0,0.0,0.0,0.0,0.0,0.0,0.0,627840.0,0,0
16.7333,400.0,594.1,0.0,0.0,0.0,-0.027,0.027,0.0,0.0,0,0,0,0.15,0,0.0,-0.0,0.0,0.0,0.0,0.0,0.0,-627840.0,0.0,0.0,1,0
16.75,400.0,594.102,0.0,-0.002,0.0,0.136,0.136,0.0,9.81,0,0,0,0.15,0,0.0,-0.0,0.0,0.0,0.0,0.0,0.0,0.0,0.0,627840.0,0,0
16.7667,400.0,594.1,0.0,0.0,0.0,-0.027,0.027,0.0,0.0,0,0,0,0.15,0,0.0,-0.0,0.0,0.0,0.0,0.0,0.0,-627840.0,0.0,0.0,1,0
16.7833,400.0,594.102,0.0,-0.002,0.0,0.136,0.136,0.0,9.81,0,0,0,0.15,0,0.0,-0.0,0.0,0.0,0.0,0.0,0.0,0.0,0.0,627840.0,0,0
16.8,400.0,594.1,0.0,0.0,0.0,-0.027,0.027,0.0,0.0,0,0,0,0.15,0,0.0,-0.0,0.0,0.0,0.0,0.0,0.0,-627840.0,0.0,0.0,1,0
16.8167,400.0,594.102,0.0,-0.002,0.0,0.136,0.136,0.0,9.81,0,0,0,0.15,0,0.0,-0.0,0.0,0.0,0.0,0.0,0.0,0.0,0.0,627840.0,0,0
16.8333,400.0,594.1,0.0,0.0,0.0,-0.027,0.027,0.0,0.0,0,0,0,0.15,0,0.0,-0.0,0.0,0.0,0.0,0.0,0.0,-627840.0,0.0,0.0,1,0
16.85,400.0,594.102,0.0,-0.002,0.0,0.136,0.136,0.0,9.81,0,0,0,0.15,0,0.0,-0.0,0.0,0.0,0.0,0.0,0.0,0.0,0.0,627840.0,0,0
16.8667,400.0,594.1,0.0,0.0,0.0,-0.027,0.027,0.0,0.0,0,0,0,0.15,0,0.0,-0.0,0.0,0.0,0.0,0.0,0.0,-627840.0,0.0,0.0,1,0
16.8833,400.0,594.102,0.0,-0.002,0.0,0.136,0.136,0.0,9.81,0,0,0,0.15,0,0.0,-0.0,0.0,0.0,0.0,0.0,0.0,0.0,0.0,627840.0,0,0
16.9,400.0,594.1,0.0,0.0,0.0,-0.027,0.027,0.0,0.0,0,0,0,0.15,0,0.0,-0.0,0.0,0.0,0.0,0.0,0.0,-627840.0,0.0,0.0,1,0
16.9167,400.0,594.102,0.0,-0.002,0.0,0.136,0.136,0.0,9.81,0,0,0,0.15,0,0.0,-0.0,0.0,0.0,0.0,0.0,0.0,0.0,0.0,627840.0,0,0
16.9333,400.0,594.1,0.0,0.0,0.0,-0.027,0.027,0.0,0.0,0,0,0,0.15,0,0.0,-0.0,0.0,0.0,0.0,0.0,0.0,-627840.0,0.0,0.0,1,0
16.95,400.0,594.102,0.0,-0.002,0.0,0.136,0.136,0.0,9.81,0,0,0,0.15,0,0.0,-0.0,0.0,0.0,0.0,0.0,0.0,0.0,0.0,627840.0,0,0
16.9667,400.0,594.1,0.0,0.0,0.0,-0.027,0.027,0.0,0.0,0,0,0,0.15,0,0.0,-0.0,0.0,0.0,0.0,0.0,0.0,-627840.0,0.0,0.0,1,0
16.9833,400.0,594.102,0.0,-0.002,0.0,0.136,0.136,0.0,9.81,0,0,0,0.15,0,0.0,-0.0,0.0,0.0,0.0,0.0,0.0,0.0,0.0,627840.0,0,0
17.0,400.0,594.1,0.0,0.0,0.0,-0.027,0.027,0.0,0.0,0,0,0,0.15,0,0.0,-0.0,0.0,0.0,0.0,0.0,0.0,-627840.0,0.0,0.0,1,0
17.0167,400.0,594.102,0.0,-0.002,0.0,0.136,0.136,0.0,9.81,0,0,0,0.15,0,0.0,-0.0,0.0,0.0,0.0,0.0,0.0,0.0,0.0,627840.0,0,0
17.0333,400.0,594.1,0.0,0.0,0.0,-0.027,0.027,0.0,0.0,0,0,0,0.15,0,0.0,-0.0,0.0,0.0,0.0,0.0,0.0,-627840.0,0.0,0.0,1,0
17.05,400.0,594.102,0.0,-0.002,0.0,0.136,0.136,0.0,9.81,0,0,0,0.15,0,0.0,-0.0,0.0,0.0,0.0,0.0,0.0,0.0,0.0,627840.0,0,0
17.0667,400.0,594.1,0.0,0.0,0.0,-0.027,0.027,0.0,0.0,0,0,0,0.15,0,0.0,-0.0,0.0,0.0,0.0,0.0,0.0,-627840.0,0.0,0.0,1,0
17.0833,400.0,594.102,0.0,-0.002,0.0,0.136,0.136,0.0,9.81,0,0,0,0.15,0,0.0,-0.0,0.0,0.0,0.0,0.0,0.0,0.0,0.0,627840.0,0,0
17.1,400.0,594.1,0.0,0.0,0.0,-0.027,0.027,0.0,0.0,0,0,0,0.15,0,0.0,-0.0,0.0,0.0,0.0,0.0,0.0,-627840.0,0.0,0.0,1,0
17.1167,400.0,594.102,0.0,-0.002,0.0,0.136,0.136,0.0,9.81,0,0,0,0.15,0,0.0,-0.0,0.0,0.0,0.0,0.0,0.0,0.0,0.0,627840.0,0,0
17.1333,400.0,594.1,0.0,0.0,0.0,-0.027,0.027,0.0,0.0,0,0,0,0.15,0,0.0,-0.0,0.0,0.0,0.0,0.0,0.0,-627840.0,0.0,0.0,1,0
17.15,400.0,594.102,0.0,-0.002,0.0,0.136,0.136,0.0,9.81,0,0,0,0.15,0,0.0,-0.0,0.0,0.0,0.0,0.0,0.0,0.0,0.0,627840.0,0,0
17.1667,400.0,594.1,0.0,0.0,0.0,-0.027,0.027,0.0,0.0,0,0,0,0.15,0,0.0,-0.0,0.0,0.0,0.0,0.0,0.0,-627840.0,0.0,0.0,1,0
17.1833,400.0,594.102,0.0,-0.002,0.0,0.136,0.136,0.0,9.81,0,0,0,0.15,0,0.0,-0.0,0.0,0.0,0.0,0.0,0.0,0.0,0.0,627840.0,0,0
17.2,400.0,594.1,0.0,0.0,0.0,-0.027,0.027,0.0,0.0,0,0,0,0.15,0,0.0,-0.0,0.0,0.0,0.0,0.0,0.0,-627840.0,0.0,0.0,1,0
17.2167,400.0,594.102,0.0,-0.002,0.0,0.136,0.136,0.0,9.81,0,0,0,0.15,0,0.0,-0.0,0.0,0.0,0.0,0.0,0.0,0.0,0.0,627840.0,0,0
17.2333,400.0,594.1,0.0,0.0,0.0,-0.027,0.027,0.0,0.0,0,0,0,0.15,0,0.0,-0.0,0.0,0.0,0.0,0.0,0.0,-627840.0,0.0,0.0,1,0
17.25,400.0,594.102,0.0,-0.002,0.0,0.136,0.136,0.0,9.81,0,0,0,0.15,0,0.0,-0.0,0.0,0.0,0.0,0.0,0.0,0.0,0.0,627840.0,0,0
17.2667,400.0,594.1,0.0,0.0,0.0,-0.027,0.027,0.0,0.0,0,0,0,0.15,0,0.0,-0.0,0.0,0.0,0.0,0.0,0.0,-627840.0,0.0,0.0,1,0
17.2833,400.0,594.102,0.0,-0.002,0.0,0.136,0.136,0.0,9.81,0,0,0,0.15,0,0.0,-0.0,0.0,0.0,0.0,0.0,0.0,0.0,0.0,627840.0,0,0
17.3,400.0,594.1,0.0,0.0,0.0,-0.027,0.027,0.0,0.0,0,0,0,0.15,0,0.0,-0.0,0.0,0.0,0.0,0.0,0.0,-627840.0,0.0,0.0,1,0
17.3167,400.0,594.102,0.0,-0.002,0.0,0.136,0.136,0.0,9.81,0,0,0,0.15,0,0.0,-0.0,0.0,0.0,0.0,0.0,0.0,0.0,0.0,627840.0,0,0
17.3333,400.0,594.1,0.0,0.0,0.0,-0.027,0.027,0.0,0.0,0,0,0,0.15,0,0.0,-0.0,0.0,0.0,0.0,0.0,0.0,-627840.0,0.0,0.0,1,0
17.35,400.0,594.102,0.0,-0.002,0.0,0.136,0.136,0.0,9.81,0,0,0,0.15,0,0.0,-0.0,0.0,0.0,0.0,0.0,0.0,0.0,0.0,627840.0,0,0
17.3667,400.0,594.1,0.0,0.0,0.0,-0.027,0.027,0.0,0.0,0,0,0,0.15,0,0.0,-0.0,0.0,0.0,0.0,0.0,0.0,-627840.0,0.0,0.0,1,0
17.3833,400.0,594.102,0.0,-0.002,0.0,0.136,0.136,0.0,9.81,0,0,0,0.15,0,0.0,-0.0,0.0,0.0,0.0,0.0,0.0,0.0,0.0,627840.0,0,0
17.4,400.0,594.1,0.0,0.0,0.0,-0.027,0.027,0.0,0.0,0,0,0,0.15,0,0.0,-0.0,0.0,0.0,0.0,0.0,0.0,-627840.0,0.0,0.0,1,0
17.4167,400.0,594.102,0.0,-0.002,0.0,0.136,0.136,0.0,9.81,0,0,0,0.15,0,0.0,-0.0,0.0,0.0,0.0,0.0,0.0,0.0,0.0,627840.0,0,0
17.4333,400.0,594.1,0.0,0.0,0.0,-0.027,0.027,0.0,0.0,0,0,0,0.15,0,0.0,-0.0,0.0,0.0,0.0,0.0,0.0,-627840.0,0.0,0.0,1,0
17.45,400.0,594.102,0.0,-0.002,0.0,0.136,0.136,0.0,9.81,0,0,0,0.15,0,0.0,-0.0,0.0,0.0,0.0,0.0,0.0,0.0,0.0,627840.0,0,0
17.4667,400.0,594.1,0.0,0.0,0.0,-0.027,0.027,0.0,0.0,0,0,0,0.15,0,0.0,-0.0,0.0,0.0,0.0,0.0,0.0,-627840.0,0.0,0.0,1,0
17.4833,400.0,594.102,0.0,-0.002,0.0,0.136,0.136,0.0,9.81,0,0,0,0.15,0,0.0,-0.0,0.0,0.0,0.0,0.0,0.0,0.0,0.0,627840.0,0,0
17.5,400.0,594.1,0.0,0.0,0.0,-0.027,0.027,0.0,0.0,0,0,0,0.15,0,0.0,-0.0,0.0,0.0,0.0,0.0,0.0,-627840.0,0.0,0.0,1,0
17.5167,400.0,594.102,0.0,-0.002,0.0,0.136,0.136,0.0,9.81,0,0,0,0.15,0,0.0,-0.0,0.0,0.0,0.0,0.0,0.0,0.0,0.0,627840.0,0,0
17.5333,400.0,594.1,0.0,0.0,0.0,-0.027,0.027,0.0,0.0,0,0,0,0.15,0,0.0,-0.0,0.0,0.0,0.0,0.0,0.0,-627840.0,0.0,0.0,1,0
17.55,400.0,594.102,0.0,-0.002,0.0,0.136,0.136,0.0,9.81,0,0,0,0.15,0,0.0,-0.0,0.0,0.0,0.0,0.0,0.0,0.0,0.0,627840.0,0,0
17.5667,400.0,594.1,0.0,0.0,0.0,-0.027,0.027,0.0,0.0,0,0,0,0.15,0,0.0,-0.0,0.0,0.0,0.0,0.0,0.0,-627840.0,0.0,0.0,1,0
17.5833,400.0,594.102,0.0,-0.002,0.0,0.136,0.136,0.0,9.81,0,0,0,0.15,0,0.0,-0.0,0.0,0.0,0.0,0.0,0.0,0.0,0.0,627840.0,0,0
17.6,400.0,594.1,0.0,0.0,0.0,-0.027,0.027,0.0,0.0,0,0,0,0.15,0,0.0,-0.0,0.0,0.0,0.0,0.0,0.0,-627840.0,0.0,0.0,1,0
17.6167,400.0,594.102,0.0,-0.002,0.0,0.136,0.136,0.0,9.81,0,0,0,0.15,0,0.0,-0.0,0.0,0.0,0.0,0.0,0.0,0.0,0.0,627840.0,0,0
17.6333,400.0,594.1,0.0,0.0,0.0,-0.027,0.027,0.0,0.0,0,0,0,0.15,0,0.0,-0.0,0.0,0.0,0.0,0.0,0.0,-627840.0,0.0,0.0,1,0
17.65,400.0,594.102,0.0,-0.002,0.0,0.136,0.136,0.0,9.81,0,0,0,0.15,0,0.0,-0.0,0.0,0.0,0.0,0.0,0.0,0.0,0.0,627840.0,0,0
17.6667,400.0,594.1,0.0,0.0,0.0,-0.027,0.027,0.0,0.0,0,0,0,0.15,0,0.0,-0.0,0.0,0.0,0.0,0.0,0.0,-627840.0,0.0,0.0,1,0
17.6833,400.0,594.102,0.0,-0.002,0.0,0.136,0.136,0.0,9.81,0,0,0,0.15,0,0.0,-0.0,0.0,0.0,0.0,0.0,0.0,0.0,0.0,627840.0,0,0
17.7,400.0,594.1,0.0,0.0,0.0,-0.027,0.027,0.0,0.0,0,0,0,0.15,0,0.0,-0.0,0.0,0.0,0.0,0.0,0.0,-627840.0,0.0,0.0,1,0
17.7167,400.0,594.102,0.0,-0.002,0.0,0.136,0.136,0.0,9.81,0,0,0,0.15,0,0.0,-0.0,0.0,0.0,0.0,0.0,0.0,0.0,0.0,627840.0,0,0
17.7333,400.0,594.1,0.0,0.0,0.0,-0.027,0.027,0.0,0.0,0,0,0,0.15,0,0.0,-0.0,0.0,0.0,0.0,0.0,0.0,-627840.0,0.0,0.0,1,0
17.75,400.0,594.102,0.0,-0.002,0.0,0.136,0.136,0.0,9.81,0,0,0,0.15,0,0.0,-0.0,0.0,0.0,0.0,0.0,0.0,0.0,0.0,627840.0,0,0
17.7667,400.0,594.1,0.0,0.0,0.0,-0.027,0.027,0.0,0.0,0,0,0,0.15,0,0.0,-0.0,0.0,0.0,0.0,0.0,0.0,-627840.0,0.0,0.0,1,0
17.7833,400.0,594.102,0.0,-0.002,0.0,0.136,0.136,0.0,9.81,0,0,0,0.15,0,0.0,-0.0,0.0,0.0,0.0,0.0,0.0,0.0,0.0,627840.0,0,0
17.8,400.0,594.1,0.0,0.0,0.0,-0.027,0.027,0.0,0.0,0,0,0,0.15,0,0.0,-0.0,0.0,0.0,0.0,0.0,0.0,-627840.0,0.0,0.0,1,0
17.8167,400.0,594.102,0.0,-0.002,0.0,0.136,0.136,0.0,9.81,0,0,0,0.15,0,0.0,-0.0,0.0,0.0,0.0,0.0,0.0,0.0,0.0,627840.0,0,0
17.8333,400.0,594.1,0.0,0.0,0.0,-0.027,0.027,0.0,0.0,0,0,0,0.15,0,0.0,-0.0,0.0,0.0,0.0,0.0,0.0,-627840.0,0.0,0.0,1,0
17.85,400.0,594.102,0.0,-0.002,0.0,0.136,0.136,0.0,9.81,0,0,0,0.15,0,0.0,-0.0,0.0,0.0,0.0,0.0,0.0,0.0,0.0,627840.0,0,0
17.8667,400.0,594.1,0.0,0.0,0.0,-0.027,0.027,0.0,0.0,0,0,0,0.15,0,0.0,-0.0,0.0,0.0,0.0,0.0,0.0,-627840.0,0.0,0.0,1,0
17.8833,400.0,594.102,0.0,-0.002,0.0,0.136,0.136,0.0,9.81,0,0,0,0.15,0,0.0,-0.0,0.0,0.0,0.0,0.0,0.0,0.0,0.0,627840.0,0,0
17.9,400.0,594.1,0.0,0.0,0.0,-0.027,0.027,0.0,0.0,0,0,0,0.15,0,0.0,-0.0,0.0,0.0,0.0,0.0,0.0,-627840.0,0.0,0.0,1,0
17.9167,400.0,594.102,0.0,-0.002,0.0,0.136,0.136,0.0,9.81,0,0,0,0.15,0,0.0,-0.0,0.0,0.0,0.0,0.0,0.0,0.0,0.0,627840.0,0,0
17.9333,400.0,594.1,0.0,0.0,0.0,-0.027,0.027,0.0,0.0,0,0,0,0.15,0,0.0,-0.0,0.0,0.0,0.0,0.0,0.0,-627840.0,0.0,0.0,1,0
17.95,400.0,594.102,0.0,-0.002,0.0,0.136,0.136,0.0,9.81,0,0,0,0.15,0,0.0,-0.0,0.0,0.0,0.0,0.0,0.0,0.0,0.0,627840.0,0,0
17.9667,400.0,594.1,0.0,0.0,0.0,-0.027,0.027,0.0,0.0,0,0,0,0.15,0,0.0,-0.0,0.0,0.0,0.0,0.0,0.0,-627840.0,0.0,0.0,1,0
17.9833,400.0,594.102,0.0,-0.002,0.0,0.136,0.136,0.0,9.81,0,0,0,0.15,0,0.0,-0.0,0.0,0.0,0.0,0.0,0.0,0.0,0.0,627840.0,0,0
18.0,400.0,594.1,0.0,0.0,0.0,-0.027,0.027,0.0,0.0,0,0,0,0.15,0,0.0,-0.0,0.0,0.0,0.0,0.0,0.0,-627840.0,0.0,0.0,1,0
18.0167,400.0,594.102,0.0,-0.002,0.0,0.136,0.136,0.0,9.81,0,0,0,0.15,0,0.0,-0.0,0.0,0.0,0.0,0.0,0.0,0.0,0.0,627840.0,0,0
18.0333,400.0,594.1,0.0,0.0,0.0,-0.027,0.027,0.0,0.0,0,0,0,0.15,0,0.0,-0.0,0.0,0.0,0.0,0.0,0.0,-627840.0,0.0,0.0,1,0
18.05,400.0,594.102,0.0,-0.002,0.0,0.136,0.136,0.0,9.81,0,0,0,0.15,0,0.0,-0.0,0.0,0.0,0.0,0.0,0.0,0.0,0.0,627840.0,0,0
18.0667,400.0,594.1,0.0,0.0,0.0,-0.027,0.027,0.0,0.0,0,0,0,0.15,0,0.0,-0.0,0.0,0.0,0.0,0.0,0.0,-627840.0,0.0,0.0,1,0
18.0833,400.0,594.102,0.0,-0.002,0.0,0.136,0.136,0.0,9.81,0,0,0,0.15,0,0.0,-0.0,0.0,0.0,0.0,0.0,0.0,0.0,0.0,627840.0,0,0
18.1,400.0,594.1,0.0,0.0,0.0,-0.027,0.027,0.0,0.0,0,0,0,0.15,0,0.0,-0.0,0.0,0.0,0.0,0.0,0.0,-627840.0,0.0,0.0,1,0
18.1167,400.0,594.102,0.0,-0.002,0.0,0.136,0.136,0.0,9.81,0,0,0,0.15,0,0.0,-0.0,0.0,0.0,0.0,0.0,0.0,0.0,0.0,627840.0,0,0
18.1333,400.0,594.1,0.0,0.0,0.0,-0.027,0.027,0.0,0.0,0,0,0,0.15,0,0.0,-0.0,0.0,0.0,0.0,0.0,0.0,-627840.0,0.0,0.0,1,0
18.15,400.0,594.102,0.0,-0.002,0.0,0.136,0.136,0.0,9.81,0,0,0,0.15,0,0.0,-0.0,0.0,0.0,0.0,0.0,0.0,0.0,0.0,627840.0,0,0
18.1667,400.0,594.1,0.0,0.0,0.0,-0.027,0.027,0.0,0.0,0,0,0,0.15,0,0.0,-0.0,0.0,0.0,0.0,0.0,0.0,-627840.0,0.0,0.0,1,0
18.1833,400.0,594.102,0.0,-0.002,0.0,0.136,0.136,0.0,9.81,0,0,0,0.15,0,0.0,-0.0,0.0,0.0,0.0,0.0,0.0,0.0,0.0,627840.0,0,0
18.2,400.0,594.1,0.0,0.0,0.0,-0.027,0.027,0.0,0.0,0,0,0,0.15,0,0.0,-0.0,0.0,0.0,0.0,0.0,0.0,-627840.0,0.0,0.0,1,0
18.2167,400.0,594.102,0.0,-0.002,0.0,0.136,0.136,0.0,9.81,0,0,0,0.15,0,0.0,-0.0,0.0,0.0,0.0,0.0,0.0,0.0,0.0,627840.0,0,0
18.2333,400.0,594.1,0.0,0.0,0.0,-0.027,0.027,0.0,0.0,0,0,0,0.15,0,0.0,-0.0,0.0,0.0,0.0,0.0,0.0,-627840.0,0.0,0.0,1,0
18.25,400.0,594.102,0.0,-0.002,0.0,0.136,0.136,0.0,9.81,0,0,0,0.15,0,0.0,-0.0,0.0,0.0,0.0,0.0,0.0,0.0,0.0,627840.0,0,0
18.2667,400.0,594.1,0.0,0.0,0.0,-0.027,0.027,0.0,0.0,0,0,0,0.15,0,0.0,-0.0,0.0,0.0,0.0,0.0,0.0,-627840.0,0.0,0.0,1,0
18.2833,400.0,594.102,0.0,-0.002,0.0,0.136,0.136,0.0,9.81,0,0,0,0.15,0,0.0,-0.0,0.0,0.0,0.0,0.0,0.0,0.0,0.0,627840.0,0,0
18.3,400.0,594.1,0.0,0.0,0.0,-0.027,0.027,0.0,0.0,0,0,0,0.15,0,0.0,-0.0,0.0,0.0,0.0,0.0,0.0,-627840.0,0.0,0.0,1,0
18.3167,400.0,594.102,0.0,-0.002,0.0,0.136,0.136,0.0,9.81,0,0,0,0.15,0,0.0,-0.0,0.0,0.0,0.0,0.0,0.0,0.0,0.0,627840.0,0,0
18.3333,400.0,594.1,0.0,0.0,0.0,-0.027,0.027,0.0,0.0,0,0,0,0.15,0,0.0,-0.0,0.0,0.0,0.0,0.0,0.0,-627840.0,0.0,0.0,1,0
18.35,400.0,594.102,0.0,-0.002,0.0,0.136,0.136,0.0,9.81,0,0,0,0.15,0,0.0,-0.0,0.0,0.0,0.0,0.0,0.0,0.0,0.0,627840.0,0,0
18.3667,400.0,594.1,0.0,0.0,0.0,-0.027,0.027,0.0,0.0,0,0,0,0.15,0,0.0,-0.0,0.0,0.0,0.0,0.0,0.0,-627840.0,0.0,0.0,1,0
18.3833,400.0,594.102,0.0,-0.002,0.0,0.136,0.136,0.0,9.81,0,0,0,0.15,0,0.0,-0.0,0.0,0.0,0.0,0.0,0.0,0.0,0.0,627840.0,0,0
18.4,400.0,594.1,0.0,0.0,0.0,-0.027,0.027,0.0,0.0,0,0,0,0.15,0,0.0,-0.0,0.0,0.0,0.0,0.0,0.0,-627840.0,0.0,0.0,1,0
18.4167,400.0,594.102,0.0,-0.002,0.0,0.136,0.136,0.0,9.81,0,0,0,0.15,0,0.0,-0.0,0.0,0.0,0.0,0.0,0.0,0.0,0.0,627840.0,0,0
18.4333,400.0,594.1,0.0,0.0,0.0,-0.027,0.027,0.0,0.0,0,0,0,0.15,0,0.0,-0.0,0.0,0.0,0.0,0.0,0.0,-627840.0,0.0,0.0,1,0
18.45,400.0,594.102,0.0,-0.002,0.0,0.136,0.136,0.0,9.81,0,0,0,0.15,0,0.0,-0.0,0.0,0.0,0.0,0.0,0.0,0.0,0.0,627840.0,0,0
18.4667,400.0,594.1,0.0,0.0,0.0,-0.027,0.027,0.0,0.0,0,0,0,0.15,0,0.0,-0.0,0.0,0.0,0.0,0.0,0.0,-627840.0,0.0,0.0,1,0
18.4833,400.0,594.102,0.0,-0.002,0.0,0.136,0.136,0.0,9.81,0,0,0,0.15,0,0.0,-0.0,0.0,0.0,0.0,0.0,0.0,0.0,0.0,627840.0,0,0
18.5,400.0,594.1,0.0,0.0,0.0,-0.027,0.027,0.0,0.0,0,0,0,0.15,0,0.0,-0.0,0.0,0.0,0.0,0.0,0.0,-627840.0,0.0,0.0,1,0
18.5167,400.0,594.102,0.0,-0.002,0.0,0.136,0.136,0.0,9.81,0,0,0,0.15,0,0.0,-0.0,0.0,0.0,0.0,0.0,0.0,0.0,0.0,627840.0,0,0
18.5333,400.0,594.1,0.0,0.0,0.0,-0.027,0.027,0.0,0.0,0,0,0,0.15,0,0.0,-0.0,0.0,0.0,0.0,0.0,0.0,-627840.0,0.0,0.0,1,0
18.55,400.0,594.102,0.0,-0.002,0.0,0.136,0.136,0.0,9.81,0,0,0,0.15,0,0.0,-0.0,0.0,0.0,0.0,0.0,0.0,0.0,0.0,627840.0,0,0
18.5667,400.0,594.1,0.0,0.0,0.0,-0.027,0.027,0.0,0.0,0,0,0,0.15,0,0.0,-0.0,0.0,0.0,0.0,0.0,0.0,-627840.0,0.0,0.0,1,0
18.5833,400.0,594.102,0.0,-0.002,0.0,0.136,0.136,0.0,9.81,0,0,0,0.15,0,0.0,-0.0,0.0,0.0,0.0,0.0,0.0,0.0,0.0,627840.0,0,0
18.6,400.0,594.1,0.0,0.0,0.0,-0.027,0.027,0.0,0.0,0,0,0,0.15,0,0.0,-0.0,0.0,0.0,0.0,0.0,0.0,-627840.0,0.0,0.0,1,0
18.6167,400.0,594.102,0.0,-0.002,0.0,0.136,0.136,0.0,9.81,0,0,0,0.15,0,0.0,-0.0,0.0,0.0,0.0,0.0,0.0,0.0,0.0,627840.0,0,0
18.6333,400.0,594.1,0.0,0.0,0.0,-0.027,0.027,0.0,0.0,0,0,0,0.15,0,0.0,-0.0,0.0,0.0,0.0,0.0,0.0,-627840.0,0.0,0.0,1,0
18.65,400.0,594.102,0.0,-0.002,0.0,0.136,0.136,0.0,9.81,0,0,0,0.15,0,0.0,-0.0,0.0,0.0,0.0,0.0,0.0,0.0,0.0,627840.0,0,0
18.6667,400.0,594.1,0.0,0.0,0.0,-0.027,0.027,0.0,0.0,0,0,0,0.15,0,0.0,-0.0,0.0,0.0,0.0,0.0,0.0,-627840.0,0.0,0.0,1,0
18.6833,400.0,594.102,0.0,-0.002,0.0,0.136,0.136,0.0,9.81,0,0,0,0.15,0,0.0,-0.0,0.0,0.0,0.0,0.0,0.0,0.0,0.0,627840.0,0,0
18.7,400.0,594.1,0.0,0.0,0.0,-0.027,0.027,0.0,0.0,0,0,0,0.15,0,0.0,-0.0,0.0,0.0,0.0,0.0,0.0,-627840.0,0.0,0.0,1,0
18.7167,400.0,594.102,0.0,-0.002,0.0,0.136,0.136,0.0,9.81,0,0,0,0.15,0,0.0,-0.0,0.0,0.0,0.0,0.0,0.0,0.0,0.0,627840.0,0,0
18.7333,400.0,594.1,0.0,0.0,0.0,-0.027,0.027,0.0,0.0,0,0,0,0.15,0,0.0,-0.0,0.0,0.0,0.0,0.0,0.0,-627840.0,0.0,0.0,1,0
18.75,400.0,594.102,0.0,-0.002,0.0,0.136,0.136,0.0,9.81,0,0,0,0.15,0,0.0,-0.0,0.0,0.0,0.0,0.0,0.0,0.0,0.0,627840.0,0,0
18.7667,400.0,594.1,0.0,0.0,0.0,-0.027,0.027,0.0,0.0,0,0,0,0.15,0,0.0,-0.0,0.0,0.0,0.0,0.0,0.0,-627840.0,0.0,0.0,1,0
18.7833,400.0,594.102,0.0,-0.002,0.0,0.136,0.136,0.0,9.81,0,0,0,0.15,0,0.0,-0.0,0.0,0.0,0.0,0.0,0.0,0.0,0.0,627840.0,0,0
18.8,400.0,594.1,0.0,0.0,0.0,-0.027,0.027,0.0,0.0,0,0,0,0.15,0,0.0,-0.0,0.0,0.0,0.0,0.0,0.0,-627840.0,0.0,0.0,1,0
18.8167,400.0,594.102,0.0,-0.002,0.0,0.136,0.136,0.0,9.81,0,0,0,0.15,0,0.0,-0.0,0.0,0.0,0.0,0.0,0.0,0.0,0.0,627840.0,0,0
18.8333,400.0,594.1,0.0,0.0,0.0,-0.027,0.027,0.0,0.0,0,0,0,0.15,0,0.0,-0.0,0.0,0.0,0.0,0.0,0.0,-627840.0,0.0,0.0,1,0
18.85,400.0,594.102,0.0,-0.002,0.0,0.136,0.136,0.0,9.81,0,0,0,0.15,0,0.0,-0.0,0.0,0.0,0.0,0.0,0.0,0.0,0.0,627840.0,0,0
18.8667,400.0,594.1,0.0,0.0,0.0,-0.027,0.027,0.0,0.0,0,0,0,0.15,0,0.0,-0.0,0.0,0.0,0.0,0.0,0.0,-627840.0,0.0,0.0,1,0
18.8833,400.0,594.102,0.0,-0.002,0.0,0.136,0.136,0.0,9.81,0,0,0,0.15,0,0.0,-0.0,0.0,0.0,0.0,0.0,0.0,0.0,0.0,627840.0,0,0
18.9,400.0,594.1,0.0,0.0,0.0,-0.027,0.027,0.0,0.0,0,0,0,0.15,0,0.0,-0.0,0.0,0.0,0.0,0.0,0.0,-627840.0,0.0,0.0,1,0
18.9167,400.0,594.102,0.0,-0.002,0.0,0.136,0.136,0.0,9.81,0,0,0,0.15,0,0.0,-0.0,0.0,0.0,0.0,0.0,0.0,0.0,0.0,627840.0,0,0
18.9333,400.0,594.1,0.0,0.0,0.0,-0.027,0.027,0.0,0.0,0,0,0,0.15,0,0.0,-0.0,0.0,0.0,0.0,0.0,0.0,-627840.0,0.0,0.0,1,0
18.95,400.0,594.102,0.0,-0.002,0.0,0.136,0.136,0.0,9.81,0,0,0,0.15,0,0.0,-0.0,0.0,0.0,0.0,0.0,0.0,0.0,0.0,627840.0,0,0
18.9667,400.0,594.1,0.0,0.0,0.0,-0.027,0.027,0.0,0.0,0,0,0,0.15,0,0.0,-0.0,0.0,0.0,0.0,0.0,0.0,-627840.0,0.0,0.0,1,0
18.9833,400.0,594.102,0.0,-0.002,0.0,0.136,0.136,0.0,9.81,0,0,0,0.15,0,0.0,-0.0,0.0,0.0,0.0,0.0,0.0,0.0,0.0,627840.0,0,0
19.0,400.0,594.1,0.0,0.0,0.0,-0.027,0.027,0.0,0.0,0,0,0,0.15,0,0.0,-0.0,0.0,0.0,0.0,0.0,0.0,-627840.0,0.0,0.0,1,0
19.0167,400.0,594.102,0.0,-0.002,0.0,0.136,0.136,0.0,9.81,0,0,0,0.15,0,0.0,-0.0,0.0,0.0,0.0,0.0,0.0,0.0,0.0,627840.0,0,0
19.0333,400.0,594.1,0.0,0.0,0.0,-0.027,0.027,0.0,0.0,0,0,0,0.15,0,0.0,-0.0,0.0,0.0,0.0,0.0,0.0,-627840.0,0.0,0.0,1,0
19.05,400.0,594.102,0.0,-0.002,0.0,0.136,0.136,0.0,9.81,0,0,0,0.15,0,0.0,-0.0,0.0,0.0,0.0,0.0,0.0,0.0,0.0,627840.0,0,0
19.0667,400.0,594.1,0.0,0.0,0.0,-0.027,0.027,0.0,0.0,0,0,0,0.15,0,0.0,-0.0,0.0,0.0,0.0,0.0,0.0,-627840.0,0.0,0.0,1,0
19.0833,400.0,594.102,0.0,-0.002,0.0,0.136,0.136,0.0,9.81,0,0,0,0.15,0,0.0,-0.0,0.0,0.0,0.0,0.0,0.0,0.0,0.0,627840.0,0,0
19.1,400.0,594.1,0.0,0.0,0.0,-0.027,0.027,0.0,0.0,0,0,0,0.15,0,0.0,-0.0,0.0,0.0,0.0,0.0,0.0,-627840.0,0.0,0.0,1,0
19.1167,400.0,594.102,0.0,-0.002,0.0,0.136,0.136,0.0,9.81,0,0,0,0.15,0,0.0,-0.0,0.0,0.0,0.0,0.0,0.0,0.0,0.0,627840.0,0,0
19.1333,400.0,594.1,0.0,0.0,0.0,-0.027,0.027,0.0,0.0,0,0,0,0.15,0,0.0,-0.0,0.0,0.0,0.0,0.0,0.0,-627840.0,0.0,0.0,1,0
19.15,400.0,594.102,0.0,-0.002,0.0,0.136,0.136,0.0,9.81,0,0,0,0.15,0,0.0,-0.0,0.0,0.0,0.0,0.0,0.0,0.0,0.0,627840.0,0,0
19.1667,400.0,594.1,0.0,0.0,0.0,-0.027,0.027,0.0,0.0,0,0,0,0.15,0,0.0,-0.0,0.0,0.0,0.0,0.0,0.0,-627840.0,0.0,0.0,1,0
19.1833,400.0,594.102,0.0,-0.002,0.0,0.136,0.136,0.0,9.81,0,0,0,0.15,0,0.0,-0.0,0.0,0.0,0.0,0.0,0.0,0.0,0.0,627840.0,0,0
19.2,400.0,594.1,0.0,0.0,0.0,-0.027,0.027,0.0,0.0,0,0,0,0.15,0,0.0,-0.0,0.0,0.0,0.0,0.0,0.0,-627840.0,0.0,0.0,1,0
19.2167,400.0,594.102,0.0,-0.002,0.0,0.136,0.136,0.0,9.81,0,0,0,0.15,0,0.0,-0.0,0.0,0.0,0.0,0.0,0.0,0.0,0.0,627840.0,0,0
19.2333,400.0,594.1,0.0,0.0,0.0,-0.027,0.027,0.0,0.0,0,0,0,0.15,0,0.0,-0.0,0.0,0.0,0.0,0.0,0.0,-627840.0,0.0,0.0,1,0
19.25,400.0,594.102,0.0,-0.002,0.0,0.136,0.136,0.0,9.81,0,0,0,0.15,0,0.0,-0.0,0.0,0.0,0.0,0.0,0.0,0.0,0.0,627840.0,0,0
19.2667,400.0,594.1,0.0,0.0,0.0,-0.027,0.027,0.0,0.0,0,0,0,0.15,0,0.0,-0.0,0.0,0.0,0.0,0.0,0.0,-627840.0,0.0,0.0,1,0
19.2833,400.0,594.102,0.0,-0.002,0.0,0.136,0.136,0.0,9.81,0,0,0,0.15,0,0.0,-0.0,0.0,0.0,0.0,0.0,0.0,0.0,0.0,627840.0,0,0
19.3,400.0,594.1,0.0,0.0,0.0,-0.027,0.027,0.0,0.0,0,0,0,0.15,0,0.0,-0.0,0.0,0.0,0.0,0.0,0.0,-627840.0,0.0,0.0,1,0
19.3167,400.0,594.102,0.0,-0.002,0.0,0.136,0.136,0.0,9.81,0,0,0,0.15,0,0.0,-0.0,0.0,0.0,0.0,0.0,0.0,0.0,0.0,627840.0,0,0
19.3333,400.0,594.1,0.0,0.0,0.0,-0.027,0.027,0.0,0.0,0,0,0,0.15,0,0.0,-0.0,0.0,0.0,0.0,0.0,0.0,-627840.0,0.0,0.0,1,0
19.35,400.0,594.102,0.0,-0.002,0.0,0.136,0.136,0.0,9.81,0,0,0,0.15,0,0.0,-0.0,0.0,0.0,0.0,0.0,0.0,0.0,0.0,627840.0,0,0
19.3667,400.0,594.1,0.0,0.0,0.0,-0.027,0.027,0.0,0.0,0,0,0,0.15,0,0.0,-0.0,0.0,0.0,0.0,0.0,0.0,-627840.0,0.0,0.0,1,0
19.3833,400.0,594.102,0.0,-0.002,0.0,0.136,0.136,0.0,9.81,0,0,0,0.15,0,0.0,-0.0,0.0,0.0,0.0,0.0,0.0,0.0,0.0,627840.0,0,0
19.4,400.0,594.1,0.0,0.0,0.0,-0.027,0.027,0.0,0.0,0,0,0,0.15,0,0.0,-0.0,0.0,0.0,0.0,0.0,0.0,-627840.0,0.0,0.0,1,0
19.4167,400.0,594.102,0.0,-0.002,0.0,0.136,0.136,0.0,9.81,0,0,0,0.15,0,0.0,-0.0,0.0,0.0,0.0,0.0,0.0,0.0,0.0,627840.0,0,0
19.4333,400.0,594.1,0.0,0.0,0.0,-0.027,0.027,0.0,0.0,0,0,0,0.15,0,0.0,-0.0,0.0,0.0,0.0,0.0,0.0,-627840.0,0.0,0.0,1,0
19.45,400.0,594.102,0.0,-0.002,0.0,0.136,0.136,0.0,9.81,0,0,0,0.15,0,0.0,-0.0,0.0,0.0,0.0,0.0,0.0,0.0,0.0,627840.0,0,0
19.4667,400.0,594.1,0.0,0.0,0.0,-0.027,0.027,0.0,0.0,0,0,0,0.15,0,0.0,-0.0,0.0,0.0,0.0,0.0,0.0,-627840.0,0.0,0.0,1,0
19.4833,400.0,594.102,0.0,-0.002,0.0,0.136,0.136,0.0,9.81,0,0,0,0.15,0,0.0,-0.0,0.0,0.0,0.0,0.0,0.0,0.0,0.0,627840.0,0,0
19.5,400.0,594.1,0.0,0.0,0.0,-0.027,0.027,0.0,0.0,0,0,0,0.15,0,0.0,-0.0,0.0,0.0,0.0,0.0,0.0,-627840.0,0.0,0.0,1,0
19.5167,400.0,594.102,0.0,-0.002,0.0,0.136,0.136,0.0,9.81,0,0,0,0.15,0,0.0,-0.0,0.0,0.0,0.0,0.0,0.0,0.0,0.0,627840.0,0,0
19.5333,400.0,594.1,0.0,0.0,0.0,-0.027,0.027,0.0,0.0,0,0,0,0.15,0,0.0,-0.0,0.0,0.0,0.0,0.0,0.0,-627840.0,0.0,0.0,1,0
19.55,400.0,594.102,0.0,-0.002,0.0,0.136,0.136,0.0,9.81,0,0,0,0.15,0,0.0,-0.0,0.0,0.0,0.0,0.0,0.0,0.0,0.0,627840.0,0,0
19.5667,400.0,594.1,0.0,0.0,0.0,-0.027,0.027,0.0,0.0,0,0,0,0.15,0,0.0,-0.0,0.0,0.0,0.0,0.0,0.0,-627840.0,0.0,0.0,1,0
19.5833,400.0,594.102,0.0,-0.002,0.0,0.136,0.136,0.0,9.81,0,0,0,0.15,0,0.0,-0.0,0.0,0.0,0.0,0.0,0.0,0.0,0.0,627840.0,0,0
19.6,400.0,594.1,0.0,0.0,0.0,-0.027,0.027,0.0,0.0,0,0,0,0.15,0,0.0,-0.0,0.0,0.0,0.0,0.0,0.0,-627840.0,0.0,0.0,1,0
19.6167,400.0,594.102,0.0,-0.002,0.0,0.136,0.136,0.0,9.81,0,0,0,0.15,0,0.0,-0.0,0.0,0.0,0.0,0.0,0.0,0.0,0.0,627840.0,0,0
19.6333,400.0,594.1,0.0,0.0,0.0,-0.027,0.027,0.0,0.0,0,0,0,0.15,0,0.0,-0.0,0.0,0.0,0.0,0.0,0.0,-627840.0,0.0,0.0,1,0
19.65,400.0,594.102,0.0,-0.002,0.0,0.136,0.136,0.0,9.81,0,0,0,0.15,0,0.0,-0.0,0.0,0.0,0.0,0.0,0.0,0.0,0.0,627840.0,0,0
19.6667,400.0,594.1,0.0,0.0,0.0,-0.027,0.027,0.0,0.0,0,0,0,0.15,0,0.0,-0.0,0.0,0.0,0.0,0.0,0.0,-627840.0,0.0,0.0,1,0
19.6833,400.0,594.102,0.0,-0.002,0.0,0.136,0.136,0.0,9.81,0,0,0,0.15,0,0.0,-0.0,0.0,0.0,0.0,0.0,0.0,0.0,0.0,627840.0,0,0
19.7,400.0,594.1,0.0,0.0,0.0,-0.027,0.027,0.0,0.0,0,0,0,0.15,0,0.0,-0.0,0.0,0.0,0.0,0.0,0.0,-627840.0,0.0,0.0,1,0
19.7167,400.0,594.102,0.0,-0.002,0.0,0.136,0.136,0.0,9.81,0,0,0,0.15,0,0.0,-0.0,0.0,0.0,0.0,0.0,0.0,0.0,0.0,627840.0,0,0
19.7333,400.0,594.1,0.0,0.0,0.0,-0.027,0.027,0.0,0.0,0,0,0,0.15,0,0.0,-0.0,0.0,0.0,0.0,0.0,0.0,-627840.0,0.0,0.0,1,0
19.75,400.0,594.102,0.0,-0.002,0.0,0.136,0.136,0.0,9.81,0,0,0,0.15,0,0.0,-0.0,0.0,0.0,0.0,0.0,0.0,0.0,0.0,627840.0,0,0
19.7667,400.0,594.1,0.0,0.0,0.0,-0.027,0.027,0.0,0.0,0,0,0,0.15,0,0.0,-0.0,0.0,0.0,0.0,0.0,0.0,-627840.0,0.0,0.0,1,0
19.7833,400.0,594.102,0.0,-0.002,0.0,0.136,0.136,0.0,9.81,0,0,0,0.15,0,0.0,-0.0,0.0,0.0,0.0,0.0,0.0,0.0,0.0,627840.0,0,0
19.8,400.0,594.1,0.0,0.0,0.0,-0.027,0.027,0.0,0.0,0,0,0,0.15,0,0.0,-0.0,0.0,0.0,0.0,0.0,0.0,-627840.0,0.0,0.0,1,0
19.8167,400.0,594.102,0.0,-0.002,0.0,0.136,0.136,0.0,9.81,0,0,0,0.15,0,0.0,-0.0,0.0,0.0,0.0,0.0,0.0,0.0,0.0,627840.0,0,0
19.8333,400.0,594.1,0.0,0.0,0.0,-0.027,0.027,0.0,0.0,0,0,0,0.15,0,0.0,-0.0,0.0,0.0,0.0,0.0,0.0,-627840.0,0.0,0.0,1,0
19.85,400.0,594.102,0.0,-0.002,0.0,0.136,0.136,0.0,9.81,0,0,0,0.15,0,0.0,-0.0,0.0,0.0,0.0,0.0,0.0,0.0,0.0,627840.0,0,0
19.8667,400.0,594.1,0.0,0.0,0.0,-0.027,0.027,0.0,0.0,0,0,0,0.15,0,0.0,-0.0,0.0,0.0,0.0,0.0,0.0,-627840.0,0.0,0.0,1,0
19.8833,400.0,594.102,0.0,-0.002,0.0,0.136,0.136,0.0,9.81,0,0,0,0.15,0,0.0,-0.0,0.0,0.0,0.0,0.0,0.0,0.0,0.0,627840.0,0,0
19.9,400.0,594.1,0.0,0.0,0.0,-0.027,0.027,0.0,0.0,0,0,0,0.15,0,0.0,-0.0,0.0,0.0,0.0,0.0,0.0,-627840.0,0.0,0.0,1,0
19.9167,400.0,594.102,0.0,-0.002,0.0,0.136,0.136,0.0,9.81,0,0,0,0.15,0,0.0,-0.0,0.0,0.0,0.0,0.0,0.0,0.0,0.0,627840.0,0,0
19.9333,400.0,594.1,0.0,0.0,0.0,-0.027,0.027,0.0,0.0,0,0,0,0.15,0,0.0,-0.0,0.0,0.0,0.0,0.0,0.0,-627840.0,0.0,0.0,1,0
19.95,400.0,594.102,0.0,-0.002,0.0,0.136,0.136,0.0,9.81,0,0,0,0.15,0,0.0,-0.0,0.0,0.0,0.0,0.0,0.0,0.0,0.0,627840.0,0,0
19.9667,400.0,594.1,0.0,0.0,0.0,-0.027,0.027,0.0,0.0,0,0,0,0.15,0,0.0,-0.0,0.0,0.0,0.0,0.0,0.0,-627840.0,0.0,0.0,1,0
19.9833,400.0,594.102,0.0,-0.002,0.0,0.136,0.136,0.0,9.81,0,0,0,0.15,0,0.0,-0.0,0.0,0.0,0.0,0.0,0.0,0.0,0.0,627840.0,0,0
20.0,400.0,594.1,0.0,0.0,0.0,-0.027,0.027,0.0,0.0,0,0,0,0.15,0,0.0,-0.0,0.0,0.0,0.0,0.0,0.0,-627840.0,0.0,0.0,1,0
20.0167,400.0,594.102,0.0,-0.002,0.0,0.136,0.136,0.0,9.81,0,0,0,0.15,0,0.0,-0.0,0.0,0.0,0.0,0.0,0.0,0.0,0.0,627840.0,0,0
20.0333,400.0,594.1,0.0,0.0,0.0,-0.027,0.027,0.0,0.0,0,0,0,0.15,0,0.0,-0.0,0.0,0.0,0.0,0.0,0.0,-627840.0,0.0,0.0,1,0
20.05,400.0,594.102,0.0,-0.002,0.0,0.136,0.136,0.0,9.81,0,0,0,0.15,0,0.0,-0.0,0.0,0.0,0.0,0.0,0.0,0.0,0.0,627840.0,0,0
20.0667,400.0,594.1,0.0,0.0,0.0,-0.027,0.027,0.0,0.0,0,0,0,0.15,0,0.0,-0.0,0.0,0.0,0.0,0.0,0.0,-627840.0,0.0,0.0,1,0
20.0833,400.0,594.102,0.0,-0.002,0.0,0.136,0.136,0.0,9.81,0,0,0,0.15,0,0.0,-0.0,0.0,0.0,0.0,0.0,0.0,0.0,0.0,627840.0,0,0
20.1,400.0,594.1,0.0,0.0,0.0,-0.027,0.027,0.0,0.0,0,0,0,0.15,0,0.0,-0.0,0.0,0.0,0.0,0.0,0.0,-627840.0,0.0,0.0,1,0
20.1167,400.0,594.102,0.0,-0.002,0.0,0.136,0.136,0.0,9.81,0,0,0,0.15,0,0.0,-0.0,0.0,0.0,0.0,0.0,0.0,0.0,0.0,627840.0,0,0
20.1333,400.0,594.1,0.0,0.0,0.0,-0.027,0.027,0.0,0.0,0,0,0,0.15,0,0.0,-0.0,0.0,0.0,0.0,0.0,0.0,-627840.0,0.0,0.0,1,0
20.15,400.0,594.102,0.0,-0.002,0.0,0.136,0.136,0.0,9.81,0,0,0,0.15,0,0.0,-0.0,0.0,0.0,0.0,0.0,0.0,0.0,0.0,627840.0,0,0
20.1667,400.0,594.1,0.0,0.0,0.0,-0.027,0.027,0.0,0.0,0,0,0,0.15,0,0.0,-0.0,0.0,0.0,0.0,0.0,0.0,-627840.0,0.0,0.0,1,0
20.1833,400.0,594.102,0.0,-0.002,0.0,0.136,0.136,0.0,9.81,0,0,0,0.15,0,0.0,-0.0,0.0,0.0,0.0,0.0,0.0,0.0,0.0,627840.0,0,0
20.2,400.0,594.1,0.0,0.0,0.0,-0.027,0.027,0.0,0.0,0,0,0,0.15,0,0.0,-0.0,0.0,0.0,0.0,0.0,0.0,-627840.0,0.0,0.0,1,0
20.2167,400.0,594.102,0.0,-0.002,0.0,0.136,0.136,0.0,9.81,0,0,0,0.15,0,0.0,-0.0,0.0,0.0,0.0,0.0,0.0,0.0,0.0,627840.0,0,0
20.2333,400.0,594.1,0.0,0.0,0.0,-0.027,0.027,0.0,0.0,0,0,0,0.15,0,0.0,-0.0,0.0,0.0,0.0,0.0,0.0,-627840.0,0.0,0.0,1,0
20.25,400.0,594.102,0.0,-0.002,0.0,0.136,0.136,0.0,9.81,0,0,0,0.15,0,0.0,-0.0,0.0,0.0,0.0,0.0,0.0,0.0,0.0,627840.0,0,0
20.2667,400.0,594.1,0.0,0.0,0.0,-0.027,0.027,0.0,0.0,0,0,0,0.15,0,0.0,-0.0,0.0,0.0,0.0,0.0,0.0,-627840.0,0.0,0.0,1,0
20.2833,400.0,594.102,0.0,-0.002,0.0,0.136,0.136,0.0,9.81,0,0,0,0.15,0,0.0,-0.0,0.0,0.0,0.0,0.0,0.0,0.0,0.0,627840.0,0,0
20.3,400.0,594.1,0.0,0.0,0.0,-0.027,0.027,0.0,0.0,0,0,0,0.15,0,0.0,-0.0,0.0,0.0,0.0,0.0,0.0,-627840.0,0.0,0.0,1,0
20.3167,400.0,594.102,0.0,-0.002,0.0,0.136,0.136,0.0,9.81,0,0,0,0.15,0,0.0,-0.0,0.0,0.0,0.0,0.0,0.0,0.0,0.0,627840.0,0,0
20.3333,400.0,594.1,0.0,0.0,0.0,-0.027,0.027,0.0,0.0,0,0,0,0.15,0,0.0,-0.0,0.0,0.0,0.0,0.0,0.0,-627840.0,0.0,0.0,1,0
20.35,400.0,594.102,0.0,-0.002,0.0,0.136,0.136,0.0,9.81,0,0,0,0.15,0,0.0,-0.0,0.0,0.0,0.0,0.0,0.0,0.0,0.0,627840.0,0,0
20.3667,400.0,594.1,0.0,0.0,0.0,-0.027,0.027,0.0,0.0,0,0,0,0.15,0,0.0,-0.0,0.0,0.0,0.0,0.0,0.0,-627840.0,0.0,0.0,1,0
20.3833,400.0,594.102,0.0,-0.002,0.0,0.136,0.136,0.0,9.81,0,0,0,0.15,0,0.0,-0.0,0.0,0.0,0.0,0.0,0.0,0.0,0.0,627840.0,0,0
20.4,400.0,594.1,0.0,0.0,0.0,-0.027,0.027,0.0,0.0,0,0,0,0.15,0,0.0,-0.0,0.0,0.0,0.0,0.0,0.0,-627840.0,0.0,0.0,1,0
20.4167,400.0,594.102,0.0,-0.002,0.0,0.136,0.136,0.0,9.81,0,0,0,0.15,0,0.0,-0.0,0.0,0.0,0.0,0.0,0.0,0.0,0.0,627840.0,0,0
20.4333,400.0,594.1,0.0,0.0,0.0,-0.027,0.027,0.0,0.0,0,0,0,0.15,0,0.0,-0.0,0.0,0.0,0.0,0.0,0.0,-627840.0,0.0,0.0,1,0
20.45,400.0,594.102,0.0,-0.002,0.0,0.136,0.136,0.0,9.81,0,0,0,0.15,0,0.0,-0.0,0.0,0.0,0.0,0.0,0.0,0.0,0.0,627840.0,0,0
20.4667,400.0,594.1,0.0,0.0,0.0,-0.027,0.027,0.0,0.0,0,0,0,0.15,0,0.0,-0.0,0.0,0.0,0.0,0.0,0.0,-627840.0,0.0,0.0,1,0
20.4833,400.0,594.102,0.0,-0.002,0.0,0.136,0.136,0.0,9.81,0,0,0,0.15,0,0.0,-0.0,0.0,0.0,0.0,0.0,0.0,0.0,0.0,627840.0,0,0
20.5,400.0,594.1,0.0,0.0,0.0,-0.027,0.027,0.0,0.0,0,0,0,0.15,0,0.0,-0.0,0.0,0.0,0.0,0.0,0.0,-627840.0,0.0,0.0,1,0
20.5167,400.0,594.102,0.0,-0.002,0.0,0.136,0.136,0.0,9.81,0,0,0,0.15,0,0.0,-0.0,0.0,0.0,0.0,0.0,0.0,0.0,0.0,627840.0,0,0
20.5333,400.0,594.1,0.0,0.0,0.0,-0.027,0.027,0.0,0.0,0,0,0,0.15,0,0.0,-0.0,0.0,0.0,0.0,0.0,0.0,-627840.0,0.0,0.0,1,0
20.55,400.0,594.102,0.0,-0.002,0.0,0.136,0.136,0.0,9.81,0,0,0,0.15,0,0.0,-0.0,0.0,0.0,0.0,0.0,0.0,0.0,0.0,627840.0,0,0
20.5667,400.0,594.1,0.0,0.0,0.0,-0.027,0.027,0.0,0.0,0,0,0,0.15,0,0.0,-0.0,0.0,0.0,0.0,0.0,0.0,-627840.0,0.0,0.0,1,0
20.5833,400.0,594.102,0.0,-0.002,0.0,0.136,0.136,0.0,9.81,0,0,0,0.15,0,0.0,-0.0,0.0,0.0,0.0,0.0,0.0,0.0,0.0,627840.0,0,0
20.6,400.0,594.1,0.0,0.0,0.0,-0.027,0.027,0.0,0.0,0,0,0,0.15,0,0.0,-0.0,0.0,0.0,0.0,0.0,0.0,-627840.0,0.0,0.0,1,0
20.6167,400.0,594.102,0.0,-0.002,0.0,0.136,0.136,0.0,9.81,0,0,0,0.15,0,0.0,-0.0,0.0,0.0,0.0,0.0,0.0,0.0,0.0,627840.0,0,0
20.6333,400.0,594.1,0.0,0.0,0.0,-0.027,0.027,0.0,0.0,0,0,0,0.15,0,0.0,-0.0,0.0,0.0,0.0,0.0,0.0,-627840.0,0.0,0.0,1,0
20.65,400.0,594.102,0.0,-0.002,0.0,0.136,0.136,0.0,9.81,0,0,0,0.15,0,0.0,-0.0,0.0,0.0,0.0,0.0,0.0,0.0,0.0,627840.0,0,0
20.6667,400.0,594.1,0.0,0.0,0.0,-0.027,0.027,0.0,0.0,0,0,0,0.15,0,0.0,-0.0,0.0,0.0,0.0,0.0,0.0,-627840.0,0.0,0.0,1,0
20.6833,400.0,594.102,0.0,-0.002,0.0,0.136,0.136,0.0,9.81,0,0,0,0.15,0,0.0,-0.0,0.0,0.0,0.0,0.0,0.0,0.0,0.0,627840.0,0,0
20.7,400.0,594.1,0.0,0.0,0.0,-0.027,0.027,0.0,0.0,0,0,0,0.15,0,0.0,-0.0,0.0,0.0,0.0,0.0,0.0,-627840.0,0.0,0.0,1,0
20.7167,400.0,594.102,0.0,-0.002,0.0,0.136,0.136,0.0,9.81,0,0,0,0.15,0,0.0,-0.0,0.0,0.0,0.0,0.0,0.0,0.0,0.0,627840.0,0,0
20.7333,400.0,594.1,0.0,0.0,0.0,-0.027,0.027,0.0,0.0,0,0,0,0.15,0,0.0,-0.0,0.0,0.0,0.0,0.0,0.0,-627840.0,0.0,0.0,1,0
20.75,400.0,594.102,0.0,-0.002,0.0,0.136,0.136,0.0,9.81,0,0,0,0.15,0,0.0,-0.0,0.0,0.0,0.0,0.0,0.0,0.0,0.0,627840.0,0,0
20.7667,400.0,594.1,0.0,0.0,0.0,-0.027,0.027,0.0,0.0,0,0,0,0.15,0,0.0,-0.0,0.0,0.0,0.0,0.0,0.0,-627840.0,0.0,0.0,1,0
20.7833,400.0,594.102,0.0,-0.002,0.0,0.136,0.136,0.0,9.81,0,0,0,0.15,0,0.0,-0.0,0.0,0.0,0.0,0.0,0.0,0.0,0.0,627840.0,0,0
20.8,400.0,594.1,0.0,0.0,0.0,-0.027,0.027,0.0,0.0,0,0,0,0.15,0,0.0,-0.0,0.0,0.0,0.0,0.0,0.0,-627840.0,0.0,0.0,1,0
20.8167,400.0,594.102,0.0,-0.002,0.0,0.136,0.136,0.0,9.81,0,0,0,0.15,0,0.0,-0.0,0.0,0.0,0.0,0.0,0.0,0.0,0.0,627840.0,0,0
20.8333,400.0,594.1,0.0,0.0,0.0,-0.027,0.027,0.0,0.0,0,0,0,0.15,0,0.0,-0.0,0.0,0.0,0.0,0.0,0.0,-627840.0,0.0,0.0,1,0
20.85,400.0,594.102,0.0,-0.002,0.0,0.136,0.136,0.0,9.81,0,0,0,0.15,0,0.0,-0.0,0.0,0.0,0.0,0.0,0.0,0.0,0.0,627840.0,0,0
20.8667,400.0,594.1,0.0,0.0,0.0,-0.027,0.027,0.0,0.0,0,0,0,0.15,0,0.0,-0.0,0.0,0.0,0.0,0.0,0.0,-627840.0,0.0,0.0,1,0
20.8833,400.0,594.102,0.0,-0.002,0.0,0.136,0.136,0.0,9.81,0,0,0,0.15,0,0.0,-0.0,0.0,0.0,0.0,0.0,0.0,0.0,0.0,627840.0,0,0
20.9,400.0,594.1,0.0,0.0,0.0,-0.027,0.027,0.0,0.0,0,0,0,0.15,0,0.0,-0.0,0.0,0.0,0.0,0.0,0.0,-627840.0,0.0,0.0,1,0
20.9167,400.0,594.102,0.0,-0.002,0.0,0.136,0.136,0.0,9.81,0,0,0,0.15,0,0.0,-0.0,0.0,0.0,0.0,0.0,0.0,0.0,0.0,627840.0,0,0
20.9333,400.0,594.1,0.0,0.0,0.0,-0.027,0.027,0.0,0.0,0,0,0,0.15,0,0.0,-0.0,0.0,0.0,0.0,0.0,0.0,-627840.0,0.0,0.0,1,0
20.95,400.0,594.102,0.0,-0.002,0.0,0.136,0.136,0.0,9.81,0,0,0,0.15,0,0.0,-0.0,0.0,0.0,0.0,0.0,0.0,0.0,0.0,627840.0,0,0
20.9667,400.0,594.1,0.0,0.0,0.0,-0.027,0.027,0.0,0.0,0,0,0,0.15,0,0.0,-0.0,0.0,0.0,0.0,0.0,0.0,-627840.0,0.0,0.0,1,0
20.9833,400.0,594.102,0.0,-0.002,0.0,0.136,0.136,0.0,9.81,0,0,0,0.15,0,0.0,-0.0,0.0,0.0,0.0,0.0,0.0,0.0,0.0,627840.0,0,0
21.0,400.0,594.1,0.0,0.0,0.0,-0.027,0.027,0.0,0.0,0,0,0,0.15,0,0.0,-0.0,0.0,0.0,0.0,0.0,0.0,-627840.0,0.0,0.0,1,0
21.0167,400.0,594.102,0.0,-0.002,0.0,0.136,0.136,0.0,9.81,0,0,0,0.15,0,0.0,-0.0,0.0,0.0,0.0,0.0,0.0,0.0,0.0,627840.0,0,0
21.0333,400.0,594.1,0.0,0.0,0.0,-0.027,0.027,0.0,0.0,0,0,0,0.15,0,0.0,-0.0,0.0,0.0,0.0,0.0,0.0,-627840.0,0.0,0.0,1,0
21.05,400.0,594.102,0.0,-0.002,0.0,0.136,0.136,0.0,9.81,0,0,0,0.15,0,0.0,-0.0,0.0,0.0,0.0,0.0,0.0,0.0,0.0,627840.0,0,0
21.0667,400.0,594.1,0.0,0.0,0.0,-0.027,0.027,0.0,0.0,0,0,0,0.15,0,0.0,-0.0,0.0,0.0,0.0,0.0,0.0,-627840.0,0.0,0.0,1,0
21.0833,400.0,594.102,0.0,-0.002,0.0,0.136,0.136,0.0,9.81,0,0,0,0.15,0,0.0,-0.0,0.0,0.0,0.0,0.0,0.0,0.0,0.0,627840.0,0,0
21.1,400.0,594.1,0.0,0.0,0.0,-0.027,0.027,0.0,0.0,0,0,0,0.15,0,0.0,-0.0,0.0,0.0,0.0,0.0,0.0,-627840.0,0.0,0.0,1,0
21.1167,400.0,594.102,0.0,-0.002,0.0,0.136,0.136,0.0,9.81,0,0,0,0.15,0,0.0,-0.0,0.0,0.0,0.0,0.0,0.0,0.0,0.0,627840.0,0,0
21.1333,400.0,594.1,0.0,0.0,0.0,-0.027,0.027,0.0,0.0,0,0,0,0.15,0,0.0,-0.0,0.0,0.0,0.0,0.0,0.0,-627840.0,0.0,0.0,1,0
21.15,400.0,594.102,0.0,-0.002,0.0,0.136,0.136,0.0,9.81,0,0,0,0.15,0,0.0,-0.0,0.0,0.0,0.0,0.0,0.0,0.0,0.0,627840.0,0,0
21.1667,400.0,594.1,0.0,0.0,0.0,-0.027,0.027,0.0,0.0,0,0,0,0.15,0,0.0,-0.0,0.0,0.0,0.0,0.0,0.0,-627840.0,0.0,0.0,1,0
21.1833,400.0,594.102,0.0,-0.002,0.0,0.136,0.136,0.0,9.81,0,0,0,0.15,0,0.0,-0.0,0.0,0.0,0.0,0.0,0.0,0.0,0.0,627840.0,0,0
21.2,400.0,594.1,0.0,0.0,0.0,-0.027,0.027,0.0,0.0,0,0,0,0.15,0,0.0,-0.0,0.0,0.0,0.0,0.0,0.0,-627840.0,0.0,0.0,1,0
21.2167,400.0,594.102,0.0,-0.002,0.0,0.136,0.136,0.0,9.81,0,0,0,0.15,0,0.0,-0.0,0.0,0.0,0.0,0.0,0.0,0.0,0.0,627840.0,0,0
21.2333,400.0,594.1,0.0,0.0,0.0,-0.027,0.027,0.0,0.0,0,0,0,0.15,0,0.0,-0.0,0.0,0.0,0.0,0.0,0.0,-627840.0,0.0,0.0,1,0
21.25,400.0,594.102,0.0,-0.002,0.0,0.136,0.136,0.0,9.81,0,0,0,0.15,0,0.0,-0.0,0.0,0.0,0.0,0.0,0.0,0.0,0.0,627840.0,0,0
21.2667,400.0,594.1,0.0,0.0,0.0,-0.027,0.027,0.0,0.0,0,0,0,0.15,0,0.0,-0.0,0.0,0.0,0.0,0.0,0.0,-627840.0,0.0,0.0,1,0
21.2833,400.0,594.102,0.0,-0.002,0.0,0.136,0.136,0.0,9.81,0,0,0,0.15,0,0.0,-0.0,0.0,0.0,0.0,0.0,0.0,0.0,0.0,627840.0,0,0
21.3,400.0,594.1,0.0,0.0,0.0,-0.027,0.027,0.0,0.0,0,0,0,0.15,0,0.0,-0.0,0.0,0.0,0.0,0.0,0.0,-627840.0,0.0,0.0,1,0
21.3167,400.0,594.102,0.0,-0.002,0.0,0.136,0.136,0.0,9.81,0,0,0,0.15,0,0.0,-0.0,0.0,0.0,0.0,0.0,0.0,0.0,0.0,627840.0,0,0
21.3333,400.0,594.1,0.0,0.0,0.0,-0.027,0.027,0.0,0.0,0,0,0,0.15,0,0.0,-0.0,0.0,0.0,0.0,0.0,0.0,-627840.0,0.0,0.0,1,0
21.35,400.0,594.102,0.0,-0.002,0.0,0.136,0.136,0.0,9.81,0,0,0,0.15,0,0.0,-0.0,0.0,0.0,0.0,0.0,0.0,0.0,0.0,627840.0,0,0
21.3667,400.0,594.1,0.0,0.0,0.0,-0.027,0.027,0.0,0.0,0,0,0,0.15,0,0.0,-0.0,0.0,0.0,0.0,0.0,0.0,-627840.0,0.0,0.0,1,0
21.3833,400.0,594.102,0.0,-0.002,0.0,0.136,0.136,0.0,9.81,0,0,0,0.15,0,0.0,-0.0,0.0,0.0,0.0,0.0,0.0,0.0,0.0,627840.0,0,0
21.4,400.0,594.1,0.0,0.0,0.0,-0.027,0.027,0.0,0.0,0,0,0,0.15,0,0.0,-0.0,0.0,0.0,0.0,0.0,0.0,-627840.0,0.0,0.0,1,0
21.4167,400.0,594.102,0.0,-0.002,0.0,0.136,0.136,0.0,9.81,0,0,0,0.15,0,0.0,-0.0,0.0,0.0,0.0,0.0,0.0,0.0,0.0,627840.0,0,0
21.4333,400.0,594.1,0.0,0.0,0.0,-0.027,0.027,0.0,0.0,0,0,0,0.15,0,0.0,-0.0,0.0,0.0,0.0,0.0,0.0,-627840.0,0.0,0.0,1,0
21.45,400.0,594.102,0.0,-0.002,0.0,0.136,0.136,0.0,9.81,0,0,0,0.15,0,0.0,-0.0,0.0,0.0,0.0,0.0,0.0,0.0,0.0,627840.0,0,0
21.4667,400.0,594.1,0.0,0.0,0.0,-0.027,0.027,0.0,0.0,0,0,0,0.15,0,0.0,-0.0,0.0,0.0,0.0,0.0,0.0,-627840.0,0.0,0.0,1,0
21.4833,400.0,594.102,0.0,-0.002,0.0,0.136,0.136,0.0,9.81,0,0,0,0.15,0,0.0,-0.0,0.0,0.0,0.0,0.0,0.0,0.0,0.0,627840.0,0,0
21.5,400.0,594.1,0.0,0.0,0.0,-0.027,0.027,0.0,0.0,0,0,0,0.15,0,0.0,-0.0,0.0,0.0,0.0,0.0,0.0,-627840.0,0.0,0.0,1,0
21.5167,400.0,594.102,0.0,-0.002,0.0,0.136,0.136,0.0,9.81,0,0,0,0.15,0,0.0,-0.0,0.0,0.0,0.0,0.0,0.0,0.0,0.0,627840.0,0,0
21.5333,400.0,594.1,0.0,0.0,0.0,-0.027,0.027,0.0,0.0,0,0,0,0.15,0,0.0,-0.0,0.0,0.0,0.0,0.0,0.0,-627840.0,0.0,0.0,1,0
21.55,400.0,594.102,0.0,-0.002,0.0,0.136,0.136,0.0,9.81,0,0,0,0.15,0,0.0,-0.0,0.0,0.0,0.0,0.0,0.0,0.0,0.0,627840.0,0,0
21.5667,400.0,594.1,0.0,0.0,0.0,-0.027,0.027,0.0,0.0,0,0,0,0.15,0,0.0,-0.0,0.0,0.0,0.0,0.0,0.0,-627840.0,0.0,0.0,1,0
21.5833,400.0,594.102,0.0,-0.002,0.0,0.136,0.136,0.0,9.81,0,0,0,0.15,0,0.0,-0.0,0.0,0.0,0.0,0.0,0.0,0.0,0.0,627840.0,0,0
21.6,400.0,594.1,0.0,0.0,0.0,-0.027,0.027,0.0,0.0,0,0,0,0.15,0,0.0,-0.0,0.0,0.0,0.0,0.0,0.0,-627840.0,0.0,0.0,1,0
21.6167,400.0,594.102,0.0,-0.002,0.0,0.136,0.136,0.0,9.81,0,0,0,0.15,0,0.0,-0.0,0.0,0.0,0.0,0.0,0.0,0.0,0.0,627840.0,0,0
21.6333,400.0,594.1,0.0,0.0,0.0,-0.027,0.027,0.0,0.0,0,0,0,0.15,0,0.0,-0.0,0.0,0.0,0.0,0.0,0.0,-627840.0,0.0,0.0,1,0
21.65,400.0,594.102,0.0,-0.002,0.0,0.136,0.136,0.0,9.81,0,0,0,0.15,0,0.0,-0.0,0.0,0.0,0.0,0.0,0.0,0.0,0.0,627840.0,0,0
21.6667,400.0,594.1,0.0,0.0,0.0,-0.027,0.027,0.0,0.0,0,0,0,0.15,0,0.0,-0.0,0.0,0.0,0.0,0.0,0.0,-627840.0,0.0,0.0,1,0
21.6833,400.0,594.102,0.0,-0.002,0.0,0.136,0.136,0.0,9.81,0,0,0,0.15,0,0.0,-0.0,0.0,0.0,0.0,0.0,0.0,0.0,0.0,627840.0,0,0
21.7,400.0,594.1,0.0,0.0,0.0,-0.027,0.027,0.0,0.0,0,0,0,0.15,0,0.0,-0.0,0.0,0.0,0.0,0.0,0.0,-627840.0,0.0,0.0,1,0
21.7167,400.0,594.102,0.0,-0.002,0.0,0.136,0.136,0.0,9.81,0,0,0,0.15,0,0.0,-0.0,0.0,0.0,0.0,0.0,0.0,0.0,0.0,627840.0,0,0
21.7333,400.0,594.1,0.0,0.0,0.0,-0.027,0.027,0.0,0.0,0,0,0,0.15,0,0.0,-0.0,0.0,0.0,0.0,0.0,0.0,-627840.0,0.0,0.0,1,0
21.75,400.0,594.102,0.0,-0.002,0.0,0.136,0.136,0.0,9.81,0,0,0,0.15,0,0.0,-0.0,0.0,0.0,0.0,0.0,0.0,0.0,0.0,627840.0,0,0
21.7667,400.0,594.1,0.0,0.0,0.0,-0.027,0.027,0.0,0.0,0,0,0,0.15,0,0.0,-0.0,0.0,0.0,0.0,0.0,0.0,-627840.0,0.0,0.0,1,0
21.7833,400.0,594.102,0.0,-0.002,0.0,0.136,0.136,0.0,9.81,0,0,0,0.15,0,0.0,-0.0,0.0,0.0,0.0,0.0,0.0,0.0,0.0,627840.0,0,0
21.8,400.0,594.1,0.0,0.0,0.0,-0.027,0.027,0.0,0.0,0,0,0,0.15,0,0.0,-0.0,0.0,0.0,0.0,0.0,0.0,-627840.0,0.0,0.0,1,0
21.8167,400.0,594.102,0.0,-0.002,0.0,0.136,0.136,0.0,9.81,0,0,0,0.15,0,0.0,-0.0,0.0,0.0,0.0,0.0,0.0,0.0,0.0,627840.0,0,0
21.8333,400.0,594.1,0.0,0.0,0.0,-0.027,0.027,0.0,0.0,0,0,0,0.15,0,0.0,-0.0,0.0,0.0,0.0,0.0,0.0,-627840.0,0.0,0.0,1,0
21.85,400.0,594.102,0.0,-0.002,0.0,0.136,0.136,0.0,9.81,0,0,0,0.15,0,0.0,-0.0,0.0,0.0,0.0,0.0,0.0,0.0,0.0,627840.0,0,0
21.8667,400.0,594.1,0.0,0.0,0.0,-0.027,0.027,0.0,0.0,0,0,0,0.15,0,0.0,-0.0,0.0,0.0,0.0,0.0,0.0,-627840.0,0.0,0.0,1,0
21.8833,400.0,594.102,0.0,-0.002,0.0,0.136,0.136,0.0,9.81,0,0,0,0.15,0,0.0,-0.0,0.0,0.0,0.0,0.0,0.0,0.0,0.0,627840.0,0,0
21.9,400.0,594.1,0.0,0.0,0.0,-0.027,0.027,0.0,0.0,0,0,0,0.15,0,0.0,-0.0,0.0,0.0,0.0,0.0,0.0,-627840.0,0.0,0.0,1,0
21.9167,400.0,594.102,0.0,-0.002,0.0,0.136,0.136,0.0,9.81,0,0,0,0.15,0,0.0,-0.0,0.0,0.0,0.0,0.0,0.0,0.0,0.0,627840.0,0,0
21.9333,400.0,594.1,0.0,0.0,0.0,-0.027,0.027,0.0,0.0,0,0,0,0.15,0,0.0,-0.0,0.0,0.0,0.0,0.0,0.0,-627840.0,0.0,0.0,1,0
21.95,400.0,594.102,0.0,-0.002,0.0,0.136,0.136,0.0,9.81,0,0,0,0.15,0,0.0,-0.0,0.0,0.0,0.0,0.0,0.0,0.0,0.0,627840.0,0,0
21.9667,400.0,594.1,0.0,0.0,0.0,-0.027,0.027,0.0,0.0,0,0,0,0.15,0,0.0,-0.0,0.0,0.0,0.0,0.0,0.0,-627840.0,0.0,0.0,1,0
21.9833,400.0,594.102,0.0,-0.002,0.0,0.136,0.136,0.0,9.81,0,0,0,0.15,0,0.0,-0.0,0.0,0.0,0.0,0.0,0.0,0.0,0.0,627840.0,0,0
22.0,400.0,594.1,0.0,0.0,0.0,-0.027,0.027,0.0,0.0,0,0,0,0.15,0,0.0,-0.0,0.0,0.0,0.0,0.0,0.0,-627840.0,0.0,0.0,1,0
22.0167,400.0,594.102,0.0,-0.002,0.0,0.136,0.136,0.0,9.81,0,0,0,0.15,0,0.0,-0.0,0.0,0.0,0.0,0.0,0.0,0.0,0.0,627840.0,0,0
22.0333,400.0,594.1,0.0,0.0,0.0,-0.027,0.027,0.0,0.0,0,0,0,0.15,0,0.0,-0.0,0.0,0.0,0.0,0.0,0.0,-627840.0,0.0,0.0,1,0
22.05,400.0,594.102,0.0,-0.002,0.0,0.136,0.136,0.0,9.81,0,0,0,0.15,0,0.0,-0.0,0.0,0.0,0.0,0.0,0.0,0.0,0.0,627840.0,0,0
22.0667,400.0,594.1,0.0,0.0,0.0,-0.027,0.027,0.0,0.0,0,0,0,0.15,0,0.0,-0.0,0.0,0.0,0.0,0.0,0.0,-627840.0,0.0,0.0,1,0
22.0833,400.0,594.102,0.0,-0.002,0.0,0.136,0.136,0.0,9.81,0,0,0,0.15,0,0.0,-0.0,0.0,0.0,0.0,0.0,0.0,0.0,0.0,627840.0,0,0
22.1,400.0,594.1,0.0,0.0,0.0,-0.027,0.027,0.0,0.0,0,0,0,0.15,0,0.0,-0.0,0.0,0.0,0.0,0.0,0.0,-627840.0,0.0,0.0,1,0
22.1167,400.0,594.102,0.0,-0.002,0.0,0.136,0.136,0.0,9.81,0,0,0,0.15,0,0.0,-0.0,0.0,0.0,0.0,0.0,0.0,0.0,0.0,627840.0,0,0
22.1333,400.0,594.1,0.0,0.0,0.0,-0.027,0.027,0.0,0.0,0,0,0,0.15,0,0.0,-0.0,0.0,0.0,0.0,0.0,0.0,-627840.0,0.0,0.0,1,0
22.15,400.0,594.102,0.0,-0.002,0.0,0.136,0.136,0.0,9.81,0,0,0,0.15,0,0.0,-0.0,0.0,0.0,0.0,0.0,0.0,0.0,0.0,627840.0,0,0
22.1667,400.0,594.1,0.0,0.0,0.0,-0.027,0.027,0.0,0.0,0,0,0,0.15,0,0.0,-0.0,0.0,0.0,0.0,0.0,0.0,-627840.0,0.0,0.0,1,0
22.1833,400.0,594.102,0.0,-0.002,0.0,0.136,0.136,0.0,9.81,0,0,0,0.15,0,0.0,-0.0,0.0,0.0,0.0,0.0,0.0,0.0,0.0,627840.0,0,0
22.2,400.0,594.1,0.0,0.0,0.0,-0.027,0.027,0.0,0.0,0,0,0,0.15,0,0.0,-0.0,0.0,0.0,0.0,0.0,0.0,-627840.0,0.0,0.0,1,0
22.2167,400.0,594.102,0.0,-0.002,0.0,0.136,0.136,0.0,9.81,0,0,0,0.15,0,0.0,-0.0,0.0,0.0,0.0,0.0,0.0,0.0,0.0,627840.0,0,0
22.2333,400.0,594.1,0.0,0.0,0.0,-0.027,0.027,0.0,0.0,0,0,0,0.15,0,0.0,-0.0,0.0,0.0,0.0,0.0,0.0,-627840.0,0.0,0.0,1,0
22.25,400.0,594.102,0.0,-0.002,0.0,0.136,0.136,0.0,9.81,0,0,0,0.15,0,0.0,-0.0,0.0,0.0,0.0,0.0,0.0,0.0,0.0,627840.0,0,0
22.2667,400.0,594.1,0.0,0.0,0.0,-0.027,0.027,0.0,0.0,0,0,0,0.15,0,0.0,-0.0,0.0,0.0,0.0,0.0,0.0,-627840.0,0.0,0.0,1,0
22.2833,400.0,594.102,0.0,-0.002,0.0,0.136,0.136,0.0,9.81,0,0,0,0.15,0,0.0,-0.0,0.0,0.0,0.0,0.0,0.0,0.0,0.0,627840.0,0,0
22.3,400.0,594.1,0.0,0.0,0.0,-0.027,0.027,0.0,0.0,0,0,0,0.15,0,0.0,-0.0,0.0,0.0,0.0,0.0,0.0,-627840.0,0.0,0.0,1,0
22.3167,400.0,594.102,0.0,-0.002,0.0,0.136,0.136,0.0,9.81,0,0,0,0.15,0,0.0,-0.0,0.0,0.0,0.0,0.0,0.0,0.0,0.0,627840.0,0,0
22.3333,400.0,594.1,0.0,0.0,0.0,-0.027,0.027,0.0,0.0,0,0,0,0.15,0,0.0,-0.0,0.0,0.0,0.0,0.0,0.0,-627840.0,0.0,0.0,1,0
22.35,400.0,594.102,0.0,-0.002,0.0,0.136,0.136,0.0,9.81,0,0,0,0.15,0,0.0,-0.0,0.0,0.0,0.0,0.0,0.0,0.0,0.0,627840.0,0,0
22.3667,400.0,594.1,0.0,0.0,0.0,-0.027,0.027,0.0,0.0,0,0,0,0.15,0,0.0,-0.0,0.0,0.0,0.0,0.0,0.0,-627840.0,0.0,0.0,1,0
22.3833,400.0,594.102,0.0,-0.002,0.0,0.136,0.136,0.0,9.81,0,0,0,0.15,0,0.0,-0.0,0.0,0.0,0.0,0.0,0.0,0.0,0.0,627840.0,0,0
22.4,400.0,594.1,0.0,0.0,0.0,-0.027,0.027,0.0,0.0,0,0,0,0.15,0,0.0,-0.0,0.0,0.0,0.0,0.0,0.0,-627840.0,0.0,0.0,1,0
22.4167,400.0,594.102,0.0,-0.002,0.0,0.136,0.136,0.0,9.81,0,0,0,0.15,0,0.0,-0.0,0.0,0.0,0.0,0.0,0.0,0.0,0.0,627840.0,0,0
22.4333,400.0,594.1,0.0,0.0,0.0,-0.027,0.027,0.0,0.0,0,0,0,0.15,0,0.0,-0.0,0.0,0.0,0.0,0.0,0.0,-627840.0,0.0,0.0,1,0
22.45,400.0,594.102,0.0,-0.002,0.0,0.136,0.136,0.0,9.81,0,0,0,0.15,0,0.0,-0.0,0.0,0.0,0.0,0.0,0.0,0.0,0.0,627840.0,0,0
22.4667,400.0,594.1,0.0,0.0,0.0,-0.027,0.027,0.0,0.0,0,0,0,0.15,0,0.0,-0.0,0.0,0.0,0.0,0.0,0.0,-627840.0,0.0,0.0,1,0
22.4833,400.0,594.102,0.0,-0.002,0.0,0.136,0.136,0.0,9.81,0,0,0,0.15,0,0.0,-0.0,0.0,0.0,0.0,0.0,0.0,0.0,0.0,627840.0,0,0
22.5,400.0,594.1,0.0,0.0,0.0,-0.027,0.027,0.0,0.0,0,0,0,0.15,0,0.0,-0.0,0.0,0.0,0.0,0.0,0.0,-627840.0,0.0,0.0,1,0
22.5167,400.0,594.102,0.0,-0.002,0.0,0.136,0.136,0.0,9.81,0,0,0,0.15,0,0.0,-0.0,0.0,0.0,0.0,0.0,0.0,0.0,0.0,627840.0,0,0
22.5333,400.0,594.1,0.0,0.0,0.0,-0.027,0.027,0.0,0.0,0,0,0,0.15,0,0.0,-0.0,0.0,0.0,0.0,0.0,0.0,-627840.0,0.0,0.0,1,0
22.55,400.0,594.102,0.0,-0.002,0.0,0.136,0.136,0.0,9.81,0,0,0,0.15,0,0.0,-0.0,0.0,0.0,0.0,0.0,0.0,0.0,0.0,627840.0,0,0
22.5667,400.0,594.1,0.0,0.0,0.0,-0.027,0.027,0.0,0.0,0,0,0,0.15,0,0.0,-0.0,0.0,0.0,0.0,0.0,0.0,-627840.0,0.0,0.0,1,0
22.5833,400.0,594.102,0.0,-0.002,0.0,0.136,0.136,0.0,9.81,0,0,0,0.15,0,0.0,-0.0,0.0,0.0,0.0,0.0,0.0,0.0,0.0,627840.0,0,0
22.6,400.0,594.1,0.0,0.0,0.0,-0.027,0.027,0.0,0.0,0,0,0,0.15,0,0.0,-0.0,0.0,0.0,0.0,0.0,0.0,-627840.0,0.0,0.0,1,0
22.6167,400.0,594.102,0.0,-0.002,0.0,0.136,0.136,0.0,9.81,0,0,0,0.15,0,0.0,-0.0,0.0,0.0,0.0,0.0,0.0,0.0,0.0,627840.0,0,0
22.6333,400.0,594.1,0.0,0.0,0.0,-0.027,0.027,0.0,0.0,0,0,0,0.15,0,0.0,-0.0,0.0,0.0,0.0,0.0,0.0,-627840.0,0.0,0.0,1,0
22.65,400.0,594.102,0.0,-0.002,0.0,0.136,0.136,0.0,9.81,0,0,0,0.15,0,0.0,-0.0,0.0,0.0,0.0,0.0,0.0,0.0,0.0,627840.0,0,0
22.6667,400.0,594.1,0.0,0.0,0.0,-0.027,0.027,0.0,0.0,0,0,0,0.15,0,0.0,-0.0,0.0,0.0,0.0,0.0,0.0,-627840.0,0.0,0.0,1,0
22.6833,400.0,594.102,0.0,-0.002,0.0,0.136,0.136,0.0,9.81,0,0,0,0.15,0,0.0,-0.0,0.0,0.0,0.0,0.0,0.0,0.0,0.0,627840.0,0,0
22.7,400.0,594.1,0.0,0.0,0.0,-0.027,0.027,0.0,0.0,0,0,0,0.15,0,0.0,-0.0,0.0,0.0,0.0,0.0,0.0,-627840.0,0.0,0.0,1,0
22.7167,400.0,594.102,0.0,-0.002,0.0,0.136,0.136,0.0,9.81,0,0,0,0.15,0,0.0,-0.0,0.0,0.0,0.0,0.0,0.0,0.0,0.0,627840.0,0,0
22.7333,400.0,594.1,0.0,0.0,0.0,-0.027,0.027,0.0,0.0,0,0,0,0.15,0,0.0,-0.0,0.0,0.0,0.0,0.0,0.0,-627840.0,0.0,0.0,1,0
22.75,400.0,594.102,0.0,-0.002,0.0,0.136,0.136,0.0,9.81,0,0,0,0.15,0,0.0,-0.0,0.0,0.0,0.0,0.0,0.0,0.0,0.0,627840.0,0,0
22.7667,400.0,594.1,0.0,0.0,0.0,-0.027,0.027,0.0,0.0,0,0,0,0.15,0,0.0,-0.0,0.0,0.0,0.0,0.0,0.0,-627840.0,0.0,0.0,1,0
22.7833,400.0,594.102,0.0,-0.002,0.0,0.136,0.136,0.0,9.81,0,0,0,0.15,0,0.0,-0.0,0.0,0.0,0.0,0.0,0.0,0.0,0.0,627840.0,0,0
22.8,400.0,594.1,0.0,0.0,0.0,-0.027,0.027,0.0,0.0,0,0,0,0.15,0,0.0,-0.0,0.0,0.0,0.0,0.0,0.0,-627840.0,0.0,0.0,1,0
22.8167,400.0,594.102,0.0,-0.002,0.0,0.136,0.136,0.0,9.81,0,0,0,0.15,0,0.0,-0.0,0.0,0.0,0.0,0.0,0.0,0.0,0.0,627840.0,0,0
22.8333,400.0,594.1,0.0,0.0,0.0,-0.027,0.027,0.0,0.0,0,0,0,0.15,0,0.0,-0.0,0.0,0.0,0.0,0.0,0.0,-627840.0,0.0,0.0,1,0
22.85,400.0,594.102,0.0,-0.002,0.0,0.136,0.136,0.0,9.81,0,0,0,0.15,0,0.0,-0.0,0.0,0.0,0.0,0.0,0.0,0.0,0.0,627840.0,0,0
22.8667,400.0,594.1,0.0,0.0,0.0,-0.027,0.027,0.0,0.0,0,0,0,0.15,0,0.0,-0.0,0.0,0.0,0.0,0.0,0.0,-627840.0,0.0,0.0,1,0
22.8833,400.0,594.102,0.0,-0.002,0.0,0.136,0.136,0.0,9.81,0,0,0,0.15,0,0.0,-0.0,0.0,0.0,0.0,0.0,0.0,0.0,0.0,627840.0,0,0
22.9,400.0,594.1,0.0,0.0,0.0,-0.027,0.027,0.0,0.0,0,0,0,0.15,0,0.0,-0.0,0.0,0.0,0.0,0.0,0.0,-627840.0,0.0,0.0,1,0
22.9167,400.0,594.102,0.0,-0.002,0.0,0.136,0.136,0.0,9.81,0,0,0,0.15,0,0.0,-0.0,0.0,0.0,0.0,0.0,0.0,0.0,0.0,627840.0,0,0
22.9333,400.0,594.1,0.0,0.0,0.0,-0.027,0.027,0.0,0.0,0,0,0,0.15,0,0.0,-0.0,0.0,0.0,0.0,0.0,0.0,-627840.0,0.0,0.0,1,0
22.95,400.0,594.102,0.0,-0.002,0.0,0.136,0.136,0.0,9.81,0,0,0,0.15,0,0.0,-0.0,0.0,0.0,0.0,0.0,0.0,0.0,0.0,627840.0,0,0
22.9667,400.0,594.1,0.0,0.0,0.0,-0.027,0.027,0.0,0.0,0,0,0,0.15,0,0.0,-0.0,0.0,0.0,0.0,0.0,0.0,-627840.0,0.0,0.0,1,0
22.9833,400.0,594.102,0.0,-0.002,0.0,0.136,0.136,0.0,9.81,0,0,0,0.15,0,0.0,-0.0,0.0,0.0,0.0,0.0,0.0,0.0,0.0,627840.0,0,0
23.0,400.0,594.1,0.0,0.0,0.0,-0.027,0.027,0.0,0.0,0,0,0,0.15,0,0.0,-0.0,0.0,0.0,0.0,0.0,0.0,-627840.0,0.0,0.0,1,0
23.0167,400.0,594.102,0.0,-0.002,0.0,0.136,0.136,0.0,9.81,0,0,0,0.15,0,0.0,-0.0,0.0,0.0,0.0,0.0,0.0,0.0,0.0,627840.0,0,0
23.0333,400.0,594.1,0.0,0.0,0.0,-0.027,0.027,0.0,0.0,0,0,0,0.15,0,0.0,-0.0,0.0,0.0,0.0,0.0,0.0,-627840.0,0.0,0.0,1,0
23.05,400.0,594.102,0.0,-0.002,0.0,0.136,0.136,0.0,9.81,0,0,0,0.15,0,0.0,-0.0,0.0,0.0,0.0,0.0,0.0,0.0,0.0,627840.0,0,0
23.0667,400.0,594.1,0.0,0.0,0.0,-0.027,0.027,0.0,0.0,0,0,0,0.15,0,0.0,-0.0,0.0,0.0,0.0,0.0,0.0,-627840.0,0.0,0.0,1,0
23.0833,400.0,594.102,0.0,-0.002,0.0,0.136,0.136,0.0,9.81,0,0,0,0.15,0,0.0,-0.0,0.0,0.0,0.0,0.0,0.0,0.0,0.0,627840.0,0,0
23.1,400.0,594.1,0.0,0.0,0.0,-0.027,0.027,0.0,0.0,0,0,0,0.15,0,0.0,-0.0,0.0,0.0,0.0,0.0,0.0,-627840.0,0.0,0.0,1,0
23.1167,400.0,594.102,0.0,-0.002,0.0,0.136,0.136,0.0,9.81,0,0,0,0.15,0,0.0,-0.0,0.0,0.0,0.0,0.0,0.0,0.0,0.0,627840.0,0,0
23.1333,400.0,594.1,0.0,0.0,0.0,-0.027,0.027,0.0,0.0,0,0,0,0.15,0,0.0,-0.0,0.0,0.0,0.0,0.0,0.0,-627840.0,0.0,0.0,1,0
23.15,400.0,594.102,0.0,-0.002,0.0,0.136,0.136,0.0,9.81,0,0,0,0.15,0,0.0,-0.0,0.0,0.0,0.0,0.0,0.0,0.0,0.0,627840.0,0,0
23.1667,400.0,594.1,0.0,0.0,0.0,-0.027,0.027,0.0,0.0,0,0,0,0.15,0,0.0,-0.0,0.0,0.0,0.0,0.0,0.0,-627840.0,0.0,0.0,1,0
23.1833,400.0,594.102,0.0,-0.002,0.0,0.136,0.136,0.0,9.81,0,0,0,0.15,0,0.0,-0.0,0.0,0.0,0.0,0.0,0.0,0.0,0.0,627840.0,0,0
23.2,400.0,594.1,0.0,0.0,0.0,-0.027,0.027,0.0,0.0,0,0,0,0.15,0,0.0,-0.0,0.0,0.0,0.0,0.0,0.0,-627840.0,0.0,0.0,1,0
23.2167,400.0,594.102,0.0,-0.002,0.0,0.136,0.136,0.0,9.81,0,0,0,0.15,0,0.0,-0.0,0.0,0.0,0.0,0.0,0.0,0.0,0.0,627840.0,0,0
23.2333,400.0,594.1,0.0,0.0,0.0,-0.027,0.027,0.0,0.0,0,0,0,0.15,0,0.0,-0.0,0.0,0.0,0.0,0.0,0.0,-627840.0,0.0,0.0,1,0
23.25,400.0,594.102,0.0,-0.002,0.0,0.136,0.136,0.0,9.81,0,0,0,0.15,0,0.0,-0.0,0.0,0.0,0.0,0.0,0.0,0.0,0.0,627840.0,0,0
23.2667,400.0,594.1,0.0,0.0,0.0,-0.027,0.027,0.0,0.0,0,0,0,0.15,0,0.0,-0.0,0.0,0.0,0.0,0.0,0.0,-627840.0,0.0,0.0,1,0
23.2833,400.0,594.102,0.0,-0.002,0.0,0.136,0.136,0.0,9.81,0,0,0,0.15,0,0.0,-0.0,0.0,0.0,0.0,0.0,0.0,0.0,0.0,627840.0,0,0
23.3,400.0,594.1,0.0,0.0,0.0,-0.027,0.027,0.0,0.0,0,0,0,0.15,0,0.0,-0.0,0.0,0.0,0.0,0.0,0.0,-627840.0,0.0,0.0,1,0
23.3167,400.0,594.102,0.0,-0.002,0.0,0.136,0.136,0.0,9.81,0,0,0,0.15,0,0.0,-0.0,0.0,0.0,0.0,0.0,0.0,0.0,0.0,627840.0,0,0
23.3333,400.0,594.1,0.0,0.0,0.0,-0.027,0.027,0.0,0.0,0,0,0,0.15,0,0.0,-0.0,0.0,0.0,0.0,0.0,0.0,-627840.0,0.0,0.0,1,0
23.35,400.0,594.102,0.0,-0.002,0.0,0.136,0.136,0.0,9.81,0,0,0,0.15,0,0.0,-0.0,0.0,0.0,0.0,0.0,0.0,0.0,0.0,627840.0,0,0
23.3667,400.0,594.1,0.0,0.0,0.0,-0.027,0.027,0.0,0.0,0,0,0,0.15,0,0.0,-0.0,0.0,0.0,0.0,0.0,0.0,-627840.0,0.0,0.0,1,0
23.3833,400.0,594.102,0.0,-0.002,0.0,0.136,0.136,0.0,9.81,0,0,0,0.15,0,0.0,-0.0,0.0,0.0,0.0,0.0,0.0,0.0,0.0,627840.0,0,0
23.4,400.0,594.1,0.0,0.0,0.0,-0.027,0.027,0.0,0.0,0,0,0,0.15,0,0.0,-0.0,0.0,0.0,0.0,0.0,0.0,-627840.0,0.0,0.0,1,0
23.4167,400.0,594.102,0.0,-0.002,0.0,0.136,0.136,0.0,9.81,0,0,0,0.15,0,0.0,-0.0,0.0,0.0,0.0,0.0,0.0,0.0,0.0,627840.0,0,0
23.4333,400.0,594.1,0.0,0.0,0.0,-0.027,0.027,0.0,0.0,0,0,0,0.15,0,0.0,-0.0,0.0,0.0,0.0,0.0,0.0,-627840.0,0.0,0.0,1,0
23.45,400.0,594.102,0.0,-0.002,0.0,0.136,0.136,0.0,9.81,0,0,0,0.15,0,0.0,-0.0,0.0,0.0,0.0,0.0,0.0,0.0,0.0,627840.0,0,0
23.4667,400.0,594.1,0.0,0.0,0.0,-0.027,0.027,0.0,0.0,0,0,0,0.15,0,0.0,-0.0,0.0,0.0,0.0,0.0,0.0,-627840.0,0.0,0.0,1,0
23.4833,400.0,594.102,0.0,-0.002,0.0,0.136,0.136,0.0,9.81,0,0,0,0.15,0,0.0,-0.0,0.0,0.0,0.0,0.0,0.0,0.0,0.0,627840.0,0,0
23.5,400.0,594.1,0.0,0.0,0.0,-0.027,0.027,0.0,0.0,0,0,0,0.15,0,0.0,-0.0,0.0,0.0,0.0,0.0,0.0,-627840.0,0.0,0.0,1,0
23.5167,400.0,594.102,0.0,-0.002,0.0,0.136,0.136,0.0,9.81,0,0,0,0.15,0,0.0,-0.0,0.0,0.0,0.0,0.0,0.0,0.0,0.0,627840.0,0,0
23.5333,400.0,594.1,0.0,0.0,0.0,-0.027,0.027,0.0,0.0,0,0,0,0.15,0,0.0,-0.0,0.0,0.0,0.0,0.0,0.0,-627840.0,0.0,0.0,1,0
23.55,400.0,594.102,0.0,-0.002,0.0,0.136,0.136,0.0,9.81,0,0,0,0.15,0,0.0,-0.0,0.0,0.0,0.0,0.0,0.0,0.0,0.0,627840.0,0,0
23.5667,400.0,594.1,0.0,0.0,0.0,-0.027,0.027,0.0,0.0,0,0,0,0.15,0,0.0,-0.0,0.0,0.0,0.0,0.0,0.0,-627840.0,0.0,0.0,1,0
23.5833,400.0,594.102,0.0,-0.002,0.0,0.136,0.136,0.0,9.81,0,0,0,0.15,0,0.0,-0.0,0.0,0.0,0.0,0.0,0.0,0.0,0.0,627840.0,0,0
23.6,400.0,594.1,0.0,0.0,0.0,-0.027,0.027,0.0,0.0,0,0,0,0.15,0,0.0,-0.0,0.0,0.0,0.0,0.0,0.0,-627840.0,0.0,0.0,1,0
23.6167,400.0,594.102,0.0,-0.002,0.0,0.136,0.136,0.0,9.81,0,0,0,0.15,0,0.0,-0.0,0.0,0.0,0.0,0.0,0.0,0.0,0.0,627840.0,0,0
23.6333,400.0,594.1,0.0,0.0,0.0,-0.027,0.027,0.0,0.0,0,0,0,0.15,0,0.0,-0.0,0.0,0.0,0.0,0.0,0.0,-627840.0,0.0,0.0,1,0
23.65,400.0,594.102,0.0,-0.002,0.0,0.136,0.136,0.0,9.81,0,0,0,0.15,0,0.0,-0.0,0.0,0.0,0.0,0.0,0.0,0.0,0.0,627840.0,0,0
23.6667,400.0,594.1,0.0,0.0,0.0,-0.027,0.027,0.0,0.0,0,0,0,0.15,0,0.0,-0.0,0.0,0.0,0.0,0.0,0.0,-627840.0,0.0,0.0,1,0
23.6833,400.0,594.102,0.0,-0.002,0.0,0.136,0.136,0.0,9.81,0,0,0,0.15,0,0.0,-0.0,0.0,0.0,0.0,0.0,0.0,0.0,0.0,627840.0,0,0
23.7,400.0,594.1,0.0,0.0,0.0,-0.027,0.027,0.0,0.0,0,0,0,0.15,0,0.0,-0.0,0.0,0.0,0.0,0.0,0.0,-627840.0,0.0,0.0,1,0
23.7167,400.0,594.102,0.0,-0.002,0.0,0.136,0.136,0.0,9.81,0,0,0,0.15,0,0.0,-0.0,0.0,0.0,0.0,0.0,0.0,0.0,0.0,627840.0,0,0
23.7333,400.0,594.1,0.0,0.0,0.0,-0.027,0.027,0.0,0.0,0,0,0,0.15,0,0.0,-0.0,0.0,0.0,0.0,0.0,0.0,-627840.0,0.0,0.0,1,0
23.75,400.0,594.102,0.0,-0.002,0.0,0.136,0.136,0.0,9.81,0,0,0,0.15,0,0.0,-0.0,0.0,0.0,0.0,0.0,0.0,0.0,0.0,627840.0,0,0
23.7667,400.0,594.1,0.0,0.0,0.0,-0.027,0.027,0.0,0.0,0,0,0,0.15,0,0.0,-0.0,0.0,0.0,0.0,0.0,0.0,-627840.0,0.0,0.0,1,0
23.7833,400.0,594.102,0.0,-0.002,0.0,0.136,0.136,0.0,9.81,0,0,0,0.15,0,0.0,-0.0,0.0,0.0,0.0,0.0,0.0,0.0,0.0,627840.0,0,0
23.8,400.0,594.1,0.0,0.0,0.0,-0.027,0.027,0.0,0.0,0,0,0,0.15,0,0.0,-0.0,0.0,0.0,0.0,0.0,0.0,-627840.0,0.0,0.0,1,0
23.8167,400.0,594.102,0.0,-0.002,0.0,0.136,0.136,0.0,9.81,0,0,0,0.15,0,0.0,-0.0,0.0,0.0,0.0,0.0,0.0,0.0,0.0,627840.0,0,0
23.8333,400.0,594.1,0.0,0.0,0.0,-0.027,0.027,0.0,0.0,0,0,0,0.15,0,0.0,-0.0,0.0,0.0,0.0,0.0,0.0,-627840.0,0.0,0.0,1,0
23.85,400.0,594.102,0.0,-0.002,0.0,0.136,0.136,0.0,9.81,0,0,0,0.15,0,0.0,-0.0,0.0,0.0,0.0,0.0,0.0,0.0,0.0,627840.0,0,0
23.8667,400.0,594.1,0.0,0.0,0.0,-0.027,0.027,0.0,0.0,0,0,0,0.15,0,0.0,-0.0,0.0,0.0,0.0,0.0,0.0,-627840.0,0.0,0.0,1,0
23.8833,400.0,594.102,0.0,-0.002,0.0,0.136,0.136,0.0,9.81,0,0,0,0.15,0,0.0,-0.0,0.0,0.0,0.0,0.0,0.0,0.0,0.0,627840.0,0,0
23.9,400.0,594.1,0.0,0.0,0.0,-0.027,0.027,0.0,0.0,0,0,0,0.15,0,0.0,-0.0,0.0,0.0,0.0,0.0,0.0,-627840.0,0.0,0.0,1,0
23.9167,400.0,594.102,0.0,-0.002,0.0,0.136,0.136,0.0,9.81,0,0,0,0.15,0,0.0,-0.0,0.0,0.0,0.0,0.0,0.0,0.0,0.0,627840.0,0,0
23.9333,400.0,594.1,0.0,0.0,0.0,-0.027,0.027,0.0,0.0,0,0,0,0.15,0,0.0,-0.0,0.0,0.0,0.0,0.0,0.0,-627840.0,0.0,0.0,1,0
23.95,400.0,594.102,0.0,-0.002,0.0,0.136,0.136,0.0,9.81,0,0,0,0.15,0,0.0,-0.0,0.0,0.0,0.0,0.0,0.0,0.0,0.0,627840.0,0,0
23.9667,400.0,594.1,0.0,0.0,0.0,-0.027,0.027,0.0,0.0,0,0,0,0.15,0,0.0,-0.0,0.0,0.0,0.0,0.0,0.0,-627840.0,0.0,0.0,1,0
23.9833,400.0,594.102,0.0,-0.002,0.0,0.136,0.136,0.0,9.81,0,0,0,0.15,0,0.0,-0.0,0.0,0.0,0.0,0.0,0.0,0.0,0.0,627840.0,0,0
24.0,400.0,594.1,0.0,0.0,0.0,-0.027,0.027,0.0,0.0,0,0,0,0.15,0,0.0,-0.0,0.0,0.0,0.0,0.0,0.0,-627840.0,0.0,0.0,1,0
24.0167,400.0,594.102,0.0,-0.002,0.0,0.136,0.136,0.0,9.81,0,0,0,0.15,0,0.0,-0.0,0.0,0.0,0.0,0.0,0.0,0.0,0.0,627840.0,0,0
24.0333,400.0,594.1,0.0,0.0,0.0,-0.027,0.027,0.0,0.0,0,0,0,0.15,0,0.0,-0.0,0.0,0.0,0.0,0.0,0.0,-627840.0,0.0,0.0,1,0
24.05,400.0,594.102,0.0,-0.002,0.0,0.136,0.136,0.0,9.81,0,0,0,0.15,0,0.0,-0.0,0.0,0.0,0.0,0.0,0.0,0.0,0.0,627840.0,0,0
24.0667,400.0,594.1,0.0,0.0,0.0,-0.027,0.027,0.0,0.0,0,0,0,0.15,0,0.0,-0.0,0.0,0.0,0.0,0.0,0.0,-627840.0,0.0,0.0,1,0
24.0833,400.0,594.102,0.0,-0.002,0.0,0.136,0.136,0.0,9.81,0,0,0,0.15,0,0.0,-0.0,0.0,0.0,0.0,0.0,0.0,0.0,0.0,627840.0,0,0
24.1,400.0,594.1,0.0,0.0,0.0,-0.027,0.027,0.0,0.0,0,0,0,0.15,0,0.0,-0.0,0.0,0.0,0.0,0.0,0.0,-627840.0,0.0,0.0,1,0
24.1167,400.0,594.102,0.0,-0.002,0.0,0.136,0.136,0.0,9.81,0,0,0,0.15,0,0.0,-0.0,0.0,0.0,0.0,0.0,0.0,0.0,0.0,627840.0,0,0
24.1333,400.0,594.1,0.0,0.0,0.0,-0.027,0.027,0.0,0.0,0,0,0,0.15,0,0.0,-0.0,0.0,0.0,0.0,0.0,0.0,-627840.0,0.0,0.0,1,0
24.15,400.0,594.102,0.0,-0.002,0.0,0.136,0.136,0.0,9.81,0,0,0,0.15,0,0.0,-0.0,0.0,0.0,0.0,0.0,0.0,0.0,0.0,627840.0,0,0
24.1667,400.0,594.1,0.0,0.0,0.0,-0.027,0.027,0.0,0.0,0,0,0,0.15,0,0.0,-0.0,0.0,0.0,0.0,0.0,0.0,-627840.0,0.0,0.0,1,0
24.1833,400.0,594.102,0.0,-0.002,0.0,0.136,0.136,0.0,9.81,0,0,0,0.15,0,0.0,-0.0,0.0,0.0,0.0,0.0,0.0,0.0,0.0,627840.0,0,0
24.2,400.0,594.1,0.0,0.0,0.0,-0.027,0.027,0.0,0.0,0,0,0,0.15,0,0.0,-0.0,0.0,0.0,0.0,0.0,0.0,-627840.0,0.0,0.0,1,0
24.2167,400.0,594.102,0.0,-0.002,0.0,0.136,0.136,0.0,9.81,0,0,0,0.15,0,0.0,-0.0,0.0,0.0,0.0,0.0,0.0,0.0,0.0,627840.0,0,0
24.2333,400.0,594.1,0.0,0.0,0.0,-0.027,0.027,0.0,0.0,0,0,0,0.15,0,0.0,-0.0,0.0,0.0,0.0,0.0,0.0,-627840.0,0.0,0.0,1,0
24.25,400.0,594.102,0.0,-0.002,0.0,0.136,0.136,0.0,9.81,0,0,0,0.15,0,0.0,-0.0,0.0,0.0,0.0,0.0,0.0,0.0,0.0,627840.0,0,0
24.2667,400.0,594.1,0.0,0.0,0.0,-0.027,0.027,0.0,0.0,0,0,0,0.15,0,0.0,-0.0,0.0,0.0,0.0,0.0,0.0,-627840.0,0.0,0.0,1,0
24.2833,400.0,594.102,0.0,-0.002,0.0,0.136,0.136,0.0,9.81,0,0,0,0.15,0,0.0,-0.0,0.0,0.0,0.0,0.0,0.0,0.0,0.0,627840.0,0,0
24.3,400.0,594.1,0.0,0.0,0.0,-0.027,0.027,0.0,0.0,0,0,0,0.15,0,0.0,-0.0,0.0,0.0,0.0,0.0,0.0,-627840.0,0.0,0.0,1,0
24.3167,400.0,594.102,0.0,-0.002,0.0,0.136,0.136,0.0,9.81,0,0,0,0.15,0,0.0,-0.0,0.0,0.0,0.0,0.0,0.0,0.0,0.0,627840.0,0,0
24.3333,400.0,594.1,0.0,0.0,0.0,-0.027,0.027,0.0,0.0,0,0,0,0.15,0,0.0,-0.0,0.0,0.0,0.0,0.0,0.0,-627840.0,0.0,0.0,1,0
24.35,400.0,594.102,0.0,-0.002,0.0,0.136,0.136,0.0,9.81,0,0,0,0.15,0,0.0,-0.0,0.0,0.0,0.0,0.0,0.0,0.0,0.0,627840.0,0,0
24.3667,400.0,594.1,0.0,0.0,0.0,-0.027,0.027,0.0,0.0,0,0,0,0.15,0,0.0,-0.0,0.0,0.0,0.0,0.0,0.0,-627840.0,0.0,0.0,1,0
24.3833,400.0,594.102,0.0,-0.002,0.0,0.136,0.136,0.0,9.81,0,0,0,0.15,0,0.0,-0.0,0.0,0.0,0.0,0.0,0.0,0.0,0.0,627840.0,0,0
24.4,400.0,594.1,0.0,0.0,0.0,-0.027,0.027,0.0,0.0,0,0,0,0.15,0,0.0,-0.0,0.0,0.0,0.0,0.0,0.0,-627840.0,0.0,0.0,1,0
24.4167,400.0,594.102,0.0,-0.002,0.0,0.136,0.136,0.0,9.81,0,0,0,0.15,0,0.0,-0.0,0.0,0.0,0.0,0.0,0.0,0.0,0.0,627840.0,0,0
24.4333,400.0,594.1,0.0,0.0,0.0,-0.027,0.027,0.0,0.0,0,0,0,0.15,0,0.0,-0.0,0.0,0.0,0.0,0.0,0.0,-627840.0,0.0,0.0,1,0
24.45,400.0,594.102,0.0,-0.002,0.0,0.136,0.136,0.0,9.81,0,0,0,0.15,0,0.0,-0.0,0.0,0.0,0.0,0.0,0.0,0.0,0.0,627840.0,0,0
24.4667,400.0,594.1,0.0,0.0,0.0,-0.027,0.027,0.0,0.0,0,0,0,0.15,0,0.0,-0.0,0.0,0.0,0.0,0.0,0.0,-627840.0,0.0,0.0,1,0
24.4833,400.0,594.102,0.0,-0.002,0.0,0.136,0.136,0.0,9.81,0,0,0,0.15,0,0.0,-0.0,0.0,0.0,0.0,0.0,0.0,0.0,0.0,627840.0,0,0
24.5,400.0,594.1,0.0,0.0,0.0,-0.027,0.027,0.0,0.0,0,0,0,0.15,0,0.0,-0.0,0.0,0.0,0.0,0.0,0.0,-627840.0,0.0,0.0,1,0
24.5167,400.0,594.102,0.0,-0.002,0.0,0.136,0.136,0.0,9.81,0,0,0,0.15,0,0.0,-0.0,0.0,0.0,0.0,0.0,0.0,0.0,0.0,627840.0,0,0
24.5333,400.0,594.1,0.0,0.0,0.0,-0.027,0.027,0.0,0.0,0,0,0,0.15,0,0.0,-0.0,0.0,0.0,0.0,0.0,0.0,-627840.0,0.0,0.0,1,0
24.55,400.0,594.102,0.0,-0.002,0.0,0.136,0.136,0.0,9.81,0,0,0,0.15,0,0.0,-0.0,0.0,0.0,0.0,0.0,0.0,0.0,0.0,627840.0,0,0
24.5667,400.0,594.1,0.0,0.0,0.0,-0.027,0.027,0.0,0.0,0,0,0,0.15,0,0.0,-0.0,0.0,0.0,0.0,0.0,0.0,-627840.0,0.0,0.0,1,0
24.5833,400.0,594.102,0.0,-0.002,0.0,0.136,0.136,0.0,9.81,0,0,0,0.15,0,0.0,-0.0,0.0,0.0,0.0,0.0,0.0,0.0,0.0,627840.0,0,0
24.6,400.0,594.1,0.0,0.0,0.0,-0.027,0.027,0.0,0.0,0,0,0,0.15,0,0.0,-0.0,0.0,0.0,0.0,0.0,0.0,-627840.0,0.0,0.0,1,0
24.6167,400.0,594.102,0.0,-0.002,0.0,0.136,0.136,0.0,9.81,0,0,0,0.15,0,0.0,-0.0,0.0,0.0,0.0,0.0,0.0,0.0,0.0,627840.0,0,0
24.6333,400.0,594.1,0.0,0.0,0.0,-0.027,0.027,0.0,0.0,0,0,0,0.15,0,0.0,-0.0,0.0,0.0,0.0,0.0,0.0,-627840.0,0.0,0.0,1,0
24.65,400.0,594.102,0.0,-0.002,0.0,0.136,0.136,0.0,9.81,0,0,0,0.15,0,0.0,-0.0,0.0,0.0,0.0,0.0,0.0,0.0,0.0,627840.0,0,0
24.6667,400.0,594.1,0.0,0.0,0.0,-0.027,0.027,0.0,0.0,0,0,0,0.15,0,0.0,-0.0,0.0,0.0,0.0,0.0,0.0,-627840.0,0.0,0.0,1,0
24.6833,400.0,594.102,0.0,-0.002,0.0,0.136,0.136,0.0,9.81,0,0,0,0.15,0,0.0,-0.0,0.0,0.0,0.0,0.0,0.0,0.0,0.0,627840.0,0,0
24.7,400.0,594.1,0.0,0.0,0.0,-0.027,0.027,0.0,0.0,0,0,0,0.15,0,0.0,-0.0,0.0,0.0,0.0,0.0,0.0,-627840.0,0.0,0.0,1,0
24.7167,400.0,594.102,0.0,-0.002,0.0,0.136,0.136,0.0,9.81,0,0,0,0.15,0,0.0,-0.0,0.0,0.0,0.0,0.0,0.0,0.0,0.0,627840.0,0,0
24.7333,400.0,594.1,0.0,0.0,0.0,-0.027,0.027,0.0,0.0,0,0,0,0.15,0,0.0,-0.0,0.0,0.0,0.0,0.0,0.0,-627840.0,0.0,0.0,1,0
24.75,400.0,594.102,0.0,-0.002,0.0,0.136,0.136,0.0,9.81,0,0,0,0.15,0,0.0,-0.0,0.0,0.0,0.0,0.0,0.0,0.0,0.0,627840.0,0,0
24.7667,400.0,594.1,0.0,0.0,0.0,-0.027,0.027,0.0,0.0,0,0,0,0.15,0,0.0,-0.0,0.0,0.0,0.0,0.0,0.0,-627840.0,0.0,0.0,1,0
24.7833,400.0,594.102,0.0,-0.002,0.0,0.136,0.136,0.008,9.81,0,0,0,0.15,500,500.0,-0.0,0.0,0.0,0.0,0.0,0.0,0.0,500.0,627840.0,0,0
24.8,400.0,594.1,-0.0,0.0,-0.005,-0.027,0.028,-0.279,0.0,0,0,0,0.15,1000,1000.0,-0.0,0.0,0.0,0.0,0.0,-18835.2,-627840.0,-17835.2,0.0,1,0
24.8167,400.0,594.102,-0.0,-0.002,-0.004,0.136,0.136,0.023,9.81,0,0,0,0.15,1500,1500.0,-0.0,0.0,0.0,0.0,0.0,0.0,0.0,1500.0,627840.0,0,0
24.8333,400.0,594.1,-0.0,0.0,0.001,-0.027,0.027,0.326,0.0,0,0,0,0.15,2000,2000.0,-0.0,0.0,0.0,0.0,0.0,18835.2,-627840.0,20835.2,0.0,1,0
24.85,400.0,594.102,-0.0,-0.002,0.002,0.136,0.136,0.039,9.81,0,0,0,0.15,2500,2500.0,-0.0,0.0,0.0,0.0,0.0,-0.0,0.0,2500.0,627840.0,0,0
24.8667,400.0,594.1,-0.0,0.0,-0.002,-0.027,0.027,-0.247,0.0,0,0,0,0.15,3000,3000.0,-0.0,0.0,0.0,0.0,0.0,-18835.2,-627840.0,-15835.2,0.0,1,0
24.8833,400.0,594.102,-0.0,-0.002,-0.001,0.136,0.136,0.055,9.81,0,0,0,0.15,3500,3500.0,-0.0,0.0,0.0,0.0,0.0,0.0,0.0,3500.0,627840.0,0,0
24.9,400.0,594.1,-0.0,0.0,0.005,-0.027,0.028,0.357,0.0,0,0,0,0.15,4000,4000.0,-0.0,0.0,0.0,0.0,0.0,18835.2,-627840.0,22835.2,0.0,1,0
24.9167,400.0,594.102,0.0,-0.002,0.006,0.136,0.136,0.07,9.81,0,0,0,0.15,4500,4500.0,-0.0,0.0,0.0,0.0,0.0,-0.0,0.0,4500.0,627840.0,0,0
24.9333,400.0,594.1,0.0,0.0,0.002,-0.027,0.027,-0.216,0.0,0,0,0,0.15,5000,5000.0,-0.0,0.0,0.0,0.0,0.0,-18835.2,-627840.0,-13835.2,0.0,1,0
24.95,400.0,594.102,0.0,-0.002,0.004,0.136,0.136,0.086,9.81,0,0,0,0.15,5500,5500.0,-0.0,0.0,0.0,0.0,0.0,-0.0,0.0,5500.0,627840.0,0,0
24.9667,400.0,594.1,0.0,0.0,0.0,-0.027,0.027,-0.201,0.0,0,0,0,0.15,6000,6000.0,-0.0,0.0,0.0,0.0,0.0,-18835.2,-627840.0,-12835.2,0.0,1,0
24.9833,400.0,594.102,0.0,-0.002,0.002,0.136,0.136,0.102,9.81,0,0,0,0.15,6500,6500.0,-0.0,0.0,0.0,0.0,0.0,-0.0,0.0,6500.0,627840.0,0,0
25.0,400.0,594.1,0.0,0.0,-0.001,-0.027,0.027,-0.185,0.0,0,0,0,0.15,7000,7000.0,-0.0,0.0,0.0,0.0,0.0,-18835.2,-627840.0,-11835.2,0.0,1,0
25.0167,400.0,594.102,0.0,-0.002,0.001,0.136,0.136,0.117,9.81,0,0,0,0.15,7500,7500.0,-0.0,0.0,0.0,0.0,0.0,0.0,0.0,7500.0,627840.0,0,0
25.0333,400.0,594.1,0.0,0.0,-0.002,-0.027,0.027,-0.169,0.0,0,0,0,0.15,8000,8000.0,-0.0,0.0,0.0,0.0,0.0,-18835.2,-627840.0,-10835.2,0.0,1,0
25.05,400.0,594.102,0.0,-0.002,0.0,0.136,0.136,0.133,9.81,0,0,0,0.15,8500,8500.0,-0.0,0.0,0.0,0.0,0.0,0.0,0.0,8500.0,627840.0,0,0
25.0667,400.0,594.1,0.0,0.0,-0.002,-0.027,0.027,-0.154,0.0,0,0,0,0.15,9000,9000.0,-0.0,0.0,0.0,0.0,0.0,-18835.2,-627840.0,-9835.2,0.0,1,0
25.0833,400.0,594.102,0.0,-0.002,0.0,0.136,0.136,0.148,9.81,0,0,0,0.15,9500,9500.0,-0.0,0.0,0.0,0.0,0.0,0.0,0.0,9500.0,627840.0,0,0
25.1,400.0,594.1,0.0,0.0,-0.002,-0.027,0.027,-0.138,0.0,0,0,0,0.15,10000,10000.0,-0.0,0.0,0.0,0.0,0.0,-18835.2,-627840.0,-8835.2,0.0,1,0
25.1167,400.0,594.102,0.0,-0.002,0.001,0.136,0.136,0.164,9.81,0,0,0,0.15,10500,10500.0,-0.0,0.0,0.0,0.0,0.0,0.0,0.0,10500.0,627840.0,0,0
25.1333,400.0,594.1,0.0,0.0,-0.001,-0.027,0.027,-0.122,0.0,0,0,0,0.15,11000,11000.0,-0.0,0.0,0.0,0.0,0.0,-18835.2,-627840.0,-7835.2,0.0,1,0
25.15,400.0,594.102,0.0,-0.002,0.002,0.136,0.136,0.18,9.81,0,0,0,0.15,11500,11500.0,-0.0,0.0,0.0,0.0,0.0,0.0,0.0,11500.0,627840.0,0,0
25.1667,400.0,594.1,0.0,0.0,-0.0,-0.027,0.027,-0.107,0.0,0,0,0,0.15,12000,12000.0,-0.0,0.0,0.0,0.0,0.0,-18835.2,-627840.0,-6835.2,0.0,1,0
25.1833,400.0,594.102,0.0,-0.002,0.003,0.136,0.136,0.195,9.81,0,0,0,0.15,12500,12500.0,-0.0,0.0,0.0,0.0,0.0,0.0,0.0,12500.0,627840.0,0,0
25.2,400.0,594.1,0.0,0.0,0.002,-0.027,0.027,-0.091,0.0,0,0,0,0.15,13000,13000.0,-0.0,0.0,0.0,0.0,0.0,-18835.2,-627840.0,-5835.2,0.0,1,0
25.2167,400.0,594.102,0.0,-0.002,0.005,0.136,0.136,0.211,9.81,0,0,0,0.15,13500,13500.0,-0.0,0.0,0.0,0.0,0.0,-0.0,0.0,13500.0,627840.0,0,0
25.2333,400.0,594.1,0.0,0.0,0.004,-0.027,0.028,-0.076,0.0,0,0,0,0.15,14000,14000.0,-0.0,0.0,0.0,0.0,0.0,-18835.2,-627840.0,-4835.2,0.0,1,0
25.25,400.0,594.102,0.0,-0.002,0.008,0.136,0.136,0.227,9.81,0,0,0,0.15,14500,14500.0,-0.0,0.0,0.0,0.0,0.0,-0.0,0.0,14500.0,627840.0,0,0
25.2667,400.001,594.1,0.001,0.0,0.007,-0.027,0.028,-0.06,0.0,0,0,0,0.15,15000,15000.0,-0.0,0.0,0.0,0.0,0.0,-18835.2,-627840.0,-3835.2,0.0,1,0
25.2833,400.001,594.102,0.001,-0.002,0.011,0.136,0.137,0.242,9.81,0,0,0,0.15,15500,15500.0,-0.0,0.0,0.0,0.0,0.0,-0.0,0.0,15500.0,627840.0,0,0
25.3,400.001,594.1,0.001,0.0,0.01,-0.027,0.029,-0.044,0.0,0,0,0,0.15,16000,16000.0,-0.0,0.0,0.0,0.0,0.0,-18835.2,-627840.0,-2835.2,0.0,1,0
25.3167,400.001,594.102,0.001,-0.002,0.014,0.136,0.137,0.258,9.81,0,0,0,0.15,16500,16500.0,-0.0,0.0,0.0,0.0,0.0,-0.0,0.0,16500.0,627840.0,0,0
25.3333,400.001,594.1,0.001,0.0,0.014,-0.027,0.031,-0.029,0.0,0,0,0,0.15,17000,17000.0,-0.0,0.0,0.0,0.0,0.0,-18835.2,-627840.0,-1835.2,0.0,1,0
25.35,400.002,594.102,0.002,-0.002,0.018,0.136,0.137,0.273,9.81,0,0,0,0.15,17500,17500.0,-0.0,0.0,0.0,0.0,0.0,-0.0,0.0,17500.0,627840.0,0,0
25.3667,400.002,594.1,0.002,0.0,0.018,-0.027,0.033,-0.013,0.0,0,0,0,0.15,18000,18000.0,-0.0,0.0,0.0,0.0,0.0,-18835.2,-627840.0,-835.2,0.0,1,0
25.3833,400.002,594.102,0.002,-0.002,0.023,0.136,0.138,0.289,9.81,0,0,0,0.15,18500,18500.0,-0.0,0.0,0.0,0.0,0.0,-0.0,0.0,18500.0,627840.0,0,0
25.4,400.003,594.1,0.003,0.0,0.023,-0.027,0.036,0.003,0.0,0,0,0,0.15,19000,19000.0,-0.0,0.0,0.0,0.0,0.0,-18835.2,-627840.0,164.8,0.0,1,0
25.4167,400.003,594.102,0.003,-0.002,0.028,0.136,0.139,0.305,9.81,0,0,0,0.15,19500,19500.0,-0.0,0.0,0.0,0.0,0.0,-0.0,0.0,19500.0,627840.0,0,0
25.4333,400.004,594.1,0.004,0.0,0.028,-0.027,0.039,0.018,0.0,0,0,0,0.15,20000,20000.0,-0.0,0.0,0.0,0.0,0.0,-18835.2,-627840.0,1164.8,0.0,1,0
25.45,400.004,594.102,0.004,-0.002,0.034,0.136,0.14,0.32,9.81,0,0,0,0.15,20500,20500.0,-0.0,0.0,0.0,0.0,0.0,-0.0,0.0,20500.0,627840.0,0,0
25.4667,400.005,594.1,0.005,0.0,0.034,-0.027,0.044,0.034,0.0,0,0,0,0.15,21000,21000.0,-0.0,0.0,0.0,0.0,0.0,-18835.2,-627840.0,2164.8,0.0,1,0
25.4833,400.005,594.102,0.005,-0.002,0.04,0.136,0.142,0.336,9.81,0,0,0,0.15,21500,21500.0,-0.0,0.0,0.0,0.0,0.0,-0.0,0.0,21500.0,627840.0,0,0
25.5,400.006,594.1,0.006,0.0,0.041,-0.027,0.049,0.049,0.0,0,0,0,0.15,22000,22000.0,-0.0,0.0,0.0,0.0,0.0,-18835.2,-627840.0,3164.8,0.0,1,0
25.5167,400.007,594.102,0.007,-0.002,0.046,0.136,0.144,0.352,9.81,0,0,0,0.15,22500,22500.0,-0.0,0.0,0.0,0.0,0.0,-0.0,0.0,22500.0,627840.0,0,0
25.5333,400.008,594.1,0.008,0.0,0.048,-0.027,0.055,0.065,0.0,0,0,0,0.15,23000,23000.0,-0.0,0.0,0.0,0.0,0.0,-18835.2,-627840.0,4164.8,0.0,1,0
25.55,400.009,594.102,0.009,-0.002,0.054,0.136,0.146,0.367,9.81,0,0,0,0.15,23500,23500.0,-0.0,0.0,0.0,0.0,0.0,-0.0,0.0,23500.0,627840.0,0,0
25.5667,400.01,594.1,0.01,0.0,0.055,-0.027,0.061,0.081,0.0,0,0,0,0.15,24000,24000.0,-0.0,0.0,0.0,0.0,0.0,-18835.2,-627840.0,5164.8,0.0,1,0
25.5833,400.011,594.102,0.011,-0.002,0.061,0.136,0.149,0.383,9.81,0,0,0,0.15,24500,24500.0,-0.0,0.0,0.0,0.0,0.0,-0.0,0.0,24500.0,627840.0,0,0
25.6,400.012,594.1,0.012,0.0,0.063,-0.027,0.069,0.096,0.0,0,0,0,0.15,25000,25000.0,-0.0,0.0,0.0,0.0,0.0,-18835.2,-627840.0,6164.8,0.0,1,0
25.6167,400.013,594.102,0.013,-0.002,0.07,0.136,0.153,0.398,9.81,0,0,0,0.15,25500,25500.0,-0.0,0.0,0.0,0.0,0.0,-0.0,0.0,25500.0,627840.0,0,0
25.6333,400.014,594.1,0.014,0.0,0.072,-0.027,0.077,0.112,0.0,0,0,0,0.15,26000,26000.0,-0.0,0.0,0.0,0.0,0.0,-18835.2,-627840.0,7164.8,0.0,1,0
25.65,400.015,594.102,0.015,-0.002,0.078,0.136,0.157,0.414,9.81,0,0,0,0.15,26500,26500.0,-0.0,0.0,0.0,0.0,0.0,-0.0,0.0,26500.0,627840.0,0,0
25.6667,400.017,594.1,0.017,0.0,0.081,-0.027,0.085,0.128,0.0,0,0,0,0.15,27000,27000.0,-0.0,0.0,0.0,0.0,0.0,-18835.2,-627840.0,8164.8,0.0,1,0
25.6833,400.018,594.102,0.018,-0.002,0.088,0.136,0.162,0.43,9.81,0,0,0,0.15,27500,27500.0,-0.0,0.0,0.0,0.0,0.0,-0.0,0.0,27500.0,627840.0,0,0
25.7,400.02,594.1,0.02,0.0,0.09,-0.027,0.094,0.143,0.0,0,0,0,0.15,28000,28000.0,-0.0,0.0,0.0,0.0,0.0,-18835.2,-627840.0,9164.8,0.0,1,0
25.7167,400.021,594.102,0.021,-0.002,0.098,0.136,0.168,0.445,9.81,0,0,0,0.15,28500,28500.0,-0.0,0.0,0.0,0.0,0.0,-0.0,0.0,28500.0,627840.0,0,0
25.7333,400.023,594.1,0.023,0.0,0.1,-0.027,0.104,0.159,0.0,0,0,0,0.15,29000,29000.0,-0.0,0.0,0.0,0.0,0.0,-18835.2,-627840.0,10164.8,0.0,1,0
25.75,400.025,594.102,0.025,-0.002,0.108,0.136,0.174,0.461,9.81,0,0,0,0.15,29500,29500.0,-0.0,0.0,0.0,0.0,0.0,-0.0,0.0,29500.0,627840.0,0,0
25.7667,400.026,594.1,0.026,0.0,0.111,-0.027,0.114,0.174,0.0,0,0,0,0.15,30000,30000.0,-0.0,0.0,0.0,0.0,0.0,-18835.2,-627840.0,11164.8,0.0,1,0
25.7833,400.028,594.102,0.028,-0.002,0.119,0.136,0.181,0.477,9.81,0,0,0,0.15,30500,30500.0,-0.0,0.0,0.0,0.0,0.0,-0.0,0.0,30500.0,627840.0,0,0
25.8,400.03,594.1,0.03,0.0,0.122,-0.027,0.125,0.19,0.0,0,0,0,0.15,31000,31000.0,-0.0,0.0,0.0,0.0,0.0,-18835.2,-627840.0,12164.8,0.0,1,0
25.8167,400.033,594.102,0.033,-0.002,0.13,0.136,0.188,0.492,9.81,0,0,0,0.15,31500,31500.0,-0.0,0.0,0.0,0.0,0.0,-0.0,0.0,31500.0,627840.0,0,0
25.8333,400.035,594.1,0.035,0.0,0.133,-0.027,0.136,0.206,0.0,0,0,0,0.15,32000,32000.0,-0.0,0.0,0.0,0.0,0.0,-18835.2,-627840.0,13164.8,0.0,1,0
25.85,400.037,594.102,0.037,-0.002,0.142,0.136,0.197,0.508,9.81,0,0,0,0.15,32500,32500.0,-0.0,0.0,0.0,0.0,0.0,-0.0,0.0,32500.0,627840.0,0,0
25.8667,400.04,594.1,0.04,0.0,0.146,-0.027,0.148,0.221,0.0,0,0,0,0.15,33000,33000.0,-0.0,0.0,0.0,0.0,0.0,-18835.2,-627840.0,14164.8,0.0,1,0
25.8833,400.042,594.102,0.042,-0.002,0.154,0.136,0.206,0.523,9.81,0,0,0,0.15,33500,33500.0,-0.0,0.0,0.0,0.0,0.0,-0.0,0.0,33500.0,627840.0,0,0
25.9,400.045,594.1,0.045,0.0,0.158,-0.027,0.161,0.237,0.0,0,0,0,0.15,34000,34000.0,-0.0,0.0,0.0,0.0,0.0,-18835.2,-627840.0,15164.8,0.0,1,0
25.9167,400.048,594.102,0.048,-0.002,0.167,0.136,0.216,0.539,9.81,0,0,0,0.15,34500,34500.0,-0.0,0.0,0.0,0.0,0.0,-0.0,0.0,34500.0,627840.0,0,0
25.9333,400.051,594.1,0.051,0.0,0.172,-0.027,0.174,0.253,0.0,0,0,0,0.15,35000,35000.0,-0.0,0.0,0.0,0.0,0.0,-18835.2,-627840.0,16164.8,0.0,1,0
25.95,400.054,594.102,0.054,-0.002,0.181,0.136,0.226,0.555,9.81,0,0,0,0.15,35500,35500.0,-0.0,0.0,0.0,0.0,0.0,-0.0,0.0,35500.0,627840.0,0,0
25.9667,400.057,594.1,0.057,0.0,0.185,-0.027,0.187,0.268,0.0,0,0,0,0.15,36000,36000.0,-0.0,0.0,0.0,0.0,0.0,-18835.2,-627840.0,17164.8,0.0,1,0
25.9833,400.06,594.102,0.06,-0.002,0.195,0.136,0.238,0.57,9.81,0,0,0,0.15,36500,36500.0,-0.0,0.0,0.0,0.0,0.0,-0.0,0.0,36500.0,627840.0,0,0
26.0,400.063,594.1,0.063,0.0,0.199,-0.027,0.201,0.284,0.0,0,0,0,0.15,37000,37000.0,-0.0,0.0,0.0,0.0,0.0,-18835.2,-627840.0,18164.8,0.0,1,0
26.0167,400.067,594.102,0.067,-0.002,0.209,0.136,0.25,0.586,9.81,0,0,0,0.15,37500,37500.0,-0.0,0.0,0.0,0.0,0.0,-0.0,0.0,37500.0,627840.0,0,0
26.0333,400.07,594.1,0.07,0.0,0.214,-0.027,0.216,0.299,0.0,0,0,0,0.15,38000,38000.0,-0.0,0.0,0.0,0.0,0.0,-18835.2,-627840.0,19164.8,0.0,1,0
26.05,400.074,594.102,0.074,-0.002,0.224,0.136,0.262,0.602,9.81,0,0,0,0.15,38500,38500.0,-0.0,0.0,0.0,0.0,0.0,-0.0,0.0,38500.0,627840.0,0,0
26.0667,400.078,594.1,0.078,0.0,0.229,-0.027,0.231,0.315,0.0,0,0,0,0.15,39000,39000.0,-0.0,0.0,0.0,0.0,0.0,-18835.2,-627840.0,20164.8,0.0,1,0
26.0833,400.082,594.102,0.082,-0.002,0.24,0.136,0.276,0.617,9.81,0,0,0,0.15,39500,39500.0,-0.0,0.0,0.0,0.0,0.0,-0.0,0.0,39500.0,627840.0,0,0
26.1,400.086,594.1,0.086,0.0,0.245,-0.027,0.247,0.331,0.0,0,0,0,0.15,40000,40000.0,-0.0,0.0,0.0,0.0,0.0,-18835.2,-627840.0,21164.8,0.0,1,0
26.1167,400.09,594.102,0.09,-0.002,0.256,0.136,0.29,0.633,9.81,0,0,0,0.15,40500,40500.0,-0.0,0.0,0.0,0.0,0.0,-0.0,0.0,40500.0,627840.0,0,0
26.1333,400.095,594.1,0.095,0.0,0.262,-0.027,0.263,0.346,0.0,0,0,0,0.15,41000,41000.0,-0.0,0.0,0.0,0.0,0.0,-18835.2,-627840.0,22164.8,0.0,1,0
26.15,400.099,594.102,0.099,-0.002,0.272,0.136,0.305,0.648,9.81,0,0,0,0.15,41500,41500.0,-0.0,0.0,0.0,0.0,0.0,-0.0,0.0,41500.0,627840.0,0,0
26.1667,400.104,594.1,0.104,0.0,0.278,-0.027,0.28,0.362,0.0,0,0,0,0.15,42000,42000.0,-0.0,0.0,0.0,0.0,0.0,-18835.2,-627840.0,23164.8,0.0,1,0
26.1833,400.109,594.102,0.109,-0.002,0.29,0.136,0.32,0.664,9.81,0,0,0,0.15,42500,42500.0,-0.0,0.0,0.0,0.0,0.0,-0.0,0.0,42500.0,627840.0,0,0
26.2,400.113,594.1,0.113,0.0,0.296,-0.027,0.297,0.378,0.0,0,0,0,0.15,43000,43000.0,-0.0,0.0,0.0,0.0,0.0,-18835.2,-627840.0,24164.8,0.0,1,0
26.2167,400.119,594.102,0.119,-0.002,0.307,0.136,0.336,0.68,9.81,0,0,0,0.15,43500,43500.0,-0.0,0.0,0.0,0.0,0.0,-0.0,0.0,43500.0,627840.0,0,0
26.2333,400.124,594.1,0.124,0.0,0.314,-0.027,0.315,0.393,0.0,0,0,0,0.15,44000,44000.0,-0.0,0.0,0.0,0.0,0.0,-18835.2,-627840.0,25164.8,0.0,1,0
26.25,400.129,594.102,0.129,-0.002,0.325,0.136,0.353,0.695,9.81,0,0,0,0.15,44500,44500.0,-0.0,0.0,0.0,0.0,0.0,-0.0,0.0,44500.0,627840.0,0,0
26.2667,400.135,594.1,0.135,0.0,0.332,-0.027,0.333,0.409,0.0,0,0,0,0.15,45000,45000.0,-0.0,0.0,0.0,0.0,0.0,-18835.2,-627840.0,26164.8,0.0,1,0
26.2833,400.141,594.102,0.141,-0.002,0.344,0.136,0.37,0.711,9.81,0,0,0,0.15,45500,45500.0,-0.0,0.0,0.0,0.0,0.0,-0.0,0.0,45500.0,627840.0,0,0
26.3,400.146,594.1,0.146,0.0,0.351,-0.027,0.352,0.424,0.0,0,0,0,0.15,46000,46000.0,-0.0,0.0,0.0,0.0,0.0,-18835.2,-627840.0,27164.8,0.0,1,0
26.3167,400.152,594.102,0.152,-0.002,0.363,0.136,0.388,0.727,9.81,0,0,0,0.15,46500,46500.0,-0.0,0.0,0.0,0.0,0.0,-0.0,0.0,46500.0,627840.0,0,0
26.3333,400.159,594.1,0.159,0.0,0.37,-0.027,0.371,0.44,0.0,0,0,0,0.15,47000,47000.0,-0.0,0.0,0.0,0.0,0.0,-18835.2,-627840.0,28164.8,0.0,1,0
26.35,400.165,594.102,0.165,-0.002,0.383,0.136,0.406,0.742,9.81,0,0,0,0.15,47500,47500.0,-0.0,0.0,0.0,0.0,0.0,-0.0,0.0,47500.0,627840.0,0,0
26.3667,400.171,594.1,0.171,0.0,0.39,-0.027,0.391,0.456,0.0,0,0,0,0.15,48000,48000.0,-0.0,0.0,0.0,0.0,0.0,-18835.2,-627840.0,29164.8,0.0,1,0
26.3833,400.178,594.102,0.178,-0.002,0.403,0.136,0.425,0.758,9.81,0,0,0,0.15,48500,48500.0,-0.0,0.0,0.0,0.0,0.0,-0.0,0.0,48500.0,627840.0,0,0
26.4,400.185,594.1,0.185,0.0,0.411,-0.027,0.412,0.471,0.0,0,0,0,0.15,49000,49000.0,-0.0,0.0,0.0,0.0,0.0,-18835.2,-627840.0,30164.8,0.0,1,0
26.4167,400.192,594.102,0.192,-0.002,0.424,0.136,0.445,0.773,9.81,0,0,0,0.15,49500,49500.0,-0.0,0.0,0.0,0.0,0.0,-0.0,0.0,49500.0,627840.0,0,0
26.4333,400.199,594.1,0.199,0.0,0.432,-0.027,0.433,0.487,0.0,0,0,0,0.15,50000,50000.0,-0.0,0.0,0.0,0.0,0.0,-18835.2,-627840.0,31164.8,0.0,1,0
26.45,400.207,594.102,0.207,-0.002,0.445,0.136,0.465,0.789,9.81,0,0,0,0.15,50500,50500.0,-0.0,0.0,0.0,0.0,0.0,-0.0,0.0,50500.0,627840.0,0,0
26.4667,400.214,594.1,0.214,0.0,0.453,-0.027,0.454,0.503,0.0,0,0,0,0.15,51000,51000.0,-0.0,0.0,0.0,0.0,0.0,-18835.2,-627840.0,32164.8,0.0,1,0
26.4833,400.222,594.102,0.222,-0.002,0.467,0.136,0.486,0.805,9.81,0,0,0,0.15,51500,51500.0,-0.0,0.0,0.0,0.0,0.0,-0.0,0.0,51500.0,627840.0,0,0
26.5,400.23,594.1,0.23,0.0,0.475,-0.027,0.476,0.518,0.0,0,0,0,0.15,52000,52000.0,-0.0,0.0,0.0,0.0,0.0,-18835.2,-627840.0,33164.8,0.0,1,0
26.5167,400.238,594.102,0.238,-0.002,0.489,0.136,0.508,0.82,9.81,0,0,0,0.15,52500,52500.0,-0.0,0.0,0.0,0.0,0.0,-0.0,0.0,52500.0,627840.0,0,0
26.5333,400.246,594.1,0.246,0.0,0.498,-0.027,0.499,0.534,0.0,0,0,0,0.15,53000,53000.0,-0.0,0.0,0.0,0.0,0.0,-18835.2,-627840.0,34164.8,0.0,1,0
26.55,400.255,594.102,0.255,-0.002,0.512,0.136,0.53,0.836,9.81,0,0,0,0.15,53500,53500.0,-0.0,0.0,0.0,0.0,0.0,-0.0,0.0,53500.0,627840.0,0,0
26.5667,400.264,594.1,0.264,0.0,0.521,-0.027,0.522,0.549,0.0,0,0,0,0.15,54000,54000.0,-0.0,0.0,0.0,0.0,0.0,-18835.2,-627840.0,35164.8,0.0,1,0
26.5833,400.273,594.102,0.273,-0.002,0.535,0.136,0.552,0.852,9.81,0,0,0,0.15,54500,54500.0,-0.0,0.0,0.0,0.0,0.0,-0.0,0.0,54500.0,627840.0,0,0
26.6,400.282,594.1,0.282,0.0,0.545,-0.027,0.545,0.565,0.0,0,0,0,0.15,55000,55000.0,-0.0,0.0,0.0,0.0,0.0,-18835.2,-627840.0,36164.8,0.0,1,0
26.6167,400.291,594.102,0.291,-0.002,0.559,0.136,0.576,0.867,9.81,0,0,0,0.15,55500,55500.0,-0.0,0.0,0.0,0.0,0.0,-0.0,0.0,55500.0,627840.0,0,0
26.6333,400.3,594.1,0.3,0.0,0.569,-0.027,0.57,0.581,0.0,0,0,0,0.15,56000,56000.0,-0.0,0.0,0.0,0.0,0.0,-18835.2,-627840.0,37164.8,0.0,1,0
26.65,400.31,594.102,0.31,-0.002,0.584,0.136,0.599,0.883,9.81,0,0,0,0.15,56500,56500.0,-0.0,0.0,0.0,0.0,0.0,-0.0,0.0,56500.0,627840.0,0,0
26.6667,400.32,594.1,0.32,0.0,0.594,-0.027,0.594,0.596,0.0,0,0,0,0.15,57000,57000.0,-0.0,0.0,0.0,0.0,0.0,-18835.2,-627840.0,38164.8,0.0,1,0
26.6833,400.33,594.102,0.33,-0.002,0.609,0.136,0.624,0.898,9.81,0,0,0,0.15,57500,57500.0,-0.0,0.0,0.0,0.0,0.0,-0.0,0.0,57500.0,627840.0,0,0
26.7,400.341,594.1,0.341,0.0,0.619,-0.027,0.619,0.612,0.0,0,0,0,0.15,58000,58000.0,-0.0,0.0,0.0,0.0,0.0,-18835.2,-627840.0,39164.8,0.0,1,0
26.7167,400.351,594.102,0.351,-0.002,0.634,0.136,0.648,0.914,9.81,0,0,0,0.15,58500,58500.0,-0.0,0.0,0.0,0.0,0.0,-0.0,0.0,58500.0,627840.0,0,0
26.7333,400.362,594.1,0.362,0.0,0.644,-0.027,0.645,0.628,0.0,0,0,0,0.15,59000,59000.0,-0.0,0.0,0.0,0.0,0.0,-18835.2,-627840.0,40164.8,0.0,1,0
26.75,400.373,594.102,0.373,-0.002,0.66,0.136,0.674,0.93,9.81,0,0,0,0.15,59500,59500.0,-0.0,0.0,0.0,0.0,0.0,-0.0,0.0,59500.0,627840.0,0,0
26.7667,400.384,594.1,0.384,0.0,0.671,-0.027,0.671,0.643,0.0,0,0,0,0.15,60000,60000.0,-0.0,0.0,0.0,0.0,0.0,-18835.2,-627840.0,41164.8,0.0,1,0
26.7833,400.395,594.102,0.395,-0.002,0.686,0.136,0.7,0.945,9.81,0,0,0,0.15,60500,60500.0,-0.0,0.0,0.0,0.0,0.0,-0.0,0.0,60500.0,627840.0,0,0
26.8,400.407,594.1,0.407,0.0,0.697,-0.027,0.698,0.659,0.0,0,0,0,0.15,61000,61000.0,-0.0,0.0,0.0,0.0,0.0,-18835.2,-627840.0,42164.8,0.0,1,0
26.8167,400.419,594.102,0.419,-0.002,0.713,0.136,0.726,0.961,9.81,0,0,0,0.15,61500,61500.0,-0.0,0.0,0.0,0.0,0.0,-0.0,0.0,61500.0,627840.0,0,0
26.8333,400.431,594.1,0.431,0.0,0.725,-0.027,0.725,0.674,0.0,0,0,0,0.15,62000,62000.0,-0.0,0.0,0.0,0.0,0.0,-18835.2,-627840.0,43164.8,0.0,1,0
26.85,400.443,594.102,0.443,-0.002,0.741,0.136,0.753,0.977,9.81,0,0,0,0.15,62500,62500.0,-0.0,0.0,0.0,0.0,0.0,-0.0,0.0,62500.0,627840.0,0,0
26.8667,400.456,594.1,0.456,0.0,0.752,-0.027,0.753,0.69,0.0,0,0,0,0.15,63000,63000.0,-0.0,0.0,0.0,0.0,0.0,-18835.2,-627840.0,44164.8,0.0,1,0
26.8833,400.469,594.102,0.469,-0.002,0.769,0.136,0.781,0.992,9.81,0,0,0,0.15,63500,63500.0,-0.0,0.0,0.0,0.0,0.0,-0.0,0.0,63500.0,627840.0,0,0
26.9,400.482,594.1,0.482,0.0,0.781,-0.027,0.781,0.706,0.0,0,0,0,0.15,64000,64000.0,-0.0,0.0,0.0,0.0,0.0,-18835.2,-627840.0,45164.8,0.0,1,0
26.9167,400.495,594.102,0.495,-0.002,0.797,0.136,0.809,1.008,9.81,0,0,0,0.15,64500,64500.0,-0.0,0.0,0.0,0.0,0.0,-0.0,0.0,64500.0,627840.0,0,0
26.9333,400.509,594.1,0.509,0.0,0.81,-0.027,0.81,0.721,0.0,0,0,0,0.15,65000,65000.0,-0.0,0.0,0.0,0.0,0.0,-18835.2,-627840.0,46164.8,0.0,1,0
26.95,400.522,594.102,0.522,-0.002,0.827,0.136,0.838,1.023,9.81,0,0,0,0.15,65500,65500.0,-0.0,0.0,0.0,0.0,0.0,-0.0,0.0,65500.0,627840.0,0,0
26.9667,400.536,594.1,0.536,0.0,0.839,-0.027,0.839,0.737,0.0,0,0,0,0.15,66000,66000.0,-0.0,0.0,0.0,0.0,0.0,-18835.2,-627840.0,47164.8,0.0,1,0
26.9833,400.551,594.102,0.551,-0.002,0.856,0.136,0.867,1.039,9.81,0,0,0,0.15,66500,66500.0,-0.0,0.0,0.0,0.0,0.0,-0.0,0.0,66500.0,627840.0,0,0
27.0,400.565,594.1,0.565,0.0,0.869,-0.027,0.869,0.753,0.0,0,0,0,0.15,67000,67000.0,-0.0,0.0,0.0,0.0,0.0,-18835.2,-627840.0,48164.8,0.0,1,0
27.0167,400.58,594.102,0.58,-0.002,0.886,0.136,0.897,1.055,9.81,0,0,0,0.15,67500,67500.0,-0.0,0.0,0.0,0.0,0.0,-0.0,0.0,67500.0,627840.0,0,0
27.0333,400.595,594.1,0.595,0.0,0.899,-0.027,0.9,0.768,0.0,0,0,0,0.15,68000,68000.0,-0.0,0.0,0.0,0.0,0.0,-18835.2,-627840.0,49164.8,0.0,1,0
27.05,400.61,594.102,0.61,-0.002,0.917,0.136,0.927,1.07,9.81,0,0,0,0.15,68500,68500.0,-0.0,0.0,0.0,0.0,0.0,-0.0,0.0,68500.0,627840.0,0,0
27.0667,400.626,594.1,0.626,0.0,0.93,-0.027,0.93,0.784,0.0,0,0,0,0.15,69000,69000.0,-0.0,0.0,0.0,0.0,0.0,-18835.2,-627840.0,50164.8,0.0,1,0
27.0833,400.641,594.102,0.641,-0.002,0.948,0.136,0.958,1.086,9.81,0,0,0,0.15,69500,69500.0,-0.0,0.0,0.0,0.0,0.0,-0.0,0.0,69500.0,627840.0,0,0
27.1,400.657,594.1,0.657,0.0,0.961,-0.027,0.962,0.799,0.0,0,0,0,0.15,70000,70000.0,-0.0,0.0,0.0,0.0,0.0,-18835.2,-627840.0,51164.8,0.0,1,0
27.1167,400.674,594.102,0.674,-0.002,0.98,0.136,0.989,1.102,9.81,0,0,0,0.15,70500,70500.0,-0.0,0.0,0.0,0.0,0.0,-0.0,0.0,70500.0,627840.0,0,0
27.1333,400.69,594.1,0.69,0.0,0.993,-0.027,0.994,0.815,0.0,0,0,0,0.15,71000,71000.0,-0.0,0.0,0.0,0.0,0.0,-18835.2,-627840.0,52164.8,0.0,1,0
27.15,400.707,594.102,0.707,-0.002,1.012,0.136,1.021,1.117,9.81,0,0,0,0.15,71500,71500.0,-0.0,0.0,0.0,0.0,0.0,-0.0,0.0,71500.0,627840.0,0,0
27.1667,400.724,594.1,0.724,0.0,1.026,-0.027,1.026,0.831,-0.0,0,1.54,-1.54,0.0112,72000,72000.0,-0.0,-0.0,-0.9,-2.3,0.1,-18835.2,-627840.0,53162.5,-0.8,1,0
27.1833,400.742,594.102,0.742,-0.002,1.045,0.136,1.054,1.133,9.81,0,1.52,-1.52,0.0131,72500,72500.0,-0.0,-0.0,-1.0,-2.4,0.1,-0.0,0.0,72497.6,627839.0,0,0
27.2,400.759,594.1,0.759,0.0,1.059,-0.027,1.059,0.846,-0.0,0,1.49,-1.49,0.0155,73000,73000.0,-0.0,-0.0,-1.3,-2.5,0.1,-18835.2,-627840.0,54162.3,-1.2,1,0
27.2167,400.777,594.102,0.777,-0.002,1.078,0.136,1.087,1.148,9.81,0,1.47,-1.47,0.0173,73500,73500.0,-0.0,-0.0,-1.5,-2.5,0.1,-0.0,0.0,73497.4,627838.6,0,0
27.2333,400.795,594.1,0.795,0.0,1.092,-0.027,1.093,0.862,-0.0,0,1.45,-1.45,0.0197,74000,74000.0,-0.0,-0.0,-1.7,-2.6,0.1,-18835.2,-627840.0,55162.1,-1.6,1,0
27.25,400.814,594.102,0.814,-0.002,1.112,0.136,1.12,1.164,9.81,0,1.43,-1.43,0.0214,74500,74500.0,-0.0,-0.0,-1.9,-2.7,0.1,-0.0,0.0,74497.3,627838.2,0,0
27.2667,400.833,594.1,0.833,0.0,1.126,-0.027,1.127,0.878,-0.0,0,1.4,-1.4,0.0236,75000,75000.0,-0.0,-0.1,-2.2,-2.8,0.1,-18835.2,-627840.0,56162.0,-2.1,1,0
27.2833,400.852,594.102,0.852,-0.002,1.146,0.136,1.154,1.18,9.81,0,1.39,-1.39,0.0253,75500,75500.0,-0.0,-0.1,-2.4,-2.9,0.1,-0.0,0.0,75497.1,627837.7,0,0
27.3,400.871,594.1,0.871,0.0,1.161,-0.027,1.161,0.893,-0.0,0,1.36,-1.36,0.0274,76000,76000.0,-0.0,-0.1,-2.7,-3.0,0.1,-18835.2,-627840.0,57161.8,-2.6,1,0
27.3167,400.891,594.102,0.891,-0.002,1.181,0.136,1.189,1.195,9.81,0,1.34,-1.34,0.029,76500,76500.0,-0.0,-0.1,-2.9,-3.0,0.1,-0.0,0.0,76496.9,627837.1,0,0
27.3333,400.911,594.1,0.911,0.0,1.196,-0.027,1.196,0.909,-0.0,0,1.32,-1.32,0.031,77000,77000.0,-0.0,-0.1,-3.2,-3.1,0.1,-18835.2,-627840.0,58161.6,-3.2,1,0
27.35,400.931,594.102,0.931,-0.002,1.216,0.136,1.224,1.211,9.81,0,1.31,-1.31,0.0325,77500,77500.0,-0.0,-0.1,-3.5,-3.2,0.1,-0.0,0.0,77496.7,627836.6,0,0
27.3667,400.952,594.1,0.952,0.0,1.232,-0.027,1.232,0.924,-0.0,0,1.28,-1.28,0.0345,78000,78000.0,-0.0,-0.1,-3.8,-3.3,0.1,-18835.2,-627840.0,59161.4,-3.7,1,0
27.3833,400.973,594.102,0.973,-0.002,1.252,0.136,1.259,1.227,9.81,0,1.27,-1.27,0.0359,78500,78500.0,-0.0,-0.1,-4.1,-3.4,0.1,-0.0,0.0,78496.5,627836.0,0,0
27.4,400.994,594.1,0.994,0.0,1.268,-0.027,1.268,0.94,-0.0,0,1.25,-1.25,0.0378,79000,79000.0,-0.0,-0.1,-4.4,-3.5,0.1,-18835.2,-627840.0,60161.2,-4.4,1,0
27.4167,401.015,594.102,1.015,-0.002,1.288,0.136,1.296,1.242,9.81,0,1.23,-1.23,0.0392,79500,79500.0,-0.0,-0.1,-4.7,-3.6,0.1,-0.0,0.0,79496.3,627835.4,0,0
27.4333,401.037,594.1,1.037,0.0,1.304,-0.027,1.305,0.956,-0.0,0,1.21,-1.21,0.041,80000,80000.0,-0.0,-0.1,-5.1,-3.7,0.1,-18835.2,-627840.0,61161.0,-5.0,1,0
27.45,401.059,594.102,1.059,-0.002,1.325,0.136,1.332,1.258,9.81,0,1.2,-1.2,0.0423,80500,80500.0,-0.0,-0.1,-5.4,-3.8,0.1,-0.0,0.0,80496.1,627834.7,0,0
27.4667,401.081,594.1,1.081,0.0,1.341,-0.027,1.342,0.971,-0.0,0,1.18,-1.18,0.044,81000,81000.0,-0.0,-0.1,-5.8,-4.0,0.1,-18835.2,-627840.0,62160.7,-5.7,1,0
27.4833,401.104,594.102,1.104,-0.002,1.363,0.136,1.369,1.273,9.81,0,1.16,-1.16,0.0453,81500,81500.0,-0.0,-0.1,-6.1,-4.0,0.1,-0.0,0.0,81495.8,627834.0,0,0
27.5,401.127,594.1,1.127,0.0,1.379,-0.027,1.379,0.987,-0.0,0,1.15,-1.15,0.0469,82000,82000.0,-0.0,-0.1,-6.5,-4.2,0.1,-18835.2,-627840.0,63160.5,-6.4,1,0
27.5167,401.15,594.102,1.15,-0.002,1.401,0.136,1.407,1.289,9.81,0,1.13,-1.13,0.0481,82500,82500.0,-0.0,-0.1,-6.9,-4.3,0.1,-0.0,0.0,82495.6,627833.2,0,0
27.5333,401.174,594.1,1.174,0.0,1.417,-0.027,1.418,1.003,-0.0,0,1.11,-1.11,0.0497,83000,83000.0,-0.0,-0.1,-7.3,-4.4,0.1,-18835.2,-627840.0,64160.2,-7.2,1,0
27.55,401.198,594.102,1.198,-0.002,1.439,0.136,1.445,1.305,9.81,0,1.1,-1.1,0.0509,83500,83500.0,-0.0,-0.1,-7.7,-4.5,0.1,-0.0,0.0,83495.3,627832.4,0,0
27.5667,401.222,594.1,1.222,0.0,1.456,-0.027,1.456,1.018,-0.0,0,1.08,-1.08,0.0524,84000,84000.0,-0.0,-0.2,-8.1,-4.7,0.1,-18835.2,-627840.0,65160.0,-8.0,1,0
27.5833,401.247,594.102,1.247,-0.002,1.478,0.136,1.484,1.32,9.81,0,1.07,-1.07,0.0535,84500,84500.0,-0.0,-0.2,-8.5,-4.8,0.1,-0.0,0.0,84495.1,627831.6,0,0
27.6,401.272,594.1,1.272,0.0,1.495,-0.027,1.495,1.034,-0.0,0,1.06,-1.06,0.0549,85000,85000.0,-0.0,-0.2,-9.0,-4.9,0.1,-18835.2,-627840.0,66159.7,-8.9,1,0
27.6167,401.297,594.102,1.297,-0.002,1.518,0.136,1.524,1.336,9.81,0,1.04,-1.04,0.056,85500,85500.0,-0.0,-0.2,-9.4,-5.0,0.1,-0.0,0.0,85494.8,627830.7,0,0
27.6333,401.323,594.1,1.323,0.0,1.535,-0.027,1.535,1.049,-0.0,0,1.03,-1.03,0.0574,86000,86000.0,-0.0,-0.2,-9.9,-5.2,0.1,-18835.2,-627840.0,67159.4,-9.8,1,0
27.65,401.349,594.102,1.349,-0.002,1.558,0.136,1.563,1.351,9.81,0,1.02,-1.02,0.0585,86500,86500.0,-0.0,-0.2,-10.3,-5.3,0.1,-0.0,0.0,86494.5,627829.8,0,0
27.6667,401.375,594.1,1.375,0.0,1.575,-0.027,1.576,1.065,-0.0,0,1.0,-1.0,0.0598,87000,87000.0,-0.0,-0.2,-10.9,-5.5,0.1,-18835.2,-627840.0,68159.2,-10.8,1,0
27.6833,401.401,594.102,1.401,-0.002,1.598,0.136,1.604,1.367,9.81,0,0.99,-0.99,0.0608,87500,87500.0,-0.0,-0.2,-11.3,-5.6,0.1,-0.0,0.0,87494.2,627828.8,0,0
27.7,401.428,594.1,1.428,0.0,1.616,-0.027,1.616,1.081,-0.0,0,0.98,-0.98,0.0621,88000,88000.0,-0.0,-0.2,-11.9,-5.7,0.1,-18835.2,-627840.0,69158.9,-11.8,1,0
27.7167,401.456,594.102,1.456,-0.002,1.639,0.136,1.645,1.383,9.81,0,0.97,-0.97,0.0631,88500,88500.0,-0.0,-0.2,-12.3,-5.9,0.1,-0.0,0.0,88493.9,627827.8,0,0
27.7333,401.483,594.1,1.483,0.0,1.657,-0.027,1.658,1.096,-0.0,0,0.95,-0.95,0.0643,89000,89000.0,-0.0,-0.2,-12.9,-6.0,0.1,-18835.2,-627840.0,70158.5,-12.8,1,0
27.75,401.511,594.102,1.511,-0.002,1.681,0.136,1.686,1.398,9.81,0,0.94,-0.94,0.0652,89500,89500.0,-0.0,-0.2,-13.4,-6.2,0.1,-0.0,0.0,89493.6,627826.7,0,0
27.7667,401.54,594.1,1.54,0.0,1.699,-0.027,1.699,1.112,-0.0,0,0.93,-0.93,0.0664,90000,90000.0,-0.0,-0.2,-14.1,-6.4,0.1,-18835.2,-627840.0,71158.2,-14.0,1,0
27.7833,401.568,594.102,1.568,-0.002,1.723,0.136,1.728,1.414,9.81,0,0.92,-0.92,0.0673,90500,90500.0,-0.0,-0.2,-14.6,-6.5,0.1,-0.0,0.0,90493.3,627825.5,0,0
27.8,401.597,594.1,1.597,0.0,1.742,-0.027,1.742,1.127,-0.0,0,0.91,-0.91,0.0684,91000,91000.0,-0.0,-0.2,-15.2,-6.7,0.1,-18835.2,-627840.0,72157.9,-15.1,1,0
27.8167,401.627,594.102,1.627,-0.002,1.765,0.136,1.771,1.43,9.81,0,0.9,-0.9,0.0693,91500,91500.0,-0.0,-0.2,-15.8,-6.8,0.1,-0.0,0.0,91492.9,627824.3,0,0
27.8333,401.657,594.1,1.657,0.0,1.784,-0.027,1.785,1.143,-0.0,0,0.88,-0.88,0.0704,92000,92000.0,-0.0,-0.3,-16.5,-7.0,0.1,-18835.2,-627840.0,73157.5,-16.3,1,0
27.85,401.687,594.102,1.687,-0.002,1.809,0.136,1.814,1.445,9.81,0,0.87,-0.87,0.0713,92500,92500.0,-0.0,-0.3,-17.0,-7.2,0.1,-0.0,0.0,92492.6,627823.1,0,0
27.8667,401.717,594.1,1.717,0.0,1.828,-0.027,1.828,1.159,-0.0,0,0.86,-0.86,0.0723,93000,93000.0,-0.0,-0.3,-17.7,-7.4,0.1,-18835.2,-627840.0,74157.2,-17.6,1,0
27.8833,401.748,594.102,1.748,-0.002,1.852,0.136,1.857,1.461,9.81,0,0.85,-0.85,0.0731,93500,93500.0,-0.0,-0.3,-18.3,-7.5,0.1,-0.0,0.0,93492.2,627821.8,0,0
27.9,401.779,594.1,1.779,0.0,1.872,-0.027,1.872,1.174,-0.0,0,0.84,-0.84,0.0741,94000,94000.0,-0.0,-0.3,-19.1,-7.7,0.1,-18835.2,-627840.0,75156.8,-19.0,1,0
27.9167,401.811,594.102,1.811,-0.002,1.896,0.136,1.901,1.476,9.81,0,0.83,-0.83,0.0749,94500,94500.0,-0.0,-0.3,-19.7,-7.9,0.1,-0.0,0.0,94491.8,627820.4,0,0
27.9333,401.843,594.1,1.843,0.0,1.916,-0.027,1.916,1.19,-0.0,0,0.82,-0.82,0.0759,95000,95000.0,-0.0,-0.3,-20.5,-8.1,0.1,-18835.2,-627840.0,76156.4,-20.4,1,0
27.95,401.875,594.102,1.875,-0.002,1.941,0.136,1.946,1.492,9.81,0,0.81,-0.81,0.0767,95500,95500.0,-0.0,-0.3,-21.1,-8.3,0.1,-0.0,0.0,95491.4,627819.0,0,0
27.9667,401.908,594.1,1.908,0.0,1.961,-0.027,1.961,1.206,-0.0,0,0.8,-0.8,0.0776,96000,96000.0,-0.0,-0.3,-21.9,-8.5,0.1,-18835.2,-627840.0,77156.0,-21.8,1,0
27.9833,401.941,594.102,1.941,-0.002,1.986,0.136,1.991,1.508,9.81,0,0.8,-0.8,0.0783,96500,96500.0,-0.0,-0.3,-22.6,-8.7,0.1,-0.0,0.0,96491.0,627817.5,0,0
28.0,401.974,594.1,1.974,0.0,2.007,-0.027,2.007,1.221,-0.0,0,0.79,-0.79,0.0793,97000,97000.0,-0.0,-0.3,-23.4,-8.9,0.1,-18835.2,-627840.0,78155.6,-23.3,1,0
28.0167,402.008,594.102,2.008,-0.002,2.032,0.136,2.037,1.523,9.81,0,0.78,-0.78,0.08,97500,97500.0,-0.0,-0.3,-24.1,-9.1,0.1,-0.0,0.0,97490.6,627816.0,0,0
28.0333,402.042,594.1,2.042,0.0,2.053,-0.027,2.053,1.237,-0.0,0,0.77,-0.77,0.0809,98000,98000.0,-0.0,-0.3,-25.0,-9.3,0.1,-18835.2,-627840.0,79155.2,-24.9,1,0
28.05,402.077,594.102,2.077,-0.002,2.078,0.136,2.083,1.539,9.81,0,0.76,-0.76,0.0815,98500,98500.0,-0.0,-0.3,-25.8,-9.5,0.1,-0.0,0.0,98490.2,627814.4,0,0
28.0667,402.112,594.1,2.112,0.0,2.099,-0.027,2.099,1.252,-0.0,0,0.75,-0.75,0.0824,99000,99000.0,-0.0,-0.3,-26.7,-9.7,0.1,-18835.2,-627840.0,80154.7,-26.6,1,0
28.0833,402.148,594.102,2.148,-0.002,2.125,0.136,2.129,1.555,9.81,0,0.74,-0.74,0.0831,99500,99500.0,-0.0,-0.4,-27.4,-9.9,0.1,-0.0,0.0,99489.7,627812.7,0,0
28.1,402.183,594.1,2.183,0.0,2.146,-0.027,2.146,1.268,-0.0,0,0.73,-0.73,0.0839,100000,100000.0,-0.0,-0.4,-28.4,-10.2,0.1,-18835.2,-627840.0,81154.3,-28.3,1,0
28.1167,402.22,594.102,2.22,-0.002,2.172,0.136,2.177,1.57,9.81,0,0.73,-0.73,0.0845,100500,100500.0,-0.0,-0.4,-29.2,-10.4,0.1,-0.0,0.0,100489.3,627810.9,0,0
28.1333,402.256,594.1,2.256,0.0,2.194,-0.027,2.194,1.284,-0.0,0,0.72,-0.72,0.0853,101000,101000.0,-0.0,-0.4,-30.2,-10.6,0.1,-18835.2,-627840.0,82153.8,-30.1,1,0
28.15,402.293,594.102,2.293,-0.002,2.22,0.136,2.224,1.586,9.81,0,0.71,-0.71,0.0859,101500,101500.0,-0.0,-0.4,-31.0,-10.8,0.1,-0.0,0.0,101488.8,627809.1,0,0
28.1667,402.33,594.1,2.33,0.0,2.242,-0.027,2.242,1.299,-0.0,0,0.7,-0.7,0.0867,102000,102000.0,-0.0,-0.4,-32.0,-11.1,0.1,-18835.2,-627840.0,83153.3,-31.9,1,0
28.1833,402.368,594.102,2.368,-0.002,2.269,0.136,2.273,1.601,9.809,0,0.7,-0.7,0.0873,102500,102500.0,-0.0,-0.4,-32.9,-11.3,0.1,-0.0,0.0,102488.3,627807.2,0,0
28.2,402.406,594.1,2.406,0.0,2.29,-0.027,2.291,1.315,-0.001,0,0.69,-0.69,0.0881,103000,103000.0,-0.0,-0.4,-34.0,-11.6,0.1,-18835.2,-627840.0,84152.8,-33.8,1,0
28.2167,402.445,594.102,2.445,-0.002,2.317,0.136,2.321,1.617,9.809,0,0.68,-0.68,0.0886,103500,103500.0,-0.0,-0.4,-34.9,-11.8,0.1,-0.0,0.0,103487.8,627805.3,0,0
28.2333,402.484,594.1,2.484,0.0,2.34,-0.027,2.34,1.331,-0.001,0,0.67,-0.67,0.0894,104000,104000.0,-0.0,-0.4,-36.0,-12.1,0.1,-18835.2,-627840.0,85152.3,-35.8,1,0
28.25,402.523,594.102,2.523,-0.002,2.367,0.136,2.371,1.633,9.809,0,0.67,-0.67,0.0899,104500,104500.0,-0.0,-0.4,-36.9,-12.3,0.1,-0.0,0.0,104487.3,627803.2,0,0
28.2667,402.563,594.1,2.563,0.0,2.389,-0.027,2.389,1.346,-0.001,0,0.66,-0.66,0.0906,105000,105000.0,-0.0,-0.4,-38.1,-12.6,0.1,-18835.2,-627840.0,86151.8,-37.9,1,0
28.2833,402.604,594.102,2.604,-0.002,2.417,0.136,2.421,1.648,9.809,0,0.65,-0.65,0.0912,105500,105500.0,-0.0,-0.4,-39.0,-12.8,0.1,-0.0,0.0,105486.7,627801.1,0,0
28.3,402.644,594.1,2.644,0.0,2.439,-0.027,2.44,1.362,-0.001,0,0.65,-0.65,0.0919,106000,106000.0,-0.0,-0.5,-40.2,-13.1,0.1,-18835.2,-627840.0,87151.2,-40.1,1,0
28.3167,402.685,594.102,2.685,-0.002,2.467,0.136,2.471,1.664,9.809,0,0.64,-0.64,0.0924,106500,106500.0,-0.0,-0.5,-41.2,-13.4,0.1,-0.0,0.0,106486.2,627798.9,0,0
28.3333,402.727,594.1,2.727,0.0,2.49,-0.027,2.49,1.377,-0.001,0,0.63,-0.63,0.0931,107000,107000.0,-0.0,-0.5,-42.5,-13.7,0.2,-18835.2,-627840.0,88150.6,-42.3,1,0
28.35,402.769,594.102,2.769,-0.002,2.518,0.136,2.522,1.679,9.809,0,0.63,-0.63,0.0936,107500,107500.0,-0.0,-0.5,-43.5,-13.9,0.2,-0.0,0.0,107485.6,627796.7,0,0
28.3667,402.811,594.1,2.811,0.0,2.541,-0.027,2.541,1.393,-0.001,0,0.62,-0.62,0.0942,108000,108000.0,-0.0,-0.5,-44.8,-14.3,0.2,-18835.2,-627840.0,89150.1,-44.6,1,0
28.3833,402.854,594.102,2.854,-0.002,2.57,0.136,2.573,1.695,9.809,0,0.61,-0.61,0.0947,108500,108500.0,-0.0,-0.5,-45.9,-14.5,0.2,-0.0,0.0,108485.0,627794.3,0,0
28.4,402.897,594.1,2.897,0.0,2.593,-0.027,2.593,1.409,-0.001,0,0.61,-0.61,0.0953,109000,109000.0,-0.0,-0.5,-47.2,-14.9,0.2,-18835.2,-627840.0,90149.4,-47.0,1,0
28.4167,402.941,594.102,2.941,-0.002,2.622,0.136,2.625,1.711,9.809,0,0.6,-0.6,0.0958,109500,109500.0,-0.0,-0.5,-48.3,-15.1,0.2,-0.0,0.0,109484.4,627791.9,0,0
28.4333,402.985,594.1,2.985,0.0,2.645,-0.027,2.645,1.424,-0.001,0,0.6,-0.6,0.0964,110000,110000.0,-0.0,-0.5,-49.7,-15.5,0.2,-18835.2,-627840.0,91148.8,-49.5,1,0
28.45,403.03,594.102,3.03,-0.002,2.674,0.136,2.678,1.726,9.809,0,0.59,-0.59,0.0969,110500,110500.0,-0.0,-0.5,-50.8,-15.7,0.2,-0.0,0.0,110483.7,627789.3,0,0
28.4667,403.075,594.1,3.075,0.0,2.698,-0.027,2.698,1.44,-0.001,0,0.58,-0.58,0.0975,111000,111000.0,-0.0,-0.5,-52.2,-16.1,0.2,-18835.2,-627840.0,92148.2,-52.1,1,0
28.4833,403.12,594.102,3.12,-0.002,2.727,0.136,2.73,1.742,9.809,0,0.58,-0.58,0.0979,111500,111500.0,-0.0,-0.5,-53.4,-16.4,0.2,-0.0,0.0,111483.1,627786.7,0,0
28.5,403.166,594.1,3.166,0.0,2.751,-0.027,2.751,1.455,-0.001,0,0.57,-0.57,0.0985,112000,112000.0,-0.0,-0.5,-54.9,-16.7,0.2,-18835.2,-627840.0,93147.5,-54.7,1,0
28.5167,403.212,594.102,3.212,-0.002,2.781,0.136,2.784,1.758,9.809,0,0.57,-0.57,0.0989,112500,112500.0,-0.0,-0.6,-56.1,-17.0,0.2,-0.0,0.0,112482.4,627784.0,0,0
28.5333,403.259,594.1,3.259,0.0,2.805,-0.027,2.805,1.471,-0.001,0,0.56,-0.56,0.0995,113000,113000.0,-0.0,-0.6,-57.7,-17.4,0.2,-18835.2,-627840.0,94146.8,-57.5,1,0
28.55,403.306,594.102,3.306,-0.002,2.835,0.136,2.838,1.773,9.809,0,0.56,-0.56,0.0999,113500,113500.0,-0.0,-0.6,-58.9,-17.7,0.2,-0.0,0.0,113481.7,627781.2,0,0
28.5667,403.354,594.1,3.354,0.0,2.859,-0.027,2.86,1.487,-0.001,0,0.55,-0.55,0.1004,114000,114000.0,-0.0,-0.6,-60.5,-18.1,0.2,-18835.2,-627840.0,95146.1,-60.3,1,0
28.5833,403.402,594.102,3.402,-0.002,2.889,0.136,2.893,1.789,9.809,0,0.55,-0.55,0.1008,114500,114500.0,-0.0,-0.6,-61.8,-18.4,0.2,-0.0,0.0,114481.0,627778.4,0,0
28.6,403.451,594.1,3.451,0.0,2.914,-0.027,2.914,1.502,-0.001,0,0.54,-0.54,0.1014,115000,115000.0,-0.0,-0.6,-63.4,-18.8,0.2,-18835.2,-627840.0,96145.4,-63.3,1,0
28.6167,403.5,594.102,3.5,-0.002,2.944,0.136,2.948,1.804,9.809,0,0.54,-0.54,0.1018,115500,115500.0,-0.0,-0.6,-64.8,-19.1,0.2,-0.0,0.0,115480.3,627775.4,0,0
28.6333,403.549,594.1,3.549,0.0,2.97,-0.027,2.97,1.518,-0.001,0,0.53,-0.53,0.1023,116000,116000.0,-0.0,-0.6,-66.5,-19.5,0.2,-18835.2,-627840.0,97144.7,-66.3,1,0
28.65,403.599,594.102,3.599,-0.002,3.0,0.136,3.003,1.82,9.809,0,0.53,-0.53,0.1027,116500,116500.0,-0.0,-0.6,-67.9,-19.8,0.2,-0.0,0.0,116479.5,627772.3,0,0
28.6667,403.65,594.1,3.65,0.0,3.026,-0.027,3.026,1.533,-0.001,0,0.52,-0.52,0.1032,117000,117000.0,-0.0,-0.6,-69.6,-20.2,0.2,-18835.2,-627840.0,98143.9,-69.4,1,0
28.6833,403.701,594.102,3.701,-0.002,3.056,0.136,3.059,1.836,9.809,0,0.52,-0.52,0.1035,117500,117500.0,-0.0,-0.6,-71.1,-20.6,0.2,-0.0,0.0,117478.8,627769.1,0,0
28.7,403.752,594.1,3.752,0.0,3.082,-0.027,3.082,1.549,-0.001,0,0.51,-0.51,0.104,118000,118000.0,-0.0,-0.6,-72.9,-21.0,0.2,-18835.2,-627840.0,99143.1,-72.7,1,0
28.7167,403.804,594.102,3.804,-0.002,3.113,0.136,3.116,1.851,9.809,0,0.51,-0.51,0.1044,118500,118500.0,-0.0,-0.7,-74.3,-21.4,0.2,-0.0,0.0,118478.0,627765.9,0,0
28.7333,403.856,594.1,3.856,0.0,3.139,-0.027,3.139,1.565,-0.001,0,0.5,-0.5,0.1049,119000,119000.0,-0.0,-0.7,-76.2,-21.8,0.2,-18835.2,-627840.0,100142.3,-76.0,1,0
28.75,403.909,594.102,3.909,-0.002,3.17,0.136,3.173,1.867,9.809,0,0.5,-0.5,0.1052,119500,119500.0,-0.0,-0.7,-77.7,-22.2,0.2,-0.0,0.0,119477.2,627762.5,0,0
28.7667,403.962,594.1,3.962,0.0,3.196,-0.027,3.197,1.58,-0.001,0,0.49,-0.49,0.1057,120000,120000.0,-0.0,-0.7,-79.6,-22.6,0.2,-18835.2,-627840.0,101141.5,-79.4,1,0
28.7833,404.016,594.102,4.016,-0.002,3.228,0.136,3.231,1.882,9.809,0,0.49,-0.49,0.106,120500,120500.0,-0.0,-0.7,-81.2,-23.0,0.2,-0.0,0.0,120476.3,627759.0,0,0
28.8,404.07,594.1,4.07,0.0,3.254,-0.027,3.254,1.596,-0.001,0,0.48,-0.48,0.1065,121000,121000.0,-0.0,-0.7,-83.2,-23.4,0.2,-18835.2,-627840.0,102140.7,-83.0,1,0
28.8167,404.125,594.102,4.125,-0.002,3.286,0.136,3.289,1.898,9.809,0,0.48,-0.48,0.1068,121500,121500.0,-0.0,-0.7,-84.8,-23.8,0.2,-0.0,0.0,121475.5,627755.4,0,0
28.8333,404.18,594.1,4.18,0.0,3.313,-0.027,3.313,1.612,-0.001,0,0.48,-0.48,0.1072,122000,122000.0,-0.0,-0.7,-86.8,-24.3,0.2,-18835.2,-627840.0,103139.8,-86.6,1,0
28.85,404.236,594.102,4.236,-0.002,3.345,0.136,3.348,1.914,9.809,0,0.47,-0.47,0.1076,122500,122500.0,-0.0,-0.7,-88.5,-24.7,0.2,-0.0,0.0,122474.6,627751.7,0,0
28.8667,404.292,594.1,4.292,0.0,3.372,-0.027,3.372,1.627,-0.001,0,0.47,-0.47,0.108,123000,123000.0,-0.0,-0.7,-90.6,-25.2,0.2,-18835.2,-627840.0,104138.9,-90.4,1,0
28.8833,404.349,594.102,4.349,-0.002,3.404,0.136,3.407,1.929,9.809,0,0.46,-0.46,0.1083,123500,123500.0,-0.0,-0.7,-92.3,-25.6,0.2,-0.0,0.0,123473.7,627747.9,0,0
28.9,404.406,594.1,4.406,0.0,3.431,-0.027,3.432,1.643,-0.001,0,0.46,-0.46,0.1087,124000,124000.0,-0.0,-0.8,-94.5,-26.1,0.2,-18835.2,-627840.0,105138.0,-94.3,1,0
28.9167,404.464,594.102,4.464,-0.002,3.464,0.136,3.466,1.945,9.808,0,0.46,-0.46,0.109,124500,124500.0,-0.0,-0.8,-96.2,-26.5,0.2,-0.0,0.0,124472.8,627744.0,0,0
28.9333,404.522,594.1,4.522,0.0,3.491,-0.027,3.492,1.658,-0.002,0,0.45,-0.45,0.1094,125000,125000.0,-0.0,-0.8,-98.4,-27.0,0.2,-18835.2,-627840.0,106137.0,-98.2,1,0
28.95,404.581,594.102,4.581,-0.002,3.524,0.136,3.527,1.96,9.808,0,0.45,-0.45,0.1097,125500,125500.0,-0.0,-0.8,-100.3,-27.4,0.2,-0.0,0.0,125471.8,627739.9,0,0
28.9667,404.64,594.1,4.64,0.0,3.552,-0.027,3.552,1.674,-0.002,0,0.44,-0.44,0.1101,126000,126000.0,-0.0,-0.8,-102.6,-27.9,0.2,-18835.2,-627840.0,107136.1,-102.3,1,0
28.9833,404.7,594.102,4.7,-0.002,3.585,0.136,3.588,1.976,9.808,0,0.44,-0.44,0.1104,126500,126500.0,-0.0,-0.8,-104.4,-28.4,0.2,-0.0,0.0,126470.8,627735.8,0,0
29.0,404.76,594.1,4.76,0.0,3.613,-0.027,3.613,1.69,-0.002,0,0.44,-0.44,0.1108,127000,127000.0,-0.0,-0.8,-106.8,-28.9,0.2,-18835.2,-627840.0,108135.1,-106.6,1,0
29.0167,404.821,594.102,4.821,-0.002,3.646,0.136,3.649,1.992,9.808,0,0.43,-0.43,0.1111,127500,127500.0,-0.0,-0.8,-108.7,-29.4,0.2,-0.0,0.0,127469.8,627731.5,0,0
29.0333,404.882,594.1,4.882,0.0,3.675,-0.027,3.675,1.705,-0.002,0,0.43,-0.43,0.1115,128000,128000.0,-0.0,-0.8,-111.1,-29.9,0.2,-18835.2,-627840.0,109134.1,-110.9,1,0
29.05,404.944,594.102,4.944,-0.002,3.708,0.136,3.711,2.007,9.808,0,0.43,-0.43,0.1117,128500,128500.0,-0.0,-0.8,-113.1,-30.4,0.2,-0.0,0.0,128468.8,627727.1,0,0
29.0667,405.006,594.1,5.006,0.0,3.737,-0.027,3.737,1.721,-0.002,0,0.42,-0.42,0.1121,129000,129000.0,-0.0,-0.8,-115.6,-30.9,0.2,-18835.2,-627840.0,110133.0,-115.4,1,0
29.0833,405.069,594.102,5.069,-0.002,3.771,0.136,3.773,2.023,9.808,0,0.42,-0.42,0.1124,129500,129500.0,-0.0,-0.9,-117.6,-31.4,0.2,-0.0,0.0,129467.7,627722.6,0,0
29.1,405.132,594.1,5.132,0.0,3.8,-0.027,3.8,1.736,-0.002,0,0.41,-0.41,0.1127,130000,130000.0,-0.0,-0.9,-120.2,-32.0,0.2,-18835.2,-627840.0,111132.0,-119.9,1,0
29.1167,405.196,594.102,5.196,-0.002,3.834,0.136,3.836,2.039,9.808,0,0.41,-0.41,0.113,130500,130500.0,-0.0,-0.9,-122.3,-32.5,0.2,-0.0,0.0,130466.7,627717.9,0,0
29.1333,405.26,594.1,5.26,0.0,3.863,-0.027,3.863,1.752,-0.002,0,0.41,-0.41,0.1134,131000,131000.0,-0.0,-0.9,-124.9,-33.1,0.2,-18835.2,-627840.0,112130.9,-124.7,1,0
29.15,405.325,594.102,5.325,-0.002,3.897,0.136,3.899,2.054,9.808,0,0.4,-0.4,0.1136,131500,131500.0,-0.0,-0.9,-127.1,-33.6,0.2,-0.0,0.0,131465.5,627713.2,0,0
29.1667,405.391,594.1,5.391,0.0,3.926,-0.027,3.927,1.768,-0.002,0,0.4,-0.4,0.114,132000,132000.0,-0.0,-0.9,-129.7,-34.2,0.2,-18835.2,-627840.0,113129.7,-129.5,1,0
29.1833,405.457,594.102,5.457,-0.002,3.961,0.136,3.963,2.07,9.808,0,0.4,-0.4,0.1142,132500,132500.0,-0.0,-0.9,-132.0,-34.7,0.2,-0.0,0.0,132464.4,627708.3,0,0
29.2,405.523,594.1,5.523,0.0,3.991,-0.027,3.991,1.783,-0.002,0,0.39,-0.39,0.1145,133000,133000.0,-0.0,-0.9,-134.7,-35.3,0.2,-18835.2,-627840.0,114128.6,-134.5,1,0
29.2167,405.59,594.102,5.59,-0.002,4.025,0.136,4.028,2.085,9.808,0,0.39,-0.39,0.1148,133500,133500.0,-0.0,-0.9,-137.0,-35.8,0.2,-0.0,0.0,133463.2,627703.2,0,0
29.2333,405.658,594.1,5.658,0.0,4.055,-0.027,4.055,1.799,-0.002,0,0.39,-0.39,0.1151,134000,134000.0,-0.0,-0.9,-139.8,-36.4,0.2,-18835.2,-627840.0,115127.4,-139.6,1,0
29.25,405.726,594.102,5.726,-0.002,4.09,0.136,4.093,2.101,9.808,0,0.39,-0.39,0.1153,134500,134500.0,-0.0,-1.0,-142.2,-37.0,0.2,-0.0,0.0,134462.1,627698.1,0,0
29.2667,405.795,594.1,5.795,0.0,4.121,-0.027,4.121,1.814,-0.002,0,0.38,-0.38,0.1157,135000,135000.0,-0.0,-1.0,-145.1,-37.6,0.3,-18835.2,-627840.0,116126.2,-144.8,1,0
29.2833,405.864,594.102,5.864,-0.002,4.156,0.136,4.158,2.117,9.808,0,0.38,-0.38,0.1159,135500,135500.0,-0.0,-1.0,-147.5,-38.2,0.3,-0.0,0.0,135460.8,627692.8,0,0
29.3,405.934,594.1,5.934,0.0,4.186,-0.027,4.186,1.83,-0.002,0,0.38,-0.38,0.1162,136000,136000.0,-0.0,-1.0,-150.5,-38.8,0.3,-18835.2,-627840.0,117125.0,-150.2,1,0
29.3167,406.004,594.102,6.004,-0.002,4.222,0.136,4.224,2.132,9.808,0,0.37,-0.37,0.1164,136500,136500.0,-0.0,-1.0,-152.9,-39.4,0.3,-0.0,0.0,136459.6,627687.3,0,0
29.3333,406.075,594.1,6.075,0.0,4.253,-0.027,4.253,1.846,-0.002,0,0.37,-0.37,0.1167,137000,137000.0,-0.0,-1.0,-156.0,-40.1,0.3,-18835.2,-627840.0,118123.7,-155.7,1,0
29.35,406.147,594.102,6.147,-0.002,4.288,0.136,4.291,2.148,9.808,0,0.37,-0.37,0.1169,137500,137500.0,-0.0,-1.0,-158.5,-40.7,0.3,-0.0,0.0,137458.3,627681.7,0,0
29.3667,406.219,594.1,6.219,0.0,4.32,-0.027,4.32,1.861,-0.003,0,0.36,-0.36,0.1173,138000,138000.0,-0.0,-1.0,-161.7,-41.4,0.3,-18835.2,-627840.0,119122.4,-161.4,1,0
29.3833,406.291,594.102,6.291,-0.002,4.356,0.136,4.358,2.163,9.807,0,0.36,-0.36,0.1174,138500,138500.0,-0.0,-1.0,-164.3,-42.0,0.3,-0.0,0.0,138457.0,627676.0,0,0
29.4,406.364,594.1,6.364,0.0,4.387,-0.027,4.387,1.877,-0.003,0,0.36,-0.36,0.1178,139000,139000.0,-0.0,-1.0,-167.5,-42.7,0.3,-18835.2,-627840.0,120121.1,-167.2,1,0
29.4167,406.438,594.102,6.438,-0.002,4.423,0.136,4.425,2.179,9.807,0,0.36,-0.36,0.1179,139500,139500.0,-0.0,-1.1,-170.2,-43.3,0.3,-0.0,0.0,139455.7,627670.1,0,0
29.4333,406.512,594.1,6.512,0.0,4.455,-0.027,4.455,1.892,-0.003,0,0.35,-0.35,0.1182,140000,140000.0,-0.0,-1.1,-173.4,-44.0,0.3,-18835.2,-627840.0,121119.7,-173.2,1,0
29.45,406.587,594.102,6.587,-0.002,4.491,0.136,4.493,2.195,9.807,0,0.35,-0.35,0.1184,140500,140500.0,-0.0,-1.1,-176.2,-44.6,0.3,-0.0,0.0,140454.3,627664.1,0,0
29.4667,406.663,594.1,6.663,0.0,4.523,-0.027,4.523,1.908,-0.003,0,0.35,-0.35,0.1187,141000,141000.0,-0.0,-1.1,-179.6,-45.4,0.3,-18835.2,-627840.0,122118.3,-179.3,1,0
29.4833,406.739,594.102,6.739,-0.002,4.56,0.136,4.562,2.21,9.807,0,0.35,-0.35,0.1189,141500,141500.0,-0.0,-1.1,-182.4,-46.0,0.3,-0.0,0.0,141452.9,627657.9,0,0
29.5,406.815,594.1,6.815,0.0,4.592,-0.027,4.592,1.924,-0.003,0,0.34,-0.34,0.1192,142000,142000.0,-0.0,-1.1,-185.8,-46.8,0.3,-18835.2,-627840.0,123116.9,-185.5,1,0
29.5167,406.892,594.102,6.892,-0.002,4.629,0.136,4.631,2.226,9.807,0,0.34,-0.34,0.1194,142500,142500.0,-0.0,-1.1,-188.7,-47.4,0.3,-0.0,0.0,142451.5,627651.6,0,0
29.5333,406.97,594.1,6.97,0.0,4.661,-0.027,4.661,1.939,-0.003,0,0.34,-0.34,0.1197,143000,143000.0,-0.0,-1.1,-192.2,-48.2,0.3,-18835.2,-627840.0,124115.5,-192.0,1,0
29.55,407.048,594.102,7.048,-0.002,4.699,0.136,4.701,2.241,9.807,0,0.34,-0.34,0.1198,143500,143500.0,-0.0,-1.1,-195.2,-48.9,0.3,-0.0,0.0,143450.0,627645.1,0,0
29.5667,407.127,594.1,7.127,0.0,4.731,-0.027,4.731,1.955,-0.003,0,0.33,-0.33,0.1201,144000,144000.0,-0.0,-1.2,-198.8,-49.7,0.3,-18835.2,-627840.0,125114.0,-198.5,1,0
29.5833,407.207,594.102,7.207,-0.002,4.769,0.136,4.771,2.257,9.807,0,0.33,-0.33,0.1203,144500,144500.0,-0.0,-1.2,-201.8,-50.3,0.3,-0.0,0.0,144448.5,627638.5,0,0
29.6,407.287,594.1,7.287,0.0,4.802,-0.027,4.802,1.971,-0.003,0,0.33,-0.33,0.1206,145000,145000.0,-0.0,-1.2,-205.6,-51.2,0.3,-18835.2,-627840.0,126112.5,-205.3,1,0
29.6167,407.367,594.102,7.367,-0.002,4.84,0.136,4.842,2.273,9.807,0,0.33,-0.33,0.1207,145500,145500.0,-0.0,-1.2,-208.6,-51.9,0.3,-0.0,0.0,145447.0,627631.7,0,0
29.6333,407.448,594.1,7.448,0.0,4.873,-0.027,4.873,1.986,-0.003,0,0.32,-0.32,0.121,146000,146000.0,-0.0,-1.2,-212.5,-52.7,0.3,-18835.2,-627840.0,127110.9,-212.2,1,0
29.65,407.53,594.102,7.53,-0.002,4.911,0.136,4.913,2.288,9.807,0,0.32,-0.32,0.1211,146500,146500.0,-0.0,-1.2,-215.6,-53.4,0.3,-0.0,0.0,146445.4,627624.7,0,0
29.6667,407.613,594.1,7.613,0.0,4.944,-0.027,4.944,2.002,-0.003,0,0.32,-0.32,0.1214,147000,147000.0,-0.0,-1.2,-219.5,-54.2,0.3,-18835.2,-627840.0,128109.3,-219.2,1,0
29.6833,407.696,594.102,7.696,-0.002,4.983,0.136,4.985,2.304,9.807,0,0.32,-0.32,0.1215,147500,147500.0,-0.0,-1.2,-222.8,-55.0,0.3,-0.0,0.0,147443.8,627617.6,0,0
29.7,407.779,594.1,7.779,0.0,5.016,-0.027,5.016,2.017,-0.004,0,0.31,-0.31,0.1218,148000,148000.0,-0.0,-1.2,-226.7,-55.8,0.3,-18835.2,-627840.0,129107.7,-226.4,1,0
29.7167,407.864,594.102,7.864,-0.002,5.055,0.136,5.057,2.319,9.806,0,0.31,-0.31,0.1219,148500,148500.0,-0.0,-1.3,-230.1,-56.6,0.3,-0.0,0.0,148442.2,627610.3,0,0
29.7333,407.948,594.1,7.948,0.0,5.089,-0.027,5.089,2.033,-0.004,0,0.31,-0.31,0.1222,149000,149000.0,-0.0,-1.3,-234.1,-57.5,0.3,-18835.2,-627840.0,130106.1,-233.8,1,0
29.75,408.034,594.102,8.034,-0.002,5.128,0.136,5.13,2.335,9.806,0,0.31,-0.31,0.1223,149500,149500.0,-0.0,-1.3,-237.5,-58.2,0.3,-0.0,0.0,149440.5,627602.8,0,0
29.7667,408.12,594.1,8.12,0.0,5.162,-0.027,5.162,2.049,-0.004,0,0.3,-0.3,0.1226,150000,150000.0,-0.0,-1.3,-241.7,-59.1,0.3,-18835.2,-627840.0,131104.4,-241.4,1,0
29.7833,408.207,594.102,8.207,-0.002,5.201,0.136,5.203,2.351,9.806,0,0.3,-0.3,0.1227,150500,150500.0,-0.0,-1.3,-245.2,-59.9,0.3,-0.0,0.0,150438.8,627595.1,0,0
29.8,408.294,594.1,8.294,0.0,5.235,-0.027,5.236,2.064,-0.004,0,0.3,-0.3,0.123,151000,151000.0,-0.0,-1.3,-249.5,-60.8,0.3,-18835.2,-627840.0,132102.7,-249.1,1,0
29.8167,408.382,594.102,8.382,-0.002,5.275,0.136,5.277,2.366,9.806,0,0.3,-0.3,0.1231,151500,151500.0,-0.0,-1.3,-253.0,-61.6,0.3,-0.0,0.0,151437.0,627587.3,0,0
29.8333,408.47,594.1,8.47,0.0,5.31,-0.027,5.31,2.08,-0.004,0,0.3,-0.3,0.1234,152000,152000.0,-0.0,-1.3,-257.4,-62.6,0.3,-18835.2,-627840.0,133100.9,-257.1,1,0
29.85,408.559,594.102,8.559,-0.002,5.349,0.136,5.351,2.382,9.806,0,0.29,-0.29,0.1235,152500,152500.0,-0.0,-1.3,-261.0,-63.4,0.3,-0.0,0.0,152435.3,627579.3,0,0
29.8667,408.649,594.1,8.649,0.0,5.384,-0.027,5.384,2.095,-0.004,0,0.29,-0.29,0.1238,153000,153000.0,-0.0,-1.4,-265.5,-64.4,0.3,-18835.2,-627840.0,134099.1,-265.2,1,0
29.8833,408.74,594.102,8.74,-0.002,5.424,0.136,5.426,2.397,9.806,0,0.29,-0.29,0.1239,153500,153500.0,-0.0,-1.4,-269.2,-65.2,0.3,-0.0,0.0,153433.4,627571.1,0,0
29.9,408.831,594.1,8.831,0.0,5.459,-0.027,5.459,2.111,-0.004,0,0.29,-0.29,0.1241,154000,154000.0,-0.0,-1.4,-273.8,-66.2,0.3,-18835.2,-627840.0,135097.3,-273.4,1,0
29.9167,408.922,594.102,8.922,-0.002,5.5,0.136,5.501,2.413,9.806,0,0.29,-0.29,0.1242,154500,154500.0,-0.0,-1.4,-277.6,-67.0,0.3,-0.0,0.0,154431.6,627562.8,0,0
29.9333,409.014,594.1,9.014,0.0,5.535,-0.027,5.535,2.126,-0.004,0,0.28,-0.28,0.1245,155000,155000.0,-0.0,-1.4,-282.2,-68.0,0.3,-18835.2,-627840.0,136095.4,-281.9,1,0
29.95,409.107,594.102,9.107,-0.002,5.575,0.136,5.577,2.429,9.806,0,0.28,-0.28,0.1246,155500,155500.0,-0.0,-1.4,-286.1,-68.9,0.3,-0.0,0.0,155429.7,627554.2,0,0
29.9667,409.201,594.1,9.201,0.0,5.611,-0.027,5.611,2.142,-0.005,0,0.28,-0.28,0.1248,156000,156000.0,-0.0,-1.4,-290.9,-69.9,0.3,-18835.2,-627840.0,137093.5,-290.6,1,0
29.9833,409.295,594.102,9.295,-0.002,5.652,0.136,5.654,2.444,9.805,0,0.28,-0.28,0.1249,156500,156500.0,-0.0,-1.4,-294.8,-70.8,0.3,-0.0,0.0,156427.8,627545.5,0,0
30.0,409.39,594.1,9.39,0.0,5.688,-0.027,5.688,2.158,-0.005,0,0.28,-0.28,0.1252,157000,157000.0,-0.0,-1.4,-299.7,-71.8,0.3,-18835.2,-627840.0,138091.5,-299.4,1,0
30.0167,409.485,594.102,9.485,-0.002,5.729,0.136,5.73,2.46,9.805,0,0.28,-0.28,0.1252,157500,157500.0,-0.0,-1.5,-303.8,-72.8,0.3,-0.0,0.0,157425.8,627536.6,0,0
30.0333,409.581,594.1,9.581,0.0,5.765,-0.027,5.765,2.173,-0.005,0,0.27,-0.27,0.1255,158000,158000.0,-0.0,-1.5,-308.8,-73.8,0.4,-18835.2,-627840.0,139089.5,-308.4,1,0
30.05,409.678,594.102,9.678,-0.002,5.806,0.136,5.808,2.475,9.805,0,0.27,-0.27,0.1256,158500,158500.0,-0.0,-1.5,-312.9,-74.8,0.4,-0.0,0.0,158423.8,627527.4,0,0
30.0667,409.776,594.1,9.776,0.0,5.843,-0.027,5.843,2.189,-0.005,0,0.27,-0.27,0.1258,159000,159000.0,-0.0,-1.5,-318.0,-75.8,0.4,-18835.2,-627840.0,140087.5,-317.7,1,0
30.0833,409.874,594.102,9.874,-0.002,5.884,0.136,5.886,2.491,9.805,0,0.27,-0.27,0.1259,159500,159500.0,-0.0,-1.5,-322.2,-76.8,0.4,-0.0,0.0,159421.7,627518.1,0,0
30.1,409.972,594.1,9.972,0.0,5.921,-0.027,5.921,2.204,-0.005,0,0.27,-0.27,0.1261,160000,160000.0,-0.0,-1.5,-327.5,-77.9,0.4,-18835.2,-627840.0,141085.4,-327.1,1,0
30.1167,410.072,594.102,10.072,-0.002,5.963,0.136,5.964,2.507,9.805,0,0.26,-0.26,0.1262,160500,160500.0,-0.0,-1.5,-331.8,-78.9,0.4,-0.0,0.0,160419.6,627508.6,0,0
30.1333,410.172,594.1,10.172,0.0,6.0,-0.027,6.0,2.22,-0.005,0,0.26,-0.26,0.1265,161000,161000.0,-0.0,-1.5,-337.1,-80.0,0.4,-18835.2,-627840.0,142083.3,-336.7,1,0
30.15,410.272,594.102,10.272,-0.002,6.042,0.136,6.043,2.522,9.805,0,0.26,-0.26,0.1265,161500,161500.0,-0.0,-1.6,-341.5,-81.0,0.4,-0.0,0.0,161417.5,627498.9,0,0
30.1667,410.374,594.1,10.374,0.0,6.079,-0.027,6.079,2.236,-0.005,0,0.26,-0.26,0.1268,162000,162000.0,-0.0,-1.6,-346.9,-82.1,0.4,-18835.2,-627840.0,143081.1,-346.6,1,0
30.1833,410.476,594.102,10.476,-0.002,6.121,0.136,6.123,2.538,9.805,0,0.26,-0.26,0.1268,162500,162500.0,-0.0,-1.6,-351.4,-83.1,0.4,-0.0,0.0,162415.3,627489.0,0,0
30.2,410.578,594.1,10.578,0.0,6.159,-0.027,6.159,2.251,-0.006,0,0.25,-0.25,0.1271,163000,163000.0,-0.0,-1.6,-357.0,-84.3,0.4,-18835.2,-627840.0,144078.9,-356.6,1,0
30.2167,410.682,594.102,10.682,-0.002,6.202,0.136,6.203,2.553,9.804,0,0.25,-0.25,0.1271,163500,163500.0,-0.0,-1.6,-361.5,-85.3,0.4,-0.0,0.0,163413.1,627478.8,0,0
30.2333,410.786,594.1,10.786,0.0,6.239,-0.027,6.239,2.267,-0.006,0,0.25,-0.25,0.1274,164000,164000.0,-0.0,-1.6,-367.2,-86.5,0.4,-18835.2,-627840.0,145076.7,-366.9,1,0
30.25,410.89,594.102,10.89,-0.002,6.282,0.136,6.284,2.569,9.804,0,0.25,-0.25,0.1274,164500,164500.0,-0.0,-1.6,-371.9,-87.6,0.4,-0.0,0.0,164410.8,627468.5,0,0
30.2667,410.996,594.1,10.996,0.0,6.32,-0.027,6.32,2.282,-0.006,0,0.25,-0.25,0.1277,165000,165000.0,-0.0,-1.6,-377.7,-88.8,0.4,-18835.2,-627840.0,146074.4,-377.3,1,0
30.2833,411.102,594.102,11.102,-0.002,6.363,0.136,6.365,2.585,9.804,0,0.25,-0.25,0.1277,165500,165500.0,-0.0,-1.7,-382.5,-89.8,0.4,-0.0,0.0,165408.5,627457.9,0,0
30.3,411.209,594.1,11.209,0.0,6.402,-0.027,6.402,2.298,-0.006,0,0.25,-0.25,0.1279,166000,166000.0,-0.0,-1.7,-388.4,-91.1,0.4,-18835.2,-627840.0,147072.1,-388.0,1,0
30.3167,411.316,594.102,11.316,-0.002,6.445,0.136,6.446,2.6,9.804,0,0.24,-0.24,0.128,166500,166500.0,-0.0,-1.7,-393.2,-92.2,0.4,-0.0,0.0,166406.2,627447.2,0,0
30.3333,411.424,594.1,11.424,0.0,6.483,-0.027,6.483,2.314,-0.006,0,0.24,-0.24,0.1282,167000,167000.0,-0.0,-1.7,-399.3,-93.4,0.4,-18835.2,-627840.0,148069.7,-398.9,1,0
30.35,411.533,594.102,11.533,-0.002,6.527,0.136,6.528,2.616,9.804,0,0.24,-0.24,0.1283,167500,167500.0,-0.0,-1.7,-404.2,-94.5,0.4,-0.0,0.0,167403.8,627436.2,0,0
30.3667,411.642,594.1,11.642,0.0,6.566,-0.027,6.566,2.329,-0.006,0,0.24,-0.24,0.1285,168000,168000.0,-0.0,-1.7,-410.4,-95.8,0.4,-18835.2,-627840.0,149067.3,-410.0,1,0
30.3833,411.752,594.102,11.752,-0.002,6.61,0.136,6.611,2.631,9.804,0,0.24,-0.24,0.1285,168500,168500.0,-0.0,-1.7,-415.4,-97.0,0.4,-0.0,0.0,168401.3,627425.0,0,0
30.4,411.863,594.1,11.863,0.0,6.649,-0.027,6.649,2.345,-0.007,0,0.24,-0.24,0.1288,169000,169000.0,-0.0,-1.7,-421.8,-98.3,0.4,-18835.2,-627840.0,150064.8,-421.4,1,0
30.4167,411.975,594.102,11.975,-0.002,6.693,0.136,6.694,2.647,9.803,0,0.24,-0.24,0.1288,169500,169500.0,-0.0,-1.8,-426.9,-99.4,0.4,-0.0,0.0,169398.8,627413.5,0,0
30.4333,412.087,594.1,12.087,0.0,6.732,-0.027,6.732,2.36,-0.007,0,0.23,-0.23,0.129,170000,170000.0,-0.0,-1.8,-433.3,-100.7,0.4,-18835.2,-627840.0,151062.3,-432.9,1,0
30.45,412.2,594.102,12.2,-0.002,6.777,0.136,6.778,2.662,9.803,0,0.23,-0.23,0.1291,170500,170500.0,-0.0,-1.8,-438.6,-101.9,0.4,-0.0,0.0,170396.3,627401.8,0,0
30.4667,412.314,594.1,12.314,0.0,6.816,-0.027,6.816,2.376,-0.007,0,0.23,-0.23,0.1293,171000,171000.0,-0.0,-1.8,-445.1,-103.3,0.4,-18835.2,-627840.0,152059.7,-444.7,1,0
30.4833,412.428,594.102,12.428,-0.002,6.861,0.136,6.862,2.678,9.803,0,0.23,-0.23,0.1293,171500,171500.0,-0.0,-1.8,-450.5,-104.5,0.4,-0.0,0.0,171393.7,627390.0,0,0
30.5,412.543,594.1,12.543,0.0,6.901,-0.027,6.901,2.392,-0.007,0,0.23,-0.23,0.1295,172000,172000.0,-0.0,-1.8,-457.2,-105.9,0.4,-18835.2,-627840.0,153057.1,-456.7,1,0
30.5167,412.659,594.102,12.659,-0.002,6.946,0.136,6.947,2.694,9.803,0,0.23,-0.23,0.1296,172500,172500.0,-0.0,-1.8,-462.6,-107.1,0.4,-0.0,0.0,172391.1,627377.8,0,0
30.5333,412.775,594.1,12.775,0.0,6.986,-0.027,6.986,2.407,-0.007,0,0.22,-0.22,0.1298,173000,173000.0,-0.0,-1.8,-469.4,-108.5,0.4,-18835.2,-627840.0,154054.5,-469.0,1,0
30.55,412.892,594.102,12.892,-0.002,7.031,0.136,7.032,2.709,9.803,0,0.22,-0.22,0.1298,173500,173500.0,-0.0,-1.9,-475.0,-109.8,0.4,-0.0,0.0,173388.4,627365.5,0,0
30.5667,413.01,594.1,13.01,0.0,7.071,-0.027,7.071,2.423,-0.008,0,0.22,-0.22,0.13,174000,174000.0,-0.0,-1.9,-481.9,-111.2,0.4,-18835.2,-627840.0,155051.8,-481.5,1,0
30.5833,413.129,594.102,13.129,-0.002,7.117,0.136,7.118,2.725,9.802,0,0.22,-0.22,0.1301,174500,174500.0,-0.0,-1.9,-487.6,-112.5,0.4,-0.0,0.0,174385.7,627352.9,0,0
30.6,413.248,594.1,13.248,0.0,7.157,-0.027,7.157,2.438,-0.008,0,0.22,-0.22,0.1303,175000,175000.0,-0.0,-1.9,-494.7,-113.9,0.4,-18835.2,-627840.0,156049.0,-494.3,1,0
30.6167,413.368,594.102,13.368,-0.002,7.203,0.136,7.204,2.74,9.802,0,0.22,-0.22,0.1303,175500,175500.0,-0.0,-1.9,-500.4,-115.2,0.4,-0.0,0.0,175382.9,627340.0,0,0
30.6333,413.489,594.1,13.489,0.0,7.244,-0.027,7.244,2.454,-0.008,0,0.22,-0.22,0.1305,176000,176000.0,-0.0,-1.9,-507.7,-116.7,0.4,-18835.2,-627840.0,157046.2,-507.2,1,0
30.65,413.61,594.102,13.61,-0.002,7.29,0.136,7.291,2.756,9.802,0,0.22,-0.22,0.1305,176500,176500.0,-0.0,-1.9,-513.5,-118.0,0.4,-0.0,0.0,176380.0,627326.9,0,0
30.6667,413.732,594.1,13.732,0.0,7.331,-0.027,7.331,2.469,-0.008,0,0.21,-0.21,0.1308,177000,177000.0,-0.0,-1.9,-520.9,-119.5,0.4,-18835.2,-627840.0,158043.3,-520.5,1,0
30.6833,413.855,594.102,13.855,-0.002,7.377,0.136,7.378,2.772,9.802,0,0.21,-0.21,0.1308,177500,177500.0,-0.0,-2.0,-526.9,-120.9,0.5,-0.0,0.0,177377.2,627313.6,0,0
30.7,413.979,594.1,13.979,0.0,7.419,-0.027,7.419,2.485,-0.008,0,0.21,-0.21,0.131,178000,178000.0,-0.0,-2.0,-534.4,-122.4,0.5,-18835.2,-627840.0,159040.4,-534.0,1,0
30.7167,414.103,594.102,14.103,-0.002,7.465,0.136,7.466,2.787,9.802,0,0.21,-0.21,0.131,178500,178500.0,-0.0,-2.0,-540.5,-123.8,0.5,-0.0,0.0,178374.2,627300.0,0,0
30.7333,414.229,594.1,14.229,0.0,7.507,-0.027,7.507,2.501,-0.009,0,0.21,-0.21,0.1312,179000,179000.0,-0.0,-2.0,-548.2,-125.3,0.5,-18835.2,-627840.0,160037.5,-547.7,1,0
30.75,414.354,594.102,14.354,-0.002,7.553,0.136,7.555,2.803,9.801,0,0.21,-0.21,0.1312,179500,179500.0,-0.0,-2.0,-554.3,-126.7,0.5,-0.0,0.0,179371.2,627286.1,0,0
30.7667,414.481,594.1,14.481,0.0,7.595,-0.027,7.595,2.516,-0.009,0,0.21,-0.21,0.1314,180000,180000.0,-0.0,-2.0,-562.2,-128.3,0.5,-18835.2,-627840.0,161034.5,-561.7,1,0
30.7833,414.608,594.102,14.608,-0.002,7.642,0.136,7.644,2.818,9.801,0,0.21,-0.21,0.1314,180500,180500.0,-0.0,-2.0,-568.4,-129.7,0.5,-0.0,0.0,180368.2,627272.0,0,0
30.8,414.737,594.1,14.737,0.0,7.684,-0.027,7.685,2.532,-0.009,0,0.2,-0.2,0.1316,181000,181000.0,-0.0,-2.1,-576.4,-131.4,0.5,-18835.2,-627840.0,162031.4,-576.0,1,0
30.8167,414.865,594.102,14.865,-0.002,7.732,0.136,7.733,2.834,9.801,0,0.2,-0.2,0.1316,181500,181500.0,-0.0,-2.1,-582.8,-132.8,0.5,-0.0,0.0,181365.1,627257.7,0,0
30.8333,414.995,594.1,14.995,0.0,7.774,-0.027,7.774,2.547,-0.009,0,0.2,-0.2,0.1319,182000,182000.0,-0.0,-2.1,-591.0,-134.5,0.5,-18835.2,-627840.0,163028.3,-590.5,1,0
30.85,415.125,594.102,15.125,-0.002,7.822,0.136,7.823,2.849,9.801,0,0.2,-0.2,0.1319,182500,182500.0,-0.0,-2.1,-597.5,-135.9,0.5,-0.0,0.0,182362.0,627243.0,0,0
30.8667,415.256,594.1,15.256,0.0,7.864,-0.027,7.864,2.563,-0.009,0,0.2,-0.2,0.1321,183000,183000.0,-0.0,-2.1,-605.7,-137.6,0.5,-18835.2,-627840.0,164025.1,-605.3,1,0
30.8833,415.388,594.102,15.388,-0.002,7.912,0.136,7.913,2.865,9.8,0,0.2,-0.2,0.1321,183500,183500.0,-0.0,-2.1,-612.4,-139.1,0.5,-0.0,0.0,183358.8,627228.1,0,0
30.9,415.521,594.1,15.521,0.0,7.955,-0.027,7.955,2.578,-0.01,0,0.2,-0.2,0.1323,184000,184000.0,-0.0,-2.1,-620.8,-140.8,0.5,-18835.2,-627840.0,165021.9,-620.3,1,0
30.9167,415.654,594.102,15.654,-0.002,8.003,0.136,8.004,2.881,9.8,0,0.2,-0.2,0.1323,184500,184500.0,-0.0,-2.2,-627.5,-142.3,0.5,-0.0,0.0,184355.5,627213.0,0,0
30.9333,415.788,594.1,15.788,0.0,8.046,-0.027,8.046,2.594,-0.01,0,0.19,-0.19,0.1325,185000,185000.0,-0.0,-2.2,-636.1,-144.1,0.5,-18835.2,-627840.0,166018.6,-635.6,1,0
30.95,415.923,594.102,15.923,-0.002,8.095,0.136,8.096,2.896,9.8,0,0.19,-0.19,0.1325,185500,185500.0,-0.0,-2.2,-643.0,-145.6,0.5,-0.0,0.0,185352.2,627197.5,0,0
30.9667,416.059,594.1,16.059,0.0,8.138,-0.027,8.138,2.61,-0.01,0,0.19,-0.19,0.1327,186000,186000.0,-0.0,-2.2,-651.7,-147.4,0.5,-18835.2,-627840.0,167015.2,-651.2,1,0
30.9833,416.195,594.102,16.195,-0.002,8.187,0.136,8.188,2.912,9.8,0,0.19,-0.19,0.1327,186500,186500.0,-0.0,-2.2,-658.7,-149.0,0.5,-0.0,0.0,186348.8,627181.8,0,0
31.0,416.333,594.1,16.333,0.0,8.23,-0.027,8.23,2.625,-0.01,0,0.19,-0.19,0.1329,187000,187000.0,-0.0,-2.2,-667.6,-150.7,0.5,-18835.2,-627840.0,168011.8,-667.1,1,0
31.0167,416.47,594.102,16.47,-0.002,8.279,0.136,8.28,2.927,9.799,0,0.19,-0.19,0.1329,187500,187500.0,-0.0,-2.2,-674.7,-152.4,0.5,-0.0,0.0,187345.4,627165.8,0,0
31.0333,416.609,594.1,16.609,0.0,8.323,-0.027,8.323,2.641,-0.011,0,0.19,-0.19,0.1331,188000,188000.0,-0.0,-2.2,-683.8,-154.2,0.5,-18835.2,-627840.0,169008.4,-683.3,1,0
31.05,416.749,594.102,16.749,-0.002,8.372,0.136,8.373,2.943,9.799,0,0.19,-0.19,0.133,188500,188500.0,-0.0,-2.3,-691.0,-155.8,0.5,-0.0,0.0,188341.9,627149.5,0,0
31.0667,416.889,594.1,16.889,0.0,8.417,-0.027,8.417,2.656,-0.011,0,0.19,-0.19,0.1333,189000,189000.0,-0.0,-2.3,-700.2,-157.7,0.5,-18835.2,-627840.0,170004.9,-699.7,1,0
31.0833,417.03,594.102,17.03,-0.002,8.466,0.136,8.467,2.958,9.799,0,0.19,-0.19,0.1332,189500,189500.0,-0.0,-2.3,-707.5,-159.3,0.5,-0.0,0.0,189338.4,627133.0,0,0
31.1,417.172,594.1,17.172,0.0,8.51,-0.027,8.51,2.672,-0.011,0,0.18,-0.18,0.1334,190000,190000.0,-0.0,-2.3,-717.0,-161.2,0.5,-18835.2,-627840.0,171001.3,-716.5,1,0
31.1167,417.315,594.102,17.315,-0.002,8.56,0.136,8.561,2.974,9.799,0,0.18,-0.18,0.1334,190500,190500.0,-0.0,-2.3,-724.4,-162.9,0.5,-0.0,0.0,190334.8,627116.1,0,0
31.1333,417.458,594.1,17.458,0.0,8.605,-0.027,8.605,2.687,-0.011,0,0.18,-0.18,0.1336,191000,191000.0,-0.0,-2.3,-734.0,-164.8,0.5,-18835.2,-627840.0,171997.7,-733.5,1,0
31.15,417.602,594.102,17.602,-0.002,8.655,0.136,8.656,2.99,9.798,0,0.18,-0.18,0.1336,191500,191500.0,-0.0,-2.4,-741.6,-166.5,0.5,-0.0,0.0,191331.1,627099.0,0,0
31.1667,417.747,594.1,17.747,0.0,8.7,-0.027,8.7,2.703,-0.012,0,0.18,-0.18,0.1338,192000,192000.0,-0.0,-2.4,-751.3,-168.5,0.5,-18835.2,-627840.0,172994.0,-750.8,1,0
31.1833,417.893,594.102,17.893,-0.002,8.75,0.136,8.751,3.005,9.798,0,0.18,-0.18,0.1338,192500,192500.0,-0.0,-2.4,-759.0,-170.2,0.5,-0.0,0.0,192327.4,627081.5,0,0
31.2,418.04,594.1,18.04,0.0,8.795,-0.027,8.795,2.719,-0.012,0,0.18,-0.18,0.134,193000,193000.0,-0.0,-2.4,-769.0,-172.2,0.5,-18835.2,-627840.0,173990.2,-768.4,1,0
31.2167,418.187,594.102,18.187,-0.002,8.845,0.136,8.846,3.021,9.798,0,0.18,-0.18,0.1339,193500,193500.0,-0.0,-2.4,-776.8,-174.0,0.5,-0.0,0.0,193323.6,627063.8,0,0
31.2333,418.335,594.1,18.335,0.0,8.891,-0.027,8.891,2.734,-0.012,0,0.18,-0.18,0.1342,194000,194000.0,-0.0,-2.4,-786.9,-176.0,0.5,-18835.2,-627840.0,174986.4,-786.4,1,0
31.25,418.484,594.102,18.484,-0.002,8.942,0.136,8.943,3.036,9.798,0,0.18,-0.18,0.1341,194500,194500.0,-0.0,-2.4,-794.8,-177.8,0.5,-0.0,0.0,194319.8,627045.7,0,0
31.2667,418.634,594.1,18.634,0.0,8.987,-0.027,8.987,2.75,-0.013,0,0.17,-0.17,0.1343,195000,195000.0,-0.0,-2.4,-805.1,-179.8,0.5,-18835.2,-627840.0,175982.5,-804.6,1,0
31.2833,418.785,594.102,18.785,-0.002,9.038,0.136,9.039,3.052,9.797,0,0.17,-0.17,0.1343,195500,195500.0,-0.0,-2.5,-813.2,-181.7,0.6,-0.0,0.0,195315.9,627027.4,0,0
31.3,418.936,594.1,18.936,0.0,9.084,-0.027,9.084,2.765,-0.013,0,0.17,-0.17,0.1345,196000,196000.0,-0.0,-2.5,-823.7,-183.7,0.6,-18835.2,-627840.0,176978.6,-823.1,1,0
31.3167,419.088,594.102,19.088,-0.002,9.135,0.136,9.136,3.067,9.797,0,0.17,-0.17,0.1345,196500,196500.0,-0.0,-2.5,-831.8,-185.6,0.6,-0.0,0.0,196311.9,627008.7,0,0
31.3333,419.241,594.1,19.241,0.0,9.182,-0.027,9.182,2.781,-0.013,0,0.17,-0.17,0.1347,197000,197000.0,-0.0,-2.5,-842.5,-187.7,0.6,-18835.2,-627840.0,177974.6,-842.0,1,0
31.35,419.395,594.102,19.395,-0.002,9.233,0.136,9.234,3.083,9.797,0,0.17,-0.17,0.1346,197500,197500.0,-0.0,-2.5,-850.8,-189.6,0.6,-0.0,0.0,197307.9,626989.8,0,0
31.3667,419.55,594.1,19.55,0.0,9.28,-0.027,9.28,2.796,-0.013,0,0.17,-0.17,0.1348,198000,198000.0,-0.0,-2.5,-861.7,-191.7,0.6,-18835.2,-627840.0,178970.5,-861.1,1,0
31.3833,419.705,594.102,19.705,-0.002,9.331,0.136,9.332,3.098,9.796,0,0.17,-0.17,0.1348,198500,198500.0,-0.0,-2.6,-870.1,-193.7,0.6,-0.0,0.0,198303.8,626970.5,0,0
31.4,419.862,594.1,19.862,0.0,9.378,-0.027,9.378,2.812,-0.014,0,0.17,-0.17,0.135,199000,199000.0,-0.0,-2.6,-881.2,-195.8,0.6,-18835.2,-627840.0,179966.4,-880.6,1,0
31.4167,420.019,594.102,20.019,-0.002,9.43,0.136,9.431,3.114,9.796,0,0.17,-0.17,0.1349,199500,199500.0,-0.0,-2.6,-889.7,-197.8,0.6,-0.0,0.0,199299.6,626950.9,0,0
31.4333,420.177,594.1,20.177,0.0,9.477,-0.027,9.477,2.828,-0.014,0,0.17,-0.17,0.1351,200000,200000.0,-0.0,-2.6,-901.0,-200.0,0.6,-18835.2,-627840.0,180962.2,-900.4,1,0
31.45,420.336,594.102,20.336,-0.002,9.529,0.136,9.53,3.13,9.796,0,0.17,-0.17,0.1351,200500,200500.0,-0.0,-2.6,-909.6,-202.0,0.6,-0.0,0.0,200295.4,626930.9,0,0
31.4667,420.495,594.1,20.495,0.0,9.577,-0.027,9.577,2.843,-0.014,0,0.16,-0.16,0.1353,201000,201000.0,-0.0,-2.6,-921.1,-204.2,0.6,-18835.2,-627840.0,181957.9,-920.5,1,0
31.4833,420.656,594.102,20.656,-0.002,9.629,0.136,9.63,3.145,9.795,0,0.16,-0.16,0.1352,201500,201500.0,-0.0,-2.7,-929.9,-206.3,0.6,-0.0,0.0,201291.1,626910.7,0,0
31.5,420.817,594.1,20.817,0.0,9.677,-0.027,9.677,2.859,-0.015,0,0.16,-0.16,0.1355,202000,202000.0,-0.0,-2.7,-941.6,-208.5,0.6,-18835.2,-627840.0,182953.6,-941.0,1,0
31.5167,420.979,594.102,20.979,-0.002,9.73,0.136,9.731,3.161,9.795,0,0.16,-0.16,0.1354,202500,202500.0,-0.0,-2.7,-950.5,-210.6,0.6,-0.0,0.0,202286.7,626890.1,0,0
31.5333,421.142,594.1,21.142,0.0,9.777,-0.027,9.778,2.874,-0.015,0,0.16,-0.16,0.1356,203000,203000.0,-0.0,-2.7,-962.4,-212.9,0.6,-18835.2,-627840.0,183949.2,-961.8,1,0
31.55,421.306,594.102,21.306,-0.002,9.83,0.136,9.831,3.176,9.795,0,0.16,-0.16,0.1355,203500,203500.0,-0.0,-2.7,-971.4,-215.0,0.6,-0.0,0.0,203282.3,626869.2,0,0
31.5667,421.471,594.1,21.471,0.0,9.879,-0.027,9.879,2.89,-0.015,0,0.16,-0.16,0.1357,204000,204000.0,-0.0,-2.7,-983.5,-217.3,0.6,-18835.2,-627840.0,184944.7,-982.9,1,0
31.5833,421.636,594.102,21.636,-0.002,9.932,0.136,9.933,3.184,9.794,0,0.16,-0.16,0.1357,204000,204000.0,-0.0,-2.8,-992.7,-219.5,0.6,-0.0,0.0,203777.8,626847.9,0,0
31.6,421.803,594.1,21.803,0.0,9.98,-0.027,9.98,2.89,-0.016,0,0.16,-0.16,0.1359,204000,204000.0,-0.0,-2.7,-1004.9,-221.8,0.6,-18835.2,-627840.0,184940.2,-1004.3,1,0
31.6167,421.97,594.102,21.97,-0.002,10.033,0.136,10.034,3.184,9.794,0,0.16,-0.16,0.1358,204000,204000.0,-0.0,-2.8,-1014.2,-224.0,0.6,-0.0,0.0,203773.2,626826.4,0,0
31.6333,422.138,594.1,22.138,0.0,10.081,-0.027,10.081,2.89,-0.016,0,0.16,-0.16,0.136,204000,204000.0,-0.0,-2.8,-1026.6,-226.4,0.6,-18835.2,-627840.0,184935.6,-1026.0,1,0
31.65,422.307,594.102,22.307,-0.002,10.134,0.136,10.135,3.184,9.794,0,0.16,-0.16,0.136,204000,204000.0,-0.0,-2.8,-1036.0,-228.6,0.6,-0.0,0.0,203768.6,626804.7,0,0
31.6667,422.476,594.1,22.476,0.0,10.182,-0.027,10.182,2.89,-0.016,0,0.15,-0.15,0.1362,204000,204000.0,-0.0,-2.8,-1048.5,-231.0,0.6,-18835.2,-627840.0,184931.0,-1047.9,1,0
31.6833,422.647,594.102,22.647,-0.002,10.235,0.136,10.236,3.184,9.793,0,0.15,-0.15,0.1361,204000,204000.0,-0.0,-2.9,-1057.9,-233.2,0.6,-0.0,0.0,203764.0,626782.7,0,0
31.7,422.818,594.1,22.818,0.0,10.283,-0.027,10.284,2.889,-0.017,0,0.15,-0.15,0.1363,204000,204000.0,-0.0,-2.8,-1070.6,-235.6,0.6,-18835.2,-627840.0,184926.3,-1070.0,1,0
31.7167,422.991,594.102,22.991,-0.002,10.337,0.136,10.337,3.184,9.793,0,0.15,-0.15,0.1362,204000,204000.0,-0.0,-2.9,-1080.1,-237.8,0.6,-0.0,0.0,203759.3,626760.5,0,0
31.7333,423.164,594.1,23.164,0.0,10.385,-0.027,10.385,2.889,-0.017,0,0.15,-0.15,0.1365,204000,204000.0,-0.0,-2.9,-1093.0,-240.3,0.6,-18835.2,-627840.0,184921.6,-1092.4,1,0
31.75,423.338,594.102,23.338,-0.002,10.438,0.136,10.439,3.184,9.793,0,0.15,-0.15,0.1364,204000,204000.0,-0.0,-2.9,-1102.6,-242.5,0.6,-0.0,0.0,203754.5,626738.1,0,0
31.7667,423.512,594.1,23.512,0.0,10.486,-0.027,10.486,2.897,-0.017,0,0.15,-0.15,0.1366,204500,204500.0,-0.0,-2.9,-1115.6,-245.0,0.6,-18835.2,-627840.0,185416.9,-1115.0,1,0
31.7833,423.688,594.102,23.688,-0.002,10.539,0.136,10.54,3.199,9.792,0,0.15,-0.15,0.1365,205000,205000.0,-0.0,-2.9,-1125.3,-247.3,0.6,-0.0,0.0,204749.7,626715.4,0,0
31.8,423.865,594.1,23.865,0.0,10.588,-0.027,10.588,2.913,-0.018,0,0.15,-0.15,0.1367,205500,205500.0,-0.0,-2.9,-1138.5,-249.8,0.6,-18835.2,-627840.0,186412.0,-1137.9,1,0
31.8167,424.042,594.102,24.042,-0.002,10.641,0.136,10.642,3.215,9.792,0,0.15,-0.15,0.1366,206000,206000.0,-0.0,-3.0,-1148.3,-252.1,0.7,-0.0,0.0,205744.9,626692.3,0,0
31.8333,424.22,594.1,24.22,0.0,10.69,-0.027,10.69,2.928,-0.018,0,0.15,-0.15,0.1368,206500,206500.0,-0.0,-3.0,-1161.8,-254.7,0.6,-18835.2,-627840.0,187407.1,-1161.1,1,0
31.85,424.399,594.102,24.399,-0.002,10.744,0.136,10.745,3.23,9.792,0,0.15,-0.15,0.1368,207000,207000.0,-0.0,-3.0,-1171.7,-257.0,0.7,-0.0,0.0,206740.0,626669.0,0,0
31.8667,424.579,594.1,24.579,0.0,10.793,-0.027,10.793,2.944,-0.019,0,0.14,-0.14,0.137,207500,207500.0,-0.0,-3.0,-1185.4,-259.6,0.7,-18835.2,-627840.0,188402.2,-1184.7,1,0
31.8833,424.76,594.102,24.76,-0.002,10.847,0.136,10.848,3.246,9.791,0,0.15,-0.15,0.1369,208000,208000.0,-0.0,-3.0,-1195.5,-262.0,0.7,-0.0,0.0,207735.0,626645.2,0,0
31.9,424.941,594.1,24.941,0.0,10.897,-0.027,10.897,2.959,-0.019,0,0.14,-0.14,0.1371,208500,208500.0,-0.0,-3.0,-1209.4,-264.6,0.7,-18835.2,-627840.0,189397.1,-1208.7,1,0
31.9167,425.124,594.102,25.124,-0.002,10.951,0.136,10.952,3.261,9.791,0,0.14,-0.14,0.137,209000,209000.0,-0.0,-3.1,-1219.6,-267.1,0.7,-0.0,0.0,208729.9,626621.1,0,0
31.9333,425.307,594.1,25.307,0.0,11.001,-0.027,11.001,2.975,-0.019,0,0.14,-0.14,0.1372,209500,209500.0,-0.0,-3.1,-1233.7,-269.7,0.7,-18835.2,-627840.0,190392.0,-1233.0,1,0
31.95,425.492,594.102,25.492,-0.002,11.055,0.136,11.056,3.277,9.791,0,0.14,-0.14,0.1371,210000,210000.0,-0.0,-3.1,-1244.0,-272.2,0.7,-0.0,0.0,209724.7,626596.6,0,0
31.9667,425.677,594.1,25.677,0.0,11.105,-0.027,11.105,2.99,-0.02,0,0.14,-0.14,0.1373,210500,210500.0,-0.0,-3.1,-1258.4,-274.9,0.7,-18835.2,-627840.0,191386.8,-1257.7,1,0
31.9833,425.863,594.102,25.863,-0.002,11.16,0.136,11.161,3.292,9.79,0,0.14,-0.14,0.1372,211000,211000.0,-0.0,-3.1,-1268.9,-277.4,0.7,-0.0,0.0,210719.5,626571.8,0,0
32.0,426.05,594.1,26.05,0.0,11.21,-0.027,11.21,3.006,-0.02,0,0.14,-0.14,0.1375,211500,211500.0,-0.0,-3.1,-1283.5,-280.1,0.7,-18835.2,-627840.0,192381.6,-1282.8,1,0
32.0167,426.237,594.102,26.237,-0.002,11.265,0.136,11.266,3.308,9.79,0,0.14,-0.14,0.1374,212000,212000.0,-0.0,-3.2,-1294.1,-282.6,0.7,-0.0,0.0,211714.2,626546.6,0,0
32.0333,426.426,594.1,26.426,0.0,11.315,-0.027,11.315,3.022,-0.02,0,0.14,-0.14,0.1376,212500,212500.0,-0.0,-3.2,-1308.9,-285.4,0.7,-18835.2,-627840.0,193376.2,-1308.2,1,0
32.05,426.615,594.102,26.615,-0.002,11.371,0.136,11.372,3.324,9.789,0,0.14,-0.14,0.1375,213000,213000.0,-0.0,-3.2,-1319.7,-288.0,0.7,-0.0,0.0,212708.8,626521.0,0,0
32.0667,426.806,594.1,26.806,0.0,11.421,-0.027,11.422,3.037,-0.021,0,0.14,-0.14,0.1377,213500,213500.0,-0.0,-3.2,-1334.7,-290.8,0.7,-18835.2,-627840.0,194370.8,-1334.0,1,0
32.0833,426.997,594.102,26.997,-0.002,11.477,0.136,11.478,3.339,9.789,0,0.14,-0.14,0.1376,214000,214000.0,-0.0,-3.2,-1345.6,-293.4,0.7,-0.0,0.0,213703.4,626495.1,0,0
32.1,427.189,594.1,27.189,0.0,11.528,-0.027,11.528,3.053,-0.021,0,0.14,-0.14,0.1378,214500,214500.0,-0.0,-3.2,-1360.9,-296.3,0.7,-18835.2,-627840.0,195365.3,-1360.2,1,0
32.1167,427.382,594.102,27.382,-0.002,11.584,0.136,11.585,3.355,9.789,0,0.14,-0.14,0.1377,215000,215000.0,-0.0,-3.3,-1372.0,-298.9,0.7,-0.0,0.0,214697.8,626468.7,0,0
32.1333,427.576,594.1,27.576,0.0,11.635,-0.027,11.635,3.068,-0.022,0,0.13,-0.13,0.1379,215500,215500.0,-0.0,-3.2,-1387.5,-301.8,0.7,-18835.2,-627840.0,196359.7,-1386.8,1,0
32.15,427.771,594.102,27.771,-0.002,11.691,0.136,11.692,3.37,9.788,0,0.14,-0.14,0.1378,216000,216000.0,-0.0,-3.3,-1398.7,-304.5,0.7,-0.0,0.0,215692.2,626442.0,0,0
32.1667,427.967,594.1,27.967,0.0,11.743,-0.027,11.743,3.084,-0.022,0,0.13,-0.13,0.138,216500,216500.0,-0.0,-3.3,-1414.5,-307.4,0.7,-18835.2,-627840.0,197354.1,-1413.8,1,0
32.1833,428.163,594.102,28.163,-0.002,11.799,0.136,11.8,3.386,9.788,0,0.13,-0.13,0.1379,217000,217000.0,-0.0,-3.3,-1425.8,-310.1,0.7,-0.0,0.0,216686.5,626414.9,0,0
32.2,428.361,594.1,28.361,0.0,11.851,-0.028,11.851,3.099,-0.023,0,0.13,-0.13,0.1381,217500,217500.0,-0.0,-3.3,-1441.8,-313.1,0.7,-18835.2,-627840.0,198348.4,-1441.1,1,0
32.2167,428.559,594.102,28.559,-0.002,11.907,0.136,11.908,3.401,9.787,0,0.13,-0.13,0.138,218000,218000.0,-0.0,-3.4,-1453.3,-315.9,0.7,-0.0,0.0,217680.8,626387.4,0,0
32.2333,428.759,594.1,28.759,0.0,11.959,-0.028,11.959,3.115,-0.023,0,0.13,-0.13,0.1383,218500,218500.0,-0.0,-3.3,-1469.6,-318.9,0.7,-18835.2,-627840.0,199342.6,-1468.9,1,0
32.25,428.959,594.102,28.959,-0.002,12.016,0.136,12.017,3.417,9.787,0,0.13,-0.13,0.1381,219000,219000.0,-0.0,-3.4,-1481.2,-321.7,0.7,-0.0,0.0,218674.9,626359.5,0,0
32.2667,429.16,594.1,29.16,0.0,12.068,-0.028,12.068,3.13,-0.023,0,0.13,-0.13,0.1384,219500,219500.0,-0.0,-3.4,-1497.8,-324.7,0.7,-18835.2,-627840.0,200336.7,-1497.0,1,0
32.2833,429.362,594.102,29.362,-0.002,12.126,0.136,12.126,3.432,9.786,0,0.13,-0.13,0.1382,220000,220000.0,-0.0,-3.4,-1509.5,-327.6,0.7,-0.0,0.0,219669.0,626331.2,0,0
32.3,429.565,594.1,29.565,0.0,12.178,-0.028,12.178,3.146,-0.024,0,0.13,-0.13,0.1385,220500,220500.0,-0.0,-3.4,-1526.3,-330.7,0.7,-18835.2,-627840.0,201330.7,-1525.6,1,0
32.3167,429.769,594.102,29.769,-0.002,12.236,0.136,12.236,3.448,9.786,0,0.13,-0.13,0.1383,221000,221000.0,-0.0,-3.5,-1538.2,-333.6,0.8,-0.0,0.0,220663.0,626302.5,0,0
32.3333,429.974,594.1,29.974,0.0,12.288,-0.028,12.288,3.161,-0.024,0,0.13,-0.13,0.1386,221500,221500.0,-0.0,-3.4,-1555.3,-336.7,0.7,-18835.2,-627840.0,202324.6,-1554.5,1,0
32.35,430.18,594.102,30.18,-0.002,12.346,0.136,12.347,3.463,9.786,0,0.13,-0.13,0.1385,222000,222000.0,-0.0,-3.5,-1567.3,-339.6,0.8,-0.0,0.0,221656.9,626273.4,0,0
32.3667,430.386,594.1,30.386,0.0,12.399,-0.028,12.399,3.169,-0.025,0,0.13,-0.13,0.1387,222000,222000.0,-0.0,-3.5,-1584.7,-342.8,0.8,-18835.2,-627840.0,202818.5,-1583.9,1,0
32.3833,430.594,594.102,30.594,-0.002,12.456,0.136,12.457,3.463,9.785,0,0.13,-0.13,0.1386,222000,222000.0,-0.0,-3.5,-1596.8,-345.8,0.8,-0.0,0.0,221650.7,626243.9,0,0
32.4,430.802,594.1,30.802,0.0,12.509,-0.028,12.509,3.169,-0.025,0,0.12,-0.12,0.1388,222000,222000.0,-0.0,-3.5,-1614.3,-349.0,0.8,-18835.2,-627840.0,202812.3,-1613.6,1,0
32.4167,431.012,594.102,31.012,-0.002,12.567,0.136,12.568,3.463,9.785,0,0.13,-0.13,0.1387,222000,222000.0,-0.0,-3.6,-1626.6,-351.9,0.8,-0.0,0.0,221644.5,626214.2,0,0
32.4333,431.222,594.1,31.222,0.0,12.62,-0.028,12.62,3.169,-0.026,0,0.12,-0.12,0.1389,222000,222000.0,-0.0,-3.5,-1644.3,-355.2,0.8,-18835.2,-627840.0,202806.1,-1643.5,1,0
32.45,431.433,594.102,31.433,-0.002,12.678,0.136,12.678,3.463,9.784,0,0.13,-0.13,0.1387,222000,222000.0,-0.0,-3.6,-1656.6,-358.2,0.8,-0.0,0.0,221638.2,626184.2,0,0
32.4667,431.646,594.1,31.646,0.0,12.73,-0.028,12.73,3.169,-0.026,0,0.12,-0.12,0.139,222000,222000.0,-0.0,-3.6,-1674.5,-361.5,0.8,-18835.2,-627840.0,202799.7,-1673.8,1,0
32.4833,431.859,594.102,31.859,-0.002,12.788,0.136,12.789,3.463,9.784,0,0.12,-0.12,0.1388,222000,222000.0,-0.0,-3.6,-1686.9,-364.5,0.8,-0.0,0.0,221631.9,626153.9,0,0
32.5,432.073,594.1,32.073,0.0,12.841,-0.028,12.841,3.169,-0.027,0,0.12,-0.12,0.1391,222000,222000.0,-0.0,-3.6,-1705.0,-367.8,0.8,-18835.2,-627840.0,202793.4,-1704.3,1,0
32.5167,432.288,594.102,32.288,-0.002,12.899,0.136,12.899,3.463,9.783,0,0.12,-0.12,0.1389,222000,222000.0,-0.0,-3.7,-1717.5,-370.9,0.8,-0.0,0.0,221625.5,626123.3,0,0
32.5333,432.504,594.1,32.504,0.0,12.951,-0.028,12.951,3.169,-0.027,0,0.12,-0.12,0.1392,222000,222000.0,-0.0,-3.6,-1735.8,-374.2,0.8,-18835.2,-627840.0,202787.0,-1735.0,1,0
32.55,432.72,594.102,32.72,-0.002,13.009,0.135,13.01,3.463,9.783,0,0.12,-0.12,0.139,222000,222000.0,-0.0,-3.7,-1748.4,-377.3,0.8,-0.0,0.0,221619.0,626092.4,0,0
32.5667,432.938,594.1,32.938,0.0,13.062,-0.028,13.062,3.168,-0.028,0,0.12,-0.12,0.1393,222000,222000.0,-0.0,-3.7,-1766.9,-380.6,0.8,-18835.2,-627840.0,202780.5,-1766.1,1,0
32.5833,433.157,594.102,33.157,-0.002,13.12,0.135,13.12,3.463,9.782,0,0.12,-0.12,0.1391,222000,222000.0,-0.0,-3.8,-1779.5,-383.7,0.8,-0.0,0.0,221612.5,626061.3,0,0
32.6,433.376,594.1,33.376,0.0,13.172,-0.028,13.172,3.168,-0.028,0,0.12,-0.12,0.1394,222000,222000.0,-0.0,-3.7,-1798.2,-387.1,0.8,-18835.2,-627840.0,202774.0,-1797.4,1,0
32.6167,433.597,594.102,33.597,-0.002,13.23,0.135,13.231,3.463,9.782,0,0.12,-0.12,0.1392,222000,222000.0,-0.0,-3.8,-1810.9,-390.2,0.8,-0.0,0.0,221606.0,626029.9,0,0
32.6333,433.818,594.1,33.818,0.0,13.283,-0.028,13.283,3.168,-0.029,0,0.12,-0.12,0.1394,222000,222000.0,-0.0,-3.7,-1829.8,-393.7,0.8,-18835.2,-627840.0,202767.4,-1829.0,1,0
32.65,434.041,594.102,34.041,-0.002,13.341,0.135,13.341,3.462,9.781,0,0.12,-0.12,0.1393,222000,222000.0,-0.0,-3.8,-1842.6,-396.8,0.8,-0.0,0.0,221599.4,625998.3,0,0
32.6667,434.264,594.1,34.264,0.0,13.393,-0.028,13.393,3.168,-0.029,0,0.12,-0.12,0.1395,222000,222000.0,-0.0,-3.8,-1861.7,-400.3,0.8,-18835.2,-627840.0,202760.7,-1860.9,1,0
32.6833,434.488,594.102,34.488,-0.002,13.451,0.135,13.452,3.462,9.781,0,0.12,-0.12,0.1394,222000,222000.0,-0.0,-3.9,-1874.5,-403.5,0.8,-0.0,0.0,221592.7,625966.3,0,0
32.7,434.713,594.1,34.713,0.0,13.504,-0.028,13.504,3.168,-0.03,0,0.12,-0.12,0.1396,222000,222000.0,-0.0,-3.8,-1893.8,-406.9,0.8,-18835.2,-627840.0,202754.0,-1893.0,1,0
32.7167,434.939,594.102,34.939,-0.002,13.562,0.135,13.562,3.462,9.78,0,0.12,-0.12,0.1395,222000,222000.0,-0.0,-3.9,-1906.7,-410.1,0.8,-0.0,0.0,221586.0,625934.1,0,0
32.7333,435.166,594.1,35.166,0.0,13.614,-0.028,13.614,3.168,-0.03,0,0.11,-0.11,0.1397,222000,222000.0,-0.0,-3.8,-1926.3,-413.7,0.8,-18835.2,-627840.0,202747.3,-1925.4,1,0
32.75,435.394,594.102,35.394,-0.002,13.672,0.135,13.673,3.462,9.78,0,0.12,-0.12,0.1396,222000,222000.0,-0.0,-3.9,-1939.2,-416.9,0.8,-0.0,0.0,221579.2,625901.6,0,0
32.7667,435.623,594.1,35.623,0.0,13.725,-0.028,13.725,3.168,-0.031,0,0.11,-0.11,0.1398,222000,222000.0,-0.0,-3.9,-1959.0,-420.4,0.8,-18835.2,-627840.0,202740.5,-1958.1,1,0
32.7833,435.852,594.102,35.852,-0.002,13.783,0.135,13.783,3.462,9.779,0,0.12,-0.12,0.1396,222000,222000.0,-0.0,-4.0,-1972.0,-423.7,0.9,-0.0,0.0,221572.4,625868.9,0,0
32.8,436.083,594.1,36.083,0.0,13.835,-0.028,13.835,3.168,-0.031,0,0.11,-0.11,0.1399,222000,222000.0,-0.0,-3.9,-1991.9,-427.2,0.8,-18835.2,-627840.0,202733.6,-1991.1,1,0
32.8167,436.314,594.102,36.314,-0.002,13.893,0.135,13.894,3.462,9.779,0,0.11,-0.11,0.1397,222000,222000.0,-0.0,-4.0,-2005.0,-430.5,0.9,-0.0,0.0,221565.5,625835.8,0,0
32.8333,436.547,594.1,36.547,0.0,13.946,-0.028,13.946,3.168,-0.032,0,0.11,-0.11,0.14,222000,222000.0,-0.0,-3.9,-2025.2,-434.1,0.8,-18835.2,-627840.0,202726.7,-2024.3,1,0
32.85,436.78,594.102,36.78,-0.002,14.004,0.135,14.004,3.462,9.778,0,0.11,-0.11,0.1398,222000,222000.0,-0.0,-4.0,-2038.3,-437.4,0.9,-0.0,0.0,221558.5,625802.5,0,0
32.8667,437.015,594.1,37.015,0.0,14.056,-0.028,14.056,3.167,-0.032,0,0.11,-0.11,0.14,222000,222000.0,-0.0,-4.0,-2058.7,-441.1,0.9,-18835.2,-627840.0,202719.8,-2057.9,1,0
32.8833,437.25,594.102,37.25,-0.002,14.114,0.135,14.115,3.462,9.778,0,0.11,-0.11,0.1399,222000,222000.0,-0.0,-4.1,-2071.9,-444.4,0.9,-0.0,0.0,221551.5,625769.0,0,0
32.9,437.486,594.1,37.486,0.0,14.167,-0.028,14.167,3.167,-0.033,0,0.11,-0.11,0.1401,222000,222000.0,-0.0,-4.0,-2092.5,-448.0,0.9,-18835.2,-627840.0,202712.7,-2091.6,1,0
32.9167,437.723,594.102,37.723,-0.002,14.225,0.135,14.225,3.462,9.777,0,0.11,-0.11,0.1399,222000,222000.0,-0.0,-4.1,-2105.8,-451.4,0.9,-0.0,0.0,221544.5,625735.1,0,0
32.9333,437.961,594.1,37.961,0.0,14.277,-0.028,14.277,3.167,-0.033,0,0.11,-0.11,0.1402,222000,222000.0,-0.0,-4.0,-2126.6,-455.1,0.9,-18835.2,-627840.0,202705.7,-2125.7,1,0
32.95,438.2,594.102,38.2,-0.002,14.335,0.135,14.336,3.462,9.777,0,0.11,-0.11,0.14,222000,222000.0,-0.0,-4.1,-2139.9,-458.5,0.9,-0.0,0.0,221537.4,625701.0,0,0
32.9667,438.44,594.1,38.44,0.0,14.388,-0.028,14.388,3.167,-0.034,0,0.11,-0.11,0.1403,222000,222000.0,-0.0,-4.1,-2160.9,-462.2,0.9,-18835.2,-627840.0,202698.5,-2160.0,1,0
32.9833,438.68,594.102,38.68,-0.002,14.446,0.135,14.446,3.461,9.776,0,0.11,-0.11,0.1401,222000,222000.0,-0.0,-4.2,-2174.3,-465.6,0.9,-0.0,0.0,221530.2,625666.6,0,0
33.0,438.922,594.1,38.922,0.0,14.498,-0.028,14.498,3.167,-0.034,0,0.11,-0.11,0.1403,222000,222000.0,-0.0,-4.1,-2195.5,-469.3,0.9,-18835.2,-627840.0,202691.4,-2194.7,1,0
33.0167,439.165,594.102,39.165,-0.002,14.556,0.135,14.557,3.461,9.775,0,0.11,-0.11,0.1402,222000,222000.0,-0.0,-4.2,-2209.0,-472.8,0.9,-0.0,0.0,221523.0,625631.9,0,0
33.0333,439.408,594.1,39.408,0.0,14.609,-0.028,14.609,3.167,-0.035,0,0.11,-0.11,0.1404,222000,222000.0,-0.0,-4.1,-2230.4,-476.5,0.9,-18835.2,-627840.0,202684.1,-2229.5,1,0
33.05,439.653,594.102,39.653,-0.002,14.667,0.135,14.667,3.461,9.775,0,0.11,-0.11,0.1402,222000,222000.0,-0.0,-4.2,-2243.9,-480.0,0.9,-0.0,0.0,221515.8,625597.0,0,0
33.0667,439.898,594.1,39.898,0.0,14.719,-0.028,14.719,3.167,-0.035,0,0.11,-0.11,0.1405,222000,222000.0,-0.0,-4.2,-2265.6,-483.8,0.9,-18835.2,-627840.0,202676.8,-2264.7,1,0
33.0833,440.144,594.102,40.144,-0.002,14.777,0.135,14.778,3.461,9.774,0,0.11,-0.11,0.1403,222000,222000.0,-0.0,-4.3,-2279.1,-487.3,0.9,-0.0,0.0,221508.4,625561.8,0,0
33.1,440.391,594.1,40.391,0.0,14.83,-0.028,14.83,3.167,-0.036,0,0.1,-0.1,0.1406,222000,222000.0,-0.0,-4.2,-2301.0,-491.1,0.9,-18835.2,-627840.0,202669.5,-2300.1,1,0
33.1167,440.639,594.102,40.639,-0.002,14.887,0.135,14.888,3.461,9.774,0,0.11,-0.11,0.1404,222000,222000.0,-0.0,-4.3,-2314.6,-494.6,0.9,-0.0,0.0,221501.1,625526.3,0,0
33.1333,440.888,594.1,40.888,0.0,14.94,-0.028,14.94,3.167,-0.036,0,0.1,-0.1,0.1406,222000,222000.0,-0.0,-4.2,-2336.7,-498.5,0.9,-18835.2,-627840.0,202662.1,-2335.8,1,0
33.15,441.138,594.102,41.138,-0.002,14.998,0.135,14.999,3.461,9.773,0,0.11,-0.11,0.1405,222000,222000.0,-0.0,-4.4,-2350.4,-502.0,0.9,-0.0,0.0,221493.6,625490.6,0,0
33.1667,441.389,594.1,41.389,0.0,15.051,-0.028,15.051,3.166,-0.037,0,0.1,-0.1,0.1407,222000,222000.0,-0.0,-4.3,-2372.7,-505.9,0.9,-18835.2,-627840.0,202654.6,-2371.8,1,0
33.1833,441.641,594.102,41.641,-0.002,15.108,0.135,15.109,3.461,9.773,0,0.11,-0.11,0.1405,222000,222000.0,-0.0,-4.4,-2386.4,-509.5,0.9,-0.0,0.0,221486.1,625454.5,0,0
33.2,441.894,594.1,41.894,0.0,15.161,-0.028,15.161,3.166,-0.038,0,0.1,-0.1,0.1408,222000,222000.0,-0.0,-4.3,-2409.0,-513.4,0.9,-18835.2,-627840.0,202647.1,-2408.1,1,0
33.2167,442.147,594.102,42.147,-0.002,15.219,0.135,15.219,3.461,9.772,0,0.1,-0.1,0.1406,222000,222000.0,-0.0,-4.4,-2422.7,-517.0,0.9,-0.0,0.0,221478.6,625418.2,0,0
33.2333,442.402,594.1,42.402,0.0,15.272,-0.028,15.272,3.166,-0.038,0,0.1,-0.1,0.1408,222000,222000.0,-0.0,-4.3,-2445.5,-520.9,0.9,-18835.2,-627840.0,202639.5,-2444.6,1,0
33.25,442.657,594.102,42.657,-0.002,15.329,0.135,15.33,3.46,9.772,0,0.1,-0.1,0.1407,222000,222000.0,-0.0,-4.5,-2459.3,-524.5,1.0,-0.0,0.0,221471.0,625381.7,0,0
33.2667,442.914,594.1,42.914,0.0,15.382,-0.028,15.382,3.166,-0.039,0,0.1,-0.1,0.1409,222000,222000.0,-0.0,-4.4,-2482.3,-528.5,0.9,-18835.2,-627840.0,202631.9,-2481.4,1,0
33.2833,443.171,594.102,43.171,-0.002,15.44,0.135,15.44,3.46,9.771,0,0.1,-0.1,0.1407,222000,222000.0,-0.0,-4.5,-2496.1,-532.2,1.0,-0.0,0.0,221463.4,625344.8,0,0
33.3,443.429,594.1,43.429,0.0,15.492,-0.028,15.492,3.166,-0.039,0,0.1,-0.1,0.141,222000,222000.0,-0.0,-4.4,-2519.4,-536.2,0.9,-18835.2,-627840.0,202624.2,-2518.5,1,0
33.3167,443.688,594.102,43.688,-0.002,15.55,0.135,15.551,3.46,9.77,0,0.1,-0.1,0.1408,222000,222000.0,-0.0,-4.5,-2533.3,-539.8,1.0,-0.0,0.0,221455.7,625307.7,0,0
33.3333,443.949,594.1,43.949,0.0,15.603,-0.028,15.603,3.166,-0.04,0,0.1,-0.1,0.141,222000,222000.0,-0.0,-4.4,-2556.7,-543.8,0.9,-18835.2,-627840.0,202616.5,-2555.8,1,0
33.35,444.21,594.102,44.21,-0.002,15.661,0.135,15.661,3.46,9.77,0,0.1,-0.1,0.1408,222000,222000.0,-0.0,-4.6,-2570.7,-547.5,1.0,-0.0,0.0,221447.9,625270.3,0,0
33.3667,444.471,594.1,44.471,0.0,15.713,-0.028,15.713,3.166,-0.041,0,0.1,-0.1,0.1411,222000,222000.0,-0.0,-4.5,-2594.4,-551.6,1.0,-18835.2,-627840.0,202608.7,-2593.4,1,0
33.3833,444.734,594.102,44.734,-0.002,15.771,0.135,15.772,3.46,9.769,0,0.1,-0.1,0.1409,222000,222000.0,-0.0,-4.6,-2608.3,-555.3,1.0,-0.0,0.0,221440.1,625232.6,0,0
33.4,444.998,594.1,44.998,0.0,15.824,-0.028,15.824,3.166,-0.041,0,0.1,-0.1,0.1412,222000,222000.0,-0.0,-4.5,-2632.3,-559.4,1.0,-18835.2,-627840.0,202600.9,-2631.3,1,0
33.4167,445.263,594.102,45.263,-0.002,15.881,0.135,15.882,3.46,9.769,0,0.1,-0.1,0.141,222000,222000.0,-0.0,-4.6,-2646.3,-563.2,1.0,-0.0,0.0,221432.2,625194.7,0,0
33.4333,445.528,594.1,45.528,0.0,15.934,-0.028,15.934,3.166,-0.042,0,0.1,-0.1,0.1412,222000,222000.0,-0.0,-4.5,-2670.4,-567.3,1.0,-18835.2,-627840.0,202593.0,-2669.5,1,0
33.45,445.795,594.102,45.795,-0.002,15.992,0.135,15.992,3.46,9.768,0,0.1,-0.1,0.141,222000,222000.0,-0.0,-4.7,-2684.5,-571.0,1.0,-0.0,0.0,221424.3,625156.5,0,0
33.4667,446.062,594.1,46.062,0.0,16.045,-0.028,16.045,3.165,-0.042,0,0.1,-0.1,0.1413,222000,222000.0,-0.0,-4.6,-2708.9,-575.2,1.0,-18835.2,-627840.0,202585.0,-2707.9,1,0
33.4833,446.331,594.102,46.331,-0.002,16.102,0.135,16.103,3.46,9.767,0,0.1,-0.1,0.1411,222000,222000.0,-0.0,-4.7,-2723.0,-579.0,1.0,-0.0,0.0,221416.3,625118.0,0,0
33.5,446.6,594.1,46.6,0.0,16.155,-0.028,16.155,3.165,-0.043,0,0.1,-0.1,0.1413,222000,222000.0,-0.0,-4.6,-2747.6,-583.2,1.0,-18835.2,-627840.0,202577.0,-2746.6,1,0
33.5167,446.87,594.102,46.87,-0.002,16.213,0.135,16.213,3.46,9.767,0,0.1,-0.1,0.1411,222000,222000.0,-0.0,-4.7,-2761.7,-587.0,1.0,-0.0,0.0,221408.3,625079.3,0,0
33.5333,447.141,594.1,47.141,0.0,16.265,-0.028,16.265,3.165,-0.044,0,0.1,-0.1,0.1414,222000,222000.0,-0.0,-4.6,-2786.6,-591.2,1.0,-18835.2,-627840.0,202569.0,-2785.6,1,0
33.55,447.413,594.102,47.413,-0.002,16.323,0.135,16.324,3.459,9.766,0,0.1,-0.1,0.1412,222000,222000.0,-0.0,-4.8,-2800.8,-595.0,1.0,-0.0,0.0,221400.2,625040.3,0,0
33.5667,447.686,594.1,47.686,0.0,16.376,-0.028,16.376,3.165,-0.044,0,0.09,-0.09,0.1415,222000,222000.0,-0.0,-4.7,-2825.9,-599.3,1.0,-18835.2,-627840.0,202560.9,-2824.9,1,0
33.5833,447.96,594.102,47.96,-0.002,16.433,0.135,16.434,3.459,9.766,0,0.1,-0.1,0.1413,222000,222000.0,-0.0,-4.8,-2840.1,-603.1,1.0,-0.0,0.0,221392.1,625001.0,0,0
33.6,448.235,594.1,48.235,0.0,16.486,-0.028,16.486,3.165,-0.045,0,0.09,-0.09,0.1415,222000,222000.0,-0.0,-4.7,-2865.4,-607.4,1.0,-18835.2,-627840.0,202552.7,-2864.4,1,0
33.6167,448.51,594.102,48.51,-0.002,16.544,0.135,16.544,3.459,9.765,0,0.1,-0.1,0.1413,222000,222000.0,-0.0,-4.8,-2879.6,-611.3,1.0,-0.0,0.0,221383.9,624961.4,0,0
33.6333,448.787,594.1,48.787,0.0,16.597,-0.028,16.597,3.165,-0.045,0,0.09,-0.09,0.1416,222000,222000.0,-0.0,-4.7,-2905.2,-615.6,1.0,-18835.2,-627840.0,202544.5,-2904.2,1,0
33.65,449.065,594.102,49.065,-0.002,16.654,0.135,16.655,3.459,9.764,0,0.1,-0.1,0.1414,222000,222000.0,-0.0,-4.9,-2919.5,-619.5,1.0,-0.0,0.0,221375.6,624921.6,0,0
33.6667,449.343,594.1,49.343,0.0,16.707,-0.028,16.707,3.165,-0.046,0,0.09,-0.09,0.1416,222000,222000.0,-0.0,-4.8,-2945.3,-623.8,1.0,-18835.2,-627840.0,202536.2,-2944.3,1,0
33.6833,449.623,594.102,49.623,-0.002,16.765,0.135,16.765,3.459,9.764,0,0.1,-0.1,0.1414,222000,222000.0,-0.0,-4.9,-2959.6,-627.8,1.0,-0.0,0.0,221367.3,624881.5,0,0
33.7,449.903,594.1,49.903,0.0,16.817,-0.028,16.817,3.164,-0.047,0,0.09,-0.09,0.1417,222000,222000.0,-0.0,-4.8,-2985.7,-632.1,1.0,-18835.2,-627840.0,202527.9,-2984.6,1,0
33.7167,450.184,594.102,50.184,-0.002,16.875,0.135,16.876,3.459,9.763,0,0.09,-0.09,0.1415,222000,222000.0,-0.0,-5.0,-3000.0,-636.1,1.1,-0.0,0.0,221358.9,624841.1,0,0
33.7333,450.466,594.1,50.466,0.0,16.928,-0.028,16.928,3.164,-0.047,0,0.09,-0.09,0.1418,222000,222000.0,-0.0,-4.8,-3026.3,-640.5,1.0,-18835.2,-627840.0,202519.5,-3025.3,1,0
33.75,450.749,594.102,50.749,-0.002,16.985,0.135,16.986,3.459,9.763,0,0.09,-0.09,0.1415,222000,222000.0,-0.0,-5.0,-3040.6,-644.5,1.1,-0.0,0.0,221350.5,624800.4,0,0
33.7667,451.033,594.1,51.033,0.0,17.038,-0.028,17.038,3.164,-0.048,0,0.09,-0.09,0.1418,222000,222000.0,-0.0,-4.9,-3067.2,-648.9,1.0,-18835.2,-627840.0,202511.0,-3066.2,1,0
33.7833,451.318,594.102,51.318,-0.002,17.096,0.135,17.096,3.458,9.762,0,0.09,-0.09,0.1416,222000,222000.0,-0.0,-5.0,-3081.6,-652.9,1.1,-0.0,0.0,221342.1,624759.5,0,0
33.8,451.604,594.1,51.604,0.0,17.149,-0.028,17.149,3.164,-0.049,0,0.09,-0.09,0.1419,222000,222000.0,-0.0,-4.9,-3108.4,-657.3,1.0,-18835.2,-627840.0,202502.6,-3107.3,1,0
33.8167,451.891,594.102,51.891,-0.002,17.206,0.135,17.207,3.458,9.761,0,0.09,-0.09,0.1416,222000,222000.0,-0.0,-5.1,-3122.8,-661.4,1.1,-0.0,0.0,221333.5,624718.3,0,0
33.8333,452.178,594.1,52.178,0.0,17.259,-0.028,17.259,3.164,-0.049,0,0.09,-0.09,0.1419,222000,222000.0,-0.0,-4.9,-3149.8,-665.9,1.0,-18835.2,-627840.0,202494.0,-3148.8,1,0
33.85,452.467,594.102,52.467,-0.002,17.317,0.135,17.317,3.458,9.761,0,0.09,-0.09,0.1417,222000,222000.0,-0.0,-5.1,-3164.2,-669.9,1.1,-0.0,0.0,221325.0,624676.8,0,0
33.8667,452.757,594.1,52.757,0.0,17.369,-0.028,17.369,3.164,-0.05,0,0.09,-0.09,0.142,222000,222000.0,-0.0,-5.0,-3191.5,-674.4,1.1,-18835.2,-627840.0,202485.4,-3190.5,1,0
33.8833,453.047,594.102,53.047,-0.002,17.427,0.135,17.427,3.458,9.76,0,0.09,-0.09,0.1417,222000,222000.0,-0.0,-5.1,-3206.0,-678.5,1.1,-0.0,0.0,221316.3,624635.1,0,0
33.9,453.338,594.1,53.338,0.0,17.48,-0.028,17.48,3.164,-0.051,0,0.09,-0.09,0.142,222000,222000.0,-0.0,-5.0,-3233.5,-683.0,1.1,-18835.2,-627840.0,202476.7,-3232.5,1,0
33.9167,453.631,594.102,53.631,-0.002,17.537,0.135,17.538,3.458,9.759,0,0.09,-0.09,0.1418,222000,222000.0,-0.0,-5.2,-3248.0,-687.2,1.1,-0.0,0.0,221307.6,624593.1,0,0
33.9333,453.924,594.1,53.924,0.0,17.59,-0.028,17.59,3.164,-0.051,0,0.09,-0.09,0.1421,222000,222000.0,-0.0,-5.0,-3275.8,-691.7,1.1,-18835.2,-627840.0,202468.0,-3274.7,1,0
33.95,454.218,594.102,54.218,-0.002,17.648,0.135,17.648,3.458,9.759,0,0.09,-0.09,0.1418,222000,222000.0,-0.0,-5.2,-3290.3,-695.9,1.1,-0.0,0.0,221298.9,624550.8,0,0
33.9667,454.513,594.1,54.513,0.0,17.7,-0.028,17.7,3.163,-0.052,0,0.09,-0.09,0.1421,222000,222000.0,-0.0,-5.1,-3318.3,-700.5,1.1,-18835.2,-627840.0,202459.3,-3317.3,1,0
33.9833,454.809,594.102,54.809,-0.002,17.758,0.135,17.759,3.458,9.758,0,0.09,-0.09,0.1419,222000,222000.0,-0.0,-5.2,-3332.8,-704.7,1.1,-0.0,0.0,221290.1,624508.3,0,0
34.0,455.106,594.1,55.106,0.0,17.811,-0.028,17.811,3.163,-0.053,0,0.09,-0.09,0.1422,222000,222000.0,-0.0,-5.1,-3361.1,-709.2,1.1,-18835.2,-627840.0,202450.5,-3360.1,1,0
34.0167,455.404,594.102,55.404,-0.002,17.868,0.135,17.869,3.458,9.757,0,0.09,-0.09,0.1419,222000,222000.0,-0.0,-5.3,-3375.7,-713.5,1.1,-0.0,0.0,221281.3,624465.5,0,0
34.0333,455.702,594.1,55.702,0.0,17.921,-0.028,17.921,3.163,-0.053,0,0.09,-0.09,0.1422,222000,222000.0,-0.0,-5.1,-3404.2,-718.1,1.1,-18835.2,-627840.0,202441.6,-3403.1,1,0
34.05,456.002,594.102,56.002,-0.002,17.979,0.135,17.979,3.457,9.757,0,0.09,-0.09,0.142,222000,222000.0,-0.0,-5.3,-3418.8,-722.3,1.1,-0.0,0.0,221272.4,624422.4,0,0
34.0667,456.302,594.1,56.302,0.0,18.031,-0.028,18.031,3.163,-0.054,0,0.09,-0.09,0.1423,222000,222000.0,-0.0,-5.2,-3447.6,-727.0,1.1,-18835.2,-627840.0,202432.6,-3446.5,1,0
34.0833,456.604,594.102,56.604,-0.002,18.089,0.135,18.09,3.457,9.756,0,0.09,-0.09,0.142,222000,222000.0,-0.0,-5.3,-3462.1,-731.3,1.1,-0.0,0.0,221263.4,624379.0,0,0
34.1,456.906,594.1,56.906,0.0,18.142,-0.028,18.142,3.163,-0.055,0,0.09,-0.09,0.1423,222000,222000.0,-0.0,-5.2,-3491.2,-735.9,1.1,-18835.2,-627840.0,202423.7,-3490.1,1,0
34.1167,457.21,594.102,57.21,-0.002,18.199,0.135,18.2,3.457,9.755,0,0.09,-0.09,0.1421,222000,222000.0,-0.0,-5.4,-3505.8,-740.2,1.1,-0.0,0.0,221254.4,624335.4,0,0
34.1333,457.514,594.1,57.514,0.0,18.252,-0.028,18.252,3.163,-0.055,0,0.08,-0.08,0.1424,222000,222000.0,-0.0,-5.2,-3535.1,-744.9,1.1,-18835.2,-627840.0,202414.6,-3534.0,1,0
34.15,457.819,594.102,57.819,-0.002,18.31,0.135,18.31,3.457,9.755,0,0.09,-0.09,0.1421,222000,222000.0,-0.0,-5.4,-3549.7,-749.3,1.1,-0.0,0.0,221245.3,624291.5,0,0
34.1667,458.125,594.1,58.125,0.0,18.362,-0.028,18.362,3.163,-0.056,0,0.08,-0.08,0.1424,222000,222000.0,-0.0,-5.3,-3579.3,-754.0,1.1,-18835.2,-627840.0,202405.5,-3578.2,1,0
34.1833,458.432,594.102,58.432,-0.002,18.42,0.135,18.421,3.457,9.754,0,0.09,-0.09,0.1422,222000,222000.0,-0.0,-5.5,-3593.9,-758.3,1.2,-0.0,0.0,221236.2,624247.3,0,0
34.2,458.74,594.1,58.74,0.0,18.473,-0.028,18.473,3.162,-0.057,0,0.08,-0.08,0.1425,222000,222000.0,-0.0,-5.3,-3623.7,-763.1,1.1,-18835.2,-627840.0,202396.4,-3622.6,1,0
34.2167,459.049,594.102,59.049,-0.002,18.53,0.135,18.531,3.457,9.753,0,0.09,-0.09,0.1422,222000,222000.0,-0.0,-5.5,-3638.3,-767.5,1.2,-0.0,0.0,221227.0,624202.8,0,0
34.2333,459.358,594.1,59.358,0.0,18.583,-0.028,18.583,3.162,-0.057,0,0.08,-0.08,0.1425,222000,222000.0,-0.0,-5.3,-3668.5,-772.3,1.1,-18835.2,-627840.0,202387.2,-3667.3,1,0
34.25,459.669,594.102,59.669,-0.002,18.641,0.135,18.641,3.457,9.752,0,0.09,-0.09,0.1423,222000,222000.0,-0.0,-5.5,-3683.0,-776.7,1.2,-0.0,0.0,221217.8,624158.1,0,0
34.2667,459.981,594.1,59.981,0.0,18.693,-0.028,18.693,3.162,-0.058,0,0.08,-0.08,0.1426,222000,222000.0,-0.0,-5.4,-3713.4,-781.5,1.1,-18835.2,-627840.0,202377.9,-3712.3,1,0
34.2833,460.293,594.102,60.293,-0.002,18.751,0.135,18.751,3.456,9.752,0,0.09,-0.09,0.1423,222000,222000.0,-0.0,-5.6,-3728.0,-785.9,1.2,-0.0,0.0,221208.5,624113.1,0,0
34.3,460.607,594.1,60.607,0.0,18.804,-0.028,18.804,3.162,-0.059,0,0.08,-0.08,0.1426,222000,222000.0,-0.0,-5.4,-3758.7,-790.8,1.1,-18835.2,-627840.0,202368.6,-3757.6,1,0
34.3167,460.921,594.102,60.921,-0.002,18.861,0.135,18.862,3.456,9.751,0,0.09,-0.09,0.1423,222000,222000.0,-0.0,-5.6,-3773.3,-795.2,1.2,-0.0,0.0,221199.2,624067.9,0,0
34.3333,461.236,594.1,61.236,0.0,18.914,-0.028,18.914,3.162,-0.059,0,0.08,-0.08,0.1426,222000,222000.0,-0.0,-5.4,-3804.2,-800.1,1.1,-18835.2,-627840.0,202359.3,-3803.1,1,0
34.35,461.552,594.102,61.552,-0.002,18.972,0.135,18.972,3.456,9.75,0,0.08,-0.08,0.1424,222000,222000.0,-0.0,-5.6,-3818.8,-804.6,1.2,-0.0,0.0,221189.8,624022.3,0,0
34.3667,461.869,594.1,61.869,0.0,19.024,-0.028,19.024,3.162,-0.06,0,0.08,-0.08,0.1427,222000,222000.0,-0.0,-5.5,-3850.1,-809.5,1.1,-18835.2,-627840.0,202349.8,-3848.9,1,0
34.3833,462.187,594.102,62.187,-0.002,19.082,0.135,19.082,3.456,9.75,0,0.08,-0.08,0.1424,222000,222000.0,-0.0,-5.7,-3864.7,-814.0,1.2,-0.0,0.0,221180.3,623976.5,0,0
34.4,462.506,594.1,62.506,0.0,19.135,-0.028,19.135,3.162,-0.061,0,0.08,-0.08,0.1427,222000,222000.0,-0.0,-5.5,-3896.1,-818.9,1.2,-18835.2,-627840.0,202340.4,-3895.0,1,0
34.4167,462.826,594.102,62.826,-0.002,19.192,0.135,19.193,3.456,9.749,0,0.08,-0.08,0.1425,222000,222000.0,-0.0,-5.7,-3910.7,-823.5,1.2,-0.0,0.0,221170.8,623930.5,0,0
34.4333,463.147,594.1,63.147,0.0,19.245,-0.028,19.245,3.161,-0.062,0,0.08,-0.08,0.1428,222000,222000.0,-0.0,-5.5,-3942.5,-828.4,1.2,-18835.2,-627840.0,202330.8,-3941.3,1,0
34.45,463.469,594.102,63.469,-0.002,19.302,0.135,19.303,3.456,9.748,0,0.08,-0.08,0.1425,222000,222000.0,-0.0,-5.7,-3957.1,-833.0,1.2,-0.0,0.0,221161.3,623884.1,0,0
34.4667,463.791,594.1,63.791,0.0,19.355,-0.028,19.355,3.161,-0.062,0,0.08,-0.08,0.1428,222000,222000.0,-0.0,-5.6,-3989.1,-838.0,1.2,-18835.2,-627840.0,202321.3,-3987.9,1,0
34.4833,464.115,594.102,64.115,-0.002,19.413,0.135,19.413,3.455,9.747,0,0.08,-0.08,0.1426,222000,222000.0,-0.0,-5.8,-4003.7,-842.6,1.2,-0.0,0.0,221151.7,623837.5,0,0
34.5,464.439,594.1,64.439,0.0,19.465,-0.028,19.465,3.161,-0.063,0,0.08,-0.08,0.1429,222000,222000.0,-0.0,-5.6,-4036.0,-847.6,1.2,-18835.2,-627840.0,202311.6,-4034.8,1,0
34.5167,464.765,594.102,64.765,-0.002,19.523,0.134,19.523,3.455,9.747,0,0.08,-0.08,0.1426,222000,222000.0,-0.0,-5.8,-4050.6,-852.2,1.2,-0.0,0.0,221142.0,623790.6,0,0
34.5333,465.091,594.1,65.091,0.0,19.576,-0.028,19.576,3.161,-0.064,0,0.08,-0.08,0.1429,222000,222000.0,-0.0,-5.6,-4083.2,-857.2,1.2,-18835.2,-627840.0,202301.9,-4082.0,1,0
34.55,465.418,594.102,65.418,-0.002,19.633,0.134,19.634,3.455,9.746,0,0.08,-0.08,0.1426,222000,222000.0,-0.0,-5.9,-4097.7,-861.9,1.2,-0.0,0.0,221132.3,623743.5,0,0
34.5667,465.746,594.1,65.746,0.0,19.686,-0.028,19.686,3.161,-0.065,0,0.08,-0.08,0.1429,222000,222000.0,-0.0,-5.7,-4130.6,-866.9,1.2,-18835.2,-627840.0,202292.2,-4129.4,1,0
34.5833,466.075,594.102,66.075,-0.002,19.744,0.134,19.744,3.455,9.745,0,0.08,-0.08,0.1427,222000,222000.0,-0.0,-5.9,-4145.2,-871.6,1.2,-0.0,0.0,221122.5,623696.1,0,0
34.6,466.405,594.1,66.405,0.0,19.796,-0.028,19.796,3.161,-0.065,0,0.08,-0.08,0.143,222000,222000.0,-0.0,-5.7,-4178.3,-876.7,1.2,-18835.2,-627840.0,202282.4,-4177.1,1,0
34.6167,466.736,594.102,66.736,-0.002,19.854,0.134,19.854,3.455,9.745,0,0.08,-0.08,0.1427,222000,222000.0,-0.0,-5.9,-4192.9,-881.4,1.2,-0.0,0.0,221112.7,623648.4,0,0
34.6333,467.068,594.1,67.068,0.0,19.906,-0.028,19.906,3.161,-0.066,0,0.08,-0.08,0.143,222000,222000.0,-0.0,-5.7,-4226.3,-886.5,1.2,-18835.2,-627840.0,202272.5,-4225.1,1,0
34.65,467.401,594.102,67.401,-0.002,19.964,0.134,19.964,3.455,9.744,0,0.08,-0.08,0.1428,222000,222000.0,-0.0,-6.0,-4240.8,-891.2,1.3,-0.0,0.0,221102.8,623600.4,0,0
34.6667,467.734,594.1,67.734,0.0,20.017,-0.028,20.017,3.16,-0.067,0,0.08,-0.08,0.1431,222000,222000.0,-0.0,-5.8,-4274.6,-896.4,1.2,-18835.2,-627840.0,202262.6,-4273.4,1,0
34.6833,468.069,594.102,68.069,-0.002,20.074,0.134,20.075,3.455,9.743,0,0.08,-0.08,0.1428,222000,222000.0,-0.0,-6.0,-4289.1,-901.1,1.3,-0.0,0.0,221092.9,623552.2,0,0
34.7,468.404,594.1,68.404,0.0,20.127,-0.028,20.127,3.16,-0.068,0,0.08,-0.08,0.1431,222000,222000.0,-0.0,-5.8,-4323.1,-906.3,1.2,-18835.2,-627840.0,202252.7,-4321.9,1,0
34.7167,468.741,594.102,68.741,-0.002,20.185,0.134,20.185,3.454,9.742,0,0.08,-0.08,0.1428,222000,222000.0,-0.0,-6.0,-4337.6,-911.1,1.3,-0.0,0.0,221082.9,623503.7,0,0
34.7333,469.078,594.1,69.078,0.0,20.237,-0.028,20.237,3.16,-0.068,0,0.08,-0.08,0.1431,222000,222000.0,-0.0,-5.8,-4371.9,-916.3,1.2,-18835.2,-627840.0,202242.7,-4370.7,1,0
34.75,469.416,594.102,69.416,-0.002,20.295,0.134,20.295,3.454,9.741,0,0.08,-0.08,0.1429,222000,222000.0,-0.0,-6.1,-4386.4,-921.1,1.3,-0.0,0.0,221072.8,623454.9,0,0
34.7667,469.755,594.1,69.755,0.0,20.347,-0.028,20.347,3.16,-0.069,0,0.08,-0.08,0.1432,222000,222000.0,-0.0,-5.9,-4421.0,-926.4,1.2,-18835.2,-627840.0,202232.6,-4419.7,1,0
34.7833,470.095,594.102,70.095,-0.002,20.405,0.134,20.405,3.454,9.741,0,0.08,-0.08,0.1429,222000,222000.0,-0.0,-6.1,-4435.4,-931.2,1.3,-0.0,0.0,221062.7,623405.9,0,0
34.8,470.436,594.1,70.436,0.0,20.458,-0.028,20.458,3.16,-0.07,0,0.08,-0.08,0.1432,222000,222000.0,-0.0,-5.9,-4470.3,-936.4,1.2,-18835.2,-627840.0,202222.5,-4469.1,1,0
34.8167,470.778,594.102,70.778,-0.002,20.515,0.134,20.516,3.454,9.74,0,0.08,-0.08,0.1429,222000,222000.0,-0.0,-6.1,-4484.7,-941.3,1.3,-0.0,0.0,221052.6,623356.5,0,0
34.8333,471.121,594.1,71.121,0.0,20.568,-0.028,20.568,3.16,-0.071,0,0.08,-0.08,0.1432,222000,222000.0,-0.0,-5.9,-4519.9,-946.6,1.2,-18835.2,-627840.0,202212.3,-4518.7,1,0
34.85,471.465,594.102,71.465,-0.002,20.625,0.134,20.626,3.454,9.739,0,0.08,-0.08,0.143,222000,222000.0,-0.0,-6.2,-4534.3,-951.5,1.3,-0.0,0.0,221042.4,623307.0,0,0
34.8667,471.809,594.1,71.809,0.0,20.678,-0.028,20.678,3.159,-0.071,0,0.07,-0.07,0.1433,222000,222000.0,-0.0,-6.0,-4569.8,-956.8,1.2,-18835.2,-627840.0,202202.1,-4568.5,1,0
34.8833,472.155,594.102,72.155,-0.002,20.736,0.134,20.736,3.454,9.738,0,0.08,-0.08,0.143,222000,222000.0,-0.0,-6.2,-4584.2,-961.7,1.3,-0.0,0.0,221032.1,623257.1,0,0
34.9,472.501,594.1,72.501,0.0,20.788,-0.028,20.788,3.159,-0.072,0,0.07,-0.07,0.1433,222000,222000.0,-0.0,-6.0,-4619.9,-967.0,1.3,-18835.2,-627840.0,202191.8,-4618.7,1,0
34.9167,472.849,594.102,72.849,-0.002,20.846,0.134,20.846,3.453,9.738,0,0.08,-0.08,0.143,222000,222000.0,-0.0,-6.3,-4634.3,-972.0,1.3,-0.0,0.0,221021.8,623207.0,0,0
34.9333,473.197,594.1,73.197,0.0,20.899,-0.028,20.899,3.159,-0.073,0,0.07,-0.07,0.1434,222000,222000.0,-0.0,-6.0,-4670.4,-977.3,1.3,-18835.2,-627840.0,202181.4,-4669.1,1,0
34.95,473.546,594.102,73.546,-0.002,20.956,0.134,20.957,3.453,9.737,0,0.08,-0.08,0.1431,222000,222000.0,-0.0,-6.3,-4684.7,-982.3,1.3,-0.0,0.0,221011.4,623156.6,0,0
34.9667,473.897,594.1,73.897,0.0,21.009,-0.028,21.009,3.159,-0.074,0,0.07,-0.07,0.1434,222000,222000.0,-0.0,-6.0,-4721.1,-987.7,1.3,-18835.2,-627840.0,202171.0,-4719.8,1,0
34.9833,474.248,594.102,74.248,-0.002,21.066,0.134,21.067,3.453,9.736,0,0.08,-0.08,0.1431,222000,222000.0,-0.0,-6.3,-4735.4,-992.7,1.3,-0.0,0.0,221001.0,623105.9,0,0
35.0,474.6,594.1,74.6,0.0,21.119,-0.028,21.119,3.159,-0.075,0,0.07,-0.07,0.1434,222000,222000.0,-0.0,-6.1,-4772.0,-998.1,1.3,-18835.2,-627840.0,202160.6,-4770.8,1,0
35.0167,474.953,594.102,74.953,-0.002,21.176,0.134,21.177,3.453,9.735,0,0.08,-0.08,0.1431,222000,222000.0,-0.0,-6.4,-4786.3,-1003.1,1.3,-0.0,0.0,220990.5,623055.0,0,0
35.0333,475.306,594.1,75.306,0.0,21.229,-0.028,21.229,3.159,-0.075,0,0.07,-0.07,0.1435,222000,222000.0,-0.0,-6.1,-4823.3,-1008.6,1.3,-18835.2,-627840.0,202150.1,-4822.0,1,0
35.05,475.661,594.102,75.661,-0.002,21.287,0.134,21.287,3.453,9.734,0,0.08,-0.08,0.1432,222000,222000.0,-0.0,-6.4,-4837.5,-1013.6,1.3,-0.0,0.0,220980.0,623003.8,0,0
35.0667,476.017,594.1,76.017,0.0,21.339,-0.028,21.339,3.158,-0.076,0,0.07,-0.07,0.1435,222000,222000.0,-0.0,-6.1,-4874.8,-1019.1,1.3,-18835.2,-627840.0,202139.5,-4873.5,1,0
35.0833,476.373,594.102,76.373,-0.002,21.397,0.134,21.397,3.453,9.734,0,0.08,-0.08,0.1432,222000,222000.0,-0.0,-6.4,-4889.0,-1024.2,1.3,-0.0,0.0,220969.4,622952.3,0,0
35.1,476.731,594.1,76.731,0.0,21.449,-0.028,21.45,3.158,-0.077,0,0.07,-0.07,0.1435,222000,222000.0,-0.0,-6.2,-4926.6,-1029.7,1.3,-18835.2,-627840.0,202128.9,-4925.3,1,0
35.1167,477.089,594.102,77.089,-0.002,21.507,0.134,21.507,3.452,9.733,0,0.08,-0.08,0.1432,222000,222000.0,-0.0,-6.5,-4940.8,-1034.8,1.4,-0.0,0.0,220958.8,622900.6,0,0
35.1333,477.449,594.1,77.449,0.0,21.56,-0.028,21.56,3.158,-0.078,0,0.07,-0.07,0.1436,222000,222000.0,-0.0,-6.2,-4978.6,-1040.3,1.3,-18835.2,-627840.0,202118.3,-4977.3,1,0
35.15,477.809,594.102,77.809,-0.002,21.617,0.134,21.618,3.452,9.732,0,0.07,-0.07,0.1433,222000,222000.0,-0.0,-6.5,-4992.8,-1045.4,1.4,-0.0,0.0,220948.1,622848.6,0,0
35.1667,478.17,594.1,78.17,0.0,21.67,-0.028,21.67,3.158,-0.079,0,0.07,-0.07,0.1436,222000,222000.0,-0.0,-6.2,-5031.0,-1051.0,1.3,-18835.2,-627840.0,202107.5,-5029.7,1,0
35.1833,478.532,594.102,78.532,-0.002,21.727,0.134,21.728,3.452,9.731,0,0.07,-0.07,0.1433,222000,222000.0,-0.0,-6.5,-5045.1,-1056.1,1.4,-0.0,0.0,220937.3,622796.3,0,0
35.2,478.895,594.1,78.895,0.0,21.78,-0.028,21.78,3.158,-0.079,0,0.07,-0.07,0.1436,222000,222000.0,-0.0,-6.3,-5083.6,-1061.8,1.3,-18835.2,-627840.0,202096.8,-5082.2,1,0
35.2167,479.259,594.102,79.259,-0.002,21.838,0.134,21.838,3.452,9.73,0,0.07,-0.07,0.1433,222000,222000.0,-0.0,-6.6,-5097.6,-1066.9,1.4,-0.0,0.0,220926.5,622743.8,0,0
35.2333,479.624,594.1,79.624,0.0,21.89,-0.028,21.89,3.158,-0.08,0,0.07,-0.07,0.1437,222000,222000.0,-0.0,-6.3,-5136.4,-1072.5,1.3,-18835.2,-627840.0,202085.9,-5135.1,1,0
35.25,479.99,594.102,79.99,-0.002,21.948,0.134,21.948,3.452,9.73,0,0.07,-0.07,0.1434,222000,222000.0,-0.0,-6.6,-5150.4,-1077.7,1.4,-0.0,0.0,220915.7,622691.0,0,0
35.2667,480.357,594.1,80.357,0.0,22.0,-0.028,22.0,3.157,-0.081,0,0.07,-0.07,0.1437,222000,222000.0,-0.0,-6.3,-5189.6,-1083.4,1.3,-18835.2,-627840.0,202075.1,-5188.2,1,0
35.2833,480.724,594.102,80.724,-0.002,22.058,0.134,22.058,3.452,9.729,0,0.07,-0.07,0.1434,222000,222000.0,-0.0,-6.7,-5203.5,-1088.6,1.4,-0.0,0.0,220904.7,622637.9,0,0
35.3,481.093,594.1,81.093,0.0,22.11,-0.028,22.11,3.157,-0.082,0,0.07,-0.07,0.1437,222000,222000.0,-0.0,-6.4,-5243.0,-1094.3,1.3,-18835.2,-627840.0,202064.1,-5241.6,1,0
35.3167,481.462,594.102,81.462,-0.002,22.168,0.134,22.168,3.451,9.728,0,0.07,-0.07,0.1434,222000,222000.0,-0.0,-6.7,-5256.9,-1099.5,1.4,-0.0,0.0,220893.8,622584.5,0,0
35.3333,481.833,594.1,81.833,0.0,22.221,-0.028,22.221,3.157,-0.083,0,0.07,-0.07,0.1438,222000,222000.0,-0.0,-6.4,-5296.6,-1105.3,1.3,-18835.2,-627840.0,202053.1,-5295.3,1,0
35.35,482.204,594.102,82.204,-0.002,22.278,0.134,22.279,3.451,9.727,0,0.07,-0.07,0.1435,222000,222000.0,-0.0,-6.7,-5310.5,-1110.5,1.4,-0.0,0.0,220882.8,622530.9,0,0
35.3667,482.576,594.1,82.576,0.0,22.331,-0.028,22.331,3.157,-0.084,0,0.07,-0.07,0.1438,222000,222000.0,-0.0,-6.4,-5350.6,-1116.3,1.3,-18835.2,-627840.0,202042.1,-5349.2,1,0
35.3833,482.949,594.102,82.949,-0.002,22.388,0.134,22.389,3.451,9.726,0,0.07,-0.07,0.1435,222000,222000.0,-0.0,-6.8,-5364.4,-1121.5,1.4,-0.0,0.0,220871.7,622477.0,0,0
35.4,483.323,594.1,83.323,0.0,22.441,-0.028,22.441,3.157,-0.084,0,0.07,-0.07,0.1438,222000,222000.0,-0.0,-6.5,-5404.8,-1127.3,1.3,-18835.2,-627840.0,202031.0,-5403.5,1,0
35.4167,483.698,594.102,83.698,-0.002,22.498,0.134,22.499,3.451,9.725,0,0.07,-0.07,0.1435,222000,222000.0,-0.0,-6.8,-5418.6,-1132.6,1.4,-0.0,0.0,220860.6,622422.8,0,0
35.4333,484.074,594.1,84.074,0.0,22.551,-0.028,22.551,3.157,-0.085,0,0.07,-0.07,0.1439,222000,222000.0,-0.0,-6.5,-5459.3,-1138.4,1.4,-18835.2,-627840.0,202019.9,-5457.9,1,0
35.45,484.451,594.102,84.451,-0.002,22.609,0.134,22.609,3.451,9.725,0,0.07,-0.07,0.1436,222000,222000.0,-0.0,-6.8,-5473.0,-1143.8,1.4,-0.0,0.0,220849.4,622368.4,0,0
35.4667,484.829,594.1,84.829,0.0,22.661,-0.028,22.661,3.156,-0.086,0,0.07,-0.07,0.1439,222000,222000.0,-0.0,-6.5,-5514.1,-1149.6,1.4,-18835.2,-627840.0,202008.7,-5512.7,1,0
35.4833,485.207,594.102,85.207,-0.002,22.719,0.134,22.719,3.451,9.724,0,0.07,-0.07,0.1436,222000,222000.0,-0.0,-6.9,-5527.7,-1155.0,1.4,-0.0,0.0,220838.1,622313.7,0,0
35.5,485.587,594.1,85.587,0.0,22.771,-0.028,22.771,3.156,-0.087,0,0.07,-0.07,0.1439,222000,222000.0,-0.0,-6.6,-5569.1,-1160.8,1.4,-18835.2,-627840.0,201997.4,-5567.7,1,0
35.5167,485.967,594.102,85.967,-0.002,22.829,0.134,22.829,3.45,9.723,0,0.07,-0.07,0.1436,222000,222000.0,-0.0,-6.9,-5582.7,-1166.2,1.4,-0.0,0.0,220826.9,622258.8,0,0
35.5333,486.348,594.1,86.348,0.0,22.881,-0.028,22.881,3.156,-0.088,0,0.07,-0.07,0.144,222000,222000.0,-0.0,-6.6,-5624.4,-1172.1,1.4,-18835.2,-627840.0,201986.1,-5623.0,1,0
35.55,486.731,594.102,86.731,-0.002,22.939,0.134,22.939,3.45,9.722,0,0.07,-0.07,0.1436,222000,222000.0,-0.0,-7.0,-5637.9,-1177.5,1.5,-0.0,0.0,220815.5,622203.5,0,0
35.5667,487.114,594.1,87.114,0.0,22.991,-0.028,22.991,3.156,-0.089,0,0.07,-0.07,0.144,222000,222000.0,-0.0,-6.6,-5680.0,-1183.5,1.4,-18835.2,-627840.0,201974.7,-5678.6,1,0
35.5833,487.498,594.102,87.498,-0.002,23.049,0.134,23.049,3.45,9.721,0,0.07,-0.07,0.1437,222000,222000.0,-0.0,-7.0,-5693.4,-1188.9,1.5,-0.0,0.0,220804.1,622148.0,0,0
35.6,487.883,594.1,87.883,0.0,23.102,-0.028,23.102,3.156,-0.09,0,0.07,-0.07,0.144,222000,222000.0,-0.0,-6.7,-5735.8,-1194.8,1.4,-18835.2,-627840.0,201963.3,-5734.4,1,0
35.6167,488.269,594.102,88.269,-0.002,23.159,0.134,23.159,3.45,9.72,0,0.07,-0.07,0.1437,222000,222000.0,-0.0,-7.0,-5749.2,-1200.3,1.5,-0.0,0.0,220792.7,622092.2,0,0
35.6333,488.656,594.1,88.656,0.0,23.212,-0.028,23.212,3.155,-0.09,0,0.07,-0.07,0.144,222000,222000.0,-0.0,-6.7,-5791.9,-1206.3,1.4,-18835.2,-627840.0,201951.8,-5790.5,1,0
35.65,489.044,594.102,89.044,-0.002,23.269,0.134,23.269,3.45,9.719,0,0.07,-0.07,0.1437,222000,222000.0,-0.0,-7.1,-5805.3,-1211.8,1.5,-0.0,0.0,220781.2,622036.2,0,0
35.6667,489.433,594.1,89.433,0.0,23.322,-0.028,23.322,3.155,-0.091,0,0.07,-0.07,0.1441,222000,222000.0,-0.0,-6.7,-5848.3,-1217.8,1.4,-18835.2,-627840.0,201940.3,-5846.9,1,0
35.6833,489.822,594.102,89.822,-0.002,23.379,0.134,23.38,3.45,9.718,0,0.07,-0.07,0.1437,222000,222000.0,-0.0,-7.1,-5861.6,-1223.3,1.5,-0.0,0.0,220769.6,621979.9,0,0
35.7,490.213,594.1,90.213,0.0,23.432,-0.028,23.432,3.155,-0.092,0,0.07,-0.07,0.1441,222000,222000.0,-0.0,-6.8,-5905.0,-1229.3,1.4,-18835.2,-627840.0,201928.7,-5903.5,1,0
35.7167,490.604,594.102,90.604,-0.002,23.489,0.134,23.49,3.449,9.718,0,0.07,-0.07,0.1438,222000,222000.0,-0.0,-7.1,-5918.2,-1234.9,1.5,-0.0,0.0,220758.0,621923.3,0,0
35.7333,490.997,594.1,90.997,0.0,23.542,-0.028,23.542,3.155,-0.093,0,0.07,-0.07,0.1441,222000,222000.0,-0.0,-6.8,-5961.9,-1240.9,1.4,-18835.2,-627840.0,201917.1,-5960.5,1,0
35.75,491.39,594.102,91.39,-0.002,23.599,0.134,23.6,3.449,9.717,0,0.07,-0.07,0.1438,222000,222000.0,-0.0,-7.2,-5975.0,-1246.5,1.5,-0.0,0.0,220746.3,621866.5,0,0
35.7667,491.784,594.1,91.784,0.0,23.652,-0.028,23.652,3.155,-0.094,0,0.06,-0.06,0.1442,222000,222000.0,-0.0,-6.8,-6019.1,-1252.6,1.4,-18835.2,-627840.0,201905.4,-6017.7,1,0
35.7833,492.179,594.102,92.179,-0.002,23.709,0.134,23.71,3.449,9.716,0,0.07,-0.07,0.1438,222000,222000.0,-0.0,-7.2,-6032.1,-1258.2,1.5,-0.0,0.0,220734.6,621809.4,0,0
35.8,492.575,594.1,92.575,0.0,23.762,-0.028,23.762,3.155,-0.095,0,0.06,-0.06,0.1442,222000,222000.0,-0.0,-6.8,-6076.5,-1264.3,1.4,-18835.2,-627840.0,201893.7,-6075.1,1,0
35.8167,492.972,594.102,92.972,-0.002,23.819,0.134,23.82,3.449,9.715,0,0.07,-0.07,0.1439,222000,222000.0,-0.0,-7.3,-6089.5,-1269.9,1.5,-0.0,0.0,220722.8,621752.0,0,0
35.8333,493.37,594.1,93.37,0.0,23.872,-0.028,23.872,3.154,-0.096,0,0.06,-0.06,0.1442,222000,222000.0,-0.0,-6.9,-6134.3,-1276.1,1.4,-18835.2,-627840.0,201881.9,-6132.8,1,0
35.85,493.769,594.102,93.769,-0.002,23.93,0.134,23.93,3.449,9.714,0,0.07,-0.07,0.1439,222000,222000.0,-0.0,-7.3,-6147.2,-1281.7,1.5,-0.0,0.0,220711.0,621694.3,0,0
35.8667,494.169,594.1,94.169,0.0,23.982,-0.028,23.982,3.154,-0.097,0,0.06,-0.06,0.1442,222000,222000.0,-0.0,-6.9,-6192.3,-1287.9,1.4,-18835.2,-627840.0,201870.0,-6190.8,1,0
35.8833,494.569,594.102,94.569,-0.002,24.04,0.134,24.04,3.448,9.713,0,0.07,-0.07,0.1439,222000,222000.0,-0.0,-7.3,-6205.1,-1293.5,1.5,-0.0,0.0,220699.1,621636.4,0,0
35.9,494.971,594.1,94.971,0.0,24.092,-0.028,24.092,3.154,-0.098,0,0.06,-0.06,0.1443,222000,222000.0,-0.0,-6.9,-6250.5,-1299.8,1.4,-18835.2,-627840.0,201858.1,-6249.1,1,0
35.9167,495.373,594.102,95.373,-0.002,24.15,0.134,24.15,3.448,9.712,0,0.07,-0.07,0.1439,222000,222000.0,-0.0,-7.4,-6263.3,-1305.4,1.5,-0.0,0.0,220687.2,621578.2,0,0
35.9333,495.777,594.1,95.777,0.0,24.202,-0.028,24.202,3.154,-0.099,0,0.06,-0.06,0.1443,222000,222000.0,-0.0,-7.0,-6309.1,-1311.7,1.5,-18835.2,-627840.0,201846.1,-6307.6,1,0
35.95,496.181,594.102,96.181,-0.002,24.26,0.134,24.26,3.448,9.711,0,0.07,-0.07,0.144,222000,222000.0,-0.0,-7.4,-6321.8,-1317.4,1.5,-0.0,0.0,220675.2,621519.8,0,0
35.9667,496.586,594.1,96.586,0.0,24.312,-0.028,24.312,3.154,-0.099,0,0.06,-0.06,0.1443,222000,222000.0,-0.0,-7.0,-6367.9,-1323.7,1.5,-18835.2,-627840.0,201834.1,-6366.4,1,0
35.9833,496.992,594.102,96.992,-0.002,24.37,0.133,24.37,3.448,9.71,0,0.07,-0.07,0.144,222000,222000.0,-0.0,-7.4,-6380.5,-1329.4,1.6,-0.0,0.0,220663.2,621461.1,0,0
36.0,497.399,594.1,97.399,0.0,24.422,-0.028,24.422,3.153,-0.1,0,0.06,-0.06,0.1444,222000,222000.0,-0.0,-7.0,-6427.0,-1335.7,1.5,-18835.2,-627840.0,201822.1,-6425.5,1,0
36.0167,497.807,594.102,97.807,-0.002,24.48,0.133,24.48,3.448,9.709,0,0.07,-0.07,0.144,222000,222000.0,-0.0,-7.5,-6439.5,-1341.5,1.6,-0.0,0.0,220651.1,621402.1,0,0
36.0333,498.216,594.1,98.216,0.0,24.532,-0.028,24.532,3.153,-0.101,0,0.06,-0.06,0.1444,222000,222000.0,-0.0,-7.1,-6486.3,-1347.8,1.5,-18835.2,-627840.0,201809.9,-6484.9,1,0
36.05,498.626,594.102,98.626,-0.002,24.59,0.133,24.59,3.447,9.708,0,0.07,-0.07,0.144,222000,222000.0,-0.0,-7.5,-6498.7,-1353.6,1.6,-0.0,0.0,220638.9,621342.8,0,0
36.0667,499.037,594.1,99.037,0.0,24.642,-0.028,24.642,3.153,-0.102,0,0.06,-0.06,0.1444,222000,222000.0,-0.0,-7.1,-6545.9,-1359.9,1.5,-18835.2,-627840.0,201797.8,-6544.5,1,0
36.0833,499.449,594.102,99.449,-0.002,24.7,0.133,24.7,3.447,9.708,0,0.07,-0.07,0.1441,222000,222000.0,-0.0,-7.6,-6558.3,-1365.7,1.6,-0.0,0.0,220626.7,621283.3,0,0
36.1,499.861,594.1,99.861,0.0,24.752,-0.028,24.752,3.153,-0.103,0,0.06,-0.06,0.1444,222000,222000.0,-0.0,-7.1,-6605.8,-1372.1,1.5,-18835.2,-627840.0,201785.5,-6604.3,1,0
36.1167,500.275,594.102,100.275,-0.002,24.81,0.133,24.81,3.447,9.707,0,0.07,-0.07,0.1441,222000,222000.0,-0.0,-7.6,-6618.1,-1378.0,1.6,-0.0,0.0,220614.4,621223.5,0,0
36.1333,500.689,594.1,100.689,0.0,24.862,-0.028,24.862,3.153,-0.104,0,0.06,-0.06,0.1445,222000,222000.0,-0.0,-7.2,-6666.0,-1384.4,1.5,-18835.2,-627840.0,201773.3,-6664.5,1,0
36.15,501.104,594.102,101.104,-0.002,24.92,0.133,24.92,3.447,9.706,0,0.07,-0.07,0.1441,222000,222000.0,-0.0,-7.6,-6678.1,-1390.2,1.6,-0.0,0.0,220602.1,621163.5,0,0
36.1667,501.52,594.1,101.52,0.0,24.972,-0.028,24.972,3.153,-0.105,0,0.06,-0.06,0.1445,222000,222000.0,-0.0,-7.2,-6726.4,-1396.7,1.5,-18835.2,-627840.0,201760.9,-6724.9,1,0
36.1833,501.938,594.102,101.938,-0.002,25.03,0.133,25.03,3.447,9.705,0,0.07,-0.07,0.1441,222000,222000.0,-0.0,-7.7,-6738.4,-1402.6,1.6,-0.0,0.0,220589.8,621103.1,0,0
36.2,502.356,594.1,102.356,0.0,25.082,-0.028,25.082,3.152,-0.106,0,0.06,-0.06,0.1445,222000,222000.0,-0.0,-7.2,-6787.1,-1409.0,1.5,-18835.2,-627840.0,201748.5,-6785.6,1,0
36.2167,502.775,594.102,102.775,-0.002,25.14,0.133,25.14,3.447,9.704,0,0.06,-0.06,0.1442,222000,222000.0,-0.0,-7.7,-6799.0,-1414.9,1.6,-0.0,0.0,220577.3,621042.6,0,0
36.2333,503.195,594.1,103.195,0.0,25.192,-0.028,25.192,3.152,-0.107,0,0.06,-0.06,0.1445,222000,222000.0,-0.0,-7.3,-6848.1,-1421.4,1.5,-18835.2,-627840.0,201736.1,-6846.6,1,0
36.25,503.615,594.102,103.615,-0.002,25.25,0.133,25.25,3.446,9.703,0,0.06,-0.06,0.1442,222000,222000.0,-0.0,-7.7,-6859.9,-1427.4,1.6,-0.0,0.0,220564.9,620981.7,0,0
36.2667,504.037,594.1,104.037,0.0,25.302,-0.028,25.302,3.152,-0.108,0,0.06,-0.06,0.1446,222000,222000.0,-0.0,-7.3,-6909.3,-1433.9,1.5,-18835.2,-627840.0,201723.6,-6907.8,1,0
36.2833,504.46,594.102,104.46,-0.002,25.36,0.133,25.36,3.446,9.702,0,0.06,-0.06,0.1442,222000,222000.0,-0.0,-7.8,-6921.0,-1439.9,1.6,-0.0,0.0,220552.3,620920.6,0,0
36.3,504.883,594.1,104.883,0.0,25.412,-0.028,25.412,3.152,-0.109,0,0.06,-0.06,0.1446,222000,222000.0,-0.0,-7.3,-6970.8,-1446.4,1.5,-18835.2,-627840.0,201711.1,-6969.3,1,0
36.3167,505.308,594.102,105.308,-0.002,25.47,0.133,25.47,3.446,9.701,0,0.06,-0.06,0.1442,222000,222000.0,-0.0,-7.8,-6982.4,-1452.4,1.6,-0.0,0.0,220539.8,620859.2,0,0
36.3333,505.733,594.1,105.733,0.0,25.522,-0.028,25.522,3.152,-0.11,0,0.06,-0.06,0.1446,222000,222000.0,-0.0,-7.4,-7032.6,-1459.0,1.5,-18835.2,-627840.0,201698.5,-7031.1,1,0
36.35,506.159,594.102,106.159,-0.002,25.58,0.133,25.58,3.446,9.7,0,0.06,-0.06,0.1442,222000,222000.0,-0.0,-7.9,-7044.1,-1465.0,1.6,-0.0,0.0,220527.1,620797.5,0,0
36.3667,506.587,594.1,106.587,0.0,25.632,-0.028,25.632,3.151,-0.111,0,0.06,-0.06,0.1446,222000,222000.0,-0.0,-7.4,-7094.6,-1471.6,1.5,-18835.2,-627840.0,201685.8,-7093.1,1,0
36.3833,507.015,594.102,107.015,-0.002,25.689,0.133,25.69,3.446,9.699,0,0.06,-0.06,0.1443,222000,222000.0,-0.0,-7.9,-7106.0,-1477.7,1.6,-0.0,0.0,220514.4,620735.6,0,0
36.4,507.444,594.1,107.444,0.0,25.742,-0.028,25.742,3.151,-0.112,0,0.06,-0.06,0.1447,222000,222000.0,-0.0,-7.4,-7156.9,-1484.3,1.5,-18835.2,-627840.0,201673.1,-7155.4,1,0
36.4167,507.874,594.102,107.874,-0.002,25.799,0.133,25.8,3.445,9.698,0,0.06,-0.06,0.1443,222000,222000.0,-0.0,-7.9,-7168.2,-1490.4,1.6,-0.0,0.0,220501.7,620673.4,0,0
36.4333,508.305,594.1,108.305,0.0,25.852,-0.029,25.852,3.151,-0.113,0,0.06,-0.06,0.1447,222000,222000.0,-0.0,-7.5,-7219.5,-1497.0,1.5,-18835.2,-627840.0,201660.3,-7218.0,1,0
36.45,508.736,594.102,108.736,-0.002,25.909,0.133,25.91,3.445,9.697,0,0.06,-0.06,0.1443,222000,222000.0,-0.0,-8.0,-7230.7,-1503.1,1.7,-0.0,0.0,220488.9,620611.0,0,0
36.4667,509.169,594.1,109.169,0.0,25.962,-0.029,25.962,3.151,-0.114,0,0.06,-0.06,0.1447,222000,222000.0,-0.0,-7.5,-7282.4,-1509.8,1.6,-18835.2,-627840.0,201647.5,-7280.8,1,0
36.4833,509.603,594.102,109.603,-0.002,26.019,0.133,26.02,3.445,9.696,0,0.06,-0.06,0.1443,222000,222000.0,-0.0,-8.0,-7293.4,-1515.9,1.7,-0.0,0.0,220476.1,620548.2,0,0
36.5,510.037,594.1,110.037,0.0,26.072,-0.029,26.072,3.151,-0.115,0,0.06,-0.06,0.1447,222000,222000.0,-0.0,-7.5,-7345.5,-1522.6,1.6,-18835.2,-627840.0,201634.6,-7343.9,1,0
36.5167,510.473,594.102,110.473,-0.002,26.129,0.133,26.13,3.445,9.695,0,0.06,-0.06,0.1444,222000,222000.0,-0.0,-8.0,-7356.4,-1528.8,1.7,-0.0,0.0,220463.2,620485.2,0,0
36.5333,510.909,594.1,110.909,0.0,26.182,-0.029,26.182,3.15,-0.116,0,0.06,-0.06,0.1447,222000,222000.0,-0.0,-7.5,-7408.9,-1535.5,1.6,-18835.2,-627840.0,201621.7,-7407.3,1,0
36.55,511.347,594.102,111.347,-0.002,26.239,0.133,26.239,3.445,9.694,0,0.06,-0.06,0.1444,222000,222000.0,-0.0,-8.1,-7419.7,-1541.7,1.7,-0.0,0.0,220450.2,620422.0,0,0
36.5667,511.785,594.1,111.785,0.0,26.292,-0.029,26.292,3.15,-0.117,0,0.06,-0.06,0.1448,222000,222000.0,-0.0,-7.6,-7472.5,-1548.5,1.6,-18835.2,-627840.0,201608.7,-7471.0,1,0
36.5833,512.224,594.102,112.224,-0.002,26.349,0.133,26.349,3.444,9.693,0,0.06,-0.06,0.1444,222000,222000.0,-0.0,-8.1,-7483.2,-1554.7,1.7,-0.0,0.0,220437.2,620358.5,0,0
36.6,512.664,594.1,112.664,0.0,26.401,-0.029,26.402,3.15,-0.118,0,0.06,-0.06,0.1448,222000,222000.0,-0.0,-7.6,-7536.5,-1561.5,1.6,-18835.2,-627840.0,201595.7,-7534.9,1,0
36.6167,513.105,594.102,113.105,-0.002,26.459,0.133,26.459,3.444,9.692,0,0.06,-0.06,0.1444,222000,222000.0,-0.0,-8.2,-7547.0,-1567.7,1.7,-0.0,0.0,220424.1,620294.7,0,0
36.6333,513.547,594.1,113.547,0.0,26.511,-0.029,26.511,3.15,-0.119,0,0.06,-0.06,0.1448,222000,222000.0,-0.0,-7.6,-7600.6,-1574.5,1.6,-18835.2,-627840.0,201582.6,-7599.1,1,0
36.65,513.99,594.102,113.99,-0.002,26.569,0.133,26.569,3.444,9.691,0,0.06,-0.06,0.1444,222000,222000.0,-0.0,-8.2,-7611.1,-1580.8,1.7,-0.0,0.0,220411.0,620230.6,0,0
36.6667,514.433,594.1,114.433,0.0,26.621,-0.029,26.621,3.15,-0.12,0,0.06,-0.06,0.1448,222000,222000.0,-0.0,-7.7,-7665.1,-1587.6,1.6,-18835.2,-627840.0,201569.5,-7663.5,1,0
36.6833,514.878,594.102,114.878,-0.002,26.679,0.133,26.679,3.444,9.69,0,0.06,-0.06,0.1445,222000,222000.0,-0.0,-8.2,-7675.4,-1593.9,1.7,-0.0,0.0,220397.8,620166.3,0,0
36.7,515.323,594.1,115.323,0.0,26.731,-0.029,26.731,3.149,-0.121,0,0.06,-0.06,0.1449,222000,222000.0,-0.0,-7.7,-7729.8,-1600.8,1.6,-18835.2,-627840.0,201556.3,-7728.2,1,0
36.7167,515.77,594.102,115.77,-0.002,26.789,0.133,26.789,3.444,9.689,0,0.06,-0.06,0.1445,222000,222000.0,-0.0,-8.3,-7740.0,-1607.1,1.7,-0.0,0.0,220384.6,620101.7,0,0
36.7333,516.217,594.1,116.217,0.0,26.841,-0.029,26.841,3.149,-0.122,0,0.06,-0.06,0.1449,222000,222000.0,-0.0,-7.7,-7794.8,-1614.0,1.6,-18835.2,-627840.0,201543.1,-7793.2,1,0
36.75,516.666,594.102,116.666,-0.002,26.898,0.133,26.899,3.443,9.688,0,0.06,-0.06,0.1445,222000,222000.0,-0.0,-8.3,-7804.9,-1620.3,1.7,-0.0,0.0,220371.3,620036.8,0,0
36.7667,517.115,594.1,117.115,0.0,26.951,-0.029,26.951,3.149,-0.123,0,0.06,-0.06,0.1449,222000,222000.0,-0.0,-7.8,-7860.1,-1627.3,1.6,-18835.2,-627840.0,201529.8,-7858.5,1,0
36.7833,517.565,594.102,117.565,-0.002,27.008,0.133,27.009,3.443,9.687,0,0.06,-0.06,0.1445,222000,222000.0,-0.0,-8.4,-7870.0,-1633.6,1.7,-0.0,0.0,220358.0,619971.7,0,0
36.8,518.016,594.1,118.016,0.0,27.061,-0.029,27.061,3.149,-0.124,0,0.06,-0.06,0.1449,222000,222000.0,-0.0,-7.8,-7925.6,-1640.6,1.6,-18835.2,-627840.0,201516.4,-7924.0,1,0
36.8167,518.468,594.102,118.468,-0.002,27.118,0.133,27.118,3.443,9.686,0,0.06,-0.06,0.1445,222000,222000.0,-0.0,-8.4,-7935.4,-1647.0,1.7,-0.0,0.0,220344.6,619906.3,0,0
36.8333,518.921,594.1,118.921,0.0,27.171,-0.029,27.171,3.148,-0.125,0,0.06,-0.06,0.1449,222000,222000.0,-0.0,-7.8,-7991.4,-1654.0,1.6,-18835.2,-627840.0,201503.0,-7989.8,1,0
36.85,519.374,594.102,119.374,-0.002,27.228,0.133,27.228,3.443,9.685,0,0.06,-0.06,0.1446,222000,222000.0,-0.0,-8.4,-8001.1,-1660.4,1.8,-0.0,0.0,220331.2,619840.7,0,0
36.8667,519.829,594.1,119.829,0.0,27.28,-0.029,27.281,3.148,-0.126,0,0.06,-0.06,0.145,222000,222000.0,-0.0,-7.9,-8057.5,-1667.4,1.6,-18835.2,-627840.0,201489.5,-8055.9,1,0
36.8833,520.285,594.102,120.285,-0.002,27.338,0.133,27.338,3.442,9.684,0,0.06,-0.06,0.1446,222000,222000.0,-0.0,-8.5,-8067.0,-1673.8,1.8,-0.0,0.0,220317.7,619774.8,0,0
36.9,520.741,594.1,120.741,0.0,27.39,-0.029,27.39,3.148,-0.127,0,0.06,-0.06,0.145,222000,222000.0,-0.0,-7.9,-8123.8,-1680.9,1.6,-18835.2,-627840.0,201476.0,-8122.2,1,0
36.9167,521.199,594.102,121.199,-0.002,27.448,0.133,27.448,3.442,9.683,0,0.06,-0.06,0.1446,222000,222000.0,-0.0,-8.5,-8133.2,-1687.3,1.8,-0.0,0.0,220304.1,619708.6,0,0
36.9333,521.657,594.1,121.657,0.0,27.5,-0.029,27.5,3.148,-0.128,0,0.06,-0.06,0.145,222000,222000.0,-0.0,-7.9,-8190.4,-1694.4,1.6,-18835.2,-627840.0,201462.5,-8188.8,1,0
36.95,522.116,594.102,122.116,-0.002,27.558,0.133,27.558,3.442,9.682,0,0.06,-0.06,0.1446,222000,222000.0,-0.0,-8.6,-8199.6,-1700.9,1.8,-0.0,0.0,220290.5,619642.1,0,0
36.9667,522.577,594.1,122.577,0.0,27.61,-0.029,27.61,3.148,-0.129,0,0.06,-0.06,0.145,222000,222000.0,-0.0,-8.0,-8257.3,-1708.0,1.6,-18835.2,-627840.0,201448.8,-8255.7,1,0
36.9833,523.038,594.102,123.038,-0.002,27.667,0.133,27.668,3.442,9.681,0,0.06,-0.06,0.1446,222000,222000.0,-0.0,-8.6,-8266.4,-1714.5,1.8,-0.0,0.0,220276.9,619575.4,0,0
37.0,523.5,594.1,123.5,0.0,27.72,-0.029,27.72,3.147,-0.13,0,0.05,-0.05,0.1451,222000,222000.0,-0.0,-8.0,-8324.5,-1721.6,1.7,-18835.2,-627840.0,201435.2,-8322.8,1,0
37.0167,523.963,594.102,123.963,-0.002,27.777,0.133,27.777,3.442,9.68,0,0.06,-0.06,0.1447,222000,222000.0,-0.0,-8.6,-8333.4,-1728.2,1.8,-0.0,0.0,220263.2,619508.4,0,0
37.0333,524.426,594.1,124.426,0.0,27.83,-0.029,27.83,3.147,-0.131,0,0.05,-0.05,0.1451,222000,222000.0,-0.0,-8.0,-8391.9,-1735.3,1.7,-18835.2,-627840.0,201421.4,-8390.2,1,0
37.05,524.891,594.102,124.891,-0.002,27.887,0.133,27.887,3.441,9.679,0,0.06,-0.06,0.1447,222000,222000.0,-0.0,-8.7,-8400.6,-1741.9,1.8,-0.0,0.0,220249.4,619441.2,0,0
37.0667,525.357,594.1,125.357,0.0,27.939,-0.029,27.939,3.147,-0.132,0,0.05,-0.05,0.1451,222000,222000.0,-0.0,-8.0,-8459.5,-1749.1,1.7,-18835.2,-627840.0,201407.7,-8457.9,1,0
37.0833,525.824,594.102,125.824,-0.002,27.997,0.133,27.997,3.441,9.678,0,0.06,-0.06,0.1447,222000,222000.0,-0.0,-8.7,-8468.1,-1755.7,1.8,-0.0,0.0,220235.6,619373.7,0,0
37.1,526.291,594.1,126.291,0.0,28.049,-0.029,28.049,3.147,-0.133,0,0.05,-0.05,0.1451,222000,222000.0,-0.0,-8.1,-8527.5,-1762.9,1.7,-18835.2,-627840.0,201393.8,-8525.8,1,0
37.1167,526.759,594.102,126.759,-0.002,28.107,0.133,28.107,3.441,9.677,0,0.06,-0.06,0.1447,222000,222000.0,-0.0,-8.7,-8535.9,-1769.5,1.8,-0.0,0.0,220221.8,619305.9,0,0
37.1333,527.229,594.1,127.229,0.0,28.159,-0.029,28.159,3.147,-0.134,0,0.05,-0.05,0.1451,222000,222000.0,-0.0,-8.1,-8595.7,-1776.7,1.7,-18835.2,-627840.0,201379.9,-8594.0,1,0
37.15,527.699,594.102,127.699,-0.002,28.216,0.133,28.217,3.441,9.676,0,0.06,-0.06,0.1447,222000,222000.0,-0.0,-8.8,-8604.0,-1783.4,1.8,-0.0,0.0,220207.8,619237.9,0,0
37.1667,528.17,594.1,128.17,0.0,28.269,-0.029,28.269,3.146,-0.135,0,0.05,-0.05,0.1452,222000,222000.0,-0.0,-8.1,-8664.2,-1790.7,1.7,-18835.2,-627840.0,201366.0,-8662.5,1,0
37.1833,528.642,594.102,128.642,-0.002,28.326,0.132,28.326,3.441,9.675,0,0.06,-0.06,0.1448,222000,222000.0,-0.0,-8.8,-8672.3,-1797.3,1.8,-0.0,0.0,220193.9,619169.5,0,0
37.2,529.115,594.1,129.115,0.0,28.379,-0.029,28.379,3.146,-0.136,0,0.05,-0.05,0.1452,222000,222000.0,-0.0,-8.2,-8732.9,-1804.6,1.7,-18835.2,-627840.0,201352.0,-8731.2,1,0
37.2167,529.589,594.102,129.589,-0.002,28.436,0.132,28.436,3.44,9.673,0,0.06,-0.06,0.1448,222000,222000.0,-0.0,-8.9,-8740.9,-1811.3,1.8,-0.0,0.0,220179.8,619101.0,0,0
37.2333,530.064,594.1,130.064,0.0,28.488,-0.029,28.488,3.146,-0.138,0,0.05,-0.05,0.1452,222000,222000.0,-0.0,-8.2,-8801.9,-1818.6,1.7,-18835.2,-627840.0,201338.0,-8800.2,1,0
37.25,530.54,594.102,130.54,-0.002,28.546,0.132,28.546,3.44,9.672,0,0.06,-0.06,0.1448,222000,222000.0,-0.0,-8.9,-8809.7,-1825.3,1.8,-0.0,0.0,220165.8,619032.1,0,0
37.2667,531.016,594.1,131.016,0.0,28.598,-0.029,28.598,3.146,-0.139,0,0.05,-0.05,0.1452,222000,222000.0,-0.0,-8.2,-8871.2,-1832.7,1.7,-18835.2,-627840.0,201323.9,-8869.5,1,0
37.2833,531.494,594.102,131.494,-0.002,28.655,0.132,28.656,3.44,9.671,0,0.06,-0.06,0.1448,222000,222000.0,-0.0,-8.9,-8878.8,-1839.4,1.9,-0.0,0.0,220151.6,618963.0,0,0
37.3,531.972,594.1,131.972,0.0,28.708,-0.029,28.708,3.145,-0.14,0,0.05,-0.05,0.1452,222000,222000.0,-0.0,-8.3,-8940.7,-1846.8,1.7,-18835.2,-627840.0,201309.7,-8939.0,1,0
37.3167,532.452,594.102,132.452,-0.002,28.765,0.132,28.766,3.44,9.67,0,0.06,-0.06,0.1448,222000,222000.0,-0.0,-9.0,-8948.2,-1853.6,1.9,-0.0,0.0,220137.4,618893.7,0,0
37.3333,532.932,594.1,132.932,0.0,28.818,-0.029,28.818,3.145,-0.141,0,0.05,-0.05,0.1453,222000,222000.0,-0.0,-8.3,-9010.6,-1861.0,1.7,-18835.2,-627840.0,201295.5,-9008.8,1,0
37.35,533.413,594.102,133.413,-0.002,28.875,0.132,28.875,3.439,9.669,0,0.06,-0.06,0.1448,222000,222000.0,-0.0,-9.0,-9017.8,-1867.8,1.9,-0.0,0.0,220123.2,618824.0,0,0
37.3667,533.896,594.1,133.896,0.0,28.927,-0.029,28.927,3.145,-0.142,0,0.05,-0.05,0.1453,222000,222000.0,-0.0,-8.3,-9080.6,-1875.2,1.7,-18835.2,-627840.0,201281.3,-9078.9,1,0
37.3833,534.379,594.102,134.379,-0.002,28.985,0.132,28.985,3.439,9.668,0,0.06,-0.06,0.1449,222000,222000.0,-0.0,-9.1,-9087.7,-1882.0,1.9,-0.0,0.0,220108.9,618754.1,0,0
37.4,534.863,594.1,134.863,0.0,29.037,-0.029,29.037,3.145,-0.143,0,0.05,-0.05,0.1453,222000,222000.0,-0.0,-8.4,-9151.0,-1889.5,1.7,-18835.2,-627840.0,201266.9,-9149.3,1,0
37.4167,535.347,594.102,135.347,-0.002,29.094,0.132,29.095,3.439,9.667,0,0.06,-0.06,0.1449,222000,222000.0,-0.0,-9.1,-9157.9,-1896.3,1.9,-0.0,0.0,220094.6,618684.0,0,0
37.4333,535.833,594.1,135.833,0.0,29.147,-0.029,29.147,3.145,-0.144,0,0.05,-0.05,0.1453,222000,222000.0,-0.0,-8.4,-9221.6,-1903.8,1.7,-18835.2,-627840.0,201252.6,-9219.9,1,0
37.45,536.32,594.102,136.32,-0.002,29.204,0.132,29.204,3.439,9.666,0,0.06,-0.06,0.1449,222000,222000.0,-0.0,-9.1,-9228.3,-1910.7,1.9,-0.0,0.0,220080.2,618613.6,0,0
37.4667,536.808,594.1,136.808,0.0,29.257,-0.029,29.257,3.144,-0.145,0,0.05,-0.05,0.1453,222000,222000.0,-0.0,-8.4,-9292.5,-1918.2,1.7,-18835.2,-627840.0,201238.2,-9290.7,1,0
37.4833,537.296,594.102,137.296,-0.002,29.314,0.132,29.314,3.439,9.665,0,0.06,-0.06,0.1449,222000,222000.0,-0.0,-9.2,-9299.0,-1925.1,1.9,-0.0,0.0,220065.7,618542.9,0,0
37.5,537.786,594.1,137.786,0.0,29.366,-0.029,29.366,3.144,-0.146,0,0.05,-0.05,0.1453,222000,222000.0,-0.0,-8.4,-9363.6,-1932.7,1.7,-18835.2,-627840.0,201223.7,-9361.9,1,0
37.5167,538.276,594.102,138.276,-0.002,29.424,0.132,29.424,3.438,9.664,0,0.06,-0.06,0.1449,222000,222000.0,-0.0,-9.2,-9370.0,-1939.6,1.9,-0.0,0.0,220051.2,618471.9,0,0
37.5333,538.767,594.1,138.767,0.0,29.476,-0.029,29.476,3.144,-0.147,0,0.05,-0.05,0.1454,222000,222000.0,-0.0,-8.5,-9435.0,-1947.1,1.7,-18835.2,-627840.0,201209.2,-9433.3,1,0
37.55,539.259,594.102,139.259,-0.002,29.533,0.132,29.534,3.438,9.663,0,0.06,-0.06,0.1449,222000,222000.0,-0.0,-9.3,-9441.2,-1954.1,1.9,-0.0,0.0,220036.7,618400.7,0,0
37.5667,539.753,594.1,139.753,0.0,29.586,-0.029,29.586,3.144,-0.149,0,0.05,-0.05,0.1454,222000,222000.0,-0.0,-8.5,-9506.7,-1961.7,1.8,-18835.2,-627840.0,201194.6,-9505.0,1,0
37.5833,540.247,594.102,140.247,-0.002,29.643,0.132,29.643,3.438,9.661,0,0.06,-0.06,0.145,222000,222000.0,-0.0,-9.3,-9512.7,-1968.7,1.9,-0.0,0.0,220022.0,618329.2,0,0
37.6,540.742,594.1,140.742,0.0,29.695,-0.029,29.695,3.143,-0.15,0,0.05,-0.05,0.1454,222000,222000.0,-0.0,-8.5,-9578.7,-1976.3,1.8,-18835.2,-627840.0,201180.0,-9576.9,1,0
37.6167,541.237,594.102,141.237,-0.002,29.753,0.132,29.753,3.438,9.66,0,0.06,-0.06,0.145,222000,222000.0,-0.0,-9.3,-9584.5,-1983.3,1.9,-0.0,0.0,220007.4,618257.5,0,0
37.6333,541.734,594.1,141.734,0.0,29.805,-0.029,29.805,3.143,-0.151,0,0.05,-0.05,0.1454,222000,222000.0,-0.0,-8.6,-9650.9,-1990.9,1.8,-18835.2,-627840.0,201165.3,-9649.1,1,0
37.65,542.232,594.102,142.232,-0.002,29.862,0.132,29.863,3.437,9.659,0,0.06,-0.06,0.145,222000,222000.0,-0.0,-9.4,-9656.5,-1998.0,1.9,-0.0,0.0,219992.7,618185.5,0,0
37.6667,542.73,594.1,142.73,0.0,29.915,-0.029,29.915,3.143,-0.152,0,0.05,-0.05,0.1454,222000,222000.0,-0.0,-8.6,-9723.4,-2005.7,1.8,-18835.2,-627840.0,201150.5,-9721.6,1,0
37.6833,543.23,594.102,143.23,-0.002,29.972,0.132,29.972,3.437,9.658,0,0.06,-0.06,0.145,222000,222000.0,-0.0,-9.4,-9728.8,-2012.7,1.9,-0.0,0.0,219977.9,618113.2,0,0
37.7,543.73,594.1,143.73,0.0,30.024,-0.029,30.024,3.143,-0.153,0,0.05,-0.05,0.1455,222000,222000.0,-0.0,-8.6,-9796.1,-2020.4,1.8,-18835.2,-627840.0,201135.8,-9794.3,1,0
37.7167,544.232,594.102,144.232,-0.002,30.082,0.132,30.082,3.437,9.657,0,0.06,-0.06,0.145,222000,222000.0,-0.0,-9.5,-9801.3,-2027.5,2.0,-0.0,0.0,219963.1,618040.7,0,0
37.7333,544.734,594.1,144.734,0.0,30.134,-0.029,30.134,3.143,-0.154,0,0.05,-0.05,0.1455,222000,222000.0,-0.0,-8.7,-9869.1,-2035.2,1.8,-18835.2,-627840.0,201120.9,-9867.3,1,0
37.75,545.237,594.102,145.237,-0.002,30.191,0.132,30.192,3.437,9.656,0,0.06,-0.06,0.145,222000,222000.0,-0.0,-9.5,-9874.1,-2042.3,2.0,-0.0,0.0,219948.2,617967.8,0,0
37.7667,545.741,594.1,145.741,0.0,30.244,-0.029,30.244,3.142,-0.155,0,0.05,-0.05,0.1455,222000,222000.0,-0.0,-8.7,-9942.4,-2050.1,1.8,-18835.2,-627840.0,201106.0,-9940.6,1,0
37.7833,546.246,594.102,146.246,-0.002,30.301,0.132,30.301,3.436,9.655,0,0.05,-0.05,0.1451,222000,222000.0,-0.0,-9.5,-9947.2,-2057.2,2.0,-0.0,0.0,219933.3,617894.8,0,0
37.8,546.752,594.1,146.752,0.0,30.353,-0.029,30.353,3.142,-0.156,0,0.05,-0.05,0.1455,222000,222000.0,-0.0,-8.7,-10015.9,-2065.0,1.8,-18835.2,-627840.0,201091.1,-10014.1,1,0
37.8167,547.259,594.102,147.259,-0.002,30.411,0.132,30.411,3.436,9.653,0,0.05,-0.05,0.1451,222000,222000.0,-0.0,-9.6,-10020.5,-2072.1,2.0,-0.0,0.0,219918.3,617821.5,0,0
37.8333,547.767,594.1,147.767,0.0,30.463,-0.029,30.463,3.142,-0.158,0,0.05,-0.05,0.1455,222000,222000.0,-0.0,-8.8,-10089.7,-2080.0,1.8,-18835.2,-627840.0,201076.1,-10087.9,1,0
37.85,548.275,594.102,148.275,-0.002,30.52,0.132,30.52,3.436,9.652,0,0.05,-0.05,0.1451,222000,222000.0,-0.0,-9.6,-10094.1,-2087.1,2.0,-0.0,0.0,219903.2,617747.9,0,0
37.8667,548.785,594.1,148.785,0.0,30.573,-0.029,30.573,3.142,-0.159,0,0.05,-0.05,0.1455,222000,222000.0,-0.0,-8.8,-10163.8,-2095.0,1.8,-18835.2,-627840.0,201061.0,-10162.0,1,0
37.8833,549.295,594.102,149.295,-0.002,30.63,0.132,30.63,3.436,9.651,0,0.05,-0.05,0.1451,222000,222000.0,-0.0,-9.7,-10168.0,-2102.2,2.0,-0.0,0.0,219888.2,617674.0,0,0
37.9,549.807,594.1,149.807,0.0,30.682,-0.029,30.682,3.141,-0.16,0,0.05,-0.05,0.1456,222000,222000.0,-0.0,-8.8,-10238.2,-2110.1,1.8,-18835.2,-627840.0,201045.9,-10236.3,1,0
37.9167,550.319,594.102,150.319,-0.002,30.739,0.132,30.74,3.436,9.65,0,0.05,-0.05,0.1451,222000,222000.0,-0.0,-9.7,-10242.1,-2117.3,2.0,-0.0,0.0,219873.0,617599.9,0,0
37.9333,550.832,594.1,150.832,0.0,30.792,-0.029,30.792,3.141,-0.161,0,0.05,-0.05,0.1456,222000,222000.0,-0.0,-8.8,-10312.8,-2125.2,1.8,-18835.2,-627840.0,201030.8,-10310.9,1,0
37.95,551.346,594.102,151.346,-0.002,30.849,0.132,30.849,3.435,9.649,0,0.05,-0.05,0.1451,222000,222000.0,-0.0,-9.7,-10316.5,-2132.5,2.0,-0.0,0.0,219857.8,617525.5,0,0
37.9667,551.861,594.1,151.861,0.0,30.901,-0.029,30.901,3.141,-0.162,0,0.05,-0.05,0.1456,222000,222000.0,-0.0,-8.9,-10387.6,-2140.4,1.8,-18835.2,-627840.0,201015.5,-10385.8,1,0
37.9833,552.377,594.102,152.377,-0.002,30.959,0.132,30.959,3.435,9.648,0,0.05,-0.05,0.1452,222000,222000.0,-0.0,-9.8,-10391.2,-2147.7,2.0,-0.0,0.0,219842.6,617450.9,0,0
38.0,552.894,594.1,152.894,0.0,31.011,-0.029,31.011,3.141,-0.163,0,0.05,-0.05,0.1456,222000,222000.0,-0.0,-8.9,-10462.8,-2155.6,1.8,-18835.2,-627840.0,201000.3,-10460.9,1,0
38.0167,553.412,594.102,153.412,-0.002,31.068,0.132,31.069,3.435,9.646,0,0.05,-0.05,0.1452,222000,222000.0,-0.0,-9.8,-10466.1,-2162.9,2.0,-0.0,0.0,219827.3,617376.0,0,0
38.0333,553.931,594.1,153.931,0.0,31.121,-0.029,31.121,3.14,-0.165,0,0.05,-0.05,0.1456,222000,222000.0,-0.0,-8.9,-10538.2,-2170.9,1.8,-18835.2,-627840.0,200985.0,-10536.3,1,0
38.05,554.45,594.102,154.45,-0.002,31.178,0.132,31.178,3.435,9.645,0,0.05,-0.05,0.1452,222000,222000.0,-0.0,-9.9,-10541.2,-2178.2,2.0,-0.0,0.0,219811.9,617300.8,0,0
38.0667,554.971,594.1,154.971,0.0,31.23,-0.029,31.23,3.14,-0.166,0,0.05,-0.05,0.1456,222000,222000.0,-0.0,-9.0,-10613.9,-2186.3,1.8,-18835.2,-627840.0,200969.6,-10612.0,1,0
38.0833,555.492,594.102,155.492,-0.002,31.287,0.132,31.288,3.434,9.644,0,0.05,-0.05,0.1452,222000,222000.0,-0.0,-9.9,-10616.7,-2193.6,2.0,-0.0,0.0,219796.5,617225.4,0,0
38.1,556.015,594.1,156.015,0.0,31.34,-0.029,31.34,3.14,-0.167,0,0.05,-0.05,0.1457,222000,222000.0,-0.0,-9.0,-10689.8,-2201.6,1.9,-18835.2,-627840.0,200954.2,-10687.9,1,0
38.1167,556.538,594.102,156.538,-0.002,31.397,0.132,31.397,3.434,9.643,0,0.05,-0.05,0.1452,222000,222000.0,-0.0,-9.9,-10692.4,-2209.0,2.1,-0.0,0.0,219781.0,617149.7,0,0
38.1333,557.062,594.1,157.062,0.0,31.449,-0.029,31.449,3.14,-0.168,0,0.05,-0.05,0.1457,222000,222000.0,-0.0,-9.0,-10766.0,-2217.1,1.9,-18835.2,-627840.0,200938.7,-10764.1,1,0
38.15,557.587,594.102,157.587,-0.002,31.507,0.132,31.507,3.434,9.642,0,0.05,-0.05,0.1452,222000,222000.0,-0.0,-10.0,-10768.4,-2224.5,2.1,-0.0,0.0,219765.5,617073.7,0,0
38.1667,558.113,594.1,158.113,0.0,31.559,-0.029,31.559,3.139,-0.169,0,0.05,-0.05,0.1457,222000,222000.0,-0.0,-9.1,-10842.5,-2232.6,1.9,-18835.2,-627840.0,200923.2,-10840.6,1,0
38.1833,558.64,594.102,158.64,-0.002,31.616,0.132,31.616,3.434,9.641,0,0.05,-0.05,0.1452,222000,222000.0,-0.0,-10.0,-10844.6,-2240.0,2.1,-0.0,0.0,219750.0,616997.5,0,0
38.2,559.168,594.1,159.168,0.0,31.668,-0.029,31.668,3.139,-0.171,0,0.05,-0.05,0.1457,222000,222000.0,-0.0,-9.1,-10919.2,-2248.1,1.9,-18835.2,-627840.0,200907.6,-10917.3,1,0
38.2167,559.697,594.102,159.697,-0.002,31.726,0.132,31.726,3.433,9.639,0,0.05,-0.05,0.1453,222000,222000.0,-0.0,-10.1,-10921.1,-2255.6,2.1,-0.0,0.0,219734.4,616921.0,0,0
38.2333,560.226,594.1,160.226,0.0,31.778,-0.029,31.778,3.139,-0.172,0,0.05,-0.05,0.1457,222000,222000.0,-0.0,-9.1,-10996.2,-2263.8,1.9,-18835.2,-627840.0,200891.9,-10994.3,1,0
38.25,560.757,594.102,160.757,-0.002,31.835,0.131,31.835,3.433,9.638,0,0.05,-0.05,0.1453,222000,222000.0,-0.0,-10.1,-10997.8,-2271.2,2.1,-0.0,0.0,219718.7,616844.2,0,0
38.2667,561.288,594.1,161.288,0.0,31.887,-0.029,31.887,3.139,-0.173,0,0.05,-0.05,0.1457,222000,222000.0,-0.0,-9.1,-11073.4,-2279.4,1.9,-18835.2,-627840.0,200876.2,-11071.6,1,0
38.2833,561.821,594.102,161.821,-0.002,31.945,0.131,31.945,3.433,9.637,0,0.05,-0.05,0.1453,222000,222000.0,-0.0,-10.1,-11074.9,-2286.9,2.1,-0.0,0.0,219703.0,616767.2,0,0
38.3,562.354,594.1,162.354,0.0,31.997,-0.029,31.997,3.138,-0.174,0,0.05,-0.05,0.1458,222000,222000.0,-0.0,-9.2,-11151.0,-2295.1,1.9,-18835.2,-627840.0,200860.5,-11149.1,1,0
38.3167,562.888,594.102,162.888,-0.002,32.054,0.131,32.054,3.433,9.636,0,0.05,-0.05,0.1453,222000,222000.0,-0.0,-10.2,-11152.1,-2302.6,2.1,-0.0,0.0,219687.2,616690.0,0,0
38.3333,563.423,594.1,163.423,0.0,32.106,-0.029,32.107,3.138,-0.175,0,0.05,-0.05,0.1458,222000,222000.0,-0.0,-9.2,-11228.8,-2310.9,1.9,-18835.2,-627840.0,200844.7,-11226.9,1,0
38.35,563.959,594.102,163.959,-0.002,32.164,0.131,32.164,3.432,9.635,0,0.05,-0.05,0.1453,222000,222000.0,-0.0,-10.2,-11229.7,-2318.4,2.1,-0.0,0.0,219671.4,616612.4,0,0
38.3667,564.496,594.1,164.496,0.0,32.216,-0.029,32.216,3.138,-0.177,0,0.05,-0.05,0.1458,222000,222000.0,-0.0,-9.2,-11306.8,-2326.7,1.9,-18835.2,-627840.0,200828.9,-11304.9,1,0
38.3833,565.034,594.102,165.034,-0.002,32.273,0.131,32.273,3.432,9.633,0,0.05,-0.05,0.1453,222000,222000.0,-0.0,-10.3,-11307.5,-2334.3,2.1,-0.0,0.0,219655.5,616534.6,0,0
38.4,565.573,594.1,165.573,0.0,32.325,-0.029,32.326,3.138,-0.178,0,0.05,-0.05,0.1458,222000,222000.0,-0.0,-9.3,-11385.1,-2342.6,1.9,-18835.2,-627840.0,200813.0,-11383.2,1,0
38.4167,566.113,594.102,166.113,-0.002,32.383,0.131,32.383,3.432,9.632,0,0.05,-0.05,0.1453,222000,222000.0,-0.0,-10.3,-11385.5,-2350.2,2.1,-0.0,0.0,219639.5,616456.6,0,0
38.4333,566.653,594.1,166.653,0.0,32.435,-0.029,32.435,3.137,-0.179,0,0.05,-0.05,0.1458,222000,222000.0,-0.0,-9.3,-11463.7,-2358.5,1.9,-18835.2,-627840.0,200797.0,-11461.8,1,0
38.45,567.195,594.102,167.195,-0.002,32.492,0.131,32.492,3.432,9.631,0,0.05,-0.05,0.1454,222000,222000.0,-0.0,-10.3,-11463.9,-2366.1,2.1,-0.0,0.0,219623.5,616378.3,0,0
38.4667,567.737,594.1,167.737,0.0,32.544,-0.029,32.544,3.137,-0.18,0,0.05,-0.05,0.1458,222000,222000.0,-0.0,-9.3,-11542.6,-2374.5,1.9,-18835.2,-627840.0,200781.0,-11540.6,1,0
38.4833,568.281,594.102,168.281,-0.002,32.602,0.131,32.602,3.431,9.63,0,0.05,-0.05,0.1454,222000,222000.0,-0.0,-10.4,-11542.5,-2382.1,2.1,-0.0,0.0,219607.5,616299.7,0,0
38.5,568.825,594.1,168.825,0.0,32.654,-0.029,32.654,3.137,-0.182,0,0.05,-0.05,0.1458,222000,222000.0,-0.0,-9.4,-11621.7,-2390.5,1.9,-18835.2,-627840.0,200764.9,-11619.8,1,0
38.5167,569.37,594.102,169.37,-0.002,32.711,0.131,32.711,3.431,9.628,0,0.05,-0.05,0.1454,222000,222000.0,-0.0,-10.4,-11621.3,-2398.2,2.1,-0.0,0.0,219591.4,616220.8,0,0
38.5333,569.916,594.1,169.916,0.0,32.763,-0.029,32.763,3.137,-0.183,0,0.05,-0.05,0.1459,222000,222000.0,-0.0,-9.4,-11701.1,-2406.6,1.9,-18835.2,-627840.0,200748.8,-11699.1,1,0
38.55,570.463,594.102,170.463,-0.002,32.821,0.131,32.821,3.431,9.627,0,0.05,-0.05,0.1454,222000,222000.0,-0.0,-10.5,-11700.4,-2414.3,2.2,-0.0,0.0,219575.3,616141.7,0,0
38.5667,571.011,594.1,171.011,0.0,32.873,-0.029,32.873,3.136,-0.184,0,0.05,-0.05,0.1459,222000,222000.0,-0.0,-9.4,-11780.7,-2422.7,1.9,-18835.2,-627840.0,200732.7,-11778.8,1,0
38.5833,571.56,594.102,171.56,-0.002,32.93,0.131,32.93,3.431,9.626,0,0.05,-0.05,0.1454,222000,222000.0,-0.0,-10.5,-11779.8,-2430.4,2.2,-0.0,0.0,219559.1,616062.4,0,0
38.6,572.11,594.1,172.11,0.0,32.982,-0.029,32.982,3.136,-0.185,0,0.05,-0.05,0.1459,222000,222000.0,-0.0,-9.4,-11860.6,-2438.9,1.9,-18835.2,-627840.0,200716.5,-11858.7,1,0
38.6167,572.66,594.102,172.66,-0.002,33.039,0.131,33.04,3.43,9.625,0,0.05,-0.05,0.1454,222000,222000.0,-0.0,-10.5,-11859.4,-2446.6,2.2,-0.0,0.0,219542.8,615982.7,0,0
38.6333,573.212,594.1,173.212,0.0,33.092,-0.029,33.092,3.136,-0.187,0,0.05,-0.05,0.1459,222000,222000.0,-0.0,-9.5,-11940.8,-2455.1,1.9,-18835.2,-627840.0,200700.2,-11938.8,1,0
38.65,573.764,594.102,173.764,-0.002,33.149,0.131,33.149,3.43,9.623,0,0.05,-0.05,0.1454,222000,222000.0,-0.0,-10.6,-11939.3,-2462.9,2.2,-0.0,0.0,219526.5,615902.8,0,0
38.6667,574.318,594.1,174.318,0.0,33.201,-0.029,33.201,3.136,-0.188,0,0.05,-0.05,0.1459,222000,222000.0,-0.0,-9.5,-12021.2,-2471.4,2.0,-18835.2,-627840.0,200683.9,-12019.3,1,0
38.6833,574.872,594.102,174.872,-0.002,33.258,0.131,33.259,3.43,9.622,0,0.05,-0.05,0.1454,222000,222000.0,-0.0,-10.6,-12019.5,-2479.2,2.2,-0.0,0.0,219510.2,615822.7,0,0
38.7,575.427,594.1,175.427,0.0,33.311,-0.029,33.311,3.135,-0.189,0,0.05,-0.05,0.1459,222000,222000.0,-0.0,-9.5,-12101.9,-2487.8,2.0,-18835.2,-627840.0,200667.5,-12099.9,1,0
38.7167,575.983,594.102,175.983,-0.002,33.368,0.131,33.368,3.43,9.621,0,0.05,-0.05,0.1455,222000,222000.0,-0.0,-10.7,-12099.9,-2495.6,2.2,-0.0,0.0,219493.7,615742.3,0,0
38.7333,576.54,594.1,176.54,0.0,33.42,-0.029,33.42,3.135,-0.19,0,0.04,-0.04,0.146,222000,222000.0,-0.0,-9.6,-12182.9,-2504.2,2.0,-18835.2,-627840.0,200651.1,-12180.9,1,0
38.75,577.098,594.102,177.098,-0.002,33.477,0.131,33.477,3.429,9.62,0,0.05,-0.05,0.1455,222000,222000.0,-0.0,-10.7,-12180.6,-2512.0,2.2,-0.0,0.0,219477.3,615661.6,0,0
38.7667,577.657,594.1,177.657,0.0,33.529,-0.029,33.529,3.135,-0.192,0,0.04,-0.04,0.146,222000,222000.0,-0.0,-9.6,-12264.1,-2520.6,2.0,-18835.2,-627840.0,200634.6,-12262.1,1,0
38.7833,578.217,594.102,178.217,-0.002,33.587,0.131,33.587,3.429,9.618,0,0.05,-0.05,0.1455,222000,222000.0,-0.0,-10.7,-12261.5,-2528.5,2.2,-0.0,0.0,219460.8,615580.7,0,0
38.8,578.777,594.1,178.777,0.0,33.639,-0.029,33.639,3.135,-0.193,0,0.04,-0.04,0.146,222000,222000.0,-0.0,-9.6,-12345.6,-2537.1,2.0,-18835.2,-627840.0,200618.1,-12343.6,1,0
38.8167,579.339,594.102,179.339,-0.002,33.696,0.131,33.696,3.429,9.617,0,0.05,-0.05,0.1455,222000,222000.0,-0.0,-10.8,-12342.7,-2545.0,2.2,-0.0,0.0,219444.2,615499.5,0,0
38.8333,579.901,594.1,179.901,0.0,33.748,-0.029,33.748,3.134,-0.194,0,0.04,-0.04,0.146,222000,222000.0,-0.0,-9.7,-12427.3,-2553.7,2.0,-18835.2,-627840.0,200601.5,-12425.3,1,0
38.85,580.465,594.102,180.465,-0.002,33.805,0.131,33.806,3.429,9.616,0,0.05,-0.05,0.1455,222000,222000.0,-0.0,-10.8,-12424.2,-2561.6,2.2,-0.0,0.0,219427.6,615418.0,0,0
38.8667,581.029,594.1,181.029,0.0,33.858,-0.029,33.858,3.134,-0.195,0,0.04,-0.04,0.146,222000,222000.0,-0.0,-9.7,-12509.3,-2570.3,2.0,-18835.2,-627840.0,200584.8,-12507.4,1,0
38.8833,581.594,594.102,181.594,-0.002,33.915,0.131,33.915,3.428,9.615,0,0.05,-0.05,0.1455,222000,222000.0,-0.0,-10.9,-12505.9,-2578.2,2.2,-0.0,0.0,219410.9,615336.3,0,0
38.9,582.161,594.1,182.161,0.0,33.967,-0.029,33.967,3.134,-0.197,0,0.04,-0.04,0.146,222000,222000.0,-0.0,-9.7,-12591.6,-2586.9,2.0,-18835.2,-627840.0,200568.2,-12589.6,1,0
38.9167,582.728,594.102,182.728,-0.002,34.024,0.131,34.024,3.428,9.613,0,0.05,-0.05,0.1455,222000,222000.0,-0.0,-10.9,-12587.9,-2594.9,2.2,-0.0,0.0,219394.2,615254.3,0,0
38.9333,583.296,594.1,183.296,0.0,34.076,-0.029,34.076,3.134,-0.198,0,0.04,-0.04,0.146,222000,222000.0,-0.0,-9.7,-12674.2,-2603.6,2.0,-18835.2,-627840.0,200551.4,-12672.2,1,0
38.95,583.864,594.102,183.864,-0.002,34.133,0.131,34.134,3.428,9.612,0,0.05,-0.05,0.1455,222000,222000.0,-0.0,-11.0,-12670.2,-2611.6,2.3,-0.0,0.0,219377.4,615172.1,0,0
38.9667,584.434,594.1,184.434,0.0,34.186,-0.029,34.186,3.133,-0.199,0,0.04,-0.04,0.146,222000,222000.0,-0.0,-9.8,-12757.0,-2620.4,2.0,-18835.2,-627840.0,200534.6,-12755.0,1,0
38.9833,585.005,594.102,185.005,-0.002,34.243,0.131,34.243,3.428,9.611,0,0.05,-0.05,0.1456,222000,222000.0,-0.0,-11.0,-12752.7,-2628.4,2.3,-0.0,0.0,219360.6,615089.6,0,0
39.0,585.577,594.1,185.577,0.0,34.295,-0.029,34.295,3.133,-0.201,0,0.04,-0.04,0.1461,222000,222000.0,-0.0,-9.8,-12840.0,-2637.2,2.0,-18835.2,-627840.0,200517.8,-12838.0,1,0
39.0167,586.149,594.102,186.149,-0.002,34.352,0.131,34.352,3.427,9.609,0,0.05,-0.05,0.1456,222000,222000.0,-0.0,-11.0,-12835.4,-2645.3,2.3,-0.0,0.0,219343.7,615006.8,0,0
39.0333,586.722,594.1,186.722,0.0,34.404,-0.029,34.404,3.133,-0.202,0,0.04,-0.04,0.1461,222000,222000.0,-0.0,-9.8,-12923.4,-2654.1,2.0,-18835.2,-627840.0,200500.9,-12921.4,1,0
39.05,587.297,594.102,187.297,-0.002,34.461,0.131,34.462,3.427,9.608,0,0.05,-0.05,0.1456,222000,222000.0,-0.0,-11.1,-12918.5,-2662.2,2.3,-0.0,0.0,219326.8,614923.8,0,0
39.0667,587.872,594.1,187.872,0.0,34.514,-0.03,34.514,3.133,-0.203,0,0.04,-0.04,0.1461,222000,222000.0,-0.0,-9.9,-13007.0,-2671.0,2.0,-18835.2,-627840.0,200483.9,-13005.0,1,0
39.0833,588.448,594.102,188.448,-0.002,34.571,0.131,34.571,3.427,9.607,0,0.05,-0.05,0.1456,222000,222000.0,-0.0,-11.1,-13001.8,-2679.1,2.3,-0.0,0.0,219309.8,614840.5,0,0
39.1,589.025,594.1,189.025,0.0,34.623,-0.03,34.623,3.132,-0.205,0,0.04,-0.04,0.1461,222000,222000.0,-0.0,-9.9,-13090.8,-2688.0,2.0,-18835.2,-627840.0,200466.9,-13088.8,1,0
39.1167,589.603,594.102,189.603,-0.002,34.68,0.131,34.68,3.426,9.606,0,0.05,-0.05,0.1456,222000,222000.0,-0.0,-11.2,-13085.3,-2696.1,2.3,-0.0,0.0,219292.7,614757.0,0,0
39.1333,590.182,594.1,190.182,0.0,34.732,-0.03,34.732,3.132,-0.206,0,0.04,-0.04,0.1461,222000,222000.0,-0.0,-9.9,-13175.0,-2705.0,2.0,-18835.2,-627840.0,200449.9,-13172.9,1,0
39.15,590.762,594.102,190.762,-0.002,34.789,0.131,34.79,3.426,9.604,0,0.05,-0.05,0.1456,222000,222000.0,-0.0,-11.2,-13169.1,-2713.2,2.3,-0.0,0.0,219275.6,614673.2,0,0
39.1667,591.343,594.1,191.343,0.0,34.842,-0.03,34.842,3.132,-0.207,0,0.04,-0.04,0.1461,222000,222000.0,-0.0,-9.9,-13259.3,-2722.1,2.0,-18835.2,-627840.0,200432.8,-13257.3,1,0
39.1833,591.924,594.102,191.924,-0.002,34.899,0.13,34.899,3.426,9.603,0,0.05,-0.05,0.1456,222000,222000.0,-0.0,-11.2,-13253.2,-2730.3,2.3,-0.0,0.0,219258.5,614589.1,0,0
39.2,592.507,594.1,192.507,0.0,34.951,-0.03,34.951,3.131,-0.208,0,0.04,-0.04,0.1461,222000,222000.0,-0.0,-10.0,-13344.0,-2739.2,2.0,-18835.2,-627840.0,200415.6,-13341.9,1,0
39.2167,593.09,594.102,193.09,-0.002,35.008,0.13,35.008,3.426,9.602,0,0.05,-0.05,0.1456,222000,222000.0,-0.0,-11.3,-13337.5,-2747.4,2.3,-0.0,0.0,219241.3,614504.8,0,0
39.2333,593.675,594.1,193.675,0.0,35.06,-0.03,35.06,3.131,-0.21,0,0.04,-0.04,0.1462,222000,222000.0,-0.0,-10.0,-13428.9,-2756.4,2.1,-18835.2,-627840.0,200398.4,-13426.8,1,0
39.25,594.26,594.102,194.26,-0.002,35.117,0.13,35.117,3.425,9.6,0,0.05,-0.05,0.1456,222000,222000.0,-0.0,-11.3,-13422.1,-2764.6,2.3,-0.0,0.0,219224.0,614420.2,0,0
39.2667,594.846,594.1,194.846,0.0,35.169,-0.03,35.169,3.131,-0.211,0,0.04,-0.04,0.1462,222000,222000.0,-0.0,-10.0,-13514.1,-2773.6,2.1,-18835.2,-627840.0,200381.1,-13512.0,1,0
39.2833,595.433,594.102,195.433,-0.002,35.227,0.13,35.227,3.425,9.599,0,0.05,-0.05,0.1457,222000,222000.0,-0.0,-11.4,-13507.0,-2781.9,2.3,-0.0,0.0,219206.7,614335.4,0,0
39.3,596.021,594.1,196.021,0.0,35.279,-0.03,35.279,3.131,-0.212,0,0.04,-0.04,0.1462,222000,222000.0,-0.0,-10.1,-13599.5,-2790.9,2.1,-18835.2,-627840.0,200363.8,-13597.4,1,0
39.3167,596.61,594.102,196.61,-0.002,35.336,0.13,35.336,3.425,9.598,0,0.05,-0.05,0.1457,222000,222000.0,-0.0,-11.4,-13592.1,-2799.2,2.3,-0.0,0.0,219189.4,614250.3,0,0
39.3333,597.2,594.1,197.2,0.0,35.388,-0.03,35.388,3.13,-0.214,0,0.04,-0.04,0.1462,222000,222000.0,-0.0,-10.1,-13685.2,-2808.3,2.1,-18835.2,-627840.0,200346.4,-13683.1,1,0
39.35,597.791,594.102,197.791,-0.002,35.445,0.13,35.445,3.425,9.596,0,0.05,-0.05,0.1457,222000,222000.0,-0.0,-11.5,-13677.4,-2816.6,2.4,-0.0,0.0,219172.0,614164.9,0,0
39.3667,598.382,594.1,198.382,0.0,35.497,-0.03,35.497,3.13,-0.215,0,0.04,-0.04,0.1462,222000,222000.0,-0.0,-10.1,-13771.2,-2825.7,2.1,-18835.2,-627840.0,200329.0,-13769.1,1,0
39.3833,598.975,594.102,198.975,-0.002,35.554,0.13,35.554,3.424,9.595,0,0.05,-0.05,0.1457,222000,222000.0,-0.0,-11.5,-13763.1,-2834.0,2.4,-0.0,0.0,219154.5,614079.3,0,0
39.4,599.568,594.1,199.568,0.0,35.606,-0.03,35.606,3.13,-0.216,0,0.04,-0.04,0.1462,222000,222000.0,-0.0,-10.2,-13857.4,-2843.1,2.1,-18835.2,-627840.0,200311.5,-13855.3,1,0
39.4167,600.163,594.102,200.163,-0.002,35.663,0.13,35.664,3.424,9.594,0,0.05,-0.05,0.1457,222000,222000.0,-0.0,-11.5,-13848.9,-2851.4,2.4,-0.0,0.0,219137.0,613993.4,0,0
39.4333,600.758,594.1,200.758,0.0,35.716,-0.03,35.716,3.13,-0.218,0,0.04,-0.04,0.1462,222000,222000.0,-0.0,-10.2,-13943.9,-2860.6,2.1,-18835.2,-627840.0,200294.0,-13941.8,1,0
39.45,601.354,594.102,201.354,-0.002,35.773,0.13,35.773,3.424,9.592,0,0.05,-0.05,0.1457,222000,222000.0,-0.0,-11.6,-13935.1,-2869.0,2.4,-0.0,0.0,219119.5,613907.3,0,0
39.4667,601.951,594.1,201.951,0.0,35.825,-0.03,35.825,3.129,-0.219,0,0.04,-0.04,0.1462,222000,222000.0,-0.0,-10.2,-14030.6,-2878.1,2.1,-18835.2,-627840.0,200276.4,-14028.5,1,0
39.4833,602.549,594.102,202.549,-0.002,35.882,0.13,35.882,3.423,9.591,0,0.05,-0.05,0.1457,222000,222000.0,-0.0,-11.6,-14021.5,-2886.5,2.4,-0.0,0.0,219101.8,613820.9,0,0
39.5,603.148,594.1,203.148,0.0,35.934,-0.03,35.934,3.129,-0.221,0,0.04,-0.04,0.1463,222000,222000.0,-0.0,-10.2,-14117.6,-2895.7,2.1,-18835.2,-627840.0,200258.8,-14115.5,1,0
39.5167,603.748,594.102,203.748,-0.002,35.991,0.13,35.991,3.423,9.59,0,0.05,-0.05,0.1457,222000,222000.0,-0.0,-11.7,-14108.2,-2904.2,2.4,-0.0,0.0,219084.2,613734.2,0,0
39.5333,604.349,594.1,204.349,0.0,36.043,-0.03,36.043,3.129,-0.222,0,0.04,-0.04,0.1463,222000,222000.0,-0.0,-10.3,-14204.9,-2913.4,2.1,-18835.2,-627840.0,200241.1,-14202.8,1,0
39.55,604.95,594.102,204.95,-0.002,36.1,0.13,36.101,3.423,9.588,0,0.05,-0.05,0.1457,222000,222000.0,-0.0,-11.7,-14195.1,-2921.8,2.4,-0.0,0.0,219066.4,613647.3,0,0
39.5667,605.553,594.1,205.553,0.0,36.152,-0.03,36.152,3.128,-0.223,0,0.04,-0.04,0.1463,222000,222000.0,-0.0,-10.3,-14292.4,-2931.1,2.1,-18835.2,-627840.0,200223.4,-14290.3,1,0
39.5833,606.156,594.102,206.156,-0.002,36.21,0.13,36.21,3.423,9.587,0,0.05,-0.05,0.1458,222000,222000.0,-0.0,-11.7,-14282.3,-2939.6,2.4,-0.0,0.0,219048.7,613560.2,0,0
39.6,606.761,594.1,206.761,0.0,36.262,-0.03,36.262,3.128,-0.225,0,0.04,-0.04,0.1463,222000,222000.0,-0.0,-10.3,-14380.2,-2948.9,2.1,-18835.2,-627840.0,200205.6,-14378.1,1,0
39.6167,607.366,594.102,207.366,-0.002,36.319,0.13,36.319,3.422,9.586,0,0.05,-0.05,0.1458,222000,222000.0,-0.0,-11.8,-14369.7,-2957.4,2.4,-0.0,0.0,219030.9,613472.7,0,0
39.6333,607.972,594.1,207.972,0.0,36.371,-0.03,36.371,3.128,-0.226,0,0.04,-0.04,0.1463,222000,222000.0,-0.0,-10.4,-14468.3,-2966.7,2.1,-18835.2,-627840.0,200187.8,-14466.2,1,0
39.65,608.579,594.102,208.579,-0.002,36.428,0.13,36.428,3.422,9.584,0,0.05,-0.05,0.1458,222000,222000.0,-0.0,-11.8,-14457.4,-2975.2,2.4,-0.0,0.0,219013.0,613385.0,0,0
39.6667,609.187,594.1,209.187,0.0,36.48,-0.03,36.48,3.128,-0.227,0,0.04,-0.04,0.1463,222000,222000.0,-0.0,-10.4,-14556.6,-2984.5,2.1,-18835.2,-627840.0,200169.9,-14554.5,1,0
39.6833,609.796,594.102,209.796,-0.002,36.537,0.13,36.537,3.422,9.583,0,0.05,-0.05,0.1458,222000,222000.0,-0.0,-11.9,-14545.4,-2993.1,2.4,-0.0,0.0,218995.0,613297.1,0,0
39.7,610.406,594.1,210.406,0.0,36.589,-0.03,36.589,3.127,-0.229,0,0.04,-0.04,0.1463,222000,222000.0,-0.0,-10.4,-14645.2,-3002.4,2.1,-18835.2,-627840.0,200151.9,-14643.0,1,0
39.7167,611.017,594.102,211.017,-0.002,36.646,0.13,36.646,3.422,9.581,0,0.05,-0.05,0.1458,222000,222000.0,-0.0,-11.9,-14633.6,-3011.0,2.5,-0.0,0.0,218977.1,613208.9,0,0
39.7333,611.629,594.1,211.629,0.0,36.698,-0.03,36.698,3.127,-0.23,0,0.04,-0.04,0.1463,222000,222000.0,-0.0,-10.4,-14734.0,-3020.4,2.1,-18835.2,-627840.0,200133.9,-14731.9,1,0
39.75,612.241,594.102,212.241,-0.002,36.755,0.13,36.756,3.421,9.58,0,0.05,-0.05,0.1458,222000,222000.0,-0.0,-12.0,-14722.0,-3029.0,2.5,-0.0,0.0,218959.0,613120.4,0,0
39.7667,612.855,594.1,212.855,0.0,36.807,-0.03,36.807,3.127,-0.232,0,0.04,-0.04,0.1464,222000,222000.0,-0.0,-10.5,-14823.1,-3038.4,2.1,-18835.2,-627840.0,200115.9,-14821.0,1,0
39.7833,613.469,594.102,213.469,-0.002,36.864,0.13,36.865,3.421,9.579,0,0.05,-0.05,0.1458,222000,222000.0,-0.0,-12.0,-14810.8,-3047.0,2.5,-0.0,0.0,218940.9,613031.7,0,0
39.8,614.084,594.1,214.084,0.0,36.917,-0.03,36.917,3.127,-0.233,0,0.04,-0.04,0.1464,222000,222000.0,-0.0,-10.5,-14912.5,-3056.5,2.2,-18835.2,-627840.0,200097.8,-14910.3,1,0
39.8167,614.701,594.102,214.701,-0.002,36.974,0.13,36.974,3.421,9.577,0,0.05,-0.05,0.1458,222000,222000.0,-0.0,-12.0,-14899.8,-3065.1,2.5,-0.0,0.0,218922.8,612942.7,0,0
39.8333,615.318,594.1,215.318,0.0,37.026,-0.03,37.026,3.126,-0.234,0,0.04,-0.04,0.1464,222000,222000.0,-0.0,-10.5,-15002.1,-3074.6,2.2,-18835.2,-627840.0,200079.7,-14999.9,1,0
39.85,615.936,594.102,215.936,-0.002,37.083,0.13,37.083,3.42,9.576,0,0.05,-0.05,0.1458,222000,222000.0,-0.0,-12.1,-14989.0,-3083.3,2.5,-0.0,0.0,218904.6,612853.5,0,0
39.8667,616.555,594.1,216.555,0.0,37.135,-0.03,37.135,3.126,-0.236,0,0.04,-0.04,0.1464,222000,222000.0,-0.0,-10.6,-15092.0,-3092.8,2.2,-18835.2,-627840.0,200061.4,-15089.8,1,0
39.8833,617.174,594.102,217.174,-0.002,37.192,0.13,37.192,3.42,9.574,0,0.05,-0.05,0.1459,222000,222000.0,-0.0,-12.1,-15078.5,-3101.5,2.5,-0.0,0.0,218886.4,612764.0,0,0
39.9,617.795,594.1,217.795,0.0,37.244,-0.03,37.244,3.126,-0.237,0,0.04,-0.04,0.1464,222000,222000.0,-0.0,-10.6,-15182.1,-3111.0,2.2,-18835.2,-627840.0,200043.2,-15180.0,1,0
39.9167,618.417,594.102,218.417,-0.002,37.301,0.13,37.301,3.42,9.573,0,0.05,-0.05,0.1459,222000,222000.0,-0.0,-12.2,-15168.3,-3119.7,2.5,-0.0,0.0,218868.1,612674.2,0,0
39.9333,619.039,594.1,219.039,0.0,37.353,-0.03,37.353,3.125,-0.239,0,0.04,-0.04,0.1464,222000,222000.0,-0.0,-10.6,-15272.5,-3129.3,2.2,-18835.2,-627840.0,200024.9,-15270.4,1,0
39.95,619.663,594.102,219.663,-0.002,37.41,0.13,37.41,3.42,9.572,0,0.05,-0.05,0.1459,222000,222000.0,-0.0,-12.2,-15258.3,-3138.0,2.5,-0.0,0.0,218849.7,612584.2,0,0
39.9667,620.287,594.1,220.287,0.0,37.462,-0.03,37.462,3.125,-0.24,0,0.04,-0.04,0.1464,222000,222000.0,-0.0,-10.6,-15363.2,-3147.6,2.2,-18835.2,-627840.0,200006.5,-15361.0,1,0
39.9833,620.913,594.102,220.913,-0.002,37.519,0.13,37.519,3.419,9.57,0,0.05,-0.05,0.1459,222000,222000.0,-0.0,-12.3,-15348.6,-3156.4,2.5,-0.0,0.0,218831.3,612493.9,0,0
40.0,621.539,594.1,221.539,0.0,37.571,-0.03,37.571,3.125,-0.241,0,0.04,-0.04,0.1464,222000,222000.0,-0.0,-10.7,-15454.1,-3166.0,2.2,-18835.2,-627840.0,199988.1,-15451.9,1,0
40.0167,622.166,594.102,222.166,-0.002,37.628,0.13,37.628,3.419,9.569,0,0.05,-0.05,0.1459,222000,222000.0,-0.0,-12.3,-15439.1,-3174.8,2.5,-0.0,0.0,218812.9,612403.4,0,0
40.0333,622.794,594.1,222.794,0.0,37.68,-0.03,37.68,3.125,-0.243,0,0.04,-0.04,0.1464,222000,222000.0,-0.0,-10.7,-15545.3,-3184.4,2.2,-18835.2,-627840.0,199969.7,-15543.1,1,0
40.05,623.423,594.102,223.423,-0.002,37.737,0.13,37.737,3.419,9.567,0,0.05,-0.05,0.1459,222000,222000.0,-0.0,-12.3,-15529.9,-3193.3,2.5,-0.0,0.0,218794.4,612312.6,0,0
40.0667,624.053,594.1,224.053,0.0,37.789,-0.03,37.789,3.124,-0.244,0,0.04,-0.04,0.1465,222000,222000.0,-0.0,-10.7,-15636.8,-3202.9,2.2,-18835.2,-627840.0,199951.1,-15634.6,1,0
40.0833,624.683,594.102,224.683,-0.002,37.846,0.129,37.846,3.418,9.566,0,0.05,-0.05,0.1459,222000,222000.0,-0.0,-12.4,-15621.0,-3211.8,2.5,-0.0,0.0,218775.8,612221.6,0,0
40.1,625.315,594.1,225.315,0.0,37.898,-0.03,37.898,3.124,-0.246,0,0.04,-0.04,0.1465,222000,222000.0,-0.0,-10.8,-15728.5,-3221.5,2.2,-18835.2,-627840.0,199932.6,-15726.3,1,0
40.1167,625.948,594.102,225.948,-0.002,37.955,0.129,37.955,3.418,9.565,0,0.05,-0.05,0.1459,222000,222000.0,-0.0,-12.4,-15712.3,-3230.3,2.6,-0.0,0.0,218757.2,612130.3,0,0
40.1333,626.581,594.099,226.581,0.001,38.007,-0.03,38.007,3.124,-0.247,0,0.04,-0.04,0.1465,222000,222000.0,-0.0,-10.8,-15820.4,-3240.0,2.2,-18835.2,-627840.0,199914.0,-15818.2,1,0
40.15,627.216,594.102,227.216,-0.002,38.064,0.129,38.064,3.418,9.563,0,0.05,-0.05,0.1459,222000,222000.0,-0.0,-12.5,-15803.9,-3248.9,2.6,-0.0,0.0,218738.6,612038.7,0,0
40.1667,627.851,594.099,227.851,0.001,38.116,-0.03,38.116,3.123,-0.249,0,0.04,-0.04,0.1465,222000,222000.0,-0.0,-10.8,-15912.7,-3258.7,2.2,-18835.2,-627840.0,199895.3,-15910.4,1,0
40.1833,628.487,594.102,228.487,-0.002,38.173,0.129,38.173,3.417,9.562,0,0.05,-0.05,0.1459,222000,222000.0,-0.0,-12.5,-15895.7,-3267.6,2.6,-0.0,0.0,218719.9,611946.9,0,0
40.2,629.124,594.099,229.124,0.001,38.225,-0.03,38.225,3.123,-0.25,0,0.04,-0.04,0.1465,222000,222000.0,-0.0,-10.8,-16005.1,-3277.4,2.2,-18835.2,-627840.0,199876.6,-16002.9,1,0
40.2167,629.762,594.102,229.762,-0.002,38.282,0.129,38.282,3.417,9.56,0,0.05,-0.05,0.1459,222000,222000.0,-0.0,-12.6,-15987.8,-3286.3,2.6,-0.0,0.0,218701.1,611854.8,0,0
40.2333,630.401,594.099,230.401,0.001,38.334,-0.03,38.334,3.123,-0.251,0,0.04,-0.04,0.1465,222000,222000.0,-0.0,-10.9,-16097.9,-3296.1,2.2,-18835.2,-627840.0,199857.8,-16095.7,1,0
40.25,631.041,594.102,231.041,-0.002,38.391,0.129,38.391,3.417,9.559,0,0.04,-0.04,0.146,222000,222000.0,-0.0,-12.6,-16080.1,-3305.1,2.6,-0.0,0.0,218682.3,611762.5,0,0
40.2667,631.682,594.099,231.682,0.001,38.443,-0.03,38.443,3.122,-0.253,0,0.04,-0.04,0.1465,222000,222000.0,-0.0,-10.9,-16190.9,-3314.9,2.2,-18835.2,-627840.0,199839.0,-16188.7,1,0
40.2833,632.323,594.102,232.323,-0.002,38.5,0.129,38.5,3.417,9.557,0,0.04,-0.04,0.146,222000,222000.0,-0.0,-12.6,-16172.7,-3323.9,2.6,-0.0,0.0,218663.4,611669.9,0,0
40.3,632.966,594.099,232.966,0.001,38.552,-0.03,38.552,3.122,-0.254,0,0.04,-0.04,0.1465,222000,222000.0,-0.0,-10.9,-16284.2,-3333.8,2.2,-18835.2,-627840.0,199820.1,-16281.9,1,0
40.3167,633.609,594.102,233.609,-0.002,38.609,0.129,38.609,3.416,9.556,0,0.04,-0.04,0.146,222000,222000.0,-0.0,-12.7,-16265.5,-3342.8,2.6,-0.0,0.0,218644.5,611577.1,0,0
40.3333,634.254,594.099,234.254,0.001,38.661,-0.03,38.661,3.122,-0.256,0,0.04,-0.04,0.1465,222000,222000.0,-0.0,-11.0,-16377.7,-3352.7,2.2,-18835.2,-627840.0,199801.2,-16375.5,1,0
40.35,634.899,594.102,234.899,-0.002,38.718,0.129,38.718,3.416,9.554,0,0.04,-0.04,0.146,222000,222000.0,-0.0,-12.7,-16358.7,-3361.7,2.6,-0.0,0.0,218625.6,611484.0,0,0
40.3667,635.545,594.099,235.545,0.001,38.77,-0.03,38.77,3.122,-0.257,0,0.04,-0.04,0.1466,222000,222000.0,-0.0,-11.0,-16471.5,-3371.6,2.2,-18835.2,-627840.0,199782.2,-16469.2,1,0
40.3833,636.192,594.102,236.192,-0.002,38.827,0.129,38.827,3.416,9.553,0,0.04,-0.04,0.146,222000,222000.0,-0.0,-12.8,-16452.0,-3380.7,2.6,-0.0,0.0,218606.5,611390.6,0,0
40.4,636.84,594.099,236.84,0.001,38.879,-0.03,38.879,3.121,-0.259,0,0.04,-0.04,0.1466,222000,222000.0,-0.0,-11.0,-16565.5,-3390.6,2.3,-18835.2,-627840.0,199763.2,-16563.3,1,0
40.4167,637.489,594.102,237.489,-0.002,38.936,0.129,38.936,3.415,9.552,0,0.04,-0.04,0.146,222000,222000.0,-0.0,-12.8,-16545.6,-3399.7,2.6,-0.0,0.0,218587.5,611297.0,0,0
40.4333,638.139,594.099,238.139,0.001,38.988,-0.03,38.988,3.121,-0.26,0,0.04,-0.04,0.1466,222000,222000.0,-0.0,-11.0,-16659.8,-3409.7,2.3,-18835.2,-627840.0,199744.1,-16657.6,1,0
40.45,638.79,594.102,238.79,-0.002,39.045,0.129,39.045,3.415,9.55,0,0.04,-0.04,0.146,222000,222000.0,-0.0,-12.9,-16639.5,-3418.8,2.6,-0.0,0.0,218568.3,611203.1,0,0
40.4667,639.441,594.099,239.441,0.001,39.097,-0.03,39.097,3.121,-0.262,0,0.04,-0.04,0.1466,222000,222000.0,-0.0,-11.1,-16754.4,-3428.8,2.3,-18835.2,-627840.0,199724.9,-16752.1,1,0
40.4833,640.094,594.102,240.094,-0.002,39.154,0.129,39.154,3.415,9.549,0,0.04,-0.04,0.146,222000,222000.0,-0.0,-12.9,-16733.7,-3437.9,2.7,-0.0,0.0,218549.2,611109.0,0,0
40.5,640.747,594.099,240.747,0.001,39.206,-0.03,39.206,3.12,-0.263,0,0.04,-0.04,0.1466,222000,222000.0,-0.0,-11.1,-16849.2,-3447.9,2.3,-18835.2,-627840.0,199705.8,-16847.0,1,0
40.5167,641.402,594.102,241.402,-0.002,39.263,0.129,39.263,3.415,9.547,0,0.04,-0.04,0.146,222000,222000.0,-0.0,-13.0,-16828.0,-3457.1,2.7,-0.0,0.0,218529.9,611014.6,0,0
40.5333,642.057,594.099,242.057,0.001,39.315,-0.03,39.315,3.12,-0.265,0,0.04,-0.04,0.1466,222000,222000.0,-0.0,-11.1,-16944.3,-3467.1,2.3,-18835.2,-627840.0,199686.5,-16942.0,1,0
40.55,642.713,594.102,242.713,-0.002,39.372,0.129,39.372,3.414,9.546,0,0.04,-0.04,0.146,222000,222000.0,-0.0,-13.0,-16922.7,-3476.3,2.7,-0.0,0.0,218510.7,610920.0,0,0
40.5667,643.37,594.099,243.37,0.001,39.424,-0.03,39.424,3.12,-0.266,0,0.04,-0.04,0.1466,222000,222000.0,-0.0,-11.2,-17039.7,-3486.4,2.3,-18835.2,-627840.0,199667.2,-17037.4,1,0
40.5833,644.028,594.102,244.028,-0.002,39.481,0.129,39.481,3.414,9.544,0,0.04,-0.04,0.146,222000,222000.0,-0.0,-13.0,-17017.6,-3495.6,2.7,-0.0,0.0,218491.3,610825.1,0,0
40.6,644.687,594.099,244.687,0.001,39.533,-0.03,39.533,3.119,-0.268,0,0.04,-0.04,0.1466,222000,222000.0,-0.0,-11.2,-17135.3,-3505.7,2.3,-18835.2,-627840.0,199647.9,-17133.0,1,0
40.6167,645.347,594.102,245.347,-0.002,39.59,0.129,39.59,3.414,9.543,0,0.04,-0.04,0.1461,222000,222000.0,-0.0,-13.1,-17112.8,-3515.0,2.7,-0.0,0.0,218472.0,610729.9,0,0
40.6333,646.008,594.099,246.008,0.001,39.642,-0.03,39.642,3.119,-0.269,0,0.04,-0.04,0.1466,222000,222000.0,-0.0,-11.2,-17231.1,-3525.1,2.3,-18835.2,-627840.0,199628.5,-17228.8,1,0
40.65,646.669,594.102,246.669,-0.002,39.698,0.129,39.699,3.413,9.541,0,0.04,-0.04,0.1461,222000,222000.0,-0.0,-13.1,-17208.2,-3534.3,2.7,-0.0,0.0,218452.5,610634.5,0,0
40.6667,647.332,594.099,247.332,0.001,39.75,-0.03,39.75,3.119,-0.271,0,0.04,-0.04,0.1467,222000,222000.0,-0.0,-11.2,-17327.2,-3544.5,2.3,-18835.2,-627840.0,199609.1,-17324.9,1,0
40.6833,647.995,594.102,247.995,-0.002,39.807,0.129,39.807,3.413,9.54,0,0.04,-0.04,0.1461,222000,222000.0,-0.0,-13.2,-17303.8,-3553.8,2.7,-0.0,0.0,218433.0,610538.9,0,0
40.7,648.66,594.099,248.66,0.001,39.859,-0.03,39.859,3.119,-0.272,0,0.04,-0.04,0.1467,222000,222000.0,-0.0,-11.3,-17423.6,-3564.0,2.3,-18835.2,-627840.0,199589.6,-17421.3,1,0
40.7167,649.325,594.102,249.325,-0.002,39.916,0.129,39.916,3.413,9.538,0,0.04,-0.04,0.1461,222000,222000.0,-0.0,-13.2,-17399.8,-3573.3,2.7,-0.0,0.0,218413.5,610443.0,0,0
40.7333,649.991,594.099,249.991,0.001,39.968,-0.03,39.968,3.118,-0.274,0,0.04,-0.04,0.1467,222000,222000.0,-0.0,-11.3,-17520.3,-3583.5,2.3,-18835.2,-627840.0,199570.0,-17517.9,1,0
40.75,650.658,594.102,250.658,-0.002,40.025,0.129,40.025,3.412,9.537,0,0.04,-0.04,0.1461,222000,222000.0,-0.0,-13.3,-17495.9,-3592.8,2.7,-0.0,0.0,218393.9,610346.8,0,0
40.7667,651.326,594.099,251.326,0.001,40.077,-0.03,40.077,3.118,-0.275,0,0.04,-0.04,0.1467,222000,222000.0,-0.0,-11.3,-17617.2,-3603.1,2.3,-18835.2,-627840.0,199550.4,-17614.8,1,0
40.7833,651.995,594.102,251.995,-0.002,40.134,0.129,40.134,3.412,9.535,0,0.04,-0.04,0.1461,222000,222000.0,-0.0,-13.3,-17592.4,-3612.4,2.7,-0.0,0.0,218374.3,610250.4,0,0
40.8,652.665,594.099,252.665,0.001,40.186,-0.03,40.186,3.118,-0.277,0,0.04,-0.04,0.1467,222000,222000.0,-0.0,-11.4,-17714.3,-3622.7,2.3,-18835.2,-627840.0,199530.8,-17712.0,1,0
40.8167,653.335,594.102,253.335,-0.002,40.243,0.129,40.243,3.412,9.534,0,0.04,-0.04,0.1461,222000,222000.0,-0.0,-13.4,-17689.1,-3632.1,2.7,-0.0,0.0,218354.6,610153.7,0,0
40.8333,654.007,594.099,254.007,0.001,40.295,-0.03,40.295,3.117,-0.278,0,0.04,-0.04,0.1467,222000,222000.0,-0.0,-11.4,-17811.7,-3642.3,2.3,-18835.2,-627840.0,199511.1,-17809.4,1,0
40.85,654.679,594.102,254.679,-0.002,40.351,0.129,40.352,3.411,9.532,0,0.04,-0.04,0.1461,222000,222000.0,-0.0,-13.4,-17786.0,-3651.8,2.8,-0.0,0.0,218334.8,610056.7,0,0
40.8667,655.353,594.099,255.353,0.001,40.403,-0.03,40.403,3.117,-0.28,0,0.04,-0.04,0.1467,222000,222000.0,-0.0,-11.4,-17909.4,-3662.1,2.3,-18835.2,-627840.0,199491.3,-17907.1,1,0
40.8833,656.027,594.102,256.027,-0.002,40.46,0.128,40.46,3.411,9.531,0,0.04,-0.04,0.1461,222000,222000.0,-0.0,-13.4,-17883.2,-3671.5,2.8,-0.0,0.0,218315.1,609959.5,0,0
40.9,656.702,594.099,256.702,0.001,40.512,-0.03,40.512,3.117,-0.281,0,0.04,-0.04,0.1467,222000,222000.0,-0.0,-11.4,-18007.3,-3681.8,2.3,-18835.2,-627840.0,199471.5,-18005.0,1,0
40.9167,657.379,594.102,257.379,-0.002,40.569,0.128,40.569,3.411,9.529,0,0.04,-0.04,0.1461,222000,222000.0,-0.0,-13.5,-17980.7,-3691.3,2.8,-0.0,0.0,218295.2,609862.1,0,0
40.9333,658.056,594.099,258.056,0.001,40.621,-0.03,40.621,3.116,-0.283,0,0.04,-0.04,0.1467,222000,222000.0,-0.0,-11.5,-18105.5,-3701.7,2.3,-18835.2,-627840.0,199451.7,-18103.2,1,0
40.95,658.734,594.102,258.734,-0.002,40.678,0.128,40.678,3.411,9.528,0,0.04,-0.04,0.1461,222000,222000.0,-0.0,-13.5,-18078.4,-3711.2,2.8,-0.0,0.0,218275.3,609764.4,0,0
40.9667,659.412,594.099,259.412,0.001,40.73,-0.03,40.73,3.116,-0.284,0,0.04,-0.04,0.1467,222000,222000.0,-0.0,-11.5,-18203.9,-3721.6,2.3,-18835.2,-627840.0,199431.8,-18201.6,1,0
40.9833,660.092,594.102,260.092,-0.002,40.787,0.128,40.787,3.41,9.526,0,0.04,-0.04,0.1461,222000,222000.0,-0.0,-13.6,-18176.3,-3731.1,2.8,-0.0,0.0,218255.4,609666.4,0,0
41.0,660.773,594.099,260.773,0.001,40.839,-0.03,40.839,3.116,-0.286,0,0.04,-0.04,0.1468,222000,222000.0,-0.0,-11.5,-18302.7,-3741.5,2.4,-18835.2,-627840.0,199411.8,-18300.3,1,0
41.0167,661.454,594.102,261.454,-0.002,40.895,0.128,40.896,3.41,9.525,0,0.04,-0.04,0.1462,222000,222000.0,-0.0,-13.6,-18274.6,-3751.0,2.8,-0.0,0.0,218235.4,609568.2,0,0
41.0333,662.137,594.099,262.137,0.001,40.947,-0.03,40.947,3.115,-0.287,0,0.04,-0.04,0.1468,222000,222000.0,-0.0,-11.5,-18401.6,-3761.5,2.4,-18835.2,-627840.0,199391.8,-18399.3,1,0
41.05,662.82,594.102,262.82,-0.002,41.004,0.128,41.004,3.41,9.523,0,0.04,-0.04,0.1462,222000,222000.0,-0.0,-13.7,-18373.0,-3771.0,2.8,-0.0,0.0,218215.3,609469.8,0,0
41.0667,663.504,594.099,263.504,0.001,41.056,-0.03,41.056,3.115,-0.289,0,0.04,-0.04,0.1468,222000,222000.0,-0.0,-11.6,-18500.8,-3781.5,2.4,-18835.2,-627840.0,199371.7,-18498.5,1,0
41.0833,664.19,594.102,264.19,-0.002,41.113,0.128,41.113,3.409,9.521,0,0.04,-0.04,0.1462,222000,222000.0,-0.0,-13.7,-18471.8,-3791.1,2.8,-0.0,0.0,218195.2,609371.0,0,0
41.1,664.876,594.099,264.876,0.001,41.165,-0.03,41.165,3.115,-0.291,0,0.04,-0.04,0.1468,222000,222000.0,-0.0,-11.6,-18600.3,-3801.6,2.4,-18835.2,-627840.0,199351.6,-18597.9,1,0
41.1167,665.563,594.102,265.563,-0.002,41.222,0.128,41.222,3.409,9.52,0,0.04,-0.04,0.1462,222000,222000.0,-0.0,-13.8,-18570.7,-3811.2,2.8,-0.0,0.0,218175.1,609272.1,0,0
41.1333,666.251,594.099,266.251,0.001,41.273,-0.031,41.273,3.115,-0.292,0,0.04,-0.04,0.1468,222000,222000.0,-0.0,-11.6,-18700.0,-3821.7,2.4,-18835.2,-627840.0,199331.5,-18697.7,1,0
41.15,666.94,594.102,266.94,-0.002,41.33,0.128,41.33,3.409,9.518,0,0.04,-0.04,0.1462,222000,222000.0,-0.0,-13.8,-18670.0,-3831.3,2.8,-0.0,0.0,218154.9,609172.8,0,0
41.1667,667.629,594.099,267.629,0.001,41.382,-0.031,41.382,3.114,-0.294,0,0.04,-0.04,0.1468,222000,222000.0,-0.0,-11.7,-18800.0,-3841.9,2.4,-18835.2,-627840.0,199311.2,-18797.6,1,0
41.1833,668.32,594.102,268.32,-0.002,41.439,0.128,41.439,3.408,9.517,0,0.04,-0.04,0.1462,222000,222000.0,-0.0,-13.8,-18769.5,-3851.6,2.8,-0.0,0.0,218134.6,609073.4,0,0
41.2,669.011,594.099,269.011,0.001,41.491,-0.031,41.491,3.114,-0.295,0,0.04,-0.04,0.1468,222000,222000.0,-0.0,-11.7,-18900.3,-3862.1,2.4,-18835.2,-627840.0,199291.0,-18897.9,1,0
41.2167,669.704,594.102,269.704,-0.002,41.548,0.128,41.548,3.408,9.515,0,0.04,-0.04,0.1462,222000,222000.0,-0.0,-13.9,-18869.2,-3871.8,2.8,-0.0,0.0,218114.3,608973.6,0,0
41.2333,670.397,594.099,270.397,0.001,41.6,-0.031,41.6,3.114,-0.297,0,0.04,-0.04,0.1468,222000,222000.0,-0.0,-11.7,-19000.8,-3882.4,2.4,-18835.2,-627840.0,199270.7,-18998.4,1,0
41.25,671.091,594.102,271.091,-0.002,41.656,0.128,41.657,3.408,9.514,0,0.04,-0.04,0.1462,222000,222000.0,-0.0,-13.9,-18969.2,-3892.1,2.9,-0.0,0.0,218093.9,608873.6,0,0
41.2667,671.787,594.099,271.787,0.001,41.708,-0.031,41.708,3.113,-0.298,0,0.04,-0.04,0.1468,222000,222000.0,-0.0,-11.7,-19101.5,-3902.8,2.4,-18835.2,-627840.0,199250.3,-19099.1,1,0
41.2833,672.483,594.102,272.483,-0.002,41.765,0.128,41.765,3.407,9.512,0,0.04,-0.04,0.1462,222000,222000.0,-0.0,-14.0,-19069.5,-3912.5,2.9,-0.0,0.0,218073.5,608773.4,0,0
41.3,673.18,594.099,273.18,0.001,41.817,-0.031,41.817,3.113,-0.3,0,0.04,-0.04,0.1468,222000,222000.0,-0.0,-11.8,-19202.6,-3923.2,2.4,-18835.2,-627840.0,199229.9,-19200.2,1,0
41.3167,673.878,594.102,273.878,-0.002,41.874,0.128,41.874,3.407,9.511,0,0.04,-0.04,0.1462,222000,222000.0,-0.0,-14.0,-19170.0,-3932.9,2.9,-0.0,0.0,218053.1,608672.9,0,0
41.3333,674.576,594.099,274.576,0.001,41.926,-0.031,41.926,3.113,-0.302,0,0.04,-0.04,0.1468,222000,222000.0,-0.0,-11.8,-19303.8,-3943.6,2.4,-18835.2,-627840.0,199209.4,-19301.4,1,0
41.35,675.276,594.102,275.276,-0.002,41.982,0.128,41.983,3.407,9.509,0,0.04,-0.04,0.1462,222000,222000.0,-0.0,-14.1,-19270.7,-3953.4,2.9,-0.0,0.0,218032.6,608572.1,0,0
41.3667,675.977,594.099,275.977,0.001,42.034,-0.031,42.034,3.112,-0.303,0,0.03,-0.03,0.1469,222000,222000.0,-0.0,-11.8,-19405.4,-3964.1,2.4,-18835.2,-627840.0,199188.9,-19402.9,1,0
41.3833,676.678,594.102,276.678,-0.002,42.091,0.128,42.091,3.406,9.507,0,0.04,-0.04,0.1462,222000,222000.0,-0.0,-14.1,-19371.8,-3973.9,2.9,-0.0,0.0,218012.0,608471.1,0,0
41.4,677.38,594.099,277.38,0.001,42.143,-0.031,42.143,3.112,-0.305,0,0.03,-0.03,0.1469,222000,222000.0,-0.0,-11.8,-19507.2,-3984.6,2.4,-18835.2,-627840.0,199168.3,-19504.7,1,0
41.4167,678.084,594.102,278.084,-0.002,42.2,0.128,42.2,3.406,9.506,0,0.04,-0.04,0.1463,222000,222000.0,-0.0,-14.2,-19473.0,-3994.5,2.9,-0.0,0.0,217991.4,608369.9,0,0
41.4333,678.788,594.099,278.788,0.001,42.252,-0.031,42.252,3.112,-0.306,0,0.03,-0.03,0.1469,222000,222000.0,-0.0,-11.9,-19609.2,-4005.2,2.4,-18835.2,-627840.0,199147.7,-19606.8,1,0
41.45,679.493,594.102,279.493,-0.002,42.308,0.128,42.308,3.406,9.504,0,0.04,-0.04,0.1463,222000,222000.0,-0.0,-14.2,-19574.5,-4015.1,2.9,-0.0,0.0,217970.7,608268.4,0,0
41.4667,680.199,594.099,280.199,0.001,42.36,-0.031,42.36,3.111,-0.308,0,0.03,-0.03,0.1469,222000,222000.0,-0.0,-11.9,-19711.5,-4025.9,2.4,-18835.2,-627840.0,199127.0,-19709.1,1,0
41.4833,680.906,594.102,280.906,-0.002,42.417,0.128,42.417,3.405,9.503,0,0.04,-0.04,0.1463,222000,222000.0,-0.0,-14.3,-19676.3,-4035.7,2.9,-0.0,0.0,217950.0,608166.6,0,0
41.5,681.614,594.099,281.614,0.001,42.469,-0.031,42.469,3.111,-0.31,0,0.03,-0.03,0.1469,222000,222000.0,-0.0,-11.9,-19814.1,-4046.6,2.4,-18835.2,-627840.0,199106.3,-19811.6,1,0
41.5167,682.323,594.102,282.323,-0.002,42.526,0.128,42.526,3.405,9.501,0,0.04,-0.04,0.1463,222000,222000.0,-0.0,-14.3,-19778.3,-4056.5,2.9,-0.0,0.0,217929.2,608064.6,0,0
41.5333,683.032,594.099,283.032,0.001,42.577,-0.031,42.577,3.111,-0.311,0,0.03,-0.03,0.1469,222000,222000.0,-0.0,-12.0,-19916.9,-4067.3,2.4,-18835.2,-627840.0,199085.5,-19914.4,1,0
41.55,683.743,594.102,283.743,-0.002,42.634,0.128,42.634,3.405,9.499,0,0.04,-0.04,0.1463,222000,222000.0,-0.0,-14.3,-19880.6,-4077.2,2.9,-0.0,0.0,217908.4,607962.3,0,0
41.5667,684.454,594.099,284.454,0.001,42.686,-0.031,42.686,3.11,-0.313,0,0.03,-0.03,0.1469,222000,222000.0,-0.0,-12.0,-20019.9,-4088.1,2.4,-18835.2,-627840.0,199064.7,-20017.5,1,0
41.5833,685.167,594.102,285.167,-0.002,42.743,0.128,42.743,3.404,9.498,0,0.04,-0.04,0.1463,222000,222000.0,-0.0,-14.4,-19983.1,-4098.1,3.0,-0.0,0.0,217887.5,607859.8,0,0
41.6,685.88,594.099,285.88,0.001,42.795,-0.031,42.795,3.11,-0.314,0,0.03,-0.03,0.1469,222000,222000.0,-0.0,-12.0,-20123.3,-4109.0,2.5,-18835.2,-627840.0,199043.8,-20120.8,1,0
41.6167,686.594,594.102,286.594,-0.002,42.851,0.128,42.851,3.404,9.496,0,0.04,-0.04,0.1463,222000,222000.0,-0.0,-14.4,-20085.9,-4118.9,3.0,-0.0,0.0,217866.6,607757.0,0,0
41.6333,687.309,594.099,287.309,0.001,42.903,-0.031,42.903,3.11,-0.316,0,0.03,-0.03,0.1469,222000,222000.0,-0.0,-12.0,-20226.8,-4129.9,2.5,-18835.2,-627840.0,199022.9,-20224.4,1,0
41.65,688.025,594.102,288.025,-0.002,42.96,0.127,42.96,3.404,9.495,0,0.04,-0.04,0.1463,222000,222000.0,-0.0,-14.5,-20189.0,-4139.9,3.0,-0.0,0.0,217845.7,607654.0,0,0
41.6667,688.742,594.099,288.742,0.001,43.012,-0.031,43.012,3.109,-0.318,0,0.03,-0.03,0.1469,222000,222000.0,-0.0,-12.1,-20330.7,-4150.8,2.5,-18835.2,-627840.0,199001.9,-20328.2,1,0
41.6833,689.46,594.102,289.46,-0.002,43.068,0.123,43.069,3.403,9.237,1,0.04,0.96,0.2363,222000,221966.2,-3874.4,-23.5,-32774.8,-4160.8,3.0,-0.0,0.0,217781.9,591193.8,0,0
41.7,690.178,594.099,290.178,0.001,43.12,-0.038,43.12,3.107,-0.832,2,0.03,1.97,0.3271,222000,221864.8,-7747.7,-26.0,-45479.9,-4171.8,2.4,-18835.2,-627840.0,198831.7,-53225.2,1,0
41.7167,690.898,594.101,290.898,-0.001,43.177,0.107,43.177,3.398,8.724,3,0.05,2.95,0.4154,222000,221695.8,-11618.6,-51.7,-57904.3,-4181.9,3.7,-0.0,0.0,217462.2,558320.8,0,0
41.7333,691.619,594.099,291.619,0.001,43.228,-0.044,43.228,3.1,-1.35,4,0.03,3.97,0.5074,222000,221459.2,-15485.9,-35.1,-70921.5,-4192.8,2.1,-18835.2,-627840.0,198396.1,-86405.4,1,0
41.75,692.34,594.101,292.34,-0.001,43.285,0.093,43.285,3.389,8.206,5,0.06,4.94,0.5948,222000,221155.2,-19348.6,-84.6,-83324.4,-4202.9,4.3,-0.0,0.0,216867.7,525171.2,0,0
41.7667,693.062,594.099,293.062,0.001,43.336,-0.05,43.336,3.089,-1.872,6,0.02,5.98,0.6878,222000,220783.9,-23205.3,-41.5,-96608.3,-4213.9,1.8,-18835.2,-627840.0,197693.3,-119811.8,1,0
41.7833,693.785,594.1,293.785,-0.0,43.393,0.078,43.393,3.375,7.684,7,0.07,6.93,0.7741,222000,220345.2,-27055.0,-125.2,-108987.7,-4223.9,4.9,-0.0,0.0,215996.2,491802.2,0,0
41.8,694.51,594.099,294.51,0.001,43.444,-0.056,43.444,3.074,-2.398,8,0.02,7.98,0.8681,222000,219839.5,-30896.4,-44.2,-122548.8,-4234.9,1.5,-18835.2,-627840.0,196725.2,-153443.7,1,0
41.8167,695.235,594.1,295.235,-0.0,43.5,0.064,43.5,3.357,7.16,9,0.07,8.93,0.9534,222000,219266.8,-34728.5,-172.7,-134902.3,-4244.9,5.4,-0.0,0.0,214849.2,458214.7,0,0
41.8333,695.96,594.099,295.96,0.001,43.551,-0.062,43.551,3.055,-2.926,10,0.02,9.98,1.0485,222000,218627.3,-38549.9,-43.6,-148739.6,-4255.8,1.2,-18835.2,-627840.0,195492.7,-187288.2,1,0
41.85,696.687,594.1,296.687,0.0,43.606,0.049,43.606,3.335,6.632,11,0.08,10.92,1.1327,222000,217921.2,-42359.6,-227.5,-161064.6,-4265.8,6.0,-0.0,0.0,213427.9,424421.9,0,0
41.8667,697.415,594.102,297.415,-0.002,43.662,0.155,43.662,3.329,6.336,12,-0.06,12.06,1.2358,222000,217148.8,-46156.4,198.0,-176170.5,-4276.7,-4.8,-0.0,0.0,213070.1,405508.3,0,0
41.8833,698.143,594.098,298.143,0.002,43.712,-0.093,43.712,3.016,-3.72,13,0.04,12.96,1.3163,222000,216310.2,-49939.1,-133.2,-188131.5,-4287.6,3.0,-18835.2,-627840.0,193054.1,-238067.6,1,0
41.9,698.873,594.099,298.873,0.001,43.767,0.005,43.767,3.292,5.901,14,0.12,13.88,1.3716,222000,215405.7,-53706.7,-417.7,-196475.9,-4297.5,9.1,-0.0,0.0,210690.5,377666.6,0,1
41.9167,699.603,594.1,299.603,-0.0,43.822,0.105,43.822,3.284,5.961,15,-0.01,15.01,1.3151,222000,214435.5,-57457.8,23.4,-188862.9,-4308.3,-0.5,-0.0,0.0,210150.7,381518.7,0,1
41.9333,700.334,594.099,300.334,0.001,43.871,-0.085,43.872,2.987,-3.86,15,0.03,14.97,1.3169,222000,214435.5,-57457.8,-90.7,-189584.0,-4319.0,2.1,-18835.2,-627840.0,191190.6,-247039.8,1,1
41.95,701.066,594.099,301.066,0.001,43.926,0.014,43.926,3.277,5.934,15,0.11,14.89,1.321,222000,214435.5,-57457.8,-370.6,-190621.3,-4328.9,8.4,-0.0,0.0,209736.1,379769.3,0,1
41.9667,701.799,594.101,301.799,-0.001,43.981,0.113,43.981,3.284,5.941,15,-0.02,15.02,1.3146,222000,214435.5,-57457.8,58.9,-190161.9,-4339.6,-1.3,-0.0,0.0,210154.8,380218.9,0,1
41.9833,702.533,594.099,302.533,0.001,44.031,-0.087,44.031,2.987,-3.882,15,0.03,14.97,1.3169,222000,214435.5,-57457.8,-97.8,-190977.5,-4350.5,2.2,-18835.2,-627840.0,191152.1,-248433.1,1,1
42.0,703.268,594.099,303.268,0.001,44.085,0.011,44.085,3.276,5.912,15,0.11,14.89,1.3212,222000,214435.5,-57457.8,-380.4,-192022.0,-4360.3,8.6,-0.0,0.0,209694.8,378368.8,0,1
42.0167,704.004,594.101,304.004,-0.001,44.14,0.11,44.14,3.283,5.919,15,-0.01,15.01,1.3147,222000,214435.5,-57457.8,49.2,-191564.2,-4371.1,-1.1,-0.0,0.0,210113.6,378816.8,0,1
42.0333,704.74,594.099,304.74,0.001,44.19,-0.087,44.19,2.986,-3.903,15,0.03,14.97,1.3169,222000,214435.5,-57457.8,-95.8,-192355.9,-4382.0,2.2,-18835.2,-627840.0,191122.5,-249811.6,1,1
42.05,705.478,594.099,305.478,0.001,44.244,0.011,44.244,3.276,5.89,15,0.11,14.89,1.3211,222000,214435.5,-57457.8,-381.0,-193407.5,-4391.9,8.7,-0.0,0.0,209662.7,376983.3,0,1
42.0667,706.216,594.101,306.216,-0.001,44.299,0.109,44.299,3.283,5.897,15,-0.01,15.01,1.3148,222000,214435.5,-57457.8,48.5,-192951.5,-4402.7,-1.1,-0.0,0.0,210081.3,377429.6,0,1
42.0833,706.955,594.099,306.955,0.001,44.349,-0.087,44.349,2.986,-3.925,15,0.03,14.97,1.3169,222000,214435.5,-57457.8,-95.7,-193743.1,-4413.6,2.2,-18835.2,-627840.0,191091.0,-251198.8,1,1
42.1,707.695,594.099,307.695,0.001,44.403,0.011,44.403,3.275,5.869,15,0.11,14.89,1.3211,222000,214435.5,-57457.8,-383.5,-194801.9,-4423.6,8.7,-0.0,0.0,209628.5,375589.0,0,1
42.1167,708.436,594.101,308.436,-0.001,44.458,0.108,44.458,3.282,5.876,15,-0.01,15.01,1.3148,222000,214435.5,-57457.8,46.0,-194347.6,-4434.5,-1.0,-0.0,0.0,210047.1,376033.5,0,1
42.1333,709.178,594.099,309.178,0.001,44.508,-0.087,44.508,2.985,-3.947,15,0.03,14.97,1.3169,222000,214435.5,-57457.8,-95.2,-195134.3,-4445.4,2.2,-18835.2,-627840.0,191059.8,-252589.9,1,1
42.15,709.921,594.099,309.921,0.001,44.562,0.01,44.562,3.275,5.847,15,0.11,14.89,1.3211,222000,214435.5,-57457.8,-385.6,-196200.2,-4455.3,8.8,-0.0,0.0,209594.6,374190.7,0,1
42.1667,710.664,594.101,310.664,-0.001,44.617,0.108,44.617,3.281,5.854,15,-0.01,15.01,1.3148,222000,214435.5,-57457.8,43.8,-195747.7,-4466.3,-1.0,-0.0,0.0,210013.1,374633.5,0,1
42.1833,711.409,594.099,311.409,0.001,44.667,-0.088,44.667,2.985,-3.969,15,0.03,14.97,1.3169,222000,214435.5,-57457.8,-94.7,-196530.3,-4477.2,2.2,-18835.2,-627840.0,191028.3,-253986.0,1,1
42.2,712.154,594.099,312.154,0.001,44.721,0.009,44.721,3.274,5.825,15,0.11,14.89,1.3211,222000,214435.5,-57457.8,-387.8,-197603.5,-4487.2,8.8,-0.0,0.0,209560.5,372787.5,0,1
42.2167,712.9,594.1,312.9,-0.0,44.776,0.107,44.776,3.281,5.832,15,-0.01,15.01,1.3149,222000,214435.5,-57457.8,41.6,-197152.8,-4498.2,-0.9,-0.0,0.0,209978.9,373228.5,0,1
42.2333,713.647,594.099,313.647,0.001,44.826,-0.088,44.826,2.984,-3.99,15,0.03,14.97,1.3168,222000,214435.5,-57457.8,-94.3,-197931.1,-4509.2,2.1,-18835.2,-627840.0,190996.9,-255386.7,1,1
42.25,714.395,594.099,314.395,0.001,44.88,0.009,44.88,3.274,5.803,15,0.11,14.89,1.3211,222000,214435.5,-57457.8,-389.9,-199011.5,-4519.2,8.9,-0.0,0.0,209526.3,371379.6,0,1
42.2667,715.144,594.1,315.144,-0.0,44.935,0.106,44.935,3.28,5.81,15,-0.01,15.01,1.3149,222000,214435.5,-57457.8,39.3,-198562.6,-4530.2,-0.9,-0.0,0.0,209944.6,371818.7,0,1
42.2833,715.894,594.099,315.894,0.001,44.985,-0.088,44.985,2.984,-4.012,15,0.03,14.97,1.3168,222000,214435.5,-57457.8,-93.8,-199336.6,-4541.3,2.1,-18835.2,-627840.0,190965.3,-256792.3,1,1
42.3,716.645,594.099,316.645,0.001,45.039,0.008,45.039,3.273,5.781,15,0.11,14.89,1.3211,222000,214435.5,-57457.8,-392.1,-200424.3,-4551.4,8.9,-0.0,0.0,209492.0,369966.8,0,1
42.3167,717.396,594.1,317.396,-0.0,45.094,0.105,45.094,3.28,5.788,15,-0.01,15.01,1.315,222000,214435.5,-57457.8,37.0,-199977.3,-4562.4,-0.8,-0.0,0.0,209910.1,370404.0,0,1
42.3333,718.149,594.099,318.149,0.001,45.144,-0.088,45.144,2.983,-4.034,15,0.03,14.97,1.3168,222000,214435.5,-57457.8,-93.3,-200746.8,-4573.5,2.1,-18835.2,-627840.0,190933.6,-258202.5,1,1
42.35,718.902,594.099,318.902,0.001,45.198,0.008,45.198,3.273,5.759,15,0.11,14.89,1.3211,222000,214435.5,-57457.8,-394.3,-201841.8,-4583.6,9.0,-0.0,0.0,209457.6,368549.3,0,1
42.3667,719.656,594.1,319.656,-0.0,45.253,0.104,45.253,3.279,5.765,15,-0.01,15.01,1.315,222000,214435.5,-57457.8,34.7,-201396.8,-4594.6,-0.8,-0.0,0.0,209875.5,368984.6,0,1
42.3833,720.411,594.099,320.411,0.001,45.303,-0.088,45.303,2.983,-4.057,15,0.03,14.97,1.3168,222000,214435.5,-57457.8,-92.8,-202161.7,-4605.8,2.1,-18835.2,-627840.0,190901.8,-259617.5,1,1
42.4,721.167,594.099,321.167,0.001,45.357,0.007,45.357,3.272,5.736,15,0.11,14.89,1.3211,222000,214435.5,-57457.8,-396.6,-203264.1,-4615.9,9.0,-0.0,0.0,209423.1,367127.0,0,1
42.4167,721.924,594.1,321.924,-0.0,45.412,0.103,45.412,3.279,5.743,15,-0.01,15.01,1.315,222000,214435.5,-57457.8,32.3,-202821.1,-4627.0,-0.7,-0.0,0.0,209840.8,367560.4,0,1
42.4333,722.682,594.099,322.682,0.001,45.462,-0.089,45.462,2.982,-4.079,15,0.03,14.97,1.3168,222000,214435.5,-57457.8,-92.3,-203581.4,-4638.2,2.1,-18835.2,-627840.0,190869.9,-261037.1,1,1
42.45,723.44,594.099,323.44,0.001,45.516,0.007,45.516,3.272,5.714,15,0.11,14.89,1.3211,222000,214435.5,-57457.8,-398.8,-204691.2,-4648.3,9.1,-0.0,0.0,209388.4,365700.0,0,1
42.4667,724.2,594.1,324.2,-0.0,45.571,0.102,45.571,3.278,5.721,15,-0.01,15.01,1.3151,222000,214435.5,-57457.8,29.9,-204250.1,-4659.5,-0.7,-0.0,0.0,209806.0,366131.4,0,1
42.4833,724.96,594.099,324.96,0.001,45.62,-0.089,45.62,2.982,-4.101,15,0.03,14.97,1.3168,222000,214435.5,-57457.8,-91.8,-205005.8,-4670.7,2.1,-18835.2,-627840.0,190837.9,-262461.6,1,1
42.5,725.721,594.099,325.721,0.001,45.675,0.006,45.675,3.271,5.692,15,0.11,14.89,1.3211,222000,214435.5,-57457.8,-401.0,-206123.1,-4680.9,9.1,-0.0,0.0,209353.7,364268.2,0,1
42.5167,726.484,594.1,326.484,-0.0,45.73,0.101,45.73,3.278,5.698,15,-0.01,15.01,1.3151,222000,214435.5,-57457.8,27.5,-205684.0,-4692.1,-0.6,-0.0,0.0,209771.0,364697.5,0,1
42.5333,727.247,594.099,327.247,0.001,45.779,-0.089,45.779,2.981,-4.123,15,0.03,14.97,1.3167,222000,214435.5,-57457.8,-91.3,-206435.0,-4703.3,2.1,-18835.2,-627840.0,190805.8,-263890.7,1,1
42.55,728.011,594.099,328.011,0.001,45.834,0.006,45.834,3.271,5.669,15,0.11,14.89,1.321,222000,214435.5,-57457.8,-403.2,-207559.7,-4713.5,9.2,-0.0,0.0,209318.8,362831.7,0,1
42.5667,728.775,594.1,328.775,-0.0,45.888,0.1,45.888,3.277,5.676,15,-0.01,15.01,1.3151,222000,214435.5,-57457.8,25.1,-207122.7,-4724.8,-0.6,-0.0,0.0,209735.9,363258.9,0,1
42.5833,729.541,594.099,329.541,0.001,45.938,-0.089,45.938,2.981,-4.146,15,0.03,14.97,1.3167,222000,214435.5,-57457.8,-90.7,-207868.8,-4736.0,2.1,-18835.2,-627840.0,190773.6,-265324.6,1,1
42.6,730.307,594.099,330.307,0.001,45.993,0.005,45.993,3.27,5.647,15,0.11,14.89,1.321,222000,214435.5,-57457.8,-405.5,-209001.0,-4746.3,9.2,-0.0,0.0,209283.8,361390.4,0,1
42.6167,731.075,594.1,331.075,-0.0,46.047,0.099,46.047,3.277,5.653,15,-0.01,15.01,1.3152,222000,214435.5,-57457.8,22.6,-208566.1,-4757.6,-0.5,-0.0,0.0,209700.6,361815.5,0,1
42.6333,731.843,594.099,331.843,0.001,46.097,-0.089,46.097,2.98,-4.168,15,0.02,14.98,1.3167,222000,214435.5,-57457.8,-90.2,-209307.4,-4768.9,2.1,-18835.2,-627840.0,190741.3,-266763.1,1,1
42.65,732.612,594.099,332.612,0.001,46.151,0.004,46.151,3.27,5.624,15,0.11,14.89,1.321,222000,214435.5,-57457.8,-407.7,-210447.1,-4779.2,9.3,-0.0,0.0,209248.6,359944.3,0,1
42.6667,733.383,594.1,333.383,-0.0,46.206,0.098,46.206,3.276,5.631,15,-0.01,15.01,1.3152,222000,214435.5,-57457.8,20.1,-210014.4,-4790.5,-0.5,-0.0,0.0,209665.2,360367.3,0,1
42.6833,734.153,594.099,334.153,0.001,46.256,-0.089,46.256,2.98,-4.191,15,0.02,14.98,1.3167,222000,214435.5,-57457.8,-89.6,-210750.6,-4801.8,2.0,-18835.2,-627840.0,190708.9,-268206.4,1,1
42.7,734.925,594.099,334.925,0.001,46.31,0.004,46.31,3.269,5.601,15,0.11,14.89,1.321,222000,214435.5,-57457.8,-410.0,-211898.0,-4812.1,9.3,-0.0,0.0,209213.4,358493.5,0,1
42.7167,735.698,594.1,335.698,-0.0,46.365,0.097,46.365,3.275,5.608,15,-0.0,15.0,1.3152,222000,214435.5,-57457.8,17.6,-211467.4,-4823.5,-0.4,-0.0,0.0,209629.7,358914.3,0,1
42.7333,736.472,594.099,336.472,0.001,46.414,-0.09,46.414,2.979,-4.213,15,0.02,14.98,1.3167,222000,214435.5,-57457.8,-89.1,-212198.6,-4834.8,2.0,-18835.2,-627840.0,190676.4,-269654.4,1,1
42.75,737.246,594.099,337.246,0.001,46.469,0.003,46.469,3.268,5.579,15,0.11,14.89,1.321,222000,214435.5,-57457.8,-412.3,-213353.6,-4845.2,9.4,-0.0,0.0,209178.0,357038.0,0,1
42.7667,738.021,594.1,338.021,-0.0,46.523,0.096,46.523,3.275,5.585,15,-0.0,15.0,1.3153,222000,214435.5,-57457.8,15.1,-212925.3,-4856.6,-0.3,-0.0,0.0,209594.0,357456.6,0,1
42.7833,738.798,594.099,338.798,0.001,46.573,-0.09,46.573,2.979,-4.236,15,0.02,14.98,1.3167,222000,214435.5,-57457.8,-88.5,-213651.3,-4868.0,2.0,-18835.2,-627840.0,190643.8,-271107.1,1,1
42.8,739.575,594.099,339.575,0.001,46.627,0.003,46.627,3.268,5.556,15,0.11,14.89,1.321,222000,214435.5,-57457.8,-414.5,-214813.9,-4878.4,9.4,-0.0,0.0,209142.6,355577.7,0,1
42.8167,740.353,594.1,340.353,-0.0,46.682,0.095,46.682,3.274,5.562,15,-0.0,15.0,1.3153,222000,214435.5,-57457.8,12.5,-214387.8,-4889.8,-0.3,-0.0,0.0,209558.2,355994.0,0,1
42.8333,741.132,594.098,341.132,0.002,46.732,-0.09,46.732,2.978,-4.259,15,0.02,14.98,1.3167,222000,214435.5,-57457.8,-87.9,-215108.7,-4901.3,2.0,-18835.2,-627840.0,190611.1,-272564.5,1,1
42.85,741.911,594.099,341.911,0.001,46.786,0.002,46.786,3.267,5.533,15,0.11,14.89,1.321,222000,214435.5,-57457.8,-416.8,-216279.0,-4911.7,9.5,-0.0,0.0,209107.0,354112.7,0,1
42.8667,742.692,594.1,342.692,-0.0,46.841,0.094,46.841,3.274,5.539,15,-0.0,15.0,1.3153,222000,214435.5,-57457.8,9.9,-215855.2,-4923.1,-0.2,-0.0,0.0,209522.3,354526.7,0,1
42.8833,743.474,594.098,343.474,0.002,46.89,-0.09,46.89,2.978,-4.282,15,0.02,14.98,1.3166,222000,214435.5,-57457.8,-87.4,-216570.7,-4934.6,2.0,-18835.2,-627840.0,190578.3,-274026.6,1,1
42.9,744.256,594.099,344.256,0.001,46.945,0.002,46.945,3.267,5.51,15,0.11,14.89,1.321,222000,214435.5,-57457.8,-419.1,-217748.8,-4945.1,9.5,-0.0,0.0,209071.3,352642.9,0,1
42.9167,745.039,594.1,345.039,-0.0,46.999,0.094,46.999,3.273,5.516,15,-0.0,15.0,1.3154,222000,214435.5,-57457.8,7.3,-217327.3,-4956.6,-0.2,-0.0,0.0,209486.2,353054.7,0,1
42.9333,745.824,594.098,345.824,0.002,47.049,-0.09,47.049,2.977,-4.305,15,0.02,14.98,1.3166,222000,214435.5,-57457.8,-86.8,-218037.5,-4968.1,2.0,-18835.2,-627840.0,190545.4,-275493.4,1,1
42.95,746.609,594.099,346.609,0.001,47.103,0.001,47.103,3.266,5.487,15,0.11,14.89,1.321,222000,214435.5,-57457.8,-421.4,-219223.3,-4978.6,9.6,-0.0,0.0,209035.5,351168.4,0,1
42.9667,747.395,594.1,347.395,-0.0,47.158,0.093,47.158,3.273,5.493,15,-0.0,15.0,1.3154,222000,214435.5,-57457.8,4.7,-218804.3,-4990.1,-0.1,-0.0,0.0,209450.1,351577.8,0,1
42.9833,748.181,594.098,348.181,0.002,47.208,-0.091,47.208,2.977,-4.328,15,0.02,14.98,1.3166,222000,214435.5,-57457.8,-86.2,-219509.0,-5001.7,2.0,-18835.2,-627840.0,190512.5,-276964.8,1,1
43.0,748.969,594.098,348.969,0.002,47.262,0.0,47.262,3.266,5.464,15,0.11,14.89,1.321,222000,214435.5,-57457.8,-423.7,-220702.6,-5012.2,9.6,-0.0,0.0,208999.5,349689.2,0,1
43.0167,749.758,594.1,349.758,-0.0,47.316,0.092,47.317,3.272,5.47,15,-0.0,15.0,1.3155,222000,214435.5,-57457.8,2.0,-220285.9,-5023.8,-0.0,-0.0,0.0,209413.7,350096.2,0,1
43.0333,750.547,594.098,350.547,0.002,47.366,-0.091,47.366,2.976,-4.351,15,0.02,14.98,1.3166,222000,214435.5,-57457.8,-85.6,-220985.1,-5035.4,1.9,-18835.2,-627840.0,190479.4,-278441.0,1,1
43.05,751.337,594.098,351.337,0.002,47.421,-0.0,47.421,3.265,5.441,15,0.11,14.89,1.321,222000,214435.5,-57457.8,-426.1,-222186.5,-5046.0,9.7,-0.0,0.0,208963.5,348205.3,0,1
43.0667,752.129,594.1,352.129,0.0,47.475,0.091,47.475,3.272,5.447,15,0.0,15.0,1.3155,222000,214435.5,-57457.8,-0.7,-221772.4,-5057.6,0.0,-0.0,0.0,209377.3,348609.8,0,1
43.0833,752.921,594.103,352.921,-0.003,47.53,0.182,47.53,3.278,5.453,15,-0.11,15.11,1.31,222000,214435.5,-57457.8,422.6,-221357.4,-5069.2,-9.7,-0.0,0.0,209788.9,349015.1,0,1
43.1,753.714,594.098,353.714,0.002,47.579,-0.109,47.579,2.974,-4.385,15,0.04,14.96,1.3177,222000,214435.5,-57457.8,-170.5,-223163.6,-5080.9,3.9,-18835.2,-627840.0,190349.0,-280617.6,1,1
43.1167,754.508,594.098,354.508,0.002,47.634,-0.019,47.634,3.263,5.407,15,0.13,14.87,1.3221,222000,214435.5,-57457.8,-515.8,-224376.3,-5091.5,11.7,-0.0,0.0,208828.2,346017.6,0,1
43.1333,755.303,594.099,355.303,0.001,47.688,0.071,47.688,3.269,5.413,15,0.02,14.98,1.3166,222000,214435.5,-57457.8,-90.6,-223965.8,-5103.1,2.1,-0.0,0.0,209241.8,346418.5,0,1
43.15,756.098,594.102,356.098,-0.002,47.743,0.161,47.743,3.276,5.419,15,-0.09,15.09,1.3112,222000,214435.5,-57457.8,332.6,-223554.5,-5114.8,-7.6,-0.0,0.0,209653.3,346820.0,0,1
43.1667,756.895,594.098,356.895,0.002,47.792,-0.106,47.792,2.974,-4.415,15,0.04,14.96,1.3174,222000,214435.5,-57457.8,-152.1,-225125.4,-5126.5,3.5,-18835.2,-627840.0,190321.7,-282579.8,1,1
43.1833,757.692,594.098,357.692,0.002,47.847,-0.016,47.847,3.262,5.376,15,0.13,14.87,1.3218,222000,214435.5,-57457.8,-501.3,-226348.6,-5137.2,11.4,-0.0,0.0,208797.1,344044.9,0,1
43.2,758.491,594.099,358.491,0.001,47.901,0.073,47.901,3.269,5.382,15,0.02,14.98,1.3165,222000,214435.5,-57457.8,-76.7,-225941.5,-5148.9,1.7,-0.0,0.0,209210.0,344442.4,0,1
43.2167,759.29,594.102,359.29,-0.002,47.956,0.163,47.956,3.275,5.388,15,-0.09,15.09,1.3111,222000,214435.5,-57457.8,345.8,-225533.6,-5160.6,-7.9,-0.0,0.0,209620.8,344840.7,0,1
43.2333,760.09,594.098,360.09,0.002,48.005,-0.107,48.005,2.973,-4.447,15,0.04,14.96,1.3174,222000,214435.5,-57457.8,-154.7,-227141.4,-5172.4,3.5,-18835.2,-627840.0,190273.3,-284595.7,1,1
43.25,760.891,594.098,360.891,0.002,48.06,-0.018,48.06,3.262,5.344,15,0.13,14.87,1.3219,222000,214435.5,-57457.8,-507.9,-228375.3,-5183.1,11.5,-0.0,0.0,208744.5,342018.4,0,1
43.2667,761.693,594.099,361.693,0.001,48.114,0.071,48.114,3.268,5.35,15,0.02,14.98,1.3165,222000,214435.5,-57457.8,-83.9,-227971.7,-5194.8,1.9,-0.0,0.0,209156.8,342412.4,0,1
43.2833,762.496,594.102,362.496,-0.002,48.169,0.161,48.169,3.274,5.356,15,-0.09,15.09,1.3112,222000,214435.5,-57457.8,338.0,-227567.3,-5206.6,-7.7,-0.0,0.0,209567.0,342807.1,0,1
43.3,763.299,594.098,363.299,0.002,48.218,-0.107,48.218,2.972,-4.478,15,0.04,14.96,1.3174,222000,214435.5,-57457.8,-152.9,-229156.5,-5218.4,3.5,-18835.2,-627840.0,190229.0,-286610.8,1,1
43.3167,764.104,594.098,364.104,0.002,48.273,-0.018,48.273,3.261,5.312,15,0.13,14.87,1.3218,222000,214435.5,-57457.8,-510.3,-230401.2,-5229.2,11.6,-0.0,0.0,208696.1,339992.6,0,1
43.3333,764.909,594.099,364.909,0.001,48.327,0.07,48.327,3.267,5.318,15,0.02,14.98,1.3166,222000,214435.5,-57457.8,-86.9,-230001.1,-5240.9,2.0,-0.0,0.0,209107.6,340383.0,0,1
43.35,765.716,594.102,365.716,-0.002,48.382,0.159,48.382,3.274,5.325,15,-0.08,15.08,1.3113,222000,214435.5,-57457.8,334.4,-229600.3,-5252.8,-7.7,-0.0,0.0,209517.2,340774.2,0,1
43.3667,766.523,594.098,366.523,0.002,48.431,-0.107,48.431,2.972,-4.51,15,0.04,14.96,1.3174,222000,214435.5,-57457.8,-152.1,-231181.8,-5264.6,3.5,-18835.2,-627840.0,190183.6,-288636.2,1,1
43.3833,767.331,594.098,367.331,0.002,48.485,-0.019,48.485,3.26,5.281,15,0.13,14.87,1.3218,222000,214435.5,-57457.8,-513.5,-232437.4,-5275.4,11.7,-0.0,0.0,208646.6,337956.4,0,1
43.4,768.14,594.099,368.14,0.001,48.54,0.069,48.54,3.267,5.287,15,0.02,14.98,1.3166,222000,214435.5,-57457.8,-90.9,-232041.0,-5287.3,2.1,-0.0,0.0,209057.4,338343.2,0,1
43.4167,768.95,594.102,368.95,-0.002,48.594,0.157,48.595,3.273,5.293,15,-0.08,15.08,1.3114,222000,214435.5,-57457.8,329.9,-231643.8,-5299.2,-7.5,-0.0,0.0,209466.3,338730.8,0,1
43.4333,769.761,594.098,369.761,0.002,48.644,-0.107,48.644,2.971,-4.542,15,0.04,14.96,1.3173,222000,214435.5,-57457.8,-151.0,-233215.3,-5311.1,3.4,-18835.2,-627840.0,190138.2,-290669.6,1,1
43.45,770.572,594.098,370.572,0.002,48.698,-0.02,48.698,3.259,5.249,15,0.13,14.87,1.3218,222000,214435.5,-57457.8,-516.6,-234481.8,-5321.9,11.7,-0.0,0.0,208597.1,335912.1,0,1
43.4667,771.385,594.099,371.385,0.001,48.753,0.068,48.753,3.266,5.255,15,0.02,14.98,1.3166,222000,214435.5,-57457.8,-94.6,-234089.0,-5333.8,2.2,-0.0,0.0,209007.1,336295.3,0,1
43.4833,772.198,594.102,372.198,-0.002,48.807,0.156,48.807,3.272,5.261,15,-0.08,15.08,1.3115,222000,214435.5,-57457.8,325.4,-233695.6,-5345.7,-7.4,-0.0,0.0,209415.2,336679.2,0,1
43.5,773.012,594.098,373.012,0.002,48.857,-0.107,48.857,2.97,-4.574,15,0.04,14.96,1.3173,222000,214435.5,-57457.8,-150.0,-235257.1,-5357.7,3.4,-18835.2,-627840.0,190092.7,-292711.5,1,1
43.5167,773.828,594.098,373.828,0.002,48.911,-0.02,48.911,3.259,5.217,15,0.13,14.87,1.3218,222000,214435.5,-57457.8,-519.7,-236534.6,-5368.6,11.8,-0.0,0.0,208547.3,333859.3,0,1
43.5333,774.644,594.099,374.644,0.001,48.965,0.067,48.966,3.265,5.222,15,0.02,14.98,1.3167,222000,214435.5,-57457.8,-98.5,-236145.7,-5380.5,2.2,-0.0,0.0,208956.5,334238.7,0,1
43.55,775.461,594.102,375.461,-0.002,49.02,0.154,49.02,3.271,5.228,15,-0.08,15.08,1.3116,222000,214435.5,-57457.8,320.9,-235756.0,-5392.5,-7.3,-0.0,0.0,209363.9,334618.8,0,1
43.5667,776.279,594.098,376.279,0.002,49.069,-0.108,49.07,2.969,-4.606,15,0.04,14.96,1.3173,222000,214435.5,-57457.8,-148.9,-237307.4,-5404.5,3.4,-18835.2,-627840.0,190046.9,-294761.8,1,1
43.5833,777.097,594.098,377.097,0.002,49.124,-0.021,49.124,3.258,5.184,15,0.13,14.87,1.3218,222000,214435.5,-57457.8,-522.8,-238596.0,-5415.4,11.9,-0.0,0.0,208497.3,331798.1,0,1
43.6,777.917,594.099,377.917,0.001,49.178,0.065,49.178,3.264,5.19,15,0.02,14.98,1.3167,222000,214435.5,-57457.8,-102.4,-238210.9,-5427.4,2.3,-0.0,0.0,208905.8,332173.7,0,1
43.6167,778.737,594.101,378.737,-0.001,49.233,0.152,49.233,3.271,5.196,15,-0.08,15.08,1.3117,222000,214435.5,-57457.8,316.2,-237825.0,-5439.4,-7.2,-0.0,0.0,209312.3,332549.9,0,1
43.6333,779.559,594.098,379.559,0.002,49.282,-0.108,49.282,2.969,-4.638,15,0.04,14.96,1.3172,222000,214435.5,-57457.8,-147.8,-239366.0,-5451.5,3.4,-18835.2,-627840.0,190001.0,-296820.5,1,1
43.65,780.381,594.098,380.381,0.002,49.336,-0.022,49.336,3.257,5.152,15,0.13,14.87,1.3217,222000,214435.5,-57457.8,-525.9,-240665.7,-5462.5,11.9,-0.0,0.0,208447.1,329728.4,0,1
43.6667,781.204,594.099,381.204,0.001,49.391,0.064,49.391,3.263,5.158,15,0.03,14.97,1.3167,222000,214435.5,-57457.8,-106.3,-240284.5,-5474.5,2.4,-0.0,0.0,208854.7,330100.1,0,1
43.6833,782.028,594.101,382.028,-0.001,49.445,0.15,49.446,3.27,5.164,15,-0.07,15.07,1.3118,222000,214435.5,-57457.8,311.5,-239902.7,-5486.6,-7.1,-0.0,0.0,209260.5,330472.4,0,1
43.7,782.853,594.098,382.853,0.002,49.495,-0.108,49.495,2.968,-4.67,15,0.03,14.97,1.3172,222000,214435.5,-57457.8,-146.7,-241433.0,-5498.7,3.3,-18835.2,-627840.0,189955.0,-298887.5,1,1
43.7167,783.679,594.098,383.679,0.002,49.549,-0.023,49.549,3.256,5.12,15,0.12,14.88,1.3217,222000,214435.5,-57457.8,-529.1,-242743.9,-5509.7,12.0,-0.0,0.0,208396.8,327650.2,0,1
43.7333,784.506,594.099,384.506,0.001,49.603,0.063,49.603,3.263,5.125,15,0.03,14.97,1.3168,222000,214435.5,-57457.8,-110.3,-242366.7,-5521.8,2.5,-0.0,0.0,208803.4,328018.0,0,1
43.75,785.333,594.101,385.333,-0.001,49.658,0.148,49.658,3.269,5.131,15,-0.07,15.07,1.3118,222000,214435.5,-57457.8,306.7,-241988.9,-5533.9,-7.0,-0.0,0.0,209208.3,328386.3,0,1
43.7667,786.162,594.098,386.162,0.002,49.707,-0.108,49.707,2.967,-4.703,15,0.03,14.97,1.3172,222000,214435.5,-57457.8,-145.5,-243508.4,-5546.1,3.3,-18835.2,-627840.0,189908.7,-300962.9,1,1
43.7833,786.991,594.098,386.991,0.002,49.762,-0.023,49.762,3.255,5.087,15,0.12,14.88,1.3217,222000,214435.5,-57457.8,-532.2,-244830.6,-5557.1,12.1,-0.0,0.0,208346.2,325563.7,0,1
43.8,787.822,594.099,387.822,0.001,49.816,0.062,49.816,3.262,5.093,15,0.03,14.97,1.3168,222000,214435.5,-57457.8,-114.3,-244457.4,-5569.3,2.6,-0.0,0.0,208751.9,325927.3,0,1
43.8167,788.653,594.101,388.653,-0.001,49.87,0.147,49.871,3.268,5.098,15,-0.07,15.07,1.3119,222000,214435.5,-57457.8,301.8,-244083.6,-5581.4,-6.9,-0.0,0.0,209155.9,326291.6,0,1
43.8333,789.485,594.098,389.485,0.002,49.92,-0.108,49.92,2.967,-4.735,15,0.03,14.97,1.3172,222000,214435.5,-57457.8,-144.4,-245592.1,-5593.7,3.3,-18835.2,-627840.0,189862.3,-303046.6,1,1
43.85,790.318,594.098,390.318,0.002,49.974,-0.024,49.974,3.255,5.054,15,0.12,14.88,1.3217,222000,214435.5,-57457.8,-535.4,-246925.6,-5604.8,12.2,-0.0,0.0,208295.4,323468.7,0,1
43.8667,791.151,594.099,391.151,0.001,50.029,0.06,50.029,3.261,5.06,15,0.03,14.97,1.3169,222000,214435.5,-57457.8,-118.4,-246556.6,-5616.9,2.7,-0.0,0.0,208700.2,323828.2,0,1
43.8833,791.986,594.101,391.986,-0.001,50.083,0.145,50.083,3.267,5.065,15,-0.07,15.07,1.312,222000,214435.5,-57457.8,296.9,-246187.0,-5629.2,-6.8,-0.0,0.0,209103.3,324188.4,0,1
43.9,792.822,594.098,392.822,0.002,50.132,-0.108,50.133,2.966,-4.768,15,0.03,14.97,1.3171,222000,214435.5,-57457.8,-143.2,-247684.1,-5641.4,3.3,-18835.2,-627840.0,189815.7,-305138.7,1,1
43.9167,793.658,594.098,393.658,0.002,50.187,-0.025,50.187,3.254,5.021,15,0.12,14.88,1.3217,222000,214435.5,-57457.8,-538.5,-249029.1,-5652.6,12.2,-0.0,0.0,208244.4,321365.3,0,1
43.9333,794.495,594.099,394.495,0.001,50.241,0.059,50.241,3.26,5.027,15,0.03,14.97,1.3169,222000,214435.5,-57457.8,-122.5,-248664.3,-5664.8,2.8,-0.0,0.0,208648.2,321720.7,0,1
43.95,795.334,594.101,395.334,-0.001,50.295,0.143,50.296,3.266,5.032,15,-0.07,15.07,1.3121,222000,214435.5,-57457.8,291.9,-248298.8,-5677.1,-6.7,-0.0,0.0,209050.3,322076.6,0,1
43.9667,796.173,594.098,396.173,0.002,50.345,-0.109,50.345,2.965,-4.801,15,0.03,14.97,1.3171,222000,214435.5,-57457.8,-142.0,-249784.5,-5689.4,3.2,-18835.2,-627840.0,189769.0,-307239.1,1,1
43.9833,797.013,594.098,397.013,0.002,50.399,-0.025,50.399,3.253,4.988,15,0.12,14.88,1.3217,222000,214435.5,-57457.8,-541.7,-251141.0,-5700.6,12.3,-0.0,0.0,208193.2,319253.5,0,1
44.0,797.854,594.099,397.854,0.001,50.453,0.058,50.453,3.259,4.994,15,0.03,14.97,1.3169,222000,214435.5,-57457.8,-126.7,-250780.5,-5712.9,2.9,-0.0,0.0,208596.0,319604.6,0,1
44.0167,798.695,594.101,398.695,-0.001,50.508,0.141,50.508,3.266,4.999,15,-0.07,15.07,1.3122,222000,214435.5,-57457.8,286.8,-250419.3,-5725.2,-6.6,-0.0,0.0,208997.1,319956.3,0,1
44.0333,799.538,594.098,399.538,0.002,50.557,-0.109,50.557,2.964,-4.834,15,0.03,14.97,1.3171,222000,214435.5,-57457.8,-140.7,-251893.2,-5737.5,3.2,-18835.2,-627840.0,189722.1,-309347.9,1,1
44.05,800.382,594.098,400.382,0.002,50.611,-0.026,50.611,3.252,4.955,15,0.12,14.88,1.3216,222000,214435.5,-57457.8,-544.9,-253261.3,-5748.8,12.4,-0.0,0.0,208141.8,317133.3,0,1
44.0667,801.226,594.099,401.226,0.001,50.666,0.056,50.666,3.258,4.961,15,0.03,14.97,1.317,222000,214435.5,-57457.8,-130.9,-252905.1,-5761.1,3.0,-0.0,0.0,208543.6,317480.1,0,1
44.0833,802.071,594.101,402.071,-0.001,50.72,0.139,50.72,3.265,4.966,15,-0.06,15.06,1.3123,222000,214435.5,-57457.8,281.6,-252548.3,-5773.5,-6.4,-0.0,0.0,208943.6,317827.5,0,1
44.1,802.918,594.098,402.918,0.002,50.77,-0.109,50.77,2.964,-4.867,15,0.03,14.97,1.3171,222000,214435.5,-57457.8,-139.5,-254010.3,-5785.9,3.2,-18835.2,-627840.0,189675.0,-311464.9,1,1
44.1167,803.765,594.098,403.765,0.002,50.824,-0.027,50.824,3.251,4.922,15,0.12,14.88,1.3216,222000,214435.5,-57457.8,-548.1,-255389.9,-5797.2,12.4,-0.0,0.0,208090.3,315004.7,0,1
44.1333,804.613,594.099,404.613,0.001,50.878,0.055,50.878,3.258,4.927,15,0.03,14.97,1.317,222000,214435.5,-57457.8,-135.1,-255038.2,-5809.5,3.1,-0.0,0.0,208490.9,315347.1,0,1
44.15,805.461,594.101,405.461,-0.001,50.932,0.137,50.933,3.264,4.933,15,-0.06,15.06,1.3124,222000,214435.5,-57457.8,276.3,-254685.8,-5822.0,-6.3,-0.0,0.0,208889.9,315690.1,0,1
44.1667,806.311,594.098,406.311,0.002,50.982,-0.109,50.982,2.963,-4.9,15,0.03,14.97,1.317,222000,214435.5,-57457.8,-138.2,-256135.6,-5834.4,3.1,-18835.2,-627840.0,189627.7,-313590.3,1,1
44.1833,807.162,594.098,407.162,0.002,51.036,-0.028,51.036,3.251,4.889,15,0.12,14.88,1.3216,222000,214435.5,-57457.8,-551.3,-257527.0,-5845.7,12.5,-0.0,0.0,208038.5,312867.7,0,1
44.2,808.013,594.099,408.013,0.001,51.09,0.054,51.09,3.257,4.894,15,0.03,14.97,1.317,222000,214435.5,-57457.8,-139.4,-257179.7,-5858.2,3.2,-0.0,0.0,208437.9,313205.7,0,1
44.2167,808.866,594.101,408.866,-0.001,51.145,0.136,51.145,3.263,4.899,15,-0.06,15.06,1.3125,222000,214435.5,-57457.8,270.9,-256831.8,-5870.6,-6.2,-0.0,0.0,208835.8,313544.2,0,1
44.2333,809.719,594.098,409.719,0.002,51.194,-0.109,51.194,2.962,-4.933,15,0.03,14.97,1.317,222000,214435.5,-57457.8,-136.9,-258269.2,-5883.1,3.1,-18835.2,-627840.0,189580.3,-315723.9,1,1
44.25,810.573,594.098,410.573,0.002,51.248,-0.028,51.248,3.25,4.855,15,0.12,14.88,1.3216,222000,214435.5,-57457.8,-554.6,-259672.4,-5894.5,12.6,-0.0,0.0,207986.5,310722.4,0,1
44.2667,811.428,594.099,411.428,0.001,51.302,0.053,51.302,3.256,4.86,15,0.03,14.97,1.3171,222000,214435.5,-57457.8,-143.8,-259329.7,-5907.0,3.3,-0.0,0.0,208384.8,311055.8,0,1
44.2833,812.284,594.101,412.284,-0.001,51.357,0.134,51.357,3.262,4.865,15,-0.06,15.06,1.3125,222000,214435.5,-57457.8,265.5,-258986.4,-5919.5,-6.1,-0.0,0.0,208781.5,311389.7,0,1
44.3,813.141,594.098,413.141,0.002,51.406,-0.11,51.406,2.961,-4.967,15,0.03,14.97,1.317,222000,214435.5,-57457.8,-135.6,-260411.1,-5932.0,3.1,-18835.2,-627840.0,189532.7,-317865.9,1,1
44.3167,813.998,594.098,413.998,0.002,51.46,-0.029,51.46,3.249,4.821,15,0.12,14.88,1.3216,222000,214435.5,-57457.8,-557.8,-261826.1,-5943.5,12.7,-0.0,0.0,207934.3,308568.7,0,1
44.3333,814.857,594.099,414.857,0.001,51.515,0.051,51.515,3.255,4.827,15,0.03,14.97,1.3171,222000,214435.5,-57457.8,-148.2,-261488.1,-5956.0,3.4,-0.0,0.0,208331.4,308897.5,0,1
44.35,815.717,594.101,415.717,-0.001,51.569,0.132,51.569,3.261,4.832,15,-0.06,15.06,1.3126,222000,214435.5,-57457.8,260.0,-261149.4,-5968.5,-5.9,-0.0,0.0,208727.0,309226.8,0,1
44.3667,816.577,594.098,416.577,0.002,51.618,-0.11,51.618,2.961,-5.0,15,0.03,14.97,1.3169,222000,214435.5,-57457.8,-134.2,-262561.3,-5981.1,3.1,-18835.2,-627840.0,189485.0,-320016.1,1,1
44.3833,817.438,594.098,417.438,0.002,51.672,-0.03,51.672,3.248,4.788,15,0.12,14.88,1.3216,222000,214435.5,-57457.8,-561.0,-263988.2,-5992.6,12.7,-0.0,0.0,207881.9,306406.7,0,1
44.4,818.3,594.099,418.3,0.001,51.727,0.05,51.727,3.254,4.793,15,0.03,14.97,1.3171,222000,214435.5,-57457.8,-152.6,-263654.9,-6005.2,3.5,-0.0,0.0,208277.8,306730.8,0,1
44.4167,819.163,594.101,419.163,-0.001,51.781,0.13,51.781,3.261,4.798,15,-0.06,15.06,1.3127,222000,214435.5,-57457.8,254.4,-263321.0,-6017.8,-5.8,-0.0,0.0,208672.1,307055.4,0,1
44.4333,820.027,594.098,420.027,0.002,51.83,-0.11,51.83,2.96,-5.034,15,0.03,14.97,1.3169,222000,214435.5,-57457.8,-132.9,-264719.8,-6030.4,3.0,-18835.2,-627840.0,189437.0,-322174.6,1,1
44.45,820.892,594.098,420.892,0.002,51.884,-0.031,51.884,3.247,4.754,15,0.12,14.88,1.3216,222000,214435.5,-57457.8,-564.3,-266158.7,-6041.9,12.8,-0.0,0.0,207829.3,304236.3,0,1
44.4667,821.757,594.098,421.757,0.002,51.939,0.049,51.939,3.253,4.759,15,0.03,14.97,1.3172,222000,214435.5,-57457.8,-157.1,-265830.1,-6054.6,3.6,-0.0,0.0,208223.9,304555.6,0,1
44.4833,822.624,594.101,422.624,-0.001,51.993,0.128,51.993,3.26,4.764,15,-0.05,15.05,1.3128,222000,214435.5,-57457.8,248.7,-265501.1,-6067.2,-5.7,-0.0,0.0,208617.0,304875.4,0,1
44.5,823.491,594.098,423.491,0.002,52.042,-0.11,52.042,2.959,-5.068,15,0.03,14.97,1.3169,222000,214435.5,-57457.8,-131.5,-266886.5,-6079.9,3.0,-18835.2,-627840.0,189389.0,-324341.4,1,1
44.5167,824.36,594.098,424.36,0.002,52.096,-0.031,52.096,3.247,4.72,15,0.12,14.88,1.3215,222000,214435.5,-57457.8,-567.6,-268337.5,-6091.5,12.9,-0.0,0.0,207776.5,302057.6,0,1
44.5333,825.229,594.098,425.229,0.002,52.151,0.047,52.151,3.253,4.725,15,0.03,14.97,1.3172,222000,214435.5,-57457.8,-161.6,-268013.8,-6104.1,3.7,-0.0,0.0,208169.8,302372.1,0,1
44.55,826.099,594.101,426.099,-0.001,52.205,0.126,52.205,3.259,4.729,15,-0.05,15.05,1.3129,222000,214435.5,-57457.8,242.9,-267689.6,-6116.8,-5.6,-0.0,0.0,208561.6,302687.0,0,1
44.5667,826.97,594.098,426.97,0.002,52.254,-0.11,52.254,2.958,-5.102,15,0.03,14.97,1.3169,222000,214435.5,-57457.8,-130.0,-269061.5,-6129.6,3.0,-18835.2,-627840.0,189340.7,-326516.4,1,1
44.5833,827.842,594.098,427.842,0.002,52.308,-0.032,52.308,3.246,4.685,15,0.12,14.88,1.3215,222000,214435.5,-57457.8,-570.8,-270524.6,-6141.2,13.0,-0.0,0.0,207723.5,299870.6,0,1
44.6,828.714,594.098,428.714,0.002,52.363,0.046,52.363,3.252,4.69,15,0.04,14.96,1.3172,222000,214435.5,-57457.8,-166.2,-270205.8,-6153.9,3.8,-0.0,0.0,208115.5,300180.1,0,1
44.6167,829.588,594.1,429.588,-0.0,52.417,0.124,52.417,3.258,4.695,15,-0.05,15.05,1.313,222000,214435.5,-57457.8,237.1,-269886.6,-6166.7,-5.4,-0.0,0.0,208506.0,300490.2,0,1
44.6333,830.462,594.098,430.462,0.002,52.466,-0.11,52.466,2.958,-5.136,15,0.03,14.97,1.3168,222000,214435.5,-57457.8,-128.6,-271244.7,-6179.5,2.9,-18835.2,-627840.0,189292.3,-328699.6,1,1
44.65,831.338,594.098,431.338,0.002,52.52,-0.033,52.52,3.245,4.651,15,0.12,14.88,1.3215,222000,214435.5,-57457.8,-574.1,-272720.0,-6191.1,13.0,-0.0,0.0,207670.3,297675.2,0,1
44.6667,832.214,594.098,432.214,0.002,52.574,0.045,52.574,3.251,4.656,15,0.04,14.96,1.3173,222000,214435.5,-57457.8,-170.8,-272406.3,-6203.9,3.9,-0.0,0.0,208060.9,297979.8,0,1
44.6833,833.091,594.1,433.091,-0.0,52.629,0.122,52.629,3.257,4.661,15,-0.05,15.05,1.313,222000,214435.5,-57457.8,231.2,-272092.1,-6216.7,-5.3,-0.0,0.0,208450.0,298284.8,0,1
44.7,833.969,594.098,433.969,0.002,52.678,-0.111,52.678,2.957,-5.17,15,0.03,14.97,1.3168,222000,214435.5,-57457.8,-127.1,-273436.2,-6229.5,2.9,-18835.2,-627840.0,189243.7,-330891.1,1,1
44.7167,834.848,594.098,434.848,0.002,52.732,-0.034,52.732,3.244,4.617,15,0.12,14.88,1.3215,222000,214435.5,-57457.8,-577.4,-274923.7,-6241.2,13.1,-0.0,0.0,207616.9,295471.6,0,1
44.7333,835.728,594.098,435.728,0.002,52.786,0.043,52.786,3.25,4.621,15,0.04,14.96,1.3173,222000,214435.5,-57457.8,-175.5,-274615.1,-6254.0,4.0,-0.0,0.0,208006.1,295771.1,0,1
44.75,836.608,594.1,436.608,-0.0,52.84,0.12,52.841,3.256,4.626,15,-0.05,15.05,1.3131,222000,214435.5,-57457.8,225.2,-274306.0,-6266.9,-5.1,-0.0,0.0,208393.9,296071.1,0,1
44.7667,837.49,594.098,437.49,0.002,52.89,-0.111,52.89,2.956,-5.205,15,0.03,14.97,1.3168,222000,214435.5,-57457.8,-125.6,-275635.8,-6279.7,2.9,-18835.2,-627840.0,189194.9,-333090.8,1,1
44.7833,838.372,594.098,438.372,0.002,52.944,-0.034,52.944,3.243,4.582,15,0.12,14.88,1.3215,222000,214435.5,-57457.8,-580.7,-277135.7,-6291.5,13.2,-0.0,0.0,207563.3,293259.6,0,1
44.8,839.255,594.098,439.255,0.002,52.998,0.042,52.998,3.249,4.587,15,0.04,14.96,1.3173,222000,214435.5,-57457.8,-180.2,-276832.3,-6304.3,4.1,-0.0,0.0,207951.0,293554.0,0,1
44.8167,840.14,594.1,440.14,-0.0,53.052,0.119,53.052,3.255,4.591,15,-0.05,15.05,1.3132,222000,214435.5,-57457.8,219.1,-276528.3,-6317.2,-5.0,-0.0,0.0,208337.4,293848.8,0,1
44.8333,841.025,594.098,441.025,0.002,53.101,-0.111,53.102,2.955,-5.239,15,0.03,14.97,1.3168,222000,214435.5,-57457.8,-124.1,-277843.7,-6330.2,2.8,-18835.2,-627840.0,189146.0,-335298.7,1,1
44.85,841.911,594.098,441.911,0.002,53.155,-0.035,53.155,3.242,4.547,15,0.12,14.88,1.3215,222000,214435.5,-57457.8,-584.1,-279356.0,-6341.9,13.3,-0.0,0.0,207509.5,291039.4,0,1
44.8667,842.797,594.098,442.797,0.002,53.21,0.041,53.21,3.248,4.552,15,0.04,14.96,1.3174,222000,214435.5,-57457.8,-184.9,-279057.8,-6354.8,4.2,-0.0,0.0,207895.7,291328.6,0,1
44.8833,843.685,594.1,443.685,-0.0,53.264,0.117,53.264,3.254,4.557,15,-0.04,15.04,1.3133,222000,214435.5,-57457.8,212.9,-278759.2,-6367.8,-4.9,-0.0,0.0,208280.6,291618.2,0,1
44.9,844.574,594.098,444.574,0.002,53.313,-0.111,53.313,2.955,-5.274,15,0.03,14.97,1.3167,222000,214435.5,-57457.8,-122.6,-280059.8,-6380.8,2.8,-18835.2,-627840.0,189097.0,-337514.8,1,1
44.9167,845.463,594.098,445.463,0.002,53.367,-0.036,53.367,3.241,4.513,15,0.12,14.88,1.3215,222000,214435.5,-57457.8,-587.4,-281584.6,-6392.6,13.3,-0.0,0.0,207455.6,288810.9,0,1
44.9333,846.354,594.098,446.354,0.002,53.421,0.039,53.421,3.248,4.517,15,0.04,14.96,1.3174,222000,214435.5,-57457.8,-189.7,-281291.7,-6405.5,4.3,-0.0,0.0,207840.2,289094.8,0,1
44.95,847.245,594.1,447.245,-0.0,53.475,0.115,53.476,3.253,4.522,15,-0.04,15.04,1.3134,222000,214435.5,-57457.8,206.6,-280998.4,-6418.5,-4.7,-0.0,0.0,208223.6,289379.1,0,1
44.9667,848.137,594.098,448.137,0.002,53.525,-0.111,53.525,2.954,-5.308,15,0.02,14.98,1.3167,222000,214435.5,-57457.8,-121.0,-282284.1,-6431.6,2.8,-18835.2,-627840.0,189047.7,-339739.1,1,1
44.9833,849.03,594.098,449.03,0.002,53.579,-0.037,53.579,3.241,4.478,15,0.12,14.88,1.3214,222000,214435.5,-57457.8,-590.7,-283821.5,-6443.4,13.4,-0.0,0.0,207401.4,286574.1,0,1
45.0,849.924,594.098,449.924,0.002,53.633,0.038,53.633,3.247,4.482,15,0.04,14.96,1.3174,222000,214435.5,-57457.8,-194.6,-283534.0,-6456.4,4.4,-0.0,0.0,207784.5,286852.6,0,1
45.0167,850.819,594.1,450.819,-0.0,53.687,0.113,53.687,3.253,4.486,15,-0.04,15.04,1.3135,222000,214435.5,-57457.8,200.3,-283246.0,-6469.5,-4.6,-0.0,0.0,208166.3,287131.6,0,1
45.0333,851.714,594.098,451.714,0.002,53.736,-0.112,53.736,2.953,-5.343,15,0.02,14.98,1.3167,222000,214435.5,-57457.8,-119.5,-284516.5,-6482.6,2.7,-18835.2,-627840.0,188998.3,-341971.6,1,1
45.05,852.611,594.098,452.611,0.002,53.79,-0.038,53.79,3.24,4.443,15,0.12,14.88,1.3214,222000,214435.5,-57457.8,-594.1,-286066.6,-6494.5,13.5,-0.0,0.0,207347.0,284329.1,0,1
45.0667,853.508,594.098,453.508,0.002,53.844,0.037,53.844,3.246,4.447,15,0.04,14.96,1.3175,222000,214435.5,-57457.8,-199.5,-285784.5,-6507.5,4.5,-0.0,0.0,207728.5,284602.2,0,1
45.0833,854.406,594.1,454.406,0.0,53.899,0.111,53.899,3.252,4.451,15,-0.04,15.04,1.3135,222000,214435.5,-57457.8,193.9,-285502.1,-6520.6,-4.4,-0.0,0.0,208108.8,284875.6,0,1
45.1,855.306,594.103,455.306,-0.003,53.953,0.185,53.953,3.258,4.455,15,-0.12,15.12,1.3096,222000,214435.5,-57457.8,586.1,-285219.3,-6533.8,-13.4,-0.0,0.0,208487.8,285149.4,0,1
45.1167,856.206,594.098,456.206,0.002,54.002,-0.127,54.002,2.951,-5.39,15,0.04,14.96,1.3174,222000,214435.5,-57457.8,-197.2,-287507.1,-6546.9,4.5,-18835.2,-627840.0,188856.2,-344960.4,1,1
45.1333,857.107,594.097,457.107,0.003,54.056,-0.054,54.056,3.237,4.396,15,0.13,14.87,1.3222,222000,214435.5,-57457.8,-678.9,-289073.7,-6558.9,15.4,-0.0,0.0,207197.7,281323.9,0,1
45.15,858.008,594.097,458.008,0.003,54.11,0.02,54.11,3.243,4.4,15,0.06,14.94,1.3183,222000,214435.5,-57457.8,-286.2,-288799.0,-6572.0,6.5,-0.0,0.0,207577.3,281589.7,0,1
45.1667,858.911,594.099,458.911,0.001,54.164,0.093,54.164,3.249,4.404,15,-0.02,15.02,1.3144,222000,214435.5,-57457.8,105.3,-288523.9,-6585.1,-2.4,-0.0,0.0,207955.8,281855.8,0,1
45.1833,859.815,594.102,459.815,-0.002,54.218,0.167,54.219,3.255,4.408,15,-0.1,15.1,1.3106,222000,214435.5,-57457.8,495.8,-288248.5,-6598.3,-11.3,-0.0,0.0,208333.0,282122.3,0,1
45.2,860.719,594.098,460.719,0.002,54.268,-0.124,54.268,2.95,-5.434,15,0.04,14.96,1.3172,222000,214435.5,-57457.8,-178.4,-290299.8,-6611.5,4.1,-18835.2,-627840.0,188810.4,-347753.6,1,1
45.2167,861.625,594.097,461.625,0.003,54.322,-0.051,54.322,3.237,4.352,15,0.13,14.87,1.322,222000,214435.5,-57457.8,-666.3,-291882.5,-6623.6,15.1,-0.0,0.0,207145.6,278514.8,0,1
45.2333,862.531,594.097,462.531,0.003,54.376,0.021,54.376,3.243,4.356,15,0.05,14.95,1.3182,222000,214435.5,-57457.8,-275.7,-291614.8,-6636.7,6.3,-0.0,0.0,207523.1,278773.7,0,1
45.25,863.438,594.099,463.438,0.001,54.43,0.094,54.43,3.248,4.36,15,-0.02,15.02,1.3144,222000,214435.5,-57457.8,113.8,-291346.8,-6649.9,-2.6,-0.0,0.0,207899.4,279032.8,0,1
45.2667,864.346,594.102,464.346,-0.002,54.484,0.167,54.484,3.254,4.364,15,-0.1,15.1,1.3105,222000,214435.5,-57457.8,502.2,-291078.4,-6663.2,-11.5,-0.0,0.0,208274.5,279292.2,0,1
45.2833,865.255,594.098,465.255,0.002,54.533,-0.125,54.533,2.949,-5.478,15,0.04,14.96,1.3172,222000,214435.5,-57457.8,-179.3,-293148.4,-6676.5,4.1,-18835.2,-627840.0,188744.6,-350602.1,1,1
45.3,866.165,594.097,466.165,0.003,54.587,-0.053,54.587,3.236,4.307,15,0.13,14.87,1.322,222000,214435.5,-57457.8,-673.6,-294747.3,-6688.5,15.3,-0.0,0.0,207073.4,275650.2,0,1
45.3167,867.075,594.097,467.075,0.003,54.641,0.019,54.641,3.241,4.311,15,0.06,14.94,1.3183,222000,214435.5,-57457.8,-285.1,-294486.8,-6701.7,6.5,-0.0,0.0,207448.7,275901.8,0,1
45.3333,867.987,594.099,467.987,0.001,54.695,0.091,54.695,3.247,4.315,15,-0.02,15.02,1.3145,222000,214435.5,-57457.8,102.3,-294226.1,-6715.0,-2.3,-0.0,0.0,207822.8,276153.8,0,1
45.35,868.899,594.102,468.899,-0.002,54.749,0.163,54.75,3.253,4.319,15,-0.1,15.1,1.3107,222000,214435.5,-57457.8,488.6,-293965.0,-6728.3,-11.2,-0.0,0.0,208195.8,276406.0,0,1
45.3667,869.813,594.098,469.813,0.002,54.799,-0.125,54.799,2.948,-5.523,15,0.03,14.97,1.3172,222000,214435.5,-57457.8,-176.1,-296001.0,-6741.7,4.0,-18835.2,-627840.0,188682.5,-353454.8,1,1
45.3833,870.727,594.097,470.727,0.003,54.852,-0.054,54.852,3.234,4.262,15,0.13,14.87,1.322,222000,214435.5,-57457.8,-676.9,-297616.2,-6753.8,15.4,-0.0,0.0,207004.9,272781.3,0,1
45.4,871.642,594.097,471.642,0.003,54.906,0.018,54.906,3.24,4.266,15,0.06,14.94,1.3183,222000,214435.5,-57457.8,-290.5,-297363.1,-6767.1,6.6,-0.0,0.0,207377.9,273025.7,0,1
45.4167,872.558,594.099,472.558,0.001,54.961,0.089,54.961,3.246,4.27,15,-0.02,15.02,1.3146,222000,214435.5,-57457.8,94.8,-297109.7,-6780.4,-2.2,-0.0,0.0,207749.9,273270.3,0,1
45.4333,873.475,594.101,473.475,-0.001,55.015,0.16,55.015,3.252,4.274,15,-0.09,15.09,1.3109,222000,214435.5,-57457.8,479.0,-296856.1,-6793.8,-11.0,-0.0,0.0,208120.7,273515.1,0,1
45.45,874.393,594.098,474.393,0.002,55.064,-0.125,55.064,2.947,-5.568,15,0.03,14.97,1.3171,222000,214435.5,-57457.8,-173.7,-298868.2,-6807.2,4.0,-18835.2,-627840.0,188619.4,-356322.1,1,1
45.4667,875.311,594.097,475.311,0.003,55.118,-0.054,55.118,3.233,4.217,15,0.13,14.87,1.322,222000,214435.5,-57457.8,-680.9,-300499.9,-6819.4,15.5,-0.0,0.0,206935.3,269897.7,0,1
45.4833,876.231,594.097,476.231,0.003,55.172,0.016,55.172,3.239,4.221,15,0.06,14.94,1.3183,222000,214435.5,-57457.8,-296.8,-300254.3,-6832.7,6.8,-0.0,0.0,207306.0,270134.7,0,1
45.5,877.151,594.099,477.151,0.001,55.226,0.086,55.226,3.245,4.225,15,-0.02,15.02,1.3147,222000,214435.5,-57457.8,86.2,-300008.4,-6846.1,-2.0,-0.0,0.0,207675.7,270371.8,0,1
45.5167,878.073,594.101,478.073,-0.001,55.28,0.157,55.28,3.251,4.228,15,-0.09,15.09,1.311,222000,214435.5,-57457.8,468.3,-299762.2,-6859.5,-10.7,-0.0,0.0,208044.3,270609.2,0,1
45.5333,878.995,594.098,478.995,0.002,55.329,-0.125,55.329,2.946,-5.613,15,0.03,14.97,1.3171,222000,214435.5,-57457.8,-171.1,-301747.8,-6873.0,3.9,-18835.2,-627840.0,188556.2,-359201.7,1,1
45.55,879.918,594.097,479.918,0.003,55.383,-0.055,55.383,3.232,4.172,15,0.13,14.87,1.3219,222000,214435.5,-57457.8,-684.8,-303396.1,-6885.2,15.5,-0.0,0.0,206865.5,267001.6,0,1
45.5667,880.842,594.097,480.842,0.003,55.437,0.014,55.437,3.238,4.175,15,0.06,14.94,1.3183,222000,214435.5,-57457.8,-303.0,-303158.0,-6898.6,6.9,-0.0,0.0,207233.9,267231.0,0,1
45.5833,881.767,594.099,481.767,0.001,55.491,0.084,55.491,3.244,4.179,15,-0.01,15.01,1.3147,222000,214435.5,-57457.8,77.8,-302919.8,-6912.1,-1.8,-0.0,0.0,207601.2,267460.6,0,1
45.6,882.692,594.101,482.692,-0.001,55.545,0.154,55.545,3.249,4.183,15,-0.09,15.09,1.3111,222000,214435.5,-57457.8,457.6,-302681.3,-6925.6,-10.5,-0.0,0.0,207967.5,267690.4,0,1
45.6167,883.619,594.098,483.619,0.002,55.594,-0.125,55.594,2.945,-5.658,15,0.03,14.97,1.3171,222000,214435.5,-57457.8,-168.5,-304640.2,-6939.1,3.8,-18835.2,-627840.0,188492.8,-362094.2,1,1
45.6333,884.546,594.097,484.546,0.003,55.648,-0.056,55.648,3.231,4.126,15,0.13,14.87,1.3219,222000,214435.5,-57457.8,-688.8,-306305.2,-6951.4,15.6,-0.0,0.0,206795.4,264092.6,0,1
45.65,885.475,594.097,485.475,0.003,55.702,0.013,55.702,3.237,4.13,15,0.06,14.94,1.3184,222000,214435.5,-57457.8,-309.3,-306074.9,-6964.8,7.0,-0.0,0.0,207161.4,264314.3,0,1
45.6667,886.404,594.099,486.404,0.001,55.756,0.081,55.756,3.243,4.133,15,-0.01,15.01,1.3148,222000,214435.5,-57457.8,69.1,-305844.4,-6978.3,-1.6,-0.0,0.0,207526.3,264536.2,0,1
45.6833,887.334,594.101,487.334,-0.001,55.81,0.15,55.81,3.248,4.137,15,-0.08,15.08,1.3113,222000,214435.5,-57457.8,446.6,-305613.7,-6991.9,-10.2,-0.0,0.0,207890.3,264758.3,0,1
45.7,888.265,594.098,488.265,0.002,55.859,-0.125,55.859,2.944,-5.703,15,0.03,14.97,1.317,222000,214435.5,-57457.8,-165.8,-307545.4,-7005.5,3.8,-18835.2,-627840.0,188429.1,-364999.5,1,1
45.7167,889.197,594.097,489.197,0.003,55.913,-0.057,55.913,3.23,4.081,15,0.13,14.87,1.3219,222000,214435.5,-57457.8,-692.7,-309227.2,-7017.8,15.7,-0.0,0.0,206725.0,261170.7,0,1
45.7333,890.13,594.097,490.13,0.003,55.967,0.011,55.967,3.236,4.084,15,0.06,14.94,1.3184,222000,214435.5,-57457.8,-315.7,-309004.7,-7031.3,7.2,-0.0,0.0,207088.5,261384.6,0,1
45.75,891.064,594.098,491.064,0.002,56.021,0.079,56.021,3.241,4.087,15,-0.01,15.01,1.3149,222000,214435.5,-57457.8,60.4,-308782.1,-7044.9,-1.4,-0.0,0.0,207451.0,261598.7,0,1
45.7667,891.998,594.101,491.998,-0.001,56.075,0.147,56.075,3.247,4.091,15,-0.08,15.08,1.3114,222000,214435.5,-57457.8,435.5,-308559.2,-7058.5,-10.0,-0.0,0.0,207812.5,261813.0,0,1
45.7833,892.934,594.098,492.934,0.002,56.124,-0.125,56.124,2.943,-5.749,15,0.03,14.97,1.317,222000,214435.5,-57457.8,-163.1,-310463.3,-7072.1,3.7,-18835.2,-627840.0,188365.1,-367917.4,1,1
45.8,893.87,594.097,493.87,0.003,56.178,-0.058,56.178,3.229,4.035,15,0.13,14.87,1.3219,222000,214435.5,-57457.8,-696.7,-312162.0,-7084.5,15.8,-0.0,0.0,206654.3,258236.0,0,1
45.8167,894.807,594.097,494.807,0.003,56.232,0.009,56.232,3.235,4.038,15,0.06,14.94,1.3184,222000,214435.5,-57457.8,-322.1,-311947.5,-7098.1,7.3,-0.0,0.0,207015.3,258442.0,0,1
45.8333,895.745,594.098,495.745,0.002,56.286,0.077,56.286,3.24,4.041,15,-0.01,15.01,1.315,222000,214435.5,-57457.8,51.5,-311732.9,-7111.7,-1.2,-0.0,0.0,207375.3,258648.1,0,1
45.85,896.684,594.101,496.684,-0.001,56.34,0.144,56.34,3.246,4.045,15,-0.08,15.08,1.3116,222000,214435.5,-57457.8,424.2,-311518.0,-7125.4,-9.7,-0.0,0.0,207734.3,258854.4,0,1
45.8667,897.624,594.098,497.624,0.002,56.389,-0.125,56.389,2.942,-5.795,15,0.03,14.97,1.3169,222000,214435.5,-57457.8,-160.3,-313393.9,-7139.1,3.7,-18835.2,-627840.0,188301.0,-370848.0,1,1
45.8833,898.565,594.097,498.565,0.003,56.443,-0.059,56.443,3.228,3.989,15,0.13,14.87,1.3219,222000,214435.5,-57457.8,-700.7,-315109.7,-7151.6,15.9,-0.0,0.0,206583.3,255288.4,0,1
45.9,899.506,594.097,499.506,0.003,56.497,0.008,56.497,3.233,3.992,15,0.06,14.94,1.3185,222000,214435.5,-57457.8,-328.6,-314903.2,-7165.2,7.5,-0.0,0.0,206941.7,255486.4,0,1
45.9167,900.449,594.098,500.449,0.002,56.551,0.074,56.551,3.239,3.995,15,-0.01,15.01,1.3151,222000,214435.5,-57457.8,42.5,-314696.7,-7178.9,-1.0,-0.0,0.0,207299.1,255684.5,0,1
45.9333,901.392,594.101,501.392,-0.001,56.605,0.141,56.605,3.245,3.998,15,-0.08,15.08,1.3117,222000,214435.5,-57457.8,412.7,-314490.0,-7192.6,-9.4,-0.0,0.0,207655.6,255882.7,0,1
45.95,902.337,594.098,502.337,0.002,56.654,-0.126,56.654,2.941,-5.84,15,0.03,14.97,1.3169,222000,214435.5,-57457.8,-157.4,-316337.1,-7206.4,3.6,-18835.2,-627840.0,188236.5,-373791.3,1,1
45.9667,903.282,594.097,503.282,0.003,56.708,-0.06,56.708,3.227,3.943,15,0.13,14.87,1.3218,222000,214435.5,-57457.8,-704.7,-318070.1,-7218.9,16.0,-0.0,0.0,206512.0,252328.1,0,1
45.9833,904.228,594.097,504.228,0.003,56.762,0.006,56.762,3.232,3.946,15,0.06,14.94,1.3185,222000,214435.5,-57457.8,-335.2,-317871.9,-7232.6,7.6,-0.0,0.0,206867.7,252517.9,0,1
46.0,905.175,594.098,505.175,0.002,56.816,0.072,56.816,3.238,3.949,15,-0.01,15.01,1.3152,222000,214435.5,-57457.8,33.4,-317673.6,-7246.3,-0.8,-0.0,0.0,207222.6,252707.8,0,1
46.0167,906.122,594.101,506.122,-0.001,56.87,0.138,56.87,3.243,3.952,15,-0.07,15.07,1.3119,222000,214435.5,-57457.8,401.0,-317475.2,-7260.1,-9.2,-0.0,0.0,207576.5,252897.8,0,1
46.0333,907.071,594.098,507.071,0.002,56.919,-0.126,56.919,2.94,-5.887,15,0.03,14.97,1.3169,222000,214435.5,-57457.8,-154.5,-319293.0,-7273.9,3.5,-18835.2,-627840.0,188171.9,-376747.3,1,1
46.05,908.021,594.097,508.021,0.003,56.972,-0.061,56.972,3.226,3.896,15,0.13,14.87,1.3218,222000,214435.5,-57457.8,-708.6,-321043.3,-7286.5,16.1,-0.0,0.0,206440.4,249354.9,0,1
46.0667,908.971,594.097,508.971,0.003,57.026,0.004,57.026,3.231,3.899,15,0.06,14.94,1.3185,222000,214435.5,-57457.8,-341.8,-320853.4,-7300.2,7.8,-0.0,0.0,206793.4,249536.5,0,1
46.0833,909.922,594.098,509.922,0.002,57.08,0.069,57.08,3.237,3.902,15,-0.0,15.0,1.3153,222000,214435.5,-57457.8,24.1,-320663.5,-7314.0,-0.5,-0.0,0.0,207145.6,249718.1,0,1
46.1,910.875,594.1,510.875,-0.0,57.134,0.134,57.134,3.242,3.905,15,-0.07,15.07,1.312,222000,214435.5,-57457.8,389.2,-320473.5,-7327.9,-8.9,-0.0,0.0,207496.8,249899.8,0,1
46.1167,911.828,594.098,511.828,0.002,57.183,-0.126,57.183,2.939,-5.933,15,0.03,14.97,1.3168,222000,214435.5,-57457.8,-151.6,-322261.5,-7341.8,3.5,-18835.2,-627840.0,188107.0,-379715.9,1,1
46.1333,912.782,594.097,512.782,0.003,57.237,-0.062,57.237,3.225,3.85,15,0.13,14.87,1.3218,222000,214435.5,-57457.8,-712.6,-324029.3,-7354.4,16.2,-0.0,0.0,206368.5,246369.1,0,1
46.15,913.736,594.097,513.736,0.003,57.291,0.003,57.291,3.23,3.852,15,0.06,14.94,1.3186,222000,214435.5,-57457.8,-348.6,-323847.9,-7368.2,7.9,-0.0,0.0,206718.8,246542.2,0,1
46.1667,914.692,594.098,514.692,0.002,57.345,0.067,57.345,3.235,3.855,15,-0.0,15.0,1.3154,222000,214435.5,-57457.8,14.7,-323666.4,-7382.1,-0.3,-0.0,0.0,207068.2,246715.4,0,1
46.1833,915.649,594.1,515.649,-0.0,57.399,0.131,57.399,3.241,3.858,15,-0.07,15.07,1.3121,222000,214435.5,-57457.8,377.1,-323485.0,-7396.0,-8.6,-0.0,0.0,207416.7,246888.6,0,1
46.2,916.606,594.098,516.606,0.002,57.448,-0.126,57.448,2.938,-5.98,15,0.03,14.97,1.3168,222000,214435.5,-57457.8,-148.6,-325242.7,-7409.9,3.4,-18835.2,-627840.0,188041.8,-382697.1,1,1
46.2167,917.565,594.097,517.565,0.003,57.501,-0.063,57.501,3.223,3.803,15,0.13,14.87,1.3218,222000,214435.5,-57457.8,-716.6,-327028.0,-7422.6,16.3,-0.0,0.0,206296.3,243370.5,0,1
46.2333,918.524,594.097,518.524,0.003,57.555,0.001,57.555,3.229,3.805,15,0.06,14.94,1.3186,222000,214435.5,-57457.8,-355.3,-326855.2,-7436.4,8.1,-0.0,0.0,206643.8,243535.1,0,1
46.25,919.484,594.098,519.484,0.002,57.609,0.064,57.609,3.234,3.808,15,-0.0,15.0,1.3154,222000,214435.5,-57457.8,5.2,-326682.4,-7450.4,-0.1,-0.0,0.0,206990.3,243699.7,0,1
46.2667,920.445,594.1,520.445,-0.0,57.663,0.128,57.663,3.24,3.81,15,-0.06,15.06,1.3123,222000,214435.5,-57457.8,364.8,-326509.6,-7464.3,-8.3,-0.0,0.0,207336.0,243864.3,0,1
46.2833,921.407,594.098,521.407,0.002,57.712,-0.126,57.712,2.937,-6.026,15,0.03,14.97,1.3168,222000,214435.5,-57457.8,-145.6,-328236.4,-7478.3,3.3,-18835.2,-627840.0,187976.4,-385690.9,1,1
46.3,922.37,594.097,522.37,0.003,57.766,-0.063,57.766,3.222,3.756,15,0.13,14.87,1.3217,222000,214435.5,-57457.8,-720.7,-330039.4,-7491.0,16.4,-0.0,0.0,206223.8,240359.1,0,1
46.3167,923.333,594.097,523.333,0.003,57.82,-0.001,57.82,3.228,3.758,15,0.06,14.94,1.3186,222000,214435.5,-57457.8,-362.2,-329875.3,-7505.0,8.2,-0.0,0.0,206568.4,240515.1,0,1
46.3333,924.298,594.098,524.298,0.002,57.873,0.062,57.873,3.233,3.76,15,0.0,15.0,1.3155,222000,214435.5,-57457.8,-4.5,-329711.3,-7519.0,0.1,-0.0,0.0,206912.1,240671.0,0,1
46.35,925.263,594.1,525.263,0.0,57.927,0.125,57.928,3.238,3.763,15,-0.06,15.06,1.3124,222000,214435.5,-57457.8,352.4,-329547.2,-7533.0,-8.1,-0.0,0.0,207254.9,240826.9,0,1
46.3667,926.23,594.103,526.23,-0.003,57.981,0.187,57.982,3.244,3.765,15,-0.12,15.12,1.3093,222000,214435.5,-57457.8,708.5,-329383.2,-7547.1,-16.2,-0.0,0.0,207597.0,240982.7,0,1
46.3833,927.197,594.098,527.197,0.002,58.03,-0.139,58.031,2.935,-6.085,15,0.04,14.96,1.3173,222000,214435.5,-57457.8,-214.6,-332017.3,-7561.1,4.9,-18835.2,-627840.0,187824.6,-389470.3,1,1
46.4,928.165,594.096,528.165,0.004,58.084,-0.077,58.084,3.22,3.696,15,0.14,14.86,1.3223,222000,214435.5,-57457.8,-799.1,-333842.3,-7573.9,18.1,-0.0,0.0,206062.6,236558.0,0,1
46.4167,929.134,594.096,529.134,0.004,58.138,-0.016,58.138,3.225,3.698,15,0.08,14.92,1.3193,222000,214435.5,-57457.8,-444.0,-333689.3,-7587.9,10.1,-0.0,0.0,206403.6,236703.0,0,1
46.4333,930.104,594.097,530.104,0.003,58.192,0.046,58.192,3.23,3.701,15,0.02,14.98,1.3163,222000,214435.5,-57457.8,-89.8,-333536.3,-7602.0,2.0,-0.0,0.0,206743.8,236847.9,0,1
46.45,931.075,594.099,531.075,0.001,58.246,0.108,58.246,3.236,3.703,15,-0.05,15.05,1.3132,222000,214435.5,-57457.8,263.7,-333383.4,-7616.0,-6.0,-0.0,0.0,207083.2,236992.8,0,1
46.4667,932.046,594.102,532.046,-0.002,58.3,0.169,58.3,3.241,3.705,15,-0.11,15.11,1.3102,222000,214435.5,-57457.8,616.4,-333230.5,-7630.2,-14.1,-0.0,0.0,207421.8,237137.5,0,1
46.4833,933.019,594.098,533.019,0.002,58.348,-0.136,58.349,2.934,-6.142,15,0.03,14.97,1.3171,222000,214435.5,-57457.8,-195.2,-335623.2,-7644.3,4.4,-18835.2,-627840.0,187760.8,-393076.6,1,1
46.5,933.992,594.096,533.992,0.004,58.402,-0.076,58.402,3.219,3.64,15,0.13,14.87,1.3222,222000,214435.5,-57457.8,-788.1,-337469.7,-7657.2,17.9,-0.0,0.0,205990.3,232930.4,0,1
46.5167,934.966,594.096,534.966,0.004,58.456,-0.015,58.456,3.224,3.642,15,0.07,14.93,1.3192,222000,214435.5,-57457.8,-436.7,-337327.4,-7671.2,9.9,-0.0,0.0,206327.6,233064.7,0,1
46.5333,935.942,594.097,535.942,0.003,58.51,0.046,58.51,3.229,3.644,15,0.01,14.99,1.3162,222000,214435.5,-57457.8,-86.0,-337185.3,-7685.4,2.0,-0.0,0.0,206664.2,233198.9,0,1
46.55,936.918,594.099,536.918,0.001,58.564,0.107,58.564,3.234,3.646,15,-0.04,15.04,1.3132,222000,214435.5,-57457.8,263.9,-337043.2,-7699.5,-6.0,-0.0,0.0,206999.9,233332.9,0,1
46.5667,937.895,594.102,537.895,-0.002,58.618,0.167,58.618,3.24,3.648,15,-0.1,15.1,1.3103,222000,214435.5,-57457.8,613.1,-336901.2,-7713.7,-14.0,-0.0,0.0,207334.9,233466.9,0,1
46.5833,938.872,594.098,538.872,0.002,58.666,-0.137,58.667,2.932,-6.199,15,0.03,14.97,1.3171,222000,214435.5,-57457.8,-193.8,-339286.7,-7727.9,4.4,-18835.2,-627840.0,187678.6,-396740.2,1,1
46.6,939.851,594.096,539.851,0.004,58.72,-0.077,58.72,3.217,3.582,15,0.13,14.87,1.3222,222000,214435.5,-57457.8,-795.5,-341155.1,-7740.9,18.0,-0.0,0.0,205899.2,229245.1,0,1
46.6167,940.831,594.096,540.831,0.004,58.774,-0.017,58.774,3.222,3.584,15,0.08,14.92,1.3192,222000,214435.5,-57457.8,-447.7,-341023.9,-7755.0,10.2,-0.0,0.0,206232.8,229368.5,0,1
46.6333,941.811,594.097,541.811,0.003,58.828,0.042,58.828,3.228,3.586,15,0.02,14.98,1.3163,222000,214435.5,-57457.8,-100.7,-340892.8,-7769.2,2.3,-0.0,0.0,206565.6,229491.6,0,1
46.65,942.792,594.099,542.792,0.001,58.881,0.102,58.882,3.233,3.588,15,-0.04,15.04,1.3134,222000,214435.5,-57457.8,245.6,-340761.9,-7783.4,-5.6,-0.0,0.0,206897.7,229614.7,0,1
46.6667,943.775,594.101,543.775,-0.001,58.935,0.162,58.936,3.238,3.59,15,-0.1,15.1,1.3105,222000,214435.5,-57457.8,591.2,-340631.1,-7797.7,-13.5,-0.0,0.0,207229.0,229737.5,0,1
46.6833,944.758,594.098,544.758,0.002,58.984,-0.137,58.984,2.931,-6.256,15,0.03,14.97,1.3171,222000,214435.5,-57457.8,-188.6,-342960.3,-7812.0,4.3,-18835.2,-627840.0,187599.8,-400413.8,1,1
46.7,945.742,594.096,545.742,0.004,59.038,-0.078,59.038,3.216,3.524,15,0.13,14.87,1.3221,222000,214435.5,-57457.8,-799.1,-344850.6,-7825.0,18.1,-0.0,0.0,205811.5,225549.7,0,1
46.7167,946.727,594.096,546.727,0.004,59.092,-0.019,59.092,3.221,3.526,15,0.08,14.92,1.3193,222000,214435.5,-57457.8,-455.1,-344730.6,-7839.2,10.3,-0.0,0.0,206141.2,225661.9,0,1
46.7333,947.712,594.097,547.712,0.003,59.145,0.04,59.145,3.226,3.528,15,0.02,14.98,1.3164,222000,214435.5,-57457.8,-111.8,-344610.8,-7853.4,2.5,-0.0,0.0,206470.3,225773.9,0,1
46.75,948.699,594.098,548.699,0.002,59.199,0.098,59.199,3.231,3.529,15,-0.04,15.04,1.3136,222000,214435.5,-57457.8,230.8,-344491.2,-7867.7,-5.3,-0.0,0.0,206798.6,225885.7,0,1
46.7667,949.686,594.101,549.686,-0.001,59.253,0.157,59.253,3.236,3.531,15,-0.1,15.1,1.3107,222000,214435.5,-57457.8,572.7,-344371.8,-7882.1,-13.1,-0.0,0.0,207126.1,225997.3,0,1
46.7833,950.675,594.098,550.675,0.002,59.302,-0.137,59.302,2.93,-6.314,15,0.03,14.97,1.317,222000,214435.5,-57457.8,-184.0,-346653.5,-7896.4,4.2,-18835.2,-627840.0,187519.9,-404107.1,1,1
46.8,951.664,594.096,551.664,0.004,59.355,-0.079,59.356,3.214,3.466,15,0.13,14.87,1.3221,222000,214435.5,-57457.8,-803.5,-348566.0,-7909.5,18.2,-0.0,0.0,205722.6,221834.4,0,1
46.8167,952.654,594.096,552.654,0.004,59.409,-0.021,59.409,3.22,3.468,15,0.08,14.92,1.3193,222000,214435.5,-57457.8,-463.4,-348457.4,-7923.8,10.5,-0.0,0.0,206048.4,221935.3,0,1
46.8333,953.645,594.097,553.645,0.003,59.463,0.037,59.463,3.225,3.469,15,0.02,14.98,1.3165,222000,214435.5,-57457.8,-123.9,-348349.1,-7938.1,2.8,-0.0,0.0,206373.6,222035.9,0,1
46.85,954.637,594.098,554.637,0.002,59.517,0.095,59.517,3.23,3.471,15,-0.04,15.04,1.3137,222000,214435.5,-57457.8,214.9,-348241.0,-7952.4,-4.9,-0.0,0.0,206698.0,222136.3,0,1
46.8667,955.63,594.101,555.63,-0.001,59.571,0.152,59.571,3.235,3.472,15,-0.09,15.09,1.3109,222000,214435.5,-57457.8,553.0,-348133.1,-7966.9,-12.7,-0.0,0.0,207021.7,222236.4,0,1
46.8833,956.624,594.098,556.624,0.002,59.619,-0.137,59.62,2.929,-6.372,15,0.03,14.97,1.3169,222000,214435.5,-57457.8,-179.3,-350364.3,-7981.3,4.1,-18835.2,-627840.0,187439.8,-407818.1,1,1
46.9,957.618,594.096,557.618,0.004,59.673,-0.08,59.673,3.213,3.408,15,0.13,14.87,1.322,222000,214435.5,-57457.8,-807.7,-352299.2,-7994.4,18.3,-0.0,0.0,205633.4,218101.3,0,1
46.9167,958.614,594.096,558.614,0.004,59.727,-0.023,59.727,3.218,3.409,15,0.08,14.92,1.3193,222000,214435.5,-57457.8,-471.5,-352202.2,-8008.8,10.7,-0.0,0.0,205955.3,218190.7,0,1
46.9333,959.61,594.097,559.61,0.003,59.78,0.034,59.78,3.223,3.411,15,0.02,14.98,1.3166,222000,214435.5,-57457.8,-136.0,-352105.5,-8023.1,3.1,-0.0,0.0,206276.4,218279.7,0,1
46.95,960.607,594.098,560.607,0.002,59.834,0.091,59.834,3.228,3.412,15,-0.03,15.03,1.3139,222000,214435.5,-57457.8,198.9,-352009.1,-8037.6,-4.5,-0.0,0.0,206596.8,218368.5,0,1
46.9667,961.605,594.101,561.605,-0.001,59.888,0.148,59.888,3.233,3.413,15,-0.09,15.09,1.3111,222000,214435.5,-57457.8,533.1,-351913.0,-8052.1,-12.2,-0.0,0.0,206916.6,218457.0,0,1
46.9833,962.604,594.098,562.604,0.002,59.937,-0.137,59.937,2.927,-6.43,15,0.03,14.97,1.3169,222000,214435.5,-57457.8,-174.5,-354093.2,-8066.6,4.0,-18835.2,-627840.0,187359.3,-411547.0,1,1
47.0,963.604,594.096,563.604,0.004,59.99,-0.081,59.99,3.212,3.349,15,0.13,14.87,1.322,222000,214435.5,-57457.8,-811.9,-356050.6,-8079.7,18.4,-0.0,0.0,205543.9,214350.0,0,1
47.0167,964.605,594.096,564.605,0.004,60.044,-0.025,60.044,3.217,3.35,15,0.08,14.92,1.3193,222000,214435.5,-57457.8,-479.8,-355965.4,-8094.2,10.9,-0.0,0.0,205861.6,214427.6,0,1
47.0333,965.607,594.096,565.607,0.004,60.098,0.031,60.098,3.222,3.352,15,0.02,14.98,1.3167,222000,214435.5,-57457.8,-148.3,-355880.6,-8108.6,3.4,-0.0,0.0,206178.6,214504.9,0,1
47.05,966.609,594.098,566.609,0.002,60.151,0.087,60.151,3.226,3.353,15,-0.03,15.03,1.314,222000,214435.5,-57457.8,182.6,-355796.1,-8123.1,-4.2,-0.0,0.0,206495.0,214581.9,0,1
47.0667,967.613,594.1,567.613,-0.0,60.205,0.143,60.205,3.231,3.354,15,-0.08,15.08,1.3113,222000,214435.5,-57457.8,512.8,-355711.8,-8137.7,-11.7,-0.0,0.0,206810.7,214658.6,0,1
47.0833,968.617,594.098,568.617,0.002,60.254,-0.137,60.254,2.926,-6.489,15,0.03,14.97,1.3168,222000,214435.5,-57457.8,-169.5,-357840.0,-8152.3,3.9,-18835.2,-627840.0,187278.5,-415293.9,1,1
47.1,969.622,594.096,569.622,0.004,60.308,-0.082,60.308,3.21,3.29,15,0.13,14.87,1.322,222000,214435.5,-57457.8,-816.2,-359820.1,-8165.5,18.5,-0.0,0.0,205453.9,210580.6,0,1
47.1167,970.628,594.096,570.628,0.004,60.361,-0.027,60.361,3.215,3.291,15,0.08,14.92,1.3194,222000,214435.5,-57457.8,-488.2,-359746.9,-8180.0,11.1,-0.0,0.0,205767.4,210646.3,0,1
47.1333,971.635,594.096,571.635,0.004,60.415,0.028,60.415,3.22,3.292,15,0.03,14.97,1.3168,222000,214435.5,-57457.8,-160.8,-359674.1,-8194.5,3.7,-0.0,0.0,206080.2,210711.7,0,1
47.15,972.643,594.098,572.643,0.002,60.469,0.083,60.469,3.225,3.293,15,-0.03,15.03,1.3142,222000,214435.5,-57457.8,166.0,-359601.7,-8209.1,-3.8,-0.0,0.0,206392.5,210776.7,0,1
47.1667,973.651,594.1,573.651,-0.0,60.522,0.138,60.523,3.23,3.294,15,-0.08,15.08,1.3116,222000,214435.5,-57457.8,492.2,-359529.6,-8223.7,-11.3,-0.0,0.0,206704.0,210841.4,0,1
47.1833,974.661,594.098,574.661,0.002,60.571,-0.137,60.571,2.925,-6.548,15,0.03,14.97,1.3168,222000,214435.5,-57457.8,-164.5,-361604.6,-8238.4,3.7,-18835.2,-627840.0,187197.4,-419058.7,1,1
47.2,975.671,594.096,575.671,0.004,60.625,-0.083,60.625,3.209,3.231,15,0.13,14.87,1.3219,222000,214435.5,-57457.8,-820.4,-363607.7,-8251.7,18.6,-0.0,0.0,205363.5,206793.1,0,1
47.2167,976.683,594.096,576.683,0.004,60.678,-0.029,60.678,3.214,3.232,15,0.08,14.92,1.3194,222000,214435.5,-57457.8,-496.6,-363546.7,-8266.2,11.3,-0.0,0.0,205672.7,206846.8,0,1
47.2333,977.695,594.096,577.695,0.004,60.732,0.025,60.732,3.218,3.233,15,0.03,14.97,1.3168,222000,214435.5,-57457.8,-173.4,-363486.1,-8280.8,4.0,-0.0,0.0,205981.3,206900.0,0,1
47.25,978.708,594.098,578.708,0.002,60.786,0.079,60.786,3.223,3.234,15,-0.02,15.02,1.3143,222000,214435.5,-57457.8,149.2,-363425.9,-8295.5,-3.4,-0.0,0.0,206289.2,206952.9,0,1
47.2667,979.722,594.1,579.722,0.0,60.839,0.133,60.839,3.228,3.234,15,-0.07,15.07,1.3118,222000,214435.5,-57457.8,471.2,-363366.1,-8310.2,-10.8,-0.0,0.0,206596.6,207005.3,0,1
47.2833,980.737,594.103,580.737,-0.003,60.893,0.187,60.894,3.233,3.235,15,-0.13,15.13,1.3092,222000,214435.5,-57457.8,792.6,-363306.7,-8324.9,-18.2,-0.0,0.0,206903.3,207057.3,0,1
47.3,981.752,594.098,581.752,0.002,60.942,-0.148,60.942,2.922,-6.619,15,0.04,14.96,1.3172,222000,214435.5,-57457.8,-224.5,-366175.4,-8339.6,5.1,-18835.2,-627840.0,187036.2,-423628.1,1,1
47.3167,982.769,594.096,582.769,0.004,60.995,-0.095,60.995,3.206,3.159,15,0.14,14.86,1.3224,222000,214435.5,-57457.8,-892.1,-368206.0,-8353.0,20.2,-0.0,0.0,205190.4,202196.5,0,1
47.3333,983.787,594.095,583.787,0.005,61.049,-0.042,61.049,3.211,3.16,15,0.09,14.91,1.3199,222000,214435.5,-57457.8,-573.4,-368159.8,-8367.6,13.0,-0.0,0.0,205494.5,202235.4,0,1
47.35,984.805,594.095,584.805,0.005,61.102,0.01,61.102,3.216,3.161,15,0.04,14.96,1.3175,222000,214435.5,-57457.8,-255.2,-368114.1,-8382.3,5.8,-0.0,0.0,205798.0,202273.9,0,1
47.3667,985.824,594.096,585.824,0.004,61.156,0.063,61.156,3.22,3.161,15,-0.01,15.01,1.315,222000,214435.5,-57457.8,62.3,-368068.9,-8397.0,-1.4,-0.0,0.0,206100.8,202311.9,0,1
47.3833,986.844,594.098,586.844,0.002,61.21,0.116,61.21,3.225,3.162,15,-0.06,15.06,1.3125,222000,214435.5,-57457.8,379.3,-368024.1,-8411.8,-8.7,-0.0,0.0,206403.0,202349.4,0,1
47.4,987.865,594.101,587.865,-0.001,61.264,0.168,61.264,3.23,3.162,15,-0.11,15.11,1.3101,222000,214435.5,-57457.8,695.7,-367979.7,-8426.6,-15.9,-0.0,0.0,206704.6,202386.5,0,1
47.4167,988.887,594.098,588.887,0.002,61.312,-0.145,61.313,2.921,-6.688,15,0.03,14.97,1.3171,222000,214435.5,-57457.8,-203.8,-370593.9,-8441.4,4.6,-18835.2,-627840.0,186955.1,-428047.1,1,1
47.4333,989.91,594.096,589.91,0.004,61.366,-0.094,61.366,3.205,3.09,15,0.14,14.86,1.3223,222000,214435.5,-57457.8,-882.3,-372651.7,-8454.9,20.0,-0.0,0.0,205098.4,197750.5,0,1
47.45,990.934,594.095,590.934,0.005,61.419,-0.042,61.419,3.209,3.09,15,0.09,14.91,1.3199,222000,214435.5,-57457.8,-568.7,-372620.2,-8469.6,12.9,-0.0,0.0,205397.2,197774.9,0,1
47.4667,991.958,594.095,591.958,0.005,61.473,0.009,61.473,3.214,3.091,15,0.04,14.96,1.3174,222000,214435.5,-57457.8,-255.7,-372589.3,-8484.4,5.8,-0.0,0.0,205695.5,197798.7,0,1
47.4833,992.984,594.096,592.984,0.004,61.527,0.061,61.527,3.219,3.091,15,-0.01,15.01,1.315,222000,214435.5,-57457.8,56.7,-372558.8,-8499.2,-1.3,-0.0,0.0,205993.1,197822.1,0,1
47.5,994.01,594.098,594.01,0.002,61.58,0.112,61.58,3.223,3.091,15,-0.06,15.06,1.3126,222000,214435.5,-57457.8,368.6,-372528.9,-8514.0,-8.4,-0.0,0.0,206290.1,197844.9,0,1
47.5167,995.037,594.101,595.037,-0.001,61.634,0.164,61.634,3.228,3.092,15,-0.1,15.1,1.3103,222000,214435.5,-57457.8,679.9,-372499.4,-8528.9,-15.6,-0.0,0.0,206586.5,197867.2,0,1
47.5333,996.065,594.098,596.065,0.002,61.683,-0.145,61.683,2.92,-6.758,15,0.03,14.97,1.317,222000,214435.5,-57457.8,-199.5,-375073.0,-8543.8,4.5,-18835.2,-627840.0,186857.0,-432526.3,1,1
47.55,997.094,594.096,597.094,0.004,61.736,-0.095,61.736,3.203,3.019,15,0.14,14.86,1.3222,222000,214435.5,-57457.8,-889.2,-377158.4,-8557.3,20.2,-0.0,0.0,204989.1,193244.0,0,1
47.5667,998.124,594.095,598.124,0.005,61.79,-0.045,61.79,3.208,3.02,15,0.09,14.91,1.3199,222000,214435.5,-57457.8,-580.9,-377141.9,-8572.1,13.2,-0.0,0.0,205282.5,193253.5,0,1
47.5833,999.155,594.095,599.155,0.005,61.843,0.006,61.843,3.212,3.02,15,0.04,14.96,1.3176,222000,214435.5,-57457.8,-273.3,-377126.1,-8586.9,6.2,-0.0,0.0,205575.3,193262.3,0,1
47.6,1000.186,594.096,600.186,0.004,61.897,0.056,61.897,3.217,3.02,15,-0.01,15.01,1.3152,222000,214435.5,-57457.8,33.9,-377110.7,-8601.8,-0.8,-0.0,0.0,205867.6,193270.7,0,1
47.6167,1001.219,594.098,601.219,0.002,61.95,0.106,61.95,3.221,3.02,15,-0.05,15.05,1.3129,222000,214435.5,-57457.8,340.5,-377096.0,-8616.8,-7.8,-0.0,0.0,206159.3,193278.4,0,1
47.6333,1002.252,594.101,602.252,-0.001,62.004,0.157,62.004,3.226,3.02,15,-0.1,15.1,1.3106,222000,214435.5,-57457.8,646.6,-377081.8,-8631.7,-14.8,-0.0,0.0,206450.4,193285.6,0,1
47.65,1003.286,594.098,603.286,0.002,62.053,-0.145,62.053,2.918,-6.828,15,0.03,14.97,1.3169,222000,214435.5,-57457.8,-191.7,-379568.8,-8646.7,4.4,-18835.2,-627840.0,186762.0,-437022.2,1,1
47.6667,1004.322,594.096,604.322,0.004,62.106,-0.096,62.106,3.201,2.949,15,0.13,14.87,1.3222,222000,214435.5,-57457.8,-892.6,-381681.9,-8660.3,20.3,-0.0,0.0,204882.6,188720.5,0,1
47.6833,1005.358,594.095,605.358,0.005,62.16,-0.047,62.16,3.206,2.949,15,0.09,14.91,1.3199,222000,214435.5,-57457.8,-589.8,-381680.7,-8675.2,13.4,-0.0,0.0,205170.5,188714.8,0,1
47.7,1006.394,594.095,606.394,0.005,62.213,0.002,62.213,3.21,2.949,15,0.04,14.96,1.3176,222000,214435.5,-57457.8,-287.5,-381680.2,-8690.1,6.5,-0.0,0.0,205457.9,188708.5,0,1
47.7167,1007.432,594.096,607.432,0.004,62.267,0.051,62.267,3.215,2.948,15,-0.0,15.0,1.3154,222000,214435.5,-57457.8,14.2,-381680.3,-8705.1,-0.3,-0.0,0.0,205744.7,188701.6,0,1
47.7333,1008.471,594.098,608.471,0.002,62.32,0.101,62.32,3.219,2.948,15,-0.05,15.05,1.3131,222000,214435.5,-57457.8,315.4,-381681.0,-8720.1,-7.2,-0.0,0.0,206030.9,188694.0,0,1
47.75,1009.51,594.1,609.51,-0.0,62.374,0.15,62.374,3.224,2.948,15,-0.09,15.09,1.3109,222000,214435.5,-57457.8,616.1,-381682.3,-8735.1,-14.1,-0.0,0.0,206316.5,188685.8,0,1
47.7667,1010.551,594.098,610.551,0.002,62.423,-0.145,62.423,2.917,-6.899,15,0.03,14.97,1.3169,222000,214435.5,-57457.8,-184.4,-384090.1,-8750.2,4.2,-18835.2,-627840.0,186665.8,-441543.8,1,1
47.7833,1011.592,594.096,611.592,0.004,62.476,-0.097,62.476,3.2,2.878,15,0.13,14.87,1.3221,222000,214435.5,-57457.8,-896.7,-386231.3,-8763.8,20.3,-0.0,0.0,204775.0,184171.2,0,1
47.8,1012.634,594.095,612.634,0.005,62.529,-0.049,62.529,3.204,2.877,15,0.09,14.91,1.3199,222000,214435.5,-57457.8,-599.5,-386245.7,-8778.8,13.6,-0.0,0.0,205057.2,184150.1,0,1
47.8167,1013.677,594.095,613.677,0.005,62.583,-0.001,62.583,3.208,2.877,15,0.04,14.96,1.3177,222000,214435.5,-57457.8,-302.8,-386260.8,-8793.8,6.9,-0.0,0.0,205339.0,184128.3,0,1
47.8333,1014.721,594.096,614.721,0.004,62.636,0.047,62.636,3.213,2.877,15,0.0,15.0,1.3155,222000,214435.5,-57457.8,-6.6,-386276.5,-8808.9,0.1,-0.0,0.0,205620.1,184105.8,0,1
47.85,1015.766,594.097,615.766,0.003,62.69,0.095,62.69,3.217,2.876,15,-0.04,15.04,1.3133,222000,214435.5,-57457.8,289.1,-386292.9,-8823.9,-6.6,-0.0,0.0,205900.7,184082.6,0,1
47.8667,1016.812,594.1,616.812,0.0,62.744,0.143,62.744,3.222,2.876,15,-0.09,15.09,1.3111,222000,214435.5,-57457.8,584.3,-386310.0,-8839.1,-13.4,-0.0,0.0,206180.8,184058.8,0,1
47.8833,1017.858,594.103,617.858,-0.003,62.797,0.191,62.798,3.226,2.876,15,-0.13,15.13,1.309,222000,214435.5,-57457.8,878.9,-386327.8,-8854.2,-20.1,-0.0,0.0,206460.3,184034.3,0,1
47.9,1018.906,594.097,618.906,0.003,62.846,-0.155,62.846,2.914,-6.983,15,0.03,14.97,1.3172,222000,214435.5,-57457.8,-236.5,-389430.5,-8869.4,5.4,-18835.2,-627840.0,186494.5,-446882.9,1,1
47.9167,1019.954,594.096,619.954,0.004,62.899,-0.108,62.899,3.197,2.794,15,0.14,14.86,1.3225,222000,214435.5,-57457.8,-962.8,-391604.6,-8883.1,21.8,-0.0,0.0,204589.6,178799.4,0,1
47.9333,1021.003,594.095,621.003,0.005,62.953,-0.061,62.953,3.201,2.793,15,0.1,14.9,1.3204,222000,214435.5,-57457.8,-672.1,-391637.5,-8898.2,15.3,-0.0,0.0,204865.2,178760.0,0,1
47.95,1022.054,594.094,622.054,0.006,63.006,-0.015,63.006,3.205,2.792,15,0.06,14.94,1.3183,222000,214435.5,-57457.8,-382.0,-391671.1,-8913.3,8.7,-0.0,0.0,205140.3,178719.8,0,1
47.9667,1023.105,594.095,623.105,0.005,63.06,0.032,63.06,3.21,2.792,15,0.01,14.99,1.3162,222000,214435.5,-57457.8,-92.4,-391705.4,-8928.4,2.1,-0.0,0.0,205414.8,178678.9,0,1
47.9833,1024.156,594.096,624.156,0.004,63.113,0.078,63.113,3.214,2.791,15,-0.03,15.03,1.314,222000,214435.5,-57457.8,196.8,-391740.5,-8943.6,-4.5,-0.0,0.0,205688.7,178637.2,0,1
48.0,1025.209,594.098,625.209,0.002,63.167,0.125,63.167,3.218,2.791,15,-0.07,15.07,1.3119,222000,214435.5,-57457.8,485.4,-391776.3,-8958.8,-11.1,-0.0,0.0,205962.2,178594.7,0,1
48.0167,1026.263,594.101,626.263,-0.001,63.22,0.171,63.221,3.222,2.79,15,-0.11,15.11,1.3098,222000,214435.5,-57457.8,773.5,-391812.9,-8974.0,-17.7,-0.0,0.0,206235.0,178551.5,0,1
48.0333,1027.317,594.097,627.317,0.003,63.269,-0.152,63.269,2.912,-7.064,15,0.03,14.97,1.317,222000,214435.5,-57457.8,-213.7,-394638.4,-8989.3,4.9,-18835.2,-627840.0,186397.3,-452091.3,1,1
48.05,1028.373,594.096,628.373,0.004,63.322,-0.107,63.322,3.195,2.712,15,0.14,14.86,1.3224,222000,214435.5,-57457.8,-953.2,-396845.2,-9003.1,21.6,-0.0,0.0,204479.2,173558.6,0,1
48.0667,1029.429,594.095,629.429,0.005,63.376,-0.062,63.376,3.199,2.711,15,0.1,14.9,1.3203,222000,214435.5,-57457.8,-669.3,-396896.4,-9018.3,15.2,-0.0,0.0,204748.0,173500.9,0,1
48.0833,1030.486,594.094,630.486,0.006,63.429,-0.016,63.429,3.203,2.71,15,0.06,14.94,1.3183,222000,214435.5,-57457.8,-385.8,-396948.5,-9033.4,8.8,-0.0,0.0,205016.3,173442.4,0,1
48.1,1031.544,594.095,631.544,0.005,63.482,0.029,63.482,3.208,2.709,15,0.01,14.99,1.3162,222000,214435.5,-57457.8,-102.8,-397001.4,-9048.7,2.3,-0.0,0.0,205284.1,173383.1,0,1
48.1167,1032.603,594.096,632.603,0.004,63.536,0.074,63.536,3.212,2.708,15,-0.03,15.03,1.3142,222000,214435.5,-57457.8,179.7,-397055.1,-9063.9,-4.1,-0.0,0.0,205551.3,173322.9,0,1
48.1333,1033.663,594.098,633.663,0.002,63.59,0.119,63.59,3.216,2.707,15,-0.07,15.07,1.3121,222000,214435.5,-57457.8,461.7,-397109.7,-9079.2,-10.6,-0.0,0.0,205818.0,173262.0,0,1
48.15,1034.724,594.101,634.724,-0.001,63.643,0.164,63.643,3.22,2.706,15,-0.11,15.11,1.3101,222000,214435.5,-57457.8,743.1,-397165.0,-9094.6,-17.0,-0.0,0.0,206084.1,173200.2,0,1
48.1667,1035.785,594.097,635.785,0.003,63.692,-0.152,63.692,2.911,-7.146,15,0.03,14.97,1.317,222000,214435.5,-57457.8,-206.2,-399911.3,-9109.9,4.7,-18835.2,-627840.0,186284.2,-457364.5,1,1
48.1833,1036.848,594.096,636.848,0.004,63.745,-0.108,63.745,3.193,2.629,15,0.14,14.86,1.3223,222000,214435.5,-57457.8,-959.2,-402151.2,-9123.8,21.8,-0.0,0.0,204352.5,168252.7,0,1
48.2,1037.911,594.095,637.911,0.005,63.798,-0.064,63.798,3.197,2.628,15,0.1,14.9,1.3203,222000,214435.5,-57457.8,-682.1,-402221.4,-9139.1,15.5,-0.0,0.0,204614.3,168176.3,0,1
48.2167,1038.975,594.094,638.975,0.006,63.852,-0.021,63.852,3.201,2.627,15,0.06,14.94,1.3184,222000,214435.5,-57457.8,-405.5,-402292.4,-9154.3,9.2,-0.0,0.0,204875.7,168099.0,0,1
48.2333,1040.04,594.095,640.04,0.005,63.905,0.023,63.905,3.205,2.625,15,0.02,14.98,1.3164,222000,214435.5,-57457.8,-129.4,-402364.3,-9169.6,2.9,-0.0,0.0,205136.5,168020.8,0,1
48.25,1041.106,594.096,641.106,0.004,63.959,0.067,63.959,3.209,2.624,15,-0.02,15.02,1.3144,222000,214435.5,-57457.8,146.2,-402437.1,-9185.0,-3.3,-0.0,0.0,205396.8,167941.8,0,1
48.2667,1042.173,594.098,642.173,0.002,64.012,0.111,64.012,3.213,2.623,15,-0.06,15.06,1.3125,222000,214435.5,-57457.8,421.4,-402510.7,-9200.4,-9.6,-0.0,0.0,205656.5,167861.8,0,1
48.2833,1043.241,594.1,643.241,-0.0,64.066,0.154,64.066,3.217,2.622,15,-0.1,15.1,1.3105,222000,214435.5,-57457.8,696.0,-402585.3,-9215.8,-15.9,-0.0,0.0,205915.8,167781.0,0,1
48.3,1044.309,594.097,644.309,0.003,64.114,-0.151,64.114,2.909,-7.229,15,0.03,14.97,1.3169,222000,214435.5,-57457.8,-195.3,-405208.3,-9231.2,4.4,-18835.2,-627840.0,186173.8,-462661.7,1,1
48.3167,1045.379,594.096,645.379,0.004,64.167,-0.109,64.167,3.191,2.546,15,0.14,14.86,1.3222,222000,214435.5,-57457.8,-962.0,-407481.7,-9245.2,21.8,-0.0,0.0,204228.3,162922.3,0,1
48.3333,1046.449,594.095,646.449,0.005,64.221,-0.067,64.221,3.195,2.544,15,0.1,14.9,1.3203,222000,214435.5,-57457.8,-691.9,-407571.0,-9260.6,15.7,-0.0,0.0,204483.1,162826.9,0,1
48.35,1047.52,594.094,647.52,0.006,64.274,-0.024,64.274,3.199,2.543,15,0.06,14.94,1.3184,222000,214435.5,-57457.8,-422.3,-407661.3,-9275.9,9.6,-0.0,0.0,204737.3,162730.5,0,1
48.3667,1048.592,594.094,648.592,0.006,64.327,0.018,64.327,3.203,2.541,15,0.02,14.98,1.3166,222000,214435.5,-57457.8,-153.2,-407752.5,-9291.3,3.5,-0.0,0.0,204991.0,162633.2,0,1
48.3833,1049.666,594.095,649.666,0.005,64.381,0.061,64.381,3.207,2.54,15,-0.02,15.02,1.3147,222000,214435.5,-57457.8,115.4,-407844.7,-9306.8,-2.6,-0.0,0.0,205244.2,162534.9,0,1
48.4,1050.739,594.097,650.739,0.003,64.434,0.103,64.434,3.211,2.538,15,-0.05,15.05,1.3128,222000,214435.5,-57457.8,383.5,-407937.8,-9322.3,-8.8,-0.0,0.0,205496.8,162435.6,0,1
48.4167,1051.814,594.1,651.814,0.0,64.488,0.145,64.488,3.215,2.536,15,-0.09,15.09,1.3109,222000,214435.5,-57457.8,651.2,-408031.9,-9337.8,-14.9,-0.0,0.0,205748.9,162335.3,0,1
48.4333,1052.89,594.103,652.89,-0.003,64.541,0.187,64.542,3.219,2.535,15,-0.13,15.13,1.309,222000,214435.5,-57457.8,918.3,-408127.0,-9353.3,-21.0,-0.0,0.0,206000.6,162234.1,0,1
48.45,1053.966,594.097,653.966,0.003,64.59,-0.16,64.59,2.906,-7.325,15,0.03,14.97,1.3171,222000,214435.5,-57457.8,-238.8,-411337.8,-9368.9,5.4,-18835.2,-627840.0,185992.7,-468790.2,1,1
48.4667,1055.044,594.095,655.044,0.005,64.643,-0.119,64.643,3.188,2.449,15,0.14,14.86,1.3226,222000,214435.5,-57457.8,-1021.8,-413649.8,-9383.0,23.2,-0.0,0.0,204030.8,156755.6,0,1
48.4833,1056.122,594.094,656.122,0.006,64.696,-0.078,64.696,3.192,2.447,15,0.11,14.89,1.3207,222000,214435.5,-57457.8,-760.0,-413761.5,-9398.4,17.3,-0.0,0.0,204277.2,156638.0,0,1
48.5,1057.201,594.093,657.201,0.007,64.75,-0.037,64.75,3.196,2.446,15,0.07,14.93,1.3189,222000,214435.5,-57457.8,-498.6,-413874.2,-9413.9,11.3,-0.0,0.0,204523.1,156519.3,0,1
48.5167,1058.281,594.094,658.281,0.006,64.803,0.004,64.803,3.2,2.444,15,0.03,14.97,1.3171,222000,214435.5,-57457.8,-237.7,-413988.0,-9429.4,5.4,-0.0,0.0,204768.5,156399.6,0,1
48.5333,1059.362,594.094,659.362,0.006,64.856,0.044,64.856,3.203,2.442,15,-0.0,15.0,1.3153,222000,214435.5,-57457.8,22.7,-414102.8,-9444.9,-0.5,-0.0,0.0,205013.3,156278.9,0,1
48.55,1060.444,594.096,660.444,0.004,64.91,0.085,64.91,3.207,2.44,15,-0.04,15.04,1.3135,222000,214435.5,-57457.8,282.6,-414218.6,-9460.5,-6.5,-0.0,0.0,205257.7,156157.1,0,1
48.5667,1061.527,594.098,661.527,0.002,64.963,0.126,64.963,3.211,2.438,15,-0.07,15.07,1.3117,222000,214435.5,-57457.8,542.0,-414335.5,-9476.1,-12.4,-0.0,0.0,205501.5,156034.2,0,1
48.5833,1062.61,594.101,662.61,-0.001,65.017,0.166,65.017,3.215,2.436,15,-0.11,15.11,1.3099,222000,214435.5,-57457.8,801.0,-414453.5,-9491.7,-18.3,-0.0,0.0,205744.8,155910.3,0,1
48.6,1063.695,594.097,663.695,0.003,65.065,-0.157,65.065,2.904,-7.419,15,0.03,14.97,1.3169,222000,214435.5,-57457.8,-213.3,-417355.3,-9507.4,4.9,-18835.2,-627840.0,185879.7,-474808.3,1,1
48.6167,1064.78,594.095,664.78,0.005,65.118,-0.118,65.118,3.186,2.355,15,0.14,14.86,1.3224,222000,214435.5,-57457.8,-1011.9,-419705.7,-9521.5,23.0,-0.0,0.0,203902.0,150699.4,0,1
48.6333,1065.866,594.094,665.866,0.006,65.171,-0.078,65.172,3.19,2.352,15,0.1,14.9,1.3207,222000,214435.5,-57457.8,-758.4,-419839.8,-9537.1,17.2,-0.0,0.0,204140.0,150559.6,0,1
48.65,1066.953,594.093,666.953,0.007,65.225,-0.039,65.225,3.193,2.35,15,0.07,14.93,1.3189,222000,214435.5,-57457.8,-505.4,-419975.1,-9552.7,11.5,-0.0,0.0,204377.5,150418.6,0,1
48.6667,1068.041,594.093,668.041,0.007,65.278,-0.0,65.278,3.197,2.348,15,0.03,14.97,1.3172,222000,214435.5,-57457.8,-252.8,-420111.5,-9568.3,5.8,-0.0,0.0,204614.4,150276.5,0,1
48.6833,1069.13,594.094,669.13,0.006,65.331,0.039,65.331,3.201,2.346,15,0.0,15.0,1.3155,222000,214435.5,-57457.8,-0.8,-420249.0,-9583.9,0.0,-0.0,0.0,204850.9,150133.2,0,1
48.7,1070.22,594.095,670.22,0.005,65.385,0.078,65.385,3.204,2.344,15,-0.03,15.03,1.3138,222000,214435.5,-57457.8,250.8,-420387.6,-9599.6,-5.7,-0.0,0.0,205086.8,149988.8,0,1
48.7167,1071.311,594.097,671.311,0.003,65.438,0.117,65.438,3.208,2.341,15,-0.07,15.07,1.3121,222000,214435.5,-57457.8,501.9,-420527.4,-9615.3,-11.5,-0.0,0.0,205322.2,149843.3,0,1
48.7333,1072.402,594.1,672.402,0.0,65.492,0.156,65.492,3.212,2.339,15,-0.1,15.1,1.3104,222000,214435.5,-57457.8,752.5,-420668.3,-9631.0,-17.2,-0.0,0.0,205557.0,149696.6,0,1
48.75,1073.495,594.103,673.495,-0.003,65.545,0.195,65.546,3.215,2.337,15,-0.14,15.14,1.3087,222000,214435.5,-57457.8,1002.6,-420810.4,-9646.8,-23.0,-0.0,0.0,205791.4,149548.8,0,1
48.7667,1074.588,594.097,674.588,0.003,65.594,-0.164,65.594,2.901,-7.527,15,0.03,14.97,1.3172,222000,214435.5,-57457.8,-252.4,-424245.7,-9662.6,5.7,-18835.2,-627840.0,185685.4,-481697.7,1,1
48.7833,1075.682,594.095,675.682,0.005,65.647,-0.127,65.647,3.183,2.246,15,0.14,14.86,1.3227,222000,214435.5,-57457.8,-1069.6,-426639.9,-9676.8,24.3,-0.0,0.0,203689.1,143766.5,0,1
48.8,1076.777,594.094,676.777,0.006,65.7,-0.09,65.7,3.186,2.244,15,0.11,14.89,1.321,222000,214435.5,-57457.8,-825.7,-426799.9,-9692.5,18.8,-0.0,0.0,203917.4,143601.0,0,1
48.8167,1077.873,594.093,677.873,0.007,65.753,-0.052,65.753,3.19,2.241,15,0.08,14.92,1.3194,222000,214435.5,-57457.8,-582.3,-426961.2,-9708.2,13.2,-0.0,0.0,204145.1,143434.2,0,1
48.8333,1078.969,594.093,678.969,0.007,65.806,-0.015,65.806,3.193,2.239,15,0.05,14.95,1.3178,222000,214435.5,-57457.8,-339.4,-427123.7,-9723.9,7.7,-0.0,0.0,204372.2,143266.2,0,1
48.85,1080.067,594.093,680.067,0.007,65.859,0.022,65.859,3.197,2.236,15,0.01,14.99,1.3161,222000,214435.5,-57457.8,-97.0,-427287.4,-9739.6,2.2,-0.0,0.0,204598.9,143097.0,0,1
48.8667,1081.166,594.094,681.166,0.006,65.913,0.06,65.913,3.2,2.233,15,-0.02,15.02,1.3145,222000,214435.5,-57457.8,144.9,-427452.3,-9755.4,-3.3,-0.0,0.0,204825.0,142926.6,0,1
48.8833,1082.265,594.096,682.265,0.004,65.966,0.097,65.966,3.204,2.231,15,-0.05,15.05,1.3129,222000,214435.5,-57457.8,386.3,-427618.5,-9771.2,-8.8,-0.0,0.0,205050.6,142754.9,0,1
48.9,1083.365,594.098,683.365,0.002,66.02,0.134,66.02,3.207,2.228,15,-0.08,15.08,1.3113,222000,214435.5,-57457.8,627.2,-427785.9,-9787.1,-14.3,-0.0,0.0,205275.7,142581.9,0,1
48.9167,1084.467,594.101,684.467,-0.001,66.073,0.171,66.073,3.211,2.225,15,-0.12,15.12,1.3097,222000,214435.5,-57457.8,867.6,-427954.6,-9802.9,-19.9,-0.0,0.0,205500.2,142407.7,0,1
48.9333,1085.569,594.097,685.569,0.003,66.122,-0.161,66.122,2.899,-7.633,15,0.03,14.97,1.317,222000,214435.5,-57457.8,-223.0,-431033.9,-9818.8,5.1,-18835.2,-627840.0,185558.5,-488486.6,1,1
48.95,1086.672,594.095,686.672,0.005,66.175,-0.126,66.175,3.18,2.14,15,0.14,14.86,1.3225,222000,214435.5,-57457.8,-1058.1,-433472.0,-9833.2,24.0,-0.0,0.0,203544.2,136934.2,0,1
48.9667,1087.775,594.094,687.775,0.006,66.228,-0.09,66.228,3.184,2.137,15,0.11,14.89,1.3209,222000,214435.5,-57457.8,-824.0,-433658.1,-9849.0,18.7,-0.0,0.0,203762.6,136742.8,0,1
48.9833,1088.88,594.093,688.88,0.007,66.281,-0.055,66.281,3.187,2.134,15,0.08,14.92,1.3194,222000,214435.5,-57457.8,-590.4,-433845.5,-9864.8,13.4,-0.0,0.0,203980.4,136550.1,0,1
49.0,1089.986,594.092,689.986,0.008,66.334,-0.019,66.334,3.191,2.131,15,0.05,14.95,1.3178,222000,214435.5,-57457.8,-357.3,-434034.3,-9880.6,8.1,-0.0,0.0,204197.6,136356.0,0,1
49.0167,1091.092,594.093,691.092,0.007,66.387,0.016,66.387,3.194,2.128,15,0.02,14.98,1.3163,222000,214435.5,-57457.8,-124.8,-434224.4,-9896.5,2.8,-0.0,0.0,204414.3,136160.7,0,1
49.0333,1092.199,594.094,692.199,0.006,66.44,0.052,66.44,3.197,2.124,15,-0.01,15.01,1.3148,222000,214435.5,-57457.8,107.3,-434415.8,-9912.3,-2.4,-0.0,0.0,204630.5,135964.0,0,1
49.05,1093.308,594.095,693.308,0.005,66.494,0.087,66.494,3.201,2.121,15,-0.04,15.04,1.3132,222000,214435.5,-57457.8,338.9,-434608.5,-9928.3,-7.7,-0.0,0.0,204846.2,135765.9,0,1
49.0667,1094.417,594.097,694.417,0.003,66.547,0.122,66.547,3.204,2.118,15,-0.08,15.08,1.3117,222000,214435.5,-57457.8,570.0,-434802.6,-9944.2,-13.0,-0.0,0.0,205061.3,135566.5,0,1
49.0833,1095.527,594.1,695.527,0.0,66.601,0.158,66.601,3.207,2.115,15,-0.11,15.11,1.3102,222000,214435.5,-57457.8,800.5,-434998.1,-9960.2,-18.3,-0.0,0.0,205275.9,135365.8,0,1
49.1,1096.638,594.103,696.638,-0.003,66.654,0.193,66.654,3.211,2.112,15,-0.14,15.14,1.3087,222000,214435.5,-57457.8,1030.6,-435194.9,-9976.2,-23.6,-0.0,0.0,205489.9,135163.7,0,1
49.1167,1097.749,594.097,697.749,0.003,66.702,-0.168,66.703,2.896,-7.752,15,0.03,14.97,1.3171,222000,214435.5,-57457.8,-254.0,-438705.3,-9992.2,5.8,-18835.2,-627840.0,185354.1,-496157.4,1,1
49.1333,1098.862,594.095,698.862,0.005,66.755,-0.134,66.755,3.177,2.019,15,0.14,14.86,1.3227,222000,214435.5,-57457.8,-1109.8,-441192.9,-10006.7,25.2,-0.0,0.0,203319.0,129214.5,0,1
49.15,1099.975,594.093,699.975,0.007,66.808,-0.101,66.808,3.18,2.016,15,0.12,14.88,1.3212,222000,214435.5,-57457.8,-887.0,-441408.7,-10022.6,20.1,-0.0,0.0,203525.9,128993.6,0,1
49.1667,1101.09,594.092,701.09,0.008,66.861,-0.067,66.861,3.183,2.012,15,0.09,14.91,1.3198,222000,214435.5,-57457.8,-664.7,-441626.0,-10038.5,15.1,-0.0,0.0,203732.3,128771.3,0,1
49.1833,1102.205,594.092,702.205,0.008,66.914,-0.034,66.915,3.187,2.009,15,0.06,14.94,1.3184,222000,214435.5,-57457.8,-442.9,-441844.8,-10054.5,10.1,-0.0,0.0,203938.2,128547.5,0,1
49.2,1103.321,594.092,703.321,0.008,66.968,-0.0,66.968,3.19,2.005,15,0.03,14.97,1.3169,222000,214435.5,-57457.8,-221.6,-442064.9,-10070.5,5.0,-0.0,0.0,204143.5,128322.3,0,1
49.2167,1104.438,594.092,704.438,0.008,67.021,0.033,67.021,3.193,2.001,15,0.0,15.0,1.3155,222000,214435.5,-57457.8,-0.8,-442286.6,-10086.5,0.0,-0.0,0.0,204348.3,128095.6,0,1
49.2333,1105.556,594.093,705.556,0.007,67.074,0.067,67.074,3.196,1.998,15,-0.03,15.03,1.3141,222000,214435.5,-57457.8,219.4,-442509.7,-10102.5,-5.0,-0.0,0.0,204552.5,127867.5,0,1
49.25,1106.675,594.095,706.675,0.005,67.127,0.1,67.128,3.199,1.994,15,-0.06,15.06,1.3126,222000,214435.5,-57457.8,439.2,-442734.2,-10118.6,-10.0,-0.0,0.0,204756.1,127637.9,0,1
49.2667,1107.795,594.097,707.795,0.003,67.181,0.133,67.181,3.202,1.991,15,-0.09,15.09,1.3112,222000,214435.5,-57457.8,658.4,-442960.2,-10134.7,-15.1,-0.0,0.0,204959.2,127406.9,0,1
49.2833,1108.915,594.1,708.915,0.0,67.234,0.166,67.234,3.206,1.987,15,-0.11,15.11,1.3098,222000,214435.5,-57457.8,877.1,-443187.7,-10150.8,-20.1,-0.0,0.0,205161.8,127174.4,0,1
49.3,1110.037,594.103,710.037,-0.003,67.288,0.199,67.288,3.209,1.983,15,-0.14,15.14,1.3084,222000,214435.5,-57457.8,1095.3,-443416.7,-10167.0,-25.1,-0.0,0.0,205363.8,126940.4,0,1
49.3167,1111.159,594.097,711.159,0.003,67.336,-0.171,67.336,2.893,-7.884,15,0.03,14.97,1.3172,222000,214435.5,-57457.8,-264.6,-447098.6,-10183.1,6.0,-18835.2,-627840.0,185152.6,-504550.4,1,1
49.3333,1112.282,594.095,712.282,0.005,67.389,-0.14,67.389,3.173,1.887,15,0.15,14.85,1.3228,222000,214435.5,-57457.8,-1143.3,-449640.7,-10197.8,25.9,-0.0,0.0,203094.5,120767.4,0,1
49.35,1113.406,594.093,713.406,0.007,67.442,-0.108,67.442,3.176,1.883,15,0.12,14.88,1.3214,222000,214435.5,-57457.8,-933.1,-449889.7,-10213.8,21.2,-0.0,0.0,203288.7,120513.6,0,1
49.3667,1114.531,594.092,714.531,0.008,67.495,-0.077,67.495,3.179,1.879,15,0.09,14.91,1.3201,222000,214435.5,-57457.8,-723.4,-450140.3,-10229.8,16.4,-0.0,0.0,203482.3,120258.3,0,1
49.3833,1115.657,594.091,715.657,0.009,67.548,-0.046,67.548,3.182,1.875,15,0.07,14.93,1.3188,222000,214435.5,-57457.8,-514.3,-450392.4,-10245.9,11.7,-0.0,0.0,203675.4,120001.4,0,1
49.4,1116.783,594.091,716.783,0.009,67.601,-0.015,67.601,3.185,1.871,15,0.04,14.96,1.3174,222000,214435.5,-57457.8,-305.7,-450646.2,-10262.0,7.0,-0.0,0.0,203867.9,119743.0,0,1
49.4167,1117.911,594.091,717.911,0.009,67.654,0.016,67.654,3.188,1.867,15,0.01,14.99,1.3161,222000,214435.5,-57457.8,-97.6,-450901.5,-10278.1,2.2,-0.0,0.0,204059.8,119482.9,0,1
49.4333,1119.039,594.092,719.039,0.008,67.707,0.048,67.707,3.191,1.863,15,-0.01,15.01,1.3148,222000,214435.5,-57457.8,109.9,-451158.4,-10294.3,-2.5,-0.0,0.0,204251.1,119221.3,0,1
49.45,1120.169,594.093,720.169,0.007,67.76,0.079,67.761,3.194,1.859,15,-0.04,15.04,1.3135,222000,214435.5,-57457.8,316.9,-451416.9,-10310.5,-7.2,-0.0,0.0,204441.9,118958.1,0,1
49.4667,1121.299,594.095,721.299,0.005,67.814,0.109,67.814,3.197,1.855,15,-0.07,15.07,1.3122,222000,214435.5,-57457.8,523.3,-451677.0,-10326.7,-12.0,-0.0,0.0,204632.1,118693.2,0,1
49.4833,1122.43,594.097,722.43,0.003,67.867,0.14,67.867,3.2,1.85,15,-0.09,15.09,1.3109,222000,214435.5,-57457.8,729.2,-451938.7,-10343.0,-16.7,-0.0,0.0,204821.8,118426.8,0,1
49.5,1123.562,594.1,723.562,-0.0,67.921,0.171,67.921,3.203,1.846,15,-0.12,15.12,1.3096,222000,214435.5,-57457.8,934.5,-452202.0,-10359.3,-21.4,-0.0,0.0,205010.8,118158.8,0,1
49.5167,1124.695,594.097,724.695,0.003,67.969,-0.168,67.969,2.891,-8.014,15,0.03,14.97,1.3169,222000,214435.5,-57457.8,-229.4,-455459.4,-10375.5,5.2,-18835.2,-627840.0,184995.4,-512912.0,1,1
49.5333,1125.829,594.095,725.829,0.005,68.022,-0.139,68.022,3.171,1.755,15,0.14,14.86,1.3226,222000,214435.5,-57457.8,-1130.7,-458056.6,-10390.3,25.6,-0.0,0.0,202914.6,112351.3,0,1
49.55,1126.963,594.093,726.963,0.007,68.074,-0.109,68.075,3.173,1.751,15,0.12,14.88,1.3213,222000,214435.5,-57457.8,-933.4,-458339.3,-10406.4,21.2,-0.0,0.0,203095.7,112064.1,0,1
49.5667,1128.099,594.092,728.099,0.008,68.127,-0.08,68.127,3.176,1.746,15,0.09,14.91,1.3201,222000,214435.5,-57457.8,-736.6,-458623.7,-10422.6,16.7,-0.0,0.0,203276.3,111775.2,0,1
49.5833,1129.235,594.091,729.235,0.009,68.18,-0.051,68.18,3.179,1.742,15,0.07,14.93,1.3189,222000,214435.5,-57457.8,-540.4,-458909.8,-10438.8,12.3,-0.0,0.0,203456.3,111484.6,0,1
49.6,1130.372,594.091,730.372,0.009,68.233,-0.022,68.233,3.182,1.737,15,0.04,14.96,1.3176,222000,214435.5,-57457.8,-344.8,-459197.7,-10455.1,7.9,-0.0,0.0,203635.7,111192.3,0,1
49.6167,1131.51,594.091,731.51,0.009,68.286,0.007,68.286,3.185,1.733,15,0.02,14.98,1.3164,222000,214435.5,-57457.8,-149.8,-459487.2,-10471.3,3.4,-0.0,0.0,203814.4,110898.3,0,1
49.6333,1132.649,594.091,732.649,0.009,68.34,0.035,68.34,3.187,1.728,15,-0.01,15.01,1.3152,222000,214435.5,-57457.8,44.7,-459778.5,-10487.6,-1.0,-0.0,0.0,203992.6,110602.6,0,1
49.65,1133.789,594.092,733.789,0.008,68.393,0.064,68.393,3.19,1.724,15,-0.03,15.03,1.314,222000,214435.5,-57457.8,238.6,-460071.6,-10504.0,-5.4,-0.0,0.0,204170.2,110305.2,0,1
49.6667,1134.93,594.094,734.93,0.006,68.446,0.093,68.446,3.193,1.719,15,-0.05,15.05,1.3128,222000,214435.5,-57457.8,431.9,-460366.3,-10520.3,-9.9,-0.0,0.0,204347.2,110006.0,0,1
49.6833,1136.072,594.096,736.072,0.004,68.499,0.121,68.499,3.196,1.714,15,-0.08,15.08,1.3116,222000,214435.5,-57457.8,624.7,-460662.8,-10536.7,-14.3,-0.0,0.0,204523.5,109705.0,0,1
49.7,1137.214,594.098,737.214,0.002,68.553,0.15,68.553,3.198,1.709,15,-0.1,15.1,1.3104,222000,214435.5,-57457.8,816.9,-460961.1,-10553.1,-18.7,-0.0,0.0,204699.3,109402.4,0,1
49.7167,1138.358,594.101,738.358,-0.001,68.606,0.178,68.606,3.201,1.705,15,-0.13,15.13,1.3092,222000,214435.5,-57457.8,1008.5,-461261.2,-10569.6,-23.1,-0.0,0.0,204874.4,109097.9,0,1
49.7333,1139.502,594.097,739.502,0.003,68.654,-0.172,68.654,2.887,-8.159,15,0.03,14.97,1.317,222000,214435.5,-57457.8,-241.5,-464713.9,-10586.0,5.5,-18835.2,-627840.0,184772.8,-522166.2,1,1
49.75,1140.647,594.095,740.647,0.005,68.707,-0.145,68.707,3.167,1.61,15,0.14,14.86,1.3226,222000,214435.5,-57457.8,-1168.5,-467372.0,-10600.9,26.5,-0.0,0.0,202666.2,103036.6,0,1
49.7667,1141.793,594.093,741.793,0.007,68.76,-0.118,68.76,3.169,1.605,15,0.12,14.88,1.3215,222000,214435.5,-57457.8,-985.7,-467692.6,-10617.2,22.4,-0.0,0.0,202832.7,102712.0,0,1
49.7833,1142.94,594.091,742.94,0.009,68.812,-0.091,68.813,3.172,1.6,15,0.1,14.9,1.3204,222000,214435.5,-57457.8,-803.6,-468015.0,-10633.5,18.3,-0.0,0.0,202998.5,102385.5,0,1
49.8,1144.088,594.09,744.088,0.01,68.865,-0.065,68.865,3.174,1.595,15,0.08,14.92,1.3193,222000,214435.5,-57457.8,-622.0,-468339.2,-10649.8,14.1,-0.0,0.0,203163.7,102057.1,0,1
49.8167,1145.236,594.09,745.236,0.01,68.918,-0.038,68.918,3.177,1.589,15,0.05,14.95,1.3182,222000,214435.5,-57457.8,-441.1,-468665.3,-10666.2,10.0,-0.0,0.0,203328.2,101726.9,0,1
49.8333,1146.386,594.089,746.386,0.011,68.971,-0.012,68.971,3.18,1.584,15,0.03,14.97,1.3171,222000,214435.5,-57457.8,-260.8,-468993.3,-10682.6,5.9,-0.0,0.0,203492.1,101394.8,0,1
49.85,1147.536,594.09,747.536,0.01,69.024,0.014,69.024,3.182,1.579,15,0.01,14.99,1.316,222000,214435.5,-57457.8,-81.1,-469323.2,-10699.1,1.8,-0.0,0.0,203655.4,101060.8,0,1
49.8667,1148.687,594.09,748.687,0.01,69.077,0.041,69.077,3.185,1.574,15,-0.01,15.01,1.3149,222000,214435.5,-57457.8,98.0,-469655.0,-10715.5,-2.2,-0.0,0.0,203818.0,100725.0,0,1
49.8833,1149.84,594.091,749.84,0.009,69.131,0.067,69.131,3.187,1.569,15,-0.03,15.03,1.3138,222000,214435.5,-57457.8,276.4,-469988.6,-10732.0,-6.3,-0.0,0.0,203979.9,100387.2,0,1
49.9,1150.993,594.093,750.993,0.007,69.184,0.093,69.184,3.19,1.563,15,-0.06,15.06,1.3127,222000,214435.5,-57457.8,454.3,-470324.2,-10748.5,-10.4,-0.0,0.0,204141.3,100047.6,0,1
49.9167,1152.147,594.095,752.147,0.005,69.237,0.119,69.237,3.192,1.558,15,-0.08,15.08,1.3116,222000,214435.5,-57457.8,631.5,-470661.7,-10765.1,-14.4,-0.0,0.0,204302.0,99706.1,0,1
49.9333,1153.301,594.097,753.301,0.003,69.29,0.145,69.29,3.195,1.553,15,-0.1,15.1,1.3106,222000,214435.5,-57457.8,808.1,-471001.1,-10781.6,-18.5,-0.0,0.0,204462.0,99362.6,0,1
49.95,1154.457,594.1,754.457,-0.0,69.343,0.17,69.344,3.197,1.547,15,-0.12,15.12,1.3095,222000,214435.5,-57457.8,984.1,-471342.4,-10798.2,-22.5,-0.0,0.0,204621.4,99017.2,0,1
49.9667,1155.614,594.097,755.614,0.003,69.391,-0.173,69.392,2.884,-8.315,15,0.03,14.97,1.3169,222000,214435.5,-57457.8,-233.4,-474730.5,-10814.8,5.3,-18835.2,-627840.0,184552.1,-532183.0,1,1
49.9833,1156.771,594.095,756.771,0.005,69.444,-0.148,69.444,3.163,1.452,15,0.14,14.86,1.3226,222000,214435.5,-57457.8,-1188.1,-477455.3,-10829.9,26.9,-0.0,0.0,202417.5,92953.8,0,1
50.0,1157.929,594.093,757.929,0.007,69.497,-0.124,69.497,3.165,1.447,15,0.12,14.88,1.3216,222000,214435.5,-57457.8,-1021.6,-477817.6,-10846.3,23.2,-0.0,0.0,202567.6,92587.8,0,1
50.0167,1159.089,594.091,759.089,0.009,69.55,-0.1,69.55,3.167,1.441,15,0.1,14.9,1.3206,222000,214435.5,-57457.8,-855.7,-478181.9,-10862.8,19.4,-0.0,0.0,202717.1,92219.7,0,1
50.0333,1160.249,594.09,760.249,0.01,69.603,-0.076,69.603,3.17,1.435,15,0.08,14.92,1.3196,222000,214435.5,-57457.8,-690.4,-478548.2,-10879.3,15.7,-0.0,0.0,202865.8,91849.6,0,1
50.05,1161.41,594.089,761.41,0.011,69.655,-0.053,69.655,3.172,1.429,15,0.06,14.94,1.3186,222000,214435.5,-57457.8,-525.9,-478916.6,-10895.8,12.0,-0.0,0.0,203013.9,91477.5,0,1
50.0667,1162.571,594.088,762.571,0.012,69.708,-0.029,69.708,3.174,1.423,15,0.04,14.96,1.3176,222000,214435.5,-57457.8,-362.0,-479287.0,-10912.4,8.2,-0.0,0.0,203161.2,91103.4,0,1
50.0833,1163.734,594.088,763.734,0.012,69.761,-0.005,69.761,3.177,1.418,15,0.02,14.98,1.3167,222000,214435.5,-57457.8,-198.7,-479659.5,-10928.9,4.5,-0.0,0.0,203307.9,90727.2,0,1
50.1,1164.898,594.088,764.898,0.012,69.814,0.018,69.814,3.179,1.412,15,0.0,15.0,1.3157,222000,214435.5,-57457.8,-36.1,-480034.0,-10945.6,0.8,-0.0,0.0,203453.8,90349.0,0,1
50.1167,1166.062,594.089,766.062,0.011,69.867,0.042,69.867,3.181,1.406,15,-0.01,15.01,1.3147,222000,214435.5,-57457.8,125.8,-480410.6,-10962.2,-2.9,-0.0,0.0,203599.1,89968.7,0,1
50.1333,1167.227,594.09,767.227,0.01,69.92,0.065,69.92,3.183,1.4,15,-0.03,15.03,1.3138,222000,214435.5,-57457.8,287.0,-480789.3,-10978.8,-6.6,-0.0,0.0,203743.7,89586.3,0,1
50.15,1168.394,594.092,768.394,0.008,69.973,0.088,69.974,3.186,1.394,15,-0.05,15.05,1.3128,222000,214435.5,-57457.8,447.6,-481170.1,-10995.5,-10.2,-0.0,0.0,203887.6,89201.9,0,1
50.1667,1169.561,594.094,769.561,0.006,70.027,0.111,70.027,3.188,1.388,15,-0.07,15.07,1.3119,222000,214435.5,-57457.8,607.4,-481552.9,-11012.2,-13.9,-0.0,0.0,204030.7,88815.3,0,1
50.1833,1170.729,594.096,770.729,0.004,70.08,0.134,70.08,3.19,1.382,15,-0.09,15.09,1.3109,222000,214435.5,-57457.8,766.6,-481937.9,-11029.0,-17.5,-0.0,0.0,204173.2,88426.7,0,1
50.2,1171.898,594.098,771.898,0.002,70.133,0.157,70.133,3.192,1.376,15,-0.11,15.11,1.31,222000,214435.5,-57457.8,925.2,-482325.0,-11045.7,-21.2,-0.0,0.0,204315.0,88036.0,0,1
50.2167,1173.067,594.101,773.067,-0.001,70.186,0.18,70.186,3.195,1.369,15,-0.13,15.13,1.3091,222000,214435.5,-57457.8,1083.0,-482714.2,-11062.5,-24.8,-0.0,0.0,204456.0,87643.1,0,1
50.2333,1174.238,594.097,774.238,0.003,70.234,-0.178,70.234,2.879,-8.497,15,0.03,14.97,1.317,222000,214435.5,-57457.8,-249.7,-486363.1,-11079.3,5.7,-18835.2,-627840.0,184271.3,-543815.3,1,1
50.25,1175.409,594.094,775.409,0.006,70.287,-0.156,70.287,3.158,1.269,15,0.14,14.86,1.3227,222000,214435.5,-57457.8,-1237.3,-489165.8,-11094.5,28.1,-0.0,0.0,202103.7,81244.4,0,1
50.2667,1176.582,594.092,776.582,0.008,70.339,-0.135,70.34,3.16,1.263,15,0.13,14.87,1.3219,222000,214435.5,-57457.8,-1090.1,-489577.4,-11111.1,24.7,-0.0,0.0,202234.4,80829.5,0,1
50.2833,1177.755,594.09,777.755,0.01,70.392,-0.115,70.392,3.162,1.256,15,0.11,14.89,1.321,222000,214435.5,-57457.8,-943.5,-489991.3,-11127.8,21.4,-0.0,0.0,202364.2,80412.3,0,1
50.3,1178.929,594.089,778.929,0.011,70.445,-0.094,70.445,3.164,1.25,15,0.09,14.91,1.3201,222000,214435.5,-57457.8,-797.7,-490407.4,-11144.4,18.1,-0.0,0.0,202493.4,79992.9,0,1
50.3167,1180.104,594.087,780.104,0.013,70.498,-0.073,70.498,3.166,1.243,15,0.08,14.92,1.3193,222000,214435.5,-57457.8,-652.7,-490825.8,-11161.1,14.8,-0.0,0.0,202621.7,79571.2,0,1
50.3333,1181.28,594.087,781.28,0.013,70.55,-0.052,70.551,3.168,1.237,15,0.06,14.94,1.3184,222000,214435.5,-57457.8,-508.3,-491246.4,-11177.9,11.6,-0.0,0.0,202749.3,79147.4,0,1
50.35,1182.457,594.086,782.457,0.014,70.603,-0.032,70.603,3.17,1.23,15,0.04,14.96,1.3176,222000,214435.5,-57457.8,-364.8,-491669.2,-11194.6,8.3,-0.0,0.0,202876.2,78721.3,0,1
50.3667,1183.634,594.086,783.634,0.014,70.656,-0.011,70.656,3.172,1.223,15,0.03,14.97,1.3168,222000,214435.5,-57457.8,-221.9,-492094.3,-11211.4,5.1,-0.0,0.0,203002.2,78292.9,0,1
50.3833,1184.813,594.086,784.813,0.014,70.709,0.009,70.709,3.174,1.217,15,0.01,14.99,1.3159,222000,214435.5,-57457.8,-79.8,-492521.7,-11228.2,1.8,-0.0,0.0,203127.5,77862.3,0,1
50.4,1185.992,594.087,785.992,0.013,70.762,0.029,70.762,3.176,1.21,15,-0.01,15.01,1.3151,222000,214435.5,-57457.8,61.5,-492951.4,-11245.0,-1.4,-0.0,0.0,203252.1,77429.4,0,1
50.4167,1187.172,594.087,787.172,0.013,70.815,0.049,70.815,3.178,1.203,15,-0.02,15.02,1.3143,222000,214435.5,-57457.8,202.1,-493383.4,-11261.8,-4.6,-0.0,0.0,203375.8,76994.2,0,1
50.4333,1188.353,594.088,788.353,0.012,70.868,0.069,70.868,3.18,1.196,15,-0.04,15.04,1.3135,222000,214435.5,-57457.8,342.0,-493817.7,-11278.7,-7.8,-0.0,0.0,203498.8,76556.7,0,1
50.45,1189.535,594.09,789.535,0.01,70.921,0.089,70.921,3.182,1.189,15,-0.06,15.06,1.3127,222000,214435.5,-57457.8,481.1,-494254.3,-11295.6,-11.0,-0.0,0.0,203621.0,76116.9,0,1
50.4667,1190.718,594.092,790.718,0.008,70.974,0.109,70.974,3.183,1.182,15,-0.07,15.07,1.3119,222000,214435.5,-57457.8,619.4,-494693.2,-11312.5,-14.2,-0.0,0.0,203742.4,75674.8,0,1
50.4833,1191.902,594.094,791.902,0.006,71.027,0.128,71.027,3.185,1.175,15,-0.09,15.09,1.3111,222000,214435.5,-57457.8,757.0,-495134.5,-11329.4,-17.3,-0.0,0.0,203863.1,75230.4,0,1
50.5,1193.087,594.096,793.087,0.004,71.08,0.148,71.08,3.187,1.168,15,-0.1,15.1,1.3103,222000,214435.5,-57457.8,893.8,-495578.1,-11346.4,-20.5,-0.0,0.0,203982.9,74783.6,0,1
50.5167,1194.272,594.099,794.272,0.001,71.133,0.167,71.134,3.189,1.161,15,-0.12,15.12,1.3095,222000,214435.5,-57457.8,1029.8,-496024.1,-11363.4,-23.6,-0.0,0.0,204102.0,74334.5,0,1
50.5333,1195.459,594.102,795.459,-0.002,71.187,0.186,71.187,3.191,1.154,15,-0.13,15.13,1.3088,222000,214435.5,-57457.8,1165.1,-496472.4,-11380.4,-26.7,-0.0,0.0,204220.2,73883.1,0,1
50.55,1196.646,594.097,796.646,0.003,71.234,-0.182,71.235,2.874,-8.715,15,0.03,14.97,1.317,222000,214435.5,-57457.8,-261.7,-500337.1,-11397.4,6.0,-18835.2,-627840.0,183941.2,-557788.9,1,1
50.5667,1197.834,594.094,797.834,0.006,71.287,-0.165,71.287,3.152,1.05,15,0.15,14.85,1.3228,222000,214435.5,-57457.8,-1289.2,-503234.2,-11412.8,29.2,-0.0,0.0,201733.6,67177.2,0,1
50.5833,1199.023,594.092,799.023,0.008,71.34,-0.148,71.34,3.154,1.042,15,0.13,14.87,1.3221,222000,214435.5,-57457.8,-1165.9,-503706.5,-11429.6,26.5,-0.0,0.0,201840.1,66702.1,0,1
50.6,1200.213,594.09,800.213,0.01,71.392,-0.13,71.392,3.155,1.035,15,0.12,14.88,1.3214,222000,214435.5,-57457.8,-1043.3,-504181.3,-11446.5,23.7,-0.0,0.0,201945.7,66224.5,0,1
50.6167,1201.404,594.088,801.404,0.012,71.445,-0.113,71.445,3.157,1.027,15,0.1,14.9,1.3207,222000,214435.5,-57457.8,-921.6,-504658.6,-11463.3,20.9,-0.0,0.0,202050.6,65744.5,0,1
50.6333,1202.595,594.086,802.595,0.014,71.497,-0.096,71.498,3.159,1.02,15,0.09,14.91,1.32,222000,214435.5,-57457.8,-800.8,-505138.4,-11480.2,18.2,-0.0,0.0,202154.5,65262.0,0,1
50.65,1203.788,594.085,803.788,0.015,71.55,-0.079,71.55,3.16,1.012,15,0.08,14.92,1.3193,222000,214435.5,-57457.8,-680.8,-505620.6,-11497.2,15.5,-0.0,0.0,202257.6,64777.0,0,1
50.6667,1204.981,594.084,804.981,0.016,71.603,-0.063,71.603,3.162,1.005,15,0.06,14.94,1.3187,222000,214435.5,-57457.8,-561.6,-506105.4,-11514.1,12.8,-0.0,0.0,202359.8,64289.5,0,1
50.6833,1206.175,594.083,806.175,0.017,71.656,-0.046,71.656,3.163,0.997,15,0.05,14.95,1.318,222000,214435.5,-57457.8,-443.3,-506592.7,-11531.1,10.1,-0.0,0.0,202461.2,63799.6,0,1
50.7,1207.371,594.082,807.371,0.018,71.708,-0.03,71.708,3.165,0.989,15,0.04,14.96,1.3173,222000,214435.5,-57457.8,-325.8,-507082.5,-11548.0,7.4,-0.0,0.0,202561.7,63307.1,0,1
50.7167,1208.567,594.082,808.567,0.018,71.761,-0.013,71.761,3.167,0.981,15,0.02,14.98,1.3167,222000,214435.5,-57457.8,-209.2,-507574.9,-11565.1,4.8,-0.0,0.0,202661.3,62812.0,0,1
50.7333,1209.764,594.082,809.764,0.018,71.814,0.003,71.814,3.168,0.974,15,0.01,14.99,1.316,222000,214435.5,-57457.8,-93.4,-508069.9,-11582.1,2.1,-0.0,0.0,202760.0,62314.4,0,1
50.75,1210.961,594.083,810.961,0.017,71.867,0.019,71.867,3.17,0.966,15,-0.0,15.0,1.3154,222000,214435.5,-57457.8,21.5,-508567.4,-11599.1,-0.5,-0.0,0.0,202857.9,61814.3,0,1
50.7667,1212.16,594.083,812.16,0.017,71.92,0.035,71.92,3.171,0.958,15,-0.02,15.02,1.3147,222000,214435.5,-57457.8,135.5,-509067.4,-11616.2,-3.1,-0.0,0.0,202954.8,61311.6,0,1
50.7833,1213.36,594.084,813.36,0.016,71.972,0.051,71.972,3.173,0.95,15,-0.03,15.03,1.3141,222000,214435.5,-57457.8,248.7,-509570.1,-11633.3,-5.7,-0.0,0.0,203050.9,60806.4,0,1
50.8,1214.56,594.085,814.56,0.015,72.025,0.067,72.025,3.174,0.942,15,-0.04,15.04,1.3135,222000,214435.5,-57457.8,361.0,-510075.4,-11650.4,-8.2,-0.0,0.0,203146.1,60298.5,0,1
50.8167,1215.761,594.087,815.761,0.013,72.078,0.082,72.078,3.176,0.934,15,-0.05,15.05,1.3128,222000,214435.5,-57457.8,472.4,-510583.3,-11667.5,-10.8,-0.0,0.0,203240.4,59788.1,0,1
50.8333,1216.963,594.088,816.963,0.012,72.131,0.098,72.131,3.177,0.926,15,-0.07,15.07,1.3122,222000,214435.5,-57457.8,582.9,-511093.8,-11684.7,-13.3,-0.0,0.0,203333.7,59275.0,0,1
50.85,1218.167,594.09,818.167,0.01,72.184,0.113,72.184,3.179,0.918,15,-0.08,15.08,1.3116,222000,214435.5,-57457.8,692.5,-511607.0,-11701.9,-15.8,-0.0,0.0,203426.2,58759.4,0,1
50.8667,1219.37,594.092,819.37,0.008,72.237,0.128,72.237,3.18,0.91,15,-0.09,15.09,1.311,222000,214435.5,-57457.8,801.3,-512122.8,-11719.1,-18.3,-0.0,0.0,203517.7,58241.1,0,1
50.8833,1220.575,594.095,820.575,0.005,72.29,0.143,72.29,3.181,0.902,15,-0.1,15.1,1.3104,222000,214435.5,-57457.8,909.1,-512641.2,-11736.3,-20.8,-0.0,0.0,203608.4,57720.1,0,1
50.9,1221.781,594.097,821.781,0.003,72.343,0.158,72.343,3.183,0.894,15,-0.11,15.11,1.3098,222000,214435.5,-57457.8,1016.1,-513162.3,-11753.5,-23.3,-0.0,0.0,203698.1,57196.6,0,1
50.9167,1222.988,594.1,822.988,-0.0,72.396,0.173,72.397,3.184,0.885,15,-0.13,15.13,1.3092,222000,214435.5,-57457.8,1122.2,-513686.2,-11770.8,-25.7,-0.0,0.0,203786.9,56670.3,0,1
50.9333,1224.195,594.097,824.195,0.003,72.444,-0.184,72.444,2.868,-8.983,15,0.03,14.97,1.3168,222000,214435.5,-57457.8,-247.0,-517435.3,-11788.0,5.6,-18835.2,-627840.0,183565.3,-574887.5,1,1
50.95,1225.403,594.094,825.403,0.006,72.497,-0.171,72.497,3.145,0.781,15,0.15,14.85,1.3228,222000,214435.5,-57457.8,-1323.8,-520449.5,-11803.7,30.0,-0.0,0.0,201308.1,49962.7,0,1
50.9667,1226.612,594.091,826.612,0.009,72.549,-0.158,72.549,3.147,0.772,15,0.14,14.86,1.3222,222000,214435.5,-57457.8,-1230.7,-520998.1,-11820.7,27.9,-0.0,0.0,201384.0,49412.0,0,1
50.9833,1227.822,594.089,827.822,0.011,72.601,-0.146,72.602,3.148,0.763,15,0.13,14.87,1.3217,222000,214435.5,-57457.8,-1138.7,-521549.5,-11837.8,25.8,-0.0,0.0,201459.0,48858.5,0,1
51.0,1229.033,594.087,829.033,0.013,72.654,-0.133,72.654,3.149,0.755,15,0.11,14.89,1.3212,222000,214435.5,-57457.8,-1047.5,-522103.7,-11855.0,23.8,-0.0,0.0,201533.0,48302.2,0,1
51.0167,1230.245,594.085,830.245,0.015,72.706,-0.121,72.707,3.15,0.746,15,0.1,14.9,1.3207,222000,214435.5,-57457.8,-957.4,-522660.7,-11872.1,21.7,-0.0,0.0,201606.0,47743.2,0,1
51.0333,1231.458,594.083,831.458,0.017,72.759,-0.108,72.759,3.151,0.737,15,0.1,14.9,1.3202,222000,214435.5,-57457.8,-868.3,-523220.6,-11889.3,19.7,-0.0,0.0,201678.0,47181.3,0,1
51.05,1232.671,594.081,832.671,0.019,72.812,-0.096,72.812,3.152,0.728,15,0.09,14.91,1.3197,222000,214435.5,-57457.8,-780.1,-523783.3,-11906.4,17.7,-0.0,0.0,201749.0,46616.6,0,1
51.0667,1233.886,594.08,833.886,0.02,72.864,-0.084,72.864,3.153,0.72,15,0.08,14.92,1.3193,222000,214435.5,-57457.8,-693.0,-524348.8,-11923.6,15.8,-0.0,0.0,201818.9,46049.1,0,1
51.0833,1235.101,594.079,835.101,0.021,72.917,-0.072,72.917,3.154,0.711,15,0.07,14.93,1.3188,222000,214435.5,-57457.8,-606.8,-524917.2,-11940.9,13.8,-0.0,0.0,201887.8,45478.8,0,1
51.1,1236.317,594.078,836.317,0.022,72.969,-0.061,72.969,3.156,0.702,15,0.06,14.94,1.3183,222000,214435.5,-57457.8,-521.7,-525488.4,-11958.1,11.9,-0.0,0.0,201955.7,44905.6,0,1
51.1167,1237.534,594.077,837.534,0.023,73.022,-0.049,73.022,3.157,0.693,15,0.05,14.95,1.3179,222000,214435.5,-57457.8,-437.6,-526062.6,-11975.4,10.0,-0.0,0.0,202022.6,44329.6,0,1
51.1333,1238.752,594.076,838.752,0.024,73.074,-0.038,73.074,3.158,0.684,15,0.04,14.96,1.3174,222000,214435.5,-57457.8,-354.5,-526639.6,-11992.6,8.1,-0.0,0.0,202088.4,43750.6,0,1
51.15,1239.971,594.076,839.971,0.024,73.127,-0.027,73.127,3.159,0.675,15,0.03,14.97,1.317,222000,214435.5,-57457.8,-272.4,-527219.6,-12009.9,6.2,-0.0,0.0,202153.2,43168.8,0,1
51.1667,1241.191,594.076,841.191,0.024,73.18,-0.015,73.18,3.16,0.665,15,0.02,14.98,1.3165,222000,214435.5,-57457.8,-191.4,-527802.5,-12027.2,4.4,-0.0,0.0,202216.9,42584.1,0,1
51.1833,1242.411,594.076,842.411,0.024,73.232,-0.004,73.232,3.161,0.656,15,0.01,14.99,1.3161,222000,214435.5,-57457.8,-111.4,-528388.3,-12044.6,2.5,-0.0,0.0,202279.6,41996.4,0,1
51.2,1243.633,594.076,843.633,0.024,73.285,0.006,73.285,3.162,0.647,15,0.0,15.0,1.3157,222000,214435.5,-57457.8,-32.5,-528977.1,-12061.9,0.7,-0.0,0.0,202341.2,41405.8,0,1
51.2167,1244.855,594.076,844.855,0.024,73.338,0.017,73.338,3.163,0.638,15,-0.0,15.0,1.3152,222000,214435.5,-57457.8,45.5,-529568.8,-12079.3,-1.0,-0.0,0.0,202401.7,40812.3,0,1
51.2333,1246.078,594.076,846.078,0.024,73.391,0.027,73.391,3.163,0.628,15,-0.01,15.01,1.3148,222000,214435.5,-57457.8,122.3,-530163.5,-12096.6,-2.8,-0.0,0.0,202461.2,40215.9,0,1
51.25,1247.302,594.077,847.302,0.023,73.443,0.038,73.443,3.164,0.619,15,-0.02,15.02,1.3144,222000,214435.5,-57457.8,198.1,-530761.2,-12114.0,-4.5,-0.0,0.0,202519.6,39616.4,0,1
51.2667,1248.527,594.078,848.527,0.022,73.496,0.048,73.496,3.165,0.61,15,-0.03,15.03,1.314,222000,214435.5,-57457.8,272.8,-531361.9,-12131.5,-6.2,-0.0,0.0,202576.9,39014.0,0,1
51.2833,1249.753,594.079,849.753,0.021,73.549,0.058,73.549,3.166,0.6,15,-0.04,15.04,1.3136,222000,214435.5,-57457.8,346.5,-531965.7,-12148.9,-7.9,-0.0,0.0,202633.1,38408.6,0,1
51.3,1250.979,594.08,850.979,0.02,73.602,0.068,73.602,3.167,0.591,15,-0.05,15.05,1.3132,222000,214435.5,-57457.8,419.0,-532572.4,-12166.4,-9.6,-0.0,0.0,202688.2,37800.2,0,1
51.3167,1252.207,594.081,852.207,0.019,73.654,0.077,73.654,3.168,0.581,15,-0.05,15.05,1.3128,222000,214435.5,-57457.8,490.5,-533182.2,-12183.8,-11.2,-0.0,0.0,202742.2,37188.7,0,1
51.3333,1253.436,594.083,853.436,0.017,73.707,0.087,73.707,3.169,0.571,15,-0.06,15.06,1.3125,222000,214435.5,-57457.8,560.9,-533795.1,-12201.3,-12.8,-0.0,0.0,202795.1,36574.3,0,1
51.35,1254.665,594.084,854.665,0.016,73.76,0.096,73.76,3.169,0.562,15,-0.07,15.07,1.3121,222000,214435.5,-57457.8,630.2,-534411.0,-12218.8,-14.4,-0.0,0.0,202846.9,35956.8,0,1
51.3667,1255.895,594.086,855.895,0.014,73.813,0.105,73.813,3.17,0.552,15,-0.07,15.07,1.3117,222000,214435.5,-57457.8,698.4,-535030.0,-12236.3,-16.0,-0.0,0.0,202897.6,35336.2,0,1
51.3833,1257.126,594.088,857.126,0.012,73.866,0.115,73.866,3.171,0.542,15,-0.08,15.08,1.3114,222000,214435.5,-57457.8,765.5,-535652.1,-12253.9,-17.5,-0.0,0.0,202947.2,34712.5,0,1
51.4,1258.358,594.09,858.358,0.01,73.919,0.123,73.919,3.172,0.533,15,-0.09,15.09,1.311,222000,214435.5,-57457.8,831.5,-536277.4,-12271.4,-19.0,-0.0,0.0,202995.6,34085.8,0,1
51.4167,1259.591,594.092,859.591,0.008,73.971,0.132,73.972,3.173,0.523,15,-0.1,15.1,1.3107,222000,214435.5,-57457.8,896.3,-536905.7,-12289.0,-20.5,-0.0,0.0,203042.9,33455.9,0,1
51.4333,1260.825,594.094,860.825,0.006,74.024,0.141,74.024,3.173,0.513,15,-0.1,15.1,1.3104,222000,214435.5,-57457.8,960.1,-537537.2,-12306.6,-22.0,-0.0,0.0,203089.0,32823.0,0,1
51.45,1262.059,594.097,862.059,0.003,74.077,0.149,74.077,3.174,0.503,15,-0.11,15.11,1.31,222000,214435.5,-57457.8,1022.7,-538171.8,-12324.2,-23.4,-0.0,0.0,203134.0,32186.9,0,1
51.4667,1263.295,594.1,863.295,0.0,74.13,0.157,74.13,3.175,0.493,15,-0.12,15.12,1.3097,222000,214435.5,-57457.8,1084.1,-538809.7,-12341.8,-24.8,-0.0,0.0,203177.8,31547.7,0,1
51.4833,1264.531,594.102,864.531,-0.002,74.183,0.165,74.183,3.175,0.483,15,-0.12,15.12,1.3094,222000,214435.5,-57457.8,1144.4,-539450.7,-12359.5,-26.2,-0.0,0.0,203220.5,30905.3,0,1
51.5,1265.768,594.097,865.768,0.003,74.231,-0.189,74.231,2.859,-9.386,15,0.03,14.97,1.3168,222000,214435.5,-57457.8,-242.1,-543254.2,-12377.1,5.5,-18835.2,-627840.0,182981.1,-600706.5,1,1
51.5167,1267.006,594.094,867.006,0.006,74.283,-0.183,74.283,3.135,0.374,15,0.15,14.85,1.3228,222000,214435.5,-57457.8,-1395.0,-546447.7,-12393.0,31.6,-0.0,0.0,200647.5,23966.1,0,1
51.5333,1268.245,594.091,868.245,0.009,74.335,-0.177,74.335,3.136,0.364,15,0.14,14.86,1.3225,222000,214435.5,-57457.8,-1349.7,-547115.4,-12410.5,30.6,-0.0,0.0,200675.3,23297.4,0,1
51.55,1269.485,594.088,869.485,0.012,74.388,-0.171,74.388,3.136,0.354,15,0.14,14.86,1.3223,222000,214435.5,-57457.8,-1305.7,-547786.5,-12428.0,29.6,-0.0,0.0,200701.9,22625.3,0,1
51.5667,1270.726,594.085,870.726,0.015,74.44,-0.166,74.44,3.136,0.343,15,0.13,14.87,1.3221,222000,214435.5,-57457.8,-1263.0,-548460.8,-12445.4,28.7,-0.0,0.0,200727.1,21950.0,0,1
51.5833,1271.967,594.083,871.967,0.017,74.492,-0.16,74.492,3.137,0.332,15,0.13,14.87,1.3219,222000,214435.5,-57457.8,-1221.5,-549138.5,-12462.9,27.7,-0.0,0.0,200751.1,21271.4,0,1
51.6,1273.21,594.08,873.21,0.02,74.544,-0.155,74.545,3.137,0.322,15,0.12,14.88,1.3216,222000,214435.5,-57457.8,-1181.2,-549819.5,-12480.4,26.8,-0.0,0.0,200773.8,20589.5,0,1
51.6167,1274.453,594.077,874.453,0.023,74.597,-0.149,74.597,3.137,0.311,15,0.12,14.88,1.3214,222000,214435.5,-57457.8,-1142.3,-550503.9,-12498.0,25.9,-0.0,0.0,200795.3,19904.2,0,1
51.6333,1275.697,594.075,875.697,0.025,74.649,-0.144,74.649,3.138,0.3,15,0.11,14.89,1.3212,222000,214435.5,-57457.8,-1104.6,-551191.6,-12515.5,25.1,-0.0,0.0,200815.4,19215.6,0,1
51.65,1276.942,594.073,876.942,0.027,74.701,-0.14,74.701,3.138,0.289,15,0.11,14.89,1.321,222000,214435.5,-57457.8,-1068.2,-551882.7,-12533.1,24.3,-0.0,0.0,200834.2,18523.7,0,1
51.6667,1278.188,594.07,878.188,0.03,74.754,-0.135,74.754,3.138,0.279,15,0.11,14.89,1.3208,222000,214435.5,-57457.8,-1033.1,-552577.2,-12550.6,23.5,-0.0,0.0,200851.8,17828.4,0,1
51.6833,1279.435,594.068,879.435,0.032,74.806,-0.131,74.806,3.139,0.268,15,0.1,14.9,1.3207,222000,214435.5,-57457.8,-999.4,-553275.1,-12568.2,22.7,-0.0,0.0,200868.0,17129.7,0,1
51.7,1280.683,594.066,880.683,0.034,74.858,-0.126,74.858,3.139,0.257,15,0.1,14.9,1.3205,222000,214435.5,-57457.8,-966.9,-553976.5,-12585.8,22.0,-0.0,0.0,200882.8,16427.7,0,1
51.7167,1281.931,594.064,881.931,0.036,74.91,-0.122,74.911,3.139,0.246,15,0.1,14.9,1.3203,222000,214435.5,-57457.8,-935.7,-554681.3,-12603.4,21.3,-0.0,0.0,200896.4,15722.2,0,1
51.7333,1283.18,594.062,883.18,0.038,74.963,-0.118,74.963,3.139,0.235,15,0.09,14.91,1.3202,222000,214435.5,-57457.8,-905.9,-555389.5,-12621.0,20.6,-0.0,0.0,200908.6,15013.3,0,1
51.75,1284.431,594.06,884.431,0.04,75.015,-0.115,75.015,3.139,0.223,15,0.09,14.91,1.32,222000,214435.5,-57457.8,-877.5,-556101.2,-12638.7,19.9,-0.0,0.0,200919.4,14300.9,0,1
51.7667,1285.682,594.058,885.682,0.042,75.067,-0.111,75.068,3.14,0.212,15,0.09,14.91,1.3199,222000,214435.5,-57457.8,-850.3,-556816.4,-12656.3,19.3,-0.0,0.0,200928.9,13585.1,0,1
51.7833,1286.934,594.057,886.934,0.043,75.12,-0.108,75.12,3.14,0.201,15,0.08,14.92,1.3197,222000,214435.5,-57457.8,-824.6,-557535.1,-12674.0,18.7,-0.0,0.0,200937.0,12865.8,0,1
51.8,1288.187,594.055,888.187,0.045,75.172,-0.105,75.172,3.14,0.19,15,0.08,14.92,1.3196,222000,214435.5,-57457.8,-800.1,-558257.3,-12691.6,18.2,-0.0,0.0,200943.7,12143.1,0,1
51.8167,1289.44,594.053,889.44,0.047,75.224,-0.102,75.225,3.14,0.178,15,0.08,14.92,1.3195,222000,214435.5,-57457.8,-777.1,-558983.0,-12709.3,17.7,-0.0,0.0,200949.1,11416.8,0,1
51.8333,1290.695,594.052,890.695,0.048,75.277,-0.099,75.277,3.14,0.167,15,0.08,14.92,1.3193,222000,214435.5,-57457.8,-755.5,-559712.3,-12727.0,17.2,-0.0,0.0,200953.0,10687.0,0,1
51.85,1291.95,594.05,891.95,0.05,75.329,-0.096,75.329,3.14,0.156,15,0.08,14.92,1.3192,222000,214435.5,-57457.8,-735.2,-560445.2,-12744.7,16.7,-0.0,0.0,200955.6,9953.7,0,1
51.8667,1293.207,594.048,893.207,0.052,75.381,-0.094,75.382,3.14,0.144,15,0.07,14.93,1.3191,222000,214435.5,-57457.8,-716.4,-561181.6,-12762.5,16.3,-0.0,0.0,200956.7,9216.8,0,1
51.8833,1294.464,594.047,894.464,0.053,75.434,-0.092,75.434,3.14,0.132,15,0.07,14.93,1.319,222000,214435.5,-57457.8,-698.9,-561921.7,-12780.2,15.9,-0.0,0.0,200956.4,8476.4,0,1
51.9,1295.722,594.045,895.722,0.055,75.486,-0.09,75.486,3.14,0.121,15,0.07,14.93,1.319,222000,214435.5,-57457.8,-682.9,-562665.3,-12798.0,15.5,-0.0,0.0,200954.7,7732.4,0,1
51.9167,1296.981,594.044,896.981,0.056,75.538,-0.088,75.538,3.14,0.109,15,0.07,14.93,1.3189,222000,214435.5,-57457.8,-668.3,-563412.6,-12815.7,15.2,-0.0,0.0,200951.5,6984.8,0,1
51.9333,1298.241,594.042,898.241,0.058,75.591,-0.086,75.591,3.14,0.097,15,0.07,14.93,1.3188,222000,214435.5,-57457.8,-655.1,-564163.5,-12833.5,14.9,-0.0,0.0,200946.9,6233.6,0,1
51.95,1299.502,594.041,899.502,0.059,75.643,-0.085,75.643,3.14,0.086,15,0.07,14.93,1.3187,222000,214435.5,-57457.8,-643.4,-564918.1,-12851.3,14.6,-0.0,0.0,200940.8,5478.7,0,1
51.9667,1300.763,594.04,900.763,0.06,75.695,-0.083,75.695,3.14,0.074,15,0.06,14.94,1.3187,222000,214435.5,-57457.8,-633.2,-565676.3,-12869.1,14.4,-0.0,0.0,200933.3,4720.3,0,1
51.9833,1302.026,594.038,902.026,0.062,75.748,-0.082,75.748,3.139,0.062,15,0.06,14.94,1.3186,222000,214435.5,-57457.8,-624.4,-566438.3,-12886.9,14.2,-0.0,0.0,200924.3,3958.1,0,1
52.0,1303.289,594.037,903.289,0.063,75.8,-0.082,75.8,3.139,0.05,15,0.06,14.94,1.3186,222000,214435.5,-57457.8,-617.1,-567203.9,-12904.7,14.0,-0.0,0.0,200913.7,3192.3,0,1
52.0167,1304.553,594.036,904.553,0.064,75.852,-0.081,75.852,3.139,0.038,15,0.06,14.94,1.3186,222000,214435.5,-57457.8,-611.3,-567973.3,-12922.6,13.9,-0.0,0.0,200901.7,2422.8,0,1
52.0333,1305.818,594.034,905.818,0.066,75.905,-0.081,75.905,3.139,0.026,15,0.06,14.94,1.3185,222000,214435.5,-57457.8,-606.9,-568746.4,-12940.4,13.8,-0.0,0.0,200888.2,1649.6,0,1
52.05,1307.084,594.033,907.084,0.067,75.957,-0.08,75.957,3.139,0.014,15,0.06,14.94,1.3185,222000,214435.5,-57457.8,-604.1,-569523.3,-12958.3,13.7,-0.0,0.0,200873.2,872.6,0,1
52.0667,1308.351,594.032,908.351,0.068,76.009,-0.08,76.009,3.138,0.001,15,0.06,14.94,1.3185,222000,214435.5,-57457.8,-602.8,-570303.9,-12976.1,13.7,-0.0,0.0,200856.6,92.0,0,1
52.0833,1309.619,594.03,909.619,0.07,76.062,-0.08,76.062,3.138,-0.011,15,0.06,14.94,1.3185,222000,214435.5,-57457.8,-603.1,-571088.3,-12994.0,13.7,-0.0,0.0,200838.5,-692.5,0,1
52.1,1310.887,594.029,910.887,0.071,76.114,-0.081,76.114,3.138,-0.023,15,0.06,14.94,1.3185,222000,214435.5,-57457.8,-604.8,-571876.6,-13011.9,13.8,-0.0,0.0,200818.8,-1480.7,0,1
52.1167,1312.157,594.028,912.157,0.072,76.166,-0.081,76.166,3.137,-0.036,15,0.06,14.94,1.3185,222000,214435.5,-57457.8,-608.2,-572668.7,-13029.8,13.8,-0.0,0.0,200797.6,-2272.6,0,1
52.1333,1313.427,594.026,913.427,0.074,76.218,-0.082,76.219,3.137,-0.048,15,0.06,14.94,1.3185,222000,214435.5,-57457.8,-613.0,-573464.6,-13047.7,13.9,-0.0,0.0,200774.8,-3068.4,0,1
52.15,1314.698,594.025,914.698,0.075,76.271,-0.083,76.271,3.137,-0.06,15,0.06,14.94,1.3186,222000,214435.5,-57457.8,-619.5,-574264.3,-13065.6,14.1,-0.0,0.0,200750.4,-3868.1,0,1
52.1667,1315.97,594.023,915.97,0.077,76.323,-0.084,76.323,3.136,-0.073,15,0.06,14.94,1.3186,222000,214435.5,-57457.8,-627.5,-575068.0,-13083.5,14.3,-0.0,0.0,200724.5,-4671.5,0,1
52.1833,1317.243,594.022,917.243,0.078,76.375,-0.086,76.375,3.136,-0.086,15,0.06,14.94,1.3186,222000,214435.5,-57457.8,-637.2,-575875.5,-13101.5,14.5,-0.0,0.0,200696.9,-5478.8,0,1
52.2,1318.517,594.02,918.517,0.08,76.428,-0.088,76.428,3.135,-0.098,15,0.06,14.94,1.3187,222000,214435.5,-57457.8,-648.4,-576686.9,-13119.4,14.8,-0.0,0.0,200667.7,-6290.0,0,1
52.2167,1319.792,594.019,919.792,0.081,76.48,-0.089,76.48,3.135,-0.111,15,0.07,14.93,1.3188,222000,214435.5,-57457.8,-661.2,-577502.3,-13137.4,15.0,-0.0,0.0,200636.9,-7105.1,0,1
52.2333,1321.067,594.017,921.067,0.083,76.532,-0.091,76.532,3.134,-0.124,15,0.07,14.93,1.3188,222000,214435.5,-57457.8,-675.7,-578321.6,-13155.4,15.4,-0.0,0.0,200604.4,-7924.1,0,1
52.25,1322.344,594.016,922.344,0.084,76.584,-0.094,76.584,3.134,-0.137,15,0.07,14.93,1.3189,222000,214435.5,-57457.8,-691.8,-579144.9,-13173.3,15.7,-0.0,0.0,200570.4,-8747.0,0,1
52.2667,1323.621,594.014,923.621,0.086,76.637,-0.096,76.637,3.133,-0.15,15,0.07,14.93,1.319,222000,214435.5,-57457.8,-709.6,-579972.1,-13191.3,16.1,-0.0,0.0,200534.6,-9573.8,0,1
52.2833,1324.899,594.013,924.899,0.087,76.689,-0.099,76.689,3.133,-0.163,15,0.07,14.93,1.3191,222000,214435.5,-57457.8,-729.0,-580803.3,-13209.3,16.6,-0.0,0.0,200497.2,-10404.6,0,1
52.3,1326.178,594.011,926.178,0.089,76.741,-0.102,76.741,3.132,-0.176,15,0.07,14.93,1.3192,222000,214435.5,-57457.8,-750.1,-581638.6,-13227.3,17.1,-0.0,0.0,200458.1,-11239.4,0,1
52.3167,1327.458,594.009,927.458,0.091,76.793,-0.105,76.793,3.132,-0.189,15,0.08,14.92,1.3193,222000,214435.5,-57457.8,-772.9,-582477.9,-13245.3,17.6,-0.0,0.0,200417.3,-12078.1,0,1
52.3333,1328.739,594.007,928.739,0.093,76.845,-0.108,76.845,3.131,-0.202,15,0.08,14.92,1.3194,222000,214435.5,-57457.8,-797.4,-583321.2,-13263.4,18.1,-0.0,0.0,200374.8,-12920.9,0,1
52.35,1330.02,594.006,930.02,0.094,76.897,-0.112,76.898,3.13,-0.215,15,0.08,14.92,1.3195,222000,214435.5,-57457.8,-823.6,-584168.6,-13281.4,18.7,-0.0,0.0,200330.5,-13767.7,0,1
52.3667,1331.303,594.004,931.303,0.096,76.95,-0.116,76.95,3.129,-0.228,15,0.08,14.92,1.3196,222000,214435.5,-57457.8,-851.5,-585020.1,-13299.4,19.4,-0.0,0.0,200284.6,-14618.6,0,1
52.3833,1332.586,594.002,932.586,0.098,77.002,-0.12,77.002,3.129,-0.242,15,0.09,14.91,1.3198,222000,214435.5,-57457.8,-881.2,-585875.7,-13317.5,20.0,-0.0,0.0,200236.9,-15473.5,0,1
52.4,1333.87,594.0,933.87,0.1,77.054,-0.124,77.054,3.128,-0.255,15,0.09,14.91,1.3199,222000,214435.5,-57457.8,-912.6,-586735.4,-13335.5,20.7,-0.0,0.0,200187.4,-16332.4,0,1
52.4167,1335.156,593.997,935.156,0.103,77.106,-0.128,77.106,3.127,-0.269,15,0.09,14.91,1.3201,222000,214435.5,-57457.8,-945.7,-587599.2,-13353.6,21.5,-0.0,0.0,200136.2,-17195.5,0,1
52.4333,1336.442,593.995,936.442,0.105,77.158,-0.133,77.158,3.126,-0.282,15,0.1,14.9,1.3203,222000,214435.5,-57457.8,-980.7,-588467.2,-13371.7,22.3,-0.0,0.0,200083.2,-18062.7,0,1
52.45,1337.728,593.993,937.728,0.107,77.21,-0.138,77.21,3.125,-0.296,15,0.1,14.9,1.3204,222000,214435.5,-57457.8,-1017.4,-589339.3,-13389.8,23.1,-0.0,0.0,200028.4,-18934.1,0,1
52.4667,1339.016,593.991,939.016,0.109,77.262,-0.143,77.262,3.125,-0.31,15,0.1,14.9,1.3206,222000,214435.5,-57457.8,-1055.9,-590215.7,-13407.8,24.0,-0.0,0.0,199971.8,-19809.5,0,1
52.4833,1340.305,593.988,940.305,0.112,77.314,-0.149,77.314,3.124,-0.323,15,0.11,14.89,1.3208,222000,214435.5,-57457.8,-1096.2,-591096.3,-13425.9,24.9,-0.0,0.0,199913.4,-20689.2,0,1
52.5,1341.594,593.985,941.594,0.115,77.366,-0.154,77.367,3.123,-0.337,15,0.11,14.89,1.321,222000,214435.5,-57457.8,-1138.4,-591981.0,-13444.0,25.9,-0.0,0.0,199853.1,-21573.0,0,1
52.5167,1342.884,593.983,942.884,0.117,77.418,-0.16,77.419,3.122,-0.351,15,0.11,14.89,1.3212,222000,214435.5,-57457.8,-1182.4,-592870.1,-13462.1,26.8,-0.0,0.0,199791.0,-22461.1,0,1
52.5333,1344.176,593.98,944.176,0.12,77.47,-0.166,77.471,3.121,-0.365,15,0.12,14.88,1.3214,222000,214435.5,-57457.8,-1228.2,-593763.4,-13480.3,27.9,-0.0,0.0,199727.0,-23353.3,0,1
52.55,1345.468,593.977,945.468,0.123,77.522,-0.173,77.523,3.12,-0.379,15,0.12,14.88,1.3216,222000,214435.5,-57457.8,-1275.9,-594661.0,-13498.4,29.0,-0.0,0.0,199661.2,-24249.8,0,1
52.5667,1346.761,593.974,946.761,0.126,77.574,-0.179,77.575,3.119,-0.393,15,0.13,14.87,1.3219,222000,214435.5,-57457.8,-1325.5,-595562.9,-13516.5,30.1,-0.0,0.0,199593.5,-25150.6,0,1
52.5833,1348.054,593.971,948.054,0.129,77.626,-0.186,77.627,3.118,-0.407,15,0.13,14.87,1.3221,222000,214435.5,-57457.8,-1377.0,-596469.1,-13534.6,31.2,-0.0,0.0,199523.9,-26055.6,0,1
52.6,1349.349,593.968,949.349,0.132,77.678,-0.193,77.679,3.116,-0.421,15,0.14,14.86,1.3223,222000,214435.5,-57457.8,-1430.4,-597379.6,-13552.8,32.5,-0.0,0.0,199452.3,-26965.0,0,1
52.6167,1350.644,593.965,950.644,0.135,77.73,-0.2,77.73,3.115,-0.436,15,0.14,14.86,1.3226,222000,214435.5,-57457.8,-1485.7,-598294.5,-13570.9,33.7,-0.0,0.0,199378.9,-27878.6,0,1
52.6333,1351.941,593.961,951.941,0.139,77.782,-0.208,77.782,3.114,-0.45,15,0.15,14.85,1.3229,222000,214435.5,-57457.8,-1543.0,-599213.8,-13589.1,35.0,-0.0,0.0,199303.5,-28796.6,0,1
52.65,1353.238,593.957,953.238,0.143,77.834,-0.215,77.834,3.113,-0.464,15,0.15,14.85,1.3231,222000,214435.5,-57457.8,-1602.2,-600137.4,-13607.2,36.3,-0.0,0.0,199226.1,-29718.9,0,1
52.6667,1354.536,593.954,954.536,0.146,77.886,-0.223,77.886,3.112,-0.479,15,0.16,14.84,1.3234,222000,214435.5,-57457.8,-1663.4,-601065.5,-13625.4,37.7,-0.0,0.0,199146.8,-30645.7,0,1
52.6833,1355.835,593.95,955.835,0.15,77.938,-0.232,77.938,3.11,-0.493,15,0.16,14.84,1.3237,222000,214435.5,-57457.8,-1726.5,-601998.1,-13643.6,39.1,-0.0,0.0,199065.4,-31576.8,0,1
52.7,1357.135,593.946,957.135,0.154,77.99,-0.24,77.99,3.109,-0.508,15,0.17,14.83,1.324,222000,214435.5,-57457.8,-1791.7,-602935.0,-13661.7,40.6,-0.0,0.0,198982.1,-32512.3,0,1
52.7167,1358.436,593.942,958.436,0.158,78.041,-0.249,78.042,3.108,-0.523,15,0.18,14.82,1.3243,222000,214435.5,-57457.8,-1858.8,-603876.5,-13679.9,42.1,-0.0,0.0,198896.8,-33452.2,0,1
52.7333,1359.737,593.937,959.737,0.163,78.093,-0.258,78.094,3.106,-0.537,15,0.18,14.82,1.3246,222000,214435.5,-57457.8,-1928.0,-604822.4,-13698.1,43.7,-0.0,0.0,198809.4,-34396.6,0,1
52.75,1361.04,593.933,961.04,0.167,78.145,-0.267,78.145,3.105,-0.552,15,0.19,14.81,1.3249,222000,214435.5,-57457.8,-1999.3,-605772.8,-13716.3,45.3,-0.0,0.0,198720.0,-35345.4,0,1
52.7667,1362.343,593.928,962.343,0.172,78.197,-0.276,78.197,3.104,-0.567,15,0.2,14.8,1.3253,222000,214435.5,-57457.8,-2072.6,-606727.8,-13734.5,46.9,-0.0,0.0,198628.5,-36298.7,0,1
52.7833,1363.647,593.924,963.647,0.176,78.248,-0.286,78.249,3.102,-0.582,15,0.2,14.8,1.3256,222000,214435.5,-57457.8,-2147.9,-607687.3,-13752.7,48.6,-0.0,0.0,198534.9,-37256.6,0,1
52.8,1364.952,593.919,964.952,0.181,78.3,-0.296,78.301,3.101,-0.597,15,0.21,14.79,1.326,222000,214435.5,-57457.8,-2225.4,-608651.4,-13770.9,50.3,-0.0,0.0,198439.3,-38218.9,0,1
52.8167,1366.258,593.914,966.258,0.186,78.352,-0.306,78.352,3.099,-0.612,15,0.22,14.78,1.3263,222000,214435.5,-57457.8,-2304.9,-609620.1,-13789.1,52.1,-0.0,0.0,198341.5,-39185.8,0,1
52.8333,1367.565,593.908,967.565,0.192,78.403,-0.317,78.404,3.098,-0.627,15,0.22,14.78,1.3267,222000,214435.5,-57457.8,-2386.6,-610593.4,-13807.3,54.0,-0.0,0.0,198241.6,-40157.3,0,1
52.85,1368.872,593.903,968.872,0.197,78.455,-0.327,78.456,3.096,-0.643,15,0.23,14.77,1.3271,222000,214435.5,-57457.8,-2470.4,-611571.3,-13825.5,55.8,-0.0,0.0,198139.6,-41133.3,0,1
52.8667,1370.181,593.897,970.181,0.203,78.506,-0.338,78.507,3.094,-0.658,15,0.24,14.76,1.3274,222000,214435.5,-57457.8,-2556.4,-612553.9,-13843.7,57.8,-0.0,0.0,198035.4,-42113.9,0,1
52.8833,1371.49,593.891,971.49,0.209,78.558,-0.35,78.559,3.093,-0.673,15,0.25,14.75,1.3278,222000,214435.5,-57457.8,-2644.6,-613541.1,-13861.9,59.7,-0.0,0.0,197929.1,-43099.2,0,1
52.9,1372.8,593.885,972.8,0.215,78.609,-0.361,78.61,3.091,-0.689,15,0.25,14.75,1.3282,222000,214435.5,-57457.8,-2734.9,-614533.0,-13880.1,61.8,-0.0,0.0,197820.5,-44089.1,0,1
52.9167,1374.111,593.879,974.111,0.221,78.661,-0.373,78.662,3.089,-0.704,15,0.26,14.74,1.3286,222000,214435.5,-57457.8,-2827.4,-615529.6,-13898.3,63.8,-0.0,0.0,197709.7,-45083.6,0,1
52.9333,1375.423,593.873,975.423,0.227,78.712,-0.385,78.713,3.087,-0.72,15,0.27,14.73,1.3291,222000,214435.5,-57457.8,-2922.2,-616531.0,-13916.6,66.0,-0.0,0.0,197596.8,-46082.8,0,1
52.95,1376.736,593.866,976.736,0.234,78.764,-0.397,78.765,3.086,-0.736,15,0.28,14.72,1.3295,222000,214435.5,-57457.8,-3019.2,-617537.0,-13934.8,68.1,-0.0,0.0,197481.5,-47086.7,0,1
52.9667,1378.049,593.859,978.049,0.241,78.815,-0.41,78.816,3.084,-0.751,15,0.29,14.71,1.3299,222000,214435.5,-57457.8,-3118.5,-618547.9,-13953.0,70.3,-0.0,0.0,197364.0,-48095.4,0,1
52.9833,1379.364,593.852,979.364,0.248,78.867,-0.422,78.868,3.082,-0.767,15,0.3,14.7,1.3304,222000,214435.5,-57457.8,-3220.0,-619563.5,-13971.2,72.6,-0.0,0.0,197244.3,-49108.8,0,1
53.0,1380.679,593.845,980.679,0.255,78.918,-0.435,78.919,3.08,-0.783,15,0.31,14.69,1.3308,222000,214435.5,-57457.8,-3323.9,-620584.0,-13989.5,74.9,-0.0,0.0,197122.2,-50126.9,0,1
53.0167,1381.995,593.837,981.995,0.263,78.969,-0.449,78.971,3.078,-0.799,15,0.32,14.68,1.3313,222000,214435.5,-57457.8,-3430.0,-621609.3,-14007.7,77.3,-0.0,0.0,196997.8,-51149.8,0,1
53.0333,1383.312,593.83,983.312,0.27,79.021,-0.462,79.022,3.076,-0.815,15,0.33,14.67,1.3318,222000,214435.5,-57457.8,-3538.5,-622639.4,-14025.9,79.7,-0.0,0.0,196871.1,-52177.5,0,1
53.05,1384.63,593.822,984.63,0.278,79.072,-0.476,79.073,3.074,-0.831,15,0.34,14.66,1.3322,222000,214435.5,-57457.8,-3649.3,-623674.4,-14044.2,82.2,-0.0,0.0,196742.1,-53210.0,0,1
53.0667,1385.949,593.814,985.949,0.286,79.123,-0.49,79.124,3.072,-0.848,15,0.35,14.65,1.3327,222000,214435.5,-57457.8,-3762.5,-624714.2,-14062.4,84.7,-0.0,0.0,196610.6,-54247.4,0,1
53.0833,1387.268,593.805,987.268,0.295,79.174,-0.505,79.176,3.07,-0.864,15,0.36,14.64,1.3332,222000,214435.5,-57457.8,-3878.1,-625759.0,-14080.6,87.3,-0.0,0.0,196476.8,-55289.6,0,1
53.1,1388.589,593.797,988.589,0.303,79.225,-0.519,79.227,3.068,-0.88,15,0.37,14.63,1.3337,222000,214435.5,-57457.8,-3996.1,-626808.7,-14098.9,89.9,-0.0,0.0,196340.6,-56336.7,0,1
53.1167,1389.91,593.788,989.91,0.312,79.276,-0.534,79.278,3.066,-0.897,15,0.38,14.62,1.3343,222000,214435.5,-57457.8,-4116.5,-627863.4,-14117.1,92.6,-0.0,0.0,196202.0,-57388.7,0,1
53.1333,1391.232,593.779,991.232,0.321,79.327,-0.55,79.329,3.063,-0.913,15,0.39,14.61,1.3348,222000,214435.5,-57457.8,-4239.3,-628923.0,-14135.3,95.3,-0.0,0.0,196060.9,-58445.6,0,1
53.15,1392.555,593.769,992.555,0.331,79.378,-0.565,79.38,3.061,-0.93,15,0.4,14.6,1.3353,222000,214435.5,-57457.8,-4364.6,-629987.7,-14153.6,98.1,-0.0,0.0,195917.3,-59507.4,0,1
53.1667,1393.879,593.759,993.879,0.341,79.429,-0.581,79.432,3.059,-0.946,15,0.41,14.59,1.3359,222000,214435.5,-57457.8,-4492.4,-631057.3,-14171.8,100.9,-0.0,0.0,195771.3,-60574.2,0,1
53.1833,1395.204,593.749,995.204,0.351,79.48,-0.597,79.483,3.057,-0.963,15,0.42,14.58,1.3364,222000,214435.5,-57457.8,-4622.7,-632131.9,-14190.0,103.8,-0.0,0.0,195622.8,-61646.0,0,1
53.2,1396.529,593.739,996.529,0.361,79.531,-0.613,79.534,3.054,-0.98,15,0.43,14.57,1.337,222000,214435.5,-57457.8,-4755.6,-633211.7,-14208.2,106.7,-0.0,0.0,195471.7,-62722.8,0,1
53.2167,1397.856,593.729,997.856,0.371,79.582,-0.63,79.585,3.052,-0.997,15,0.44,14.56,1.3376,222000,214435.5,-57457.8,-4890.9,-634296.5,-14226.5,109.7,-0.0,0.0,195318.1,-63804.6,0,1
53.2333,1399.183,593.718,999.183,0.382,79.633,-0.647,79.636,3.049,-1.014,15,0.45,14.55,1.3382,222000,214435.5,-57457.8,-5028.9,-635386.3,-14244.7,112.7,-0.0,0.0,195162.0,-64891.4,0,1
53.25,1400.511,593.707,1000.511,0.393,79.684,-0.664,79.686,3.047,-1.031,15,0.47,14.53,1.3387,222000,214435.5,-57457.8,-5169.4,-636481.3,-14262.9,115.8,-0.0,0.0,195003.2,-65983.3,0,1
53.2667,1401.84,593.696,1001.84,0.404,79.734,-0.681,79.737,3.044,-1.048,15,0.48,14.52,1.3393,222000,214435.5,-57457.8,-5312.5,-637581.5,-14281.1,119.0,-0.0,0.0,194841.9,-67080.3,0,1
53.2833,1403.169,593.684,1003.169,0.416,79.785,-0.699,79.788,3.042,-1.065,15,0.49,14.51,1.34,222000,214435.5,-57457.8,-5458.3,-638686.8,-14299.4,122.2,-0.0,0.0,194677.9,-68182.4,0,1
53.3,1404.5,593.672,1004.5,0.428,79.836,-0.717,79.839,3.039,-1.083,15,0.5,14.5,1.3406,222000,214435.5,-57457.8,-5606.7,-639797.2,-14317.6,125.5,-0.0,0.0,194511.3,-69289.6,0,1
53.3167,1405.831,593.66,1005.831,0.44,79.886,-0.736,79.89,3.037,-1.1,15,0.51,14.49,1.3412,222000,214435.5,-57457.8,-5757.7,-640912.9,-14335.8,128.8,-0.0,0.0,194342.0,-70402.0,0,1
53.3333,1407.164,593.647,1007.164,0.453,79.937,-0.754,79.941,3.034,-1.117,15,0.53,14.47,1.3419,222000,214435.5,-57457.8,-5911.5,-642033.8,-14354.0,132.2,-0.0,0.0,194170.0,-71519.5,0,1
53.35,1408.497,593.634,1008.497,0.466,79.987,-0.773,79.991,3.031,-1.135,15,0.54,14.46,1.3425,222000,214435.5,-57457.8,-6068.0,-643159.9,-14372.2,135.6,-0.0,0.0,193995.4,-72642.2,0,1
53.3667,1409.831,593.621,1009.831,0.479,80.038,-0.792,80.042,3.028,-1.153,15,0.55,14.45,1.3432,222000,214435.5,-57457.8,-6227.2,-644291.3,-14390.4,139.1,-0.0,0.0,193817.9,-73770.1,0,1
53.3833,1411.166,593.608,1011.166,0.492,80.088,-0.812,80.093,3.026,-1.17,15,0.57,14.43,1.3438,222000,214435.5,-57457.8,-6389.2,-645428.0,-14408.6,142.6,-0.0,0.0,193637.8,-74903.2,0,1
53.4,1412.501,593.594,1012.501,0.506,80.139,-0.832,80.143,3.023,-1.188,15,0.58,14.42,1.3445,222000,214435.5,-57457.8,-6553.9,-646570.0,-14426.8,146.2,-0.0,0.0,193454.8,-76041.6,0,1
53.4167,1413.838,593.579,1013.838,0.521,80.189,-0.852,80.194,3.02,-1.206,15,0.59,14.41,1.3452,222000,214435.5,-57457.8,-6721.5,-647717.3,-14445.0,149.9,-0.0,0.0,193269.1,-77185.3,0,1
53.4333,1415.175,593.565,1015.175,0.535,80.239,-0.872,80.244,3.017,-1.224,15,0.61,14.39,1.3459,222000,214435.5,-57457.8,-6891.8,-648870.0,-14463.2,153.6,-0.0,0.0,193080.5,-78334.2,0,1
53.45,1416.513,593.55,1016.513,0.55,80.29,-0.893,80.295,3.014,-1.242,15,0.62,14.38,1.3466,222000,214435.5,-57457.8,-7065.1,-650028.1,-14481.4,157.4,-0.0,0.0,192889.1,-79488.5,0,1
53.4667,1417.852,593.535,1017.852,0.565,80.34,-0.914,80.345,3.011,-1.26,15,0.64,14.36,1.3473,222000,214435.5,-57457.8,-7241.2,-651191.5,-14499.5,161.2,-0.0,0.0,192694.8,-80648.1,0,1
53.4833,1419.192,593.519,1019.192,0.581,80.39,-0.935,80.395,3.008,-1.278,15,0.65,14.35,1.3481,222000,214435.5,-57457.8,-7420.2,-652360.3,-14517.7,165.1,-0.0,0.0,192497.6,-81813.0,0,1
53.5,1420.533,593.503,1020.533,0.597,80.44,-0.957,80.446,3.005,-1.297,15,0.67,14.33,1.3488,222000,214435.5,-57457.8,-7602.1,-653534.6,-14535.9,169.1,-0.0,0.0,192297.5,-82983.4,0,1
53.5167,1421.874,593.487,1021.874,0.613,80.49,-0.979,80.496,3.001,-1.315,15,0.68,14.32,1.3496,222000,214435.5,-57457.8,-7787.0,-654714.3,-14554.0,173.1,-0.0,0.0,192094.5,-84159.1,0,1
53.5333,1423.217,593.47,1023.217,0.63,80.54,-1.001,80.546,2.998,-1.333,15,0.7,14.3,1.3503,222000,214435.5,-57457.8,-7974.8,-655899.6,-14572.2,177.2,-0.0,0.0,191888.5,-85340.2,0,1
53.55,1424.56,593.453,1024.56,0.647,80.59,-1.023,80.596,2.995,-1.352,15,0.71,14.29,1.3511,222000,214435.5,-57457.8,-8165.7,-657090.3,-14590.3,181.3,-0.0,0.0,191679.5,-86526.8,0,1
53.5667,1425.904,593.436,1025.904,0.664,80.64,-1.046,80.647,2.992,-1.371,15,0.73,14.27,1.3519,222000,214435.5,-57457.8,-8359.5,-658286.5,-14608.5,185.5,-0.0,0.0,191467.5,-87718.8,0,1
53.5833,1427.249,593.418,1027.249,0.682,80.69,-1.069,80.697,2.988,-1.389,15,0.74,14.26,1.3526,222000,214435.5,-57457.8,-8556.4,-659488.3,-14626.6,189.8,-0.0,0.0,191252.5,-88916.4,0,1
53.6,1428.594,593.4,1028.594,0.7,80.739,-1.093,80.747,2.985,-1.408,15,0.76,14.24,1.3534,222000,214435.5,-57457.8,-8756.4,-660695.7,-14644.7,194.1,-0.0,0.0,191034.4,-90119.4,0,1
53.6167,1429.941,593.381,1029.941,0.719,80.789,-1.117,80.797,2.981,-1.427,15,0.78,14.22,1.3543,222000,214435.5,-57457.8,-8959.5,-661908.6,-14662.9,198.5,-0.0,0.0,190813.2,-91328.0,0,1
53.6333,1431.288,593.362,1031.288,0.738,80.839,-1.141,80.847,2.978,-1.446,15,0.79,14.21,1.3551,222000,214435.5,-57457.8,-9165.6,-663127.2,-14681.0,202.9,-0.0,0.0,190588.9,-92542.1,0,1
53.65,1432.636,593.343,1032.636,0.757,80.888,-1.165,80.897,2.974,-1.465,15,0.81,14.19,1.3559,222000,214435.5,-57457.8,-9375.0,-664351.3,-14699.1,207.4,-0.0,0.0,190361.5,-93761.7,0,1
53.6667,1433.985,593.323,1033.985,0.777,80.938,-1.19,80.946,2.971,-1.484,15,0.83,14.17,1.3567,222000,214435.5,-57457.8,-9587.5,-665581.2,-14717.2,212.0,-0.0,0.0,190130.9,-94987.0,0,1
53.6833,1435.335,593.303,1035.335,0.797,80.987,-1.215,80.996,2.967,-1.503,15,0.84,14.16,1.3576,222000,214435.5,-57457.8,-9803.2,-666816.7,-14735.3,216.6,-0.0,0.0,189897.1,-96217.9,0,1
53.7,1436.686,593.282,1036.686,0.818,81.037,-1.24,81.046,2.963,-1.523,15,0.86,14.14,1.3585,222000,214435.5,-57457.8,-10022.2,-668057.9,-14753.3,221.3,-0.0,0.0,189660.0,-97454.4,0,1
53.7167,1438.037,593.261,1038.037,0.839,81.086,-1.266,81.096,2.96,-1.542,15,0.88,14.12,1.3593,222000,214435.5,-57457.8,-10244.3,-669304.8,-14771.4,226.1,-0.0,0.0,189419.8,-98696.6,0,1
53.7333,1439.389,593.239,1039.389,0.861,81.135,-1.292,81.145,2.956,-1.562,15,0.89,14.11,1.3602,222000,214435.5,-57457.8,-10469.8,-670557.5,-14789.5,230.9,-0.0,0.0,189176.2,-99944.4,0,1
53.75,1440.742,593.217,1040.742,0.883,81.184,-1.318,81.195,2.952,-1.581,15,0.91,14.09,1.3611,222000,214435.5,-57457.8,-10698.6,-671815.9,-14807.5,235.8,-0.0,0.0,188929.4,-101198.0,0,1
53.7667,1442.096,593.195,1042.096,0.905,81.234,-1.345,81.245,2.948,-1.601,15,0.93,14.07,1.362,222000,214435.5,-57457.8,-10930.7,-673080.2,-14825.6,240.8,-0.0,0.0,188679.2,-102457.2,0,1
53.7833,1443.451,593.172,1043.451,0.928,81.283,-1.372,81.294,2.944,-1.621,15,0.95,14.05,1.3629,222000,214435.5,-57457.8,-11166.2,-674350.2,-14843.6,245.8,-0.0,0.0,188425.7,-103722.2,0,1
53.8,1444.806,593.149,1044.806,0.951,81.332,-1.399,81.344,2.94,-1.641,15,0.97,14.03,1.3638,222000,214435.5,-57457.8,-11405.1,-675626.0,-14861.6,250.9,-0.0,0.0,188168.8,-104993.0,0,1
53.8167,1446.163,593.125,1046.163,0.975,81.381,-1.427,81.393,2.936,-1.66,15,0.99,14.01,1.3648,222000,214435.5,-57457.8,-11647.4,-676907.8,-14879.6,256.0,-0.0,0.0,187908.5,-106269.6,0,1
53.8333,1447.52,593.101,1047.52,0.999,81.429,-1.455,81.442,2.932,-1.68,15,1.0,14.0,1.3657,222000,214435.5,-57457.8,-11893.2,-678195.3,-14897.6,261.3,-0.0,0.0,187644.7,-107551.9,0,1
53.85,1448.878,593.076,1048.878,1.024,81.478,-1.483,81.492,2.928,-1.701,15,1.02,13.98,1.3667,222000,214435.5,-57457.8,-12142.5,-679488.8,-14915.6,266.5,-0.0,0.0,187377.5,-108840.1,0,1
53.8667,1450.237,593.051,1050.237,1.049,81.527,-1.512,81.541,2.924,-1.721,15,1.04,13.96,1.3676,222000,214435.5,-57457.8,-12395.2,-680788.2,-14933.6,271.9,-0.0,0.0,187106.7,-110134.2,0,1
53.8833,1451.596,593.025,1051.596,1.075,81.576,-1.541,81.59,2.919,-1.741,15,1.06,13.94,1.3686,222000,214435.5,-57457.8,-12651.5,-682093.6,-14951.5,277.3,-0.0,0.0,186832.5,-111434.1,0,1
53.9,1452.957,592.999,1052.957,1.101,81.624,-1.571,81.639,2.915,-1.762,15,1.08,13.92,1.3696,222000,214435.5,-57457.8,-12911.4,-683404.9,-14969.5,282.8,-0.0,0.0,186554.7,-112739.9,0,1
53.9167,1454.318,592.972,1054.318,1.128,81.673,-1.6,81.688,2.911,-1.782,15,1.1,13.9,1.3706,222000,214435.5,-57457.8,-13174.9,-684722.2,-14987.4,288.4,-0.0,0.0,186273.3,-114051.6,0,1
53.9333,1455.68,592.945,1055.68,1.155,81.721,-1.63,81.737,2.906,-1.803,15,1.12,13.88,1.3716,222000,214435.5,-57457.8,-13442.0,-686045.5,-15005.3,294.0,-0.0,0.0,185988.2,-115369.3,0,1
53.95,1457.043,592.917,1057.043,1.183,81.769,-1.661,81.786,2.902,-1.823,15,1.14,13.86,1.3726,222000,214435.5,-57457.8,-13712.7,-687374.8,-15023.2,299.7,-0.0,0.0,185699.5,-116692.9,0,1
53.9667,1458.406,592.889,1058.406,1.211,81.818,-1.691,81.835,2.897,-1.844,15,1.16,13.84,1.3737,222000,214435.5,-57457.8,-13987.2,-688710.2,-15041.1,305.5,-0.0,0.0,185407.2,-118022.5,0,1
53.9833,1459.771,592.861,1059.771,1.239,81.866,-1.722,81.884,2.892,-1.865,15,1.18,13.82,1.3747,222000,214435.5,-57457.8,-14265.4,-690051.7,-15059.0,311.3,-0.0,0.0,185111.1,-119358.2,0,1
54.0,1461.136,592.831,1061.136,1.269,81.914,-1.754,81.933,2.888,-1.886,15,1.21,13.79,1.3757,222000,214435.5,-57457.8,-14547.4,-691399.2,-15076.9,317.2,-0.0,0.0,184811.3,-120699.8,0,1
54.0167,1462.502,592.802,1062.502,1.298,81.962,-1.786,81.982,2.883,-1.907,15,1.23,13.77,1.3768,222000,214435.5,-57457.8,-14833.1,-692752.9,-15094.7,323.2,-0.0,0.0,184507.7,-122047.5,0,1
54.0333,1463.869,592.771,1063.869,1.329,82.01,-1.818,82.03,2.878,-1.928,15,1.25,13.75,1.3779,222000,214435.5,-57457.8,-15122.7,-694112.7,-15112.6,329.3,-0.0,0.0,184200.3,-123401.3,0,1
54.05,1465.237,592.74,1065.237,1.36,82.058,-1.85,82.079,2.873,-1.949,15,1.27,13.73,1.379,222000,214435.5,-57457.8,-15416.1,-695478.7,-15130.4,335.4,-0.0,0.0,183889.1,-124761.1,0,1
54.0667,1466.605,592.709,1066.605,1.391,82.106,-1.883,82.127,2.868,-1.971,15,1.29,13.71,1.3801,222000,214435.5,-57457.8,-15713.4,-696850.8,-15148.2,341.6,-0.0,0.0,183573.9,-126127.1,0,1
54.0833,1467.974,592.677,1067.974,1.423,82.154,-1.916,82.176,2.863,-1.992,15,1.31,13.69,1.3812,222000,214435.5,-57457.8,-16014.6,-698229.2,-15166.0,347.8,-0.0,0.0,183254.9,-127499.2,0,1
54.1,1469.344,592.645,1069.344,1.455,82.201,-1.95,82.224,2.859,-1.993,15,1.34,13.66,1.3797,222000,214435.5,-57457.8,-16289.6,-698317.8,-15183.7,354.2,-0.0,0.0,182962.2,-127581.4,0,0
54.1167,1470.715,592.612,1070.715,1.488,82.249,-1.983,82.273,2.854,-1.99,15,1.36,13.64,1.3777,222000,214435.5,-57457.8,-16557.6,-698114.2,-15201.5,360.5,-0.0,0.0,182676.5,-127371.5,0,0
54.1333,1472.087,592.578,1072.087,1.522,82.296,-2.016,82.321,2.85,-1.987,15,1.38,13.62,1.3757,222000,214435.5,-57457.8,-16824.6,-697910.5,-15219.2,366.9,-0.0,0.0,182391.7,-127161.4,0,0
54.15,1473.459,592.544,1073.459,1.556,82.344,-2.049,82.369,2.845,-1.984,15,1.4,13.6,1.3737,222000,214435.5,-57457.8,-17090.7,-697706.5,-15237.0,373.2,-0.0,0.0,182107.8,-126951.1,0,0
54.1667,1474.832,592.509,1074.832,1.591,82.391,-2.082,82.417,2.841,-1.98,15,1.43,13.57,1.3717,222000,214435.5,-57457.8,-17355.9,-697502.4,-15254.7,379.6,-0.0,0.0,181824.9,-126740.7,0,0
54.1833,1476.206,592.474,1076.206,1.626,82.438,-2.115,82.465,2.837,-1.977,15,1.45,13.55,1.3697,222000,214435.5,-57457.8,-17620.2,-697298.2,-15272.4,385.9,-0.0,0.0,181542.9,-126530.1,0,0
54.2,1477.581,592.438,1077.581,1.662,82.485,-2.148,82.513,2.832,-1.974,15,1.47,13.53,1.3677,222000,214435.5,-57457.8,-17883.6,-697093.7,-15290.1,392.3,-0.0,0.0,181261.9,-126319.3,0,0
54.2167,1478.956,592.402,1078.956,1.698,82.533,-2.181,82.561,2.828,-1.97,15,1.49,13.51,1.3658,222000,214435.5,-57457.8,-18146.0,-696889.1,-15307.7,398.6,-0.0,0.0,180981.8,-126108.4,0,0
54.2333,1480.333,592.365,1080.333,1.735,82.58,-2.213,82.609,2.823,-1.967,15,1.51,13.49,1.3638,222000,214435.5,-57457.8,-18407.6,-696684.4,-15325.4,404.9,-0.0,0.0,180702.6,-125897.3,0,0
54.25,1481.71,592.327,1081.71,1.773,82.627,-2.246,82.657,2.819,-1.964,15,1.54,13.46,1.3618,222000,214435.5,-57457.8,-18668.2,-696479.6,-15343.0,411.2,-0.0,0.0,180424.3,-125686.1,0,0
54.2667,1483.088,592.289,1083.088,1.811,82.674,-2.279,82.705,2.815,-1.961,15,1.56,13.44,1.3599,222000,214435.5,-57457.8,-18927.9,-696274.6,-15360.6,417.6,-0.0,0.0,180147.0,-125474.8,0,0
54.2833,1484.466,592.251,1084.466,1.849,82.72,-2.311,82.753,2.81,-1.957,15,1.58,13.42,1.3579,222000,214435.5,-57457.8,-19186.7,-696069.5,-15378.3,423.9,-0.0,0.0,179870.6,-125263.4,0,0
54.3,1485.846,592.212,1085.846,1.888,82.767,-2.344,82.8,2.806,-1.954,15,1.6,13.4,1.3559,222000,214435.5,-57457.8,-19444.6,-695864.3,-15395.8,430.2,-0.0,0.0,179595.1,-125051.9,0,0
54.3167,1487.226,592.172,1087.226,1.928,82.814,-2.377,82.848,2.802,-1.951,15,1.62,13.38,1.354,222000,214435.5,-57457.8,-19701.6,-695659.0,-15413.4,436.5,-0.0,0.0,179320.5,-124840.3,0,0
54.3333,1488.607,592.132,1088.607,1.968,82.86,-2.409,82.896,2.798,-1.947,15,1.64,13.36,1.3521,222000,214435.5,-57457.8,-19957.7,-695453.6,-15431.0,442.8,-0.0,0.0,179046.9,-124628.6,0,0
54.35,1489.989,592.091,1089.989,2.009,82.907,-2.441,82.943,2.793,-1.944,15,1.67,13.33,1.3501,222000,214435.5,-57457.8,-20212.9,-695248.1,-15448.5,449.1,-0.0,0.0,178774.1,-124416.8,0,0
54.3667,1491.372,592.05,1091.372,2.05,82.954,-2.474,82.99,2.789,-1.941,15,1.69,13.31,1.3482,222000,214435.5,-57457.8,-20467.2,-695042.5,-15466.1,455.4,-0.0,0.0,178502.3,-124204.9,0,0
54.3833,1492.755,592.008,1092.755,2.092,83.0,-2.506,83.038,2.785,-1.937,15,1.71,13.29,1.3463,222000,214435.5,-57457.8,-20720.6,-694836.9,-15483.6,461.7,-0.0,0.0,178231.4,-123993.0,0,0
54.4,1494.139,591.966,1094.139,2.134,83.046,-2.538,83.085,2.781,-1.934,15,1.73,13.27,1.3444,222000,214435.5,-57457.8,-20973.1,-694631.2,-15501.1,468.0,-0.0,0.0,177961.4,-123781.0,0,0
54.4167,1495.524,591.923,1095.524,2.177,83.093,-2.57,83.132,2.776,-1.931,15,1.75,13.25,1.3424,222000,214435.5,-57457.8,-21224.7,-694425.5,-15518.6,474.3,-0.0,0.0,177692.2,-123569.0,0,0
54.4333,1496.909,591.88,1096.909,2.22,83.139,-2.603,83.179,2.772,-1.927,15,1.77,13.23,1.3405,222000,214435.5,-57457.8,-21475.5,-694219.7,-15536.1,480.6,-0.0,0.0,177424.0,-123356.9,0,0
54.45,1498.296,591.836,1098.296,2.264,83.185,-2.635,83.227,2.768,-1.924,15,1.79,13.21,1.3386,222000,214435.5,-57457.8,-21725.3,-694013.8,-15553.5,486.9,-0.0,0.0,177156.7,-123144.8,0,0
54.4667,1499.683,591.791,1099.683,2.309,83.231,-2.667,83.274,2.764,-1.921,15,1.81,13.19,1.3367,222000,214435.5,-57457.8,-21974.3,-693807.9,-15571.0,493.2,-0.0,0.0,176890.3,-122932.6,0,0
54.4833,1501.071,591.746,1101.071,2.354,83.277,-2.699,83.321,2.76,-1.918,15,1.84,13.16,1.3348,222000,214435.5,-57457.8,-22222.4,-693602.0,-15588.4,499.4,-0.0,0.0,176624.7,-122720.4,0,0
54.5,1502.46,591.701,1102.46,2.399,83.323,-2.731,83.368,2.756,-1.914,15,1.86,13.14,1.333,222000,214435.5,-57457.8,-22469.6,-693396.1,-15605.8,505.7,-0.0,0.0,176360.1,-122508.2,0,0
54.5167,1503.849,591.655,1103.849,2.445,83.369,-2.762,83.415,2.752,-1.911,15,1.88,13.12,1.3311,222000,214435.5,-57457.8,-22716.0,-693190.2,-15623.2,512.0,-0.0,0.0,176096.3,-122296.0,0,0
54.5333,1505.239,591.608,1105.239,2.492,83.415,-2.794,83.461,2.747,-1.908,15,1.9,13.1,1.3292,222000,214435.5,-57457.8,-22961.5,-692984.2,-15640.6,518.2,-0.0,0.0,175833.4,-122083.8,0,0
54.55,1506.63,591.561,1106.63,2.539,83.46,-2.826,83.508,2.743,-1.904,15,1.92,13.08,1.3273,222000,214435.5,-57457.8,-23206.1,-692778.3,-15658.0,524.5,-0.0,0.0,175571.4,-121871.6,0,0
54.5667,1508.022,591.514,1108.022,2.586,83.506,-2.858,83.555,2.739,-1.901,15,1.94,13.06,1.3255,222000,214435.5,-57457.8,-23449.9,-692572.3,-15675.3,530.8,-0.0,0.0,175310.3,-121659.4,0,0
54.5833,1509.415,591.465,1109.415,2.635,83.552,-2.889,83.601,2.735,-1.898,15,1.96,13.04,1.3236,222000,214435.5,-57457.8,-23692.8,-692366.4,-15692.7,537.0,-0.0,0.0,175050.1,-121447.3,0,0
54.6,1510.808,591.417,1110.808,2.683,83.597,-2.921,83.648,2.731,-1.894,15,1.98,13.02,1.3218,222000,214435.5,-57457.8,-23934.8,-692160.5,-15710.0,543.3,-0.0,0.0,174790.7,-121235.1,0,0
54.6167,1512.202,591.368,1112.202,2.732,83.642,-2.952,83.695,2.727,-1.891,15,2.0,13.0,1.3199,222000,214435.5,-57457.8,-24176.0,-691954.7,-15727.3,549.5,-0.0,0.0,174532.2,-121023.0,0,0
54.6333,1513.597,591.318,1113.597,2.782,83.688,-2.984,83.741,2.723,-1.888,15,2.02,12.98,1.3181,222000,214435.5,-57457.8,-24416.3,-691748.8,-15744.6,555.7,-0.0,0.0,174274.6,-120810.9,0,0
54.65,1514.992,591.268,1114.992,2.832,83.733,-3.015,83.787,2.719,-1.884,15,2.04,12.96,1.3162,222000,214435.5,-57457.8,-24655.8,-691543.0,-15761.9,562.0,-0.0,0.0,174017.8,-120598.9,0,0
54.6667,1516.389,591.217,1116.389,2.883,83.778,-3.047,83.834,2.715,-1.881,15,2.06,12.94,1.3144,222000,214435.5,-57457.8,-24894.4,-691337.3,-15779.2,568.2,-0.0,0.0,173761.9,-120386.9,0,0
54.6833,1517.786,591.166,1117.786,2.934,83.824,-3.078,83.88,2.711,-1.878,15,2.08,12.92,1.3126,222000,214435.5,-57457.8,-25132.2,-691131.6,-15796.5,574.4,-0.0,0.0,173506.9,-120175.0,0,0
54.7,1519.184,591.114,1119.184,2.986,83.869,-3.109,83.926,2.707,-1.874,15,2.1,12.9,1.3107,222000,214435.5,-57457.8,-25369.1,-690925.9,-15813.7,580.6,-0.0,0.0,173252.7,-119963.1,0,0
54.7167,1520.582,591.061,1120.582,3.039,83.914,-3.14,83.973,2.703,-1.871,15,2.12,12.88,1.3089,222000,214435.5,-57457.8,-25605.2,-690720.3,-15831.0,586.9,-0.0,0.0,172999.4,-119751.3,0,0
54.7333,1521.981,591.009,1121.981,3.091,83.959,-3.171,84.019,2.699,-1.868,15,2.14,12.86,1.3071,222000,214435.5,-57457.8,-25840.5,-690514.8,-15848.2,593.1,-0.0,0.0,172746.9,-119539.6,0,0
54.75,1523.382,590.955,1123.382,3.145,84.004,-3.202,84.065,2.695,-1.864,15,2.16,12.84,1.3053,222000,214435.5,-57457.8,-26074.9,-690309.4,-15865.4,599.3,-0.0,0.0,172495.3,-119327.9,0,0
54.7667,1524.782,590.901,1124.782,3.199,84.049,-3.233,84.111,2.691,-1.861,15,2.18,12.82,1.3035,222000,214435.5,-57457.8,-26308.5,-690104.0,-15882.6,605.5,-0.0,0.0,172244.5,-119116.4,0,0
54.7833,1526.184,590.847,1126.184,3.253,84.093,-3.264,84.157,2.687,-1.858,15,2.2,12.8,1.3017,222000,214435.5,-57457.8,-26541.2,-689898.8,-15899.7,611.7,-0.0,0.0,171994.5,-118904.9,0,0
54.8,1527.586,590.792,1127.586,3.308,84.138,-3.295,84.203,2.684,-1.855,15,2.22,12.78,1.2999,222000,214435.5,-57457.8,-26773.2,-689693.6,-15916.9,617.9,-0.0,0.0,171745.4,-118693.6,0,0
54.8167,1528.989,590.736,1128.989,3.364,84.183,-3.326,84.248,2.68,-1.851,15,2.24,12.76,1.2981,222000,214435.5,-57457.8,-27004.3,-689488.5,-15934.1,624.1,-0.0,0.0,171497.2,-118482.3,0,0
54.8333,1530.393,590.681,1130.393,3.419,84.227,-3.357,84.294,2.676,-1.848,15,2.26,12.74,1.2964,222000,214435.5,-57457.8,-27234.6,-689283.6,-15951.2,630.3,-0.0,0.0,171249.8,-118271.2,0,0
54.85,1531.798,590.624,1131.798,3.476,84.272,-3.388,84.34,2.672,-1.845,15,2.28,12.72,1.2946,222000,214435.5,-57457.8,-27464.0,-689078.7,-15968.3,636.4,-0.0,0.0,171003.2,-118060.1,0,0
54.8667,1533.203,590.567,1133.203,3.533,84.316,-3.418,84.386,2.668,-1.841,15,2.3,12.7,1.2928,222000,214435.5,-57457.8,-27692.7,-688874.0,-15985.4,642.6,-0.0,0.0,170757.4,-117849.2,0,0
54.8833,1534.609,590.51,1134.609,3.59,84.361,-3.449,84.431,2.664,-1.838,15,2.32,12.68,1.2911,222000,214435.5,-57457.8,-27920.5,-688669.4,-16002.5,648.8,-0.0,0.0,170512.5,-117638.4,0,0
54.9,1536.016,590.452,1136.016,3.648,84.405,-3.48,84.477,2.66,-1.835,15,2.34,12.66,1.2893,222000,214435.5,-57457.8,-28147.6,-688464.9,-16019.6,655.0,-0.0,0.0,170268.4,-117427.8,0,0
54.9167,1537.423,590.393,1137.423,3.707,84.449,-3.51,84.522,2.657,-1.832,15,2.36,12.64,1.2875,222000,214435.5,-57457.8,-28373.8,-688260.5,-16036.7,661.1,-0.0,0.0,170025.1,-117217.2,0,0
54.9333,1538.831,590.334,1138.831,3.766,84.494,-3.541,84.568,2.653,-1.828,15,2.38,12.62,1.2858,222000,214435.5,-57457.8,-28599.2,-688056.3,-16053.7,667.3,-0.0,0.0,169782.6,-117006.8,0,0
54.95,1540.24,590.275,1140.24,3.825,84.538,-3.571,84.613,2.649,-1.825,15,2.4,12.6,1.284,222000,214435.5,-57457.8,-28823.8,-687852.2,-16070.8,673.4,-0.0,0.0,169540.9,-116796.6,0,0
54.9667,1541.65,590.215,1141.65,3.885,84.582,-3.601,84.658,2.645,-1.822,15,2.42,12.58,1.2823,222000,214435.5,-57457.8,-29047.6,-687648.3,-16087.8,679.6,-0.0,0.0,169300.1,-116586.5,0,0
54.9833,1543.06,590.154,1143.06,3.946,84.626,-3.632,84.704,2.642,-1.818,15,2.44,12.56,1.2806,222000,214435.5,-57457.8,-29270.6,-687444.5,-16104.8,685.7,-0.0,0.0,169060.1,-116376.6,0,0
55.0,1544.472,590.093,1144.472,4.007,84.67,-3.662,84.749,2.638,-1.815,15,2.46,12.54,1.2788,222000,214435.5,-57457.8,-29492.9,-687240.9,-16121.8,691.9,-0.0,0.0,168820.8,-116166.8,0,0
55.0167,1545.883,590.031,1145.883,4.069,84.714,-3.692,84.794,2.634,-1.812,15,2.48,12.52,1.2771,222000,214435.5,-57457.8,-29714.3,-687037.4,-16138.8,698.0,-0.0,0.0,168582.4,-115957.3,0,0
55.0333,1547.296,589.969,1147.296,4.131,84.758,-3.722,84.839,2.63,-1.809,15,2.5,12.5,1.2754,222000,214435.5,-57457.8,-29934.9,-686834.1,-16155.8,704.1,-0.0,0.0,168344.8,-115747.8,0,0
55.05,1548.709,589.907,1148.709,4.193,84.801,-3.752,84.884,2.627,-1.805,15,2.51,12.49,1.2737,222000,214435.5,-57457.8,-30154.8,-686631.0,-16172.7,710.3,-0.0,0.0,168108.0,-115538.6,0,0
55.0667,1550.124,589.844,1150.124,4.256,84.845,-3.782,84.929,2.623,-1.802,15,2.53,12.47,1.272,222000,214435.5,-57457.8,-30373.9,-686428.1,-16189.7,716.4,-0.0,0.0,167872.0,-115329.5,0,0
55.0833,1551.538,589.78,1151.538,4.32,84.889,-3.812,84.974,2.619,-1.799,15,2.55,12.45,1.2703,222000,214435.5,-57457.8,-30592.2,-686225.3,-16206.6,722.5,-0.0,0.0,167636.7,-115120.6,0,0
55.1,1552.954,589.716,1152.954,4.384,84.932,-3.842,85.019,2.616,-1.795,15,2.57,12.43,1.2686,222000,214435.5,-57457.8,-30809.7,-686022.7,-16223.5,728.6,-0.0,0.0,167402.3,-114911.9,0,0
55.1167,1554.37,589.652,1154.37,4.448,84.976,-3.872,85.064,2.612,-1.792,15,2.59,12.41,1.2669,222000,214435.5,-57457.8,-31026.4,-685820.3,-16240.5,734.7,-0.0,0.0,167168.6,-114703.4,0,0
55.1333,1555.787,589.587,1155.787,4.513,85.019,-3.902,85.109,2.608,-1.789,15,2.61,12.39,1.2652,222000,214435.5,-57457.8,-31242.4,-685618.1,-16257.3,740.8,-0.0,0.0,166935.8,-114495.2,0,0
55.15,1557.205,589.521,1157.205,4.579,85.063,-3.932,85.154,2.605,-1.786,15,2.63,12.37,1.2635,222000,214435.5,-57457.8,-31457.6,-685416.1,-16274.2,746.9,-0.0,0.0,166703.7,-114287.1,0,0
55.1667,1558.623,589.455,1158.623,4.645,85.106,-3.961,85.198,2.601,-1.782,15,2.65,12.35,1.2618,222000,214435.5,-57457.8,-31672.0,-685214.4,-16291.1,753.0,-0.0,0.0,166472.4,-114079.2,0,0
55.1833,1560.042,589.389,1160.042,4.711,85.149,-3.991,85.243,2.598,-1.779,15,2.67,12.33,1.2601,222000,214435.5,-57457.8,-31885.7,-685012.8,-16308.0,759.1,-0.0,0.0,166241.9,-113871.5,0,0
55.2,1561.462,589.322,1161.462,4.778,85.193,-4.021,85.287,2.594,-1.776,15,2.68,12.32,1.2585,222000,214435.5,-57457.8,-32098.6,-684811.4,-16324.8,765.2,-0.0,0.0,166012.1,-113664.0,0,0
55.2167,1562.883,589.254,1162.883,4.846,85.236,-4.05,85.332,2.59,-1.773,15,2.7,12.3,1.2568,222000,214435.5,-57457.8,-32310.8,-684610.2,-16341.6,771.3,-0.0,0.0,165783.1,-113456.8,0,0
55.2333,1564.304,589.186,1164.304,4.914,85.279,-4.08,85.376,2.587,-1.77,15,2.72,12.28,1.2551,222000,214435.5,-57457.8,-32522.2,-684409.3,-16358.4,777.3,-0.0,0.0,165554.9,-113249.8,0,0
55.25,1565.726,589.118,1165.726,4.982,85.322,-4.109,85.421,2.583,-1.766,15,2.74,12.26,1.2535,222000,214435.5,-57457.8,-32732.8,-684208.6,-16375.2,783.4,-0.0,0.0,165327.5,-113043.0,0,0
55.2667,1567.149,589.049,1167.149,5.051,85.365,-4.139,85.465,2.58,-1.763,15,2.76,12.24,1.2518,222000,214435.5,-57457.8,-32942.7,-684008.1,-16392.0,789.5,-0.0,0.0,165100.8,-112836.5,0,0
55.2833,1568.572,588.979,1168.572,5.121,85.408,-4.168,85.509,2.576,-1.76,15,2.78,12.22,1.2502,222000,214435.5,-57457.8,-33151.9,-683807.9,-16408.8,795.5,0.0,0.0,164874.8,-112630.2,0,0
55.3,1569.997,588.909,1169.997,5.191,85.451,-4.197,85.554,2.573,-1.757,15,2.79,12.21,1.2486,222000,214435.5,-57457.8,-33360.3,-683607.9,-16425.6,801.6,0.0,0.0,164649.7,-112424.1,0,0
55.3167,1571.422,588.839,1171.422,5.261,85.494,-4.226,85.598,2.569,-1.753,15,2.81,12.19,1.2469,222000,214435.5,-57457.8,-33567.9,-683408.1,-16442.3,807.6,0.0,0.0,164425.3,-112218.3,0,0
55.3333,1572.847,588.768,1172.847,5.332,85.536,-4.256,85.642,2.566,-1.75,15,2.83,12.17,1.2453,222000,214435.5,-57457.8,-33774.9,-683208.5,-16459.1,813.7,0.0,0.0,164201.6,-112012.7,0,0
55.35,1574.273,588.696,1174.273,5.404,85.579,-4.285,85.686,2.562,-1.747,15,2.85,12.15,1.2437,222000,214435.5,-57457.8,-33981.1,-683009.3,-16475.8,819.7,0.0,0.0,163978.7,-111807.4,0,0
55.3667,1575.7,588.625,1175.7,5.475,85.622,-4.314,85.73,2.559,-1.744,15,2.87,12.13,1.242,222000,214435.5,-57457.8,-34186.5,-682810.2,-16492.5,825.7,0.0,0.0,163756.5,-111602.3,0,0
55.3833,1577.128,588.552,1177.128,5.548,85.664,-4.343,85.774,2.555,-1.741,15,2.88,12.12,1.2404,222000,214435.5,-57457.8,-34391.2,-682611.5,-16509.2,831.8,0.0,0.0,163535.1,-111397.5,0,0
55.4,1578.557,588.479,1178.557,5.621,85.707,-4.372,85.818,2.552,-1.737,15,2.9,12.1,1.2388,222000,214435.5,-57457.8,-34595.3,-682412.9,-16525.9,837.8,0.0,0.0,163314.4,-111193.0,0,0
55.4167,1579.986,588.406,1179.986,5.694,85.749,-4.401,85.862,2.548,-1.734,15,2.92,12.08,1.2372,222000,214435.5,-57457.8,-34798.5,-682214.7,-16542.6,843.8,0.0,0.0,163094.4,-110988.7,0,0
55.4333,1581.416,588.332,1181.416,5.768,85.792,-4.429,85.906,2.545,-1.731,15,2.94,12.06,1.2356,222000,214435.5,-57457.8,-35001.1,-682016.7,-16559.2,849.8,0.0,0.0,162875.2,-110784.7,0,0
55.45,1582.846,588.258,1182.846,5.842,85.834,-4.458,85.95,2.542,-1.728,15,2.96,12.04,1.234,222000,214435.5,-57457.8,-35202.9,-681819.0,-16575.9,855.8,0.0,0.0,162656.7,-110581.0,0,0
55.4667,1584.278,588.183,1184.278,5.917,85.876,-4.487,85.993,2.538,-1.725,15,2.97,12.03,1.2324,222000,214435.5,-57457.8,-35404.0,-681621.5,-16592.5,861.8,0.0,0.0,162439.0,-110377.5,0,0
55.4833,1585.709,588.108,1185.709,5.992,85.919,-4.516,86.037,2.535,-1.721,15,2.99,12.01,1.2308,222000,214435.5,-57457.8,-35604.4,-681424.4,-16609.2,867.8,0.0,0.0,162221.9,-110174.4,0,0
55.5,1587.142,588.032,1187.142,6.068,85.961,-4.544,86.081,2.531,-1.718,15,3.01,11.99,1.2292,222000,214435.5,-57457.8,-35804.1,-681227.5,-16625.8,873.8,0.0,0.0,162005.6,-109971.5,0,0
55.5167,1588.576,587.956,1188.576,6.144,86.003,-4.573,86.124,2.528,-1.715,15,3.03,11.97,1.2276,222000,214435.5,-57457.8,-36003.1,-681030.8,-16642.4,879.8,0.0,0.0,161790.0,-109768.9,0,0
55.5333,1590.01,587.879,1190.01,6.221,86.045,-4.601,86.168,2.525,-1.712,15,3.04,11.96,1.2261,222000,214435.5,-57457.8,-36201.4,-680834.5,-16659.0,885.8,0.0,0.0,161575.2,-109566.6,0,0
55.55,1591.444,587.802,1191.444,6.298,86.087,-4.63,86.211,2.521,-1.709,15,3.06,11.94,1.2245,222000,214435.5,-57457.8,-36399.0,-680638.5,-16675.5,891.8,0.0,0.0,161361.0,-109364.5,0,0
55.5667,1592.88,587.724,1192.88,6.376,86.129,-4.658,86.255,2.518,-1.706,15,3.08,11.92,1.2229,222000,214435.5,-57457.8,-36595.9,-680442.7,-16692.1,897.7,0.0,0.0,161147.6,-109162.8,0,0
55.5833,1594.316,587.646,1194.316,6.454,86.171,-4.687,86.298,2.515,-1.703,15,3.1,11.9,1.2214,222000,214435.5,-57457.8,-36792.1,-680247.3,-16708.6,903.7,0.0,0.0,160934.8,-108961.4,0,0
55.6,1595.753,587.568,1195.753,6.532,86.213,-4.715,86.342,2.511,-1.699,15,3.11,11.89,1.2198,222000,214435.5,-57457.8,-36987.6,-680052.1,-16725.2,909.7,0.0,0.0,160722.8,-108760.3,0,0
55.6167,1597.191,587.489,1197.191,6.611,86.254,-4.743,86.385,2.508,-1.696,15,3.13,11.87,1.2183,222000,214435.5,-57457.8,-37182.4,-679857.3,-16741.7,915.6,0.0,0.0,160511.5,-108559.5,0,0
55.6333,1598.629,587.409,1198.629,6.691,86.296,-4.772,86.428,2.505,-1.693,15,3.15,11.85,1.2167,222000,214435.5,-57457.8,-37376.5,-679662.7,-16758.2,921.6,0.0,0.0,160300.8,-108359.0,0,0
55.65,1600.068,587.329,1200.068,6.771,86.338,-4.8,86.471,2.501,-1.69,15,3.16,11.84,1.2152,222000,214435.5,-57457.8,-37569.9,-679468.5,-16774.7,927.5,0.0,0.0,160090.9,-108158.8,0,0
55.6667,1601.507,587.249,1201.507,6.851,86.38,-4.828,86.514,2.498,-1.687,15,3.18,11.82,1.2136,222000,214435.5,-57457.8,-37762.6,-679274.5,-16791.2,933.5,0.0,0.0,159881.7,-107958.9,0,0
55.6833,1602.948,587.168,1202.948,6.932,86.421,-4.856,86.557,2.495,-1.684,15,3.2,11.8,1.2121,222000,214435.5,-57457.8,-37954.7,-679080.9,-16807.7,939.4,0.0,0.0,159673.1,-107759.4,0,0
55.7,1604.389,587.086,1204.389,7.014,86.463,-4.884,86.601,2.492,-1.681,15,3.22,11.78,1.2106,222000,214435.5,-57457.8,-38146.1,-678887.6,-16824.2,945.3,0.0,0.0,159465.3,-107560.1,0,0
55.7167,1605.831,587.004,1205.831,7.096,86.504,-4.912,86.643,2.488,-1.678,15,3.23,11.77,1.209,222000,214435.5,-57457.8,-38336.8,-678694.6,-16840.6,951.3,0.0,0.0,159258.1,-107361.2,0,0
55.7333,1607.273,586.922,1207.273,7.178,86.546,-4.94,86.686,2.485,-1.674,15,3.25,11.75,1.2075,222000,214435.5,-57457.8,-38526.8,-678502.0,-16857.1,957.2,0.0,0.0,159051.6,-107162.6,0,0
55.75,1608.716,586.839,1208.716,7.261,86.587,-4.968,86.729,2.482,-1.671,15,3.27,11.73,1.206,222000,214435.5,-57457.8,-38716.2,-678309.6,-16873.5,963.1,0.0,0.0,158845.8,-106964.3,0,0
55.7667,1610.16,586.756,1210.16,7.344,86.628,-4.995,86.772,2.479,-1.668,15,3.28,11.72,1.2045,222000,214435.5,-57457.8,-38904.9,-678117.6,-16889.9,969.0,0.0,0.0,158640.7,-106766.4,0,0
55.7833,1611.604,586.672,1211.604,7.428,86.67,-5.023,86.815,2.476,-1.665,15,3.3,11.7,1.203,222000,214435.5,-57457.8,-39092.9,-677925.9,-16906.3,974.9,0.0,0.0,158436.3,-106568.8,0,0
55.8,1613.05,586.588,1213.05,7.512,86.711,-5.051,86.858,2.472,-1.662,15,3.32,11.68,1.2015,222000,214435.5,-57457.8,-39280.3,-677734.5,-16922.7,980.8,0.0,0.0,158232.5,-106371.5,0,0
55.8167,1614.495,586.503,1214.495,7.597,86.752,-5.079,86.9,2.469,-1.659,15,3.33,11.67,1.2,222000,214435.5,-57457.8,-39467.0,-677543.5,-16939.1,986.7,0.0,0.0,158029.4,-106174.6,0,0
55.8333,1615.942,586.418,1215.942,7.682,86.793,-5.106,86.943,2.466,-1.656,15,3.35,11.65,1.1985,222000,214435.5,-57457.8,-39653.1,-677352.8,-16955.5,992.6,0.0,0.0,157827.0,-105978.0,0,0
55.85,1617.389,586.333,1217.389,7.767,86.834,-5.134,86.986,2.463,-1.653,15,3.37,11.63,1.197,222000,214435.5,-57457.8,-39838.5,-677162.4,-16971.8,998.5,0.0,0.0,157625.2,-105781.8,0,0
55.8667,1618.837,586.247,1218.837,7.853,86.875,-5.161,87.028,2.46,-1.65,15,3.38,11.62,1.1955,222000,214435.5,-57457.8,-40023.3,-676972.4,-16988.2,1004.4,0.0,0.0,157424.1,-105585.9,0,0
55.8833,1620.286,586.16,1220.286,7.94,86.916,-5.189,87.071,2.457,-1.647,15,3.4,11.6,1.194,222000,214435.5,-57457.8,-40207.4,-676782.7,-17004.5,1010.2,0.0,0.0,157223.7,-105390.3,0,0
55.9,1621.735,586.073,1221.735,8.027,86.957,-5.216,87.113,2.453,-1.644,15,3.42,11.58,1.1925,222000,214435.5,-57457.8,-40390.8,-676593.4,-17020.8,1016.1,0.0,0.0,157023.9,-105195.1,0,0
55.9167,1623.185,585.986,1223.185,8.114,86.998,-5.243,87.156,2.45,-1.641,15,3.43,11.57,1.1911,222000,214435.5,-57457.8,-40573.7,-676404.4,-17037.1,1022.0,0.0,0.0,156824.8,-105000.3,0,0
55.9333,1624.636,585.898,1224.636,8.202,87.038,-5.271,87.198,2.447,-1.638,15,3.45,11.55,1.1896,222000,214435.5,-57457.8,-40755.8,-676215.8,-17053.4,1027.8,0.0,0.0,156626.3,-104805.8,0,0
55.95,1626.087,585.81,1226.087,8.29,87.079,-5.298,87.24,2.444,-1.635,15,3.47,11.53,1.1881,222000,214435.5,-57457.8,-40937.4,-676027.5,-17069.7,1033.7,0.0,0.0,156428.4,-104611.6,0,0
55.9667,1627.539,585.721,1227.539,8.379,87.12,-5.325,87.282,2.441,-1.632,15,3.48,11.52,1.1867,222000,214435.5,-57457.8,-41118.3,-675839.6,-17086.0,1039.5,0.0,0.0,156231.3,-104417.9,0,0
55.9833,1628.992,585.632,1228.992,8.468,87.161,-5.352,87.325,2.438,-1.629,15,3.5,11.5,1.1852,222000,214435.5,-57457.8,-41298.6,-675652.0,-17102.3,1045.4,0.0,0.0,156034.7,-104224.4,0,0
56.0,1630.445,585.542,1230.445,8.558,87.201,-5.379,87.367,2.435,-1.625,15,3.51,11.49,1.1837,222000,214435.5,-57457.8,-41478.2,-675464.7,-17118.5,1051.2,0.0,0.0,155838.8,-104031.4,0,0
56.0167,1631.899,585.452,1231.899,8.648,87.242,-5.406,87.409,2.432,-1.622,15,3.53,11.47,1.1823,222000,214435.5,-57457.8,-41657.2,-675277.9,-17134.7,1057.0,0.0,0.0,155643.6,-103838.7,0,0
56.0333,1633.354,585.362,1233.354,8.738,87.282,-5.433,87.451,2.429,-1.619,15,3.55,11.45,1.1809,222000,214435.5,-57457.8,-41835.6,-675091.4,-17151.0,1062.9,0.0,0.0,155448.9,-103646.3,0,0
56.05,1634.809,585.271,1234.809,8.829,87.323,-5.46,87.493,2.426,-1.616,15,3.56,11.44,1.1794,222000,214435.5,-57457.8,-42013.4,-674905.2,-17167.2,1068.7,0.0,0.0,155254.9,-103454.4,0,0
56.0667,1636.265,585.179,1236.265,8.921,87.363,-5.487,87.535,2.423,-1.613,15,3.58,11.42,1.178,222000,214435.5,-57457.8,-42190.6,-674719.4,-17183.4,1074.5,0.0,0.0,155061.6,-103262.8,0,0
56.0833,1637.722,585.087,1237.722,9.013,87.403,-5.514,87.577,2.42,-1.61,15,3.59,11.41,1.1765,222000,214435.5,-57457.8,-42367.1,-674534.0,-17199.6,1080.3,0.0,0.0,154868.8,-103071.6,0,0
56.1,1639.179,584.995,1239.179,9.105,87.444,-5.541,87.619,2.417,-1.608,15,3.61,11.39,1.1751,222000,214435.5,-57457.8,-42543.0,-674349.0,-17215.8,1086.1,0.0,0.0,154676.7,-102880.7,0,0
56.1167,1640.637,584.902,1240.637,9.198,87.484,-5.568,87.661,2.414,-1.605,15,3.63,11.37,1.1737,222000,214435.5,-57457.8,-42718.3,-674164.3,-17232.0,1091.9,0.0,0.0,154485.2,-102690.2,0,0
56.1333,1642.096,584.809,1242.096,9.291,87.524,-5.594,87.703,2.411,-1.602,15,3.64,11.36,1.1723,222000,214435.5,-57457.8,-42893.0,-673980.0,-17248.1,1097.7,0.0,0.0,154294.4,-102500.1,0,0
56.15,1643.555,584.715,1243.555,9.385,87.564,-5.621,87.744,2.408,-1.599,15,3.66,11.34,1.1709,222000,214435.5,-57457.8,-43067.1,-673796.1,-17264.3,1103.5,0.0,0.0,154104.1,-102310.4,0,0
56.1667,1645.016,584.621,1245.016,9.479,87.604,-5.648,87.786,2.405,-1.596,15,3.67,11.33,1.1694,222000,214435.5,-57457.8,-43240.6,-673612.5,-17280.4,1109.3,0.0,0.0,153914.5,-102121.1,0,0
56.1833,1646.476,584.526,1246.476,9.574,87.644,-5.674,87.828,2.402,-1.593,15,3.69,11.31,1.168,222000,214435.5,-57457.8,-43413.5,-673429.3,-17296.5,1115.0,0.0,0.0,153725.5,-101932.1,0,0
56.2,1647.938,584.431,1247.938,9.669,87.684,-5.701,87.869,2.399,-1.59,15,3.7,11.3,1.1666,222000,214435.5,-57457.8,-43585.8,-673246.5,-17312.6,1120.8,0.0,0.0,153537.0,-101743.5,0,0
56.2167,1649.4,584.336,1249.4,9.764,87.724,-5.727,87.911,2.396,-1.587,15,3.72,11.28,1.1652,222000,214435.5,-57457.8,-43757.5,-673064.1,-17328.8,1126.6,0.0,0.0,153349.2,-101555.3,0,0
56.2333,1650.862,584.24,1250.862,9.86,87.764,-5.753,87.952,2.393,-1.584,15,3.74,11.26,1.1638,222000,214435.5,-57457.8,-43928.6,-672882.0,-17344.8,1132.3,0.0,0.0,153162.0,-101367.5,0,0
56.25,1652.326,584.144,1252.326,9.956,87.804,-5.78,87.994,2.39,-1.581,15,3.75,11.25,1.1624,222000,214435.5,-57457.8,-44099.2,-672700.4,-17360.9,1138.1,0.0,0.0,152975.4,-101180.1,0,0
56.2667,1653.79,584.047,1253.79,10.053,87.844,-5.806,88.035,2.387,-1.578,15,3.77,11.23,1.1611,222000,214435.5,-57457.8,-44269.1,-672519.1,-17377.0,1143.9,0.0,0.0,152789.4,-100993.1,0,0
56.2833,1655.255,583.95,1255.255,10.15,87.883,-5.832,88.077,2.384,-1.575,15,3.78,11.22,1.1597,222000,214435.5,-57457.8,-44438.4,-672338.2,-17393.1,1149.6,0.0,0.0,152604.0,-100806.4,0,0
56.3,1656.72,583.852,1256.72,10.248,87.923,-5.859,88.118,2.382,-1.572,15,3.8,11.2,1.1583,222000,214435.5,-57457.8,-44607.2,-672157.7,-17409.1,1155.3,0.0,0.0,152419.2,-100620.2,0,0
56.3167,1658.186,583.754,1258.186,10.346,87.963,-5.885,88.159,2.379,-1.569,15,3.81,11.19,1.1569,222000,214435.5,-57457.8,-44775.4,-671977.6,-17425.1,1161.1,0.0,0.0,152235.0,-100434.3,0,0
56.3333,1659.653,583.656,1259.653,10.444,88.002,-5.911,88.201,2.376,-1.566,15,3.83,11.17,1.1555,222000,214435.5,-57457.8,-44943.0,-671797.8,-17441.2,1166.8,0.0,0.0,152051.4,-100248.8,0,0
56.35,1661.12,583.557,1261.12,10.543,88.042,-5.937,88.242,2.373,-1.563,15,3.84,11.16,1.1542,222000,214435.5,-57457.8,-45110.0,-671618.5,-17457.2,1172.5,0.0,0.0,151868.3,-100063.8,0,0
56.3667,1662.588,583.457,1262.588,10.643,88.081,-5.963,88.283,2.37,-1.561,15,3.86,11.14,1.1528,222000,214435.5,-57457.8,-45276.5,-671439.5,-17473.2,1178.3,0.0,0.0,151685.9,-99879.1,0,0
56.3833,1664.057,583.357,1264.057,10.743,88.121,-5.989,88.324,2.367,-1.558,15,3.87,11.13,1.1514,222000,214435.5,-57457.8,-45442.3,-671261.0,-17489.2,1184.0,0.0,0.0,151504.0,-99694.8,0,0
56.4,1665.526,583.257,1265.526,10.843,88.16,-6.015,88.365,2.364,-1.555,15,3.89,11.11,1.1501,222000,214435.5,-57457.8,-45607.6,-671082.8,-17505.2,1189.7,0.0,0.0,151322.7,-99510.9,0,0
56.4167,1666.996,583.157,1266.996,10.943,88.2,-6.041,88.406,2.362,-1.552,15,3.9,11.1,1.1487,222000,214435.5,-57457.8,-45772.4,-670905.0,-17521.1,1195.4,0.0,0.0,151142.0,-99327.5,0,0
56.4333,1668.467,583.055,1268.467,11.045,88.239,-6.066,88.447,2.359,-1.549,15,3.92,11.08,1.1474,222000,214435.5,-57457.8,-45936.6,-670727.6,-17537.1,1201.1,0.0,0.0,150961.8,-99144.4,0,0
56.45,1669.938,582.954,1269.938,11.146,88.278,-6.092,88.488,2.356,-1.546,15,3.93,11.07,1.146,222000,214435.5,-57457.8,-46100.2,-670550.7,-17553.1,1206.8,0.0,0.0,150782.3,-98961.7,0,0
56.4667,1671.41,582.852,1271.41,11.248,88.317,-6.118,88.529,2.353,-1.543,15,3.95,11.05,1.1447,222000,214435.5,-57457.8,-46263.3,-670374.1,-17569.0,1212.5,0.0,0.0,150603.3,-98779.5,0,0
56.4833,1672.883,582.75,1272.883,11.35,88.357,-6.144,88.57,2.35,-1.541,15,3.96,11.04,1.1434,222000,214435.5,-57457.8,-46425.8,-670197.9,-17584.9,1218.1,0.0,0.0,150424.8,-98597.6,0,0
56.5,1674.356,582.647,1274.356,11.453,88.396,-6.169,88.611,2.348,-1.538,15,3.98,11.02,1.142,222000,214435.5,-57457.8,-46587.7,-670022.1,-17600.9,1223.8,0.0,0.0,150247.0,-98416.1,0,0
56.5167,1675.83,582.543,1275.83,11.557,88.435,-6.195,88.651,2.345,-1.535,15,3.99,11.01,1.1407,222000,214435.5,-57457.8,-46749.1,-669846.7,-17616.8,1229.5,0.0,0.0,150069.6,-98235.1,0,0
56.5333,1677.304,582.44,1277.304,11.66,88.474,-6.22,88.692,2.342,-1.532,15,4.01,10.99,1.1394,222000,214435.5,-57457.8,-46910.0,-669671.7,-17632.7,1235.2,0.0,0.0,149892.9,-98054.4,0,0
56.55,1678.78,582.336,1278.78,11.764,88.513,-6.246,88.733,2.339,-1.529,15,4.02,10.98,1.138,222000,214435.5,-57457.8,-47070.3,-669497.2,-17648.5,1240.8,0.0,0.0,149716.7,-97874.2,0,0
56.5667,1680.255,582.231,1280.255,11.869,88.552,-6.271,88.774,2.337,-1.526,15,4.04,10.96,1.1367,222000,214435.5,-57457.8,-47230.1,-669323.0,-17664.4,1246.5,0.0,0.0,149541.1,-97694.4,0,0
56.5833,1681.732,582.126,1281.732,11.974,88.591,-6.297,88.814,2.334,-1.524,15,4.05,10.95,1.1354,222000,214435.5,-57457.8,-47389.3,-669149.2,-17680.3,1252.1,0.0,0.0,149366.0,-97514.9,0,0
56.6,1683.209,582.021,1283.209,12.079,88.629,-6.322,88.855,2.331,-1.521,15,4.07,10.93,1.1341,222000,214435.5,-57457.8,-47548.0,-668975.9,-17696.1,1257.8,0.0,0.0,149191.4,-97335.9,0,0
56.6167,1684.687,581.915,1284.687,12.185,88.668,-6.347,88.895,2.328,-1.518,15,4.08,10.92,1.1328,222000,214435.5,-57457.8,-47706.1,-668802.9,-17712.0,1263.4,0.0,0.0,149017.4,-97157.3,0,0
56.6333,1686.165,581.809,1286.165,12.291,88.707,-6.373,88.936,2.326,-1.515,15,4.09,10.91,1.1315,222000,214435.5,-57457.8,-47863.7,-668630.4,-17727.8,1269.0,0.0,0.0,148844.0,-96979.1,0,0
56.65,1687.645,581.702,1287.645,12.398,88.746,-6.398,88.976,2.323,-1.513,15,4.11,10.89,1.1302,222000,214435.5,-57457.8,-48020.8,-668458.2,-17743.6,1274.7,0.0,0.0,148671.1,-96801.4,0,0
56.6667,1689.124,581.595,1289.124,12.505,88.784,-6.423,89.016,2.32,-1.51,15,4.12,10.88,1.1289,222000,214435.5,-57457.8,-48177.3,-668286.5,-17759.5,1280.3,0.0,0.0,148498.7,-96624.0,0,0
56.6833,1690.605,581.488,1290.605,12.612,88.823,-6.448,89.057,2.318,-1.507,15,4.14,10.86,1.1276,222000,214435.5,-57457.8,-48333.4,-668115.1,-17775.3,1285.9,0.0,0.0,148326.9,-96447.1,0,0
56.7,1692.086,581.38,1292.086,12.72,88.862,-6.473,89.097,2.315,-1.504,15,4.15,10.85,1.1263,222000,214435.5,-57457.8,-48488.9,-667944.2,-17791.1,1291.5,0.0,0.0,148155.6,-96270.5,0,0
56.7167,1693.567,581.272,1293.567,12.828,88.9,-6.498,89.137,2.312,-1.501,15,4.17,10.83,1.125,222000,214435.5,-57457.8,-48643.8,-667773.7,-17806.8,1297.1,0.0,0.0,147984.9,-96094.4,0,0
56.7333,1695.05,581.163,1295.05,12.937,88.939,-6.523,89.178,2.31,-1.499,15,4.18,10.82,1.1237,222000,214435.5,-57457.8,-48798.3,-667603.6,-17822.6,1302.7,0.0,0.0,147814.6,-95918.7,0,0
56.75,1696.533,581.054,1296.533,13.046,88.977,-6.548,89.218,2.307,-1.496,15,4.19,10.81,1.1225,222000,214435.5,-57457.8,-48952.2,-667433.9,-17838.4,1308.3,0.0,0.0,147644.9,-95743.4,0,0
56.7667,1698.016,580.944,1298.016,13.156,89.016,-6.573,89.258,2.304,-1.493,15,4.21,10.79,1.1212,222000,214435.5,-57457.8,-49105.6,-667264.7,-17854.1,1313.9,0.0,0.0,147475.8,-95568.6,0,0
56.7833,1699.5,580.834,1299.5,13.266,89.054,-6.598,89.298,2.302,-1.491,15,4.22,10.78,1.1199,222000,214435.5,-57457.8,-49258.5,-667095.8,-17869.9,1319.5,0.0,0.0,147307.1,-95394.1,0,0
56.8,1700.985,580.724,1300.985,13.376,89.092,-6.623,89.338,2.299,-1.488,15,4.24,10.76,1.1187,222000,214435.5,-57457.8,-49410.9,-666927.4,-17885.6,1325.1,0.0,0.0,147139.0,-95220.1,0,0
56.8167,1702.471,580.613,1302.471,13.487,89.13,-6.647,89.378,2.296,-1.485,15,4.25,10.75,1.1174,222000,214435.5,-57457.8,-49562.8,-666759.3,-17901.3,1330.7,0.0,0.0,146971.4,-95046.5,0,0
56.8333,1703.957,580.502,1303.957,13.598,89.169,-6.672,89.418,2.294,-1.482,15,4.27,10.73,1.1161,222000,214435.5,-57457.8,-49714.2,-666591.7,-17917.0,1336.2,0.0,0.0,146804.3,-94873.3,0,0
56.85,1705.444,580.39,1305.444,13.71,89.207,-6.697,89.458,2.291,-1.48,15,4.28,10.72,1.1149,222000,214435.5,-57457.8,-49865.1,-666424.5,-17932.7,1341.8,0.0,0.0,146637.7,-94700.5,0,0
56.8667,1706.931,580.278,1306.931,13.822,89.245,-6.721,89.498,2.289,-1.477,15,4.29,10.71,1.1136,222000,214435.5,-57457.8,-50015.4,-666257.7,-17948.4,1347.4,0.0,0.0,146471.7,-94528.2,0,0
56.8833,1708.419,580.166,1308.419,13.934,89.283,-6.746,89.538,2.286,-1.474,15,4.31,10.69,1.1124,222000,214435.5,-57457.8,-50165.3,-666091.3,-17964.1,1352.9,0.0,0.0,146306.1,-94356.2,0,0
56.9,1709.908,580.053,1309.908,14.047,89.321,-6.77,89.577,2.283,-1.472,15,4.32,10.68,1.1111,222000,214435.5,-57457.8,-50314.7,-665925.4,-17979.8,1358.5,0.0,0.0,146141.1,-94184.7,0,0
56.9167,1711.397,579.94,1311.397,14.16,89.359,-6.795,89.617,2.281,-1.469,15,4.33,10.67,1.1099,222000,214435.5,-57457.8,-50463.6,-665759.8,-17995.4,1364.0,0.0,0.0,145976.6,-94013.6,0,0
56.9333,1712.887,579.826,1312.887,14.274,89.397,-6.819,89.657,2.278,-1.466,15,4.35,10.65,1.1086,222000,214435.5,-57457.8,-50611.9,-665594.7,-18011.1,1369.6,0.0,0.0,145812.5,-93843.0,0,0
56.95,1714.378,579.712,1314.378,14.388,89.435,-6.844,89.697,2.276,-1.464,15,4.36,10.64,1.1074,222000,214435.5,-57457.8,-50759.8,-665430.0,-18026.7,1375.1,0.0,0.0,145649.0,-93672.7,0,0
56.9667,1715.869,579.597,1315.869,14.503,89.473,-6.868,89.736,2.273,-1.461,15,4.38,10.62,1.1062,222000,214435.5,-57457.8,-50907.2,-665265.7,-18042.3,1380.6,0.0,0.0,145486.0,-93502.9,0,0
56.9833,1717.361,579.483,1317.361,14.617,89.511,-6.892,89.776,2.271,-1.458,15,4.39,10.61,1.1049,222000,214435.5,-57457.8,-51054.1,-665101.8,-18058.0,1386.2,0.0,0.0,145323.4,-93333.5,0,0
57.0,1718.853,579.367,1318.853,14.733,89.549,-6.917,89.815,2.268,-1.456,15,4.4,10.6,1.1037,222000,214435.5,-57457.8,-51200.6,-664938.4,-18073.6,1391.7,0.0,0.0,145161.4,-93164.5,0,0
57.0167,1720.346,579.252,1320.346,14.848,89.586,-6.941,89.855,2.266,-1.453,15,4.42,10.58,1.1025,222000,214435.5,-57457.8,-51346.5,-664775.4,-18089.2,1397.2,0.0,0.0,144999.9,-92996.0,0,0
57.0333,1721.84,579.136,1321.84,14.964,89.624,-6.965,89.894,2.263,-1.45,15,4.43,10.57,1.1013,222000,214435.5,-57457.8,-51492.0,-664612.7,-18104.8,1402.7,0.0,0.0,144838.8,-92827.9,0,0
57.05,1723.334,579.019,1323.334,15.081,89.662,-6.989,89.934,2.261,-1.448,15,4.44,10.56,1.1001,222000,214435.5,-57457.8,-51637.0,-664450.5,-18120.3,1408.2,0.0,0.0,144678.2,-92660.2,0,0
57.0667,1724.829,578.902,1324.829,15.198,89.699,-7.013,89.973,2.258,-1.445,15,4.46,10.54,1.0989,222000,214435.5,-57457.8,-51781.5,-664288.8,-18135.9,1413.7,0.0,0.0,144518.2,-92492.9,0,0
57.0833,1726.325,578.785,1326.325,15.315,89.737,-7.037,90.013,2.256,-1.443,15,4.47,10.53,1.0976,222000,214435.5,-57457.8,-51925.5,-664127.4,-18151.5,1419.2,0.0,0.0,144358.6,-92326.0,0,0
57.1,1727.821,578.667,1327.821,15.433,89.775,-7.061,90.052,2.253,-1.44,15,4.48,10.52,1.0964,222000,214435.5,-57457.8,-52069.1,-663966.5,-18167.0,1424.7,0.0,0.0,144199.4,-92159.6,0,0
57.1167,1729.318,578.549,1329.318,15.551,89.812,-7.085,90.091,2.251,-1.437,15,4.5,10.5,1.0952,222000,214435.5,-57457.8,-52212.2,-663805.9,-18182.6,1430.2,0.0,0.0,144040.8,-91993.6,0,0
57.1333,1730.816,578.431,1330.816,15.669,89.85,-7.109,90.13,2.248,-1.435,15,4.51,10.49,1.094,222000,214435.5,-57457.8,-52354.8,-663645.8,-18198.1,1435.6,0.0,0.0,143882.6,-91828.0,0,0
57.15,1732.314,578.312,1332.314,15.788,89.887,-7.133,90.17,2.246,-1.432,15,4.52,10.48,1.0928,222000,214435.5,-57457.8,-52497.0,-663486.1,-18213.6,1441.1,0.0,0.0,143725.0,-91662.8,0,0
57.1667,1733.813,578.192,1333.813,15.908,89.924,-7.157,90.209,2.243,-1.43,15,4.54,10.46,1.0916,222000,214435.5,-57457.8,-52638.7,-663326.9,-18229.1,1446.6,0.0,0.0,143567.8,-91498.1,0,0
57.1833,1735.312,578.073,1335.312,16.027,89.962,-7.181,90.248,2.241,-1.427,15,4.55,10.45,1.0905,222000,214435.5,-57457.8,-52779.9,-663168.0,-18244.6,1452.0,0.0,0.0,143411.0,-91333.8,0,0
57.2,1736.812,577.953,1336.812,16.147,89.999,-7.204,90.287,2.238,-1.425,15,4.56,10.44,1.0893,222000,214435.5,-57457.8,-52920.7,-663009.6,-18260.1,1457.5,0.0,0.0,143254.7,-91169.9,0,0
57.2167,1738.313,577.832,1338.313,16.268,90.036,-7.228,90.326,2.236,-1.422,15,4.58,10.42,1.0881,222000,214435.5,-57457.8,-53061.0,-662851.6,-18275.6,1463.0,0.0,0.0,143098.9,-91006.5,0,0
57.2333,1739.814,577.711,1339.814,16.389,90.074,-7.252,90.365,2.233,-1.419,15,4.59,10.41,1.0869,222000,214435.5,-57457.8,-53200.9,-662694.0,-18291.1,1468.4,0.0,0.0,142943.6,-90843.4,0,0
57.25,1741.316,577.59,1341.316,16.51,90.111,-7.275,90.404,2.231,-1.417,15,4.6,10.4,1.0857,222000,214435.5,-57457.8,-53340.3,-662536.8,-18306.5,1473.8,0.0,0.0,142788.7,-90680.8,0,0
57.2667,1742.818,577.468,1342.818,16.632,90.148,-7.299,90.443,2.229,-1.414,15,4.62,10.38,1.0846,222000,214435.5,-57457.8,-53479.2,-662380.1,-18322.0,1479.3,0.0,0.0,142634.3,-90518.6,0,0
57.2833,1744.321,577.346,1344.321,16.754,90.185,-7.322,90.482,2.226,-1.412,15,4.63,10.37,1.0834,222000,214435.5,-57457.8,-53617.7,-662223.7,-18337.4,1484.7,0.0,0.0,142480.4,-90356.9,0,0
57.3,1745.825,577.224,1345.825,16.876,90.222,-7.346,90.521,2.224,-1.409,15,4.64,10.36,1.0822,222000,214435.5,-57457.8,-53755.8,-662067.8,-18352.9,1490.1,0.0,0.0,142326.9,-90195.5,0,0
57.3167,1747.329,577.101,1347.329,16.999,90.259,-7.369,90.559,2.221,-1.407,15,4.65,10.35,1.0811,222000,214435.5,-57457.8,-53893.4,-661912.3,-18368.3,1495.6,0.0,0.0,142173.8,-90034.6,0,0
57.3333,1748.834,576.978,1348.834,17.122,90.296,-7.393,90.598,2.219,-1.404,15,4.67,10.33,1.0799,222000,214435.5,-57457.8,-54030.6,-661757.3,-18383.7,1501.0,0.0,0.0,142021.2,-89874.1,0,0
57.35,1750.34,576.854,1350.34,17.246,90.333,-7.416,90.637,2.217,-1.402,15,4.68,10.32,1.0788,222000,214435.5,-57457.8,-54167.3,-661602.6,-18399.1,1506.4,0.0,0.0,141869.1,-89714.1,0,0
57.3667,1751.846,576.73,1351.846,17.37,90.37,-7.439,90.676,2.214,-1.399,15,4.69,10.31,1.0776,222000,214435.5,-57457.8,-54303.6,-661448.4,-18414.5,1511.8,0.0,0.0,141717.4,-89554.4,0,0
57.3833,1753.353,576.606,1353.353,17.494,90.407,-7.463,90.714,2.212,-1.397,15,4.71,10.29,1.0764,222000,214435.5,-57457.8,-54439.5,-661294.6,-18429.9,1517.2,0.0,0.0,141566.1,-89395.2,0,0
57.4,1754.86,576.481,1354.86,17.619,90.444,-7.486,90.753,2.21,-1.394,15,4.72,10.28,1.0753,222000,214435.5,-57457.8,-54574.9,-661141.2,-18445.3,1522.6,0.0,0.0,141415.3,-89236.4,0,0
57.4167,1756.368,576.356,1356.368,17.744,90.48,-7.509,90.791,2.207,-1.392,15,4.73,10.27,1.0742,222000,214435.5,-57457.8,-54709.9,-660988.2,-18460.6,1528.0,0.0,0.0,141265.0,-89078.0,0,0
57.4333,1757.877,576.231,1357.877,17.869,90.517,-7.532,90.83,2.205,-1.389,15,4.74,10.26,1.073,222000,214435.5,-57457.8,-54844.5,-660835.6,-18476.0,1533.4,0.0,0.0,141115.1,-88920.1,0,0
57.45,1759.386,576.105,1359.386,17.995,90.554,-7.555,90.868,2.203,-1.387,15,4.76,10.24,1.0719,222000,214435.5,-57457.8,-54978.6,-660683.5,-18491.4,1538.8,0.0,0.0,140965.6,-88762.6,0,0
57.4667,1760.896,575.978,1360.896,18.122,90.59,-7.579,90.907,2.2,-1.384,15,4.77,10.23,1.0707,222000,214435.5,-57457.8,-55112.3,-660531.8,-18506.7,1544.1,0.0,0.0,140816.5,-88605.5,0,0
57.4833,1762.406,575.852,1362.406,18.248,90.627,-7.602,90.945,2.198,-1.382,15,4.78,10.22,1.0696,222000,214435.5,-57457.8,-55245.6,-660380.4,-18522.0,1549.5,0.0,0.0,140667.9,-88448.8,0,0
57.5,1763.917,575.725,1363.917,18.375,90.664,-7.625,90.984,2.196,-1.38,15,4.79,10.21,1.0685,222000,214435.5,-57457.8,-55378.4,-660229.6,-18537.3,1554.9,0.0,0.0,140519.8,-88292.5,0,0
57.5167,1765.429,575.597,1365.429,18.503,90.7,-7.648,91.022,2.193,-1.377,15,4.81,10.19,1.0674,222000,214435.5,-57457.8,-55510.9,-660079.1,-18552.7,1560.2,0.0,0.0,140372.0,-88136.7,0,0
57.5333,1766.941,575.469,1366.941,18.631,90.737,-7.67,91.06,2.191,-1.375,15,4.82,10.18,1.0662,222000,214435.5,-57457.8,-55642.9,-659929.0,-18568.0,1565.6,0.0,0.0,140224.7,-87981.3,0,0
57.55,1768.454,575.341,1368.454,18.759,90.773,-7.693,91.099,2.189,-1.372,15,4.83,10.17,1.0651,222000,214435.5,-57457.8,-55774.5,-659779.4,-18583.3,1570.9,0.0,0.0,140077.8,-87826.3,0,0
57.5667,1769.968,575.212,1369.968,18.888,90.81,-7.716,91.137,2.186,-1.37,15,4.84,10.16,1.064,222000,214435.5,-57457.8,-55905.6,-659630.2,-18598.5,1576.3,0.0,0.0,139931.3,-87671.7,0,0
57.5833,1771.482,575.083,1371.482,19.017,90.846,-7.739,91.175,2.184,-1.367,15,4.86,10.14,1.0629,222000,214435.5,-57457.8,-56036.4,-659481.3,-18613.8,1581.6,0.0,0.0,139785.3,-87517.6,0,0
57.6,1772.996,574.954,1372.996,19.146,90.882,-7.762,91.213,2.182,-1.365,15,4.87,10.13,1.0618,222000,214435.5,-57457.8,-56166.8,-659333.0,-18629.1,1587.0,0.0,0.0,139639.7,-87363.8,0,0
57.6167,1774.512,574.824,1374.512,19.276,90.919,-7.784,91.251,2.18,-1.363,15,4.88,10.12,1.0607,222000,214435.5,-57457.8,-56296.7,-659185.0,-18644.3,1592.3,0.0,0.0,139494.5,-87210.5,0,0
57.6333,1776.028,574.694,1376.028,19.406,90.955,-7.807,91.29,2.177,-1.36,15,4.89,10.11,1.0596,222000,214435.5,-57457.8,-56426.2,-659037.4,-18659.6,1597.6,0.0,0.0,139349.7,-87057.6,0,0
57.65,1777.544,574.564,1377.544,19.536,90.991,-7.83,91.328,2.175,-1.358,15,4.91,10.09,1.0585,222000,214435.5,-57457.8,-56555.4,-658890.3,-18674.8,1602.9,0.0,0.0,139205.3,-86905.1,0,0
57.6667,1779.061,574.433,1379.061,19.667,91.028,-7.852,91.366,2.173,-1.356,15,4.92,10.08,1.0574,222000,214435.5,-57457.8,-56684.1,-658743.5,-18690.1,1608.3,0.0,0.0,139061.4,-86753.1,0,0
57.6833,1780.579,574.302,1380.579,19.798,91.064,-7.875,91.404,2.171,-1.353,15,4.93,10.07,1.0563,222000,214435.5,-57457.8,-56812.4,-658597.2,-18705.3,1613.6,0.0,0.0,138917.8,-86601.5,0,0
57.7,1782.097,574.17,1382.097,19.93,91.1,-7.897,91.442,2.168,-1.351,15,4.94,10.06,1.0552,222000,214435.5,-57457.8,-56940.3,-658451.3,-18720.5,1618.9,0.0,0.0,138774.7,-86450.2,0,0
57.7167,1783.616,574.038,1383.616,20.062,91.136,-7.92,91.479,2.166,-1.348,15,4.95,10.05,1.0541,222000,214435.5,-57457.8,-57067.8,-658305.8,-18735.7,1624.2,0.0,0.0,138632.0,-86299.4,0,0
57.7333,1785.136,573.906,1385.136,20.194,91.172,-7.942,91.517,2.164,-1.346,15,4.97,10.03,1.053,222000,214435.5,-57457.8,-57195.0,-658160.7,-18750.9,1629.5,0.0,0.0,138489.7,-86149.1,0,0
57.75,1786.656,573.773,1386.656,20.327,91.208,-7.965,91.555,2.162,-1.344,15,4.98,10.02,1.0519,222000,214435.5,-57457.8,-57321.7,-658016.0,-18766.1,1634.8,0.0,0.0,138347.8,-85999.1,0,0
57.7667,1788.177,573.64,1388.177,20.46,91.244,-7.987,91.593,2.159,-1.341,15,4.99,10.01,1.0508,222000,214435.5,-57457.8,-57448.0,-657871.8,-18781.3,1640.1,0.0,0.0,138206.2,-85849.6,0,0
57.7833,1789.698,573.506,1389.698,20.594,91.28,-8.009,91.631,2.157,-1.339,15,5.0,10.0,1.0498,222000,214435.5,-57457.8,-57574.0,-657727.9,-18796.4,1645.3,0.0,0.0,138065.1,-85700.4,0,0
57.8,1791.22,573.372,1391.22,20.728,91.316,-8.032,91.668,2.155,-1.337,15,5.01,9.99,1.0487,222000,214435.5,-57457.8,-57699.5,-657584.5,-18811.6,1650.6,0.0,0.0,137924.4,-85551.7,0,0
57.8167,1792.742,573.238,1392.742,20.862,91.352,-8.054,91.706,2.153,-1.334,15,5.03,9.97,1.0476,222000,214435.5,-57457.8,-57824.7,-657441.5,-18826.7,1655.9,0.0,0.0,137784.1,-85403.4,0,0
57.8333,1794.266,573.104,1394.266,20.996,91.388,-8.076,91.744,2.151,-1.332,15,5.04,9.96,1.0465,222000,214435.5,-57457.8,-57949.4,-657298.9,-18841.9,1661.2,0.0,0.0,137644.2,-85255.5,0,0
57.85,1795.789,572.969,1395.789,21.131,91.423,-8.098,91.781,2.149,-1.33,15,5.05,9.95,1.0455,222000,214435.5,-57457.8,-58073.8,-657156.6,-18857.0,1666.4,0.0,0.0,137504.7,-85108.0,0,0
57.8667,1797.314,572.833,1397.314,21.267,91.459,-8.12,91.819,2.146,-1.328,15,5.06,9.94,1.0444,222000,214435.5,-57457.8,-58197.8,-657014.8,-18872.1,1671.7,0.0,0.0,137365.5,-84961.0,0,0
57.8833,1798.838,572.698,1398.838,21.402,91.495,-8.142,91.857,2.144,-1.325,15,5.07,9.93,1.0434,222000,214435.5,-57457.8,-58321.5,-656873.4,-18887.3,1676.9,0.0,0.0,137226.8,-84814.3,0,0
57.9,1800.364,572.561,1400.364,21.539,91.531,-8.164,91.894,2.142,-1.323,15,5.09,9.91,1.0423,222000,214435.5,-57457.8,-58444.7,-656732.5,-18902.4,1682.2,0.0,0.0,137088.5,-84668.1,0,0
57.9167,1801.89,572.425,1401.89,21.675,91.566,-8.186,91.932,2.14,-1.321,15,5.1,9.9,1.0412,222000,214435.5,-57457.8,-58567.6,-656591.9,-18917.5,1687.4,0.0,0.0,136950.5,-84522.3,0,0
57.9333,1803.417,572.288,1403.417,21.812,91.602,-8.208,91.969,2.138,-1.318,15,5.11,9.89,1.0402,222000,214435.5,-57457.8,-58690.1,-656451.7,-18932.6,1692.7,0.0,0.0,136812.9,-84376.9,0,0
57.95,1804.944,572.151,1404.944,21.949,91.638,-8.23,92.006,2.136,-1.316,15,5.12,9.88,1.0391,222000,214435.5,-57457.8,-58812.2,-656311.9,-18947.6,1697.9,0.0,0.0,136675.7,-84231.9,0,0
57.9667,1806.472,572.014,1406.472,22.086,91.673,-8.252,92.044,2.133,-1.314,15,5.13,9.87,1.0381,222000,214435.5,-57457.8,-58933.9,-656172.6,-18962.7,1703.1,0.0,0.0,136538.9,-84087.3,0,0
57.9833,1808.0,571.876,1408.0,22.224,91.709,-8.274,92.081,2.131,-1.312,15,5.14,9.86,1.0371,222000,214435.5,-57457.8,-59055.3,-656033.6,-18977.8,1708.4,0.0,0.0,136402.5,-83943.1,0,0
58.0,1809.53,571.737,1409.53,22.363,91.744,-8.296,92.118,2.129,-1.309,15,5.16,9.84,1.036,222000,214435.5,-57457.8,-59176.3,-655895.1,-18992.8,1713.6,0.0,0.0,136266.4,-83799.3,0,0
58.0167,1811.059,571.599,1411.059,22.501,91.78,-8.318,92.156,2.127,-1.307,15,5.17,9.83,1.035,222000,214435.5,-57457.8,-59296.9,-655756.9,-19007.9,1718.8,0.0,0.0,136130.7,-83656.0,0,0
58.0333,1812.589,571.46,1412.589,22.64,91.815,-8.34,92.193,2.125,-1.305,15,5.18,9.82,1.0339,222000,214435.5,-57457.8,-59417.2,-655619.2,-19022.9,1724.0,0.0,0.0,135995.4,-83513.0,0,0
58.05,1814.12,571.32,1414.12,22.78,91.85,-8.361,92.23,2.123,-1.303,15,5.19,9.81,1.0329,222000,214435.5,-57457.8,-59537.1,-655481.8,-19037.9,1729.2,0.0,0.0,135860.5,-83370.4,0,0
58.0667,1815.652,571.181,1415.652,22.919,91.886,-8.383,92.267,2.121,-1.3,15,5.2,9.8,1.0319,222000,214435.5,-57457.8,-59656.6,-655344.9,-19053.0,1734.4,0.0,0.0,135725.9,-83228.3,0,0
58.0833,1817.184,571.041,1417.184,23.059,91.921,-8.405,92.304,2.119,-1.298,15,5.21,9.79,1.0309,222000,214435.5,-57457.8,-59775.8,-655208.3,-19068.0,1739.6,0.0,0.0,135591.7,-83086.6,0,0
58.1,1818.716,570.9,1418.716,23.2,91.956,-8.426,92.342,2.117,-1.296,15,5.22,9.78,1.0298,222000,214435.5,-57457.8,-59894.6,-655072.2,-19083.0,1744.8,0.0,0.0,135457.9,-82945.2,0,0
58.1167,1820.25,570.759,1420.25,23.341,91.992,-8.448,92.379,2.114,-1.294,15,5.24,9.76,1.0288,222000,214435.5,-57457.8,-60013.1,-654936.5,-19098.0,1750.0,0.0,0.0,135324.5,-82804.3,0,0
58.1333,1821.783,570.618,1421.783,23.482,92.027,-8.469,92.416,2.112,-1.292,15,5.25,9.75,1.0278,222000,214435.5,-57457.8,-60131.2,-654801.1,-19113.0,1755.2,0.0,0.0,135191.4,-82663.8,0,0
58.15,1823.318,570.477,1423.318,23.623,92.062,-8.491,92.453,2.11,-1.289,15,5.26,9.74,1.0268,222000,214435.5,-57457.8,-60248.9,-654666.2,-19127.9,1760.3,0.0,0.0,135058.6,-82523.6,0,0
58.1667,1824.853,570.335,1424.853,23.765,92.097,-8.512,92.49,2.108,-1.287,15,5.27,9.73,1.0258,222000,214435.5,-57457.8,-60366.3,-654531.6,-19142.9,1765.5,0.0,0.0,134926.3,-82383.9,0,0
58.1833,1826.388,570.193,1426.388,23.907,92.132,-8.534,92.527,2.106,-1.285,15,5.28,9.72,1.0247,222000,214435.5,-57457.8,-60483.4,-654397.5,-19157.9,1770.7,0.0,0.0,134794.3,-82244.6,0,0
58.2,1827.924,570.05,1427.924,24.05,92.167,-8.555,92.563,2.104,-1.283,15,5.29,9.71,1.0237,222000,214435.5,-57457.8,-60600.1,-654263.7,-19172.8,1775.9,0.0,0.0,134662.6,-82105.7,0,0
58.2167,1829.461,569.907,1429.461,24.193,92.202,-8.576,92.6,2.102,-1.281,15,5.3,9.7,1.0227,222000,214435.5,-57457.8,-60716.4,-654130.3,-19187.8,1781.0,0.0,0.0,134531.3,-81967.2,0,0
58.2333,1830.998,569.764,1430.998,24.336,92.237,-8.598,92.637,2.1,-1.279,15,5.31,9.69,1.0217,222000,214435.5,-57457.8,-60832.4,-653997.4,-19202.7,1786.2,0.0,0.0,134400.4,-81829.0,0,0
58.25,1832.536,569.62,1432.536,24.48,92.272,-8.619,92.674,2.098,-1.276,15,5.33,9.67,1.0207,222000,214435.5,-57457.8,-60948.1,-653864.8,-19217.6,1791.3,0.0,0.0,134269.8,-81691.3,0,0
58.2667,1834.075,569.476,1434.075,24.624,92.307,-8.64,92.711,2.096,-1.274,15,5.34,9.66,1.0197,222000,214435.5,-57457.8,-61063.4,-653732.6,-19232.6,1796.5,0.0,0.0,134139.6,-81554.0,0,0
58.2833,1835.614,569.332,1435.614,24.768,92.342,-8.661,92.747,2.094,-1.272,15,5.35,9.65,1.0187,222000,214435.5,-57457.8,-61178.4,-653600.8,-19247.5,1801.6,0.0,0.0,134009.7,-81417.1,0,0
58.3,1837.153,569.187,1437.153,24.913,92.377,-8.683,92.784,2.092,-1.27,15,5.36,9.64,1.0177,222000,214435.5,-57457.8,-61293.0,-653469.5,-19262.4,1806.7,0.0,0.0,133880.2,-81280.5,0,0
58.3167,1838.693,569.042,1438.693,25.058,92.412,-8.704,92.821,2.09,-1.268,15,5.37,9.63,1.0167,222000,214435.5,-57457.8,-61407.3,-653338.5,-19277.3,1811.9,0.0,0.0,133751.0,-81144.4,0,0
58.3333,1840.234,568.897,1440.234,25.203,92.447,-8.725,92.857,2.088,-1.266,15,5.38,9.62,1.0158,222000,214435.5,-57457.8,-61521.2,-653207.8,-19292.2,1817.0,0.0,0.0,133622.2,-81008.7,0,0
58.35,1841.776,568.751,1441.776,25.349,92.481,-8.746,92.894,2.086,-1.264,15,5.39,9.61,1.0148,222000,214435.5,-57457.8,-61634.8,-653077.6,-19307.0,1822.1,0.0,0.0,133493.7,-80873.3,0,0
58.3667,1843.318,568.605,1443.318,25.495,92.516,-8.767,92.93,2.084,-1.262,15,5.4,9.6,1.0138,222000,214435.5,-57457.8,-61748.1,-652947.8,-19321.9,1827.2,0.0,0.0,133365.5,-80738.4,0,0
58.3833,1844.86,568.458,1444.86,25.642,92.551,-8.788,92.967,2.082,-1.259,15,5.41,9.59,1.0128,222000,214435.5,-57457.8,-61861.1,-652818.3,-19336.8,1832.4,0.0,0.0,133237.7,-80603.8,0,0
58.4,1846.403,568.311,1446.403,25.789,92.585,-8.809,93.004,2.08,-1.257,15,5.42,9.58,1.0118,222000,214435.5,-57457.8,-61973.7,-652689.3,-19351.6,1837.5,0.0,0.0,133110.2,-80469.6,0,0
58.4167,1847.947,568.164,1447.947,25.936,92.62,-8.83,93.04,2.078,-1.255,15,5.43,9.57,1.0109,222000,214435.5,-57457.8,-62085.9,-652560.6,-19366.5,1842.6,0.0,0.0,132983.1,-80335.9,0,0
58.4333,1849.491,568.017,1449.491,26.083,92.655,-8.851,93.076,2.076,-1.253,15,5.45,9.55,1.0099,222000,214435.5,-57457.8,-62197.9,-652432.3,-19381.3,1847.7,0.0,0.0,132856.3,-80202.5,0,0
58.45,1851.036,567.869,1451.036,26.231,92.689,-8.871,93.113,2.074,-1.251,15,5.46,9.54,1.0089,222000,214435.5,-57457.8,-62309.5,-652304.4,-19396.1,1852.8,0.0,0.0,132729.9,-80069.5,0,0
58.4667,1852.581,567.721,1452.581,26.379,92.724,-8.892,93.149,2.072,-1.249,15,5.47,9.53,1.008,222000,214435.5,-57457.8,-62420.8,-652176.9,-19411.0,1857.9,0.0,0.0,132603.7,-79936.9,0,0
58.4833,1854.127,567.572,1454.127,26.528,92.758,-8.913,93.185,2.07,-1.247,15,5.48,9.52,1.007,222000,214435.5,-57457.8,-62531.8,-652049.8,-19425.8,1862.9,0.0,0.0,132477.9,-79804.7,0,0
58.5,1855.674,567.423,1455.674,26.677,92.793,-8.934,93.222,2.068,-1.245,15,5.49,9.51,1.006,222000,214435.5,-57457.8,-62642.5,-651923.0,-19440.6,1868.0,0.0,0.0,132352.5,-79672.8,0,0
58.5167,1857.221,567.274,1457.221,26.826,92.827,-8.954,93.258,2.066,-1.243,15,5.5,9.5,1.0051,222000,214435.5,-57457.8,-62752.8,-651796.7,-19455.4,1873.1,0.0,0.0,132227.3,-79541.4,0,0
58.5333,1858.769,567.124,1458.769,26.976,92.862,-8.975,93.294,2.064,-1.241,15,5.51,9.49,1.0041,222000,214435.5,-57457.8,-62862.8,-651670.7,-19470.2,1878.2,0.0,0.0,132102.5,-79410.3,0,0
58.55,1860.317,566.974,1460.317,27.126,92.896,-8.996,93.33,2.062,-1.239,15,5.52,9.48,1.0032,222000,214435.5,-57457.8,-62972.5,-651545.1,-19485.0,1883.2,0.0,0.0,131978.1,-79279.6,0,0
58.5667,1861.866,566.824,1461.866,27.276,92.93,-9.016,93.367,2.06,-1.237,15,5.53,9.47,1.0022,222000,214435.5,-57457.8,-63081.9,-651419.8,-19499.7,1888.3,0.0,0.0,131853.9,-79149.3,0,0
58.5833,1863.415,566.674,1463.415,27.426,92.965,-9.037,93.403,2.058,-1.235,15,5.54,9.46,1.0012,222000,214435.5,-57457.8,-63190.9,-651295.0,-19514.5,1893.4,0.0,0.0,131730.1,-79019.4,0,0
58.6,1864.965,566.523,1464.965,27.577,92.999,-9.058,93.439,2.056,-1.233,15,5.55,9.45,1.0003,222000,214435.5,-57457.8,-63299.7,-651170.5,-19529.3,1898.4,0.0,0.0,131606.6,-78889.9,0,0
58.6167,1866.516,566.371,1466.516,27.729,93.033,-9.078,93.475,2.054,-1.231,15,5.56,9.44,0.9994,222000,214435.5,-57457.8,-63408.1,-651046.4,-19544.0,1903.5,0.0,0.0,131483.4,-78760.8,0,0
58.6333,1868.067,566.22,1468.067,27.88,93.067,-9.099,93.511,2.053,-1.229,15,5.57,9.43,0.9984,222000,214435.5,-57457.8,-63516.3,-650922.7,-19558.8,1908.5,0.0,0.0,131360.5,-78632.0,0,0
58.65,1869.618,566.068,1469.618,28.032,93.101,-9.119,93.547,2.051,-1.227,15,5.58,9.42,0.9975,222000,214435.5,-57457.8,-63624.1,-650799.3,-19573.5,1913.6,0.0,0.0,131238.0,-78503.6,0,0
58.6667,1871.171,565.915,1471.171,28.185,93.136,-9.139,93.583,2.049,-1.225,15,5.59,9.41,0.9965,222000,214435.5,-57457.8,-63731.6,-650676.4,-19588.2,1918.6,0.0,0.0,131115.7,-78375.6,0,0
58.6833,1872.724,565.763,1472.724,28.337,93.17,-9.16,93.619,2.047,-1.223,15,5.6,9.4,0.9956,222000,214435.5,-57457.8,-63838.8,-650553.8,-19602.9,1923.6,0.0,0.0,130993.8,-78248.0,0,0
58.7,1874.277,565.61,1474.277,28.49,93.204,-9.18,93.655,2.045,-1.221,15,5.61,9.39,0.9947,222000,214435.5,-57457.8,-63945.7,-650431.5,-19617.6,1928.7,0.0,0.0,130872.2,-78120.7,0,0
58.7167,1875.831,565.456,1475.831,28.644,93.238,-9.2,93.691,2.043,-1.219,15,5.63,9.37,0.9937,222000,214435.5,-57457.8,-64052.3,-650309.7,-19632.4,1933.7,0.0,0.0,130750.9,-77993.8,0,0
58.7333,1877.385,565.303,1477.385,28.797,93.272,-9.221,93.727,2.041,-1.217,15,5.64,9.36,0.9928,222000,214435.5,-57457.8,-64158.5,-650188.2,-19647.0,1938.7,0.0,0.0,130629.9,-77867.3,0,0
58.75,1878.94,565.149,1478.94,28.951,93.306,-9.241,93.762,2.039,-1.215,15,5.65,9.35,0.9919,222000,214435.5,-57457.8,-64264.5,-650067.1,-19661.7,1943.7,0.0,0.0,130509.3,-77741.2,0,0
58.7667,1880.496,564.994,1480.496,29.106,93.34,-9.261,93.798,2.037,-1.213,15,5.66,9.34,0.991,222000,214435.5,-57457.8,-64370.2,-649946.3,-19676.4,1948.7,0.0,0.0,130388.9,-77615.4,0,0
58.7833,1882.052,564.84,1482.052,29.26,93.374,-9.281,93.834,2.035,-1.211,15,5.67,9.33,0.99,222000,214435.5,-57457.8,-64475.6,-649826.0,-19691.1,1953.7,0.0,0.0,130268.9,-77490.0,0,0
58.8,1883.609,564.685,1483.609,29.415,93.408,-9.301,93.87,2.034,-1.209,15,5.68,9.32,0.9891,222000,214435.5,-57457.8,-64580.7,-649705.9,-19705.8,1958.7,0.0,0.0,130149.1,-77365.0,0,0
58.8167,1885.167,564.529,1485.167,29.571,93.441,-9.322,93.905,2.032,-1.207,15,5.69,9.31,0.9882,222000,214435.5,-57457.8,-64685.5,-649586.3,-19720.4,1963.7,0.0,0.0,130029.7,-77240.4,0,0
58.8333,1886.724,564.374,1486.724,29.726,93.475,-9.342,93.941,2.03,-1.205,15,5.7,9.3,0.9873,222000,214435.5,-57457.8,-64789.9,-649467.0,-19735.1,1968.7,0.0,0.0,129910.5,-77116.1,0,0
58.85,1888.283,564.218,1488.283,29.882,93.509,-9.362,93.977,2.028,-1.203,15,5.71,9.29,0.9864,222000,214435.5,-57457.8,-64894.1,-649348.1,-19749.7,1973.7,0.0,0.0,129791.7,-76992.2,0,0
58.8667,1889.842,564.061,1489.842,30.039,93.543,-9.382,94.012,2.026,-1.201,15,5.72,9.28,0.9855,222000,214435.5,-57457.8,-64998.1,-649229.6,-19764.3,1978.7,0.0,0.0,129673.1,-76868.7,0,0
58.8833,1891.402,563.904,1491.402,30.196,93.577,-9.402,94.048,2.024,-1.199,15,5.73,9.27,0.9845,222000,214435.5,-57457.8,-65101.7,-649111.4,-19779.0,1983.7,0.0,0.0,129554.9,-76745.5,0,0
58.9,1892.962,563.747,1492.962,30.353,93.61,-9.422,94.083,2.022,-1.197,15,5.74,9.26,0.9836,222000,214435.5,-57457.8,-65205.0,-648993.5,-19793.6,1988.7,0.0,0.0,129437.0,-76622.7,0,0
58.9167,1894.523,563.59,1494.523,30.51,93.644,-9.442,94.119,2.021,-1.195,15,5.75,9.25,0.9827,222000,214435.5,-57457.8,-65308.0,-648876.1,-19808.2,1993.7,0.0,0.0,129319.3,-76500.2,0,0
58.9333,1896.084,563.432,1496.084,30.668,93.678,-9.461,94.154,2.019,-1.193,15,5.76,9.24,0.9818,222000,214435.5,-57457.8,-65410.8,-648759.0,-19822.8,1998.6,0.0,0.0,129202.0,-76378.2,0,0
58.95,1897.646,563.274,1497.646,30.826,93.711,-9.481,94.19,2.017,-1.192,15,5.77,9.23,0.9809,222000,214435.5,-57457.8,-65513.2,-648642.2,-19837.4,2003.6,0.0,0.0,129084.9,-76256.4,0,0
58.9667,1899.208,563.116,1499.208,30.984,93.745,-9.501,94.225,2.015,-1.19,15,5.78,9.22,0.98,222000,214435.5,-57457.8,-65615.4,-648525.8,-19852.0,2008.5,0.0,0.0,128968.1,-76135.1,0,0
58.9833,1900.771,562.957,1500.771,31.143,93.778,-9.521,94.26,2.013,-1.188,15,5.79,9.21,0.9791,222000,214435.5,-57457.8,-65717.3,-648409.8,-19866.6,2013.5,0.0,0.0,128851.7,-76014.1,0,0
59.0,1902.335,562.798,1502.335,31.302,93.812,-9.541,94.296,2.011,-1.186,15,5.8,9.2,0.9783,222000,214435.5,-57457.8,-65818.9,-648294.1,-19881.1,2018.5,0.0,0.0,128735.5,-75893.5,0,0
59.0167,1903.899,562.639,1503.899,31.461,93.845,-9.56,94.331,2.01,-1.184,15,5.81,9.19,0.9774,222000,214435.5,-57457.8,-65920.3,-648178.8,-19895.7,2023.4,0.0,0.0,128619.6,-75773.2,0,0
59.0333,1905.463,562.479,1505.463,31.621,93.879,-9.58,94.366,2.008,-1.182,15,5.82,9.18,0.9765,222000,214435.5,-57457.8,-66021.3,-648063.8,-19910.3,2028.4,0.0,0.0,128504.0,-75653.3,0,0
59.05,1907.029,562.319,1507.029,31.781,93.912,-9.6,94.402,2.006,-1.18,15,5.83,9.17,0.9756,222000,214435.5,-57457.8,-66122.1,-647949.2,-19924.8,2033.3,0.0,0.0,128388.6,-75533.7,0,0
59.0667,1908.594,562.159,1508.594,31.941,93.946,-9.619,94.437,2.004,-1.178,15,5.84,9.16,0.9747,222000,214435.5,-57457.8,-66222.6,-647834.9,-19939.4,2038.2,0.0,0.0,128273.6,-75414.5,0,0
59.0833,1910.161,561.998,1510.161,32.102,93.979,-9.639,94.472,2.002,-1.176,15,5.85,9.15,0.9738,222000,214435.5,-57457.8,-66322.8,-647721.0,-19953.9,2043.2,0.0,0.0,128158.9,-75295.7,0,0
59.1,1911.727,561.837,1511.727,32.263,94.012,-9.659,94.507,2.001,-1.175,15,5.86,9.14,0.9729,222000,214435.5,-57457.8,-66422.7,-647607.5,-19968.4,2048.1,0.0,0.0,128044.4,-75177.2,0,0
59.1167,1913.295,561.676,1513.295,32.424,94.046,-9.678,94.542,1.999,-1.173,15,5.87,9.13,0.9721,222000,214435.5,-57457.8,-66522.4,-647494.3,-19982.9,2053.0,0.0,0.0,127930.2,-75059.1,0,0
59.1333,1914.863,561.514,1514.863,32.586,94.079,-9.698,94.578,1.997,-1.171,15,5.88,9.12,0.9712,222000,214435.5,-57457.8,-66621.8,-647381.4,-19997.5,2057.9,0.0,0.0,127816.3,-74941.3,0,0
59.15,1916.431,561.352,1516.431,32.748,94.112,-9.717,94.613,1.995,-1.169,15,5.89,9.11,0.9703,222000,214435.5,-57457.8,-66720.9,-647268.9,-20012.0,2062.8,0.0,0.0,127702.6,-74823.9,0,0
59.1667,1918.001,561.19,1518.001,32.91,94.146,-9.737,94.648,1.994,-1.167,15,5.89,9.11,0.9695,222000,214435.5,-57457.8,-66819.8,-647156.7,-20026.5,2067.8,0.0,0.0,127589.3,-74706.8,0,0
59.1833,1919.57,561.028,1519.57,33.072,94.179,-9.756,94.683,1.992,-1.165,15,5.9,9.1,0.9686,222000,214435.5,-57457.8,-66918.4,-647044.9,-20041.0,2072.7,0.0,0.0,127476.2,-74590.0,0,0
59.2,1921.14,560.865,1521.14,33.235,94.212,-9.775,94.718,1.99,-1.164,15,5.91,9.09,0.9677,222000,214435.5,-57457.8,-67016.7,-646933.4,-20055.4,2077.6,0.0,0.0,127363.4,-74473.7,0,0
59.2167,1922.711,560.701,1522.711,33.399,94.245,-9.795,94.753,1.988,-1.162,15,5.92,9.08,0.9669,222000,214435.5,-57457.8,-67114.7,-646822.3,-20069.9,2082.5,0.0,0.0,127250.9,-74357.6,0,0
59.2333,1924.282,560.538,1524.282,33.562,94.278,-9.814,94.788,1.987,-1.16,15,5.93,9.07,0.966,222000,214435.5,-57457.8,-67212.5,-646711.5,-20084.4,2087.4,0.0,0.0,127138.6,-74241.9,0,0
59.25,1925.854,560.374,1525.854,33.726,94.311,-9.833,94.822,1.985,-1.158,15,5.94,9.06,0.9651,222000,214435.5,-57457.8,-67310.0,-646601.0,-20098.9,2092.3,0.0,0.0,127026.6,-74126.6,0,0
59.2667,1927.427,560.21,1527.427,33.89,94.344,-9.853,94.857,1.983,-1.156,15,5.95,9.05,0.9643,222000,214435.5,-57457.8,-67407.3,-646490.9,-20113.3,2097.1,0.0,0.0,126914.9,-74011.6,0,0
59.2833,1929.0,560.045,1529.0,34.055,94.377,-9.872,94.892,1.981,-1.155,15,5.96,9.04,0.9634,222000,214435.5,-57457.8,-67504.3,-646381.2,-20127.8,2102.0,0.0,0.0,126803.5,-73897.0,0,0
59.3,1930.573,559.88,1530.573,34.22,94.41,-9.891,94.927,1.98,-1.153,15,5.97,9.03,0.9626,222000,214435.5,-57457.8,-67601.0,-646271.7,-20142.2,2106.9,0.0,0.0,126692.3,-73782.6,0,0
59.3167,1932.147,559.715,1532.147,34.385,94.443,-9.91,94.962,1.978,-1.151,15,5.98,9.02,0.9617,222000,214435.5,-57457.8,-67697.5,-646162.6,-20156.6,2111.8,0.0,0.0,126581.4,-73668.7,0,0
59.3333,1933.722,559.55,1533.722,34.55,94.476,-9.93,94.997,1.976,-1.149,15,5.99,9.01,0.9609,222000,214435.5,-57457.8,-67793.7,-646053.9,-20171.1,2116.7,0.0,0.0,126470.8,-73555.1,0,0
59.35,1935.297,559.384,1535.297,34.716,94.509,-9.949,95.031,1.974,-1.148,15,6.0,9.0,0.96,222000,214435.5,-57457.8,-67889.7,-645945.5,-20185.5,2121.5,0.0,0.0,126360.4,-73441.8,0,0
59.3667,1936.873,559.218,1536.873,34.882,94.542,-9.968,95.066,1.973,-1.146,15,6.01,8.99,0.9592,222000,214435.5,-57457.8,-67985.4,-645837.4,-20199.9,2126.4,0.0,0.0,126250.3,-73328.8,0,0
59.3833,1938.449,559.051,1538.449,35.049,94.575,-9.987,95.101,1.971,-1.144,15,6.02,8.98,0.9583,222000,214435.5,-57457.8,-68080.8,-645729.6,-20214.3,2131.2,0.0,0.0,126140.4,-73216.2,0,0
59.4,1940.026,558.885,1540.026,35.215,94.608,-10.006,95.135,1.969,-1.142,15,6.03,8.97,0.9575,222000,214435.5,-57457.8,-68176.0,-645622.2,-20228.7,2136.1,0.0,0.0,126030.8,-73103.9,0,0
59.4167,1941.603,558.717,1541.603,35.383,94.64,-10.025,95.17,1.968,-1.141,15,6.04,8.96,0.9566,222000,214435.5,-57457.8,-68271.0,-645515.1,-20243.1,2140.9,0.0,0.0,125921.5,-72992.0,0,0
59.4333,1943.181,558.55,1543.181,35.55,94.673,-10.044,95.204,1.966,-1.139,15,6.05,8.95,0.9558,222000,214435.5,-57457.8,-68365.6,-645408.4,-20257.5,2145.8,0.0,0.0,125812.4,-72880.4,0,0
59.45,1944.759,558.382,1544.759,35.718,94.706,-10.063,95.239,1.964,-1.137,15,6.06,8.94,0.955,222000,214435.5,-57457.8,-68460.1,-645301.9,-20271.8,2150.6,0.0,0.0,125703.6,-72769.1,0,0
59.4667,1946.338,558.214,1546.338,35.886,94.739,-10.082,95.274,1.962,-1.135,15,6.07,8.93,0.9541,222000,214435.5,-57457.8,-68554.3,-645195.9,-20286.2,2155.5,0.0,0.0,125595.1,-72658.2,0,0
59.4833,1947.918,558.046,1547.918,36.054,94.771,-10.101,95.308,1.961,-1.134,15,6.07,8.93,0.9533,222000,214435.5,-57457.8,-68648.2,-645090.1,-20300.6,2160.3,0.0,0.0,125486.8,-72547.6,0,0
59.5,1949.498,557.877,1549.498,36.223,94.804,-10.12,95.343,1.959,-1.132,15,6.08,8.92,0.9525,222000,214435.5,-57457.8,-68741.9,-644984.6,-20314.9,2165.1,0.0,0.0,125378.7,-72437.3,0,0
59.5167,1951.079,557.708,1551.079,36.392,94.837,-10.138,95.377,1.957,-1.13,15,6.09,8.91,0.9517,222000,214435.5,-57457.8,-68835.3,-644879.5,-20329.3,2170.0,0.0,0.0,125270.9,-72327.4,0,0
59.5333,1952.66,557.539,1552.66,36.561,94.869,-10.157,95.411,1.956,-1.128,15,6.1,8.9,0.9508,222000,214435.5,-57457.8,-68928.5,-644774.8,-20343.6,2174.8,0.0,0.0,125163.4,-72217.8,0,0
59.55,1954.241,557.369,1554.241,36.731,94.902,-10.176,95.446,1.954,-1.127,15,6.11,8.89,0.95,222000,214435.5,-57457.8,-69021.5,-644670.3,-20358.0,2179.6,0.0,0.0,125056.1,-72108.5,0,0
59.5667,1955.824,557.2,1555.824,36.9,94.934,-10.195,95.48,1.952,-1.125,15,6.12,8.88,0.9492,222000,214435.5,-57457.8,-69114.2,-644566.2,-20372.3,2184.4,0.0,0.0,124949.1,-71999.5,0,0
59.5833,1957.406,557.029,1557.406,37.071,94.967,-10.213,95.514,1.951,-1.123,15,6.13,8.87,0.9484,222000,214435.5,-57457.8,-69206.7,-644462.3,-20386.6,2189.2,0.0,0.0,124842.3,-71890.9,0,0
59.6,1958.99,556.859,1558.99,37.241,94.999,-10.232,95.549,1.949,-1.122,15,6.14,8.86,0.9475,222000,214435.5,-57457.8,-69298.9,-644358.8,-20400.9,2194.1,0.0,0.0,124735.7,-71782.6,0,0
59.6167,1960.574,556.688,1560.574,37.412,95.032,-10.251,95.583,1.947,-1.12,15,6.15,8.85,0.9467,222000,214435.5,-57457.8,-69390.9,-644255.7,-20415.2,2198.9,0.0,0.0,124629.4,-71674.6,0,0
59.6333,1962.158,556.517,1562.158,37.583,95.064,-10.269,95.617,1.946,-1.118,15,6.16,8.84,0.9459,222000,214435.5,-57457.8,-69482.6,-644152.8,-20429.5,2203.7,0.0,0.0,124523.4,-71567.0,0,0
59.65,1963.743,556.345,1563.743,37.755,95.097,-10.288,95.651,1.944,-1.117,15,6.17,8.83,0.9451,222000,214435.5,-57457.8,-69574.1,-644050.3,-20443.8,2208.5,0.0,0.0,124417.6,-71459.6,0,0
59.6667,1965.328,556.174,1565.328,37.926,95.129,-10.307,95.686,1.942,-1.115,15,6.17,8.83,0.9443,222000,214435.5,-57457.8,-69665.4,-643948.1,-20458.1,2213.3,0.0,0.0,124312.0,-71352.6,0,0
59.6833,1966.914,556.001,1566.914,38.099,95.161,-10.325,95.72,1.941,-1.113,15,6.18,8.82,0.9435,222000,214435.5,-57457.8,-69756.4,-643846.2,-20472.4,2218.0,0.0,0.0,124206.7,-71245.9,0,0
59.7,1968.501,555.829,1568.501,38.271,95.194,-10.344,95.754,1.939,-1.112,15,6.19,8.81,0.9427,222000,214435.5,-57457.8,-69847.2,-643744.6,-20486.6,2222.8,0.0,0.0,124101.7,-71139.6,0,0
59.7167,1970.088,555.656,1570.088,38.444,95.226,-10.362,95.788,1.937,-1.11,15,6.2,8.8,0.9419,222000,214435.5,-57457.8,-69937.8,-643643.3,-20500.9,2227.6,0.0,0.0,123996.8,-71033.5,0,0
59.7333,1971.676,555.483,1571.676,38.617,95.258,-10.381,95.822,1.936,-1.108,15,6.21,8.79,0.9411,222000,214435.5,-57457.8,-70028.1,-643542.3,-20515.2,2232.4,0.0,0.0,123892.2,-70927.8,0,0
59.75,1973.264,555.31,1573.264,38.79,95.29,-10.399,95.856,1.934,-1.107,15,6.22,8.78,0.9403,222000,214435.5,-57457.8,-70118.2,-643441.7,-20529.4,2237.2,0.0,0.0,123787.9,-70822.4,0,0
59.7667,1974.853,555.136,1574.853,38.964,95.323,-10.417,95.89,1.933,-1.105,15,6.23,8.77,0.9395,222000,214435.5,-57457.8,-70208.1,-643341.4,-20543.7,2241.9,0.0,0.0,123683.8,-70717.2,0,0
59.7833,1976.442,554.962,1576.442,39.138,95.355,-10.436,95.924,1.931,-1.103,15,6.24,8.76,0.9387,222000,214435.5,-57457.8,-70297.7,-643241.3,-20557.9,2246.7,0.0,0.0,123579.9,-70612.5,0,0
59.8,1978.032,554.788,1578.032,39.312,95.387,-10.454,95.958,1.929,-1.102,15,6.25,8.75,0.9379,222000,214435.5,-57457.8,-70387.1,-643141.6,-20572.1,2251.5,0.0,0.0,123476.3,-70508.0,0,0
59.8167,1979.622,554.614,1579.622,39.486,95.419,-10.473,95.992,1.928,-1.1,15,6.25,8.75,0.9371,222000,214435.5,-57457.8,-70476.3,-643042.2,-20586.4,2256.2,0.0,0.0,123372.9,-70403.8,0,0
59.8333,1981.213,554.439,1581.213,39.661,95.451,-10.491,96.026,1.926,-1.098,15,6.26,8.74,0.9363,222000,214435.5,-57457.8,-70565.3,-642943.1,-20600.6,2261.0,0.0,0.0,123269.7,-70300.0,0,0
59.85,1982.804,554.264,1582.804,39.836,95.483,-10.509,96.06,1.924,-1.097,15,6.27,8.73,0.9355,222000,214435.5,-57457.8,-70654.0,-642844.3,-20614.8,2265.7,0.0,0.0,123166.8,-70196.4,0,0
59.8667,1984.396,554.088,1584.396,40.012,95.515,-10.527,96.094,1.923,-1.095,15,6.28,8.72,0.9347,222000,214435.5,-57457.8,-70742.5,-642745.8,-20629.0,2270.5,0.0,0.0,123064.1,-70093.2,0,0
59.8833,1985.989,553.912,1585.989,40.188,95.547,-10.546,96.128,1.921,-1.094,15,6.29,8.71,0.9339,222000,214435.5,-57457.8,-70830.8,-642647.7,-20643.2,2275.2,0.0,0.0,122961.6,-69990.3,0,0
59.9,1987.582,553.736,1587.582,40.364,95.579,-10.564,96.161,1.92,-1.092,15,6.3,8.7,0.9332,222000,214435.5,-57457.8,-70918.8,-642549.8,-20657.4,2280.0,0.0,0.0,122859.4,-69887.6,0,0
59.9167,1989.175,553.56,1589.175,40.54,95.611,-10.582,96.195,1.918,-1.09,15,6.31,8.69,0.9324,222000,214435.5,-57457.8,-71006.6,-642452.2,-20671.6,2284.7,0.0,0.0,122757.3,-69785.3,0,0
59.9333,1990.769,553.383,1590.769,40.717,95.643,-10.6,96.229,1.916,-1.089,15,6.32,8.68,0.9316,222000,214435.5,-57457.8,-71094.2,-642354.9,-20685.7,2289.4,0.0,0.0,122655.6,-69683.3,0,0
59.95,1992.364,553.206,1592.364,40.894,95.675,-10.618,96.263,1.915,-1.087,15,6.32,8.68,0.9308,222000,214435.5,-57457.8,-71181.6,-642258.0,-20699.9,2294.2,0.0,0.0,122554.0,-69581.6,0,0
59.9667,1993.959,553.029,1593.959,41.071,95.707,-10.636,96.296,1.913,-1.086,15,6.33,8.67,0.93,222000,214435.5,-57457.8,-71268.8,-642161.3,-20714.1,2298.9,0.0,0.0,122452.7,-69480.2,0,0
59.9833,1995.554,552.852,1595.554,41.248,95.739,-10.654,96.33,1.912,-1.084,15,6.34,8.66,0.9293,222000,214435.5,-57457.8,-71355.7,-642064.9,-20728.2,2303.6,0.0,0.0,122351.6,-69379.1,0,0
60.0,1997.151,552.674,1597.151,41.426,95.771,-10.672,96.364,1.91,-1.082,15,6.35,8.65,0.9285,222000,214435.5,-57457.8,-71442.5,-641968.8,-20742.4,2308.3,0.0,0.0,122250.7,-69278.3,0,0
60.0167,1998.747,552.496,1598.747,41.604,95.803,-10.691,96.397,1.909,-1.081,15,6.36,8.64,0.9277,222000,214435.5,-57457.8,-71529.0,-641873.1,-20756.5,2313.1,0.0,0.0,122150.0,-69177.8,0,0
60.0333,2000.345,552.317,1600.345,41.783,95.834,-10.708,96.431,1.907,-1.079,15,6.37,8.63,0.9269,222000,214435.5,-57457.8,-71615.3,-641777.6,-20770.6,2317.8,0.0,0.0,122049.6,-69077.6,0,0
60.05,2001.942,552.138,1601.942,41.962,95.866,-10.726,96.464,1.905,-1.078,15,6.38,8.62,0.9262,222000,214435.5,-57457.8,-71701.4,-641682.4,-20784.8,2322.5,0.0,0.0,121949.4,-68977.7,0,0
60.0667,2003.541,551.959,1603.541,42.141,95.898,-10.744,96.498,1.904,-1.076,15,6.38,8.62,0.9254,222000,214435.5,-57457.8,-71787.2,-641587.5,-20798.9,2327.2,0.0,0.0,121849.4,-68878.2,0,0
60.0833,2005.139,551.78,1605.139,42.32,95.93,-10.762,96.531,1.902,-1.075,15,6.39,8.61,0.9247,222000,214435.5,-57457.8,-71872.9,-641492.9,-20813.0,2331.9,0.0,0.0,121749.6,-68778.9,0,0
60.1,2006.739,551.6,1606.739,42.5,95.961,-10.78,96.565,1.901,-1.073,15,6.4,8.6,0.9239,222000,214435.5,-57457.8,-71958.3,-641398.6,-20827.1,2336.6,0.0,0.0,121650.1,-68679.8,0,0
60.1167,2008.339,551.42,1608.339,42.68,95.993,-10.798,96.598,1.899,-1.072,15,6.41,8.59,0.9231,222000,214435.5,-57457.8,-72043.5,-641304.6,-20841.2,2341.3,0.0,0.0,121550.8,-68581.1,0,0
60.1333,2009.939,551.24,1609.939,42.86,96.024,-10.816,96.632,1.898,-1.07,15,6.42,8.58,0.9224,222000,214435.5,-57457.8,-72128.6,-641210.9,-20855.3,2346.0,0.0,0.0,121451.7,-68482.7,0,0
60.15,2011.54,551.059,1611.54,43.041,96.056,-10.834,96.665,1.896,-1.069,15,6.43,8.57,0.9216,222000,214435.5,-57457.8,-72213.4,-641117.4,-20869.4,2350.7,0.0,0.0,121352.8,-68384.6,0,0
60.1667,2013.142,550.879,1613.142,43.221,96.088,-10.851,96.698,1.895,-1.067,15,6.43,8.57,0.9209,222000,214435.5,-57457.8,-72298.0,-641024.3,-20883.5,2355.3,0.0,0.0,121254.1,-68286.8,0,0
60.1833,2014.744,550.697,1614.744,43.403,96.119,-10.869,96.732,1.893,-1.065,15,6.44,8.56,0.9201,222000,214435.5,-57457.8,-72382.4,-640931.4,-20897.6,2360.0,0.0,0.0,121155.6,-68189.2,0,0
60.2,2016.346,550.516,1616.346,43.584,96.151,-10.887,96.765,1.892,-1.064,15,6.45,8.55,0.9194,222000,214435.5,-57457.8,-72466.5,-640838.8,-20911.6,2364.7,0.0,0.0,121057.4,-68092.0,0,0
60.2167,2017.949,550.334,1617.949,43.766,96.182,-10.905,96.798,1.89,-1.062,15,6.46,8.54,0.9186,222000,214435.5,-57457.8,-72550.5,-640746.6,-20925.7,2369.4,0.0,0.0,120959.3,-67995.0,0,0
60.2333,2019.553,550.152,1619.553,43.948,96.214,-10.922,96.832,1.888,-1.061,15,6.47,8.53,0.9179,222000,214435.5,-57457.8,-72634.3,-640654.6,-20939.8,2374.0,0.0,0.0,120861.5,-67898.3,0,0
60.25,2021.157,549.97,1621.157,44.13,96.245,-10.94,96.865,1.887,-1.059,15,6.48,8.52,0.9171,222000,214435.5,-57457.8,-72717.8,-640562.8,-20953.8,2378.7,0.0,0.0,120763.9,-67801.9,0,0
60.2667,2022.761,549.787,1622.761,44.313,96.277,-10.958,96.898,1.885,-1.058,15,6.48,8.52,0.9164,222000,214435.5,-57457.8,-72801.2,-640471.4,-20967.9,2383.4,0.0,0.0,120666.5,-67705.8,0,0
60.2833,2024.366,549.604,1624.366,44.496,96.308,-10.975,96.931,1.884,-1.056,15,6.49,8.51,0.9156,222000,214435.5,-57457.8,-72884.4,-640380.2,-20981.9,2388.0,0.0,0.0,120569.3,-67610.0,0,0
60.3,2025.972,549.421,1625.972,44.679,96.339,-10.993,96.964,1.882,-1.055,15,6.5,8.5,0.9149,222000,214435.5,-57457.8,-72967.3,-640289.4,-20995.9,2392.7,0.0,0.0,120472.3,-67514.5,0,0
60.3167,2027.578,549.238,1627.578,44.862,96.371,-11.01,96.998,1.881,-1.053,15,6.51,8.49,0.9141,222000,214435.5,-57457.8,-73050.1,-640198.8,-21010.0,2397.3,0.0,0.0,120375.5,-67419.2,0,0
60.3333,2029.185,549.054,1629.185,45.046,96.402,-11.028,97.031,1.879,-1.052,15,6.52,8.48,0.9134,222000,214435.5,-57457.8,-73132.6,-640108.4,-21024.0,2402.0,0.0,0.0,120278.9,-67324.3,0,0
60.35,2030.792,548.87,1630.792,45.23,96.433,-11.045,97.064,1.878,-1.05,15,6.53,8.47,0.9127,222000,214435.5,-57457.8,-73215.0,-640018.4,-21038.0,2406.6,0.0,0.0,120182.6,-67229.6,0,0
60.3667,2032.4,548.685,1632.4,45.415,96.465,-11.063,97.097,1.876,-1.049,15,6.53,8.47,0.9119,222000,214435.5,-57457.8,-73297.1,-639928.6,-21052.0,2411.3,0.0,0.0,120086.4,-67135.2,0,0
60.3833,2034.008,548.501,1634.008,45.599,96.496,-11.08,97.13,1.875,-1.048,15,6.54,8.46,0.9112,222000,214435.5,-57457.8,-73379.1,-639839.1,-21066.0,2415.9,0.0,0.0,119990.5,-67041.1,0,0
60.4,2035.617,548.316,1635.617,45.784,96.527,-11.098,97.163,1.873,-1.046,15,6.55,8.45,0.9105,222000,214435.5,-57457.8,-73460.8,-639749.9,-21080.0,2420.6,0.0,0.0,119894.7,-66947.2,0,0
60.4167,2037.226,548.13,1637.226,45.97,96.558,-11.115,97.196,1.872,-1.045,15,6.56,8.44,0.9097,222000,214435.5,-57457.8,-73542.4,-639661.0,-21094.0,2425.2,0.0,0.0,119799.2,-66853.6,0,0
60.4333,2038.836,547.945,1638.836,46.155,96.589,-11.133,97.229,1.87,-1.043,15,6.57,8.43,0.909,222000,214435.5,-57457.8,-73623.8,-639572.3,-21108.0,2429.8,0.0,0.0,119703.8,-66760.3,0,0
60.45,2040.446,547.759,1640.446,46.341,96.621,-11.15,97.262,1.869,-1.042,15,6.57,8.43,0.9083,222000,214435.5,-57457.8,-73704.9,-639483.9,-21121.9,2434.4,0.0,0.0,119608.7,-66667.3,0,0
60.4667,2042.057,547.573,1642.057,46.527,96.652,-11.167,97.295,1.867,-1.04,15,6.58,8.42,0.9075,222000,214435.5,-57457.8,-73785.9,-639395.8,-21135.9,2439.1,0.0,0.0,119513.7,-66574.6,0,0
60.4833,2043.669,547.386,1643.669,46.714,96.683,-11.185,97.328,1.866,-1.039,15,6.59,8.41,0.9068,222000,214435.5,-57457.8,-73866.7,-639308.0,-21149.9,2443.7,0.0,0.0,119419.0,-66482.1,0,0
60.5,2045.281,547.2,1645.281,46.9,96.714,-11.202,97.36,1.864,-1.037,15,6.6,8.4,0.9061,222000,214435.5,-57457.8,-73947.3,-639220.4,-21163.8,2448.3,0.0,0.0,119324.4,-66389.9,0,0
60.5167,2046.893,547.013,1646.893,47.087,96.745,-11.219,97.393,1.863,-1.036,15,6.61,8.39,0.9054,222000,214435.5,-57457.8,-74027.7,-639133.1,-21177.8,2452.9,0.0,0.0,119230.1,-66298.0,0,0
60.5333,2048.506,546.825,1648.506,47.275,96.776,-11.236,97.426,1.861,-1.034,15,6.61,8.39,0.9047,222000,214435.5,-57457.8,-74107.9,-639046.0,-21191.7,2457.5,0.0,0.0,119135.9,-66206.3,0,0
60.55,2050.119,546.638,1650.119,47.462,96.807,-11.254,97.459,1.86,-1.033,15,6.62,8.38,0.9039,222000,214435.5,-57457.8,-74187.9,-638959.2,-21205.6,2462.1,0.0,0.0,119042.0,-66114.9,0,0
60.5667,2051.733,546.45,1651.733,47.65,96.838,-11.271,97.492,1.859,-1.032,15,6.63,8.37,0.9032,222000,214435.5,-57457.8,-74267.7,-638872.7,-21219.6,2466.7,0.0,0.0,118948.2,-66023.8,0,0
60.5833,2053.348,546.262,1653.348,47.838,96.869,-11.288,97.524,1.857,-1.03,15,6.64,8.36,0.9025,222000,214435.5,-57457.8,-74347.4,-638786.5,-21233.5,2471.3,0.0,0.0,118854.7,-65933.0,0,0
60.6,2054.963,546.074,1654.963,48.026,96.9,-11.305,97.557,1.856,-1.029,15,6.65,8.35,0.9018,222000,214435.5,-57457.8,-74426.8,-638700.5,-21247.4,2475.9,0.0,0.0,118761.3,-65842.4,0,0
60.6167,2056.578,545.885,1656.578,48.215,96.931,-11.322,97.59,1.854,-1.027,15,6.65,8.35,0.9011,222000,214435.5,-57457.8,-74506.1,-638614.8,-21261.3,2480.5,0.0,0.0,118668.1,-65752.1,0,0
60.6333,2058.194,545.696,1658.194,48.404,96.962,-11.339,97.622,1.853,-1.026,15,6.66,8.34,0.9004,222000,214435.5,-57457.8,-74585.2,-638529.3,-21275.2,2485.1,0.0,0.0,118575.2,-65662.0,0,0
60.65,2059.811,545.507,1659.811,48.593,96.992,-11.356,97.655,1.851,-1.025,15,6.67,8.33,0.8997,222000,214435.5,-57457.8,-74664.0,-638444.1,-21289.1,2489.7,0.0,0.0,118482.4,-65572.2,0,0
60.6667,2061.428,545.317,1661.428,48.783,97.023,-11.373,97.688,1.85,-1.023,15,6.68,8.32,0.899,222000,214435.5,-57457.8,-74742.7,-638359.1,-21303.0,2494.3,0.0,0.0,118389.8,-65482.7,0,0
60.6833,2063.046,545.127,1663.046,48.973,97.054,-11.391,97.72,1.848,-1.022,15,6.69,8.31,0.8983,222000,214435.5,-57457.8,-74821.3,-638274.5,-21316.9,2498.9,0.0,0.0,118297.4,-65393.4,0,0
60.7,2064.664,544.937,1664.664,49.163,97.085,-11.408,97.753,1.847,-1.02,15,6.69,8.31,0.8976,222000,214435.5,-57457.8,-74899.6,-638190.0,-21330.8,2503.4,0.0,0.0,118205.1,-65304.4,0,0
60.7167,2066.282,544.747,1666.282,49.353,97.116,-11.425,97.785,1.846,-1.019,15,6.7,8.3,0.8969,222000,214435.5,-57457.8,-74977.8,-638105.9,-21344.7,2508.0,0.0,0.0,118113.1,-65215.7,0,0
60.7333,2067.901,544.556,1667.901,49.544,97.146,-11.441,97.818,1.844,-1.018,15,6.71,8.29,0.8962,222000,214435.5,-57457.8,-75055.7,-638022.0,-21358.5,2512.6,0.0,0.0,118021.3,-65127.2,0,0
60.75,2069.521,544.365,1669.521,49.735,97.177,-11.458,97.85,1.843,-1.016,15,6.72,8.28,0.8955,222000,214435.5,-57457.8,-75133.5,-637938.3,-21372.4,2517.1,0.0,0.0,117929.6,-65039.0,0,0
60.7667,2071.141,544.174,1671.141,49.926,97.208,-11.475,97.883,1.841,-1.015,15,6.72,8.28,0.8948,222000,214435.5,-57457.8,-75211.1,-637854.9,-21386.2,2521.7,0.0,0.0,117838.2,-64951.0,0,0
60.7833,2072.762,543.982,1672.762,50.118,97.238,-11.492,97.915,1.84,-1.013,15,6.73,8.27,0.8941,222000,214435.5,-57457.8,-75288.6,-637771.7,-21400.1,2526.3,0.0,0.0,117746.9,-64863.3,0,0
60.8,2074.383,543.79,1674.383,50.31,97.269,-11.509,97.948,1.838,-1.012,15,6.74,8.26,0.8934,222000,214435.5,-57457.8,-75365.8,-637688.9,-21413.9,2530.8,0.0,0.0,117655.8,-64775.9,0,0
60.8167,2076.005,543.598,1676.005,50.502,97.3,-11.526,97.98,1.837,-1.011,15,6.75,8.25,0.8927,222000,214435.5,-57457.8,-75442.9,-637606.2,-21427.8,2535.4,0.0,0.0,117564.9,-64688.7,0,0
60.8333,2077.627,543.406,1677.627,50.694,97.33,-11.543,98.012,1.836,-1.009,15,6.76,8.24,0.892,222000,214435.5,-57457.8,-75519.8,-637523.8,-21441.6,2539.9,0.0,0.0,117474.2,-64601.7,0,0
60.85,2079.249,543.213,1679.249,50.887,97.361,-11.56,98.045,1.834,-1.008,15,6.76,8.24,0.8913,222000,214435.5,-57457.8,-75596.5,-637441.7,-21455.4,2544.5,0.0,0.0,117383.6,-64515.0,0,0
60.8667,2080.873,543.02,1680.873,51.08,97.391,-11.576,98.077,1.833,-1.007,15,6.77,8.23,0.8906,222000,214435.5,-57457.8,-75673.0,-637359.8,-21469.3,2549.0,0.0,0.0,117293.3,-64428.6,0,0
60.8833,2082.496,542.827,1682.496,51.273,97.422,-11.593,98.109,1.831,-1.005,15,6.78,8.22,0.8899,222000,214435.5,-57457.8,-75749.4,-637278.1,-21483.1,2553.6,0.0,0.0,117203.1,-64342.4,0,0
60.9,2084.12,542.634,1684.12,51.466,97.452,-11.61,98.142,1.83,-1.004,15,6.79,8.21,0.8892,222000,214435.5,-57457.8,-75825.6,-637196.7,-21496.9,2558.1,0.0,0.0,117113.1,-64256.5,0,0
60.9167,2085.745,542.44,1685.745,51.66,97.483,-11.627,98.174,1.828,-1.003,15,6.79,8.21,0.8886,222000,214435.5,-57457.8,-75901.6,-637115.6,-21510.7,2562.6,0.0,0.0,117023.3,-64170.8,0,0
60.9333,2087.37,542.246,1687.37,51.854,97.513,-11.643,98.206,1.827,-1.001,15,6.8,8.2,0.8879,222000,214435.5,-57457.8,-75977.4,-637034.7,-21524.5,2567.2,0.0,0.0,116933.6,-64085.3,0,0
60.95,2088.996,542.051,1688.996,52.049,97.544,-11.66,98.238,1.826,-1.0,15,6.81,8.19,0.8872,222000,214435.5,-57457.8,-76053.1,-636954.0,-21538.3,2571.7,0.0,0.0,116844.2,-64000.1,0,0
60.9667,2090.622,541.857,1690.622,52.243,97.574,-11.677,98.27,1.824,-0.999,15,6.82,8.18,0.8865,222000,214435.5,-57457.8,-76128.6,-636873.6,-21552.0,2576.2,0.0,0.0,116754.9,-63915.2,0,0
60.9833,2092.249,541.662,1692.249,52.438,97.605,-11.693,98.302,1.823,-0.997,15,6.82,8.18,0.8858,222000,214435.5,-57457.8,-76203.9,-636793.4,-21565.8,2580.7,0.0,0.0,116665.8,-63830.5,0,0
61.0,2093.876,541.467,1693.876,52.633,97.635,-11.71,98.335,1.822,-0.996,15,6.83,8.17,0.8852,222000,214435.5,-57457.8,-76279.1,-636713.5,-21579.6,2585.3,0.0,0.0,116576.9,-63746.0,0,0
61.0167,2095.504,541.271,1695.504,52.829,97.665,-11.726,98.367,1.82,-0.995,15,6.84,8.16,0.8845,222000,214435.5,-57457.8,-76354.1,-636633.8,-21593.4,2589.8,0.0,0.0,116488.1,-63661.8,0,0
61.0333,2097.132,541.076,1697.132,53.024,97.696,-11.743,98.399,1.819,-0.993,15,6.85,8.15,0.8838,222000,214435.5,-57457.8,-76428.9,-636554.3,-21607.1,2594.3,0.0,0.0,116399.5,-63577.9,0,0
61.05,2098.761,540.88,1698.761,53.22,97.726,-11.759,98.431,1.817,-0.992,15,6.85,8.15,0.8831,222000,214435.5,-57457.8,-76503.5,-636475.1,-21620.9,2598.8,0.0,0.0,116311.2,-63494.1,0,0
61.0667,2100.39,540.683,1700.39,53.417,97.756,-11.776,98.463,1.816,-0.991,15,6.86,8.14,0.8825,222000,214435.5,-57457.8,-76578.0,-636396.1,-21634.6,2603.3,0.0,0.0,116222.9,-63410.7,0,0
61.0833,2102.02,540.487,1702.02,53.613,97.786,-11.792,98.495,1.815,-0.989,15,6.87,8.13,0.8818,222000,214435.5,-57457.8,-76652.3,-636317.4,-21648.4,2607.8,0.0,0.0,116134.9,-63327.4,0,0
61.1,2103.65,540.29,1703.65,53.81,97.817,-11.809,98.527,1.813,-0.988,15,6.88,8.12,0.8811,222000,214435.5,-57457.8,-76726.4,-636238.9,-21662.1,2612.3,0.0,0.0,116047.0,-63244.4,0,0
61.1167,2105.281,540.093,1705.281,54.007,97.847,-11.825,98.559,1.812,-0.987,15,6.88,8.12,0.8805,222000,214435.5,-57457.8,-76800.4,-636160.6,-21675.8,2616.8,0.0,0.0,115959.3,-63161.7,0,0
61.1333,2106.913,539.896,1706.913,54.204,97.877,-11.842,98.591,1.81,-0.986,15,6.89,8.11,0.8798,222000,214435.5,-57457.8,-76874.2,-636082.6,-21689.5,2621.3,0.0,0.0,115871.8,-63079.1,0,0
61.15,2108.544,539.698,1708.544,54.402,97.907,-11.858,98.623,1.809,-0.984,15,6.9,8.1,0.8791,222000,214435.5,-57457.8,-76947.9,-636004.8,-21703.3,2625.8,0.0,0.0,115784.4,-62996.9,0,0
61.1667,2110.177,539.5,1710.177,54.6,97.937,-11.875,98.654,1.808,-0.983,15,6.91,8.09,0.8785,222000,214435.5,-57457.8,-77021.3,-635927.3,-21717.0,2630.3,0.0,0.0,115697.2,-62914.8,0,0
61.1833,2111.809,539.302,1711.809,54.798,97.967,-11.891,98.686,1.806,-0.982,15,6.91,8.09,0.8778,222000,214435.5,-57457.8,-77094.7,-635849.9,-21730.7,2634.8,0.0,0.0,115610.2,-62833.0,0,0
61.2,2113.443,539.103,1713.443,54.997,97.997,-11.907,98.718,1.805,-0.98,15,6.92,8.08,0.8772,222000,214435.5,-57457.8,-77167.8,-635772.8,-21744.4,2639.3,0.0,0.0,115523.4,-62751.4,0,0
61.2167,2115.076,538.905,1715.076,55.195,98.027,-11.924,98.75,1.804,-0.979,15,6.93,8.07,0.8765,222000,214435.5,-57457.8,-77240.8,-635696.0,-21758.1,2643.7,0.0,0.0,115436.7,-62670.1,0,0
61.2333,2116.711,538.706,1716.711,55.394,98.058,-11.94,98.782,1.802,-0.978,15,6.94,8.06,0.8758,222000,214435.5,-57457.8,-77313.6,-635619.3,-21771.8,2648.2,0.0,0.0,115350.2,-62588.9,0,0
61.25,2118.346,538.506,1718.346,55.594,98.088,-11.956,98.814,1.801,-0.977,15,6.94,8.06,0.8752,222000,214435.5,-57457.8,-77386.3,-635542.9,-21785.4,2652.7,0.0,0.0,115263.8,-62508.1,0,0
61.2667,2119.981,538.307,1719.981,55.793,98.118,-11.972,98.845,1.8,-0.975,15,6.95,8.05,0.8745,222000,214435.5,-57457.8,-77458.8,-635466.7,-21799.1,2657.2,0.0,0.0,115177.6,-62427.4,0,0
61.2833,2121.617,538.107,1721.617,55.993,98.147,-11.989,98.877,1.798,-0.974,15,6.96,8.04,0.8739,222000,214435.5,-57457.8,-77531.1,-635390.8,-21812.8,2661.6,0.0,0.0,115091.6,-62347.0,0,0
61.3,2123.253,537.907,1723.253,56.193,98.177,-12.005,98.909,1.797,-0.973,15,6.96,8.04,0.8732,222000,214435.5,-57457.8,-77603.3,-635315.1,-21826.5,2666.1,0.0,0.0,115005.8,-62266.8,0,0
61.3167,2124.89,537.707,1724.89,56.393,98.207,-12.021,98.94,1.796,-0.972,15,6.97,8.03,0.8726,222000,214435.5,-57457.8,-77675.3,-635239.6,-21840.1,2670.5,0.0,0.0,114920.1,-62186.8,0,0
61.3333,2126.527,537.506,1726.527,56.594,98.237,-12.037,98.972,1.794,-0.97,15,6.98,8.02,0.8719,222000,214435.5,-57457.8,-77747.2,-635164.3,-21853.8,2675.0,0.0,0.0,114834.6,-62107.1,0,0
61.35,2128.165,537.305,1728.165,56.795,98.267,-12.053,99.004,1.793,-0.969,15,6.99,8.01,0.8713,222000,214435.5,-57457.8,-77818.9,-635089.2,-21867.4,2679.5,0.0,0.0,114749.2,-62027.6,0,0
61.3667,2129.803,537.104,1729.803,56.996,98.297,-12.07,99.035,1.792,-0.968,15,6.99,8.01,0.8706,222000,214435.5,-57457.8,-77890.5,-635014.4,-21881.1,2683.9,0.0,0.0,114664.0,-61948.3,0,0
61.3833,2131.442,536.902,1731.442,57.198,98.327,-12.086,99.067,1.79,-0.967,15,7.0,8.0,0.87,222000,214435.5,-57457.8,-77961.9,-634939.8,-21894.7,2688.4,0.0,0.0,114579.0,-61869.2,0,0
61.4,2133.081,536.701,1733.081,57.399,98.357,-12.102,99.098,1.789,-0.965,15,7.01,7.99,0.8693,222000,214435.5,-57457.8,-78033.1,-634865.4,-21908.3,2692.8,0.0,0.0,114494.1,-61790.4,0,0
61.4167,2134.721,536.499,1734.721,57.601,98.386,-12.118,99.13,1.788,-0.964,15,7.01,7.99,0.8687,222000,214435.5,-57457.8,-78104.2,-634791.2,-21921.9,2697.3,0.0,0.0,114409.4,-61711.8,0,0
61.4333,2136.361,536.297,1736.361,57.803,98.416,-12.134,99.161,1.786,-0.963,15,7.02,7.98,0.8681,222000,214435.5,-57457.8,-78175.1,-634717.3,-21935.6,2701.7,0.0,0.0,114324.9,-61633.4,0,0
61.45,2138.002,536.094,1738.002,58.006,98.446,-12.15,99.193,1.785,-0.962,15,7.03,7.97,0.8674,222000,214435.5,-57457.8,-78245.9,-634643.6,-21949.2,2706.1,0.0,0.0,114240.5,-61555.3,0,0
61.4667,2139.643,535.891,1739.643,58.209,98.476,-12.166,99.224,1.784,-0.961,15,7.04,7.96,0.8668,222000,214435.5,-57457.8,-78316.5,-634570.1,-21962.8,2710.6,0.0,0.0,114156.2,-61477.3,0,0
61.4833,2141.285,535.688,1741.285,58.412,98.505,-12.182,99.256,1.782,-0.959,15,7.04,7.96,0.8662,222000,214435.5,-57457.8,-78387.0,-634496.8,-21976.4,2715.0,0.0,0.0,114072.2,-61399.6,0,0
61.5,2142.927,535.485,1742.927,58.615,98.535,-12.198,99.287,1.781,-0.958,15,7.05,7.95,0.8655,222000,214435.5,-57457.8,-78457.3,-634423.7,-21990.0,2719.4,0.0,0.0,113988.3,-61322.1,0,0
61.5167,2144.57,535.281,1744.57,58.819,98.565,-12.214,99.319,1.78,-0.957,15,7.06,7.94,0.8649,222000,214435.5,-57457.8,-78527.5,-634350.8,-22003.6,2723.9,0.0,0.0,113904.5,-61244.8,0,0
61.5333,2146.213,535.078,1746.213,59.022,98.594,-12.23,99.35,1.778,-0.956,15,7.06,7.94,0.8643,222000,214435.5,-57457.8,-78597.5,-634278.2,-22017.2,2728.3,0.0,0.0,113820.9,-61167.7,0,0
61.55,2147.857,534.874,1747.857,59.226,98.624,-12.246,99.381,1.777,-0.955,15,7.07,7.93,0.8636,222000,214435.5,-57457.8,-78667.3,-634205.8,-22030.7,2732.7,0.0,0.0,113737.5,-61090.9,0,0
61.5667,2149.501,534.669,1749.501,59.431,98.654,-12.262,99.413,1.776,-0.953,15,7.08,7.92,0.863,222000,214435.5,-57457.8,-78737.1,-634133.6,-22044.3,2737.1,0.0,0.0,113654.2,-61014.3,0,0
61.5833,2151.146,534.465,1751.146,59.635,98.683,-12.277,99.444,1.775,-0.952,15,7.08,7.92,0.8624,222000,214435.5,-57457.8,-78806.6,-634061.5,-22057.9,2741.5,0.0,0.0,113571.0,-60937.8,0,0
61.6,2152.791,534.26,1752.791,59.84,98.713,-12.293,99.475,1.773,-0.951,15,7.09,7.91,0.8617,222000,214435.5,-57457.8,-78876.0,-633989.8,-22071.4,2746.0,0.0,0.0,113488.1,-60861.6,0,0
61.6167,2154.437,534.054,1754.437,60.046,98.742,-12.309,99.507,1.772,-0.95,15,7.1,7.9,0.8611,222000,214435.5,-57457.8,-78945.3,-633918.2,-22085.0,2750.4,0.0,0.0,113405.3,-60785.6,0,0
61.6333,2156.083,533.849,1756.083,60.251,98.772,-12.325,99.538,1.771,-0.949,15,7.11,7.89,0.8605,222000,214435.5,-57457.8,-79014.4,-633846.8,-22098.5,2754.8,0.0,0.0,113322.6,-60709.9,0,0
61.65,2157.73,533.643,1757.73,60.457,98.801,-12.341,99.569,1.769,-0.947,15,7.11,7.89,0.8599,222000,214435.5,-57457.8,-79083.4,-633775.6,-22112.1,2759.2,0.0,0.0,113240.1,-60634.3,0,0
61.6667,2159.377,533.437,1759.377,60.663,98.831,-12.356,99.6,1.768,-0.946,15,7.12,7.88,0.8592,222000,214435.5,-57457.8,-79152.2,-633704.7,-22125.6,2763.6,0.0,0.0,113157.7,-60558.9,0,0
61.6833,2161.025,533.231,1761.025,60.869,98.86,-12.372,99.631,1.767,-0.945,15,7.13,7.87,0.8586,222000,214435.5,-57457.8,-79220.9,-633634.0,-22139.2,2768.0,0.0,0.0,113075.5,-60483.8,0,0
61.7,2162.673,533.025,1762.673,61.075,98.89,-12.388,99.663,1.766,-0.944,15,7.13,7.87,0.858,222000,214435.5,-57457.8,-79289.4,-633563.4,-22152.7,2772.4,0.0,0.0,112993.4,-60408.9,0,0
61.7167,2164.321,532.818,1764.321,61.282,98.919,-12.404,99.694,1.764,-0.943,15,7.14,7.86,0.8574,222000,214435.5,-57457.8,-79357.8,-633493.1,-22166.2,2776.8,0.0,0.0,112911.5,-60334.1,0,0
61.7333,2165.97,532.611,1765.97,61.489,98.948,-12.419,99.725,1.763,-0.942,15,7.15,7.85,0.8568,222000,214435.5,-57457.8,-79426.0,-633423.0,-22179.7,2781.2,0.0,0.0,112829.8,-60259.6,0,0
61.75,2167.62,532.404,1767.62,61.696,98.978,-12.435,99.756,1.762,-0.94,15,7.15,7.85,0.8561,222000,214435.5,-57457.8,-79494.1,-633353.0,-22193.2,2785.5,0.0,0.0,112748.2,-60185.3,0,0
61.7667,2169.27,532.196,1769.27,61.904,99.007,-12.451,99.787,1.76,-0.939,15,7.16,7.84,0.8555,222000,214435.5,-57457.8,-79562.1,-633283.3,-22206.7,2789.9,0.0,0.0,112666.7,-60111.2,0,0
61.7833,2170.921,531.989,1770.921,62.111,99.036,-12.466,99.818,1.759,-0.938,15,7.17,7.83,0.8549,222000,214435.5,-57457.8,-79629.9,-633213.8,-22220.2,2794.3,0.0,0.0,112585.4,-60037.3,0,0
61.8,2172.572,531.781,1772.572,62.319,99.066,-12.482,99.849,1.758,-0.937,15,7.17,7.83,0.8543,222000,214435.5,-57457.8,-79697.6,-633144.5,-22233.7,2798.7,0.0,0.0,112504.2,-59963.6,0,0
61.8167,2174.224,531.572,1774.224,62.528,99.095,-12.497,99.88,1.757,-0.936,15,7.18,7.82,0.8537,222000,214435.5,-57457.8,-79765.1,-633075.4,-22247.2,2803.1,0.0,0.0,112423.2,-59890.1,0,0
61.8333,2175.876,531.364,1775.876,62.736,99.124,-12.513,99.911,1.755,-0.935,15,7.19,7.81,0.8531,222000,214435.5,-57457.8,-79832.5,-633006.5,-22260.7,2807.4,0.0,0.0,112342.4,-59816.9,0,0
61.85,2177.528,531.155,1777.528,62.945,99.154,-12.529,99.942,1.754,-0.933,15,7.19,7.81,0.8525,222000,214435.5,-57457.8,-79899.7,-632937.8,-22274.2,2811.8,0.0,0.0,112261.7,-59743.8,0,0
61.8667,2179.181,530.946,1779.181,63.154,99.183,-12.544,99.973,1.753,-0.932,15,7.2,7.8,0.8519,222000,214435.5,-57457.8,-79966.8,-632869.3,-22287.7,2816.2,0.0,0.0,112181.1,-59670.9,0,0
61.8833,2180.835,530.736,1780.835,63.364,99.212,-12.56,100.004,1.752,-0.931,15,7.21,7.79,0.8513,222000,214435.5,-57457.8,-80033.8,-632800.9,-22301.1,2820.5,0.0,0.0,112100.7,-59598.2,0,0
61.9,2182.489,530.527,1782.489,63.573,99.241,-12.575,100.035,1.75,-0.93,15,7.21,7.79,0.8507,222000,214435.5,-57457.8,-80100.6,-632732.8,-22314.6,2824.9,0.0,0.0,112020.4,-59525.8,0,0
61.9167,2184.143,530.317,1784.143,63.783,99.27,-12.591,100.065,1.749,-0.929,15,7.22,7.78,0.85,222000,214435.5,-57457.8,-80167.3,-632664.9,-22328.0,2829.3,0.0,0.0,111940.2,-59453.5,0,0
61.9333,2185.798,530.107,1785.798,63.993,99.299,-12.606,100.096,1.748,-0.928,15,7.23,7.77,0.8494,222000,214435.5,-57457.8,-80233.8,-632597.2,-22341.5,2833.6,0.0,0.0,111860.2,-59381.4,0,0
61.95,2187.454,529.897,1787.454,64.203,99.328,-12.622,100.127,1.747,-0.927,15,7.24,7.76,0.8488,222000,214435.5,-57457.8,-80300.2,-632529.7,-22354.9,2838.0,0.0,0.0,111780.4,-59309.5,0,0
61.9667,2189.11,529.686,1789.11,64.414,99.358,-12.637,100.158,1.745,-0.926,15,7.24,7.76,0.8482,222000,214435.5,-57457.8,-80366.5,-632462.3,-22368.4,2842.3,0.0,0.0,111700.7,-59237.8,0,0
61.9833,2190.766,529.475,1790.766,64.625,99.387,-12.652,100.189,1.744,-0.924,15,7.25,7.75,0.8476,222000,214435.5,-57457.8,-80432.6,-632395.2,-22381.8,2846.7,0.0,0.0,111621.1,-59166.4,0,0
62.0,2192.423,529.264,1792.423,64.836,99.416,-12.668,100.22,1.743,-0.923,15,7.26,7.74,0.847,222000,214435.5,-57457.8,-80498.6,-632328.3,-22395.2,2851.0,0.0,0.0,111541.7,-59095.1,0,0
62.0167,2194.08,529.053,1794.08,65.047,99.445,-12.683,100.25,1.742,-0.922,15,7.26,7.74,0.8465,222000,214435.5,-57457.8,-80564.5,-632261.5,-22408.7,2855.4,0.0,0.0,111462.4,-59024.0,0,0
62.0333,2195.738,528.841,1795.738,65.259,99.474,-12.699,100.281,1.74,-0.921,15,7.27,7.73,0.8459,222000,214435.5,-57457.8,-80630.2,-632195.0,-22422.1,2859.7,0.0,0.0,111383.3,-58953.1,0,0
62.05,2197.397,528.629,1797.397,65.471,99.503,-12.714,100.312,1.739,-0.92,15,7.27,7.73,0.8453,222000,214435.5,-57457.8,-80695.8,-632128.6,-22435.5,2864.1,0.0,0.0,111304.3,-58882.4,0,0
62.0667,2199.056,528.417,1799.056,65.683,99.532,-12.729,100.342,1.738,-0.919,15,7.28,7.72,0.8447,222000,214435.5,-57457.8,-80761.2,-632062.4,-22448.9,2868.4,0.0,0.0,111225.4,-58811.9,0,0
62.0833,2200.715,528.204,1800.715,65.896,99.561,-12.744,100.373,1.737,-0.918,15,7.29,7.71,0.8441,222000,214435.5,-57457.8,-80826.5,-631996.4,-22462.3,2872.7,0.0,0.0,111146.7,-58741.5,0,0
62.1,2202.375,527.992,1802.375,66.108,99.59,-12.76,100.404,1.735,-0.917,15,7.29,7.71,0.8435,222000,214435.5,-57457.8,-80891.7,-631930.6,-22475.7,2877.1,0.0,0.0,111068.1,-58671.4,0,0
62.1167,2204.035,527.779,1804.035,66.321,99.618,-12.775,100.434,1.734,-0.916,15,7.3,7.7,0.8429,222000,214435.5,-57457.8,-80956.8,-631865.0,-22489.1,2881.4,0.0,0.0,110989.7,-58601.5,0,0
62.1333,2205.696,527.566,1805.696,66.534,99.647,-12.79,100.465,1.733,-0.915,15,7.31,7.69,0.8423,222000,214435.5,-57457.8,-81021.7,-631799.6,-22502.5,2885.7,0.0,0.0,110911.4,-58531.7,0,0
62.15,2207.357,527.352,1807.357,66.748,99.676,-12.805,100.495,1.732,-0.913,15,7.31,7.69,0.8417,222000,214435.5,-57457.8,-81086.5,-631734.4,-22515.8,2890.0,0.0,0.0,110833.2,-58462.2,0,0
62.1667,2209.019,527.139,1809.019,66.961,99.705,-12.821,100.526,1.731,-0.912,15,7.32,7.68,0.8411,222000,214435.5,-57457.8,-81151.1,-631669.3,-22529.2,2894.3,0.0,0.0,110755.2,-58392.8,0,0
62.1833,2210.681,526.925,1810.681,67.175,99.734,-12.836,100.556,1.729,-0.911,15,7.33,7.67,0.8405,222000,214435.5,-57457.8,-81215.7,-631604.5,-22542.6,2898.7,0.0,0.0,110677.3,-58323.6,0,0
62.2,2212.344,526.71,1812.344,67.39,99.763,-12.851,100.587,1.728,-0.91,15,7.33,7.67,0.84,222000,214435.5,-57457.8,-81280.0,-631539.8,-22556.0,2903.0,0.0,0.0,110599.5,-58254.6,0,0
62.2167,2214.007,526.496,1814.007,67.604,99.791,-12.866,100.617,1.727,-0.909,15,7.34,7.66,0.8394,222000,214435.5,-57457.8,-81344.3,-631475.3,-22569.3,2907.3,0.0,0.0,110521.9,-58185.8,0,0
62.2333,2215.671,526.281,1815.671,67.819,99.82,-12.881,100.648,1.726,-0.908,15,7.35,7.65,0.8388,222000,214435.5,-57457.8,-81408.4,-631411.0,-22582.7,2911.6,0.0,0.0,110444.4,-58117.2,0,0
62.25,2217.335,526.066,1817.335,68.034,99.849,-12.896,100.678,1.724,-0.907,15,7.35,7.65,0.8382,222000,214435.5,-57457.8,-81472.4,-631346.9,-22596.0,2915.9,0.0,0.0,110367.1,-58048.8,0,0
62.2667,2218.999,525.851,1818.999,68.249,99.878,-12.912,100.709,1.723,-0.906,15,7.36,7.64,0.8376,222000,214435.5,-57457.8,-81536.3,-631282.9,-22609.4,2920.2,0.0,0.0,110289.9,-57980.5,0,0
62.2833,2220.665,525.636,1820.665,68.464,99.906,-12.927,100.739,1.722,-0.905,15,7.37,7.63,0.8371,222000,214435.5,-57457.8,-81600.1,-631219.2,-22622.7,2924.5,0.0,0.0,110212.8,-57912.5,0,0
62.3,2222.33,525.42,1822.33,68.68,99.935,-12.942,100.77,1.721,-0.904,15,7.37,7.63,0.8365,222000,214435.5,-57457.8,-81663.7,-631155.6,-22636.0,2928.8,0.0,0.0,110135.8,-57844.6,0,0
62.3167,2223.996,525.204,1823.996,68.896,99.964,-12.957,100.8,1.72,-0.903,15,7.38,7.62,0.8359,222000,214435.5,-57457.8,-81727.2,-631092.2,-22649.3,2933.1,0.0,0.0,110059.0,-57776.9,0,0
62.3333,2225.663,524.988,1825.663,69.112,99.992,-12.972,100.83,1.718,-0.902,15,7.39,7.61,0.8353,222000,214435.5,-57457.8,-81790.5,-631028.9,-22662.7,2937.4,0.0,0.0,109982.3,-57709.4,0,0
62.35,2227.33,524.771,1827.33,69.329,100.021,-12.987,100.861,1.717,-0.901,15,7.39,7.61,0.8348,222000,214435.5,-57457.8,-81853.8,-630965.9,-22676.0,2941.7,0.0,0.0,109905.8,-57642.0,0,0
62.3667,2228.997,524.555,1828.997,69.545,100.05,-13.002,100.891,1.716,-0.9,15,7.4,7.6,0.8342,222000,214435.5,-57457.8,-81916.9,-630903.0,-22689.3,2946.0,0.0,0.0,109829.4,-57574.9,0,0
62.3833,2230.665,524.338,1830.665,69.762,100.078,-13.017,100.921,1.715,-0.899,15,7.4,7.6,0.8336,222000,214435.5,-57457.8,-81979.9,-630840.3,-22702.6,2950.3,0.0,0.0,109753.1,-57507.9,0,0
62.4,2232.334,524.121,1832.334,69.979,100.107,-13.032,100.951,1.714,-0.898,15,7.41,7.59,0.833,222000,214435.5,-57457.8,-82042.7,-630777.8,-22715.9,2954.6,0.0,0.0,109676.9,-57441.1,0,0
62.4167,2234.003,523.903,1834.003,70.197,100.135,-13.047,100.982,1.713,-0.896,15,7.42,7.58,0.8325,222000,214435.5,-57457.8,-82105.4,-630715.5,-22729.2,2958.8,0.0,0.0,109600.9,-57374.5,0,0
62.4333,2235.672,523.686,1835.672,70.414,100.164,-13.062,101.012,1.711,-0.895,15,7.42,7.58,0.8319,222000,214435.5,-57457.8,-82168.1,-630653.3,-22742.5,2963.1,0.0,0.0,109525.0,-57308.0,0,0
62.45,2237.342,523.468,1837.342,70.632,100.192,-13.076,101.042,1.71,-0.894,15,7.43,7.57,0.8313,222000,214435.5,-57457.8,-82230.5,-630591.3,-22755.8,2967.4,0.0,0.0,109449.2,-57241.7,0,0
62.4667,2239.012,523.249,1839.012,70.851,100.221,-13.091,101.072,1.709,-0.893,15,7.44,7.56,0.8308,222000,214435.5,-57457.8,-82292.9,-630529.5,-22769.0,2971.7,0.0,0.0,109373.6,-57175.7,0,0
62.4833,2240.683,523.031,1840.683,71.069,100.249,-13.106,101.102,1.708,-0.892,15,7.44,7.56,0.8302,222000,214435.5,-57457.8,-82355.1,-630467.9,-22782.3,2976.0,0.0,0.0,109298.1,-57109.7,0,0
62.5,2242.354,522.812,1842.354,71.288,100.278,-13.121,101.132,1.707,-0.891,15,7.45,7.55,0.8296,222000,214435.5,-57457.8,-82417.2,-630406.4,-22795.6,2980.2,0.0,0.0,109222.7,-57044.0,0,0
62.5167,2244.026,522.593,1844.026,71.507,100.306,-13.136,101.163,1.705,-0.89,15,7.45,7.55,0.8291,222000,214435.5,-57457.8,-82479.2,-630345.1,-22808.9,2984.5,0.0,0.0,109147.4,-56978.4,0,0
62.5333,2245.698,522.374,1845.698,71.726,100.334,-13.151,101.193,1.704,-0.889,15,7.46,7.54,0.8285,222000,214435.5,-57457.8,-82541.1,-630284.0,-22822.1,2988.8,0.0,0.0,109072.3,-56913.0,0,0
62.55,2247.371,522.155,1847.371,71.945,100.363,-13.166,101.223,1.703,-0.888,15,7.47,7.53,0.828,222000,214435.5,-57457.8,-82602.8,-630223.0,-22835.4,2993.0,0.0,0.0,108997.3,-56847.8,0,0
62.5667,2249.044,521.935,1849.044,72.165,100.391,-13.18,101.253,1.702,-0.887,15,7.47,7.53,0.8274,222000,214435.5,-57457.8,-82664.5,-630162.2,-22848.6,2997.3,0.0,0.0,108922.4,-56782.8,0,0
62.5833,2250.718,521.715,1850.718,72.385,100.42,-13.195,101.283,1.701,-0.886,15,7.48,7.52,0.8268,222000,214435.5,-57457.8,-82726.0,-630101.6,-22861.9,3001.5,0.0,0.0,108847.7,-56717.9,0,0
62.6,2252.392,521.495,1852.392,72.605,100.448,-13.21,101.313,1.7,-0.885,15,7.49,7.51,0.8263,222000,214435.5,-57457.8,-82787.4,-630041.2,-22875.1,3005.8,0.0,0.0,108773.1,-56653.2,0,0
62.6167,2254.067,521.275,1854.067,72.825,100.476,-13.225,101.343,1.698,-0.884,15,7.49,7.51,0.8257,222000,214435.5,-57457.8,-82848.6,-629980.9,-22888.3,3010.0,0.0,0.0,108698.6,-56588.7,0,0
62.6333,2255.742,521.054,1855.742,73.046,100.504,-13.239,101.373,1.697,-0.883,15,7.5,7.5,0.8252,222000,214435.5,-57457.8,-82909.8,-629920.8,-22901.5,3014.3,0.0,0.0,108624.2,-56524.3,0,0
62.65,2257.417,520.833,1857.417,73.267,100.533,-13.254,101.403,1.696,-0.882,15,7.5,7.5,0.8246,222000,214435.5,-57457.8,-82970.8,-629860.8,-22914.8,3018.5,0.0,0.0,108550.0,-56460.1,0,0
62.6667,2259.093,520.612,1859.093,73.488,100.561,-13.269,101.433,1.695,-0.881,15,7.51,7.49,0.8241,222000,214435.5,-57457.8,-83031.7,-629801.0,-22928.0,3022.8,0.0,0.0,108475.8,-56396.1,0,0
62.6833,2260.77,520.39,1860.77,73.71,100.589,-13.283,101.463,1.694,-0.88,15,7.52,7.48,0.8235,222000,214435.5,-57457.8,-83092.5,-629741.4,-22941.2,3027.0,0.0,0.0,108401.8,-56332.2,0,0
62.7,2262.447,520.169,1862.447,73.931,100.617,-13.298,101.492,1.693,-0.879,15,7.52,7.48,0.823,222000,214435.5,-57457.8,-83153.2,-629681.9,-22954.4,3031.3,0.0,0.0,108328.0,-56268.5,0,0
62.7167,2264.124,519.947,1864.124,74.153,100.646,-13.313,101.522,1.691,-0.878,15,7.53,7.47,0.8224,222000,214435.5,-57457.8,-83213.7,-629622.7,-22967.6,3035.5,0.0,0.0,108254.2,-56205.0,0,0
62.7333,2265.802,519.725,1865.802,74.375,100.674,-13.327,101.552,1.69,-0.877,15,7.53,7.47,0.8219,222000,214435.5,-57457.8,-83274.2,-629563.5,-22980.8,3039.7,0.0,0.0,108180.6,-56141.6,0,0
62.75,2267.48,519.502,1867.48,74.598,100.702,-13.342,101.582,1.689,-0.876,15,7.54,7.46,0.8213,222000,214435.5,-57457.8,-83334.5,-629504.6,-22994.0,3044.0,0.0,0.0,108107.1,-56078.4,0,0
62.7667,2269.159,519.28,1869.159,74.82,100.73,-13.356,101.612,1.688,-0.875,15,7.55,7.45,0.8208,222000,214435.5,-57457.8,-83394.7,-629445.8,-23007.2,3048.2,0.0,0.0,108033.7,-56015.4,0,0
62.7833,2270.839,519.057,1870.839,75.043,100.758,-13.371,101.642,1.687,-0.874,15,7.55,7.45,0.8202,222000,214435.5,-57457.8,-83454.8,-629387.1,-23020.4,3052.4,0.0,0.0,107960.4,-55952.5,0,0
62.8,2272.518,518.834,1872.518,75.266,100.786,-13.386,101.671,1.686,-0.873,15,7.56,7.44,0.8197,222000,214435.5,-57457.8,-83514.7,-629328.7,-23033.5,3056.7,0.0,0.0,107887.3,-55889.8,0,0
62.8167,2274.199,518.611,1874.199,75.489,100.814,-13.4,101.701,1.685,-0.872,15,7.57,7.43,0.8191,222000,214435.5,-57457.8,-83574.6,-629270.3,-23046.7,3060.9,0.0,0.0,107814.2,-55827.3,0,0
62.8333,2275.879,518.387,1875.879,75.713,100.842,-13.415,101.731,1.683,-0.871,15,7.57,7.43,0.8186,222000,214435.5,-57457.8,-83634.3,-629212.2,-23059.9,3065.1,0.0,0.0,107741.3,-55764.9,0,0
62.85,2277.56,518.163,1877.56,75.937,100.87,-13.429,101.76,1.682,-0.87,15,7.58,7.42,0.818,222000,214435.5,-57457.8,-83694.0,-629154.2,-23073.0,3069.3,0.0,0.0,107668.6,-55702.7,0,0
62.8667,2279.242,517.939,1879.242,76.161,100.899,-13.444,101.79,1.681,-0.869,15,7.58,7.42,0.8175,222000,214435.5,-57457.8,-83753.5,-629096.3,-23086.2,3073.5,0.0,0.0,107595.9,-55640.6,0,0
62.8833,2280.924,517.715,1880.924,76.385,100.927,-13.458,101.82,1.68,-0.868,15,7.59,7.41,0.817,222000,214435.5,-57457.8,-83812.9,-629038.7,-23099.3,3077.7,0.0,0.0,107523.3,-55578.7,0,0
62.9,2282.607,517.49,1882.607,76.61,100.954,-13.473,101.849,1.679,-0.867,15,7.6,7.4,0.8164,222000,214435.5,-57457.8,-83872.2,-628981.1,-23112.5,3082.0,0.0,0.0,107450.9,-55517.0,0,0
62.9167,2284.29,517.265,1884.29,76.835,100.982,-13.487,101.879,1.678,-0.866,15,7.6,7.4,0.8159,222000,214435.5,-57457.8,-83931.3,-628923.8,-23125.6,3086.2,0.0,0.0,107378.6,-55455.4,0,0
62.9333,2285.973,517.04,1885.973,77.06,101.01,-13.501,101.909,1.677,-0.866,15,7.61,7.39,0.8153,222000,214435.5,-57457.8,-83990.4,-628866.5,-23138.8,3090.4,0.0,0.0,107306.4,-55394.0,0,0
62.95,2287.657,516.815,1887.657,77.285,101.038,-13.516,101.938,1.676,-0.865,15,7.61,7.39,0.8148,222000,214435.5,-57457.8,-84049.3,-628809.5,-23151.9,3094.6,0.0,0.0,107234.3,-55332.7,0,0
62.9667,2289.342,516.59,1889.342,77.51,101.066,-13.53,101.968,1.674,-0.864,15,7.62,7.38,0.8143,222000,214435.5,-57457.8,-84108.2,-628752.6,-23165.0,3098.8,0.0,0.0,107162.4,-55271.6,0,0
62.9833,2291.027,516.364,1891.027,77.736,101.094,-13.545,101.997,1.673,-0.863,15,7.63,7.37,0.8137,222000,214435.5,-57457.8,-84166.9,-628695.8,-23178.1,3103.0,0.0,0.0,107090.5,-55210.7,0,0
63.0,2292.712,516.138,1892.712,77.962,101.122,-13.559,102.027,1.672,-0.862,15,7.63,7.37,0.8132,222000,214435.5,-57457.8,-84225.5,-628639.2,-23191.2,3107.2,0.0,0.0,107018.8,-55149.9,0,0
63.0167,2294.398,515.912,1894.398,78.188,101.15,-13.573,102.056,1.671,-0.861,15,7.64,7.36,0.8127,222000,214435.5,-57457.8,-84284.0,-628582.8,-23204.3,3111.4,0.0,0.0,106947.2,-55089.2,0,0
63.0333,2296.084,515.685,1896.084,78.415,101.178,-13.588,102.086,1.67,-0.86,15,7.64,7.36,0.8121,222000,214435.5,-57457.8,-84342.4,-628526.5,-23217.5,3115.6,0.0,0.0,106875.7,-55028.8,0,0
63.05,2297.771,515.459,1897.771,78.641,101.205,-13.602,102.115,1.669,-0.859,15,7.65,7.35,0.8116,222000,214435.5,-57457.8,-84400.7,-628470.4,-23230.6,3119.8,0.0,0.0,106804.3,-54968.4,0,0
63.0667,2299.458,515.232,1899.458,78.868,101.233,-13.616,102.145,1.668,-0.858,15,7.65,7.35,0.8111,222000,214435.5,-57457.8,-84458.9,-628414.4,-23243.6,3123.9,0.0,0.0,106733.0,-54908.3,0,0
63.0833,2301.146,515.004,1901.146,79.096,101.261,-13.631,102.174,1.667,-0.857,15,7.66,7.34,0.8106,222000,214435.5,-57457.8,-84516.9,-628358.5,-23256.7,3128.1,0.0,0.0,106661.9,-54848.2,0,0
63.1,2302.834,514.777,1902.834,79.323,101.289,-13.645,102.204,1.665,-0.856,15,7.67,7.33,0.81,222000,214435.5,-57457.8,-84574.9,-628302.9,-23269.8,3132.3,0.0,0.0,106590.8,-54788.4,0,0
63.1167,2304.523,514.549,1904.523,79.551,101.317,-13.659,102.233,1.664,-0.855,15,7.67,7.33,0.8095,222000,214435.5,-57457.8,-84632.7,-628247.3,-23282.9,3136.5,0.0,0.0,106519.9,-54728.7,0,0
63.1333,2306.212,514.322,1906.212,79.778,101.344,-13.673,102.263,1.663,-0.854,15,7.68,7.32,0.809,222000,214435.5,-57457.8,-84690.4,-628191.9,-23296.0,3140.7,0.0,0.0,106449.1,-54669.1,0,0
63.15,2307.901,514.093,1907.901,80.007,101.372,-13.688,102.292,1.662,-0.853,15,7.68,7.32,0.8084,222000,214435.5,-57457.8,-84748.1,-628136.7,-23309.0,3144.9,0.0,0.0,106378.4,-54609.7,0,0
63.1667,2309.591,513.865,1909.591,80.235,101.4,-13.702,102.321,1.661,-0.852,15,7.69,7.31,0.8079,222000,214435.5,-57457.8,-84805.6,-628081.6,-23322.1,3149.0,0.0,0.0,106307.8,-54550.4,0,0
63.1833,2311.282,513.636,1911.282,80.464,101.427,-13.716,102.351,1.66,-0.851,15,7.7,7.3,0.8074,222000,214435.5,-57457.8,-84863.0,-628026.7,-23335.2,3153.2,0.0,0.0,106237.3,-54491.3,0,0
63.2,2312.972,513.408,1912.972,80.692,101.455,-13.73,102.38,1.659,-0.851,15,7.7,7.3,0.8069,222000,214435.5,-57457.8,-84920.3,-627971.9,-23348.2,3157.4,0.0,0.0,106167.0,-54432.3,0,0
63.2167,2314.664,513.179,1914.664,80.921,101.483,-13.744,102.409,1.658,-0.85,15,7.71,7.29,0.8064,222000,214435.5,-57457.8,-84977.5,-627917.2,-23361.3,3161.5,0.0,0.0,106096.7,-54373.5,0,0
63.2333,2316.356,512.949,1916.356,81.151,101.51,-13.758,102.438,1.657,-0.849,15,7.71,7.29,0.8058,222000,214435.5,-57457.8,-85034.6,-627862.7,-23374.3,3165.7,0.0,0.0,106026.6,-54314.8,0,0
63.25,2318.048,512.72,1918.048,81.38,101.538,-13.773,102.468,1.656,-0.848,15,7.72,7.28,0.8053,222000,214435.5,-57457.8,-85091.6,-627808.3,-23387.4,3169.9,0.0,0.0,105956.6,-54256.3,0,0
63.2667,2319.741,512.49,1919.741,81.61,101.565,-13.787,102.497,1.654,-0.847,15,7.72,7.28,0.8048,222000,214435.5,-57457.8,-85148.5,-627754.1,-23400.4,3174.0,0.0,0.0,105886.6,-54197.9,0,0
63.2833,2321.434,512.26,1921.434,81.84,101.593,-13.801,102.526,1.653,-0.846,15,7.73,7.27,0.8043,222000,214435.5,-57457.8,-85205.3,-627700.1,-23413.4,3178.2,0.0,0.0,105816.8,-54139.7,0,0
63.3,2323.128,512.03,1923.128,82.07,101.62,-13.815,102.555,1.652,-0.845,15,7.74,7.26,0.8038,222000,214435.5,-57457.8,-85261.9,-627646.1,-23426.4,3182.3,0.0,0.0,105747.1,-54081.6,0,0
63.3167,2324.822,511.799,1924.822,82.301,101.648,-13.829,102.584,1.651,-0.844,15,7.74,7.26,0.8033,222000,214435.5,-57457.8,-85318.5,-627592.3,-23439.5,3186.5,0.0,0.0,105677.6,-54023.7,0,0
63.3333,2326.516,511.568,1926.516,82.532,101.676,-13.843,102.614,1.65,-0.843,15,7.75,7.25,0.8027,222000,214435.5,-57457.8,-85375.0,-627538.7,-23452.5,3190.6,0.0,0.0,105608.1,-53965.9,0,0
63.35,2328.211,511.337,1928.211,82.763,101.703,-13.857,102.643,1.649,-0.842,15,7.75,7.25,0.8022,222000,214435.5,-57457.8,-85431.3,-627485.2,-23465.5,3194.8,0.0,0.0,105538.7,-53908.2,0,0
63.3667,2329.907,511.106,1929.907,82.994,101.73,-13.871,102.672,1.648,-0.841,15,7.76,7.24,0.8017,222000,214435.5,-57457.8,-85487.6,-627431.8,-23478.5,3198.9,0.0,0.0,105469.4,-53850.7,0,0
63.3833,2331.603,510.875,1931.603,83.225,101.758,-13.885,102.701,1.647,-0.841,15,7.76,7.24,0.8012,222000,214435.5,-57457.8,-85543.8,-627378.6,-23491.5,3203.1,0.0,0.0,105400.3,-53793.3,0,0
63.4,2333.299,510.643,1933.299,83.457,101.785,-13.899,102.73,1.646,-0.84,15,7.77,7.23,0.8007,222000,214435.5,-57457.8,-85599.8,-627325.5,-23504.5,3207.2,0.0,0.0,105331.2,-53736.1,0,0
63.4167,2334.996,510.411,1934.996,83.689,101.813,-13.913,102.759,1.645,-0.839,15,7.78,7.22,0.8002,222000,214435.5,-57457.8,-85655.8,-627272.6,-23517.5,3211.4,0.0,0.0,105262.3,-53679.0,0,0
63.4333,2336.694,510.179,1936.694,83.921,101.84,-13.927,102.788,1.644,-0.838,15,7.78,7.22,0.7997,222000,214435.5,-57457.8,-85711.6,-627219.8,-23530.5,3215.5,0.0,0.0,105193.5,-53622.1,0,0
63.45,2338.391,509.947,1938.391,84.153,101.868,-13.941,102.817,1.643,-0.837,15,7.79,7.21,0.7992,222000,214435.5,-57457.8,-85767.3,-627167.1,-23543.5,3219.7,0.0,0.0,105124.7,-53565.3,0,0
63.4667,2340.09,509.714,1940.09,84.386,101.895,-13.955,102.846,1.642,-0.836,15,7.79,7.21,0.7987,222000,214435.5,-57457.8,-85823.0,-627114.6,-23556.4,3223.8,0.0,0.0,105056.1,-53508.6,0,0
63.4833,2341.788,509.481,1941.788,84.619,101.922,-13.969,102.875,1.64,-0.835,15,7.8,7.2,0.7981,222000,214435.5,-57457.8,-85878.5,-627062.2,-23569.4,3227.9,0.0,0.0,104987.6,-53452.1,0,0
63.5,2343.487,509.248,1943.487,84.852,101.95,-13.983,102.904,1.639,-0.834,15,7.8,7.2,0.7976,222000,214435.5,-57457.8,-85934.0,-627010.0,-23582.4,3232.0,0.0,0.0,104919.2,-53395.7,0,0
63.5167,2345.187,509.015,1945.187,85.085,101.977,-13.997,102.933,1.638,-0.833,15,7.81,7.19,0.7971,222000,214435.5,-57457.8,-85989.3,-626957.8,-23595.3,3236.2,0.0,0.0,104850.9,-53339.5,0,0
63.5333,2346.887,508.782,1946.887,85.318,102.004,-14.01,102.962,1.637,-0.833,15,7.82,7.18,0.7966,222000,214435.5,-57457.8,-86044.6,-626905.9,-23608.3,3240.3,0.0,0.0,104782.7,-53283.4,0,0
63.55,2348.588,508.548,1948.588,85.552,102.031,-14.024,102.991,1.636,-0.832,15,7.82,7.18,0.7961,222000,214435.5,-57457.8,-86099.7,-626854.0,-23621.2,3244.4,0.0,0.0,104714.6,-53227.4,0,0
63.5667,2350.289,508.314,1950.289,85.786,102.059,-14.038,103.02,1.635,-0.831,15,7.83,7.17,0.7956,222000,214435.5,-57457.8,-86154.7,-626802.3,-23634.2,3248.5,0.0,0.0,104646.6,-53171.6,0,0
63.5833,2351.99,508.08,1951.99,86.02,102.086,-14.052,103.048,1.634,-0.83,15,7.83,7.17,0.7951,222000,214435.5,-57457.8,-86209.7,-626750.7,-23647.1,3252.7,0.0,0.0,104578.7,-53115.9,0,0
63.6,2353.692,507.845,1953.692,86.255,102.113,-14.066,103.077,1.633,-0.829,15,7.84,7.16,0.7946,222000,214435.5,-57457.8,-86264.5,-626699.3,-23660.1,3256.8,0.0,0.0,104510.9,-53060.3,0,0
63.6167,2355.394,507.611,1955.394,86.489,102.14,-14.08,103.106,1.632,-0.828,15,7.84,7.16,0.7941,222000,214435.5,-57457.8,-86319.3,-626648.0,-23673.0,3260.9,0.0,0.0,104443.3,-53004.9,0,0
63.6333,2357.097,507.376,1957.097,86.724,102.167,-14.093,103.135,1.631,-0.827,15,7.85,7.15,0.7936,222000,214435.5,-57457.8,-86373.9,-626596.8,-23685.9,3265.0,0.0,0.0,104375.7,-52949.6,0,0
63.65,2358.8,507.141,1958.8,86.959,102.195,-14.107,103.164,1.63,-0.826,15,7.85,7.15,0.7931,222000,214435.5,-57457.8,-86428.5,-626545.8,-23698.9,3269.1,0.0,0.0,104308.2,-52894.5,0,0
63.6667,2360.504,506.905,1960.504,87.195,102.222,-14.121,103.193,1.629,-0.826,15,7.86,7.14,0.7926,222000,214435.5,-57457.8,-86482.9,-626494.9,-23711.8,3273.2,0.0,0.0,104240.9,-52839.5,0,0
63.6833,2362.208,506.67,1962.208,87.43,102.249,-14.135,103.221,1.628,-0.825,15,7.87,7.13,0.7921,222000,214435.5,-57457.8,-86537.3,-626444.1,-23724.7,3277.3,0.0,0.0,104173.6,-52784.6,0,0
63.7,2363.913,506.434,1963.913,87.666,102.276,-14.148,103.25,1.627,-0.824,15,7.87,7.13,0.7916,222000,214435.5,-57457.8,-86591.5,-626393.4,-23737.6,3281.4,0.0,0.0,104106.4,-52729.8,0,0
63.7167,2365.618,506.198,1965.618,87.902,102.303,-14.162,103.279,1.626,-0.823,15,7.88,7.12,0.7912,222000,214435.5,-57457.8,-86645.7,-626342.9,-23750.5,3285.5,0.0,0.0,104039.4,-52675.2,0,0
63.7333,2367.323,505.962,1967.323,88.138,102.33,-14.176,103.307,1.625,-0.822,15,7.88,7.12,0.7907,222000,214435.5,-57457.8,-86699.7,-626292.5,-23763.4,3289.6,0.0,0.0,103972.4,-52620.7,0,0
63.75,2369.029,505.725,1969.029,88.375,102.357,-14.19,103.336,1.624,-0.821,15,7.89,7.11,0.7902,222000,214435.5,-57457.8,-86753.7,-626242.3,-23776.3,3293.7,0.0,0.0,103905.5,-52566.4,0,0
63.7667,2370.736,505.488,1970.736,88.612,102.384,-14.203,103.365,1.622,-0.821,15,7.89,7.11,0.7897,222000,214435.5,-57457.8,-86807.6,-626192.1,-23789.2,3297.8,0.0,0.0,103838.8,-52512.1,0,0
63.7833,2372.443,505.251,1972.443,88.849,102.411,-14.217,103.393,1.621,-0.82,15,7.9,7.1,0.7892,222000,214435.5,-57457.8,-86861.3,-626142.1,-23802.1,3301.9,0.0,0.0,103772.1,-52458.0,0,0
63.8,2374.15,505.014,1974.15,89.086,102.438,-14.231,103.422,1.62,-0.819,15,7.9,7.1,0.7887,222000,214435.5,-57457.8,-86915.0,-626092.3,-23814.9,3306.0,0.0,0.0,103705.6,-52404.1,0,0
63.8167,2375.858,504.777,1975.858,89.323,102.465,-14.244,103.451,1.619,-0.818,15,7.91,7.09,0.7882,222000,214435.5,-57457.8,-86968.6,-626042.5,-23827.8,3310.1,0.0,0.0,103639.1,-52350.2,0,0
63.8333,2377.566,504.539,1977.566,89.561,102.492,-14.258,103.479,1.618,-0.817,15,7.91,7.09,0.7877,222000,214435.5,-57457.8,-87022.1,-625992.9,-23840.7,3314.2,0.0,0.0,103572.7,-52296.5,0,0
63.85,2379.274,504.301,1979.274,89.799,102.519,-14.271,103.508,1.617,-0.816,15,7.92,7.08,0.7872,222000,214435.5,-57457.8,-87075.5,-625943.4,-23853.6,3318.3,0.0,0.0,103506.5,-52242.9,0,0
63.8667,2380.984,504.063,1980.984,90.037,102.546,-14.285,103.536,1.616,-0.815,15,7.93,7.07,0.7867,222000,214435.5,-57457.8,-87128.8,-625894.0,-23866.4,3322.4,0.0,0.0,103440.3,-52189.5,0,0
63.8833,2382.693,503.825,1982.693,90.275,102.573,-14.299,103.565,1.615,-0.815,15,7.93,7.07,0.7863,222000,214435.5,-57457.8,-87182.0,-625844.8,-23879.3,3326.5,0.0,0.0,103374.3,-52136.2,0,0
63.9,2384.403,503.586,1984.403,90.514,102.6,-14.312,103.593,1.614,-0.814,15,7.94,7.06,0.7858,222000,214435.5,-57457.8,-87235.1,-625795.7,-23892.1,3330.5,0.0,0.0,103308.3,-52083.0,0,0
63.9167,2386.114,503.348,1986.114,90.752,102.627,-14.326,103.622,1.613,-0.813,15,7.94,7.06,0.7853,222000,214435.5,-57457.8,-87288.1,-625746.7,-23905.0,3334.6,0.0,0.0,103242.4,-52029.9,0,0
63.9333,2387.824,503.109,1987.824,90.991,102.654,-14.339,103.65,1.612,-0.812,15,7.95,7.05,0.7848,222000,214435.5,-57457.8,-87341.1,-625697.8,-23917.8,3338.7,0.0,0.0,103176.7,-51977.0,0,0
63.95,2389.536,502.869,1989.536,91.231,102.681,-14.353,103.679,1.611,-0.811,15,7.95,7.05,0.7843,222000,214435.5,-57457.8,-87393.9,-625649.1,-23930.7,3342.8,0.0,0.0,103111.0,-51924.1,0,0
63.9667,2391.248,502.63,1991.248,91.47,102.707,-14.366,103.707,1.61,-0.81,15,7.96,7.04,0.7838,222000,214435.5,-57457.8,-87446.6,-625600.4,-23943.5,3346.8,0.0,0.0,103045.4,-51871.4,0,0
63.9833,2392.96,502.39,1992.96,91.71,102.734,-14.38,103.736,1.609,-0.81,15,7.96,7.04,0.7834,222000,214435.5,-57457.8,-87499.3,-625551.9,-23956.3,3350.9,0.0,0.0,102979.9,-51818.9,0,0
64.0,2394.672,502.151,1994.672,91.949,102.761,-14.393,103.764,1.608,-0.809,15,7.97,7.03,0.7829,222000,214435.5,-57457.8,-87551.8,-625503.6,-23969.1,3355.0,0.0,0.0,102914.6,-51766.4,0,0
64.0167,2396.386,501.91,1996.386,92.19,102.788,-14.407,103.793,1.607,-0.808,15,7.97,7.03,0.7824,222000,214435.5,-57457.8,-87604.3,-625455.3,-23982.0,3359.0,0.0,0.0,102849.3,-51714.1,0,0
64.0333,2398.099,501.67,1998.099,92.43,102.815,-14.42,103.821,1.606,-0.807,15,7.98,7.02,0.7819,222000,214435.5,-57457.8,-87656.7,-625407.2,-23994.8,3363.1,0.0,0.0,102784.1,-51661.9,0,0
64.05,2399.813,501.43,1999.813,92.67,102.841,-14.434,103.849,1.605,-0.806,15,7.98,7.02,0.7815,222000,214435.5,-57457.8,-87709.0,-625359.2,-24007.6,3367.2,0.0,0.0,102719.0,-51609.8,0,0
64.0667,2401.528,501.189,2001.528,92.911,102.868,-14.447,103.878,1.604,-0.806,15,7.99,7.01,0.781,222000,214435.5,-57457.8,-87761.1,-625311.3,-24020.4,3371.2,0.0,0.0,102654.0,-51557.9,0,0
64.0833,2403.243,500.948,2003.243,93.152,102.895,-14.46,103.906,1.603,-0.805,15,7.99,7.01,0.7805,222000,214435.5,-57457.8,-87813.2,-625263.5,-24033.2,3375.3,0.0,0.0,102589.1,-51506.1,0,0
64.1,2404.958,500.706,2004.958,93.394,102.922,-14.474,103.934,1.602,-0.804,15,8.0,7.0,0.78,222000,214435.5,-57457.8,-87865.3,-625215.8,-24046.0,3379.3,0.0,0.0,102524.3,-51454.3,0,0
64.1167,2406.674,500.465,2006.674,93.635,102.948,-14.487,103.963,1.601,-0.803,15,8.0,7.0,0.7796,222000,214435.5,-57457.8,-87917.2,-625168.3,-24058.8,3383.4,0.0,0.0,102459.6,-51402.8,0,0
64.1333,2408.39,500.223,2008.39,93.877,102.975,-14.501,103.991,1.6,-0.802,15,8.01,6.99,0.7791,222000,214435.5,-57457.8,-87969.0,-625120.9,-24071.6,3387.4,0.0,0.0,102395.0,-51351.3,0,0
64.15,2410.107,499.981,2010.107,94.119,103.002,-14.514,104.019,1.599,-0.802,15,8.02,6.98,0.7786,222000,214435.5,-57457.8,-88020.7,-625073.6,-24084.4,3391.5,0.0,0.0,102330.4,-51299.9,0,0
64.1667,2411.824,499.739,2011.824,94.361,103.028,-14.527,104.047,1.598,-0.801,15,8.02,6.98,0.7781,222000,214435.5,-57457.8,-88072.4,-625026.4,-24097.1,3395.5,0.0,0.0,102266.0,-51248.7,0,0
64.1833,2413.541,499.497,2013.541,94.603,103.055,-14.541,104.076,1.597,-0.8,15,8.03,6.97,0.7777,222000,214435.5,-57457.8,-88124.0,-624979.3,-24109.9,3399.6,0.0,0.0,102201.7,-51197.6,0,0
64.2,2415.259,499.254,2015.259,94.846,103.081,-14.554,104.104,1.596,-0.799,15,8.03,6.97,0.7772,222000,214435.5,-57457.8,-88175.4,-624932.4,-24122.7,3403.6,0.0,0.0,102137.4,-51146.6,0,0
64.2167,2416.978,499.012,2016.978,95.088,103.108,-14.567,104.132,1.595,-0.798,15,8.04,6.96,0.7767,222000,214435.5,-57457.8,-88226.8,-624885.6,-24135.4,3407.7,0.0,0.0,102073.3,-51095.7,0,0
64.2333,2418.697,498.769,2018.697,95.331,103.135,-14.581,104.16,1.594,-0.798,15,8.04,6.96,0.7763,222000,214435.5,-57457.8,-88278.1,-624838.9,-24148.2,3411.7,0.0,0.0,102009.2,-51045.0,0,0
64.25,2420.416,498.525,2020.416,95.575,103.161,-14.594,104.188,1.593,-0.797,15,8.05,6.95,0.7758,222000,214435.5,-57457.8,-88329.3,-624792.3,-24160.9,3415.7,0.0,0.0,101945.3,-50994.4,0,0
64.2667,2422.136,498.282,2022.136,95.818,103.188,-14.607,104.216,1.592,-0.796,15,8.05,6.95,0.7753,222000,214435.5,-57457.8,-88380.4,-624745.8,-24173.7,3419.8,0.0,0.0,101881.4,-50943.8,0,0
64.2833,2423.856,498.038,2023.856,96.062,103.214,-14.62,104.244,1.591,-0.795,15,8.06,6.94,0.7749,222000,214435.5,-57457.8,-88431.5,-624699.4,-24186.4,3423.8,0.0,0.0,101817.6,-50893.4,0,0
64.3,2425.577,497.794,2025.577,96.306,103.241,-14.634,104.273,1.59,-0.794,15,8.06,6.94,0.7744,222000,214435.5,-57457.8,-88482.4,-624653.1,-24199.2,3427.8,0.0,0.0,101753.9,-50843.2,0,0
64.3167,2427.298,497.55,2027.298,96.55,103.267,-14.647,104.301,1.589,-0.794,15,8.07,6.93,0.7739,222000,214435.5,-57457.8,-88533.3,-624607.0,-24211.9,3431.9,0.0,0.0,101690.3,-50793.0,0,0
64.3333,2429.02,497.306,2029.02,96.794,103.294,-14.66,104.329,1.588,-0.793,15,8.07,6.93,0.7735,222000,214435.5,-57457.8,-88584.1,-624561.0,-24224.6,3435.9,0.0,0.0,101626.8,-50742.9,0,0
64.35,2430.742,497.061,2030.742,97.039,103.32,-14.673,104.357,1.587,-0.792,15,8.08,6.92,0.773,222000,214435.5,-57457.8,-88634.7,-624515.1,-24237.4,3439.9,0.0,0.0,101563.4,-50693.0,0,0
64.3667,2432.464,496.817,2032.464,97.283,103.346,-14.686,104.385,1.586,-0.791,15,8.08,6.92,0.7725,222000,214435.5,-57457.8,-88685.3,-624469.3,-24250.1,3443.9,0.0,0.0,101500.1,-50643.2,0,0
64.3833,2434.187,496.572,2034.187,97.528,103.373,-14.7,104.413,1.585,-0.791,15,8.09,6.91,0.7721,222000,214435.5,-57457.8,-88735.9,-624423.6,-24262.8,3448.0,0.0,0.0,101436.9,-50593.4,0,0
64.4,2435.91,496.326,2035.91,97.774,103.399,-14.713,104.441,1.584,-0.79,15,8.09,6.91,0.7716,222000,214435.5,-57457.8,-88786.3,-624378.0,-24275.5,3452.0,0.0,0.0,101373.7,-50543.8,0,0
64.4167,2437.634,496.081,2037.634,98.019,103.426,-14.726,104.469,1.583,-0.789,15,8.1,6.9,0.7712,222000,214435.5,-57457.8,-88836.6,-624332.5,-24288.2,3456.0,0.0,0.0,101310.7,-50494.4,0,0
64.4333,2439.358,495.835,2039.358,98.265,103.452,-14.739,104.497,1.582,-0.788,15,8.1,6.9,0.7707,222000,214435.5,-57457.8,-88886.9,-624287.2,-24300.9,3460.0,0.0,0.0,101247.7,-50445.0,0,0
64.45,2441.083,495.589,2041.083,98.511,103.478,-14.752,104.525,1.581,-0.787,15,8.11,6.89,0.7702,222000,214435.5,-57457.8,-88937.1,-624241.9,-24313.6,3464.0,0.0,0.0,101184.8,-50395.7,0,0
64.4667,2442.808,495.343,2042.808,98.757,103.505,-14.765,104.553,1.58,-0.787,15,8.11,6.89,0.7698,222000,214435.5,-57457.8,-88987.2,-624196.8,-24326.3,3468.0,0.0,0.0,101122.0,-50346.6,0,0
64.4833,2444.533,495.097,2044.533,99.003,103.531,-14.778,104.58,1.579,-0.786,15,8.12,6.88,0.7693,222000,214435.5,-57457.8,-89037.2,-624151.8,-24339.0,3472.0,0.0,0.0,101059.3,-50297.5,0,0
64.5,2446.259,494.851,2046.259,99.249,103.557,-14.791,104.608,1.578,-0.785,15,8.12,6.88,0.7689,222000,214435.5,-57457.8,-89087.1,-624106.8,-24351.7,3476.0,0.0,0.0,100996.7,-50248.6,0,0
64.5167,2447.986,494.604,2047.986,99.496,103.584,-14.805,104.636,1.577,-0.784,15,8.13,6.87,0.7684,222000,214435.5,-57457.8,-89136.9,-624062.0,-24364.4,3480.1,0.0,0.0,100934.2,-50199.8,0,0
64.5333,2449.713,494.357,2049.713,99.743,103.61,-14.818,104.664,1.576,-0.784,15,8.13,6.87,0.768,222000,214435.5,-57457.8,-89186.7,-624017.3,-24377.1,3484.1,0.0,0.0,100871.8,-50151.1,0,0
64.55,2451.44,494.11,2051.44,99.99,103.636,-14.831,104.692,1.575,-0.783,15,8.14,6.86,0.7675,222000,214435.5,-57457.8,-89236.3,-623972.7,-24389.7,3488.1,0.0,0.0,100809.5,-50102.5,0,0
64.5667,2453.168,493.862,2053.168,100.238,103.662,-14.844,104.72,1.574,-0.782,15,8.14,6.86,0.767,222000,214435.5,-57457.8,-89285.9,-623928.2,-24402.4,3492.1,0.0,0.0,100747.2,-50054.0,0,0
64.5833,2454.896,493.615,2054.896,100.485,103.689,-14.857,104.747,1.573,-0.781,15,8.15,6.85,0.7666,222000,214435.5,-57457.8,-89335.4,-623883.9,-24415.1,3496.1,0.0,0.0,100685.0,-50005.6,0,0
64.6,2456.624,493.367,2056.624,100.733,103.715,-14.87,104.775,1.572,-0.781,15,8.15,6.85,0.7661,222000,214435.5,-57457.8,-89384.8,-623839.6,-24427.7,3500.0,0.0,0.0,100623.0,-49957.4,0,0
64.6167,2458.353,493.119,2058.353,100.981,103.741,-14.883,104.803,1.571,-0.78,15,8.16,6.84,0.7657,222000,214435.5,-57457.8,-89434.2,-623795.4,-24440.4,3504.0,0.0,0.0,100561.0,-49909.2,0,0
64.6333,2460.083,492.871,2060.083,101.229,103.767,-14.896,104.831,1.57,-0.779,15,8.16,6.84,0.7652,222000,214435.5,-57457.8,-89483.4,-623751.4,-24453.0,3508.0,0.0,0.0,100499.1,-49861.2,0,0
64.65,2461.813,492.622,2061.813,101.478,103.793,-14.909,104.859,1.569,-0.778,15,8.17,6.83,0.7648,222000,214435.5,-57457.8,-89532.6,-623707.4,-24465.7,3512.0,0.0,0.0,100437.2,-49813.2,0,0
64.6667,2463.543,492.373,2063.543,101.727,103.819,-14.922,104.886,1.568,-0.778,15,8.17,6.83,0.7643,222000,214435.5,-57457.8,-89581.7,-623663.6,-24478.3,3516.0,0.0,0.0,100375.5,-49765.4,0,0
64.6833,2465.274,492.124,2065.274,101.976,103.846,-14.935,104.914,1.567,-0.777,15,8.18,6.82,0.7639,222000,214435.5,-57457.8,-89630.7,-623619.8,-24491.0,3520.0,0.0,0.0,100313.9,-49717.6,0,0
64.7,2467.005,491.875,2067.005,102.225,103.872,-14.947,104.942,1.566,-0.776,15,8.18,6.82,0.7635,222000,214435.5,-57457.8,-89679.6,-623576.2,-24503.6,3524.0,0.0,0.0,100252.3,-49670.0,0,0
64.7167,2468.737,491.626,2068.737,102.474,103.898,-14.96,104.969,1.565,-0.775,15,8.19,6.81,0.763,222000,214435.5,-57457.8,-89728.5,-623532.6,-24516.2,3528.0,0.0,0.0,100190.8,-49622.5,0,0
64.7333,2470.469,491.376,2070.469,102.724,103.924,-14.973,104.997,1.565,-0.775,15,8.19,6.81,0.7626,222000,214435.5,-57457.8,-89777.3,-623489.2,-24528.8,3531.9,0.0,0.0,100129.4,-49575.1,0,0
64.75,2472.201,491.127,2072.201,102.973,103.95,-14.986,105.025,1.564,-0.774,15,8.2,6.8,0.7621,222000,214435.5,-57457.8,-89825.9,-623445.9,-24541.5,3535.9,0.0,0.0,100068.1,-49527.8,0,0
64.7667,2473.934,490.877,2073.934,103.223,103.976,-14.999,105.052,1.563,-0.773,15,8.2,6.8,0.7617,222000,214435.5,-57457.8,-89874.5,-623402.7,-24554.1,3539.9,0.0,0.0,100006.9,-49480.6,0,0
64.7833,2475.667,490.626,2075.667,103.474,104.002,-15.012,105.08,1.562,-0.772,15,8.21,6.79,0.7612,222000,214435.5,-57457.8,-89923.1,-623359.5,-24566.7,3543.9,0.0,0.0,99945.8,-49433.5,0,0
64.8,2477.401,490.376,2077.401,103.724,104.028,-15.025,105.107,1.561,-0.772,15,8.21,6.79,0.7608,222000,214435.5,-57457.8,-89971.5,-623316.5,-24579.3,3547.9,0.0,0.0,99884.7,-49386.5,0,0
64.8167,2479.135,490.125,2079.135,103.975,104.054,-15.038,105.135,1.56,-0.771,15,8.22,6.78,0.7603,222000,214435.5,-57457.8,-90019.9,-623273.6,-24591.9,3551.8,0.0,0.0,99823.8,-49339.6,0,0
64.8333,2480.87,489.875,2080.87,104.225,104.08,-15.051,105.162,1.559,-0.77,15,8.22,6.78,0.7599,222000,214435.5,-57457.8,-90068.2,-623230.8,-24604.5,3555.8,0.0,0.0,99762.9,-49292.8,0,0
64.85,2482.605,489.624,2082.605,104.476,104.106,-15.063,105.19,1.558,-0.769,15,8.23,6.77,0.7595,222000,214435.5,-57457.8,-90116.4,-623188.1,-24617.1,3559.8,0.0,0.0,99702.1,-49246.1,0,0
64.8667,2484.341,489.372,2084.341,104.728,104.132,-15.076,105.218,1.557,-0.769,15,8.23,6.77,0.759,222000,214435.5,-57457.8,-90164.5,-623145.4,-24629.7,3563.7,0.0,0.0,99641.4,-49199.5,0,0
64.8833,2486.077,489.121,2086.077,104.979,104.158,-15.089,105.245,1.556,-0.768,15,8.24,6.76,0.7586,222000,214435.5,-57457.8,-90212.5,-623102.9,-24642.3,3567.7,0.0,0.0,99580.7,-49153.1,0,0
64.9,2487.813,488.869,2087.813,105.231,104.184,-15.102,105.273,1.555,-0.767,15,8.24,6.76,0.7581,222000,214435.5,-57457.8,-90260.5,-623060.5,-24654.8,3571.7,0.0,0.0,99520.2,-49106.7,0,0
64.9167,2489.55,488.617,2089.55,105.483,104.21,-15.115,105.3,1.554,-0.767,15,8.25,6.75,0.7577,222000,214435.5,-57457.8,-90308.4,-623018.2,-24667.4,3575.6,0.0,0.0,99459.7,-49060.4,0,0
64.9333,2491.287,488.365,2091.287,105.735,104.235,-15.127,105.327,1.553,-0.766,15,8.25,6.75,0.7573,222000,214435.5,-57457.8,-90356.2,-622976.0,-24680.0,3579.6,0.0,0.0,99399.3,-49014.2,0,0
64.95,2493.025,488.113,2093.025,105.987,104.261,-15.14,105.355,1.552,-0.765,15,8.26,6.74,0.7568,222000,214435.5,-57457.8,-90404.0,-622933.9,-24692.5,3583.5,0.0,0.0,99339.0,-48968.2,0,0
64.9667,2494.763,487.86,2094.763,106.24,104.287,-15.153,105.382,1.551,-0.764,15,8.26,6.74,0.7564,222000,214435.5,-57457.8,-90451.6,-622891.8,-24705.1,3587.5,0.0,0.0,99278.8,-48922.2,0,0
64.9833,2496.502,487.607,2096.502,106.493,104.313,-15.166,105.41,1.55,-0.764,15,8.27,6.73,0.756,222000,214435.5,-57457.8,-90499.2,-622849.9,-24717.7,3591.4,0.0,0.0,99218.7,-48876.3,0,0
65.0,2498.24,487.354,2098.24,106.746,104.339,-15.178,105.437,1.549,-0.763,15,8.27,6.73,0.7555,222000,214435.5,-57457.8,-90546.7,-622808.1,-24730.2,3595.4,0.0,0.0,99158.6,-48830.5,0,0
65.0167,2499.98,487.101,2099.98,106.999,104.365,-15.191,105.464,1.548,-0.762,15,8.28,6.72,0.7551,222000,214435.5,-57457.8,-90594.1,-622766.4,-24742.8,3599.3,0.0,0.0,99098.6,-48784.8,0,0
65.0333,2501.72,486.848,2101.72,107.252,104.39,-15.204,105.492,1.547,-0.762,15,8.28,6.72,0.7547,222000,214435.5,-57457.8,-90641.5,-622724.7,-24755.3,3603.3,0.0,0.0,99038.8,-48739.3,0,0
65.05,2503.46,486.594,2103.46,107.506,104.416,-15.216,105.519,1.547,-0.761,15,8.29,6.71,0.7542,222000,214435.5,-57457.8,-90688.7,-622683.2,-24767.8,3607.2,0.0,0.0,98978.9,-48693.8,0,0
65.0667,2505.201,486.34,2105.201,107.76,104.442,-15.229,105.546,1.546,-0.76,15,8.29,6.71,0.7538,222000,214435.5,-57457.8,-90735.9,-622641.8,-24780.4,3611.2,0.0,0.0,98919.2,-48648.4,0,0
65.0833,2506.942,486.086,2106.942,108.014,104.468,-15.242,105.574,1.545,-0.759,15,8.3,6.7,0.7534,222000,214435.5,-57457.8,-90783.1,-622600.4,-24792.9,3615.1,0.0,0.0,98859.6,-48603.1,0,0
65.1,2508.683,485.832,2108.683,108.268,104.493,-15.254,105.601,1.544,-0.759,15,8.3,6.7,0.7529,222000,214435.5,-57457.8,-90830.1,-622559.2,-24805.4,3619.1,0.0,0.0,98800.0,-48557.9,0,0
65.1167,2510.425,485.578,2110.425,108.522,104.519,-15.267,105.628,1.543,-0.758,15,8.31,6.69,0.7525,222000,214435.5,-57457.8,-90877.1,-622518.0,-24818.0,3623.0,0.0,0.0,98740.5,-48512.8,0,0
65.1333,2512.168,485.323,2112.168,108.777,104.545,-15.28,105.656,1.542,-0.757,15,8.31,6.69,0.7521,222000,214435.5,-57457.8,-90924.0,-622477.0,-24830.5,3626.9,0.0,0.0,98681.1,-48467.9,0,0
65.15,2513.911,485.068,2113.911,109.032,104.571,-15.292,105.683,1.541,-0.757,15,8.32,6.68,0.7516,222000,214435.5,-57457.8,-90970.8,-622436.0,-24843.0,3630.9,0.0,0.0,98621.8,-48423.0,0,0
65.1667,2515.654,484.813,2115.654,109.287,104.596,-15.305,105.71,1.54,-0.756,15,8.32,6.68,0.7512,222000,214435.5,-57457.8,-91017.5,-622395.1,-24855.5,3634.8,0.0,0.0,98562.5,-48378.2,0,0
65.1833,2517.398,484.558,2117.398,109.542,104.622,-15.317,105.737,1.539,-0.755,15,8.32,6.68,0.7508,222000,214435.5,-57457.8,-91064.2,-622354.4,-24868.0,3638.7,0.0,0.0,98503.3,-48333.5,0,0
65.2,2519.142,484.302,2119.142,109.798,104.648,-15.33,105.764,1.538,-0.755,15,8.33,6.67,0.7504,222000,214435.5,-57457.8,-91110.8,-622313.7,-24880.5,3642.7,0.0,0.0,98444.3,-48288.8,0,0
65.2167,2520.886,484.047,2120.886,110.053,104.673,-15.342,105.792,1.537,-0.754,15,8.33,6.67,0.7499,222000,214435.5,-57457.8,-91157.3,-622273.1,-24893.0,3646.6,0.0,0.0,98385.2,-48244.3,0,0
65.2333,2522.631,483.791,2122.631,110.309,104.699,-15.355,105.819,1.536,-0.753,15,8.34,6.66,0.7495,222000,214435.5,-57457.8,-91203.7,-622232.6,-24905.5,3650.5,0.0,0.0,98326.3,-48199.9,0,0
65.25,2524.377,483.535,2124.377,110.565,104.724,-15.368,105.846,1.535,-0.752,15,8.34,6.66,0.7491,222000,214435.5,-57457.8,-91250.1,-622192.2,-24918.0,3654.4,0.0,0.0,98267.5,-48155.6,0,0
65.2667,2526.123,483.278,2126.123,110.822,104.75,-15.38,105.873,1.535,-0.752,15,8.35,6.65,0.7487,222000,214435.5,-57457.8,-91296.4,-622151.9,-24930.5,3658.4,0.0,0.0,98208.7,-48111.4,0,0
65.2833,2527.869,483.022,2127.869,111.078,104.775,-15.393,105.9,1.534,-0.751,15,8.35,6.65,0.7482,222000,214435.5,-57457.8,-91342.6,-622111.7,-24942.9,3662.3,0.0,0.0,98150.0,-48067.2,0,0
65.3,2529.615,482.765,2129.615,111.335,104.801,-15.405,105.927,1.533,-0.75,15,8.36,6.64,0.7478,222000,214435.5,-57457.8,-91388.8,-622071.6,-24955.4,3666.2,0.0,0.0,98091.4,-48023.2,0,0
65.3167,2531.363,482.508,2131.363,111.592,104.827,-15.418,105.954,1.532,-0.75,15,8.36,6.64,0.7474,222000,214435.5,-57457.8,-91434.8,-622031.5,-24967.9,3670.1,0.0,0.0,98032.8,-47979.2,0,0
65.3333,2533.11,482.251,2133.11,111.849,104.852,-15.43,105.981,1.531,-0.749,15,8.37,6.63,0.747,222000,214435.5,-57457.8,-91480.8,-621991.6,-24980.3,3674.0,0.0,0.0,97974.4,-47935.4,0,0
65.35,2534.858,481.993,2134.858,112.107,104.878,-15.443,106.008,1.53,-0.748,15,8.37,6.63,0.7466,222000,214435.5,-57457.8,-91526.8,-621951.7,-24992.8,3678.0,0.0,0.0,97916.0,-47891.6,0,0
65.3667,2536.606,481.736,2136.606,112.364,104.903,-15.455,106.035,1.529,-0.748,15,8.38,6.62,0.7461,222000,214435.5,-57457.8,-91572.6,-621912.0,-25005.3,3681.9,0.0,0.0,97857.7,-47847.9,0,0
65.3833,2538.355,481.478,2138.355,112.622,104.929,-15.467,106.062,1.528,-0.747,15,8.38,6.62,0.7457,222000,214435.5,-57457.8,-91618.4,-621872.3,-25017.7,3685.8,0.0,0.0,97799.4,-47804.3,0,0
65.4,2540.104,481.22,2140.104,112.88,104.954,-15.48,106.089,1.527,-0.746,15,8.39,6.61,0.7453,222000,214435.5,-57457.8,-91664.1,-621832.7,-25030.2,3689.7,0.0,0.0,97741.3,-47760.9,0,0
65.4167,2541.854,480.962,2141.854,113.138,104.979,-15.492,106.116,1.526,-0.746,15,8.39,6.61,0.7449,222000,214435.5,-57457.8,-91709.7,-621793.2,-25042.6,3693.6,0.0,0.0,97683.2,-47717.5,0,0
65.4333,2543.604,480.703,2143.604,113.397,105.005,-15.505,106.143,1.525,-0.745,15,8.39,6.61,0.7445,222000,214435.5,-57457.8,-91755.3,-621753.8,-25055.1,3697.5,0.0,0.0,97625.2,-47674.2,0,0
65.45,2545.355,480.445,2145.355,113.655,105.03,-15.517,106.17,1.524,-0.744,15,8.4,6.6,0.744,222000,214435.5,-57457.8,-91800.8,-621714.5,-25067.5,3701.4,0.0,0.0,97567.3,-47630.9,0,0
65.4667,2547.106,480.186,2147.106,113.914,105.056,-15.53,106.197,1.524,-0.744,15,8.4,6.6,0.7436,222000,214435.5,-57457.8,-91846.2,-621675.3,-25079.9,3705.3,0.0,0.0,97509.4,-47587.8,0,0
65.4833,2548.857,479.927,2148.857,114.173,105.081,-15.542,106.224,1.523,-0.743,15,8.41,6.59,0.7432,222000,214435.5,-57457.8,-91891.6,-621636.1,-25092.3,3709.2,0.0,0.0,97451.6,-47544.8,0,0
65.5,2550.609,479.668,2150.609,114.432,105.106,-15.554,106.251,1.522,-0.742,15,8.41,6.59,0.7428,222000,214435.5,-57457.8,-91936.8,-621597.1,-25104.8,3713.1,0.0,0.0,97393.9,-47501.8,0,0
65.5167,2552.361,479.408,2152.361,114.692,105.132,-15.567,106.278,1.521,-0.742,15,8.42,6.58,0.7424,222000,214435.5,-57457.8,-91982.0,-621558.1,-25117.2,3717.0,0.0,0.0,97336.3,-47459.0,0,0
65.5333,2554.114,479.149,2154.114,114.951,105.157,-15.579,106.305,1.52,-0.741,15,8.42,6.58,0.742,222000,214435.5,-57457.8,-92027.2,-621519.3,-25129.6,3720.9,0.0,0.0,97278.8,-47416.2,0,0
65.55,2555.867,478.889,2155.867,115.211,105.182,-15.591,106.332,1.519,-0.74,15,8.43,6.57,0.7416,222000,214435.5,-57457.8,-92072.2,-621480.5,-25142.0,3724.8,0.0,0.0,97221.3,-47373.5,0,0
65.5667,2557.62,478.629,2157.62,115.471,105.208,-15.604,106.358,1.518,-0.74,15,8.43,6.57,0.7412,222000,214435.5,-57457.8,-92117.2,-621441.8,-25154.4,3728.7,0.0,0.0,97163.9,-47330.9,0,0
65.5833,2559.374,478.368,2159.374,115.732,105.233,-15.616,106.385,1.517,-0.739,15,8.44,6.56,0.7407,222000,214435.5,-57457.8,-92162.2,-621403.1,-25166.8,3732.6,0.0,0.0,97106.6,-47288.4,0,0
65.6,2561.128,478.108,2161.128,115.992,105.258,-15.628,106.412,1.516,-0.738,15,8.44,6.56,0.7403,222000,214435.5,-57457.8,-92207.0,-621364.6,-25179.2,3736.5,0.0,0.0,97049.3,-47246.0,0,0
65.6167,2562.883,477.847,2162.883,116.253,105.283,-15.641,106.439,1.516,-0.738,15,8.45,6.55,0.7399,222000,214435.5,-57457.8,-92251.8,-621326.2,-25191.6,3740.3,0.0,0.0,96992.1,-47203.7,0,0
65.6333,2564.638,477.586,2164.638,116.514,105.309,-15.653,106.466,1.515,-0.737,15,8.45,6.55,0.7395,222000,214435.5,-57457.8,-92296.5,-621287.8,-25204.0,3744.2,0.0,0.0,96935.0,-47161.4,0,0
65.65,2566.394,477.325,2166.394,116.775,105.334,-15.665,106.492,1.514,-0.736,15,8.45,6.55,0.7391,222000,214435.5,-57457.8,-92341.2,-621249.5,-25216.4,3748.1,0.0,0.0,96878.0,-47119.2,0,0
65.6667,2568.15,477.064,2168.15,117.036,105.359,-15.677,106.519,1.513,-0.736,15,8.46,6.54,0.7387,222000,214435.5,-57457.8,-92385.7,-621211.3,-25228.8,3752.0,0.0,0.0,96821.0,-47077.2,0,0
65.6833,2569.906,476.803,2169.906,117.297,105.384,-15.69,106.546,1.512,-0.735,15,8.46,6.54,0.7383,222000,214435.5,-57457.8,-92430.2,-621173.2,-25241.1,3755.9,0.0,0.0,96764.2,-47035.2,0,0
65.7,2571.663,476.541,2171.663,117.559,105.41,-15.702,106.573,1.511,-0.734,15,8.47,6.53,0.7379,222000,214435.5,-57457.8,-92474.7,-621135.2,-25253.5,3759.7,0.0,0.0,96707.4,-46993.3,0,0
65.7167,2573.42,476.279,2173.42,117.821,105.435,-15.714,106.599,1.51,-0.734,15,8.47,6.53,0.7375,222000,214435.5,-57457.8,-92519.0,-621097.3,-25265.9,3763.6,0.0,0.0,96650.6,-46951.5,0,0
65.7333,2575.178,476.017,2175.178,118.083,105.46,-15.726,106.626,1.509,-0.733,15,8.48,6.52,0.7371,222000,214435.5,-57457.8,-92563.3,-621059.4,-25278.2,3767.5,0.0,0.0,96594.0,-46909.8,0,0
65.75,2576.936,475.755,2176.936,118.345,105.485,-15.739,106.653,1.508,-0.732,15,8.48,6.52,0.7367,222000,214435.5,-57457.8,-92607.6,-621021.6,-25290.6,3771.4,0.0,0.0,96537.4,-46868.1,0,0
65.7667,2578.694,475.492,2178.694,118.608,105.51,-15.751,106.679,1.508,-0.732,15,8.49,6.51,0.7363,222000,214435.5,-57457.8,-92651.7,-620984.0,-25303.0,3775.2,0.0,0.0,96480.8,-46826.5,0,0
65.7833,2580.453,475.229,2180.453,118.871,105.535,-15.763,106.706,1.507,-0.731,15,8.49,6.51,0.7359,222000,214435.5,-57457.8,-92695.8,-620946.4,-25315.3,3779.1,0.0,0.0,96424.4,-46785.1,0,0
65.8,2582.213,474.966,2182.213,119.134,105.56,-15.775,106.733,1.506,-0.73,15,8.49,6.51,0.7355,222000,214435.5,-57457.8,-92739.8,-620908.8,-25327.7,3783.0,0.0,0.0,96368.0,-46743.7,0,0
65.8167,2583.972,474.703,2183.972,119.397,105.585,-15.787,106.759,1.505,-0.73,15,8.5,6.5,0.735,222000,214435.5,-57457.8,-92783.8,-620871.4,-25340.0,3786.8,0.0,0.0,96311.7,-46702.4,0,0
65.8333,2585.733,474.44,2185.733,119.66,105.61,-15.799,106.786,1.504,-0.729,15,8.5,6.5,0.7346,222000,214435.5,-57457.8,-92827.7,-620834.0,-25352.3,3790.7,0.0,0.0,96255.5,-46661.1,0,0
65.85,2587.493,474.176,2187.493,119.924,105.636,-15.812,106.812,1.503,-0.728,15,8.51,6.49,0.7342,222000,214435.5,-57457.8,-92871.5,-620796.7,-25364.7,3794.6,0.0,0.0,96199.3,-46620.0,0,0
65.8667,2589.254,473.913,2189.254,120.187,105.661,-15.824,106.839,1.502,-0.728,15,8.51,6.49,0.7338,222000,214435.5,-57457.8,-92915.3,-620759.6,-25377.0,3798.4,0.0,0.0,96143.3,-46578.9,0,0
65.8833,2591.016,473.649,2191.016,120.451,105.686,-15.836,106.865,1.501,-0.727,15,8.52,6.48,0.7334,222000,214435.5,-57457.8,-92959.0,-620722.4,-25389.3,3802.3,0.0,0.0,96087.2,-46538.0,0,0
65.9,2592.777,473.385,2192.777,120.715,105.711,-15.848,106.892,1.5,-0.727,15,8.52,6.48,0.733,222000,214435.5,-57457.8,-93002.6,-620685.4,-25401.6,3806.1,0.0,0.0,96031.3,-46497.1,0,0
65.9167,2594.54,473.12,2194.54,120.98,105.736,-15.86,106.918,1.5,-0.726,15,8.53,6.47,0.7326,222000,214435.5,-57457.8,-93046.1,-620648.4,-25414.0,3810.0,0.0,0.0,95975.4,-46456.3,0,0
65.9333,2596.302,472.856,2196.302,121.244,105.761,-15.872,106.945,1.499,-0.725,15,8.53,6.47,0.7322,222000,214435.5,-57457.8,-93089.6,-620611.6,-25426.3,3813.9,0.0,0.0,95919.6,-46415.5,0,0
65.95,2598.066,472.591,2198.066,121.509,105.786,-15.884,106.971,1.498,-0.725,15,8.53,6.47,0.7319,222000,214435.5,-57457.8,-93133.0,-620574.8,-25438.6,3817.7,0.0,0.0,95863.9,-46374.9,0,0
65.9667,2599.829,472.326,2199.829,121.774,105.811,-15.896,106.998,1.497,-0.724,15,8.54,6.46,0.7315,222000,214435.5,-57457.8,-93176.4,-620538.1,-25450.9,3821.6,0.0,0.0,95808.2,-46334.3,0,0
65.9833,2601.593,472.061,2201.593,122.039,105.835,-15.908,107.024,1.496,-0.723,15,8.54,6.46,0.7311,222000,214435.5,-57457.8,-93219.7,-620501.4,-25463.2,3825.4,0.0,0.0,95752.7,-46293.8,0,0
66.0,2603.357,471.796,2203.357,122.304,105.86,-15.92,107.051,1.495,-0.723,15,8.55,6.45,0.7307,222000,214435.5,-57457.8,-93262.9,-620464.9,-25475.5,3829.3,0.0,0.0,95697.1,-46253.4,0,0
66.0167,2605.122,471.53,2205.122,122.57,105.885,-15.932,107.077,1.494,-0.722,15,8.55,6.45,0.7303,222000,214435.5,-57457.8,-93306.1,-620428.4,-25487.8,3833.1,0.0,0.0,95641.7,-46213.1,0,0
66.0333,2606.887,471.264,2206.887,122.836,105.91,-15.944,107.104,1.494,-0.721,15,8.56,6.44,0.7299,222000,214435.5,-57457.8,-93349.2,-620392.0,-25500.1,3836.9,0.0,0.0,95586.3,-46172.9,0,0
66.05,2608.653,470.998,2208.653,123.102,105.935,-15.956,107.13,1.493,-0.721,15,8.56,6.44,0.7295,222000,214435.5,-57457.8,-93392.2,-620355.7,-25512.4,3840.8,0.0,0.0,95531.0,-46132.7,0,0
66.0667,2610.419,470.732,2210.419,123.368,105.96,-15.968,107.156,1.492,-0.72,15,8.57,6.43,0.7291,222000,214435.5,-57457.8,-93435.1,-620319.4,-25524.6,3844.6,0.0,0.0,95475.7,-46092.6,0,0
66.0833,2612.185,470.466,2212.185,123.634,105.985,-15.98,107.183,1.491,-0.72,15,8.57,6.43,0.7287,222000,214435.5,-57457.8,-93478.0,-620283.2,-25536.9,3848.5,0.0,0.0,95420.6,-46052.6,0,0
66.1,2613.952,470.199,2213.952,123.901,106.01,-15.992,107.209,1.49,-0.719,15,8.57,6.43,0.7283,222000,214435.5,-57457.8,-93520.9,-620247.2,-25549.2,3852.3,0.0,0.0,95365.5,-46012.7,0,0
66.1167,2615.719,469.933,2215.719,124.167,106.034,-16.004,107.235,1.489,-0.718,15,8.58,6.42,0.7279,222000,214435.5,-57457.8,-93563.6,-620211.1,-25561.5,3856.1,0.0,0.0,95310.4,-45972.8,0,0
66.1333,2617.487,469.666,2217.487,124.434,106.059,-16.016,107.262,1.488,-0.718,15,8.58,6.42,0.7275,222000,214435.5,-57457.8,-93606.3,-620175.2,-25573.7,3860.0,0.0,0.0,95255.5,-45933.1,0,0
66.15,2619.255,469.399,2219.255,124.701,106.084,-16.028,107.288,1.488,-0.717,15,8.59,6.41,0.7271,222000,214435.5,-57457.8,-93649.0,-620139.4,-25586.0,3863.8,0.0,0.0,95200.6,-45893.4,0,0
66.1667,2621.023,469.131,2221.023,124.969,106.109,-16.04,107.314,1.487,-0.716,15,8.59,6.41,0.7267,222000,214435.5,-57457.8,-93691.6,-620103.6,-25598.2,3867.6,0.0,0.0,95145.8,-45853.8,0,0
66.1833,2622.792,468.864,2222.792,125.236,106.134,-16.052,107.341,1.486,-0.716,15,8.6,6.4,0.7263,222000,214435.5,-57457.8,-93734.1,-620067.9,-25610.5,3871.5,0.0,0.0,95091.0,-45814.2,0,0
66.2,2624.562,468.596,2224.562,125.504,106.158,-16.064,107.367,1.485,-0.715,15,8.6,6.4,0.726,222000,214435.5,-57457.8,-93776.5,-620032.2,-25622.7,3875.3,0.0,0.0,95036.3,-45774.8,0,0
66.2167,2626.331,468.328,2226.331,125.772,106.183,-16.076,107.393,1.484,-0.715,15,8.6,6.4,0.7256,222000,214435.5,-57457.8,-93818.9,-619996.7,-25635.0,3879.1,0.0,0.0,94981.7,-45735.4,0,0
66.2333,2628.102,468.06,2228.102,126.04,106.208,-16.088,107.419,1.483,-0.714,15,8.61,6.39,0.7252,222000,214435.5,-57457.8,-93861.2,-619961.2,-25647.2,3882.9,0.0,0.0,94927.1,-45696.1,0,0
66.25,2629.872,467.792,2229.872,126.308,106.232,-16.1,107.446,1.482,-0.713,15,8.61,6.39,0.7248,222000,214435.5,-57457.8,-93903.5,-619925.8,-25659.4,3886.8,0.0,0.0,94872.6,-45656.8,0,0
66.2667,2631.643,467.523,2231.643,126.577,106.257,-16.112,107.472,1.482,-0.713,15,8.62,6.38,0.7244,222000,214435.5,-57457.8,-93945.6,-619890.5,-25671.7,3890.6,0.0,0.0,94818.2,-45617.7,0,0
66.2833,2633.414,467.254,2233.414,126.846,106.282,-16.123,107.498,1.481,-0.712,15,8.62,6.38,0.724,222000,214435.5,-57457.8,-93987.8,-619855.2,-25683.9,3894.4,0.0,0.0,94763.9,-45578.6,0,0
66.3,2635.186,466.985,2235.186,127.115,106.306,-16.135,107.524,1.48,-0.712,15,8.63,6.37,0.7236,222000,214435.5,-57457.8,-94029.8,-619820.0,-25696.1,3898.2,0.0,0.0,94709.6,-45539.6,0,0
66.3167,2636.958,466.716,2236.958,127.384,106.331,-16.147,107.55,1.479,-0.711,15,8.63,6.37,0.7232,222000,214435.5,-57457.8,-94071.8,-619784.9,-25708.3,3902.0,0.0,0.0,94655.3,-45500.7,0,0
66.3333,2638.731,466.447,2238.731,127.653,106.356,-16.159,107.576,1.478,-0.71,15,8.63,6.37,0.7229,222000,214435.5,-57457.8,-94113.8,-619749.9,-25720.6,3905.9,0.0,0.0,94601.2,-45461.8,0,0
66.35,2640.504,466.177,2240.504,127.923,106.38,-16.171,107.602,1.477,-0.71,15,8.64,6.36,0.7225,222000,214435.5,-57457.8,-94155.7,-619714.9,-25732.8,3909.7,0.0,0.0,94547.1,-45423.1,0,0
66.3667,2642.277,465.908,2242.277,128.192,106.405,-16.183,107.629,1.476,-0.709,15,8.64,6.36,0.7221,222000,214435.5,-57457.8,-94197.5,-619680.0,-25745.0,3913.5,0.0,0.0,94493.1,-45384.4,0,0
66.3833,2644.051,465.638,2244.051,128.462,106.43,-16.194,107.655,1.476,-0.709,15,8.65,6.35,0.7217,222000,214435.5,-57457.8,-94239.2,-619645.2,-25757.2,3917.3,0.0,0.0,94439.1,-45345.7,0,0
66.4,2645.825,465.368,2245.825,128.732,106.454,-16.206,107.681,1.475,-0.708,15,8.65,6.35,0.7213,222000,214435.5,-57457.8,-94280.9,-619610.5,-25769.4,3921.1,0.0,0.0,94385.2,-45307.2,0,0
66.4167,2647.6,465.097,2247.6,129.003,106.479,-16.218,107.707,1.474,-0.707,15,8.66,6.34,0.721,222000,214435.5,-57457.8,-94322.5,-619575.8,-25781.6,3924.9,0.0,0.0,94331.4,-45268.7,0,0
66.4333,2649.375,464.827,2249.375,129.273,106.503,-16.23,107.733,1.473,-0.707,15,8.66,6.34,0.7206,222000,214435.5,-57457.8,-94364.1,-619541.2,-25793.8,3928.7,0.0,0.0,94277.7,-45230.3,0,0
66.45,2651.151,464.556,2251.151,129.544,106.528,-16.242,107.759,1.472,-0.706,15,8.66,6.34,0.7202,222000,214435.5,-57457.8,-94405.6,-619506.7,-25805.9,3932.5,0.0,0.0,94224.0,-45192.0,0,0
66.4667,2652.926,464.285,2252.926,129.815,106.552,-16.253,107.785,1.471,-0.706,15,8.67,6.33,0.7198,222000,214435.5,-57457.8,-94447.0,-619472.2,-25818.1,3936.3,0.0,0.0,94170.4,-45153.7,0,0
66.4833,2654.703,464.014,2254.703,130.086,106.577,-16.265,107.811,1.471,-0.705,15,8.67,6.33,0.7194,222000,214435.5,-57457.8,-94488.4,-619437.8,-25830.3,3940.1,0.0,0.0,94116.8,-45115.5,0,0
66.5,2656.479,463.743,2256.479,130.357,106.601,-16.277,107.837,1.47,-0.704,15,8.68,6.32,0.7191,222000,214435.5,-57457.8,-94529.7,-619403.5,-25842.5,3943.9,0.0,0.0,94063.3,-45077.4,0,0
66.5167,2658.257,463.472,2258.257,130.628,106.626,-16.289,107.863,1.469,-0.704,15,8.68,6.32,0.7187,222000,214435.5,-57457.8,-94571.0,-619369.3,-25854.7,3947.7,0.0,0.0,94009.9,-45039.4,0,0
66.5333,2660.034,463.2,2260.034,130.9,106.65,-16.3,107.889,1.468,-0.703,15,8.69,6.31,0.7183,222000,214435.5,-57457.8,-94612.2,-619335.1,-25866.8,3951.5,0.0,0.0,93956.5,-45001.4,0,0
66.55,2661.812,462.928,2261.812,131.172,106.675,-16.312,107.915,1.467,-0.703,15,8.69,6.31,0.7179,222000,214435.5,-57457.8,-94653.3,-619301.0,-25879.0,3955.3,0.0,0.0,93903.2,-44963.5,0,0
66.5667,2663.59,462.656,2263.59,131.444,106.699,-16.324,107.941,1.466,-0.702,15,8.69,6.31,0.7175,222000,214435.5,-57457.8,-94694.4,-619267.0,-25891.1,3959.1,0.0,0.0,93850.0,-44925.7,0,0
66.5833,2665.369,462.384,2265.369,131.716,106.724,-16.335,107.967,1.466,-0.701,15,8.7,6.3,0.7172,222000,214435.5,-57457.8,-94735.4,-619233.0,-25903.3,3962.9,0.0,0.0,93796.8,-44888.0,0,0
66.6,2667.148,462.111,2267.148,131.989,106.748,-16.347,107.992,1.465,-0.701,15,8.7,6.3,0.7168,222000,214435.5,-57457.8,-94776.4,-619199.2,-25915.4,3966.7,0.0,0.0,93743.7,-44850.3,0,0
66.6167,2668.928,461.839,2268.928,132.261,106.772,-16.359,108.018,1.464,-0.7,15,8.71,6.29,0.7164,222000,214435.5,-57457.8,-94817.3,-619165.3,-25927.6,3970.5,0.0,0.0,93690.7,-44812.7,0,0
66.6333,2670.708,461.566,2270.708,132.534,106.797,-16.37,108.044,1.463,-0.7,15,8.71,6.29,0.716,222000,214435.5,-57457.8,-94858.1,-619131.6,-25939.7,3974.3,0.0,0.0,93637.7,-44775.2,0,0
66.65,2672.488,461.293,2272.488,132.807,106.821,-16.382,108.07,1.462,-0.699,15,8.71,6.29,0.7157,222000,214435.5,-57457.8,-94898.9,-619097.9,-25951.9,3978.1,0.0,0.0,93584.8,-44737.7,0,0
66.6667,2674.269,461.019,2274.269,133.081,106.846,-16.394,108.096,1.461,-0.698,15,8.72,6.28,0.7153,222000,214435.5,-57457.8,-94939.6,-619064.3,-25964.0,3981.8,0.0,0.0,93531.9,-44700.3,0,0
66.6833,2676.05,460.746,2276.05,133.354,106.87,-16.405,108.122,1.461,-0.698,15,8.72,6.28,0.7149,222000,214435.5,-57457.8,-94980.3,-619030.8,-25976.1,3985.6,0.0,0.0,93479.1,-44663.0,0,0
66.7,2677.831,460.472,2277.831,133.628,106.894,-16.417,108.148,1.46,-0.697,15,8.73,6.27,0.7146,222000,214435.5,-57457.8,-95020.9,-618997.3,-25988.3,3989.4,0.0,0.0,93426.4,-44625.7,0,0
66.7167,2679.613,460.199,2279.613,133.901,106.919,-16.429,108.173,1.459,-0.697,15,8.73,6.27,0.7142,222000,214435.5,-57457.8,-95061.4,-618963.9,-26000.4,3993.2,0.0,0.0,93373.7,-44588.5,0,0
66.7333,2681.396,459.925,2281.396,134.175,106.943,-16.44,108.199,1.458,-0.696,15,8.74,6.26,0.7138,222000,214435.5,-57457.8,-95101.9,-618930.5,-26012.5,3997.0,0.0,0.0,93321.1,-44551.4,0,0
66.75,2683.179,459.65,2283.179,134.45,106.967,-16.452,108.225,1.457,-0.696,15,8.74,6.26,0.7134,222000,214435.5,-57457.8,-95142.3,-618897.3,-26024.6,4000.7,0.0,0.0,93268.6,-44514.4,0,0
66.7667,2684.962,459.376,2284.962,134.724,106.991,-16.463,108.251,1.457,-0.695,15,8.74,6.26,0.7131,222000,214435.5,-57457.8,-95182.7,-618864.1,-26036.7,4004.5,0.0,0.0,93216.1,-44477.4,0,0
66.7833,2686.745,459.101,2286.745,134.999,107.016,-16.475,108.276,1.456,-0.694,15,8.75,6.25,0.7127,222000,214435.5,-57457.8,-95223.0,-618830.9,-26048.8,4008.3,0.0,0.0,93163.7,-44440.5,0,0
66.8,2688.529,458.827,2288.529,135.273,107.04,-16.487,108.302,1.455,-0.694,15,8.75,6.25,0.7123,222000,214435.5,-57457.8,-95263.2,-618797.9,-26060.9,4012.1,0.0,0.0,93111.4,-44403.6,0,0
66.8167,2690.314,458.552,2290.314,135.548,107.064,-16.498,108.328,1.454,-0.693,15,8.76,6.24,0.712,222000,214435.5,-57457.8,-95303.4,-618764.9,-26073.0,4015.8,0.0,0.0,93059.1,-44366.9,0,0
66.8333,2692.099,458.277,2292.099,135.823,107.088,-16.51,108.354,1.453,-0.693,15,8.76,6.24,0.7116,222000,214435.5,-57457.8,-95343.5,-618731.9,-26085.1,4019.6,0.0,0.0,93006.9,-44330.2,0,0
66.85,2693.884,458.001,2293.884,136.099,107.113,-16.521,108.379,1.452,-0.692,15,8.76,6.24,0.7112,222000,214435.5,-57457.8,-95383.6,-618699.1,-26097.2,4023.4,0.0,0.0,92954.7,-44293.5,0,0
66.8667,2695.669,457.726,2295.669,136.374,107.137,-16.533,108.405,1.452,-0.692,15,8.77,6.23,0.7109,222000,214435.5,-57457.8,-95423.6,-618666.3,-26109.3,4027.1,0.0,0.0,92902.6,-44257.0,0,0
66.8833,2697.455,457.45,2297.455,136.65,107.161,-16.544,108.431,1.451,-0.691,15,8.77,6.23,0.7105,222000,214435.5,-57457.8,-95463.6,-618633.5,-26121.4,4030.9,0.0,0.0,92850.6,-44220.5,0,0
66.9,2699.242,457.174,2299.242,136.926,107.185,-16.556,108.456,1.45,-0.69,15,8.78,6.22,0.7101,222000,214435.5,-57457.8,-95503.5,-618600.9,-26133.5,4034.6,0.0,0.0,92798.6,-44184.0,0,0
66.9167,2701.029,456.898,2301.029,137.202,107.209,-16.567,108.482,1.449,-0.69,15,8.78,6.22,0.7098,222000,214435.5,-57457.8,-95543.3,-618568.3,-26145.5,4038.4,0.0,0.0,92746.7,-44147.7,0,0
66.9333,2702.816,456.622,2302.816,137.478,107.233,-16.579,108.507,1.448,-0.689,15,8.78,6.22,0.7094,222000,214435.5,-57457.8,-95583.1,-618535.7,-26157.6,4042.2,0.0,0.0,92694.9,-44111.4,0,0
66.95,2704.604,456.345,2304.604,137.755,107.258,-16.59,108.533,1.448,-0.689,15,8.79,6.21,0.709,222000,214435.5,-57457.8,-95622.8,-618503.2,-26169.7,4045.9,0.0,0.0,92643.1,-44075.2,0,0
66.9667,2706.392,456.068,2306.392,138.032,107.282,-16.602,108.559,1.447,-0.688,15,8.79,6.21,0.7087,222000,214435.5,-57457.8,-95662.5,-618470.8,-26181.7,4049.7,0.0,0.0,92591.3,-44039.0,0,0
66.9833,2708.18,455.791,2308.18,138.309,107.306,-16.613,108.584,1.446,-0.688,15,8.8,6.2,0.7083,222000,214435.5,-57457.8,-95702.1,-618438.5,-26193.8,4053.4,0.0,0.0,92539.7,-44002.9,0,0
67.0,2709.969,455.514,2309.969,138.586,107.33,-16.625,108.61,1.445,-0.687,15,8.8,6.2,0.7079,222000,214435.5,-57457.8,-95741.6,-618406.2,-26205.8,4057.2,0.0,0.0,92488.1,-43966.9,0,0
67.0167,2711.758,455.237,2311.758,138.863,107.354,-16.636,108.635,1.444,-0.686,15,8.8,6.2,0.7076,222000,214435.5,-57457.8,-95781.1,-618374.0,-26217.9,4060.9,0.0,0.0,92436.5,-43930.9,0,0
67.0333,2713.548,454.96,2313.548,139.14,107.378,-16.647,108.661,1.444,-0.686,15,8.81,6.19,0.7072,222000,214435.5,-57457.8,-95820.6,-618341.9,-26229.9,4064.7,0.0,0.0,92385.0,-43895.0,0,0
67.05,2715.338,454.682,2315.338,139.418,107.402,-16.659,108.686,1.443,-0.685,15,8.81,6.19,0.7069,222000,214435.5,-57457.8,-95859.9,-618309.8,-26242.0,4068.4,0.0,0.0,92333.6,-43859.2,0,0
67.0667,2717.128,454.404,2317.128,139.696,107.426,-16.67,108.712,1.442,-0.685,15,8.82,6.18,0.7065,222000,214435.5,-57457.8,-95899.3,-618277.7,-26254.0,4072.2,0.0,0.0,92282.2,-43823.4,0,0
67.0833,2718.919,454.126,2318.919,139.974,107.45,-16.682,108.737,1.441,-0.684,15,8.82,6.18,0.7061,222000,214435.5,-57457.8,-95938.5,-618245.8,-26266.1,4075.9,0.0,0.0,92230.9,-43787.7,0,0
67.1,2720.71,453.848,2320.71,140.252,107.474,-16.693,108.763,1.44,-0.684,15,8.82,6.18,0.7058,222000,214435.5,-57457.8,-95977.7,-618213.9,-26278.1,4079.7,0.0,0.0,92179.7,-43752.0,0,0
67.1167,2722.502,453.57,2322.502,140.53,107.498,-16.704,108.788,1.44,-0.683,15,8.83,6.17,0.7054,222000,214435.5,-57457.8,-96016.9,-618182.1,-26290.1,4083.4,0.0,0.0,92128.5,-43716.5,0,0
67.1333,2724.294,453.291,2324.294,140.809,107.522,-16.716,108.814,1.439,-0.683,15,8.83,6.17,0.7051,222000,214435.5,-57457.8,-96056.0,-618150.3,-26302.1,4087.2,0.0,0.0,92077.4,-43681.0,0,0
67.15,2726.086,453.012,2326.086,141.088,107.546,-16.727,108.839,1.438,-0.682,15,8.84,6.16,0.7047,222000,214435.5,-57457.8,-96095.1,-618118.6,-26314.2,4090.9,0.0,0.0,92026.3,-43645.5,0,0
67.1667,2727.879,452.733,2327.879,141.367,107.57,-16.739,108.864,1.437,-0.681,15,8.84,6.16,0.7043,222000,214435.5,-57457.8,-96134.0,-618086.9,-26326.2,4094.6,0.0,0.0,91975.3,-43610.1,0,0
67.1833,2729.672,452.454,2329.672,141.646,107.594,-16.75,108.89,1.436,-0.681,15,8.84,6.16,0.704,222000,214435.5,-57457.8,-96173.0,-618055.4,-26338.2,4098.4,0.0,0.0,91924.4,-43574.8,0,0
67.2,2731.466,452.175,2331.466,141.925,107.618,-16.761,108.915,1.436,-0.68,15,8.85,6.15,0.7036,222000,214435.5,-57457.8,-96211.9,-618023.8,-26350.2,4102.1,0.0,0.0,91873.5,-43539.6,0,0
67.2167,2733.26,451.895,2333.26,142.205,107.642,-16.773,108.941,1.435,-0.68,15,8.85,6.15,0.7033,222000,214435.5,-57457.8,-96250.7,-617992.4,-26362.2,4105.8,0.0,0.0,91822.6,-43504.4,0,0
67.2333,2735.054,451.615,2335.054,142.485,107.666,-16.784,108.966,1.434,-0.679,15,8.86,6.14,0.7029,222000,214435.5,-57457.8,-96289.5,-617961.0,-26374.2,4109.6,0.0,0.0,91771.9,-43469.2,0,0
67.25,2736.849,451.335,2336.849,142.765,107.69,-16.795,108.991,1.433,-0.679,15,8.86,6.14,0.7026,222000,214435.5,-57457.8,-96328.2,-617929.6,-26386.2,4113.3,0.0,0.0,91721.2,-43434.2,0,0
67.2667,2738.644,451.055,2338.644,143.045,107.713,-16.806,109.017,1.432,-0.678,15,8.86,6.14,0.7022,222000,214435.5,-57457.8,-96366.8,-617898.4,-26398.2,4117.0,0.0,0.0,91670.5,-43399.2,0,0
67.2833,2740.44,450.775,2340.44,143.325,107.737,-16.818,109.042,1.432,-0.678,15,8.87,6.13,0.7019,222000,214435.5,-57457.8,-96405.4,-617867.2,-26410.2,4120.8,0.0,0.0,91619.9,-43364.2,0,0
67.3,2742.236,450.495,2342.236,143.605,107.761,-16.829,109.067,1.431,-0.677,15,8.87,6.13,0.7015,222000,214435.5,-57457.8,-96444.0,-617836.0,-26422.2,4124.5,0.0,0.0,91569.4,-43329.3,0,0
67.3167,2744.033,450.214,2344.033,143.886,107.785,-16.84,109.093,1.43,-0.676,15,8.88,6.12,0.7011,222000,214435.5,-57457.8,-96482.5,-617804.9,-26434.1,4128.2,0.0,0.0,91518.9,-43294.5,0,0
67.3333,2745.829,449.933,2345.829,144.167,107.809,-16.852,109.118,1.429,-0.676,15,8.88,6.12,0.7008,222000,214435.5,-57457.8,-96520.9,-617773.9,-26446.1,4131.9,0.0,0.0,91468.5,-43259.8,0,0
67.35,2747.627,449.652,2347.627,144.448,107.833,-16.863,109.143,1.428,-0.675,15,8.88,6.12,0.7004,222000,214435.5,-57457.8,-96559.3,-617742.9,-26458.1,4135.7,0.0,0.0,91418.1,-43225.1,0,0
67.3667,2749.424,449.371,2349.424,144.729,107.856,-16.874,109.168,1.428,-0.675,15,8.89,6.11,0.7001,222000,214435.5,-57457.8,-96597.6,-617712.0,-26470.1,4139.4,0.0,0.0,91367.8,-43190.5,0,0
67.3833,2751.222,449.089,2351.222,145.011,107.88,-16.885,109.194,1.427,-0.674,15,8.89,6.11,0.6997,222000,214435.5,-57457.8,-96635.9,-617681.2,-26482.0,4143.1,0.0,0.0,91317.6,-43155.9,0,0
67.4,2753.021,448.808,2353.021,145.292,107.904,-16.897,109.219,1.426,-0.674,15,8.9,6.1,0.6994,222000,214435.5,-57457.8,-96674.2,-617650.4,-26494.0,4146.8,0.0,0.0,91267.4,-43121.4,0,0
67.4167,2754.819,448.526,2354.819,145.574,107.928,-16.908,109.244,1.425,-0.673,15,8.9,6.1,0.699,222000,214435.5,-57457.8,-96712.3,-617619.6,-26505.9,4150.5,0.0,0.0,91217.3,-43086.9,0,0
67.4333,2756.619,448.244,2356.619,145.856,107.951,-16.919,109.269,1.424,-0.673,15,8.9,6.1,0.6987,222000,214435.5,-57457.8,-96750.4,-617589.0,-26517.9,4154.2,0.0,0.0,91167.2,-43052.5,0,0
67.45,2758.418,447.962,2358.418,146.138,107.975,-16.93,109.294,1.424,-0.672,15,8.91,6.09,0.6983,222000,214435.5,-57457.8,-96788.5,-617558.3,-26529.8,4158.0,0.0,0.0,91117.2,-43018.2,0,0
67.4667,2760.218,447.679,2360.218,146.421,107.999,-16.941,109.32,1.423,-0.672,15,8.91,6.09,0.698,222000,214435.5,-57457.8,-96826.5,-617527.8,-26541.8,4161.7,0.0,0.0,91067.2,-42984.0,0,0
67.4833,2762.019,447.397,2362.019,146.703,108.023,-16.953,109.345,1.422,-0.671,15,8.92,6.08,0.6976,222000,214435.5,-57457.8,-96864.5,-617497.3,-26553.7,4165.4,0.0,0.0,91017.3,-42949.7,0,0
67.5,2763.819,447.114,2363.819,146.986,108.046,-16.964,109.37,1.421,-0.671,15,8.92,6.08,0.6973,222000,214435.5,-57457.8,-96902.4,-617466.9,-26565.7,4169.1,0.0,0.0,90967.5,-42915.6,0,0
67.5167,2765.62,446.831,2365.62,147.269,108.07,-16.975,109.395,1.421,-0.67,15,8.92,6.08,0.6969,222000,214435.5,-57457.8,-96940.2,-617436.5,-26577.6,4172.8,0.0,0.0,90917.7,-42881.5,0,0
67.5333,2767.422,446.548,2367.422,147.552,108.094,-16.986,109.42,1.42,-0.669,15,8.93,6.07,0.6966,222000,214435.5,-57457.8,-96978.0,-617406.2,-26589.5,4176.5,0.0,0.0,90868.0,-42847.5,0,0
67.55,2769.224,446.265,2369.224,147.835,108.117,-16.997,109.445,1.419,-0.669,15,8.93,6.07,0.6963,222000,214435.5,-57457.8,-97015.8,-617375.9,-26601.5,4180.2,0.0,0.0,90818.3,-42813.5,0,0
67.5667,2771.026,445.981,2371.026,148.119,108.141,-17.008,109.47,1.418,-0.668,15,8.93,6.07,0.6959,222000,214435.5,-57457.8,-97053.5,-617345.7,-26613.4,4183.9,0.0,0.0,90768.7,-42779.6,0,0
67.5833,2772.829,445.698,2372.829,148.402,108.164,-17.019,109.495,1.417,-0.668,15,8.94,6.06,0.6956,222000,214435.5,-57457.8,-97091.1,-617315.6,-26625.3,4187.6,0.0,0.0,90719.1,-42745.8,0,0
67.6,2774.632,445.414,2374.632,148.686,108.188,-17.031,109.52,1.417,-0.667,15,8.94,6.06,0.6952,222000,214435.5,-57457.8,-97128.7,-617285.5,-26637.2,4191.3,0.0,0.0,90669.6,-42712.0,0,0
67.6167,2776.436,445.13,2376.436,148.97,108.212,-17.042,109.545,1.416,-0.667,15,8.95,6.05,0.6949,222000,214435.5,-57457.8,-97166.3,-617255.4,-26649.1,4195.0,0.0,0.0,90620.1,-42678.3,0,0
67.6333,2778.24,444.846,2378.24,149.254,108.235,-17.053,109.57,1.415,-0.666,15,8.95,6.05,0.6945,222000,214435.5,-57457.8,-97203.7,-617225.5,-26661.0,4198.7,0.0,0.0,90570.8,-42644.6,0,0
67.65,2780.044,444.561,2380.044,149.539,108.259,-17.064,109.595,1.414,-0.666,15,8.95,6.05,0.6942,222000,214435.5,-57457.8,-97241.2,-617195.6,-26672.9,4202.4,0.0,0.0,90521.4,-42611.0,0,0
67.6667,2781.849,444.277,2381.849,149.823,108.282,-17.075,109.62,1.414,-0.665,15,8.96,6.04,0.6938,222000,214435.5,-57457.8,-97278.6,-617165.7,-26684.8,4206.1,0.0,0.0,90472.1,-42577.4,0,0
67.6833,2783.654,443.992,2383.654,150.108,108.306,-17.086,109.645,1.413,-0.665,15,8.96,6.04,0.6935,222000,214435.5,-57457.8,-97315.9,-617135.9,-26696.7,4209.8,0.0,0.0,90422.9,-42543.9,0,0
67.7,2785.459,443.707,2385.459,150.393,108.329,-17.097,109.67,1.412,-0.664,15,8.96,6.04,0.6932,222000,214435.5,-57457.8,-97353.2,-617106.1,-26708.6,4213.5,0.0,0.0,90373.7,-42510.5,0,0
67.7167,2787.265,443.422,2387.265,150.678,108.353,-17.108,109.695,1.411,-0.664,15,8.97,6.03,0.6928,222000,214435.5,-57457.8,-97390.4,-617076.5,-26720.5,4217.2,0.0,0.0,90324.6,-42477.1,0,0
67.7333,2789.071,443.136,2389.071,150.964,108.377,-17.119,109.72,1.411,-0.663,15,8.97,6.03,0.6925,222000,214435.5,-57457.8,-97427.6,-617046.8,-26732.4,4220.9,0.0,0.0,90275.6,-42443.8,0,0
67.75,2790.878,442.851,2390.878,151.249,108.4,-17.13,109.745,1.41,-0.663,15,8.98,6.02,0.6921,222000,214435.5,-57457.8,-97464.7,-617017.2,-26744.3,4224.6,0.0,0.0,90226.6,-42410.5,0,0
67.7667,2792.685,442.565,2392.685,151.535,108.424,-17.141,109.77,1.409,-0.662,15,8.98,6.02,0.6918,222000,214435.5,-57457.8,-97501.8,-616987.7,-26756.2,4228.2,0.0,0.0,90177.6,-42377.3,0,0
67.7833,2794.493,442.279,2394.493,151.821,108.447,-17.152,109.795,1.408,-0.662,15,8.98,6.02,0.6914,222000,214435.5,-57457.8,-97538.8,-616958.3,-26768.0,4231.9,0.0,0.0,90128.7,-42344.2,0,0
67.8,2796.3,441.993,2396.3,152.107,108.47,-17.163,109.82,1.407,-0.661,15,8.99,6.01,0.6911,222000,214435.5,-57457.8,-97575.8,-616928.8,-26779.9,4235.6,0.0,0.0,90079.9,-42311.1,0,0
67.8167,2798.109,441.707,2398.109,152.393,108.494,-17.174,109.845,1.407,-0.661,15,8.99,6.01,0.6908,222000,214435.5,-57457.8,-97612.7,-616899.5,-26791.8,4239.3,0.0,0.0,90031.1,-42278.0,0,0
67.8333,2799.917,441.421,2399.917,152.679,108.517,-17.185,109.87,1.406,-0.66,15,9.0,6.0,0.6904,222000,214435.5,-57457.8,-97649.6,-616870.2,-26803.6,4243.0,0.0,0.0,89982.4,-42245.0,0,0
67.85,2801.726,441.134,2401.726,152.966,108.541,-17.196,109.895,1.405,-0.66,15,9.0,6.0,0.6901,222000,214435.5,-57457.8,-97686.4,-616840.9,-26815.5,4246.6,0.0,0.0,89933.7,-42212.1,0,0
67.8667,2803.536,440.847,2403.536,153.253,108.564,-17.207,109.919,1.404,-0.659,15,9.0,6.0,0.6898,222000,214435.5,-57457.8,-97723.1,-616811.7,-26827.3,4250.3,0.0,0.0,89885.1,-42179.2,0,0
67.8833,2805.345,440.56,2405.345,153.54,108.588,-17.218,109.944,1.404,-0.659,15,9.01,5.99,0.6894,222000,214435.5,-57457.8,-97759.9,-616782.6,-26839.2,4254.0,0.0,0.0,89836.5,-42146.4,0,0
67.9,2807.156,440.273,2407.156,153.827,108.611,-17.229,109.969,1.403,-0.658,15,9.01,5.99,0.6891,222000,214435.5,-57457.8,-97796.5,-616753.5,-26851.0,4257.7,0.0,0.0,89788.0,-42113.7,0,0
67.9167,2808.966,439.986,2408.966,154.114,108.634,-17.24,109.994,1.402,-0.658,15,9.01,5.99,0.6887,222000,214435.5,-57457.8,-97833.1,-616724.5,-26862.9,4261.4,0.0,0.0,89739.5,-42081.0,0,0
67.9333,2810.777,439.698,2410.777,154.402,108.658,-17.251,110.019,1.401,-0.657,15,9.02,5.98,0.6884,222000,214435.5,-57457.8,-97869.7,-616695.5,-26874.7,4265.0,0.0,0.0,89691.1,-42048.3,0,0
67.95,2812.589,439.411,2412.589,154.689,108.681,-17.262,110.043,1.401,-0.656,15,9.02,5.98,0.6881,222000,214435.5,-57457.8,-97906.2,-616666.6,-26886.6,4268.7,0.0,0.0,89642.7,-42015.7,0,0
67.9667,2814.4,439.123,2414.4,154.977,108.704,-17.273,110.068,1.4,-0.656,15,9.03,5.97,0.6877,222000,214435.5,-57457.8,-97942.7,-616637.7,-26898.4,4272.4,0.0,0.0,89594.4,-41983.2,0,0
67.9833,2816.212,438.835,2416.212,155.265,108.728,-17.284,110.093,1.399,-0.655,15,9.03,5.97,0.6874,222000,214435.5,-57457.8,-97979.1,-616608.9,-26910.2,4276.0,0.0,0.0,89546.2,-41950.7,0,0
68.0,2818.025,438.546,2418.025,155.554,108.751,-17.295,110.118,1.398,-0.655,15,9.03,5.97,0.6871,222000,214435.5,-57457.8,-98015.5,-616580.2,-26922.0,4279.7,0.0,0.0,89498.0,-41918.3,0,0
68.0167,2819.838,438.258,2419.838,155.842,108.774,-17.306,110.142,1.398,-0.654,15,9.04,5.96,0.6867,222000,214435.5,-57457.8,-98051.8,-616551.5,-26933.9,4283.4,0.0,0.0,89449.9,-41885.9,0,0
68.0333,2821.651,437.969,2421.651,156.131,108.798,-17.317,110.167,1.397,-0.654,15,9.04,5.96,0.6864,222000,214435.5,-57457.8,-98088.1,-616522.8,-26945.7,4287.0,0.0,0.0,89401.8,-41853.6,0,0
68.05,2823.465,437.681,2423.465,156.419,108.821,-17.328,110.192,1.396,-0.653,15,9.04,5.96,0.6861,222000,214435.5,-57457.8,-98124.3,-616494.2,-26957.5,4290.7,0.0,0.0,89353.7,-41821.4,0,0
68.0667,2825.279,437.392,2425.279,156.708,108.844,-17.339,110.216,1.395,-0.653,15,9.05,5.95,0.6857,222000,214435.5,-57457.8,-98160.5,-616465.7,-26969.3,4294.3,0.0,0.0,89305.8,-41789.1,0,0
68.0833,2827.093,437.102,2427.093,156.998,108.867,-17.349,110.241,1.395,-0.652,15,9.05,5.95,0.6854,222000,214435.5,-57457.8,-98196.6,-616437.2,-26981.1,4298.0,0.0,0.0,89257.8,-41757.0,0,0
68.1,2828.908,436.813,2428.908,157.287,108.891,-17.36,110.266,1.394,-0.652,15,9.05,5.95,0.6851,222000,214435.5,-57457.8,-98232.7,-616408.7,-26992.9,4301.7,0.0,0.0,89210.0,-41724.9,0,0
68.1167,2830.723,436.524,2430.723,157.576,108.914,-17.371,110.29,1.393,-0.651,15,9.06,5.94,0.6847,222000,214435.5,-57457.8,-98268.7,-616380.3,-27004.7,4305.3,0.0,0.0,89162.1,-41692.8,0,0
68.1333,2832.539,436.234,2432.539,157.866,108.937,-17.382,110.315,1.392,-0.651,15,9.06,5.94,0.6844,222000,214435.5,-57457.8,-98304.7,-616352.0,-27016.5,4309.0,0.0,0.0,89114.4,-41660.9,0,0
68.15,2834.355,435.944,2434.355,158.156,108.96,-17.393,110.34,1.392,-0.65,15,9.07,5.93,0.6841,222000,214435.5,-57457.8,-98340.6,-616323.7,-27028.3,4312.6,0.0,0.0,89066.6,-41628.9,0,0
68.1667,2836.171,435.654,2436.171,158.446,108.983,-17.404,110.364,1.391,-0.65,15,9.07,5.93,0.6838,222000,214435.5,-57457.8,-98376.5,-616295.5,-27040.1,4316.3,0.0,0.0,89019.0,-41597.0,0,0
68.1833,2837.988,435.364,2437.988,158.736,109.006,-17.414,110.389,1.39,-0.649,15,9.07,5.93,0.6834,222000,214435.5,-57457.8,-98412.3,-616267.3,-27051.9,4319.9,0.0,0.0,88971.4,-41565.2,0,0
68.2,2839.805,435.073,2439.805,159.027,109.03,-17.425,110.413,1.389,-0.649,15,9.08,5.92,0.6831,222000,214435.5,-57457.8,-98448.1,-616239.2,-27063.6,4323.6,0.0,0.0,88923.8,-41533.4,0,0
68.2167,2841.623,434.783,2441.623,159.317,109.053,-17.436,110.438,1.389,-0.648,15,9.08,5.92,0.6828,222000,214435.5,-57457.8,-98483.8,-616211.1,-27075.4,4327.2,0.0,0.0,88876.3,-41501.7,0,0
68.2333,2843.441,434.492,2443.441,159.608,109.076,-17.447,110.462,1.388,-0.648,15,9.08,5.92,0.6824,222000,214435.5,-57457.8,-98519.5,-616183.1,-27087.2,4330.9,0.0,0.0,88828.8,-41470.0,0,0
68.25,2845.259,434.201,2445.259,159.899,109.099,-17.458,110.487,1.387,-0.647,15,9.09,5.91,0.6821,222000,214435.5,-57457.8,-98555.2,-616155.1,-27098.9,4334.5,0.0,0.0,88781.4,-41438.4,0,0
68.2667,2847.078,433.91,2447.078,160.19,109.122,-17.468,110.512,1.386,-0.647,15,9.09,5.91,0.6818,222000,214435.5,-57457.8,-98590.8,-616127.2,-27110.7,4338.2,0.0,0.0,88734.1,-41406.8,0,0
68.2833,2848.897,433.618,2448.897,160.482,109.145,-17.479,110.536,1.386,-0.646,15,9.09,5.91,0.6815,222000,214435.5,-57457.8,-98626.3,-616099.3,-27122.5,4341.8,0.0,0.0,88686.8,-41375.3,0,0
68.3,2850.716,433.327,2450.716,160.773,109.168,-17.49,110.561,1.385,-0.646,15,9.1,5.9,0.6811,222000,214435.5,-57457.8,-98661.8,-616071.5,-27134.2,4345.5,0.0,0.0,88639.5,-41343.8,0,0
68.3167,2852.536,433.035,2452.536,161.065,109.191,-17.501,110.585,1.384,-0.646,15,9.1,5.9,0.6808,222000,214435.5,-57457.8,-98697.2,-616043.7,-27146.0,4349.1,0.0,0.0,88592.3,-41312.4,0,0
68.3333,2854.356,432.743,2454.356,161.357,109.214,-17.512,110.609,1.384,-0.645,15,9.11,5.89,0.6805,222000,214435.5,-57457.8,-98732.6,-616016.0,-27157.7,4352.7,0.0,0.0,88545.2,-41281.1,0,0
68.35,2856.177,432.451,2456.177,161.649,109.238,-17.522,110.634,1.383,-0.645,15,9.11,5.89,0.6802,222000,214435.5,-57457.8,-98768.0,-615988.3,-27169.5,4356.4,0.0,0.0,88498.1,-41249.7,0,0
68.3667,2857.998,432.159,2457.998,161.941,109.261,-17.533,110.658,1.382,-0.644,15,9.11,5.89,0.6798,222000,214435.5,-57457.8,-98803.3,-615960.7,-27181.2,4360.0,0.0,0.0,88451.0,-41218.5,0,0
68.3833,2859.82,431.867,2459.82,162.233,109.284,-17.544,110.683,1.381,-0.644,15,9.12,5.88,0.6795,222000,214435.5,-57457.8,-98838.6,-615933.1,-27193.0,4363.6,0.0,0.0,88404.0,-41187.3,0,0
68.4,2861.641,431.574,2461.641,162.526,109.307,-17.554,110.707,1.381,-0.643,15,9.12,5.88,0.6792,222000,214435.5,-57457.8,-98873.8,-615905.6,-27204.7,4367.3,0.0,0.0,88357.1,-41156.1,0,0
68.4167,2863.463,431.281,2463.463,162.819,109.33,-17.565,110.732,1.38,-0.643,15,9.12,5.88,0.6789,222000,214435.5,-57457.8,-98908.9,-615878.1,-27216.4,4370.9,0.0,0.0,88310.2,-41125.0,0,0
68.4333,2865.286,430.989,2465.286,163.111,109.353,-17.576,110.756,1.379,-0.642,15,9.13,5.87,0.6785,222000,214435.5,-57457.8,-98944.1,-615850.7,-27228.1,4374.5,0.0,0.0,88263.3,-41094.0,0,0
68.45,2867.109,430.695,2467.109,163.405,109.376,-17.587,110.78,1.378,-0.642,15,9.13,5.87,0.6782,222000,214435.5,-57457.8,-98979.1,-615823.3,-27239.9,4378.2,0.0,0.0,88216.5,-41063.0,0,0
68.4667,2868.932,430.402,2468.932,163.698,109.398,-17.597,110.805,1.378,-0.641,15,9.13,5.87,0.6779,222000,214435.5,-57457.8,-99014.1,-615796.0,-27251.6,4381.8,0.0,0.0,88169.8,-41032.0,0,0
68.4833,2870.756,430.109,2470.756,163.991,109.421,-17.608,110.829,1.377,-0.641,15,9.14,5.86,0.6776,222000,214435.5,-57457.8,-99049.1,-615768.7,-27263.3,4385.4,0.0,0.0,88123.1,-41001.1,0,0
68.5,2872.58,429.815,2472.58,164.285,109.444,-17.619,110.853,1.376,-0.64,15,9.14,5.86,0.6773,222000,214435.5,-57457.8,-99084.1,-615741.5,-27275.0,4389.0,0.0,0.0,88076.5,-40970.2,0,0
68.5167,2874.404,429.521,2474.404,164.579,109.467,-17.629,110.878,1.375,-0.64,15,9.15,5.85,0.6769,222000,214435.5,-57457.8,-99118.9,-615714.3,-27286.7,4392.7,0.0,0.0,88029.9,-40939.4,0,0
68.5333,2876.229,429.227,2476.229,164.873,109.49,-17.64,110.902,1.375,-0.639,15,9.15,5.85,0.6766,222000,214435.5,-57457.8,-99153.8,-615687.1,-27298.4,4396.3,0.0,0.0,87983.3,-40908.7,0,0
68.55,2878.055,428.933,2478.055,165.167,109.513,-17.651,110.926,1.374,-0.639,15,9.15,5.85,0.6763,222000,214435.5,-57457.8,-99188.6,-615660.1,-27310.1,4399.9,0.0,0.0,87936.8,-40878.0,0,0
68.5667,2879.88,428.639,2479.88,165.461,109.536,-17.661,110.951,1.373,-0.638,15,9.16,5.84,0.676,222000,214435.5,-57457.8,-99223.3,-615633.0,-27321.8,4403.5,0.0,0.0,87890.4,-40847.3,0,0
68.5833,2881.706,428.344,2481.706,165.756,109.559,-17.672,110.975,1.373,-0.638,15,9.16,5.84,0.6757,222000,214435.5,-57457.8,-99258.0,-615606.0,-27333.5,4407.2,0.0,0.0,87844.0,-40816.7,0,0
68.6,2883.532,428.049,2483.532,166.051,109.582,-17.682,110.999,1.372,-0.637,15,9.16,5.84,0.6753,222000,214435.5,-57457.8,-99292.7,-615579.1,-27345.2,4410.8,0.0,0.0,87797.6,-40786.2,0,0
68.6167,2885.359,427.755,2485.359,166.345,109.605,-17.693,111.023,1.371,-0.637,15,9.17,5.83,0.675,222000,214435.5,-57457.8,-99327.3,-615552.2,-27356.9,4414.4,0.0,0.0,87751.3,-40755.7,0,0
68.6333,2887.186,427.459,2487.186,166.641,109.627,-17.704,111.048,1.37,-0.636,15,9.17,5.83,0.6747,222000,214435.5,-57457.8,-99361.9,-615525.4,-27368.6,4418.0,0.0,0.0,87705.1,-40725.2,0,0
68.65,2889.014,427.164,2489.014,166.936,109.65,-17.714,111.072,1.37,-0.636,15,9.17,5.83,0.6744,222000,214435.5,-57457.8,-99396.4,-615498.6,-27380.3,4421.6,0.0,0.0,87658.9,-40694.8,0,0
68.6667,2890.842,426.869,2490.842,167.231,109.673,-17.725,111.096,1.369,-0.635,15,9.18,5.82,0.6741,222000,214435.5,-57457.8,-99430.8,-615471.8,-27391.9,4425.2,0.0,0.0,87612.7,-40664.4,0,0
68.6833,2892.67,426.573,2492.67,167.527,109.696,-17.735,111.12,1.368,-0.635,15,9.18,5.82,0.6738,222000,214435.5,-57457.8,-99465.3,-615445.1,-27403.6,4428.8,0.0,0.0,87566.6,-40634.1,0,0
68.7,2894.499,426.277,2494.499,167.823,109.719,-17.746,111.145,1.368,-0.634,15,9.18,5.82,0.6734,222000,214435.5,-57457.8,-99499.7,-615418.5,-27415.3,4432.4,0.0,0.0,87520.6,-40603.8,0,0
68.7167,2896.328,425.982,2496.328,168.118,109.741,-17.757,111.169,1.367,-0.634,15,9.19,5.81,0.6731,222000,214435.5,-57457.8,-99534.0,-615391.9,-27426.9,4436.1,0.0,0.0,87474.6,-40573.6,0,0
68.7333,2898.157,425.685,2498.157,168.415,109.764,-17.767,111.193,1.366,-0.633,15,9.19,5.81,0.6728,222000,214435.5,-57457.8,-99568.3,-615365.3,-27438.6,4439.7,0.0,0.0,87428.6,-40543.5,0,0
68.75,2899.987,425.389,2499.987,168.711,109.787,-17.778,111.217,1.365,-0.633,15,9.19,5.81,0.6725,222000,214435.5,-57457.8,-99602.5,-615338.8,-27450.3,4443.3,0.0,0.0,87382.7,-40513.3,0,0
68.7667,2901.817,425.093,2501.817,169.007,109.81,-17.788,111.241,1.365,-0.633,15,9.2,5.8,0.6722,222000,214435.5,-57457.8,-99636.7,-615312.3,-27461.9,4446.9,0.0,0.0,87336.9,-40483.3,0,0
68.7833,2903.648,424.796,2503.648,169.304,109.832,-17.799,111.265,1.364,-0.632,15,9.2,5.8,0.6719,222000,214435.5,-57457.8,-99670.9,-615285.9,-27473.6,4450.5,0.0,0.0,87291.1,-40453.3,0,0
68.8,2905.478,424.499,2505.478,169.601,109.855,-17.809,111.289,1.363,-0.632,15,9.2,5.8,0.6716,222000,214435.5,-57457.8,-99705.0,-615259.5,-27485.2,4454.1,0.0,0.0,87245.3,-40423.3,0,0
68.8167,2907.31,424.202,2507.31,169.898,109.878,-17.82,111.313,1.362,-0.631,15,9.21,5.79,0.6712,222000,214435.5,-57457.8,-99739.1,-615233.2,-27496.9,4457.7,0.0,0.0,87199.6,-40393.4,0,0
68.8333,2909.141,423.905,2509.141,170.195,109.901,-17.83,111.338,1.362,-0.631,15,9.21,5.79,0.6709,222000,214435.5,-57457.8,-99773.1,-615206.9,-27508.5,4461.3,0.0,0.0,87153.9,-40363.5,0,0
68.85,2910.973,423.608,2510.973,170.492,109.923,-17.841,111.362,1.361,-0.63,15,9.22,5.78,0.6706,222000,214435.5,-57457.8,-99807.1,-615180.7,-27520.1,4464.9,0.0,0.0,87108.3,-40333.6,0,0
68.8667,2912.806,423.31,2512.806,170.79,109.946,-17.851,111.386,1.36,-0.63,15,9.22,5.78,0.6703,222000,214435.5,-57457.8,-99841.0,-615154.5,-27531.8,4468.5,0.0,0.0,87062.8,-40303.9,0,0
68.8833,2914.639,423.012,2514.639,171.088,109.969,-17.862,111.41,1.36,-0.629,15,9.22,5.78,0.67,222000,214435.5,-57457.8,-99874.9,-615128.4,-27543.4,4472.1,0.0,0.0,87017.2,-40274.1,0,0
68.9,2916.472,422.715,2516.472,171.385,109.991,-17.872,111.434,1.359,-0.629,15,9.23,5.77,0.6697,222000,214435.5,-57457.8,-99908.8,-615102.3,-27555.0,4475.7,0.0,0.0,86971.8,-40244.4,0,0
68.9167,2918.305,422.417,2518.305,171.683,110.014,-17.883,111.458,1.358,-0.628,15,9.23,5.77,0.6694,222000,214435.5,-57457.8,-99942.6,-615076.2,-27566.6,4479.3,0.0,0.0,86926.3,-40214.8,0,0
68.9333,2920.139,422.118,2520.139,171.982,110.037,-17.893,111.482,1.358,-0.628,15,9.23,5.77,0.6691,222000,214435.5,-57457.8,-99976.3,-615050.2,-27578.3,4482.8,0.0,0.0,86881.0,-40185.2,0,0
68.95,2921.974,421.82,2521.974,172.28,110.059,-17.904,111.506,1.357,-0.627,15,9.24,5.76,0.6687,222000,214435.5,-57457.8,-100010.0,-615024.2,-27589.9,4486.4,0.0,0.0,86835.6,-40155.6,0,0
68.9667,2923.808,421.521,2523.808,172.579,110.082,-17.914,111.53,1.356,-0.627,15,9.24,5.76,0.6684,222000,214435.5,-57457.8,-100043.7,-614998.3,-27601.5,4490.0,0.0,0.0,86790.3,-40126.1,0,0
68.9833,2925.644,421.223,2525.644,172.877,110.104,-17.925,111.554,1.355,-0.627,15,9.24,5.76,0.6681,222000,214435.5,-57457.8,-100077.3,-614972.4,-27613.1,4493.6,0.0,0.0,86745.1,-40096.7,0,0
69.0,2927.479,420.924,2527.479,173.176,110.127,-17.935,111.578,1.355,-0.626,15,9.25,5.75,0.6678,222000,214435.5,-57457.8,-100110.9,-614946.6,-27624.7,4497.2,0.0,0.0,86699.9,-40067.3,0,0
69.0167,2929.315,420.625,2529.315,173.475,110.149,-17.945,111.602,1.354,-0.626,15,9.25,5.75,0.6675,222000,214435.5,-57457.8,-100144.5,-614920.8,-27636.3,4500.8,0.0,0.0,86654.8,-40037.9,0,0
69.0333,2931.151,420.325,2531.151,173.775,110.172,-17.956,111.626,1.353,-0.625,15,9.25,5.75,0.6672,222000,214435.5,-57457.8,-100177.9,-614895.1,-27647.9,4504.4,0.0,0.0,86609.7,-40008.6,0,0
69.05,2932.988,420.026,2532.988,174.074,110.195,-17.966,111.65,1.353,-0.625,15,9.26,5.74,0.6669,222000,214435.5,-57457.8,-100211.4,-614869.4,-27659.5,4507.9,0.0,0.0,86564.6,-39979.3,0,0
69.0667,2934.825,419.726,2534.825,174.374,110.217,-17.977,111.673,1.352,-0.624,15,9.26,5.74,0.6666,222000,214435.5,-57457.8,-100244.8,-614843.7,-27671.1,4511.5,0.0,0.0,86519.6,-39950.1,0,0
69.0833,2936.662,419.426,2536.662,174.674,110.24,-17.987,111.697,1.351,-0.624,15,9.26,5.74,0.6663,222000,214435.5,-57457.8,-100278.2,-614818.1,-27682.7,4515.1,0.0,0.0,86474.7,-39920.9,0,0
69.1,2938.5,419.127,2538.5,174.973,110.262,-17.997,111.721,1.35,-0.623,15,9.27,5.73,0.666,222000,214435.5,-57457.8,-100311.5,-614792.6,-27694.2,4518.7,0.0,0.0,86429.8,-39891.7,0,0
69.1167,2940.338,418.826,2540.338,175.274,110.285,-18.008,111.745,1.35,-0.623,15,9.27,5.73,0.6657,222000,214435.5,-57457.8,-100344.8,-614767.1,-27705.8,4522.3,0.0,0.0,86384.9,-39862.6,0,0
69.1333,2942.176,418.526,2542.176,175.574,110.307,-18.018,111.769,1.349,-0.622,15,9.27,5.73,0.6654,222000,214435.5,-57457.8,-100378.0,-614741.6,-27717.4,4525.8,0.0,0.0,86340.1,-39833.6,0,0
69.15,2944.015,418.226,2544.015,175.874,110.33,-18.029,111.793,1.348,-0.622,15,9.28,5.72,0.6651,222000,214435.5,-57457.8,-100411.2,-614716.2,-27729.0,4529.4,0.0,0.0,86295.3,-39804.6,0,0
69.1667,2945.854,417.925,2545.854,176.175,110.352,-18.039,111.817,1.348,-0.621,15,9.28,5.72,0.6648,222000,214435.5,-57457.8,-100444.4,-614690.8,-27740.5,4533.0,0.0,0.0,86250.6,-39775.6,0,0
69.1833,2947.694,417.624,2547.694,176.476,110.374,-18.049,111.841,1.347,-0.621,15,9.28,5.72,0.6645,222000,214435.5,-57457.8,-100477.5,-614665.4,-27752.1,4536.6,0.0,0.0,86206.0,-39746.7,0,0
69.2,2949.534,417.323,2549.534,176.777,110.397,-18.06,111.864,1.346,-0.621,15,9.29,5.71,0.6641,222000,214435.5,-57457.8,-100510.6,-614640.1,-27763.7,4540.1,0.0,0.0,86161.3,-39717.8,0,0
69.2167,2951.374,417.022,2551.374,177.078,110.419,-18.07,111.888,1.346,-0.62,15,9.29,5.71,0.6638,222000,214435.5,-57457.8,-100543.6,-614614.9,-27775.2,4543.7,0.0,0.0,86116.7,-39689.0,0,0
69.2333,2953.215,416.721,2553.215,177.379,110.442,-18.08,111.912,1.345,-0.62,15,9.29,5.71,0.6635,222000,214435.5,-57457.8,-100576.6,-614589.7,-27786.8,4547.3,0.0,0.0,86072.2,-39660.2,0,0
69.25,2955.056,416.419,2555.056,177.681,110.464,-18.091,111.936,1.344,-0.619,15,9.3,5.7,0.6632,222000,214435.5,-57457.8,-100609.5,-614564.5,-27798.3,4550.8,0.0,0.0,86027.7,-39631.5,0,0
69.2667,2956.897,416.117,2556.897,177.983,110.487,-18.101,111.959,1.343,-0.619,15,9.3,5.7,0.6629,222000,214435.5,-57457.8,-100642.4,-614539.4,-27809.9,4554.4,0.0,0.0,85983.3,-39602.8,0,0
69.2833,2958.739,415.816,2558.739,178.284,110.509,-18.111,111.983,1.343,-0.618,15,9.3,5.7,0.6626,222000,214435.5,-57457.8,-100675.3,-614514.3,-27821.4,4558.0,0.0,0.0,85938.9,-39574.2,0,0
69.3,2960.581,415.514,2560.581,178.586,110.531,-18.122,112.007,1.342,-0.618,15,9.31,5.69,0.6623,222000,214435.5,-57457.8,-100708.1,-614489.2,-27832.9,4561.5,0.0,0.0,85894.5,-39545.5,0,0
69.3167,2962.424,415.211,2562.424,178.889,110.554,-18.132,112.031,1.341,-0.617,15,9.31,5.69,0.662,222000,214435.5,-57457.8,-100740.9,-614464.2,-27844.5,4565.1,0.0,0.0,85850.2,-39517.0,0,0
69.3333,2964.267,414.909,2564.267,179.191,110.576,-18.142,112.054,1.341,-0.617,15,9.31,5.69,0.6617,222000,214435.5,-57457.8,-100773.6,-614439.3,-27856.0,4568.6,0.0,0.0,85805.9,-39488.5,0,0
69.35,2966.11,414.606,2566.11,179.494,110.598,-18.152,112.078,1.34,-0.617,15,9.32,5.68,0.6614,222000,214435.5,-57457.8,-100806.3,-614414.4,-27867.5,4572.2,0.0,0.0,85761.7,-39460.0,0,0
69.3667,2967.954,414.303,2567.954,179.797,110.617,-18.185,112.102,1.109,-1.981,16,9.32,6.68,0.7511,222000,213400.1,-61191.5,-114566.2,-698026.7,-27879.1,4575.8,0.0,0.0,70954.9,-126802.4,0,0
69.3833,2969.797,413.999,2569.797,180.101,110.631,-18.241,112.125,0.876,-3.331,17,9.34,7.66,0.8398,222000,212299.7,-64906.5,-128345.8,-780693.5,-27889.6,4585.0,0.0,0.0,56064.2,-213174.9,0,0
69.4,2971.641,413.694,2571.641,180.406,110.642,-18.319,112.148,0.641,-4.665,18,9.36,8.64,0.9274,222000,211134.5,-68601.8,-142194.9,-862415.4,-27899.1,4600.0,0.0,0.0,41040.5,-298577.2,0,0
69.4167,2973.486,413.387,2573.486,180.713,110.649,-18.418,112.171,0.404,-5.985,19,9.4,9.6,1.0139,222000,209905.1,-72276.1,-156161.3,-943192.9,-27907.6,4620.6,0.0,0.0,25836.2,-383008.5,0,0
69.4333,2975.33,413.078,2575.33,181.022,110.652,-18.54,112.194,0.163,-7.289,20,9.45,10.55,1.0994,222000,208611.8,-75928.5,-170290.9,-1023026.2,-27915.0,4646.7,0.0,0.0,10405.8,-466468.0,0,0
69.45,2977.174,412.767,2577.174,181.333,110.65,-18.683,112.216,-0.083,-8.577,21,9.51,11.49,1.184,222000,207254.9,-79557.7,-184627.9,-1101915.2,-27921.3,4678.3,0.0,0.0,-5294.3,-548954.6,0,0
69.4667,2979.018,412.453,2579.018,181.647,110.645,-18.847,112.238,-0.333,-9.851,22,9.58,12.42,1.2675,222000,205834.8,-83162.7,-199214.4,-1179859.7,-27926.5,4715.3,0.0,0.0,-21306.1,-630467.1,0,0
69.4833,2980.862,412.135,2580.862,181.965,110.635,-19.032,112.26,-0.589,-11.109,23,9.67,13.33,1.35,222000,204352.1,-86742.3,-214091.1,-1256859.1,-27930.6,4757.6,0.0,0.0,-37669.7,-711003.8,0,0
69.5,2982.706,411.815,2582.706,182.285,110.624,-19.219,112.281,-0.655,-11.218,24,9.76,14.24,1.3535,222000,202807.1,-90295.5,-216803.5,-1260288.1,-27933.5,4805.3,0.0,0.0,-41929.9,-717938.4,0,1
69.5167,2984.549,411.492,2584.549,182.608,110.614,-19.396,112.302,-0.6,-10.615,25,9.86,15.14,1.3083,222000,201200.3,-93821.3,-211653.5,-1218262.3,-27936.0,4853.4,0.0,0.0,-38389.2,-679390.1,0,1
69.5333,2986.393,411.166,2586.393,182.934,110.603,-19.574,112.322,-0.642,-10.682,25,9.95,15.05,1.3128,222000,201200.3,-93821.3,-214374.4,-1222557.2,-27938.6,4899.0,0.0,0.0,-41112.6,-683639.4,0,1
69.55,2988.236,410.836,2588.236,183.264,110.592,-19.753,112.342,-0.685,-10.749,25,10.04,14.96,1.3173,222000,201200.3,-93821.3,-217126.2,-1226869.7,-27940.9,4944.9,0.0,0.0,-43866.8,-687906.1,0,1
69.5667,2990.079,410.504,2590.079,183.596,110.58,-19.933,112.362,-0.729,-10.815,25,10.13,14.87,1.3218,222000,201200.3,-93821.3,-219909.4,-1231199.8,-27943.0,4991.0,0.0,0.0,-46652.1,-692190.1,0,1
69.5833,2991.922,410.169,2591.922,183.931,110.567,-20.115,112.382,-0.773,-10.883,25,10.22,14.78,1.3264,222000,201200.3,-93821.3,-222724.3,-1235547.5,-27944.9,5037.5,0.0,0.0,-49468.9,-696491.3,0,1
69.6,2993.764,409.831,2593.764,184.269,110.553,-20.297,112.401,-0.817,-10.95,25,10.31,14.69,1.331,222000,201200.3,-93821.3,-225571.2,-1239912.6,-27946.5,5084.2,0.0,0.0,-52317.4,-700809.7,0,1
69.6167,2995.606,409.489,2595.606,184.611,110.539,-20.481,112.42,-0.862,-11.018,25,10.4,14.6,1.3357,222000,201200.3,-93821.3,-228450.5,-1244295.2,-27947.9,5131.2,0.0,0.0,-55198.1,-705145.3,0,1
69.6333,2997.449,409.145,2597.449,184.955,110.524,-20.666,112.439,-0.908,-11.086,25,10.5,14.5,1.3403,222000,201200.3,-93821.3,-231362.5,-1248695.1,-27949.1,5178.5,0.0,0.0,-58111.2,-709497.9,0,1
69.65,2999.29,408.797,2599.29,185.303,110.508,-20.852,112.458,-0.954,-11.154,25,10.59,14.41,1.345,222000,201200.3,-93821.3,-234307.6,-1253112.4,-27949.9,5226.1,0.0,0.0,-61057.2,-713867.5,0,1
69.6667,3001.132,408.447,2601.132,185.653,110.491,-21.039,112.476,-1.001,-11.223,25,10.69,14.31,1.3498,222000,201200.3,-93821.3,-237286.1,-1257546.8,-27950.6,5274.0,0.0,0.0,-64036.3,-718254.1,0,1
69.6833,3002.973,408.093,2602.973,186.007,110.474,-21.227,112.494,-1.048,-11.292,25,10.78,14.22,1.3545,222000,201200.3,-93821.3,-240298.4,-1261998.4,-27950.9,5322.2,0.0,0.0,-67049.0,-722657.5,0,1
69.7,3004.814,407.736,2604.814,186.364,110.455,-21.416,112.512,-1.095,-11.361,25,10.88,14.12,1.3593,222000,201200.3,-93821.3,-243344.8,-1266467.1,-27951.0,5370.6,0.0,0.0,-70095.5,-727077.7,0,1
69.7167,3006.655,407.376,2606.655,186.724,110.436,-21.607,112.53,-1.143,-11.43,25,10.97,14.03,1.3641,222000,201200.3,-93821.3,-246425.8,-1270952.8,-27950.9,5419.4,0.0,0.0,-73176.3,-731514.6,0,1
69.7333,3008.495,407.013,2608.495,187.087,110.416,-21.798,112.548,-1.192,-11.5,25,11.07,13.93,1.369,222000,201200.3,-93821.3,-249541.6,-1275455.4,-27950.5,5468.5,0.0,0.0,-76291.7,-735968.2,0,1
69.75,3010.335,406.646,2610.335,187.454,110.396,-21.991,112.565,-1.241,-11.569,25,11.17,13.83,1.3739,222000,201200.3,-93821.3,-252692.6,-1279974.8,-27949.8,5517.8,0.0,0.0,-79442.1,-740438.3,0,1
69.7667,3012.174,406.276,2612.174,187.824,110.374,-22.185,112.582,-1.291,-11.639,25,11.27,13.73,1.3788,222000,201200.3,-93821.3,-255879.3,-1284511.0,-27948.8,5567.5,0.0,0.0,-82627.7,-744924.8,0,1
69.7833,3014.014,405.903,2614.014,188.197,110.352,-22.379,112.598,-1.322,-11.614,25,11.37,13.63,1.3771,222000,201200.3,-93821.3,-257869.4,-1282932.0,-27947.6,5617.5,0.0,0.0,-84616.6,-743295.8,0,0
69.8,3015.852,405.527,2615.852,188.573,110.33,-22.57,112.615,-1.332,-11.483,25,11.46,13.54,1.3683,222000,201200.3,-93821.3,-258478.5,-1274585.1,-27946.1,5667.3,0.0,0.0,-85224.3,-734899.0,0,0
69.8167,3017.691,405.148,2617.691,188.952,110.308,-22.759,112.631,-1.341,-11.353,25,11.56,13.44,1.3595,222000,201200.3,-93821.3,-259052.0,-1266326.7,-27944.6,5716.6,0.0,0.0,-85796.3,-726591.4,0,0
69.8333,3019.529,404.765,2619.529,189.335,110.285,-22.946,112.647,-1.349,-11.225,25,11.66,13.34,1.3508,222000,201200.3,-93821.3,-259590.9,-1258156.2,-27943.0,5765.4,0.0,0.0,-86333.5,-718372.0,0,0
69.85,3021.367,404.38,2621.367,189.72,110.263,-23.131,112.663,-1.357,-11.098,25,11.75,13.25,1.3422,222000,201200.3,-93821.3,-260096.1,-1250072.5,-27941.2,5813.6,0.0,0.0,-86837.0,-710240.2,0,0
69.8667,3023.204,403.991,2623.204,190.109,110.24,-23.314,112.678,-1.364,-10.972,25,11.85,13.15,1.3337,222000,201200.3,-93821.3,-260568.6,-1242075.1,-27939.4,5861.3,0.0,0.0,-87307.7,-702195.1,0,0
69.8833,3025.041,403.6,2625.041,190.5,110.217,-23.495,112.693,-1.371,-10.847,25,11.94,13.06,1.3253,222000,201200.3,-93821.3,-261009.4,-1234163.0,-27937.4,5908.4,0.0,0.0,-87746.5,-694235.9,0,0
69.9,3026.877,403.205,2626.877,190.895,110.194,-23.674,112.708,-1.377,-10.724,25,12.03,12.97,1.317,222000,201200.3,-93821.3,-261419.3,-1226335.6,-27935.4,5955.0,0.0,0.0,-88154.4,-686361.8,0,0
69.9167,3028.714,402.808,2628.714,191.292,110.171,-23.851,112.723,-1.383,-10.603,25,12.12,12.88,1.3088,222000,201200.3,-93821.3,-261799.3,-1218591.9,-27933.3,6001.1,0.0,0.0,-88532.3,-678572.1,0,0
69.9333,3030.549,402.407,2630.549,191.693,110.148,-24.025,112.737,-1.389,-10.482,25,12.22,12.78,1.3006,222000,201200.3,-93821.3,-262150.3,-1210931.4,-27931.1,6046.7,0.0,0.0,-88881.1,-670865.9,0,0
69.95,3032.385,402.004,2632.385,192.096,110.125,-24.198,112.752,-1.394,-10.363,25,12.3,12.7,1.2926,222000,201200.3,-93821.3,-262473.1,-1203353.0,-27928.8,6091.8,0.0,0.0,-89201.6,-663242.5,0,0
69.9667,3034.22,401.598,2634.22,192.502,110.101,-24.369,112.766,-1.398,-10.245,25,12.39,12.61,1.2846,222000,201200.3,-93821.3,-262768.5,-1195856.2,-27926.5,6136.4,0.0,0.0,-89494.6,-655701.1,0,0
69.9833,3036.055,401.189,2636.055,192.911,110.078,-24.538,112.78,-1.403,-10.129,25,12.48,12.52,1.2768,222000,201200.3,-93821.3,-263037.4,-1188440.1,-27924.0,6180.4,0.0,0.0,-89761.1,-648240.9,0,0
70.0,3037.889,400.777,2637.889,193.323,110.054,-24.704,112.793,-1.406,-10.013,25,12.57,12.43,1.269,222000,201200.3,-93821.3,-263280.5,-1181104.0,-27921.5,6224.0,0.0,0.0,-90001.7,-640861.2,0,0
70.0167,3039.723,400.363,2639.723,193.737,110.031,-24.869,112.806,-1.41,-9.899,25,12.65,12.35,1.2613,222000,201200.3,-93821.3,-263498.6,-1173847.0,-27918.9,6267.1,0.0,0.0,-90217.2,-633561.2,0,0
70.0333,3041.556,399.945,2641.556,194.155,110.007,-25.032,112.82,-1.413,-9.787,25,12.74,12.26,1.2538,222000,201200.3,-93821.3,-263692.6,-1166668.5,-27916.3,6309.7,0.0,0.0,-90408.5,-626340.1,0,0
70.05,3043.389,399.525,2643.389,194.575,109.984,-25.194,112.832,-1.415,-9.675,25,12.82,12.18,1.2462,222000,201200.3,-93821.3,-263863.0,-1159567.7,-27913.5,6351.8,0.0,0.0,-90576.2,-619197.2,0,0
70.0667,3045.222,399.103,2645.222,194.997,109.96,-25.353,112.845,-1.418,-9.565,25,12.9,12.1,1.2388,222000,201200.3,-93821.3,-264010.7,-1152543.8,-27910.7,6393.5,0.0,0.0,-90721.1,-612131.6,0,0
70.0833,3047.054,398.678,2647.054,195.422,109.937,-25.511,112.858,-1.419,-9.455,25,12.98,12.02,1.2315,222000,201200.3,-93821.3,-264136.4,-1145596.1,-27907.9,6434.6,0.0,0.0,-90843.9,-605142.8,0,0
70.1,3048.886,398.25,2648.886,195.85,109.913,-25.667,112.87,-1.421,-9.347,25,13.06,11.94,1.2242,222000,201200.3,-93821.3,-264240.7,-1138723.9,-27905.0,6475.3,0.0,0.0,-90945.3,-598229.8,0,0
70.1167,3050.717,397.82,2650.717,196.28,109.889,-25.821,112.882,-1.422,-9.241,25,13.14,11.86,1.217,222000,201200.3,-93821.3,-264324.3,-1131926.3,-27902.0,6515.6,0.0,0.0,-91025.9,-591392.0,0,0
70.1333,3052.549,397.387,2652.549,196.713,109.865,-25.973,112.894,-1.423,-9.135,25,13.22,11.78,1.2099,222000,201200.3,-93821.3,-264387.9,-1125202.8,-27898.9,6555.4,0.0,0.0,-91086.5,-584628.6,0,0
70.15,3054.379,396.951,2654.379,197.149,109.842,-26.123,112.905,-1.424,-9.03,25,13.3,11.7,1.2029,222000,201200.3,-93821.3,-264432.0,-1118552.5,-27895.8,6594.7,0.0,0.0,-91127.5,-577939.0,0,0
70.1667,3056.21,396.513,2656.21,197.587,109.818,-26.272,112.917,-1.424,-8.927,25,13.38,11.62,1.196,222000,201200.3,-93821.3,-264457.4,-1111974.7,-27892.7,6633.6,0.0,0.0,-91149.8,-571322.3,0,0
70.1833,3058.039,396.073,2658.039,198.027,109.794,-26.419,112.928,-1.424,-8.825,25,13.45,11.55,1.1891,222000,201200.3,-93821.3,-264464.6,-1105468.7,-27889.5,6672.1,0.0,0.0,-91153.8,-564777.8,0,0
70.2,3059.869,395.63,2659.869,198.47,109.77,-26.565,112.939,-1.424,-8.724,25,13.53,11.47,1.1823,222000,201200.3,-93821.3,-264454.3,-1099033.7,-27886.2,6710.1,0.0,0.0,-91140.2,-558304.9,0,0
70.2167,3061.698,395.185,2661.698,198.915,109.747,-26.708,112.95,-1.424,-8.623,25,13.6,11.4,1.1756,222000,201200.3,-93821.3,-264426.9,-1092669.2,-27882.9,6747.7,0.0,0.0,-91109.5,-551902.8,0,0
70.2333,3063.527,394.738,2663.527,199.362,109.723,-26.85,112.961,-1.423,-8.525,25,13.68,11.32,1.169,222000,201200.3,-93821.3,-264383.1,-1086374.3,-27879.6,6784.9,0.0,0.0,-91062.4,-545570.7,0,0
70.25,3065.355,394.288,2665.355,199.812,109.699,-26.991,112.971,-1.422,-8.427,25,13.75,11.25,1.1624,222000,201200.3,-93821.3,-264323.4,-1080148.4,-27876.2,6821.6,0.0,0.0,-90999.3,-539308.1,0,0
70.2667,3067.183,393.836,2667.183,200.264,109.676,-27.13,112.981,-1.421,-8.33,25,13.82,11.18,1.156,222000,201200.3,-93821.3,-264248.3,-1073990.8,-27872.7,6857.9,0.0,0.0,-90920.7,-533114.2,0,0
70.2833,3069.011,393.381,2669.011,200.719,109.652,-27.267,112.991,-1.419,-8.234,25,13.89,11.11,1.1495,222000,201200.3,-93821.3,-264158.4,-1067900.8,-27869.3,6893.8,0.0,0.0,-90827.4,-526988.2,0,0
70.3,3070.838,392.925,2670.838,201.175,109.628,-27.403,113.001,-1.417,-8.14,25,13.96,11.04,1.1432,222000,201200.3,-93821.3,-264054.2,-1061877.6,-27865.7,6929.3,0.0,0.0,-90719.6,-520929.6,0,0
70.3167,3072.664,392.466,2672.664,201.634,109.605,-27.537,113.011,-1.416,-8.046,25,14.03,10.97,1.1369,222000,201200.3,-93821.3,-263936.1,-1055920.7,-27862.2,6964.4,0.0,0.0,-90598.0,-514937.5,0,0
70.3333,3074.491,392.004,2674.491,202.096,109.581,-27.669,113.02,-1.413,-7.953,25,14.1,10.9,1.1307,222000,201200.3,-93821.3,-263804.7,-1050029.3,-27858.6,6999.1,0.0,0.0,-90462.9,-509011.4,0,0
70.35,3076.317,391.541,2676.317,202.559,109.558,-27.8,113.03,-1.411,-7.862,25,14.17,10.83,1.1246,222000,201200.3,-93821.3,-263660.4,-1044202.7,-27854.9,7033.3,0.0,0.0,-90315.0,-503150.6,0,0
70.3667,3078.142,391.076,2678.142,203.024,109.534,-27.93,113.039,-1.409,-7.771,25,14.24,10.76,1.1186,222000,201200.3,-93821.3,-263503.7,-1038440.4,-27851.2,7067.2,0.0,0.0,-90154.6,-497354.4,0,0
70.3833,3079.968,390.608,2679.968,203.492,109.511,-28.058,113.048,-1.406,-7.682,25,14.3,10.7,1.1126,222000,201200.3,-93821.3,-263334.9,-1032741.6,-27847.5,7100.7,0.0,0.0,-89982.1,-491622.1,0,0
70.4,3081.792,390.138,2681.792,203.962,109.487,-28.184,113.057,-1.403,-7.593,25,14.37,10.63,1.1066,222000,201200.3,-93821.3,-263154.7,-1027105.7,-27843.8,7133.9,0.0,0.0,-89798.1,-485953.1,0,0
70.4167,3083.617,389.666,2683.617,204.434,109.464,-28.309,113.065,-1.4,-7.505,25,14.44,10.56,1.1008,222000,201200.3,-93821.3,-262963.3,-1021532.0,-27840.0,7166.6,0.0,0.0,-89603.0,-480346.6,0,0
70.4333,3085.441,389.193,2685.441,204.907,109.441,-28.433,113.074,-1.397,-7.419,25,14.5,10.5,1.095,222000,201200.3,-93821.3,-262761.1,-1016019.9,-27836.2,7199.0,0.0,0.0,-89397.0,-474802.2,0,0
70.45,3087.264,388.717,2687.264,205.383,109.418,-28.555,113.082,-1.393,-7.333,25,14.56,10.44,1.0893,222000,201200.3,-93821.3,-262548.7,-1010568.7,-27832.4,7230.9,0.0,0.0,-89180.8,-469319.1,0,0
70.4667,3089.088,388.239,2689.088,205.861,109.394,-28.676,113.09,-1.39,-7.248,25,14.63,10.37,1.0836,222000,201200.3,-93821.3,-262326.4,-1005177.9,-27828.5,7262.6,0.0,0.0,-88954.6,-463896.6,0,0
70.4833,3090.91,387.759,2690.91,206.341,109.371,-28.795,113.098,-1.386,-7.165,25,14.69,10.31,1.078,222000,201200.3,-93821.3,-262094.5,-999846.8,-27824.7,7293.8,0.0,0.0,-88718.8,-458534.2,0,0
70.5,3092.733,387.277,2692.733,206.823,109.348,-28.913,113.106,-1.382,-7.082,25,14.75,10.25,1.0725,222000,201200.3,-93821.3,-261853.4,-994574.7,-27820.7,7324.7,0.0,0.0,-88473.8,-453231.2,0,0
70.5167,3094.555,386.793,2694.555,207.307,109.325,-29.03,113.114,-1.378,-7.0,25,14.81,10.19,1.067,222000,201200.3,-93821.3,-261603.5,-989361.0,-27816.8,7355.2,0.0,0.0,-88220.0,-447987.0,0,0
70.5333,3096.377,386.307,2696.377,207.793,109.302,-29.145,113.121,-1.374,-6.919,25,14.87,10.13,1.0616,222000,201200.3,-93821.3,-261345.2,-984205.2,-27812.9,7385.4,0.0,0.0,-87957.7,-442801.0,0,0
70.55,3098.198,385.82,2698.198,208.28,109.28,-29.259,113.129,-1.37,-6.839,25,14.93,10.07,1.0563,222000,201200.3,-93821.3,-261078.8,-979106.6,-27808.9,7415.2,0.0,0.0,-87687.3,-437672.6,0,0
70.5667,3100.019,385.33,2700.019,208.77,109.257,-29.372,113.136,-1.366,-6.759,25,14.99,10.01,1.051,222000,201200.3,-93821.3,-260804.5,-974064.6,-27804.9,7444.7,0.0,0.0,-87409.1,-432601.1,0,0
70.5833,3101.84,384.839,2701.84,209.261,109.234,-29.483,113.143,-1.361,-6.681,25,15.05,9.95,1.0457,222000,201200.3,-93821.3,-260522.8,-969078.6,-27800.9,7473.9,0.0,0.0,-87123.3,-427586.0,0,0
70.6,3103.66,384.345,2703.66,209.755,109.211,-29.594,113.15,-1.357,-6.604,25,15.1,9.9,1.0406,222000,201200.3,-93821.3,-260234.0,-964148.1,-27796.8,7502.7,0.0,0.0,-86830.5,-422626.7,0,0
70.6167,3105.48,383.85,2705.48,210.25,109.189,-29.702,113.157,-1.352,-6.527,25,15.16,9.84,1.0355,222000,201200.3,-93821.3,-259938.3,-959272.3,-27792.8,7531.1,0.0,0.0,-86530.7,-417722.5,0,0
70.6333,3107.299,383.354,2707.299,210.746,109.166,-29.81,113.163,-1.347,-6.451,25,15.22,9.78,1.0304,222000,201200.3,-93821.3,-259636.1,-954450.9,-27788.7,7559.3,0.0,0.0,-86224.4,-412872.9,0,0
70.65,3109.118,382.855,2709.118,211.245,109.144,-29.916,113.17,-1.342,-6.376,25,15.27,9.73,1.0254,222000,201200.3,-93821.3,-259327.6,-949683.1,-27784.6,7587.1,0.0,0.0,-85911.8,-408077.3,0,0
70.6667,3110.937,382.355,2710.937,211.745,109.122,-30.021,113.176,-1.337,-6.302,25,15.33,9.67,1.0205,222000,201200.3,-93821.3,-259013.1,-944968.4,-27780.5,7614.5,0.0,0.0,-85593.3,-403335.1,0,0
70.6833,3112.755,381.853,2712.755,212.247,109.1,-30.125,113.182,-1.332,-6.229,25,15.38,9.62,1.0156,222000,201200.3,-93821.3,-258693.0,-940306.3,-27776.4,7641.7,0.0,0.0,-85269.0,-398645.8,0,0
70.7,3114.573,381.349,2714.573,212.751,109.077,-30.228,113.188,-1.327,-6.156,25,15.44,9.56,1.0108,222000,201200.3,-93821.3,-258367.4,-935696.1,-27772.2,7668.6,0.0,0.0,-84939.3,-394008.8,0,0
70.7167,3116.391,380.843,2716.391,213.257,109.055,-30.329,113.194,-1.322,-6.085,25,15.49,9.51,1.006,222000,201200.3,-93821.3,-258036.7,-931137.3,-27768.1,7695.1,0.0,0.0,-84604.4,-389423.5,0,0
70.7333,3118.208,380.336,2718.208,213.764,109.034,-30.429,113.2,-1.317,-6.014,25,15.54,9.46,1.0013,222000,201200.3,-93821.3,-257701.0,-926629.4,-27763.9,7721.3,0.0,0.0,-84264.6,-384889.4,0,0
70.75,3120.025,379.827,2720.025,214.273,109.012,-30.528,113.206,-1.311,-5.944,25,15.59,9.41,0.9966,222000,201200.3,-93821.3,-257360.7,-922171.9,-27759.7,7747.2,0.0,0.0,-83920.1,-380405.9,0,0
70.7667,3121.841,379.317,2721.841,214.783,108.99,-30.626,113.211,-1.306,-5.875,25,15.64,9.36,0.992,222000,201200.3,-93821.3,-257015.9,-917764.1,-27755.5,7772.8,0.0,0.0,-83571.1,-375972.5,0,0
70.7833,3123.657,378.805,2723.657,215.295,108.968,-30.723,113.216,-1.3,-5.806,25,15.7,9.3,0.9874,222000,201200.3,-93821.3,-256667.0,-913405.5,-27751.4,7798.1,0.0,0.0,-83218.0,-371588.6,0,0
70.8,3125.473,378.291,2725.473,215.809,108.947,-30.819,113.222,-1.295,-5.738,25,15.75,9.25,0.9829,222000,201200.3,-93821.3,-256314.0,-909095.7,-27747.1,7823.1,0.0,0.0,-82860.8,-367253.8,0,0
70.8167,3127.289,377.776,2727.289,216.324,108.925,-30.913,113.227,-1.289,-5.671,25,15.8,9.2,0.9784,222000,201200.3,-93821.3,-255957.3,-904834.0,-27742.9,7847.9,0.0,0.0,-82499.9,-362967.4,0,0
70.8333,3129.104,377.259,2729.104,216.841,108.904,-31.007,113.232,-1.283,-5.605,25,15.84,9.16,0.974,222000,201200.3,-93821.3,-255597.0,-900620.0,-27738.7,7872.3,0.0,0.0,-82135.4,-358729.0,0,0
70.85,3130.918,376.741,2730.918,217.359,108.882,-31.099,113.237,-1.278,-5.54,25,15.89,9.11,0.9697,222000,201200.3,-93821.3,-255233.4,-896453.2,-27734.5,7896.4,0.0,0.0,-81767.6,-354538.0,0,0
70.8667,3132.733,376.221,2732.733,217.879,108.861,-31.19,113.241,-1.272,-5.475,25,15.94,9.06,0.9654,222000,201200.3,-93821.3,-254866.7,-892333.0,-27730.2,7920.3,0.0,0.0,-81396.6,-350394.0,0,0
70.8833,3134.547,375.7,2734.547,218.4,108.84,-31.28,113.246,-1.266,-5.411,25,15.99,9.01,0.9611,222000,201200.3,-93821.3,-254497.0,-888258.9,-27726.0,7943.8,0.0,0.0,-81022.7,-346296.3,0,0
70.9,3136.36,375.177,2736.36,218.923,108.819,-31.369,113.25,-1.26,-5.348,25,16.03,8.97,0.9569,222000,201200.3,-93821.3,-254124.6,-884230.5,-27721.8,7967.1,0.0,0.0,-80646.0,-342244.6,0,0
70.9167,3138.174,374.653,2738.174,219.447,108.798,-31.457,113.255,-1.254,-5.285,25,16.08,8.92,0.9527,222000,201200.3,-93821.3,-253749.6,-880247.2,-27717.5,7990.1,0.0,0.0,-80266.7,-338238.3,0,0
70.9333,3139.987,374.127,2739.987,219.973,108.777,-31.545,113.259,-1.248,-5.223,25,16.13,8.87,0.9486,222000,201200.3,-93821.3,-253372.2,-876308.5,-27713.2,8012.9,0.0,0.0,-79885.1,-334276.9,0,0
70.95,3141.799,373.6,2741.799,220.5,108.757,-31.631,113.263,-1.242,-5.162,25,16.17,8.83,0.9445,222000,201200.3,-93821.3,-252992.5,-872414.0,-27709.0,8035.4,0.0,0.0,-79501.2,-330359.9,0,0
70.9667,3143.611,373.071,2743.611,221.029,108.736,-31.716,113.267,-1.236,-5.101,25,16.22,8.78,0.9405,222000,201200.3,-93821.3,-252610.8,-868563.2,-27704.7,8057.6,0.0,0.0,-79115.2,-326486.9,0,0
70.9833,3145.423,372.541,2745.423,221.559,108.716,-31.8,113.271,-1.23,-5.042,25,16.26,8.74,0.9365,222000,201200.3,-93821.3,-252227.2,-864755.5,-27700.4,8079.5,0.0,0.0,-78727.4,-322657.3,0,0
71.0,3147.235,372.01,2747.235,222.09,108.695,-31.883,113.275,-1.224,-4.982,25,16.3,8.7,0.9326,222000,201200.3,-93821.3,-251841.9,-860990.6,-27696.2,8101.2,0.0,0.0,-78337.8,-318870.7,0,0
71.0167,3149.046,371.477,2749.046,222.623,108.675,-31.965,113.278,-1.218,-4.924,25,16.35,8.65,0.9287,222000,201200.3,-93821.3,-251455.0,-857268.0,-27691.9,8122.6,0.0,0.0,-77946.6,-315126.6,0,0
71.0333,3150.857,370.943,2750.857,223.157,108.655,-32.046,113.282,-1.212,-4.866,25,16.39,8.61,0.9249,222000,201200.3,-93821.3,-251066.7,-853587.1,-27687.6,8143.8,0.0,0.0,-77554.0,-311424.6,0,0
71.05,3152.668,370.407,2752.668,223.693,108.635,-32.126,113.285,-1.206,-4.809,25,16.43,8.57,0.9211,222000,201200.3,-93821.3,-250677.1,-849947.6,-27683.3,8164.7,0.0,0.0,-77160.1,-307764.1,0,0
71.0667,3154.478,369.871,2754.478,224.229,108.615,-32.205,113.289,-1.199,-4.752,25,16.47,8.53,0.9173,222000,201200.3,-93821.3,-250286.3,-846348.9,-27679.0,8185.4,0.0,0.0,-76765.0,-304144.8,0,0
71.0833,3156.288,369.333,2756.288,224.767,108.595,-32.283,113.292,-1.193,-4.696,25,16.52,8.48,0.9136,222000,201200.3,-93821.3,-249894.5,-842790.7,-27674.8,8205.8,0.0,0.0,-76368.9,-300566.2,0,0
71.1,3158.097,368.793,2758.097,225.307,108.575,-32.361,113.295,-1.187,-4.641,25,16.56,8.44,0.9099,222000,201200.3,-93821.3,-249501.8,-839272.5,-27670.5,8226.0,0.0,0.0,-75972.0,-297027.8,0,0
71.1167,3159.907,368.253,2759.907,225.847,108.555,-32.437,113.298,-1.181,-4.586,25,16.6,8.4,0.9063,222000,201200.3,-93821.3,-249108.4,-835793.8,-27666.2,8245.9,0.0,0.0,-75574.2,-293529.2,0,0
71.1333,3161.716,367.711,2761.716,226.389,108.536,-32.513,113.301,-1.175,-4.532,25,16.64,8.36,0.9027,222000,201200.3,-93821.3,-248714.3,-832354.3,-27661.9,8265.6,0.0,0.0,-75175.9,-290069.9,0,0
71.15,3163.524,367.168,2763.524,226.932,108.516,-32.587,113.304,-1.168,-4.479,25,16.68,8.32,0.8992,222000,201200.3,-93821.3,-248319.7,-828953.4,-27657.6,8285.1,0.0,0.0,-74777.0,-286649.6,0,0
71.1667,3165.333,366.623,2765.333,227.477,108.497,-32.661,113.306,-1.162,-4.426,25,16.71,8.29,0.8957,222000,201200.3,-93821.3,-247924.7,-825590.8,-27653.3,8304.3,0.0,0.0,-74377.7,-283267.7,0,0
71.1833,3167.141,366.078,2767.141,228.022,108.485,-32.712,113.309,-0.741,-3.023,24,16.75,7.25,0.8022,222000,202807.1,-90295.5,-222559.5,-739318.8,-27649.1,8323.3,0.0,0.0,-47401.5,-193451.0,0,0
71.2,3168.949,365.532,2768.949,228.568,108.479,-32.739,113.312,-0.321,-1.636,23,16.78,6.22,0.7098,222000,204352.1,-86742.3,-197244.1,-654140.2,-27646.6,8336.3,0.0,0.0,-20538.7,-104706.2,0,0
71.2167,3170.757,364.987,2770.757,229.113,108.481,-32.743,113.315,0.096,-0.266,22,16.79,5.21,0.6186,222000,205834.8,-83162.7,-172033.0,-570026.6,-27645.9,8343.5,0.0,0.0,6156.0,-17005.8,0,0
71.2333,3172.565,364.441,2772.565,229.659,108.489,-32.725,113.318,0.51,1.089,21,16.8,4.2,0.5284,222000,207254.9,-79557.7,-146978.3,-486949.9,-27647.0,8344.8,0.0,0.0,32629.6,69677.3,0,0
71.25,3174.373,363.897,2774.373,230.203,108.505,-32.685,113.321,0.919,2.428,20,16.79,3.21,0.4393,222000,208611.8,-75928.5,-122130.2,-404882.4,-27649.9,8340.4,0.0,0.0,58831.7,155369.5,0,0
71.2667,3176.182,363.353,2776.182,230.747,108.527,-32.622,113.324,1.324,3.752,19,16.76,2.24,0.3513,222000,209905.1,-72276.1,-97536.8,-323797.3,-27654.5,8330.3,0.0,0.0,84713.8,240096.9,0,0
71.2833,3177.991,362.811,2777.991,231.289,108.555,-32.538,113.327,1.722,5.061,18,16.73,1.27,0.2643,222000,211134.5,-68601.8,-73244.4,-243668.1,-27660.9,8314.6,0.0,0.0,110229.3,323884.7,0,0
71.3,3179.801,362.27,2779.801,231.83,108.591,-32.432,113.33,2.115,6.356,17,16.69,0.31,0.1783,222000,212299.7,-64906.5,-49297.1,-164469.2,-27669.0,8293.3,0.0,0.0,135333.6,406757.6,0,0
71.3167,3181.612,361.732,2781.612,232.368,108.632,-32.305,113.334,2.5,7.637,16,16.63,-0.63,0.0934,222000,213400.1,-61191.5,-25737.3,-86175.6,-27678.8,8266.6,0.0,0.0,159984.0,488739.5,0,0
71.3333,3183.423,361.196,2783.423,232.904,108.68,-32.156,113.338,2.877,8.904,15,16.56,-1.56,0.0095,222000,214435.5,-57457.8,-2605.8,-8762.8,-27690.3,8234.4,0.0,0.0,184139.4,569853.8,0,0
71.35,3185.235,360.663,2785.235,233.437,108.734,-31.987,113.342,3.246,10.158,14,16.48,-2.48,-0.0734,222000,215405.7,-53706.7,20058.4,67792.8,-27703.4,8196.9,0.0,0.0,207760.7,650123.0,0,0
71.3667,3187.048,360.133,2787.048,233.967,108.794,-31.797,113.346,3.606,11.4,13,16.39,-3.39,-0.1553,222000,216310.2,-49939.1,42218.1,143513.9,-27718.2,8154.0,0.0,0.0,230810.1,729568.8,0,0
71.3833,3188.863,359.606,2788.863,234.494,108.86,-31.586,113.35,3.957,12.628,12,16.29,-4.29,-0.2363,222000,217148.8,-46156.4,63837.5,218422.7,-27734.6,8105.9,0.0,0.0,253251.7,808212.2,0,0
71.4,3190.678,359.084,2790.678,235.016,108.932,-31.356,113.355,4.298,13.845,11,16.18,-5.18,-0.3162,222000,217921.2,-42359.6,84882.2,292540.6,-27752.5,8052.5,0.0,0.0,275050.9,886073.5,0,0
71.4167,3192.495,358.565,2792.495,235.535,109.009,-31.105,113.36,4.628,15.05,10,16.06,-6.06,-0.3952,222000,218627.3,-38549.9,105319.4,365888.0,-27771.9,7994.0,0.0,0.0,296174.9,963172.2,0,0
71.4333,3194.313,358.051,2794.313,236.049,109.092,-30.834,113.365,4.947,16.243,9,15.93,-6.93,-0.4733,222000,219266.8,-34728.5,125117.9,438484.8,-27792.8,7930.4,0.0,0.0,316591.9,1039526.7,0,0
71.45,3196.133,357.542,2796.133,236.558,109.179,-30.544,113.371,5.254,17.424,8,15.78,-7.78,-0.5504,222000,219839.5,-30896.4,144247.4,510349.7,-27815.1,7861.8,0.0,0.0,336271.8,1115155.1,0,0
71.4667,3197.954,357.038,2797.954,237.062,109.272,-30.234,113.377,5.55,18.595,7,15.63,-8.63,-0.6266,222000,220345.2,-27055.0,162679.4,581501.0,-27838.8,7788.1,0.0,0.0,355185.8,1190074.1,0,0
71.4833,3199.777,356.54,2799.777,237.56,109.369,-29.905,113.384,5.833,19.755,6,15.47,-9.47,-0.7019,222000,220783.9,-23205.3,180386.2,651955.8,-27863.9,7709.5,0.0,0.0,373306.1,1264300.0,0,0
71.5,3201.601,356.047,2801.601,238.053,109.471,-29.556,113.39,6.103,20.904,5,15.29,-10.29,-0.7763,222000,221155.2,-19348.6,197341.6,721730.8,-27890.3,7626.0,0.0,0.0,390606.6,1337848.2,0,0
71.5167,3203.428,355.561,2803.428,238.539,109.577,-29.189,113.398,6.36,22.043,4,15.11,-11.11,-0.8498,222000,221459.2,-15485.9,213520.6,790841.4,-27917.9,7537.6,0.0,0.0,407061.9,1410733.1,0,0
71.5333,3205.256,355.081,2805.256,239.019,109.687,-28.803,113.405,6.604,23.171,3,14.92,-11.92,-0.9224,222000,221695.8,-11618.6,228899.1,859302.6,-27946.7,7444.4,0.0,0.0,422648.2,1482968.4,0,0
71.55,3207.086,354.608,2807.086,239.492,109.801,-28.398,113.413,6.833,24.29,2,14.71,-12.71,-0.9942,222000,221864.8,-7747.7,243454.3,927128.3,-27976.7,7346.4,0.0,0.0,437342.4,1554567.0,0,0
71.5667,3208.918,354.141,2808.918,239.959,109.918,-27.974,113.422,7.049,25.399,1,14.5,-13.5,-1.0651,222000,221966.2,-3874.4,257164.3,994331.7,-28007.7,7243.6,0.0,0.0,451122.7,1625540.9,0,0
71.5833,3210.752,353.683,2810.752,240.417,110.052,-27.48,113.431,8.054,29.659,0,14.28,-14.28,-1.3515,222000,222000.0,-0.0,321495.8,1263231.8,-28039.8,7136.2,0.0,0.0,515456.0,1898208.0,0,1
71.6,3212.588,353.233,2812.588,240.867,110.183,-26.993,113.441,7.829,29.202,-1,14.02,-15.02,-1.3145,222000,221966.2,3874.4,307179.1,1230190.1,-28076.4,7010.7,0.0,0.0,501068.9,1868915.2,0,1
71.6167,3214.427,352.791,2814.427,241.309,110.31,-26.514,113.451,7.609,28.739,-2,13.77,-15.77,-1.2772,222000,221864.8,7747.7,293207.1,1196824.1,-28112.1,6887.1,0.0,0.0,486959.7,1839298.9,0,1
71.6333,3216.267,352.357,2816.267,241.743,110.433,-26.043,113.462,7.393,28.271,-3,13.52,-16.52,-1.2397,222000,221695.8,11618.6,279575.6,1163135.3,-28147.0,6765.5,0.0,0.0,473124.4,1809359.4,0,1
71.65,3218.11,351.931,2818.11,242.169,110.552,-25.58,113.473,7.181,27.798,-4,13.27,-17.27,-1.202,222000,221459.2,15485.9,266280.3,1129125.1,-28181.1,6645.9,0.0,0.0,459558.4,1779097.0,0,1
71.6667,3219.954,351.512,2819.954,242.588,110.669,-25.125,113.485,6.973,27.32,-5,13.03,-18.03,-1.1641,222000,221155.2,19348.6,253316.7,1094795.0,-28214.4,6528.3,0.0,0.0,446257.5,1748511.9,0,1
71.6833,3221.801,351.101,2821.801,242.999,110.782,-24.677,113.497,6.769,26.838,-6,12.79,-18.79,-1.1259,222000,220783.9,23205.3,240680.0,1060146.1,-28246.9,6412.8,0.0,0.0,433216.9,1717604.2,0,1
71.7,3223.649,350.697,2823.649,243.403,110.891,-24.238,113.509,6.569,26.35,-7,12.56,-19.56,-1.0876,222000,220345.2,27055.0,228365.5,1025179.8,-28278.7,6299.3,0.0,0.0,420432.0,1686374.0,0,1
71.7167,3225.499,350.3,2825.499,243.8,110.997,-23.807,113.522,6.373,25.857,-8,12.33,-20.33,-1.049,222000,219839.5,30896.4,216368.1,989897.2,-28309.7,6187.8,0.0,0.0,407897.8,1654821.4,0,1
71.7333,3227.351,349.911,2827.351,244.189,111.1,-23.385,113.535,6.181,25.359,-9,12.11,-21.11,-1.0102,222000,219266.8,34728.5,204682.6,954299.4,-28340.0,6078.5,0.0,0.0,395609.4,1622946.4,0,1
71.75,3229.204,349.528,2829.204,244.572,111.2,-22.97,113.548,5.993,24.855,-10,11.89,-21.89,-0.9712,222000,218627.3,38549.9,193303.7,918387.5,-28369.5,5971.3,0.0,0.0,383561.5,1590748.7,0,1
71.7667,3231.059,349.152,2831.059,244.948,111.297,-22.565,113.561,5.809,24.347,-11,11.67,-22.67,-0.9319,222000,217921.2,42359.6,182225.9,882162.5,-28398.3,5866.2,0.0,0.0,371748.8,1558228.3,0,1
71.7833,3232.915,348.782,2832.915,245.318,111.391,-22.167,113.575,5.628,23.834,-12,11.46,-23.46,-0.8924,222000,217148.8,46156.4,171443.4,845625.4,-28426.4,5763.2,0.0,0.0,360165.7,1525385.0,0,1
71.8,3234.773,348.419,2834.773,245.681,111.482,-21.779,113.589,5.45,23.316,-13,11.26,-24.26,-0.8527,222000,216310.2,49939.1,160950.4,808777.0,-28453.8,5662.4,0.0,0.0,348806.7,1492218.6,0,1
71.8167,3236.633,348.063,2836.633,246.037,111.57,-21.399,113.603,5.276,22.793,-14,11.05,-25.05,-0.8128,222000,215405.7,53706.7,150740.8,771618.3,-28480.5,5563.9,0.0,0.0,337666.0,1458728.8,0,1
71.8333,3238.494,347.712,2838.494,246.388,111.655,-21.028,113.617,5.105,22.264,-15,10.86,-25.86,-0.7726,222000,214435.5,57457.8,140808.4,734149.9,-28506.5,5467.5,0.0,0.0,326737.4,1424915.2,0,1
71.85,3240.356,347.368,2840.356,246.732,111.737,-20.666,113.632,4.938,21.731,-16,10.67,-26.67,-0.7322,222000,213400.1,61191.5,131146.8,696372.7,-28531.9,5373.4,0.0,0.0,316015.0,1390777.6,0,1
71.8667,3242.22,347.029,2842.22,247.071,111.816,-20.312,113.646,4.773,21.192,-17,10.48,-27.48,-0.6916,222000,212299.7,64906.5,121749.1,658287.4,-28556.5,5281.5,0.0,0.0,305492.3,1356315.4,0,1
71.8833,3244.085,346.696,2844.085,247.404,111.893,-19.968,113.661,4.612,20.649,-18,10.3,-28.3,-0.6507,222000,211134.5,68601.8,112608.8,619894.7,-28580.5,5191.9,0.0,0.0,295162.8,1321528.4,0,1
71.9,3245.951,346.369,2845.951,247.731,111.968,-19.633,113.676,4.453,20.1,-19,10.12,-29.12,-0.6096,222000,209905.1,72276.1,103718.6,581195.2,-28603.9,5104.6,0.0,0.0,285019.9,1286415.9,0,1
71.9167,3247.818,346.047,2847.818,248.053,112.039,-19.307,113.691,4.298,19.547,-20,9.95,-29.95,-0.5682,222000,208611.8,75928.5,95071.4,542189.6,-28626.6,5019.6,0.0,0.0,275056.6,1250977.6,0,1
71.9333,3249.687,345.731,2849.687,248.369,112.108,-18.991,113.705,4.145,18.988,-21,9.78,-30.78,-0.5266,222000,207254.9,79557.7,86659.7,502878.3,-28648.6,4936.9,0.0,0.0,265266.0,1215213.0,0,1
71.95,3251.556,345.419,2851.556,248.681,112.175,-18.684,113.72,3.994,18.424,-22,9.61,-31.61,-0.4848,222000,205834.8,83162.7,78475.8,463262.1,-28670.0,4856.6,0.0,0.0,255640.7,1179121.4,0,1
71.9667,3253.427,345.113,2853.427,248.987,112.239,-18.386,113.735,3.846,17.855,-23,9.46,-32.46,-0.4427,222000,204352.1,86742.3,70511.9,423341.3,-28690.7,4778.7,0.0,0.0,246173.3,1142702.4,0,1
71.9833,3255.298,344.811,2855.298,249.289,112.301,-18.098,113.75,3.701,17.281,-24,9.3,-33.3,-0.4003,222000,202807.1,90295.5,62759.9,383116.6,-28710.9,4703.2,0.0,0.0,236856.1,1105955.4,0,1
72.0,3257.171,344.514,2857.171,249.586,112.36,-17.82,113.764,3.558,16.701,-25,9.16,-34.16,-0.3577,222000,201200.3,93821.3,55211.4,342588.5,-28730.3,4630.2,0.0,0.0,227681.3,1068879.9,0,1
72.0167,3259.045,344.222,2859.045,249.878,112.417,-17.551,113.779,3.416,16.117,-26,9.01,-35.01,-0.3149,222000,199532.3,97318.4,47857.8,301757.3,-28749.2,4559.5,0.0,0.0,218640.9,1031475.2,0,1
72.0333,3260.919,343.934,2860.919,250.166,112.471,-17.293,113.793,3.277,15.527,-27,8.87,-35.87,-0.2718,222000,197803.4,100785.9,40690.5,260623.7,-28767.4,4491.4,0.0,0.0,209726.5,993740.9,0,1
72.05,3262.795,343.65,2862.795,250.45,112.524,-17.044,113.807,3.14,14.932,-28,8.74,-36.74,-0.2284,222000,196014.4,104222.7,33700.3,219188.0,-28785.0,4425.7,0.0,0.0,200929.6,955676.4,0,1
72.0667,3264.671,343.369,2864.671,250.731,112.574,-16.805,113.821,3.004,14.333,-29,8.61,-37.61,-0.1848,222000,194165.6,107627.7,26878.0,177450.8,-28802.0,4362.6,0.0,0.0,192241.5,917281.1,0,1
72.0833,3266.548,343.093,2866.548,251.007,112.622,-16.576,113.835,2.87,13.727,-30,8.49,-38.49,-0.141,222000,192257.6,111000.0,20214.1,135412.6,-28818.4,4302.0,0.0,0.0,183653.4,878554.5,0,1
72.1,3268.426,342.821,2868.426,251.279,112.667,-16.357,113.849,2.737,13.117,-31,8.37,-39.37,-0.0968,222000,190291.1,114338.5,13698.9,93073.8,-28834.1,4243.9,0.0,0.0,175155.9,839496.1,0,1
72.1167,3270.304,342.551,2870.304,251.549,112.711,-16.149,113.862,2.605,12.502,-32,8.26,-40.26,-0.0524,222000,188266.7,117642.1,7322.3,50435.0,-28849.2,4188.4,0.0,0.0,166739.8,800105.5,0,1
72.1333,3272.183,342.286,2872.183,251.814,112.752,-15.951,113.875,2.475,11.881,-33,8.15,-41.15,-0.0078,222000,186184.9,120909.9,1074.1,7496.7,-28863.7,4135.5,0.0,0.0,158395.3,760382.1,0,1
72.15,3274.063,342.023,2874.063,252.077,112.793,-15.752,113.888,2.485,11.957,-33,8.05,-41.05,-0.0129,222000,186184.9,120909.9,1752.6,12388.6,-28877.5,4085.3,0.0,0.0,159060.0,765223.8,0,1
72.1667,3275.944,341.764,2875.944,252.336,112.835,-15.551,113.902,2.495,12.033,-33,7.95,-40.95,-0.018,222000,186184.9,120909.9,2418.1,17315.1,-28891.5,4034.7,0.0,0.0,159711.4,770099.7,0,1
72.1833,3277.825,341.508,2877.825,252.592,112.877,-15.349,113.916,2.505,12.11,-33,7.85,-40.85,-0.0231,222000,186184.9,120909.9,3070.2,22276.3,-28905.6,3983.8,0.0,0.0,160349.4,775010.0,0,1
72.2,3279.707,341.256,2879.707,252.844,112.919,-15.146,113.93,2.515,12.187,-33,7.74,-40.74,-0.0283,222000,186184.9,120909.9,3708.6,27272.5,-28919.9,3932.6,0.0,0.0,160973.6,779955.0,0,1
72.2167,3281.59,341.007,2881.59,253.093,112.961,-14.942,113.945,2.525,12.265,-33,7.64,-40.64,-0.0335,222000,186184.9,120909.9,4333.1,32304.0,-28934.3,3881.1,0.0,0.0,161583.7,784935.0,0,1
72.2333,3283.473,340.761,2883.473,253.339,113.003,-14.736,113.96,2.534,12.343,-33,7.54,-40.54,-0.0387,222000,186184.9,120909.9,4943.3,37371.1,-28948.8,3829.2,0.0,0.0,162179.3,789950.2,0,1
72.25,3285.357,340.519,2885.357,253.581,113.045,-14.529,113.975,2.543,12.422,-33,7.43,-40.43,-0.044,222000,186184.9,120909.9,5538.8,42474.1,-28963.4,3777.0,0.0,0.0,162760.3,795000.9,0,1
72.2667,3287.242,340.28,2887.242,253.82,113.088,-14.321,113.991,2.552,12.501,-33,7.32,-40.32,-0.0493,222000,186184.9,120909.9,6119.5,47613.2,-28978.2,3724.4,0.0,0.0,163326.1,800087.5,0,1
72.2833,3289.128,340.045,2889.128,254.055,113.131,-14.111,114.007,2.561,12.581,-33,7.22,-40.22,-0.0546,222000,186184.9,120909.9,6684.8,52788.7,-28993.2,3671.5,0.0,0.0,163876.5,805210.1,0,1
72.3,3291.014,339.813,2891.014,254.287,113.173,-13.9,114.024,2.569,12.662,-33,7.11,-40.11,-0.06,222000,186184.9,120909.9,7234.6,58001.0,-29008.2,3618.3,0.0,0.0,164411.2,810369.1,0,1
72.3167,3292.901,339.585,2892.901,254.515,113.216,-13.688,114.041,2.577,12.743,-33,7.0,-40.0,-0.0654,222000,186184.9,120909.9,7768.4,63250.2,-29023.4,3564.7,0.0,0.0,164929.9,815564.8,0,1
72.3333,3294.788,339.361,2894.788,254.739,113.259,-13.474,114.058,2.585,12.825,-33,6.89,-39.89,-0.0708,222000,186184.9,120909.9,8286.0,68536.8,-29038.7,3510.7,0.0,0.0,165432.1,820797.4,0,1
72.35,3296.677,339.14,2896.677,254.96,113.303,-13.259,114.076,2.592,12.907,-33,6.78,-39.78,-0.0763,222000,186184.9,120909.9,8786.9,73861.0,-29054.2,3456.4,0.0,0.0,165917.5,826067.3,0,1
72.3667,3298.566,338.922,2898.566,255.178,113.346,-13.042,114.094,2.6,12.99,-33,6.67,-39.67,-0.0818,222000,186184.9,120909.9,9270.7,79223.0,-29069.8,3401.8,0.0,0.0,166385.8,831374.7,0,1
72.3833,3300.456,338.709,2900.456,255.391,113.389,-12.824,114.112,2.607,13.074,-33,6.56,-39.56,-0.0873,222000,186184.9,120909.9,9737.3,84623.3,-29085.5,3346.8,0.0,0.0,166836.6,836719.9,0,1
72.4,3302.346,338.498,2902.346,255.602,113.433,-12.605,114.131,2.614,13.158,-33,6.45,-39.45,-0.0928,222000,186184.9,120909.9,10186.0,90062.0,-29101.4,3291.4,0.0,0.0,167269.5,842103.2,0,1
72.4167,3304.238,338.292,2904.238,255.808,113.477,-12.384,114.15,2.62,13.243,-33,6.34,-39.34,-0.0984,222000,186184.9,120909.9,10616.7,95539.5,-29117.4,3235.6,0.0,0.0,167684.2,847525.0,0,1
72.4333,3306.13,338.089,2906.13,256.011,113.52,-12.162,114.17,2.626,13.328,-33,6.23,-39.23,-0.1041,222000,186184.9,120909.9,11028.8,101056.1,-29133.5,3179.5,0.0,0.0,168080.2,852985.5,0,1
72.45,3308.022,337.89,2908.022,256.21,113.564,-11.939,114.19,2.632,13.414,-33,6.12,-39.12,-0.1097,222000,186184.9,120909.9,11422.1,106612.1,-29149.7,3123.0,0.0,0.0,168457.2,858485.0,0,1
72.4667,3309.916,337.695,2909.916,256.405,113.608,-11.714,114.21,2.638,13.5,-33,6.0,-39.0,-0.1154,222000,186184.9,120909.9,11796.1,112207.8,-29166.1,3066.1,0.0,0.0,168814.8,864023.8,0,1
72.4833,3311.81,337.504,2911.81,256.596,113.652,-11.487,114.231,2.643,13.588,-33,5.89,-38.89,-0.1211,222000,186184.9,120909.9,12150.3,117843.6,-29182.6,3008.9,0.0,0.0,169152.6,869602.3,0,1
72.5,3313.705,337.316,2913.705,256.784,113.696,-11.259,114.253,2.648,13.675,-33,5.77,-38.77,-0.1269,222000,186184.9,120909.9,12484.5,123519.6,-29199.3,2951.3,0.0,0.0,169470.1,875220.8,0,1
72.5167,3315.601,337.132,2915.601,256.968,113.741,-11.03,114.274,2.653,13.764,-33,5.66,-38.66,-0.1327,222000,186184.9,120909.9,12798.2,129236.3,-29216.0,2893.2,0.0,0.0,169767.0,880879.4,0,1
72.5333,3317.497,336.952,2917.497,257.148,113.785,-10.799,114.296,2.657,13.853,-33,5.54,-38.54,-0.1385,222000,186184.9,120909.9,13090.9,134994.0,-29232.9,2834.8,0.0,0.0,170042.8,886578.7,0,1
72.55,3319.394,336.776,2919.394,257.324,113.829,-10.567,114.319,2.661,13.942,-33,5.42,-38.42,-0.1444,222000,186184.9,120909.9,13362.2,140792.9,-29250.0,2776.0,0.0,0.0,170297.2,892318.8,0,1
72.5667,3321.292,336.604,2921.292,257.496,113.874,-10.333,114.341,2.665,14.033,-33,5.3,-38.3,-0.1503,222000,186184.9,120909.9,13611.8,146633.5,-29267.1,2716.8,0.0,0.0,170529.6,898100.1,0,1
72.5833,3323.191,336.436,2923.191,257.664,113.918,-10.097,114.365,2.668,14.124,-33,5.18,-38.18,-0.1562,222000,186184.9,120909.9,13839.1,152515.9,-29284.4,2657.2,0.0,0.0,170739.6,903923.0,0,1
72.6,3325.09,336.271,2925.09,257.829,113.963,-9.86,114.388,2.671,14.215,-33,5.07,-38.07,-0.1622,222000,186184.9,120909.9,14043.7,158440.6,-29301.8,2597.2,0.0,0.0,170926.8,909787.7,0,1
72.6167,3326.99,336.111,2926.99,257.989,114.007,-9.622,114.413,2.673,14.308,-33,4.95,-37.95,-0.1682,222000,186184.9,120909.9,14225.1,164407.8,-29319.3,2536.8,0.0,0.0,171090.7,915694.5,0,1
72.6333,3328.891,335.955,2928.891,258.145,114.052,-9.382,114.437,2.675,14.401,-33,4.82,-37.82,-0.1743,222000,186184.9,120909.9,14382.9,170418.0,-29336.9,2476.0,0.0,0.0,171230.8,921643.8,0,1
72.65,3330.793,335.802,2930.793,258.298,114.096,-9.14,114.462,2.677,14.494,-33,4.7,-37.7,-0.1804,222000,186184.9,120909.9,14516.6,176471.3,-29354.7,2414.7,0.0,0.0,171346.8,927635.9,0,1
72.6667,3332.695,335.654,2932.695,258.446,114.141,-8.897,114.487,2.679,14.589,-33,4.58,-37.58,-0.1865,222000,186184.9,120909.9,14625.7,182568.2,-29372.6,2353.1,0.0,0.0,171438.0,933671.1,0,1
72.6833,3334.598,335.51,2934.598,258.59,114.186,-8.653,114.513,2.68,14.684,-33,4.46,-37.46,-0.1926,222000,186184.9,120909.9,14709.8,188709.0,-29390.6,2291.0,0.0,0.0,171504.1,939749.8,0,1
72.7,3336.502,335.37,2936.502,258.73,114.23,-8.406,114.539,2.68,14.779,-33,4.33,-37.33,-0.1988,222000,186184.9,120909.9,14768.2,194894.0,-29408.7,2228.5,0.0,0.0,171544.4,945872.3,0,1
72.7167,3338.407,335.234,2938.407,258.866,114.275,-8.158,114.566,2.681,14.876,-33,4.21,-37.21,-0.205,222000,186184.9,120909.9,14800.6,201123.5,-29426.9,2165.5,0.0,0.0,171558.6,952038.9,0,1
72.7333,3340.312,335.102,2940.312,258.998,114.32,-7.909,114.593,2.68,14.973,-33,4.08,-37.08,-0.2113,222000,186184.9,120909.9,14806.4,207398.0,-29445.3,2102.1,0.0,0.0,171546.0,958250.0,0,1
72.75,3342.218,334.974,2942.218,259.126,114.364,-7.658,114.62,2.68,15.07,-33,3.96,-36.96,-0.2176,222000,186184.9,120909.9,14785.1,213717.6,-29463.7,2038.3,0.0,0.0,171506.2,964505.8,0,1
72.7667,3344.125,334.851,2944.125,259.249,114.409,-7.405,114.648,2.679,15.169,-33,3.83,-36.83,-0.2239,222000,186184.9,120909.9,14736.2,220082.9,-29482.3,1974.1,0.0,0.0,171438.7,970806.8,0,1
72.7833,3346.032,334.732,2946.032,259.368,114.454,-7.15,114.677,2.677,15.268,-33,3.7,-36.7,-0.2303,222000,186184.9,120909.9,14659.0,226494.0,-29501.0,1909.3,0.0,0.0,171342.9,977153.3,0,1
72.8,3347.941,334.617,2947.941,259.483,114.498,-6.894,114.706,2.675,15.368,-33,3.57,-36.57,-0.2367,222000,186184.9,120909.9,14553.2,232951.5,-29519.8,1844.2,0.0,0.0,171218.2,983545.5,0,1
72.8167,3349.85,334.506,2949.85,259.594,114.543,-6.636,114.735,2.673,15.468,-33,3.45,-36.45,-0.2432,222000,186184.9,120909.9,14418.0,239455.5,-29538.8,1778.6,0.0,0.0,171064.1,989983.9,0,1
72.8333,3351.759,334.4,2951.759,259.7,114.587,-6.377,114.765,2.67,15.57,-33,3.32,-36.32,-0.2497,222000,186184.9,120909.9,14253.0,246006.4,-29557.8,1712.5,0.0,0.0,170880.0,996468.8,0,1
72.85,3353.67,334.298,2953.67,259.802,114.632,-6.116,114.795,2.667,15.672,-33,3.19,-36.19,-0.2562,222000,186184.9,120909.9,14057.5,252604.7,-29576.9,1646.0,0.0,0.0,170665.5,1003000.5,0,1
72.8667,3355.581,334.2,2955.581,259.9,114.676,-5.853,114.825,2.663,15.775,-33,3.05,-36.05,-0.2628,222000,186184.9,120909.9,13831.1,259250.6,-29596.2,1579.0,0.0,0.0,170419.7,1009579.4,0,1
72.8833,3357.493,334.107,2957.493,259.993,114.72,-5.588,114.856,2.658,15.878,-33,2.92,-35.92,-0.2694,222000,186184.9,120909.9,13573.0,265944.5,-29615.5,1511.5,0.0,0.0,170142.3,1016205.9,0,1
72.9,3359.406,334.018,2959.406,260.082,114.765,-5.322,114.888,2.654,15.983,-33,2.79,-35.79,-0.276,222000,186184.9,120909.9,13282.7,272686.8,-29635.0,1443.5,0.0,0.0,169832.5,1022880.2,0,1
72.9167,3361.319,333.934,2961.319,260.166,114.809,-5.054,114.92,2.648,16.088,-33,2.65,-35.65,-0.2827,222000,186184.9,120909.9,12959.5,279477.8,-29654.6,1375.1,0.0,0.0,169489.8,1029602.8,0,1
72.9333,3363.234,333.855,2963.234,260.245,114.853,-4.784,114.952,2.642,16.193,-33,2.52,-35.52,-0.2895,222000,186184.9,120909.9,12602.9,286317.9,-29674.2,1306.2,0.0,0.0,169113.6,1036373.9,0,1
72.95,3365.149,333.779,2965.149,260.321,114.897,-4.512,114.985,2.636,16.3,-33,2.39,-35.39,-0.2962,222000,186184.9,120909.9,12212.2,293207.3,-29694.0,1236.8,0.0,0.0,168703.1,1043194.0,0,1
72.9667,3367.064,333.709,2967.064,260.391,114.941,-4.239,115.019,2.629,16.407,-33,2.25,-35.25,-0.303,222000,186184.9,120909.9,11786.8,300146.6,-29713.9,1166.9,0.0,0.0,168257.8,1050063.3,0,1
72.9833,3368.981,333.643,2968.981,260.457,114.984,-3.963,115.053,2.622,16.515,-33,2.11,-35.11,-0.3099,222000,186184.9,120909.9,11326.0,307136.0,-29733.8,1096.5,0.0,0.0,167777.0,1056982.4,0,1
73.0,3370.898,333.581,2970.898,260.519,115.028,-3.686,115.087,2.613,16.624,-33,1.97,-34.97,-0.3168,222000,186184.9,120909.9,10829.1,314175.9,-29753.9,1025.6,0.0,0.0,167260.1,1063951.4,0,1
73.0167,3372.816,333.524,2972.816,260.576,115.071,-3.407,115.122,2.605,16.734,-33,1.84,-34.84,-0.3237,222000,186184.9,120909.9,10295.5,321266.7,-29774.0,954.2,0.0,0.0,166706.3,1070970.8,0,1
73.0333,3374.734,333.472,2974.734,260.628,115.115,-3.127,115.157,2.596,16.844,-33,1.7,-34.7,-0.3307,222000,186184.9,120909.9,9724.4,328408.8,-29794.3,882.2,0.0,0.0,166115.0,1078040.9,0,1
73.05,3376.654,333.425,2976.654,260.675,115.158,-2.844,115.193,2.586,16.956,-33,1.56,-34.56,-0.3377,222000,186184.9,120909.9,9115.2,335602.4,-29814.6,809.8,0.0,0.0,165485.5,1085162.0,0,1
73.0667,3378.574,333.382,2978.574,260.718,115.201,-2.56,115.229,2.575,17.068,-33,1.41,-34.41,-0.3447,222000,186184.9,120909.9,8467.2,342848.0,-29835.0,736.8,0.0,0.0,164817.0,1092334.7,0,1
73.0833,3380.494,333.344,2980.494,260.756,115.243,-2.273,115.266,2.564,17.181,-33,1.27,-34.27,-0.3518,222000,186184.9,120909.9,7779.6,350145.9,-29855.5,663.3,0.0,0.0,164108.9,1099559.1,0,1
73.1,3382.416,333.311,2982.416,260.789,115.286,-1.985,115.303,2.553,17.294,-33,1.13,-34.13,-0.359,222000,186184.9,120909.9,7051.7,357496.5,-29876.1,589.3,0.0,0.0,163360.4,1106835.7,0,1
73.1167,3384.338,333.283,2984.338,260.817,115.328,-1.695,115.341,2.54,17.409,-33,0.99,-33.99,-0.3662,222000,186184.9,120909.9,6282.7,364900.2,-29896.8,514.8,0.0,0.0,162570.8,1114164.8,0,1
73.1333,3386.261,333.26,2986.261,260.84,115.37,-1.403,115.379,2.527,17.524,-33,0.84,-33.84,-0.3734,222000,186184.9,120909.9,5472.0,372357.3,-29917.6,439.7,0.0,0.0,161739.3,1121546.9,0,1
73.15,3388.184,333.241,2988.184,260.859,115.412,-1.109,115.417,2.514,17.64,-33,0.7,-33.7,-0.3806,222000,186184.9,120909.9,4618.7,379868.3,-29938.4,364.0,0.0,0.0,160865.1,1128982.1,0,1
73.1667,3390.108,333.228,2990.108,260.872,115.454,-0.813,115.457,2.499,17.757,-33,0.55,-33.55,-0.388,222000,186184.9,120909.9,3722.0,387433.4,-29959.3,287.8,0.0,0.0,159947.5,1136471.0,0,1
73.1833,3392.033,333.219,2992.033,260.881,115.495,-0.515,115.496,2.484,17.875,-33,0.4,-33.4,-0.3953,222000,186184.9,120909.9,2781.1,395053.0,-29980.3,211.1,0.0,0.0,158985.7,1144013.9,0,1
73.2,3393.959,333.215,2993.959,260.885,115.536,-0.215,115.537,2.468,17.994,-33,0.26,-33.26,-0.4027,222000,186184.9,120909.9,1795.3,402727.6,-30001.4,133.7,0.0,0.0,157978.8,1151611.2,0,1
73.2167,3395.885,333.217,2995.885,260.883,115.577,0.087,115.577,2.452,18.113,-33,0.11,-33.11,-0.4101,222000,186184.9,120909.9,763.7,410457.4,-30022.5,55.9,0.0,0.0,156926.0,1159263.2,0,1
73.2333,3397.812,333.223,2997.812,260.877,115.618,0.391,115.618,2.435,18.234,-33,-0.04,-32.96,-0.4176,222000,186184.9,120909.9,-314.6,418243.0,-30043.7,-22.6,0.0,0.0,155826.6,1166970.2,0,1
73.25,3399.74,333.235,2999.74,260.865,115.658,0.697,115.66,2.417,18.355,-33,-0.19,-32.81,-0.4252,222000,186184.9,120909.9,-1440.3,426084.5,-30065.0,-101.6,0.0,0.0,154679.6,1174732.8,0,1
73.2667,3401.668,333.252,3001.668,260.848,115.698,1.005,115.702,2.398,18.477,-33,-0.35,-32.65,-0.4327,222000,186184.9,120909.9,-2614.4,433982.5,-30086.3,-181.2,0.0,0.0,153484.2,1182551.1,0,1
73.2833,3403.597,333.274,3003.597,260.826,115.738,1.315,115.745,2.379,18.6,-33,-0.5,-32.5,-0.4404,222000,186184.9,120909.9,-3837.7,441937.2,-30107.7,-261.5,0.0,0.0,152239.5,1190425.6,0,1
73.3,3405.527,333.301,3005.527,260.799,115.777,1.627,115.788,2.359,18.724,-33,-0.65,-32.35,-0.448,222000,186184.9,120909.9,-5111.2,449949.1,-30129.1,-342.2,0.0,0.0,150944.6,1198356.7,0,1
73.3167,3407.457,333.333,3007.457,260.767,115.816,1.941,115.832,2.337,18.849,-33,-0.81,-32.19,-0.4557,222000,186184.9,120909.9,-6435.6,458018.5,-30150.6,-423.6,0.0,0.0,149598.6,1206344.7,0,1
73.3333,3409.388,333.371,3009.388,260.729,115.855,2.257,115.877,2.316,18.975,-33,-0.96,-32.04,-0.4635,222000,186184.9,120909.9,-7812.0,466145.8,-30172.2,-505.6,0.0,0.0,148200.7,1214390.0,0,1
73.35,3411.319,333.414,3011.319,260.686,115.893,2.576,115.921,2.293,19.101,-33,-1.12,-31.88,-0.4713,222000,186184.9,120909.9,-9241.4,474331.4,-30193.8,-588.3,0.0,0.0,146749.7,1222493.0,0,1
73.3667,3413.252,333.462,3013.252,260.638,115.931,2.896,115.967,2.269,19.229,-33,-1.27,-31.73,-0.4791,222000,186184.9,120909.9,-10724.5,482575.6,-30215.4,-671.5,0.0,0.0,145244.9,1230654.0,0,1
73.3833,3415.184,333.516,3015.184,260.584,115.968,3.219,116.013,2.245,19.357,-33,-1.43,-31.57,-0.487,222000,186184.9,120909.9,-12262.5,490878.8,-30237.1,-755.3,0.0,0.0,143685.3,1238873.3,0,1
73.4,3417.118,333.575,3017.118,260.525,116.005,3.543,116.059,2.22,19.487,-33,-1.59,-31.41,-0.495,222000,186184.9,120909.9,-13856.3,499241.4,-30258.8,-839.8,0.0,0.0,142069.8,1247151.4,0,1
73.4167,3419.052,333.639,3019.052,260.461,116.042,3.87,116.106,2.194,19.617,-33,-1.75,-31.25,-0.503,222000,186184.9,120909.9,-15506.8,507663.7,-30280.6,-924.9,0.0,0.0,140397.4,1255488.6,0,1
73.4333,3420.987,333.709,3020.987,260.391,116.078,4.2,116.154,2.167,19.748,-33,-1.91,-31.09,-0.511,222000,186184.9,120909.9,-17215.2,516146.1,-30302.4,-1010.7,0.0,0.0,138667.2,1263885.3,0,1
73.45,3422.922,333.785,3022.922,260.315,116.113,4.531,116.202,2.139,19.88,-33,-2.07,-30.93,-0.5191,222000,186184.9,120909.9,-18982.5,524689.0,-30324.3,-1097.1,0.0,0.0,136878.2,1272341.8,0,1
73.4667,3424.858,333.866,3024.858,260.234,116.148,4.864,116.25,2.11,20.013,-33,-2.23,-30.77,-0.5272,222000,186184.9,120909.9,-20809.6,533292.8,-30346.1,-1184.1,0.0,0.0,135029.1,1280858.5,0,1
73.4833,3426.794,333.952,3026.794,260.148,116.183,5.2,116.299,2.08,20.147,-33,-2.4,-30.6,-0.5354,222000,186184.9,120909.9,-22697.7,541957.7,-30368.0,-1271.8,0.0,0.0,133119.1,1289435.8,0,1
73.5,3428.731,334.045,3028.731,260.055,116.217,5.538,116.349,2.049,20.282,-33,-2.56,-30.44,-0.5436,222000,186184.9,120909.9,-24647.9,550684.2,-30389.9,-1360.2,0.0,0.0,131147.1,1298073.9,0,1
73.5167,3430.668,334.143,3030.668,259.957,116.251,5.879,116.399,2.017,20.418,-33,-2.73,-30.27,-0.5519,222000,186184.9,120909.9,-26661.2,559472.7,-30411.9,-1449.3,0.0,0.0,129111.8,1306773.3,0,1
73.5333,3432.606,334.246,3032.606,259.854,116.284,6.221,116.45,1.985,20.555,-33,-2.89,-30.11,-0.5602,222000,186184.9,120909.9,-28738.8,568323.4,-30433.8,-1539.0,0.0,0.0,127012.2,1315534.3,0,1
73.55,3434.545,334.356,3034.545,259.744,116.317,6.566,116.502,1.951,20.693,-33,-3.06,-29.94,-0.5686,222000,186184.9,120909.9,-30881.9,577236.7,-30455.8,-1629.4,0.0,0.0,124847.3,1324357.2,0,1
73.5667,3436.484,334.471,3036.484,259.629,116.348,6.913,116.554,1.916,20.832,-33,-3.23,-29.77,-0.577,222000,186184.9,120909.9,-33091.5,586213.1,-30477.7,-1720.5,0.0,0.0,122615.7,1333242.5,0,1
73.5833,3438.424,334.592,3038.424,259.508,116.38,7.263,116.606,1.88,20.972,-33,-3.4,-29.6,-0.5855,222000,186184.9,120909.9,-35368.8,595252.7,-30499.7,-1812.2,0.0,0.0,120316.3,1342190.4,0,1
73.6,3440.364,334.719,3040.364,259.381,116.41,7.615,116.659,1.843,21.113,-33,-3.57,-29.43,-0.594,222000,186184.9,120909.9,-37715.2,604356.1,-30521.6,-1904.7,0.0,0.0,117948.0,1351201.3,0,1
73.6167,3442.305,334.852,3042.305,259.248,116.441,7.969,116.713,1.805,21.254,-33,-3.74,-29.26,-0.6026,222000,186184.9,120909.9,-40131.7,613523.5,-30543.6,-1997.9,0.0,0.0,115509.6,1360275.5,0,1
73.6333,3444.246,334.991,3044.246,259.109,116.47,8.325,116.767,1.766,21.397,-33,-3.92,-29.08,-0.6112,222000,186184.9,120909.9,-42619.6,622755.3,-30565.5,-2091.8,0.0,0.0,112999.7,1369413.3,0,1
73.65,3446.188,335.135,3046.188,258.965,116.499,8.684,116.822,1.725,21.541,-33,-4.09,-28.91,-0.6199,222000,186184.9,120909.9,-45180.2,632051.8,-30587.5,-2186.4,0.0,0.0,110417.2,1378615.2,0,1
73.6667,3448.13,335.286,3048.13,258.814,116.527,9.046,116.877,1.684,21.686,-33,-4.26,-28.74,-0.6286,222000,186184.9,120909.9,-47814.7,641413.3,-30609.4,-2281.8,0.0,0.0,107760.8,1387881.4,0,1
73.6833,3450.072,335.443,3050.072,258.657,116.554,9.41,116.933,1.641,21.831,-33,-4.44,-28.56,-0.6374,222000,186184.9,120909.9,-50524.4,650840.3,-30631.3,-2377.9,0.0,0.0,105029.2,1397212.2,0,1
73.7,3452.015,335.606,3052.015,258.494,116.581,9.776,116.99,1.597,21.978,-33,-4.62,-28.38,-0.6463,222000,186184.9,120909.9,-53310.7,660332.9,-30653.2,-2474.7,0.0,0.0,102221.0,1406608.1,0,1
73.7167,3453.959,335.775,3053.959,258.325,116.607,10.145,117.047,1.552,22.126,-33,-4.79,-28.21,-0.6552,222000,186184.9,120909.9,-56174.9,669891.6,-30675.0,-2572.3,0.0,0.0,99335.0,1416069.2,0,1
73.7333,3455.903,335.95,3055.903,258.15,116.632,10.516,117.105,1.506,22.275,-33,-4.97,-28.03,-0.6641,222000,186184.9,120909.9,-59118.3,679516.6,-30696.8,-2670.6,0.0,0.0,96369.7,1425595.9,0,1
73.75,3457.847,336.132,3057.847,257.968,116.656,10.89,117.163,1.458,22.425,-33,-5.15,-27.85,-0.6731,222000,186184.9,120909.9,-62142.4,689208.3,-30718.5,-2769.7,0.0,0.0,93323.9,1435188.5,0,1
73.7667,3459.792,336.319,3059.792,257.781,116.68,11.266,117.222,1.409,22.576,-33,-5.33,-27.67,-0.6821,222000,186184.9,120909.9,-65248.6,698967.0,-30740.3,-2869.6,0.0,0.0,90196.0,1444847.3,0,1
73.7833,3461.737,336.514,3061.737,257.586,116.702,11.645,117.282,1.359,22.728,-33,-5.52,-27.48,-0.6912,222000,186184.9,120909.9,-68438.2,708793.0,-30761.9,-2970.2,0.0,0.0,86984.8,1454572.6,0,1
73.8,3463.682,336.714,3063.682,257.386,116.724,12.026,117.342,1.308,22.881,-33,-5.7,-27.3,-0.7004,222000,186184.9,120909.9,-71712.7,718686.6,-30783.5,-3071.7,0.0,0.0,83688.6,1464364.8,0,1
73.8167,3465.628,336.921,3065.628,257.179,116.745,12.41,117.403,1.255,23.035,-33,-5.88,-27.12,-0.7096,222000,186184.9,120909.9,-75073.7,728648.0,-30805.1,-3173.9,0.0,0.0,80306.1,1474224.0,0,1
73.8333,3467.574,337.134,3067.574,256.966,116.765,12.797,117.464,1.201,23.19,-33,-6.07,-26.93,-0.7189,222000,186184.9,120909.9,-78522.5,738677.7,-30826.5,-3276.9,0.0,0.0,76835.8,1484150.6,0,1
73.85,3469.52,337.354,3069.52,256.746,116.784,13.186,117.526,1.145,23.346,-33,-6.25,-26.75,-0.7282,222000,186184.9,120909.9,-82060.8,748775.7,-30847.9,-3380.7,0.0,0.0,73276.1,1494144.9,0,1
73.8667,3471.467,337.58,3071.467,256.52,116.802,13.577,117.589,1.088,23.503,-33,-6.44,-26.56,-0.7376,222000,186184.9,120909.9,-85690.1,758942.5,-30869.3,-3485.4,0.0,0.0,69625.5,1504207.0,0,1
73.8833,3473.414,337.813,3073.414,256.287,116.819,13.972,117.652,1.029,23.662,-33,-6.63,-26.37,-0.747,222000,186184.9,120909.9,-89411.9,769178.3,-30890.5,-3590.8,0.0,0.0,65882.5,1514337.4,0,1
73.9,3475.361,338.052,3075.361,256.048,116.835,14.369,117.716,0.969,23.821,-33,-6.82,-26.18,-0.7565,222000,186184.9,120909.9,-93227.9,779483.4,-30911.6,-3697.1,0.0,0.0,62045.3,1524536.2,0,1
73.9167,3477.309,338.299,3077.309,255.801,116.851,14.769,117.78,0.908,23.981,-33,-7.01,-25.99,-0.766,222000,186184.9,120909.9,-97139.6,789858.0,-30932.7,-3804.2,0.0,0.0,58112.6,1534803.6,0,1
73.9333,3479.256,338.551,3079.256,255.549,116.865,15.171,117.845,0.845,24.143,-33,-7.2,-25.8,-0.7756,222000,186184.9,120909.9,-101148.8,800302.3,-30953.6,-3912.2,0.0,0.0,54082.4,1545140.0,0,1
73.95,3481.204,338.811,3081.204,255.289,116.878,15.576,117.911,0.781,24.305,-33,-7.4,-25.6,-0.7853,222000,186184.9,120909.9,-105257.1,810816.6,-30974.5,-4021.0,0.0,0.0,49953.3,1555545.5,0,1
73.9667,3483.152,339.077,3083.152,255.023,116.89,15.984,117.977,0.714,24.469,-33,-7.59,-25.41,-0.795,222000,186184.9,120909.9,-109466.2,821401.2,-30995.2,-4130.7,0.0,0.0,45723.5,1566020.4,0,1
73.9833,3485.101,339.351,3085.101,254.749,116.9,16.394,118.044,0.647,24.634,-33,-7.79,-25.21,-0.8048,222000,186184.9,120909.9,-113777.8,832056.2,-31015.8,-4241.2,0.0,0.0,41391.2,1576564.9,0,1
74.0,3487.049,339.631,3087.049,254.469,116.91,16.808,118.112,0.577,24.8,-33,-7.98,-25.02,-0.8146,222000,186184.9,120909.9,-118193.8,842781.8,-31036.3,-4352.6,0.0,0.0,36954.8,1587179.1,0,1
74.0167,3488.998,339.918,3088.998,254.182,116.918,17.224,118.18,0.506,24.967,-33,-8.18,-24.82,-0.8245,222000,186184.9,120909.9,-122715.8,853578.4,-31056.6,-4464.9,0.0,0.0,32412.4,1597863.3,0,1
74.0333,3490.947,340.212,3090.947,253.888,116.926,17.643,118.249,0.434,25.135,-33,-8.38,-24.62,-0.8345,222000,186184.9,120909.9,-127345.8,864445.9,-31076.8,-4578.1,0.0,0.0,27762.2,1608617.7,0,1
74.05,3492.896,340.513,3092.896,253.587,116.932,18.064,118.319,0.359,25.304,-33,-8.58,-24.42,-0.8445,222000,186184.9,120909.9,-132085.5,875384.7,-31096.9,-4692.2,0.0,0.0,23002.5,1619442.4,0,1
74.0667,3494.845,340.821,3094.845,253.279,116.936,18.489,118.389,0.283,25.474,-33,-8.78,-24.22,-0.8546,222000,186184.9,120909.9,-136936.9,886394.9,-31116.8,-4807.1,0.0,0.0,18131.2,1630337.7,0,1
74.0833,3496.794,341.136,3096.794,252.964,116.94,18.916,118.46,0.205,25.645,-33,-8.98,-24.02,-0.8647,222000,186184.9,120909.9,-141901.8,897476.7,-31136.5,-4923.1,0.0,0.0,13146.6,1641303.5,0,1
74.1,3498.743,341.459,3098.743,252.641,116.942,19.347,118.531,0.126,25.818,-33,-9.19,-23.81,-0.8749,222000,186184.9,120909.9,-146982.2,908630.2,-31156.0,-5039.9,0.0,0.0,8046.6,1652340.2,0,1
74.1167,3500.692,341.789,3100.692,252.311,116.943,19.78,118.604,0.044,25.991,-33,-9.39,-23.61,-0.8852,222000,186184.9,120909.9,-152180.0,919855.5,-31175.4,-5157.6,0.0,0.0,2829.4,1663447.7,0,1
74.1333,3502.641,342.125,3102.641,251.975,116.942,20.216,118.676,-0.039,26.166,-33,-9.6,-23.4,-0.8955,222000,186184.9,120909.9,-157497.3,931152.7,-31194.6,-5276.3,0.0,0.0,-2507.1,1674626.3,0,1
74.15,3504.59,342.47,3104.59,251.63,116.94,20.655,118.75,-0.124,26.342,-33,-9.81,-23.19,-0.9059,222000,186184.9,120909.9,-162936.1,942522.1,-31213.6,-5396.0,0.0,0.0,-7964.9,1685876.0,0,1
74.1667,3506.539,342.821,3106.539,251.279,116.936,21.097,118.824,-0.212,26.519,-33,-10.02,-22.98,-0.9163,222000,186184.9,120909.9,-168498.5,953963.6,-31232.4,-5516.6,0.0,0.0,-13546.0,1697196.9,0,1
74.1833,3508.487,343.18,3108.487,250.92,116.931,21.542,118.899,-0.301,26.697,-33,-10.23,-22.77,-0.9268,222000,186184.9,120909.9,-174186.4,965477.3,-31251.0,-5638.1,0.0,0.0,-19252.5,1708589.0,0,1
74.2,3510.436,343.547,3110.436,250.553,116.925,21.99,118.975,-0.392,26.876,-33,-10.44,-22.56,-0.9374,222000,186184.9,120909.9,-180002.2,977063.3,-31269.3,-5760.7,0.0,0.0,-25086.6,1720052.5,0,1
74.2167,3512.385,343.921,3112.385,250.179,116.917,22.441,119.051,-0.485,27.056,-33,-10.65,-22.35,-0.948,222000,186184.9,120909.9,-185947.9,988721.7,-31287.4,-5884.2,0.0,0.0,-31050.4,1731587.4,0,1
74.2333,3514.333,344.302,3114.333,249.798,116.907,22.895,119.128,-0.58,27.237,-33,-10.87,-22.13,-0.9587,222000,186184.9,120909.9,-192025.7,1000452.5,-31305.3,-6008.7,0.0,0.0,-37146.2,1743193.6,0,1
74.25,3516.282,344.692,3116.282,249.408,116.896,23.352,119.205,-0.678,27.42,-33,-11.08,-21.92,-0.9695,222000,186184.9,120909.9,-198237.9,1012255.6,-31322.9,-6134.2,0.0,0.0,-43376.0,1754871.3,0,1
74.2667,3518.23,345.089,3118.23,249.011,116.883,23.812,119.284,-0.777,27.603,-33,-11.3,-21.7,-0.9803,222000,186184.9,120909.9,-204586.8,1024131.2,-31340.3,-6260.7,0.0,0.0,-49742.2,1766620.3,0,1
74.2833,3520.177,345.493,3120.177,248.607,116.868,24.275,119.363,-0.879,27.788,-33,-11.51,-21.49,-0.9912,222000,186184.9,120909.9,-211074.6,1036079.1,-31357.4,-6388.3,0.0,0.0,-56247.1,1778440.7,0,1
74.3,3522.125,345.905,3122.125,248.195,116.852,24.741,119.442,-0.983,27.974,-33,-11.73,-21.27,-1.0022,222000,186184.9,120909.9,-217703.6,1048099.3,-31374.3,-6516.8,0.0,0.0,-62893.0,1790332.4,0,1
74.3167,3524.072,346.326,3124.072,247.774,116.834,25.211,119.523,-1.089,28.161,-33,-11.95,-21.05,-1.0132,222000,186184.9,120909.9,-224476.4,1060191.8,-31390.8,-6646.4,0.0,0.0,-69682.3,1802295.3,0,1
74.3333,3526.019,346.754,3126.019,247.346,116.814,25.683,119.604,-1.197,28.349,-33,-12.18,-20.82,-1.0243,222000,186184.9,120909.9,-231395.2,1072356.5,-31407.0,-6777.1,0.0,0.0,-76617.4,1814329.3,0,1
74.35,3527.966,347.19,3127.966,246.91,116.792,26.159,119.686,-1.308,28.538,-33,-12.4,-20.6,-1.0355,222000,186184.9,120909.9,-238462.6,1084593.4,-31423.0,-6908.8,0.0,0.0,-83700.7,1826434.4,0,1
74.3667,3529.912,347.634,3129.912,246.466,116.768,26.638,119.768,-1.421,28.728,-33,-12.62,-20.38,-1.0467,222000,186184.9,120909.9,-245681.0,1096902.1,-31438.6,-7041.5,0.0,0.0,-90934.7,1838610.5,0,1
74.3833,3531.857,348.086,3131.857,246.014,116.743,27.12,119.851,-1.536,28.92,-33,-12.85,-20.15,-1.058,222000,186184.9,120909.9,-253052.9,1109282.7,-31453.9,-7175.4,0.0,0.0,-98321.9,1850857.2,0,1
74.4,3533.803,348.546,3133.803,245.554,116.715,27.605,119.935,-1.654,29.112,-33,-13.08,-19.92,-1.0694,222000,186184.9,120909.9,-260581.0,1121735.0,-31468.8,-7310.3,0.0,0.0,-105864.9,1863174.6,0,1
74.4167,3535.747,349.014,3135.747,245.086,116.685,28.093,120.02,-1.774,29.306,-33,-13.31,-19.69,-1.0808,222000,186184.9,120909.9,-268267.8,1134258.7,-31483.4,-7446.3,0.0,0.0,-113566.3,1875562.3,0,1
74.4333,3537.692,349.49,3137.692,244.61,116.654,28.585,120.105,-1.897,29.5,-33,-13.54,-19.46,-1.0923,222000,186184.9,120909.9,-276115.9,1146853.6,-31497.6,-7583.4,0.0,0.0,-121428.7,1888020.2,0,1
74.45,3539.635,349.975,3139.635,244.125,116.62,29.08,120.191,-2.023,29.696,-33,-13.77,-19.23,-1.1039,222000,186184.9,120909.9,-284128.2,1159519.6,-31511.5,-7721.6,0.0,0.0,-129454.8,1900547.9,0,1
74.4667,3541.578,350.468,3141.578,243.632,116.584,29.578,120.278,-2.151,29.893,-33,-14.0,-19.0,-1.1156,222000,186184.9,120909.9,-292307.3,1172256.3,-31524.9,-7860.9,0.0,0.0,-137647.4,1913145.3,0,1
74.4833,3543.521,350.969,3143.521,243.131,116.546,30.079,120.365,-2.281,30.091,-33,-14.24,-18.76,-1.1273,222000,186184.9,120909.9,-300655.9,1185063.5,-31538.0,-8001.3,0.0,0.0,-146009.1,1925812.0,0,1
74.5,3545.463,351.479,3145.463,242.621,116.506,30.584,120.454,-2.415,30.29,-33,-14.47,-18.53,-1.1391,222000,186184.9,120909.9,-309177.0,1197940.7,-31550.7,-8142.9,0.0,0.0,-154542.8,1938547.6,0,1
74.5167,3547.404,351.997,3147.404,242.103,116.463,31.092,120.542,-2.551,30.49,-33,-14.71,-18.29,-1.1509,222000,186184.9,120909.9,-317873.3,1210887.7,-31562.9,-8285.7,0.0,0.0,-163251.3,1951351.9,0,1
74.5333,3549.344,352.524,3149.344,241.576,116.419,31.604,120.632,-2.69,30.691,-33,-14.95,-18.05,-1.1629,222000,186184.9,120909.9,-326747.8,1223904.1,-31574.7,-8429.5,0.0,0.0,-172137.6,1964224.4,0,1
74.55,3551.283,353.059,3151.283,241.041,116.371,32.119,120.723,-2.831,30.893,-33,-15.19,-17.81,-1.1749,222000,186184.9,120909.9,-335803.5,1236989.4,-31586.0,-8574.6,0.0,0.0,-181204.6,1977164.7,0,1
74.5667,3553.222,353.603,3153.222,240.497,116.322,32.637,120.814,-2.976,31.096,-33,-15.43,-17.57,-1.187,222000,186184.9,120909.9,-345043.2,1250143.2,-31596.9,-8720.8,0.0,0.0,-190455.2,1990172.3,0,1
74.5833,3555.16,354.156,3155.16,239.944,116.27,33.159,120.906,-3.123,31.301,-33,-15.67,-17.33,-1.1991,222000,186184.9,120909.9,-354470.1,1263365.1,-31607.2,-8868.2,0.0,0.0,-199892.5,2003246.7,0,1
74.6,3557.097,354.717,3157.097,239.383,116.215,33.684,120.998,-3.274,31.506,-33,-15.92,-17.08,-1.2114,222000,186184.9,120909.9,-364087.2,1276654.5,-31617.1,-9016.8,0.0,0.0,-209519.5,2016387.5,0,1
74.6167,3559.033,355.288,3159.033,238.812,116.158,34.212,121.092,-3.427,31.712,-33,-16.16,-16.84,-1.2237,222000,186184.9,120909.9,-373897.7,1290010.8,-31626.5,-9166.7,0.0,0.0,-219339.4,2029594.0,0,1
74.6333,3560.968,355.867,3160.968,238.233,116.098,34.744,121.186,-3.584,31.92,-33,-16.41,-16.59,-1.2361,222000,186184.9,120909.9,-383904.8,1303433.4,-31635.4,-9317.7,0.0,0.0,-229355.3,2042865.6,0,1
74.65,3562.902,356.455,3162.902,237.645,116.036,35.28,121.281,-3.743,32.128,-33,-16.66,-16.34,-1.2485,222000,186184.9,120909.9,-394111.6,1316921.8,-31643.7,-9469.9,0.0,0.0,-239570.5,2056201.8,0,1
74.6667,3564.835,357.052,3164.835,237.048,115.971,35.819,121.376,-3.906,32.338,-33,-16.91,-16.09,-1.2611,222000,186184.9,120909.9,-404521.5,1330475.3,-31651.5,-9623.4,0.0,0.0,-249988.1,2069601.7,0,1
74.6833,3566.766,357.658,3166.766,236.442,115.903,36.361,121.473,-4.072,32.548,-33,-17.16,-15.84,-1.2737,222000,186184.9,120909.9,-415137.8,1344093.0,-31658.7,-9778.1,0.0,0.0,-260611.6,2083064.8,0,1
74.7,3568.697,358.273,3168.697,235.827,115.832,36.907,121.57,-4.241,32.759,-33,-17.42,-15.58,-1.2864,222000,186184.9,120909.9,-425963.9,1357774.4,-31665.3,-9934.1,0.0,0.0,-271444.2,2096590.2,0,1
74.7167,3570.626,358.897,3170.626,235.203,115.759,37.457,121.668,-4.414,32.972,-33,-17.67,-15.33,-1.2991,222000,186184.9,120909.9,-437003.1,1371518.6,-31671.3,-10091.3,0.0,0.0,-282489.5,2110177.2,0,1
74.7333,3572.554,359.53,3172.554,234.57,115.682,38.01,121.767,-4.59,33.185,-33,-17.93,-15.07,-1.312,222000,186184.9,120909.9,-448259.0,1385324.8,-31676.7,-10249.8,0.0,0.0,-293750.8,2123824.8,0,1
74.75,3574.481,360.173,3174.481,233.927,115.603,38.567,121.866,-4.769,33.399,-33,-18.19,-14.81,-1.3249,222000,186184.9,120909.9,-459735.0,1399192.0,-31681.4,-10409.6,0.0,0.0,-305231.6,2137532.2,0,1
74.7667,3576.406,360.825,3176.406,233.275,115.52,39.127,121.967,-4.952,33.614,-33,-18.45,-14.55,-1.3379,222000,186184.9,120909.9,-471434.8,1413119.3,-31685.5,-10570.7,0.0,0.0,-316935.5,2151298.5,0,1
74.7833,3578.33,361.487,3178.33,232.613,115.435,39.691,122.068,-5.139,33.83,-33,-18.71,-14.29,-1.351,222000,186184.9,120909.9,-483362.1,1427105.8,-31688.9,-10733.1,0.0,0.0,-328866.1,2165122.6,0,1
74.8,3580.253,362.158,3180.253,231.942,115.346,40.258,122.169,-5.329,34.047,-33,-18.97,-14.03,-1.3642,222000,186184.9,120909.9,-495520.3,1441150.5,-31691.7,-10896.8,0.0,0.0,-341027.2,2179003.6,0,1
74.8167,3582.174,362.838,3182.174,231.262,115.254,40.829,122.272,-5.522,34.265,-33,-19.24,-13.76,-1.3775,222000,186184.9,120909.9,-507913.4,1455252.1,-31693.7,-11061.8,0.0,0.0,-353422.3,2192940.2,0,1
74.8333,3584.093,363.527,3184.093,230.573,115.19,41.314,122.375,-3.811,29.094,-33,-19.51,-13.49,-1.0644,222000,186184.9,120909.9,-398364.7,1124515.4,-31695.0,-11228.1,0.0,0.0,-243874.9,1862037.1,0,0
74.85,3586.012,364.223,3186.012,229.877,115.127,41.793,122.479,-3.771,28.764,-33,-19.73,-13.27,-1.0442,222000,186184.9,120909.9,-395796.5,1103543.8,-31704.3,-11371.0,0.0,0.0,-241315.9,1840922.6,0,0
74.8667,3587.93,364.928,3187.93,229.172,115.065,42.267,122.583,-3.728,28.439,-33,-19.95,-13.05,-1.0243,222000,186184.9,120909.9,-393094.4,1082846.8,-31713.8,-11512.7,0.0,0.0,-238623.4,1820084.0,0,0
74.8833,3589.847,365.64,3189.847,228.46,115.004,42.736,122.688,-3.684,28.117,-33,-20.17,-12.83,-1.0047,222000,186184.9,120909.9,-390264.2,1062421.2,-31723.6,-11653.2,0.0,0.0,-235803.0,1799517.9,0,0
74.9,3591.762,366.36,3191.762,227.74,114.943,43.199,122.793,-3.638,27.8,-33,-20.39,-12.61,-0.9853,222000,186184.9,120909.9,-387311.1,1042263.6,-31733.8,-11792.5,0.0,0.0,-232860.0,1779221.0,0,0
74.9167,3593.677,367.088,3193.677,227.012,114.883,43.658,122.899,-3.591,27.487,-33,-20.6,-12.4,-0.9662,222000,186184.9,120909.9,-384240.4,1022370.7,-31744.3,-11930.6,0.0,0.0,-229799.9,1759190.0,0,0
74.9333,3595.591,367.823,3195.591,226.277,114.824,44.111,123.006,-3.541,27.178,-33,-20.81,-12.19,-0.9473,222000,186184.9,120909.9,-381057.3,1002739.4,-31755.2,-12067.5,0.0,0.0,-226627.6,1739421.7,0,0
74.95,3597.504,368.566,3197.504,225.534,114.766,44.558,123.113,-3.49,26.874,-33,-21.01,-11.99,-0.9287,222000,186184.9,120909.9,-377766.6,983366.3,-31766.4,-12203.3,0.0,0.0,-223348.1,1719912.9,0,0
74.9667,3599.415,369.316,3199.415,224.784,114.709,45.001,123.22,-3.437,26.573,-33,-21.22,-11.78,-0.9103,222000,186184.9,120909.9,-374373.1,964248.2,-31777.9,-12337.9,0.0,0.0,-219966.2,1700660.1,0,0
74.9833,3601.326,370.073,3201.326,224.027,114.653,45.439,123.329,-3.383,26.276,-33,-21.42,-11.58,-0.8922,222000,186184.9,120909.9,-370881.5,945382.0,-31789.9,-12471.4,0.0,0.0,-216486.5,1681660.4,0,0
75.0,3603.236,370.838,3203.236,223.262,114.597,45.872,123.437,-3.327,25.983,-33,-21.62,-11.38,-0.8742,222000,186184.9,120909.9,-367296.4,926764.4,-31802.1,-12603.9,0.0,0.0,-212913.7,1662910.4,0,0
75.0167,3605.145,371.609,3205.145,222.491,114.543,46.301,123.547,-3.27,25.694,-33,-21.82,-11.18,-0.8566,222000,186184.9,120909.9,-363622.1,908392.4,-31814.8,-12735.2,0.0,0.0,-209252.0,1644407.1,0,0
75.0333,3607.053,372.388,3207.053,221.712,114.489,46.724,123.656,-3.211,25.409,-33,-22.01,-10.99,-0.8391,222000,186184.9,120909.9,-359862.8,890262.8,-31827.8,-12865.5,0.0,0.0,-205505.8,1626147.2,0,0
75.05,3608.961,373.174,3208.961,220.926,114.437,47.143,123.767,-3.151,25.127,-33,-22.2,-10.8,-0.8219,222000,186184.9,120909.9,-356022.8,872372.4,-31841.2,-12994.7,0.0,0.0,-201679.1,1608127.6,0,0
75.0667,3610.867,373.966,3210.867,220.134,114.385,47.557,123.877,-3.09,24.849,-33,-22.39,-10.61,-0.8049,222000,186184.9,120909.9,-352105.9,854718.4,-31855.0,-13122.8,0.0,0.0,-197776.0,1590345.4,0,0
75.0833,3612.773,374.766,3212.773,219.334,114.335,47.967,123.989,-3.028,24.575,-33,-22.58,-10.42,-0.7882,222000,186184.9,120909.9,-348116.2,837297.5,-31869.1,-13250.0,0.0,0.0,-193800.5,1572797.4,0,0
75.1,3614.677,375.572,3214.677,218.528,114.285,48.372,124.1,-2.965,24.304,-33,-22.76,-10.24,-0.7717,222000,186184.9,120909.9,-344057.4,820106.7,-31883.7,-13376.1,0.0,0.0,-189756.2,1555480.5,0,0
75.1167,3616.581,376.385,3216.581,217.715,114.237,48.772,124.213,-2.901,24.037,-33,-22.94,-10.06,-0.7553,222000,186184.9,120909.9,-339933.0,803143.2,-31898.6,-13501.2,0.0,0.0,-185646.8,1538391.9,0,0
75.1333,3618.485,377.204,3218.485,216.896,114.19,49.168,124.325,-2.836,23.774,-33,-23.12,-9.88,-0.7392,222000,186184.9,120909.9,-335746.8,786403.9,-31914.0,-13625.3,0.0,0.0,-181475.9,1521528.4,0,0
75.15,3620.387,378.03,3220.387,216.07,114.143,49.56,124.439,-2.769,23.514,-33,-23.3,-9.7,-0.7234,222000,186184.9,120909.9,-331502.1,769885.9,-31929.7,-13748.5,0.0,0.0,-177247.0,1504887.3,0,0
75.1667,3622.289,378.863,3222.289,215.237,114.098,49.948,124.552,-2.703,23.257,-33,-23.47,-9.53,-0.7077,222000,186184.9,120909.9,-327202.3,753586.3,-31945.9,-13870.7,0.0,0.0,-172963.3,1488465.4,0,0
75.1833,3624.19,379.702,3224.19,214.398,114.054,50.331,124.666,-2.635,23.004,-33,-23.64,-9.36,-0.6922,222000,186184.9,120909.9,-322850.6,737502.1,-31962.4,-13991.9,0.0,0.0,-168628.1,1472260.1,0,0
75.2,3626.09,380.547,3226.09,213.553,114.012,50.711,124.781,-2.566,22.754,-33,-23.81,-9.19,-0.677,222000,186184.9,120909.9,-318450.1,721630.7,-31979.4,-14112.3,0.0,0.0,-164244.6,1456268.3,0,0
75.2167,3627.989,381.398,3227.989,212.702,113.97,51.086,124.896,-2.497,22.508,-33,-23.98,-9.02,-0.6619,222000,186184.9,120909.9,-314003.9,705969.1,-31996.7,-14231.6,0.0,0.0,-159815.8,1440487.3,0,0
75.2333,3629.888,382.256,3229.888,211.844,113.93,51.457,125.011,-2.427,22.264,-33,-24.14,-8.86,-0.6471,222000,186184.9,120909.9,-309514.9,690514.6,-32014.5,-14350.1,0.0,0.0,-155344.6,1424914.4,0,0
75.25,3631.786,383.12,3231.786,210.98,113.89,51.824,125.127,-2.357,22.024,-33,-24.31,-8.69,-0.6324,222000,186184.9,120909.9,-304986.0,675264.4,-32032.7,-14467.7,0.0,0.0,-150833.9,1409546.6,0,0
75.2667,3633.684,383.989,3233.684,210.111,113.852,52.187,125.243,-2.286,21.787,-33,-24.47,-8.53,-0.618,222000,186184.9,120909.9,-300420.0,660215.9,-32051.3,-14584.4,0.0,0.0,-146286.5,1394381.3,0,0
75.2833,3635.581,384.865,3235.581,209.235,113.815,52.546,125.36,-2.214,21.553,-33,-24.63,-8.37,-0.6037,222000,186184.9,120909.9,-295819.5,645366.2,-32070.4,-14700.2,0.0,0.0,-141705.0,1379415.8,0,0
75.3,3637.477,385.747,3237.477,208.353,113.78,52.902,125.477,-2.142,21.323,-33,-24.78,-8.22,-0.5896,222000,186184.9,120909.9,-291187.1,630712.8,-32089.8,-14815.2,0.0,0.0,-137092.1,1364647.4,0,0
75.3167,3639.373,386.634,3239.373,207.466,113.745,53.253,125.594,-2.07,21.095,-33,-24.94,-8.06,-0.5758,222000,186184.9,120909.9,-286525.4,616252.9,-32109.7,-14929.3,0.0,0.0,-132450.2,1350073.5,0,0
75.3333,3641.268,387.528,3241.268,206.572,113.712,53.601,125.712,-1.997,20.87,-33,-25.09,-7.91,-0.5621,222000,186184.9,120909.9,-281836.7,601984.1,-32130.0,-15042.6,0.0,0.0,-127781.9,1335691.4,0,0
75.35,3643.163,388.427,3243.163,205.673,113.68,53.945,125.83,-1.923,20.648,-33,-25.24,-7.76,-0.5486,222000,186184.9,120909.9,-277123.5,587903.8,-32150.7,-15155.1,0.0,0.0,-123089.4,1321498.6,0,0
75.3667,3645.057,389.332,3245.057,204.768,113.649,54.286,125.949,-1.85,20.43,-33,-25.39,-7.61,-0.5353,222000,186184.9,120909.9,-272388.0,574009.3,-32171.9,-15266.7,0.0,0.0,-118375.0,1307492.5,0,0
75.3833,3646.95,390.242,3246.95,203.858,113.619,54.623,126.067,-1.776,20.214,-33,-25.53,-7.47,-0.5221,222000,186184.9,120909.9,-267632.4,560298.3,-32193.4,-15377.5,0.0,0.0,-113640.9,1293670.6,0,0
75.4,3648.844,391.158,3248.844,202.942,113.591,54.956,126.187,-1.701,20.0,-33,-25.68,-7.32,-0.5092,222000,186184.9,120909.9,-262858.8,546768.2,-32215.4,-15487.6,0.0,0.0,-108889.4,1280030.5,0,0
75.4167,3650.736,392.079,3250.736,202.021,113.564,55.286,126.306,-1.627,19.79,-33,-25.82,-7.18,-0.4964,222000,186184.9,120909.9,-258069.4,533416.5,-32237.9,-15596.8,0.0,0.0,-104122.4,1266569.6,0,0
75.4333,3652.629,393.006,3252.629,201.094,113.538,55.612,126.426,-1.552,19.583,-33,-25.96,-7.04,-0.4838,222000,186184.9,120909.9,-253266.0,520240.9,-32260.7,-15705.3,0.0,0.0,-99341.9,1253285.5,0,0
75.45,3654.521,393.938,3254.521,200.162,113.513,55.935,126.547,-1.477,19.378,-33,-26.1,-6.9,-0.4714,222000,186184.9,120909.9,-248450.8,507239.0,-32284.0,-15813.0,0.0,0.0,-94549.9,1240175.9,0,0
75.4667,3656.412,394.876,3256.412,199.224,113.49,56.255,126.667,-1.402,19.176,-33,-26.23,-6.77,-0.4591,222000,186184.9,120909.9,-243625.4,494408.4,-32307.7,-15920.0,0.0,0.0,-89748.3,1227238.3,0,0
75.4833,3658.303,395.819,3258.303,198.281,113.468,56.571,126.788,-1.327,18.976,-33,-26.37,-6.63,-0.447,222000,186184.9,120909.9,-238791.8,481746.8,-32331.9,-16026.2,0.0,0.0,-84938.8,1214470.4,0,0
75.5,3660.194,396.767,3260.194,197.333,113.447,56.884,126.91,-1.252,18.779,-33,-26.5,-6.5,-0.4351,222000,186184.9,120909.9,-233951.6,469251.9,-32356.4,-16131.7,0.0,0.0,-80123.2,1201870.0,0,0
75.5167,3662.084,397.72,3262.084,196.38,113.427,57.194,127.031,-1.177,18.585,-33,-26.63,-6.37,-0.4233,222000,186184.9,120909.9,-229106.5,456921.4,-32381.5,-16236.5,0.0,0.0,-75303.1,1189434.8,0,0
75.5333,3663.975,398.678,3263.975,195.422,113.409,57.5,127.153,-1.101,18.393,-33,-26.76,-6.24,-0.4117,222000,186184.9,120909.9,-224258.3,444753.1,-32406.9,-16340.6,0.0,0.0,-70480.3,1177162.4,0,0
75.55,3665.864,399.642,3265.864,194.458,113.392,57.804,127.275,-1.026,18.204,-33,-26.89,-6.11,-0.4003,222000,186184.9,120909.9,-219408.4,432744.8,-32432.7,-16443.9,0.0,0.0,-65656.3,1165050.8,0,0
75.5667,3667.754,400.61,3267.754,193.49,113.376,58.104,127.398,-0.951,18.017,-33,-27.01,-5.99,-0.389,222000,186184.9,120909.9,-214558.3,420894.3,-32459.0,-16546.6,0.0,0.0,-60832.5,1153097.6,0,0
75.5833,3669.643,401.584,3269.643,192.516,113.362,58.401,127.521,-0.875,17.833,-33,-27.13,-5.87,-0.3779,222000,186184.9,120909.9,-209709.6,409199.4,-32485.7,-16648.5,0.0,0.0,-56010.5,1141300.8,0,0
75.6,3671.533,402.562,3271.533,191.538,113.348,58.695,127.644,-0.8,17.651,-33,-27.26,-5.74,-0.3669,222000,186184.9,120909.9,-204863.6,397658.1,-32512.9,-16749.8,0.0,0.0,-51191.7,1129658.1,0,0
75.6167,3673.421,403.545,3273.421,190.555,113.336,58.986,127.767,-0.725,17.471,-33,-27.38,-5.62,-0.3561,222000,186184.9,120909.9,-200021.8,386268.2,-32540.5,-16850.5,0.0,0.0,-46377.4,1118167.6,0,0
75.6333,3675.31,404.533,3275.31,189.567,113.325,59.275,127.891,-0.65,17.294,-33,-27.49,-5.51,-0.3455,222000,186184.9,120909.9,-195185.3,375027.7,-32568.5,-16950.4,0.0,0.0,-41568.9,1106827.2,0,0
75.65,3677.199,405.525,3277.199,188.575,113.316,59.56,128.015,-0.574,17.119,-33,-27.61,-5.39,-0.3349,222000,186184.9,120909.9,-190355.6,363934.6,-32596.9,-17049.8,0.0,0.0,-36767.6,1095634.7,0,0
75.6667,3679.087,406.523,3279.087,187.577,113.307,59.842,128.139,-0.5,16.947,-33,-27.73,-5.27,-0.3246,222000,186184.9,120909.9,-185533.7,352986.8,-32625.7,-17148.5,0.0,0.0,-31974.6,1084588.2,0,0
75.6833,3680.976,407.525,3280.976,186.575,113.3,60.122,128.264,-0.425,16.776,-33,-27.84,-5.16,-0.3144,222000,186184.9,120909.9,-180721.0,342182.3,-32655.0,-17246.5,0.0,0.0,-27191.1,1073685.7,0,0
75.7,3682.864,408.532,3282.864,185.568,113.295,60.399,128.389,-0.35,16.608,-33,-27.95,-5.05,-0.3043,222000,186184.9,120909.9,-175918.4,331519.2,-32684.7,-17343.9,0.0,0.0,-22418.3,1062925.2,0,0
75.7167,3684.752,409.543,3284.752,184.557,113.29,60.673,128.514,-0.276,16.442,-33,-28.06,-4.94,-0.2944,222000,186184.9,120909.9,-171127.2,320995.7,-32714.8,-17440.7,0.0,0.0,-17657.2,1052304.8,0,0
75.7333,3686.64,410.559,3286.64,183.541,113.287,60.944,128.639,-0.202,16.278,-33,-28.17,-4.83,-0.2846,222000,186184.9,120909.9,-166348.3,310609.6,-32745.4,-17536.9,0.0,0.0,-12908.9,1041822.6,0,0
75.75,3688.528,411.579,3288.528,182.521,113.284,61.213,128.765,-0.128,16.117,-33,-28.28,-4.72,-0.2749,222000,186184.9,120909.9,-161582.8,300359.3,-32776.4,-17632.5,0.0,0.0,-8174.3,1031476.6,0,0
75.7667,3690.416,412.603,3290.416,181.497,113.284,61.479,128.891,-0.054,15.957,-33,-28.38,-4.62,-0.2654,222000,186184.9,120909.9,-156831.7,290242.8,-32807.7,-17727.5,0.0,0.0,-3454.5,1021265.2,0,0
75.7833,3692.304,413.632,3292.304,180.468,113.284,61.742,129.017,0.02,15.8,-33,-28.49,-4.51,-0.256,222000,186184.9,120909.9,-152095.8,280258.4,-32839.5,-17822.0,0.0,0.0,1249.6,1011186.3,0,0
75.8,3694.192,414.666,3294.192,179.434,113.285,62.003,129.143,0.093,15.644,-33,-28.59,-4.41,-0.2468,222000,186184.9,120909.9,-147376.0,270404.2,-32871.8,-17915.8,0.0,0.0,5937.1,1001238.2,0,0
75.8167,3696.081,415.703,3296.081,178.397,113.288,62.261,129.27,0.166,15.491,-33,-28.69,-4.31,-0.2377,222000,186184.9,120909.9,-142673.3,260678.5,-32904.4,-18009.1,0.0,0.0,10607.1,991419.2,0,0
75.8333,3697.969,416.745,3297.969,177.355,113.292,62.517,129.397,0.238,15.339,-33,-28.79,-4.21,-0.2287,222000,186184.9,120909.9,-137988.5,251079.4,-32937.5,-18101.8,0.0,0.0,15258.9,981727.5,0,0
75.85,3699.857,417.792,3299.857,176.308,113.297,62.77,129.524,0.311,15.19,-33,-28.89,-4.11,-0.2198,222000,186184.9,120909.9,-133322.3,241605.4,-32970.9,-18194.0,0.0,0.0,19891.6,972161.3,0,0
75.8667,3701.745,418.842,3301.745,175.258,113.304,63.021,129.651,0.383,15.042,-33,-28.99,-4.01,-0.2111,222000,186184.9,120909.9,-128675.5,232254.7,-33004.8,-18285.6,0.0,0.0,24504.5,962718.9,0,0
75.8833,3703.634,419.896,3303.634,174.204,113.311,63.269,129.778,0.455,14.897,-33,-29.08,-3.92,-0.2025,222000,186184.9,120909.9,-124048.9,223025.5,-33039.1,-18376.7,0.0,0.0,29096.9,953398.8,0,0
75.9,3705.523,420.955,3305.523,173.145,113.32,63.515,129.906,0.526,14.753,-33,-29.18,-3.82,-0.194,222000,186184.9,120909.9,-119443.0,213916.4,-33073.8,-18467.2,0.0,0.0,33668.0,944199.1,0,0
75.9167,3707.411,422.018,3307.411,172.082,113.33,63.758,130.034,0.597,14.611,-33,-29.27,-3.73,-0.1857,222000,186184.9,120909.9,-114858.7,204925.6,-33108.9,-18557.2,0.0,0.0,38217.2,935118.3,0,0
75.9333,3709.3,423.084,3309.3,171.016,113.341,63.999,130.162,0.668,14.471,-33,-29.36,-3.64,-0.1775,222000,186184.9,120909.9,-110296.5,196051.6,-33144.4,-18646.7,0.0,0.0,42743.9,926154.8,0,0
75.95,3711.19,424.155,3311.19,169.945,113.353,64.238,130.29,0.738,14.333,-33,-29.45,-3.55,-0.1693,222000,186184.9,120909.9,-105757.1,187292.7,-33180.3,-18735.7,0.0,0.0,47247.4,917306.9,0,0
75.9667,3713.079,425.229,3313.079,168.871,113.367,64.475,130.419,0.808,14.196,-33,-29.54,-3.46,-0.1613,222000,186184.9,120909.9,-101241.0,178647.5,-33216.6,-18824.1,0.0,0.0,51727.2,908573.2,0,0
75.9833,3714.969,426.308,3314.969,167.792,113.397,64.682,130.548,1.797,12.452,-32,-29.63,-2.37,-0.0635,222000,188266.7,117642.1,-40012.4,70354.2,-33253.4,-18912.1,0.0,0.0,115000.9,796924.1,0,0
76.0,3716.86,427.389,3316.86,166.711,113.443,64.861,130.676,2.78,10.726,-31,-29.7,-1.3,0.0331,222000,190291.1,114338.5,20935.1,-36702.0,-33295.0,-18991.7,0.0,0.0,177931.3,686484.7,0,0
76.0167,3718.752,428.472,3318.752,165.628,113.506,65.012,130.805,3.757,9.019,-30,-29.76,-0.24,0.1283,222000,192257.6,111000.0,81520.8,-142581.1,-33341.5,-19063.0,0.0,0.0,240437.0,577195.9,0,0
76.0333,3720.645,429.558,3320.645,164.542,113.585,65.134,130.935,4.726,7.328,-29,-29.8,0.8,0.2222,222000,194165.6,107627.7,141667.1,-247341.2,-33392.8,-19126.1,0.0,0.0,302439.8,469000.5,0,0
76.05,3722.539,430.645,3322.539,163.455,113.679,65.228,131.064,5.685,5.654,-28,-29.83,1.83,0.3148,222000,196014.4,104222.7,201298.9,-351038.8,-33448.9,-19180.9,0.0,0.0,363864.3,361843.0,0,0
76.0667,3724.436,431.733,3324.436,162.367,113.79,65.295,131.193,6.635,3.995,-27,-29.85,2.85,0.4062,222000,197803.4,100785.9,260344.3,-453728.5,-33509.9,-19227.6,0.0,0.0,424637.8,255669.9,0,0
76.0833,3726.334,432.822,3326.334,161.278,113.916,65.334,131.322,7.573,2.35,-26,-29.85,3.85,0.4963,222000,199532.3,97318.4,318733.6,-555462.9,-33575.5,-19266.2,0.0,0.0,484690.4,150429.4,0,0
76.1,3728.235,433.911,3328.235,160.189,114.058,65.346,131.451,8.499,0.72,-25,-29.84,4.84,0.5852,222000,201200.3,93821.3,376399.9,-656292.8,-33645.8,-19296.7,0.0,0.0,543954.4,46071.8,0,0
76.1167,3730.139,435.0,3330.139,159.1,114.215,65.331,131.579,9.412,-0.898,-24,-29.81,5.81,0.6728,222000,202807.1,90295.5,433278.4,-756267.1,-33720.7,-19319.1,0.0,0.0,602364.9,-57450.8,0,0
76.1333,3732.045,436.088,3332.045,158.012,114.387,65.289,131.708,10.31,-2.503,-23,-29.77,6.77,0.7593,222000,204352.1,86742.3,489306.9,-855432.7,-33800.1,-19333.6,0.0,0.0,659858.9,-160184.0,0,0
76.15,3733.955,437.175,3333.955,156.925,114.573,65.221,131.836,11.193,-4.096,-22,-29.72,7.72,0.8445,222000,205834.8,83162.7,544425.1,-953834.3,-33884.0,-19340.2,0.0,0.0,716375.9,-262171.8,0,0
76.1667,3735.868,438.26,3335.868,155.84,114.774,65.126,131.964,12.06,-5.679,-21,-29.65,8.65,0.9286,222000,207254.9,79557.7,598574.9,-1051514.9,-33972.3,-19338.8,0.0,0.0,771857.5,-363456.0,0,0
76.1833,3737.784,439.344,3337.784,154.756,114.989,65.005,132.092,12.91,-7.251,-20,-29.57,9.57,1.0115,222000,208611.8,75928.5,651700.2,-1148515.2,-34065.0,-19329.4,0.0,0.0,826247.0,-464076.1,0,0
76.2,3739.705,440.425,3339.705,153.675,115.218,64.858,132.219,13.742,-8.814,-19,-29.48,10.48,1.0932,222000,209905.1,72276.1,703746.8,-1244874.0,-34161.8,-19312.2,0.0,0.0,879490.1,-564070.1,0,0
76.2167,3741.629,441.503,3341.629,152.597,115.461,64.686,132.346,14.555,-10.367,-18,-29.38,11.38,1.1738,222000,211134.5,68601.8,754662.4,-1340628.0,-34262.9,-19287.2,0.0,0.0,931534.0,-663473.4,0,0
76.2333,3743.558,442.578,3343.558,151.522,115.717,64.487,132.472,15.349,-11.911,-17,-29.26,12.26,1.2533,222000,212299.7,64906.5,804396.3,-1435811.9,-34368.0,-19254.2,0.0,0.0,982327.9,-762319.6,0,0
76.25,3745.491,443.649,3345.491,150.451,115.985,64.263,132.598,16.122,-13.448,-16,-29.13,13.13,1.3317,222000,213400.1,61191.5,852899.7,-1530458.3,-34477.0,-19213.5,0.0,0.0,1031822.7,-860640.3,0,0
76.2667,3747.428,444.716,3347.428,149.384,116.259,64.026,132.724,16.445,-14.201,-15,-28.99,13.99,1.366,222000,214435.5,57457.8,872659.3,-1575025.6,-34590.0,-19164.9,0.0,0.0,1052504.9,-908892.7,0,1
76.2833,3749.37,445.779,3349.37,148.321,116.526,63.8,132.849,15.997,-13.57,-14,-28.84,14.84,1.3234,222000,215405.7,53706.7,843087.5,-1530887.1,-34704.5,-19112.4,0.0,0.0,1023788.6,-868452.8,0,1
76.3,3751.317,446.839,3351.317,147.261,116.785,63.585,132.973,15.548,-12.926,-13,-28.7,15.7,1.2804,222000,216310.2,49939.1,813605.2,-1485989.7,-34816.8,-19062.8,0.0,0.0,995098.5,-827273.4,0,1
76.3167,3753.268,447.895,3353.268,146.205,117.037,63.38,133.096,15.1,-12.271,-12,-28.57,16.57,1.2372,222000,217148.8,46156.4,784202.4,-1440336.6,-34926.9,-19016.2,0.0,0.0,966424.3,-785356.4,0,1
76.3333,3755.222,448.948,3355.222,145.152,117.281,63.187,133.219,14.652,-11.605,-11,-28.44,17.44,1.1936,222000,217921.2,42359.6,754868.6,-1393930.9,-35034.7,-18972.7,0.0,0.0,937755.2,-742703.9,0,1
76.35,3757.181,449.998,3357.181,144.102,117.518,63.005,133.342,14.204,-10.927,-10,-28.31,18.31,1.1498,222000,218627.3,38549.9,725592.7,-1346776.0,-35140.2,-18932.2,0.0,0.0,909079.8,-699318.3,0,1
76.3667,3759.143,451.046,3359.143,143.054,117.747,62.834,133.463,13.756,-10.238,-9,-28.2,19.2,1.1056,222000,219266.8,34728.5,696363.0,-1298875.1,-35243.5,-18895.0,0.0,0.0,880386.3,-655201.7,0,1
76.3833,3761.109,452.09,3361.109,142.01,117.969,62.675,133.584,13.307,-9.537,-8,-28.09,20.09,1.0612,222000,219839.5,30896.4,667167.1,-1250231.8,-35344.5,-18861.0,0.0,0.0,851662.2,-610356.4,0,1
76.4,3763.079,453.132,3363.079,140.968,118.183,62.528,133.705,12.858,-8.825,-7,-27.98,20.98,1.0164,222000,220345.2,27055.0,637992.3,-1200849.5,-35443.2,-18830.4,0.0,0.0,822894.4,-564784.9,0,1
76.4167,3765.052,454.172,3365.052,139.928,118.39,62.393,133.825,12.407,-8.101,-6,-27.88,21.88,0.9714,222000,220783.9,23205.3,608824.9,-1150731.8,-35539.5,-18803.1,0.0,0.0,794069.2,-518489.6,0,1
76.4333,3767.029,455.21,3367.029,138.89,118.589,62.27,133.944,11.956,-7.367,-5,-27.79,22.79,0.926,222000,221155.2,19348.6,579650.9,-1099882.5,-35633.6,-18779.3,0.0,0.0,765172.5,-471473.2,0,1
76.45,3769.008,456.246,3369.008,137.854,118.781,62.16,134.063,11.503,-6.621,-4,-27.7,23.7,0.8803,222000,221459.2,15485.9,550455.5,-1048305.3,-35725.4,-18759.1,0.0,0.0,736189.3,-423738.5,0,1
76.4667,3770.991,457.281,3370.991,136.819,118.965,62.062,134.18,11.049,-5.864,-3,-27.62,24.62,0.8343,222000,221695.8,11618.6,521223.2,-996004.3,-35814.8,-18742.4,0.0,0.0,707104.2,-375288.1,0,1
76.4833,3772.977,458.313,3372.977,135.787,119.142,61.977,134.298,10.592,-5.096,-2,-27.55,25.55,0.788,222000,221864.8,7747.7,491938.2,-942983.4,-35901.9,-18729.4,0.0,0.0,677901.0,-326125.1,0,1
76.5,3774.965,459.345,3374.965,134.755,119.311,61.905,134.414,10.134,-4.316,-1,-27.48,26.48,0.7413,222000,221966.2,3874.4,462583.5,-889246.9,-35986.6,-18720.1,0.0,0.0,648563.0,-276252.6,0,1
76.5167,3776.957,460.376,3376.957,133.724,119.472,61.846,134.531,9.673,-3.526,0,-27.42,27.42,0.6943,222000,222000.0,-0.0,433141.9,-834799.2,-36069.0,-18714.7,0.0,0.0,619072.9,-225673.8,0,1
76.5333,3778.95,461.406,3378.95,132.694,119.625,61.801,134.646,9.21,-2.725,1,-27.37,28.37,0.647,222000,221966.2,-3874.4,403595.2,-779644.8,-36148.9,-18713.0,0.0,0.0,589412.5,-174392.2,0,1
76.55,3780.947,462.435,3380.947,131.665,119.771,61.769,134.761,8.743,-1.913,2,-27.32,29.32,0.5994,222000,221864.8,-7747.7,373924.7,-723788.3,-36226.4,-18715.3,0.0,0.0,559563.0,-122411.3,0,1
76.5667,3782.945,463.465,3382.945,130.635,119.909,61.751,134.875,8.274,-1.09,3,-27.28,30.28,0.5514,222000,221695.8,-11618.6,344110.9,-667234.7,-36301.5,-18721.6,0.0,0.0,529505.2,-69735.0,0,1
76.5833,3784.946,464.494,3384.946,129.606,120.039,61.747,134.989,7.8,-0.256,4,-27.25,31.25,0.5031,222000,221459.2,-15485.9,314133.7,-609989.2,-36374.1,-18732.0,0.0,0.0,499218.8,-16367.1,0,1
76.6,3786.948,465.523,3386.948,128.577,120.161,61.757,135.102,7.323,0.589,5,-27.22,32.22,0.4544,222000,221155.2,-19348.6,283972.1,-552056.9,-36444.2,-18746.5,0.0,0.0,468683.1,37688.0,0,1
76.6167,3788.953,466.553,3388.953,127.547,120.275,61.781,135.214,6.842,1.444,6,-27.2,33.2,0.4054,222000,220783.9,-23205.3,253604.5,-493443.5,-36511.8,-18765.2,0.0,0.0,437876.5,92426.0,0,1
76.6333,3790.959,467.583,3390.959,126.517,120.381,61.819,135.326,6.356,2.31,7,-27.19,34.19,0.3561,222000,220345.2,-27055.0,223008.5,-434154.9,-36576.9,-18788.1,0.0,0.0,406776.9,147842.0,0,1
76.65,3792.967,468.614,3392.967,125.486,120.479,61.872,135.437,5.865,3.186,8,-27.18,35.18,0.3064,222000,219839.5,-30896.4,192161.0,-374197.0,-36639.4,-18815.4,0.0,0.0,375361.1,203931.2,0,1
76.6667,3794.977,469.647,3394.977,124.453,120.568,61.94,135.548,5.369,4.073,9,-27.18,36.18,0.2563,222000,219266.8,-34728.5,161038.0,-313576.2,-36699.2,-18847.0,0.0,0.0,343605.6,260688.3,0,1
76.6833,3796.988,470.68,3396.988,123.42,120.649,62.023,135.658,4.867,4.97,10,-27.19,37.19,0.2059,222000,218627.3,-38549.9,129615.0,-252299.3,-36756.5,-18883.1,0.0,0.0,311485.8,318107.7,0,1
76.7,3799.0,471.715,3399.0,122.385,120.73,62.106,135.768,4.863,4.979,10,-27.21,37.21,0.2051,222000,218627.3,-38549.9,129405.9,-251725.1,-36811.1,-18923.7,0.0,0.0,311222.1,318641.3,0,1
76.7167,3801.013,472.752,3401.013,121.348,120.811,62.189,135.878,4.859,4.987,10,-27.22,37.22,0.2044,222000,218627.3,-38549.9,129194.0,-251145.7,-36865.7,-18964.4,0.0,0.0,310955.6,319180.0,0,1
76.7333,3803.028,473.79,3403.028,120.31,120.892,62.272,135.988,4.854,4.996,10,-27.24,37.24,0.2036,222000,218627.3,-38549.9,128979.3,-250561.2,-36920.3,-19005.2,0.0,0.0,310686.3,319723.8,0,1
76.75,3805.044,474.829,3405.044,119.271,120.973,62.356,136.098,4.85,5.004,10,-27.25,37.25,0.2028,222000,218627.3,-38549.9,128761.7,-249971.4,-36975.0,-19046.0,0.0,0.0,310414.1,320272.7,0,1
76.7667,3807.062,475.87,3407.062,118.23,121.054,62.439,136.208,4.846,5.013,10,-27.27,37.27,0.202,222000,218627.3,-38549.9,128541.3,-249376.3,-37029.6,-19087.0,0.0,0.0,310139.0,320826.8,0,1
76.7833,3809.081,476.912,3409.081,117.188,121.134,62.523,136.318,4.842,5.022,10,-27.28,37.28,0.2013,222000,218627.3,-38549.9,128318.0,-248775.9,-37084.3,-19128.0,0.0,0.0,309861.0,321386.2,0,1
76.8,3811.101,477.955,3411.101,116.145,121.215,62.607,136.428,4.837,5.03,10,-27.3,37.3,0.2005,222000,218627.3,-38549.9,128091.7,-248170.1,-37139.0,-19169.1,0.0,0.0,309580.0,321950.8,0,1
76.8167,3813.123,479.0,3413.123,115.1,121.296,62.691,136.538,4.833,5.039,10,-27.32,37.32,0.1997,222000,218627.3,-38549.9,127862.5,-247558.9,-37193.8,-19210.3,0.0,0.0,309296.1,322520.8,0,1
76.8333,3815.146,480.046,3415.146,114.054,121.376,62.775,136.649,4.828,5.048,10,-27.33,37.33,0.1989,222000,218627.3,-38549.9,127630.3,-246942.3,-37248.5,-19251.6,0.0,0.0,309009.1,323096.2,0,1
76.85,3817.17,481.094,3417.17,113.006,121.456,62.859,136.759,4.824,5.057,10,-27.35,37.35,0.1981,222000,218627.3,-38549.9,127395.0,-246320.0,-37303.3,-19293.0,0.0,0.0,308719.1,323677.1,0,1
76.8667,3819.195,482.143,3419.195,111.957,121.537,62.944,136.869,4.819,5.067,10,-27.36,37.36,0.1973,222000,218627.3,-38549.9,127156.7,-245692.2,-37358.1,-19334.5,0.0,0.0,308426.0,324263.4,0,1
76.8833,3821.222,483.193,3421.222,110.907,121.617,63.028,136.979,4.815,5.076,10,-27.38,37.38,0.1965,222000,218627.3,-38549.9,126915.4,-245058.8,-37412.9,-19376.0,0.0,0.0,308129.8,324855.3,0,1
76.9,3823.251,484.245,3423.251,109.855,121.697,63.113,137.089,4.81,5.085,10,-27.4,37.4,0.1957,222000,218627.3,-38549.9,126670.9,-244419.7,-37467.7,-19417.7,0.0,0.0,307830.5,325452.7,0,1
76.9167,3825.28,485.299,3425.28,108.801,121.777,63.198,137.199,4.805,5.095,10,-27.41,37.41,0.1949,222000,218627.3,-38549.9,126423.2,-243774.8,-37522.6,-19459.5,0.0,0.0,307528.0,326055.8,0,1
76.9333,3827.311,486.353,3427.311,107.747,121.857,63.283,137.31,4.8,5.104,10,-27.43,37.43,0.1941,222000,218627.3,-38549.9,126172.4,-243124.2,-37577.5,-19501.3,0.0,0.0,307222.3,326664.6,0,1
76.95,3829.344,487.409,3429.344,106.691,121.937,63.368,137.42,4.796,5.114,10,-27.44,37.44,0.1933,222000,218627.3,-38549.9,125918.4,-242467.7,-37632.3,-19543.2,0.0,0.0,306913.3,327279.2,0,1
76.9667,3831.377,488.467,3431.377,105.633,122.017,63.454,137.53,4.791,5.123,10,-27.46,37.46,0.1925,222000,218627.3,-38549.9,125661.1,-241805.3,-37687.3,-19585.3,0.0,0.0,306601.1,327899.5,0,1
76.9833,3833.412,489.526,3433.412,104.574,122.097,63.539,137.64,4.786,5.133,10,-27.48,37.48,0.1917,222000,218627.3,-38549.9,125400.5,-241137.0,-37742.2,-19627.4,0.0,0.0,306285.6,328525.7,0,1
77.0,3835.448,490.586,3435.448,103.514,122.177,63.625,137.751,4.781,5.143,10,-27.49,37.49,0.1909,222000,218627.3,-38549.9,125136.6,-240462.6,-37797.1,-19669.6,0.0,0.0,305966.8,329157.9,0,1
77.0167,3837.486,491.648,3437.486,102.452,122.256,63.711,137.861,4.776,5.153,10,-27.51,37.51,0.19,222000,218627.3,-38549.9,124869.4,-239782.2,-37852.1,-19711.9,0.0,0.0,305644.6,329796.0,0,1
77.0333,3839.525,492.712,3439.525,101.388,122.336,63.797,137.971,4.771,5.163,10,-27.53,37.53,0.1892,222000,218627.3,-38549.9,124598.8,-239095.7,-37907.1,-19754.3,0.0,0.0,305319.0,330440.1,0,1
77.05,3841.565,493.776,3441.565,100.324,122.415,63.883,138.081,4.765,5.173,10,-27.54,37.54,0.1884,222000,218627.3,-38549.9,124324.7,-238403.0,-37962.1,-19796.8,0.0,0.0,304990.0,331090.3,0,1
77.0667,3843.607,494.842,3443.607,99.258,122.494,63.969,138.192,4.76,5.184,10,-27.56,37.56,0.1876,222000,218627.3,-38549.9,124047.2,-237704.0,-38017.1,-19839.4,0.0,0.0,304657.5,331746.7,0,1
77.0833,3845.65,495.91,3445.65,98.19,122.574,64.056,138.302,4.755,5.194,10,-27.57,37.57,0.1867,222000,218627.3,-38549.9,123766.2,-236998.8,-38072.1,-19882.1,0.0,0.0,304321.4,332409.2,0,1
77.1,3847.694,496.979,3447.694,97.121,122.653,64.143,138.412,4.75,5.204,10,-27.59,37.59,0.1859,222000,218627.3,-38549.9,123481.7,-236287.2,-38127.2,-19924.9,0.0,0.0,303981.9,333078.0,0,1
77.1167,3849.739,498.05,3449.739,96.05,122.732,64.23,138.523,4.744,5.215,10,-27.61,37.61,0.1851,222000,218627.3,-38549.9,123193.6,-235569.2,-38182.2,-19967.8,0.0,0.0,303638.7,333753.1,0,1
77.1333,3851.786,499.122,3451.786,94.978,122.811,64.317,138.633,4.739,5.226,10,-27.62,37.62,0.1843,222000,218627.3,-38549.9,122901.9,-234844.7,-38237.3,-20010.8,0.0,0.0,303292.0,334434.5,0,1
77.15,3853.834,500.195,3453.834,93.905,122.89,64.404,138.744,4.733,5.236,10,-27.64,37.64,0.1834,222000,218627.3,-38549.9,122606.6,-234113.7,-38292.4,-20053.9,0.0,0.0,302941.6,335122.4,0,1
77.1667,3855.884,501.27,3455.884,92.83,122.969,64.491,138.854,4.728,5.247,10,-27.66,37.66,0.1826,222000,218627.3,-38549.9,122307.6,-233376.1,-38347.5,-20097.1,0.0,0.0,302587.4,335816.8,0,1
77.1833,3857.935,502.346,3457.935,91.754,123.047,64.579,138.964,4.722,5.258,10,-27.67,37.67,0.1817,222000,218627.3,-38549.9,122004.9,-232631.9,-38402.6,-20140.4,0.0,0.0,302229.6,336517.8,0,1
77.2,3859.987,503.424,3459.987,90.676,123.126,64.667,139.075,4.717,5.269,10,-27.69,37.69,0.1809,222000,218627.3,-38549.9,121698.4,-231881.0,-38457.8,-20183.8,0.0,0.0,301868.0,337225.3,0,1
77.2167,3862.04,504.503,3462.04,89.597,123.204,64.755,139.185,4.711,5.28,10,-27.71,37.71,0.18,222000,218627.3,-38549.9,121388.1,-231123.2,-38512.9,-20227.3,0.0,0.0,301502.6,337939.5,0,1
77.2333,3864.095,505.584,3464.095,88.516,123.283,64.843,139.296,4.705,5.292,10,-27.73,37.73,0.1792,222000,218627.3,-38549.9,121074.0,-230358.7,-38568.1,-20271.0,0.0,0.0,301133.3,338660.5,0,1
77.25,3866.151,506.666,3466.151,87.434,123.361,64.931,139.406,4.699,5.303,10,-27.74,37.74,0.1783,222000,218627.3,-38549.9,120756.0,-229587.2,-38623.2,-20314.7,0.0,0.0,300760.1,339388.2,0,1
77.2667,3868.208,507.75,3468.208,86.35,123.439,65.02,139.517,4.693,5.314,10,-27.76,37.76,0.1775,222000,218627.3,-38549.9,120434.1,-228808.8,-38678.4,-20358.5,0.0,0.0,300383.0,340122.8,0,1
77.2833,3870.267,508.835,3470.267,85.265,123.517,65.109,139.627,4.688,5.326,10,-27.78,37.78,0.1766,222000,218627.3,-38549.9,120108.3,-228023.3,-38733.6,-20402.4,0.0,0.0,300001.9,340864.4,0,1
77.3,3872.327,509.921,3472.327,84.179,123.595,65.198,139.738,4.682,5.338,10,-27.79,37.79,0.1757,222000,218627.3,-38549.9,119778.4,-227230.7,-38788.8,-20446.5,0.0,0.0,299616.9,341612.9,0,1
77.3167,3874.388,511.01,3474.388,83.09,123.673,65.287,139.848,4.675,5.35,10,-27.81,37.81,0.1749,222000,218627.3,-38549.9,119444.5,-226431.0,-38844.1,-20490.6,0.0,0.0,299227.7,342368.5,0,1
77.3333,3876.451,512.099,3476.451,82.001,123.751,65.376,139.959,4.669,5.361,10,-27.83,37.83,0.174,222000,218627.3,-38549.9,119106.4,-225624.1,-38899.3,-20534.9,0.0,0.0,298834.5,343131.2,0,1
77.35,3878.514,513.19,3478.514,80.91,123.829,65.466,140.069,4.663,5.373,10,-27.85,37.85,0.1731,222000,218627.3,-38549.9,118764.3,-224809.8,-38954.5,-20579.2,0.0,0.0,298437.1,343901.1,0,1
77.3667,3880.579,514.283,3480.579,79.817,123.907,65.556,140.18,4.657,5.386,10,-27.86,37.86,0.1723,222000,218627.3,-38549.9,118418.0,-223988.2,-39009.8,-20623.7,0.0,0.0,298035.5,344678.2,0,1
77.3833,3882.646,515.377,3482.646,78.723,123.984,65.646,140.29,4.65,5.398,10,-27.88,37.88,0.1714,222000,218627.3,-38549.9,118067.4,-223159.1,-39065.1,-20668.3,0.0,0.0,297629.7,345462.7,0,1
77.4,3884.714,516.473,3484.714,77.627,124.061,65.736,140.401,4.644,5.41,10,-27.9,37.9,0.1705,222000,218627.3,-38549.9,117712.6,-222322.6,-39120.3,-20713.0,0.0,0.0,297219.6,346254.6,0,1
77.4167,3886.783,517.57,3486.783,76.53,124.139,65.826,140.512,4.638,5.423,10,-27.92,37.92,0.1696,222000,218627.3,-38549.9,117353.5,-221478.5,-39175.6,-20757.8,0.0,0.0,296805.2,347053.9,0,1
77.4333,3888.853,518.668,3488.853,75.432,124.216,65.917,140.622,4.631,5.435,10,-27.94,37.94,0.1687,222000,218627.3,-38549.9,116990.0,-220626.7,-39230.9,-20802.7,0.0,0.0,296386.4,347860.7,0,1
77.45,3890.924,519.768,3490.924,74.332,124.293,66.007,140.733,4.624,5.448,10,-27.95,37.95,0.1678,222000,218627.3,-38549.9,116622.1,-219767.2,-39286.2,-20847.7,0.0,0.0,295963.2,348675.2,0,1
77.4667,3892.997,520.87,3492.997,73.23,124.37,66.099,140.844,4.618,5.461,10,-27.97,37.97,0.1669,222000,218627.3,-38549.9,116249.8,-218899.9,-39341.5,-20892.8,0.0,0.0,295535.6,349497.3,0,1
77.4833,3895.071,521.973,3495.071,72.127,124.447,66.19,140.954,4.611,5.474,10,-27.99,37.99,0.166,222000,218627.3,-38549.9,115872.9,-218024.8,-39396.8,-20938.1,0.0,0.0,295103.4,350327.2,0,1
77.5,3897.147,523.078,3497.147,71.022,124.524,66.281,141.065,4.604,5.487,10,-28.01,38.01,0.1651,222000,218627.3,-38549.9,115491.5,-217141.7,-39452.2,-20983.5,0.0,0.0,294666.7,351164.9,0,1
77.5167,3899.223,524.184,3499.223,69.916,124.6,66.373,141.176,4.597,5.5,10,-28.03,38.03,0.1642,222000,218627.3,-38549.9,115105.5,-216250.6,-39507.5,-21029.0,0.0,0.0,294225.3,352010.5,0,1
77.5333,3901.301,525.292,3501.301,68.808,124.677,66.465,141.286,4.59,5.514,10,-28.04,38.04,0.1633,222000,218627.3,-38549.9,114714.8,-215351.4,-39562.8,-21074.6,0.0,0.0,293779.3,352864.1,0,1
77.55,3903.381,526.401,3503.381,67.699,124.753,66.557,141.397,4.583,5.527,10,-28.06,38.06,0.1624,222000,218627.3,-38549.9,114319.5,-214444.1,-39618.2,-21120.3,0.0,0.0,293328.6,353725.7,0,1
77.5667,3905.461,527.512,3505.461,66.588,124.829,66.649,141.508,4.576,5.541,10,-28.08,38.08,0.1615,222000,218627.3,-38549.9,113919.4,-213528.6,-39673.5,-21166.2,0.0,0.0,292873.2,354595.4,0,1
77.5833,3907.543,528.625,3507.543,65.475,124.896,66.758,141.618,4.006,6.529,11,-28.1,39.1,0.1105,222000,217921.2,-42359.6,78160.9,-146389.9,-39728.9,-21212.1,0.0,0.0,256353.2,417878.4,0,1
77.6,3909.625,529.739,3509.625,64.361,124.953,66.884,141.728,3.427,7.529,12,-28.12,40.12,0.0592,222000,217148.8,-46156.4,41985.0,-78548.8,-39781.1,-21263.3,0.0,0.0,219352.7,481871.4,0,1
77.6167,3911.709,530.856,3511.709,63.244,125.001,67.026,141.837,2.841,8.54,13,-28.16,41.16,0.0075,222000,216310.2,-49939.1,5360.6,-10014.8,-39830.0,-21319.8,0.0,0.0,181840.7,546566.3,0,1
77.6333,3913.793,531.976,3513.793,62.124,125.046,67.17,141.945,2.743,8.637,14,-28.2,42.2,0,222000,215405.7,-53706.7,0.0,-0.0,-39875.8,-21381.6,0.0,0.0,175529.9,552751.8,0,1
77.65,3915.877,533.098,3515.877,61.002,125.092,67.313,142.053,2.727,8.577,15,-28.24,43.24,0,222000,214435.5,-57457.8,0.0,-0.0,-39920.8,-21443.8,0.0,0.0,174514.7,548938.3,0,1
77.6667,3917.963,534.222,3517.963,59.878,125.137,67.455,142.16,2.71,8.518,16,-28.29,44.29,0,222000,213400.1,-61191.5,0.0,-0.0,-39965.6,-21505.8,0.0,0.0,173434.5,545142.7,0,1
77.6833,3920.049,535.349,3520.049,58.751,125.182,67.596,142.266,2.692,8.459,17,-28.33,45.33,0,222000,212299.7,-64906.5,0.0,-0.0,-40010.2,-21567.4,0.0,0.0,172289.5,541366.1,0,1
77.7,3922.137,536.478,3522.137,57.622,125.226,67.736,142.372,2.673,8.4,18,-28.37,46.37,0,222000,211134.5,-68601.8,0.0,-0.0,-40054.5,-21628.7,0.0,0.0,171080.0,537609.6,0,1
77.7167,3924.224,537.609,3524.224,56.491,125.271,67.875,142.477,2.653,8.342,19,-28.41,47.41,0,222000,209905.1,-72276.1,0.0,-0.0,-40098.6,-21689.6,0.0,0.0,169806.6,533874.3,0,1
77.7333,3926.313,538.742,3526.313,55.358,125.315,68.014,142.582,2.653,8.341,19,-28.45,47.45,0,222000,209905.1,-72276.1,0.0,-0.0,-40142.3,-21750.1,0.0,0.0,169762.8,533813.8,0,1
77.75,3928.402,539.878,3528.402,54.222,125.359,68.153,142.687,2.652,8.34,19,-28.49,47.49,0,222000,209905.1,-72276.1,0.0,-0.0,-40186.1,-21810.7,0.0,0.0,169719.0,533753.1,0,1
77.7667,3930.492,541.016,3530.492,53.084,125.403,68.292,142.793,2.651,8.339,19,-28.53,47.53,0,222000,209905.1,-72276.1,0.0,-0.0,-40229.9,-21871.4,0.0,0.0,169675.2,533692.4,0,1
77.7833,3932.583,542.157,3532.583,51.943,125.447,68.431,142.898,2.65,8.338,19,-28.57,47.57,0,222000,209905.1,-72276.1,0.0,-0.0,-40273.8,-21932.2,0.0,0.0,169631.3,533631.7,0,1
77.8,3934.675,543.3,3534.675,50.8,125.491,68.57,143.003,2.65,8.337,19,-28.61,47.61,0,222000,209905.1,-72276.1,0.0,-0.0,-40317.7,-21993.0,0.0,0.0,169587.4,533570.8,0,1
77.8167,3936.767,544.445,3536.767,49.655,125.536,68.709,143.109,2.649,8.336,19,-28.65,47.65,0,222000,209905.1,-72276.1,0.0,-0.0,-40361.6,-22053.9,0.0,0.0,169543.5,533509.9,0,1
77.8333,3938.86,545.592,3538.86,48.508,125.58,68.847,143.214,2.648,8.335,19,-28.69,47.69,0,222000,209905.1,-72276.1,0.0,-0.0,-40405.6,-22114.9,0.0,0.0,169499.5,533448.9,0,1
77.85,3940.954,546.742,3540.954,47.358,125.624,68.986,143.32,2.648,8.334,19,-28.73,47.73,0,222000,209905.1,-72276.1,0.0,-0.0,-40449.6,-22176.0,0.0,0.0,169455.5,533387.9,0,1
77.8667,3943.048,547.894,3543.048,46.206,125.668,69.125,143.425,2.647,8.333,19,-28.77,47.77,0,222000,209905.1,-72276.1,0.0,-0.0,-40493.6,-22237.1,0.0,0.0,169411.5,533326.8,0,1
77.8833,3945.143,549.049,3545.143,45.051,125.712,69.264,143.531,2.646,8.332,19,-28.81,47.81,0,222000,209905.1,-72276.1,0.0,-0.0,-40537.7,-22298.3,0.0,0.0,169367.5,533265.6,0,1
77.9,3947.239,550.205,3547.239,43.895,125.756,69.403,143.636,2.646,8.331,19,-28.85,47.85,0,222000,209905.1,-72276.1,0.0,-0.0,-40581.8,-22359.5,0.0,0.0,169323.4,533204.4,0,1
77.9167,3949.336,551.364,3549.336,42.736,125.8,69.542,143.742,2.645,8.33,19,-28.89,47.89,0,222000,209905.1,-72276.1,0.0,-0.0,-40625.9,-22420.8,0.0,0.0,169279.3,533143.0,0,1
77.9333,3951.433,552.526,3551.433,41.574,125.844,69.681,143.848,2.644,8.329,19,-28.93,47.93,0,222000,209905.1,-72276.1,0.0,-0.0,-40670.0,-22482.2,0.0,0.0,169235.1,533081.7,0,1
77.95,3953.531,553.689,3553.531,40.411,125.888,69.819,143.954,2.644,8.328,19,-28.97,47.97,0,222000,209905.1,-72276.1,0.0,-0.0,-40714.2,-22543.7,0.0,0.0,169190.9,533020.2,0,1
77.9667,3955.63,554.855,3555.63,39.245,125.932,69.958,144.06,2.643,8.327,19,-29.01,48.01,0,222000,209905.1,-72276.1,0.0,-0.0,-40758.4,-22605.2,0.0,0.0,169146.7,532958.7,0,1
77.9833,3957.73,556.024,3557.73,38.076,125.977,70.097,144.165,2.642,8.327,19,-29.05,48.05,0,222000,209905.1,-72276.1,0.0,-0.0,-40802.7,-22666.8,0.0,0.0,169102.5,532897.1,0,1
78.0,3959.83,557.194,3559.83,36.906,126.021,70.236,144.271,2.642,8.326,19,-29.09,48.09,0,222000,209905.1,-72276.1,0.0,-0.0,-40847.0,-22728.4,0.0,0.0,169058.2,532835.4,0,1
78.0167,3961.931,558.367,3561.931,35.733,126.065,70.375,144.377,2.641,8.325,19,-29.13,48.13,0,222000,209905.1,-72276.1,0.0,-0.0,-40891.3,-22790.2,0.0,0.0,169013.9,532773.7,0,1
78.0333,3964.033,559.542,3564.033,34.558,126.109,70.513,144.484,2.64,8.324,19,-29.17,48.17,0,222000,209905.1,-72276.1,0.0,-0.0,-40935.6,-22852.0,0.0,0.0,168969.5,532711.9,0,1
78.05,3966.136,560.72,3566.136,33.38,126.153,70.652,144.59,2.639,8.323,19,-29.21,48.21,0,222000,209905.1,-72276.1,0.0,-0.0,-40980.0,-22913.9,0.0,0.0,168925.1,532650.0,0,1
78.0667,3968.239,561.9,3568.239,32.2,126.196,70.79,144.695,2.619,8.265,20,-29.25,49.25,0,222000,208611.8,-75928.5,0.0,-0.0,-41024.4,-22975.8,0.0,0.0,167587.4,528935.7,0,1
78.0833,3970.343,563.082,3570.343,31.018,126.239,70.927,144.8,2.597,8.207,21,-29.29,50.29,0,222000,207254.9,-79557.7,0.0,-0.0,-41068.5,-23037.4,0.0,0.0,166186.4,525244.9,0,1
78.1,3972.448,564.266,3572.448,29.834,126.282,71.062,144.904,2.574,8.15,22,-29.33,51.33,0,222000,205834.8,-83162.7,0.0,-0.0,-41112.3,-23098.6,0.0,0.0,164722.5,521578.8,0,1
78.1167,3974.553,565.453,3574.553,28.647,126.325,71.197,145.007,2.55,8.093,23,-29.37,52.37,0,222000,204352.1,-86742.3,0.0,-0.0,-41155.8,-23159.4,0.0,0.0,163196.3,517938.3,0,1
78.1333,3976.659,566.642,3576.659,27.458,126.367,71.331,145.109,2.525,8.036,24,-29.41,53.41,0,222000,202807.1,-90295.5,0.0,-0.0,-41199.0,-23219.9,0.0,0.0,161608.1,514324.5,0,1
78.15,3978.766,567.833,3578.766,26.267,126.409,71.464,145.211,2.499,7.98,25,-29.44,54.44,0,222000,201200.3,-93821.3,0.0,-0.0,-41241.8,-23280.0,0.0,0.0,159958.5,510738.7,0,1
78.1667,3980.874,569.026,3580.874,25.074,126.45,71.596,145.312,2.473,7.925,26,-29.48,55.48,0,222000,199532.3,-97318.4,0.0,-0.0,-41284.3,-23339.8,0.0,0.0,158247.9,507181.8,0,1
78.1833,3982.982,570.221,3582.982,23.879,126.491,71.727,145.412,2.445,7.87,27,-29.52,56.52,0,222000,197803.4,-100785.9,0.0,-0.0,-41326.5,-23399.2,0.0,0.0,156477.0,503654.9,0,1
78.2,3985.091,571.419,3585.091,22.681,126.531,71.858,145.511,2.416,7.815,28,-29.56,57.56,0,222000,196014.4,-104222.7,0.0,-0.0,-41368.3,-23458.2,0.0,0.0,154646.1,500159.1,0,1
78.2167,3987.2,572.619,3587.2,21.481,126.571,71.987,145.61,2.387,7.761,29,-29.59,58.59,0,222000,194165.6,-107627.7,0.0,-0.0,-41409.7,-23516.8,0.0,0.0,152755.9,496695.4,0,1
78.2333,3989.31,573.821,3589.31,20.279,126.61,72.116,145.708,2.386,7.76,29,-29.63,58.63,0,222000,194165.6,-107627.7,0.0,-0.0,-41450.8,-23575.1,0.0,0.0,152714.8,496637.1,0,1
78.25,3991.421,575.025,3591.421,19.075,126.65,72.246,145.807,2.386,7.759,29,-29.67,58.67,0,222000,194165.6,-107627.7,0.0,-0.0,-41491.9,-23633.5,0.0,0.0,152673.7,496578.8,0,1
78.2667,3993.533,576.231,3593.533,17.869,126.69,72.375,145.906,2.385,7.758,29,-29.7,58.7,0,222000,194165.6,-107627.7,0.0,-0.0,-41533.0,-23691.9,0.0,0.0,152632.6,496520.4,0,1
78.2833,3995.645,577.44,3595.645,16.66,126.73,72.504,146.004,2.384,7.757,29,-29.74,58.74,0,222000,194165.6,-107627.7,0.0,-0.0,-41574.1,-23750.3,0.0,0.0,152591.5,496462.0,0,1
78.3,3997.758,578.65,3597.758,15.45,126.769,72.634,146.103,2.384,7.756,29,-29.77,58.77,0,222000,194165.6,-107627.7,0.0,-0.0,-41615.3,-23808.8,0.0,0.0,152550.3,496403.4,0,1
78.3167,3999.871,579.863,3599.871,14.237,126.809,72.763,146.202,2.383,7.755,29,-29.81,58.81,0,222000,194165.6,-107627.7,0.0,-0.0,-41656.5,-23867.4,0.0,0.0,152509.1,496344.9,0,1
78.3333,4001.985,581.078,3601.985,13.022,126.849,72.892,146.301,2.382,7.754,29,-29.85,58.85,0,222000,194165.6,-107627.7,0.0,-0.0,-41697.7,-23926.0,0.0,0.0,152467.9,496286.2,0,1
78.35,4004.1,582.295,3604.1,11.805,126.888,73.021,146.399,2.382,7.754,29,-29.88,58.88,0,222000,194165.6,-107627.7,0.0,-0.0,-41738.9,-23984.7,0.0,0.0,152426.7,496227.5,0,1
78.3667,4006.215,583.514,3606.215,10.586,126.928,73.15,146.498,2.381,7.753,29,-29.92,58.92,0,222000,194165.6,-107627.7,0.0,-0.0,-41780.2,-24043.5,0.0,0.0,152385.4,496168.8,0,1
78.3833,4008.332,584.735,3608.332,9.365,126.968,73.28,146.597,2.38,7.752,29,-29.96,58.96,0,222000,194165.6,-107627.7,0.0,-0.0,-41821.5,-24102.3,0.0,0.0,152344.1,496110.0,0,1
78.4,4010.448,585.959,3610.448,8.141,127.008,73.409,146.696,2.38,7.751,29,-29.99,58.99,0,222000,194165.6,-107627.7,0.0,-0.0,-41862.8,-24161.2,0.0,0.0,152302.8,496051.1,0,1
78.4167,4012.566,587.184,3612.566,6.916,127.047,73.538,146.795,2.379,7.75,29,-30.03,59.03,0,222000,194165.6,-107627.7,0.0,-0.0,-41904.1,-24220.1,0.0,0.0,152261.4,495992.2,0,1
78.4333,4014.684,588.412,3614.684,5.688,127.087,73.667,146.894,2.378,7.749,29,-30.06,59.06,0,222000,194165.6,-107627.7,0.0,-0.0,-41945.5,-24279.1,0.0,0.0,152220.1,495933.2,0,1
78.45,4016.803,589.642,3616.803,4.458,127.126,73.796,146.993,2.378,7.748,29,-30.1,59.1,0,222000,194165.6,-107627.7,0.0,-0.0,-41986.9,-24338.1,0.0,0.0,152178.7,495874.1,0,1
78.4667,4018.922,590.874,3618.922,3.226,127.166,73.925,147.092,2.377,7.747,29,-30.13,59.13,0,222000,194165.6,-107627.7,0.0,-0.0,-42028.3,-24397.2,-0.0,0.0,152137.3,495815.0,0,1
78.4833,4021.042,592.108,3621.042,1.992,127.206,74.054,147.192,2.376,7.746,29,-30.17,59.17,0,222000,194165.6,-107627.7,0.0,-0.0,-42069.8,-24456.4,-0.0,0.0,152095.8,495755.9,0,1
78.5,4023.163,593.345,3623.163,0.755,127.245,74.184,147.291,2.376,7.745,29,-30.21,59.21,0,222000,194165.6,-107627.7,0.0,-0.0,-42111.2,-24515.6,-0.0,0.0,152054.3,495696.6,0,1
78.5167,4025.284,594.583,3625.284,-0.483,127.285,74.313,147.39,2.375,7.744,29,-30.24,59.24,0,222000,194165.6,-107627.7,0.0,-0.0,-42152.7,-24574.9,-0.0,0.0,152012.8,495637.4,0,1
78.5333,4027.406,593.847,3627.406,0.253,127.286,-15.191,128.189,0.05,-19.738,29,6.66,22.34,0.9485,222000,194165.6,-107627.7,-135433.7,-1159873.1,-36686.2,4283.7,-18835.2,-627840.0,3210.5,-1263217.2,1,1
78.55,4029.527,593.591,3629.527,0.509,127.29,-15.359,128.214,0.28,-10.071,29,6.81,22.19,0.9558,222000,194165.6,-107627.7,-139539.6,-1169167.1,-36697.7,4379.9,-0.0,0.0,17928.2,-644574.9,0,1
78.5667,4031.649,593.332,3631.649,0.768,127.294,-15.528,128.238,0.247,-10.146,29,6.88,22.12,0.9595,222000,194165.6,-107627.7,-141656.6,-1173976.2,-36706.1,4429.1,-0.0,0.0,15802.9,-649334.8,0,1
78.5833,4033.771,593.07,3633.771,1.03,127.298,-15.699,128.262,0.213,-10.221,29,6.96,22.04,0.9632,222000,194165.6,-107627.7,-143801.7,-1178814.3,-36714.3,4478.7,-0.0,0.0,13649.6,-654123.3,0,1
78.6,4035.892,592.806,3635.892,1.294,127.301,-15.87,128.286,0.179,-10.296,29,7.03,21.97,0.967,222000,194165.6,-107627.7,-145975.4,-1183681.5,-36722.3,4528.7,-0.0,0.0,11467.9,-658940.5,0,1
78.6167,4038.014,592.538,3638.014,1.562,127.303,-16.043,128.31,0.145,-10.372,29,7.11,21.89,0.9708,222000,194165.6,-107627.7,-148177.9,-1188577.9,-36730.0,4579.1,-0.0,0.0,9257.6,-663786.6,0,1
78.6333,4040.136,592.268,3640.136,1.832,127.305,-16.217,128.334,0.11,-10.448,29,7.18,21.82,0.9746,222000,194165.6,-107627.7,-150409.8,-1193503.6,-36737.6,4629.8,-0.0,0.0,7018.2,-668661.5,0,1
78.65,4042.258,591.995,3642.258,2.105,127.306,-16.393,128.358,0.074,-10.524,29,7.26,21.74,0.9785,222000,194165.6,-107627.7,-152671.4,-1198458.6,-36744.9,4680.9,-0.0,0.0,4749.3,-673565.4,0,1
78.6667,4044.379,591.719,3644.379,2.381,127.307,-16.569,128.381,0.038,-10.602,29,7.34,21.66,0.9823,222000,194165.6,-107627.7,-154963.0,-1203443.1,-36752.0,4732.4,-0.0,0.0,2450.6,-678498.4,0,1
78.6833,4046.501,591.44,3646.501,2.66,127.307,-16.747,128.404,0.002,-10.679,29,7.42,21.58,0.9863,222000,194165.6,-107627.7,-157285.1,-1208457.1,-36758.8,4784.3,-0.0,0.0,121.6,-683460.5,0,1
78.7,4048.623,591.158,3648.623,2.942,127.307,-16.927,128.427,-0.035,-10.757,29,7.49,21.51,0.9902,222000,194165.6,-107627.7,-159638.1,-1213500.7,-36765.5,4836.6,-0.0,0.0,-2238.0,-688451.9,0,1
78.7167,4050.745,590.872,3650.745,3.228,127.305,-17.107,128.45,-0.072,-10.836,29,7.57,21.43,0.9942,222000,194165.6,-107627.7,-162022.3,-1218574.1,-36771.9,4889.2,-0.0,0.0,-4628.6,-693472.6,0,1
78.7333,4052.866,590.584,3652.866,3.516,127.304,-17.289,128.472,-0.11,-10.914,29,7.65,21.35,0.9982,222000,194165.6,-107627.7,-164438.2,-1223677.2,-36778.0,4942.2,-0.0,0.0,-7050.7,-698522.7,0,1
78.75,4054.988,590.293,3654.988,3.807,127.301,-17.472,128.495,-0.149,-10.994,29,7.73,21.27,1.0022,222000,194165.6,-107627.7,-166886.3,-1228810.2,-36783.9,4995.7,-0.0,0.0,-9504.6,-703602.3,0,1
78.7667,4057.11,589.999,3657.11,4.101,127.298,-17.657,128.517,-0.187,-11.074,29,7.82,21.18,1.0062,222000,194165.6,-107627.7,-169366.8,-1233973.1,-36789.6,5049.5,-0.0,0.0,-11990.9,-708711.4,0,1
78.7833,4059.231,589.701,3659.231,4.399,127.294,-17.843,128.539,-0.227,-11.154,29,7.9,21.1,1.0103,222000,194165.6,-107627.7,-171880.3,-1239166.1,-36795.1,5103.7,-0.0,0.0,-14509.8,-713850.1,0,1
78.8,4061.353,589.401,3661.353,4.699,127.29,-18.03,128.56,-0.267,-11.235,29,7.98,21.02,1.0144,222000,194165.6,-107627.7,-174427.2,-1244389.1,-36800.2,5158.3,-0.0,0.0,-17061.9,-719018.5,0,1
78.8167,4063.474,589.097,3663.474,5.003,127.285,-18.219,128.582,-0.307,-11.316,29,8.06,20.94,1.0186,222000,194165.6,-107627.7,-177007.9,-1249642.2,-36805.2,5213.3,-0.0,0.0,-19647.5,-724216.6,0,1
78.8333,4065.595,588.79,3665.595,5.31,127.279,-18.409,128.603,-0.348,-11.398,29,8.15,20.85,1.0228,222000,194165.6,-107627.7,-179622.8,-1254925.6,-36809.9,5268.8,0.0,0.0,-22267.1,-729444.6,0,1
78.85,4067.717,588.48,3667.717,5.62,127.272,-18.6,128.624,-0.389,-11.48,29,8.23,20.77,1.027,222000,194165.6,-107627.7,-182272.5,-1260239.3,-36814.3,5324.6,0.0,0.0,-24921.2,-734702.4,0,1
78.8667,4069.838,588.167,3669.838,5.933,127.265,-18.793,128.645,-0.431,-11.562,29,8.31,20.69,1.0312,222000,194165.6,-107627.7,-184957.3,-1265583.3,-36818.5,5380.8,0.0,0.0,-27610.2,-739990.2,0,1
78.8833,4071.959,587.851,3671.959,6.249,127.257,-18.987,128.666,-0.474,-11.645,29,8.4,20.6,1.0355,222000,194165.6,-107627.7,-187677.7,-1270957.7,-36822.4,5437.4,0.0,0.0,-30334.5,-745308.0,0,1
78.9,4074.079,587.531,3674.079,6.569,127.249,-19.182,128.686,-0.517,-11.729,29,8.49,20.51,1.0398,222000,194165.6,-107627.7,-190434.2,-1276362.5,-36826.0,5494.5,0.0,0.0,-33094.6,-750655.8,0,1
78.9167,4076.2,587.208,3676.2,6.892,127.239,-19.379,128.707,-0.561,-11.813,29,8.57,20.43,1.0441,222000,194165.6,-107627.7,-193227.3,-1281797.9,-36829.4,5551.9,0.0,0.0,-35891.1,-756033.7,0,1
78.9333,4078.321,586.882,3678.321,7.218,127.229,-19.578,128.727,-0.605,-11.898,29,8.66,20.34,1.0485,222000,194165.6,-107627.7,-196057.3,-1287263.8,-36832.4,5609.8,0.0,0.0,-38724.2,-761441.7,0,1
78.95,4080.441,586.552,3680.441,7.548,127.218,-19.777,128.746,-0.65,-11.982,29,8.75,20.25,1.0529,222000,194165.6,-107627.7,-198924.9,-1292760.3,-36835.3,5668.1,0.0,0.0,-41594.6,-766880.0,0,1
78.9667,4082.561,586.219,3682.561,7.881,127.207,-19.978,128.766,-0.695,-12.068,29,8.84,20.16,1.0573,222000,194165.6,-107627.7,-201830.5,-1298287.5,-36837.8,5726.8,0.0,0.0,-44502.7,-772348.4,0,1
78.9833,4084.681,585.883,3684.681,8.217,127.194,-20.181,128.785,-0.741,-12.154,29,8.93,20.07,1.0618,222000,194165.6,-107627.7,-204774.6,-1303845.3,-36840.0,5785.9,0.0,0.0,-47449.0,-777847.2,0,1
79.0,4086.801,585.543,3686.801,8.557,127.181,-20.385,128.805,-0.788,-12.24,29,9.02,19.98,1.0663,222000,194165.6,-107627.7,-207757.6,-1309433.9,-36842.0,5845.4,0.0,0.0,-50434.0,-783376.2,0,1
79.0167,4088.92,585.2,3688.92,8.9,127.167,-20.59,128.823,-0.835,-12.327,29,9.11,19.89,1.0708,222000,194165.6,-107627.7,-210780.1,-1315053.2,-36843.7,5905.4,0.0,0.0,-53458.2,-788935.5,0,1
79.0333,4091.039,584.853,3691.039,9.247,127.153,-20.797,128.842,-0.883,-12.414,29,9.2,19.8,1.0753,222000,194165.6,-107627.7,-213842.6,-1320703.3,-36845.1,5965.8,0.0,0.0,-56522.1,-794525.3,0,1
79.05,4093.158,584.503,3693.158,9.597,127.137,-21.006,128.861,-0.932,-12.502,29,9.29,19.71,1.0799,222000,194165.6,-107627.7,-216945.7,-1326384.3,-36846.2,6026.6,0.0,0.0,-59626.2,-800145.4,0,1
79.0667,4095.277,584.15,3695.277,9.95,127.121,-21.216,128.879,-0.981,-12.591,29,9.38,19.62,1.0846,222000,194165.6,-107627.7,-220089.7,-1332096.0,-36846.9,6087.9,0.0,0.0,-62771.1,-805795.9,0,1
79.0833,4097.395,583.793,3697.395,10.307,127.104,-21.427,128.897,-1.031,-12.679,29,9.47,19.53,1.0892,222000,194165.6,-107627.7,-223275.4,-1337838.7,-36847.4,6149.6,0.0,0.0,-65957.2,-811476.8,0,1
79.1,4099.513,583.432,3699.513,10.668,127.086,-21.64,128.915,-1.081,-12.769,29,9.57,19.43,1.0939,222000,194165.6,-107627.7,-226503.1,-1343612.2,-36847.6,6211.7,0.0,0.0,-69185.1,-817188.2,0,1
79.1167,4101.631,583.068,3701.631,11.032,127.067,-21.854,128.932,-1.132,-12.858,29,9.66,19.34,1.0987,222000,194165.6,-107627.7,-229773.5,-1349416.5,-36847.4,6274.2,0.0,0.0,-72455.4,-822930.0,0,1
79.1333,4103.749,582.7,3703.749,11.4,127.047,-22.07,128.95,-1.184,-12.948,29,9.76,19.24,1.1034,222000,194165.6,-107627.7,-233087.1,-1355251.8,-36847.0,6337.2,0.0,0.0,-75768.5,-828702.3,0,1
79.15,4105.866,582.328,3705.866,11.772,127.026,-22.287,128.967,-1.236,-13.039,29,9.85,19.15,1.1082,222000,194165.6,-107627.7,-236444.4,-1361118.0,-36846.2,6400.7,0.0,0.0,-79125.1,-834505.0,0,1
79.1667,4107.983,581.953,3707.983,12.147,127.005,-22.506,128.984,-1.289,-13.13,29,9.95,19.05,1.113,222000,194165.6,-107627.7,-239846.1,-1367015.1,-36845.1,6464.6,0.0,0.0,-82525.6,-840338.2,0,1
79.1833,4110.099,581.574,3710.099,12.526,126.982,-22.726,129.0,-1.343,-13.222,29,10.05,18.95,1.1179,222000,194165.6,-107627.7,-243292.6,-1372943.0,-36843.7,6528.9,0.0,0.0,-85970.7,-846201.8,0,1
79.2,4112.215,581.192,3712.215,12.908,126.959,-22.948,129.016,-1.398,-13.314,29,10.15,18.85,1.1228,222000,194165.6,-107627.7,-246784.5,-1378901.8,-36841.9,6593.7,0.0,0.0,-89460.9,-852095.9,0,1
79.2167,4114.33,580.806,3714.33,13.294,126.935,-23.172,129.033,-1.453,-13.407,29,10.25,18.75,1.1278,222000,194165.6,-107627.7,-250322.5,-1384891.5,-36839.9,6658.9,0.0,0.0,-92996.8,-858020.4,0,1
79.2333,4116.446,580.416,3716.446,13.684,126.91,-23.397,129.048,-1.509,-13.5,29,10.35,18.65,1.1327,222000,194165.6,-107627.7,-253907.1,-1390912.1,-36837.4,6724.6,0.0,0.0,-96579.0,-863975.2,0,1
79.25,4118.56,580.022,3718.56,14.078,126.884,-23.623,129.064,-1.566,-13.593,29,10.45,18.55,1.1378,222000,194165.6,-107627.7,-257539.0,-1396963.4,-36834.7,6790.7,0.0,0.0,-100208.0,-869960.5,0,1
79.2667,4120.675,579.625,3720.675,14.475,126.857,-23.851,129.079,-1.623,-13.687,29,10.55,18.45,1.1428,222000,194165.6,-107627.7,-261218.6,-1403045.6,-36831.5,6857.3,0.0,0.0,-103884.5,-875976.0,0,1
79.2833,4122.788,579.223,3722.788,14.877,126.829,-24.081,129.095,-1.681,-13.782,29,10.65,18.35,1.1479,222000,194165.6,-107627.7,-264946.6,-1409158.5,-36828.1,6924.3,0.0,0.0,-107609.1,-882021.9,0,1
79.3,4124.902,578.818,3724.902,15.282,126.8,-24.312,129.109,-1.74,-13.877,29,10.75,18.25,1.153,222000,194165.6,-107627.7,-268723.7,-1415302.1,-36824.2,6991.8,0.0,0.0,-111382.4,-888098.0,0,1
79.3167,4127.015,578.409,3727.015,15.691,126.77,-24.545,129.124,-1.8,-13.972,29,10.85,18.15,1.1582,222000,194165.6,-107627.7,-272550.5,-1421476.4,-36820.1,7059.8,0.0,0.0,-115205.0,-894204.4,0,1
79.3333,4129.127,577.996,3729.127,16.104,126.739,-24.78,129.138,-1.861,-14.068,29,10.96,18.04,1.1634,222000,194165.6,-107627.7,-276427.5,-1427681.3,-36815.5,7128.2,0.0,0.0,-119077.4,-900340.9,0,1
79.35,4131.239,577.579,3731.239,16.521,126.707,-25.016,129.152,-1.922,-14.164,29,11.06,17.94,1.1686,222000,194165.6,-107627.7,-280355.5,-1433916.8,-36810.6,7197.1,0.0,0.0,-123000.5,-906507.5,0,1
79.3667,4133.35,577.158,3733.35,16.942,126.673,-25.253,129.166,-1.984,-14.261,29,11.17,17.83,1.1739,222000,194165.6,-107627.7,-284335.0,-1440182.8,-36805.3,7266.5,0.0,0.0,-126974.7,-912704.1,0,1
79.3833,4135.461,576.733,3735.461,17.367,126.639,-25.493,129.18,-2.047,-14.358,29,11.27,17.73,1.1792,222000,194165.6,-107627.7,-288366.8,-1446479.3,-36799.6,7336.3,0.0,0.0,-131000.8,-918930.7,0,1
79.4,4137.571,576.304,3737.571,17.796,126.604,-25.734,129.193,-2.111,-14.456,29,11.38,17.62,1.1846,222000,194165.6,-107627.7,-292451.4,-1452806.1,-36793.6,7406.6,0.0,0.0,-135079.4,-925187.2,0,1
79.4167,4139.68,575.871,3739.68,18.229,126.568,-25.976,129.206,-2.175,-14.554,29,11.49,17.51,1.19,222000,194165.6,-107627.7,-296589.5,-1459163.2,-36787.1,7477.4,0.0,0.0,-139211.1,-931473.6,0,1
79.4333,4141.789,575.434,3741.789,18.666,126.531,-26.22,129.219,-2.241,-14.653,29,11.6,17.4,1.1954,222000,194165.6,-107627.7,-300781.9,-1465550.5,-36780.3,7548.6,0.0,0.0,-143396.7,-937789.6,0,1
79.45,4143.897,574.993,3743.897,19.107,126.492,-26.466,129.231,-2.307,-14.752,29,11.71,17.29,1.2009,222000,194165.6,-107627.7,-305029.2,-1471967.9,-36773.1,7620.3,0.0,0.0,-147636.7,-944135.3,0,1
79.4667,4146.005,574.548,3746.005,19.552,126.453,-26.714,129.244,-2.374,-14.852,29,11.82,17.18,1.2064,222000,194165.6,-107627.7,-309332.0,-1478415.3,-36765.5,7692.5,0.0,0.0,-151931.9,-950510.5,0,1
79.4833,4148.112,574.099,3748.112,20.001,126.412,-26.963,129.255,-2.442,-14.952,29,11.93,17.07,1.2119,222000,194165.6,-107627.7,-313691.2,-1484892.6,-36757.4,7765.2,0.0,0.0,-156283.0,-956915.1,0,1
79.5,4150.218,573.645,3750.218,20.455,126.37,-27.214,129.267,-2.511,-15.052,29,12.04,16.96,1.2175,222000,194165.6,-107627.7,-318107.3,-1491399.7,-36749.0,7838.4,0.0,0.0,-160690.7,-963349.1,0,1
79.5167,4152.323,573.187,3752.323,20.913,126.327,-27.466,129.278,-2.581,-15.153,29,12.15,16.85,1.2231,222000,194165.6,-107627.7,-322581.1,-1497936.5,-36740.2,7912.0,0.0,0.0,-165155.6,-969812.2,0,1
79.5333,4154.428,572.725,3754.428,21.375,126.283,-27.721,129.29,-2.651,-15.255,29,12.27,16.73,1.2288,222000,194165.6,-107627.7,-327113.3,-1504502.8,-36730.9,7986.1,0.0,0.0,-169678.6,-976304.4,0,1
79.55,4156.532,572.259,3756.532,21.841,126.237,-27.977,129.3,-2.723,-15.357,29,12.38,16.62,1.2345,222000,194165.6,-107627.7,-331704.6,-1511098.5,-36721.2,8060.7,0.0,0.0,-174260.2,-982825.5,0,1
79.5667,4158.635,571.789,3758.635,22.311,126.191,-28.234,129.311,-2.795,-15.459,29,12.5,16.5,1.2403,222000,194165.6,-107627.7,-336355.8,-1517723.5,-36711.1,8135.9,0.0,0.0,-178901.3,-989375.4,0,1
79.5833,4160.737,571.314,3760.737,22.786,126.143,-28.494,129.321,-2.869,-15.562,29,12.61,16.39,1.2461,222000,194165.6,-107627.7,-341067.6,-1524377.7,-36700.5,8211.4,0.0,0.0,-183602.5,-995953.9,0,1
79.6,4162.839,570.834,3762.839,23.266,126.094,-28.755,129.331,-2.943,-15.665,29,12.73,16.27,1.2519,222000,194165.6,-107627.7,-345840.7,-1531060.7,-36689.5,8287.5,0.0,0.0,-188364.6,-1002560.9,0,1
79.6167,4164.94,570.351,3764.94,23.749,126.044,-29.017,129.341,-3.019,-15.769,29,12.85,16.15,1.2578,222000,194165.6,-107627.7,-350676.0,-1537772.6,-36678.0,8364.1,0.0,0.0,-193188.4,-1009196.2,0,1
79.6333,4167.04,569.863,3767.04,24.237,125.992,-29.282,129.35,-3.095,-15.873,29,12.96,16.04,1.2637,222000,194165.6,-107627.7,-355574.1,-1544513.1,-36666.2,8441.2,0.0,0.0,-198074.7,-1015859.7,0,1
79.65,4169.139,569.37,3769.139,24.73,125.939,-29.548,129.359,-3.172,-15.977,29,13.08,15.92,1.2697,222000,194165.6,-107627.7,-360535.9,-1551282.1,-36653.8,8518.8,0.0,0.0,-203024.1,-1022551.0,0,1
79.6667,4171.237,568.873,3771.237,25.227,125.885,-29.816,129.368,-3.251,-16.082,29,13.2,15.8,1.2757,222000,194165.6,-107627.7,-365562.1,-1558079.2,-36641.0,8596.8,0.0,0.0,-208037.5,-1029270.1,0,1
79.6833,4173.334,568.372,3773.334,25.728,125.83,-30.086,129.376,-3.33,-16.188,29,13.33,15.67,1.2817,222000,194165.6,-107627.7,-370653.5,-1564904.5,-36627.7,8675.4,0.0,0.0,-213115.7,-1036016.8,0,1
79.7,4175.43,567.866,3775.43,26.234,125.773,-30.358,129.385,-3.41,-16.294,29,13.45,15.55,1.2878,222000,194165.6,-107627.7,-375811.0,-1571757.6,-36614.0,8754.5,0.0,0.0,-218259.4,-1042790.8,0,1
79.7167,4177.525,567.355,3777.525,26.745,125.715,-30.631,129.392,-3.492,-16.4,29,13.57,15.43,1.294,222000,194165.6,-107627.7,-381035.2,-1578638.3,-36599.7,8834.1,0.0,0.0,-223469.4,-1049591.9,0,1
79.7333,4179.619,566.84,3779.619,27.26,125.655,-30.906,129.4,-3.574,-16.507,29,13.69,15.31,1.3002,222000,194165.6,-107627.7,-386327.1,-1585546.3,-36585.0,8914.1,0.0,0.0,-228746.6,-1056419.9,0,1
79.75,4181.713,566.321,3781.713,27.779,125.594,-31.183,129.407,-3.658,-16.614,29,13.82,15.18,1.3064,222000,194165.6,-107627.7,-391687.5,-1592481.6,-36569.8,8994.7,0.0,0.0,-234091.7,-1063274.6,0,1
79.7667,4183.805,565.796,3783.805,28.304,125.532,-31.462,129.414,-3.742,-16.721,29,13.94,15.06,1.3127,222000,194165.6,-107627.7,-397117.1,-1599443.8,-36554.1,9075.8,0.0,0.0,-239505.6,-1070155.7,0,1
79.7833,4185.896,565.267,3785.896,28.833,125.468,-31.742,129.421,-3.828,-16.829,29,14.07,14.93,1.319,222000,194165.6,-107627.7,-402616.8,-1606432.6,-36537.9,9157.4,0.0,0.0,-244989.2,-1077062.9,0,1
79.8,4187.986,564.733,3787.986,29.367,125.403,-32.025,129.427,-3.915,-16.937,29,14.2,14.8,1.3254,222000,194165.6,-107627.7,-408187.5,-1613447.8,-36521.2,9239.5,0.0,0.0,-250543.2,-1083996.0,0,1
79.8167,4190.075,564.195,3790.075,29.905,125.336,-32.309,129.433,-4.003,-17.046,29,14.33,14.67,1.3318,222000,194165.6,-107627.7,-413830.1,-1620489.1,-36504.0,9322.2,0.0,0.0,-256168.5,-1090954.7,0,1
79.8333,4192.163,563.652,3792.163,30.448,125.268,-32.595,129.439,-4.092,-17.155,29,14.45,14.55,1.3382,222000,194165.6,-107627.7,-419545.3,-1627556.2,-36486.3,9405.3,0.0,0.0,-261866.0,-1097938.7,0,1
79.85,4194.249,563.104,3794.249,30.996,125.198,-32.882,129.444,-4.182,-17.265,29,14.58,14.42,1.3447,222000,194165.6,-107627.7,-425334.1,-1634648.9,-36468.0,9488.9,0.0,0.0,-267636.5,-1104947.7,0,1
79.8667,4196.335,562.551,3796.335,31.549,125.127,-33.172,129.449,-4.273,-17.375,29,14.72,14.28,1.3513,222000,194165.6,-107627.7,-431197.3,-1641766.7,-36449.2,9573.1,0.0,0.0,-273480.9,-1111981.4,0,1
79.8833,4198.419,561.993,3798.419,32.107,125.054,-33.463,129.454,-4.366,-17.485,29,14.85,14.15,1.3579,222000,194165.6,-107627.7,-437135.8,-1648909.5,-36429.9,9657.8,0.0,0.0,-279400.1,-1119039.4,0,1
79.9,4200.502,561.431,3800.502,32.669,124.98,-33.757,129.458,-4.459,-17.596,29,14.98,14.02,1.3645,222000,194165.6,-107627.7,-443150.5,-1656076.8,-36410.1,9743.0,0.0,0.0,-285395.0,-1126121.5,0,1
79.9167,4202.584,560.863,3802.584,33.237,124.904,-34.052,129.462,-4.554,-17.707,29,15.11,13.89,1.3712,222000,194165.6,-107627.7,-449242.4,-1663268.3,-36389.6,9828.7,0.0,0.0,-291466.4,-1133227.3,0,1
79.9333,4204.664,560.291,3804.664,33.809,124.826,-34.349,129.466,-4.65,-17.818,29,15.25,13.75,1.378,222000,194165.6,-107627.7,-455412.3,-1670483.7,-36368.7,9914.9,0.0,0.0,-297615.4,-1140356.5,0,1
79.95,4206.743,559.713,3806.743,34.387,124.748,-34.644,129.469,-4.698,-17.751,29,15.39,13.61,1.3753,222000,194165.6,-107627.7,-458516.3,-1666294.1,-36347.2,10001.7,0.0,0.0,-300697.9,-1136080.1,0,0
79.9667,4208.821,559.131,3808.821,34.969,124.67,-34.936,129.472,-4.696,-17.504,29,15.52,13.48,1.3631,222000,194165.6,-107627.7,-458378.9,-1650533.3,-36325.3,10088.1,0.0,0.0,-300538.7,-1120232.9,0,0
79.9833,4210.898,558.544,3810.898,35.556,124.592,-35.224,129.475,-4.692,-17.259,29,15.65,13.35,1.3511,222000,194165.6,-107627.7,-458170.2,-1634979.2,-36303.3,10173.3,0.0,0.0,-300308.0,-1104593.6,0,0
80.0,4212.973,557.952,3812.973,36.148,124.513,-35.507,129.477,-4.688,-17.018,29,15.79,13.21,1.3392,222000,194165.6,-107627.7,-457893.0,-1619629.4,-36281.3,10257.3,0.0,0.0,-300008.8,-1089159.9,0,0
80.0167,4215.047,557.356,3815.047,36.744,124.435,-35.787,129.479,-4.682,-16.78,29,15.92,13.08,1.3275,222000,194165.6,-107627.7,-457550.1,-1604481.6,-36259.2,10340.0,0.0,0.0,-299643.7,-1073929.3,0,0
80.0333,4217.12,556.754,3817.12,37.346,124.357,-36.063,129.481,-4.675,-16.545,29,16.05,12.95,1.3159,222000,194165.6,-107627.7,-457144.0,-1589533.3,-36237.0,10421.6,0.0,0.0,-299215.5,-1058899.4,0,0
80.05,4219.191,556.149,3819.191,37.951,124.28,-36.335,129.482,-4.668,-16.314,29,16.17,12.83,1.3045,222000,194165.6,-107627.7,-456677.4,-1574782.1,-36214.8,10502.1,0.0,0.0,-298726.6,-1044067.7,0,0
80.0667,4221.261,555.539,3821.261,38.561,124.202,-36.603,129.483,-4.659,-16.085,29,16.3,12.7,1.2933,222000,194165.6,-107627.7,-456152.7,-1560225.7,-36192.5,10581.4,0.0,0.0,-298179.7,-1029432.1,0,0
80.0833,4223.33,554.924,3823.33,39.176,124.124,-36.867,129.484,-4.65,-15.859,29,16.42,12.58,1.2822,222000,194165.6,-107627.7,-455572.4,-1545861.7,-36170.2,10659.5,0.0,0.0,-297577.0,-1014990.0,0,0
80.1,4225.397,554.306,3825.397,39.794,124.047,-37.128,129.484,-4.639,-15.637,29,16.54,12.46,1.2712,222000,194165.6,-107627.7,-454938.8,-1531687.9,-36147.8,10736.6,0.0,0.0,-296921.1,-1000739.1,0,0
80.1167,4227.463,553.683,3827.463,40.417,123.97,-37.385,129.484,-4.628,-15.417,29,16.66,12.34,1.2604,222000,194165.6,-107627.7,-454254.2,-1517701.9,-36125.4,10812.5,0.0,0.0,-296214.1,-986677.1,0,0
80.1333,4229.528,553.055,3829.528,41.045,123.893,-37.638,129.484,-4.617,-15.2,29,16.78,12.22,1.2497,222000,194165.6,-107627.7,-453520.8,-1503901.3,-36102.9,10887.3,0.0,0.0,-295458.2,-972801.8,0,0
80.15,4231.592,552.424,3831.592,41.676,123.816,-37.888,129.484,-4.604,-14.986,29,16.9,12.1,1.2391,222000,194165.6,-107627.7,-452740.8,-1490284.0,-36080.5,10961.1,0.0,0.0,-294655.7,-959110.7,0,0
80.1667,4233.654,551.788,3833.654,42.312,123.74,-38.134,129.483,-4.591,-14.775,29,17.01,11.99,1.2287,222000,194165.6,-107627.7,-451916.1,-1476847.7,-36058.0,11033.8,0.0,0.0,-293808.5,-945601.7,0,0
80.1833,4235.715,551.149,3835.715,42.951,123.664,-38.377,129.482,-4.577,-14.567,29,17.13,11.87,1.2185,222000,194165.6,-107627.7,-451048.8,-1463590.1,-36035.5,11105.4,0.0,0.0,-292918.7,-932272.5,0,0
80.2,4237.775,550.505,3837.775,43.595,123.588,-38.616,129.48,-4.562,-14.361,29,17.24,11.76,1.2083,222000,194165.6,-107627.7,-450140.9,-1450509.1,-36012.9,11176.0,0.0,0.0,-291988.3,-919120.8,0,0
80.2167,4239.833,549.857,3839.833,44.243,123.512,-38.852,129.478,-4.547,-14.159,29,17.35,11.65,1.1983,222000,194165.6,-107627.7,-449194.3,-1437602.3,-35990.4,11245.6,0.0,0.0,-291019.1,-906144.5,0,0
80.2333,4241.891,549.206,3841.891,44.894,123.436,-39.085,129.476,-4.531,-13.958,29,17.46,11.54,1.1885,222000,194165.6,-107627.7,-448210.6,-1424867.7,-35967.8,11314.1,0.0,0.0,-290012.9,-893341.2,0,0
80.25,4243.947,548.551,3843.947,45.549,123.361,-39.314,129.474,-4.515,-13.761,29,17.57,11.43,1.1787,222000,194165.6,-107627.7,-447191.9,-1412303.0,-35945.3,11381.7,0.0,0.0,-288971.6,-880709.0,0,0
80.2667,4246.002,547.892,3846.002,46.208,123.286,-39.54,129.472,-4.498,-13.566,29,17.68,11.32,1.1691,222000,194165.6,-107627.7,-446139.6,-1399906.1,-35922.7,11448.3,0.0,0.0,-287896.8,-868245.6,0,0
80.2833,4248.055,547.229,3848.055,46.871,123.211,-39.763,129.469,-4.481,-13.374,29,17.78,11.22,1.1596,222000,194165.6,-107627.7,-445055.5,-1387675.0,-35900.2,11513.9,0.0,0.0,-286790.2,-855948.8,0,0
80.3,4250.107,546.563,3850.107,47.537,123.137,-39.983,129.466,-4.463,-13.185,29,17.89,11.11,1.1502,222000,194165.6,-107627.7,-443941.3,-1375607.4,-35877.7,11578.6,0.0,0.0,-285653.4,-843816.6,0,0
80.3167,4252.158,545.893,3852.158,48.207,123.063,-40.2,129.462,-4.445,-12.998,29,17.99,11.01,1.141,222000,194165.6,-107627.7,-442798.4,-1363701.3,-35855.1,11642.3,0.0,0.0,-284487.9,-831846.8,0,0
80.3333,4254.208,545.219,3854.208,48.881,122.989,-40.413,129.459,-4.426,-12.813,29,18.09,10.91,1.1319,222000,194165.6,-107627.7,-441628.3,-1351954.7,-35832.6,11705.1,0.0,0.0,-283295.4,-820037.4,0,0
80.35,4256.257,544.542,3856.257,49.558,122.916,-40.624,129.455,-4.407,-12.631,29,18.19,10.81,1.1229,222000,194165.6,-107627.7,-440432.6,-1340365.5,-35810.2,11766.9,0.0,0.0,-282077.2,-808386.4,0,0
80.3667,4258.304,543.862,3858.304,50.238,122.842,-40.831,129.451,-4.388,-12.451,29,18.29,10.71,1.114,222000,194165.6,-107627.7,-439212.6,-1328931.7,-35787.7,11827.8,0.0,0.0,-280834.7,-796891.6,0,0
80.3833,4260.35,543.178,3860.35,50.922,122.77,-41.036,129.446,-4.368,-12.274,29,18.39,10.61,1.1052,222000,194165.6,-107627.7,-437969.6,-1317651.3,-35765.3,11887.9,0.0,0.0,-279569.3,-785551.1,0,0
80.4,4262.395,542.49,3862.395,51.61,122.697,-41.237,129.442,-4.348,-12.099,29,18.48,10.52,1.0966,222000,194165.6,-107627.7,-436705.0,-1306522.2,-35742.9,11947.0,0.0,0.0,-278282.3,-774362.9,0,0
80.4167,4264.439,541.8,3864.439,52.3,122.625,-41.436,129.437,-4.328,-11.927,29,18.58,10.42,1.0881,222000,194165.6,-107627.7,-435420.1,-1295542.6,-35720.5,12005.3,0.0,0.0,-276975.0,-763325.0,0,0
80.4333,4266.482,541.106,3866.482,52.994,122.553,-41.632,129.432,-4.307,-11.757,29,18.67,10.33,1.0796,222000,194165.6,-107627.7,-434116.1,-1284710.5,-35698.1,12062.7,0.0,0.0,-275648.7,-752435.5,0,0
80.45,4268.523,540.409,3868.523,53.691,122.482,-41.825,129.426,-4.286,-11.589,29,18.76,10.24,1.0713,222000,194165.6,-107627.7,-432794.2,-1274024.0,-35675.8,12119.3,0.0,0.0,-274304.5,-741692.4,0,0
80.4667,4270.563,539.709,3870.563,54.391,122.411,-42.016,129.421,-4.265,-11.423,29,18.85,10.15,1.0631,222000,194165.6,-107627.7,-431455.5,-1263481.1,-35653.6,12175.0,0.0,0.0,-272943.5,-731093.8,0,0
80.4833,4272.602,539.005,3872.602,55.095,122.34,-42.203,129.415,-4.243,-11.26,29,18.94,10.06,1.055,222000,194165.6,-107627.7,-430101.2,-1253080.1,-35631.3,12229.9,0.0,0.0,-271566.9,-720637.9,0,0
80.5,4274.64,538.299,3874.64,55.801,122.27,-42.388,129.409,-4.221,-11.099,29,19.03,9.97,1.0471,222000,194165.6,-107627.7,-428732.3,-1242819.0,-35609.1,12284.0,0.0,0.0,-270175.8,-710322.8,0,0
80.5167,4276.677,537.589,3876.677,56.511,122.2,-42.571,129.403,-4.2,-10.94,29,19.12,9.88,1.0392,222000,194165.6,-107627.7,-427349.8,-1232696.1,-35587.0,12337.3,0.0,0.0,-268771.2,-700146.5,0,0
80.5333,4278.712,536.877,3878.712,57.223,122.13,-42.75,129.396,-4.177,-10.783,29,19.21,9.79,1.0314,222000,194165.6,-107627.7,-425954.8,-1222709.4,-35564.9,12389.7,0.0,0.0,-267354.1,-690107.4,0,0
80.55,4280.746,536.161,3880.746,57.939,122.061,-42.928,129.389,-4.155,-10.628,29,19.29,9.71,1.0237,222000,194165.6,-107627.7,-424548.2,-1212857.3,-35542.9,12441.4,0.0,0.0,-265925.5,-680203.6,0,0
80.5667,4282.78,535.443,3882.78,58.657,121.992,-43.102,129.382,-4.133,-10.476,29,19.38,9.62,1.0161,222000,194165.6,-107627.7,-423131.0,-1203137.8,-35520.9,12492.3,0.0,0.0,-264486.3,-670433.3,0,0
80.5833,4284.812,534.722,3884.812,59.378,121.923,-43.274,129.375,-4.11,-10.325,29,19.46,9.54,1.0087,222000,194165.6,-107627.7,-421704.0,-1193549.4,-35498.9,12542.5,0.0,0.0,-263037.3,-660794.7,0,0
80.6,4286.843,533.998,3886.843,60.102,121.855,-43.444,129.368,-4.087,-10.176,29,19.54,9.46,1.0013,222000,194165.6,-107627.7,-420268.1,-1184090.2,-35477.1,12591.8,0.0,0.0,-261579.6,-651286.1,0,0
80.6167,4288.872,533.271,3888.872,60.829,121.788,-43.611,129.36,-4.064,-10.03,29,19.62,9.38,0.994,222000,194165.6,-107627.7,-418824.2,-1174758.5,-35455.2,12640.5,0.0,0.0,-260113.9,-641905.8,0,0
80.6333,4290.901,532.541,3890.901,61.559,121.72,-43.776,129.353,-4.041,-9.885,29,19.7,9.3,0.9868,222000,194165.6,-107627.7,-417373.1,-1165552.7,-35433.4,12688.4,0.0,0.0,-258641.0,-632652.1,0,0
80.65,4292.929,531.809,3892.929,62.291,121.653,-43.938,129.345,-4.018,-9.743,29,19.78,9.22,0.9797,222000,194165.6,-107627.7,-415915.5,-1156471.1,-35411.7,12735.5,0.0,0.0,-257161.7,-623523.2,0,0
80.6667,4294.955,531.074,3894.955,63.026,121.587,-44.098,129.337,-3.995,-9.602,29,19.86,9.14,0.9727,222000,194165.6,-107627.7,-414452.3,-1147511.9,-35390.1,12782.0,0.0,0.0,-255676.8,-614517.7,0,0
80.6833,4296.98,530.336,3896.98,63.764,121.52,-44.256,129.328,-3.972,-9.463,29,19.94,9.06,0.9658,222000,194165.6,-107627.7,-412984.0,-1138673.7,-35368.5,12827.7,0.0,0.0,-254186.9,-605633.6,0,0
80.7,4299.005,529.596,3899.005,64.504,121.455,-44.411,129.32,-3.948,-9.326,29,20.01,8.99,0.959,222000,194165.6,-107627.7,-411511.5,-1129954.7,-35346.9,12872.8,0.0,0.0,-252692.9,-596869.6,0,0
80.7167,4301.028,528.853,3901.028,65.247,121.389,-44.564,129.311,-3.925,-9.191,29,20.09,8.91,0.9523,222000,194165.6,-107627.7,-410035.4,-1121353.4,-35325.5,12917.2,0.0,0.0,-251195.3,-588223.9,0,0
80.7333,4303.05,528.108,3903.05,65.992,121.324,-44.715,129.302,-3.901,-9.058,29,20.16,8.84,0.9457,222000,194165.6,-107627.7,-408556.3,-1112868.2,-35304.1,12960.8,0.0,0.0,-249694.8,-579695.1,0,0
80.75,4305.071,527.36,3905.071,66.74,121.26,-44.864,129.293,-3.878,-8.926,29,20.23,8.77,0.9391,222000,194165.6,-107627.7,-407074.9,-1104497.5,-35282.7,13003.8,0.0,0.0,-248192.1,-571281.4,0,0
80.7667,4307.091,526.61,3907.091,67.49,121.195,-45.011,129.284,-3.854,-8.797,29,20.3,8.7,0.9327,222000,194165.6,-107627.7,-405591.8,-1096239.8,-35261.4,13046.2,0.0,0.0,-246687.7,-562981.4,0,0
80.7833,4309.11,525.858,3909.11,68.242,121.132,-45.155,129.274,-3.831,-8.669,29,20.37,8.63,0.9263,222000,194165.6,-107627.7,-404107.5,-1088093.7,-35240.2,13087.9,0.0,0.0,-245182.2,-554793.5,0,0
80.8,4311.128,525.103,3911.128,68.997,121.068,-45.298,129.265,-3.807,-8.542,29,20.44,8.56,0.92,222000,194165.6,-107627.7,-402622.6,-1080057.5,-35219.1,13128.9,0.0,0.0,-243676.1,-546716.3,0,0
80.8167,4313.144,524.345,3913.144,69.755,121.005,-45.438,129.255,-3.784,-8.418,29,20.51,8.49,0.9138,222000,194165.6,-107627.7,-401137.7,-1072129.9,-35198.0,13169.3,0.0,0.0,-242170.1,-538748.3,0,0
80.8333,4315.16,523.586,3915.16,70.514,120.942,-45.576,129.245,-3.76,-8.295,29,20.58,8.42,0.9077,222000,194165.6,-107627.7,-399653.1,-1064309.3,-35177.0,13209.1,0.0,0.0,-240664.6,-530887.9,0,0
80.85,4317.175,522.824,3917.175,71.276,120.88,-45.712,129.235,-3.737,-8.174,29,20.65,8.35,0.9016,222000,194165.6,-107627.7,-398169.5,-1056594.4,-35156.1,13248.3,0.0,0.0,-239160.0,-523133.8,0,0
80.8667,4319.188,522.06,3919.188,72.04,120.818,-45.847,129.224,-3.713,-8.054,29,20.71,8.29,0.8957,222000,194165.6,-107627.7,-396687.4,-1048983.6,-35135.2,13286.9,0.0,0.0,-237657.0,-515484.5,0,0
80.8833,4321.201,521.293,3921.201,72.807,120.757,-45.979,129.214,-3.69,-7.937,29,20.78,8.22,0.8898,222000,194165.6,-107627.7,-395207.1,-1041475.6,-35114.4,13324.8,0.0,0.0,-236155.9,-507938.5,0,0
80.9,4323.212,520.525,3923.212,73.575,120.696,-46.109,129.203,-3.667,-7.82,29,20.84,8.16,0.884,222000,194165.6,-107627.7,-393729.0,-1034069.0,-35093.7,13362.2,0.0,0.0,-234657.2,-500494.6,0,0
80.9167,4325.223,519.754,3925.223,74.346,120.635,-46.238,129.192,-3.643,-7.705,29,20.91,8.09,0.8782,222000,194165.6,-107627.7,-392253.7,-1026762.4,-35073.0,13398.9,0.0,0.0,-233161.2,-493151.2,0,0
80.9333,4327.233,518.981,3927.233,75.119,120.574,-46.364,129.181,-3.62,-7.592,29,20.97,8.03,0.8726,222000,194165.6,-107627.7,-390781.6,-1019554.6,-35052.5,13435.1,0.0,0.0,-231668.4,-485907.2,0,0
80.95,4329.241,518.207,3929.241,75.893,120.515,-46.489,129.17,-3.597,-7.481,29,21.03,7.97,0.867,222000,194165.6,-107627.7,-389312.9,-1012444.0,-35032.0,13470.8,0.0,0.0,-230179.2,-478761.0,0,0
80.9667,4331.249,517.43,3931.249,76.67,120.455,-46.612,129.159,-3.573,-7.37,29,21.09,7.91,0.8615,222000,194165.6,-107627.7,-387848.0,-1005429.5,-35011.5,13505.8,0.0,0.0,-228694.0,-471711.4,0,0
80.9833,4333.255,516.651,3933.255,77.449,120.396,-46.733,129.148,-3.55,-7.262,29,21.15,7.85,0.8561,222000,194165.6,-107627.7,-386387.4,-998509.7,-34991.2,13540.3,0.0,0.0,-227213.0,-464757.1,0,0
81.0,4335.261,515.87,3935.261,78.23,120.337,-46.852,129.136,-3.527,-7.155,29,21.21,7.79,0.8507,222000,194165.6,-107627.7,-384931.4,-991683.4,-34970.9,13574.3,0.0,0.0,-225736.7,-457896.8,0,0
81.0167,4337.266,515.087,3937.266,79.013,120.279,-46.97,129.124,-3.504,-7.049,29,21.27,7.73,0.8454,222000,194165.6,-107627.7,-383480.2,-984949.2,-34950.7,13607.7,0.0,0.0,-224265.3,-451129.2,0,0
81.0333,4339.269,514.302,3939.269,79.798,120.221,-47.085,129.112,-3.481,-6.945,29,21.33,7.67,0.8402,222000,194165.6,-107627.7,-382034.2,-978305.9,-34930.5,13640.6,0.0,0.0,-222799.2,-444453.1,0,0
81.05,4341.272,513.516,3941.272,80.584,120.163,-47.199,129.1,-3.458,-6.842,29,21.39,7.61,0.8351,222000,194165.6,-107627.7,-380593.7,-971752.3,-34910.5,13672.9,0.0,0.0,-221338.6,-437867.1,0,0
81.0667,4343.274,512.727,3943.274,81.373,120.106,-47.312,129.088,-3.436,-6.74,29,21.44,7.56,0.83,222000,194165.6,-107627.7,-379159.0,-965287.2,-34890.5,13704.8,0.0,0.0,-219883.9,-431370.2,0,0
81.0833,4345.275,511.937,3945.275,82.163,120.049,-47.422,129.076,-3.413,-6.64,29,21.5,7.5,0.825,222000,194165.6,-107627.7,-377730.3,-958909.4,-34870.6,13736.1,0.0,0.0,-218435.3,-424961.0,0,0
81.1,4347.274,511.145,3947.274,82.955,119.992,-47.531,129.063,-3.391,-6.541,29,21.56,7.44,0.82,222000,194165.6,-107627.7,-376307.8,-952617.7,-34850.7,13766.9,0.0,0.0,-216993.0,-418638.5,0,0
81.1167,4349.273,510.351,3949.273,83.749,119.936,-47.639,129.051,-3.368,-6.444,29,21.61,7.39,0.8151,222000,194165.6,-107627.7,-374891.9,-946410.8,-34831.0,13797.2,0.0,0.0,-215557.3,-412401.3,0,0
81.1333,4351.271,509.555,3951.271,84.545,119.88,-47.745,129.038,-3.346,-6.348,29,21.66,7.34,0.8103,222000,194165.6,-107627.7,-373482.7,-940287.7,-34811.3,13827.1,0.0,0.0,-214128.4,-406248.4,0,0
81.15,4353.269,508.758,3953.269,85.342,119.825,-47.849,129.025,-3.324,-6.253,29,21.72,7.28,0.8056,222000,194165.6,-107627.7,-372080.5,-934247.2,-34791.7,13856.4,0.0,0.0,-212706.6,-400178.6,0,0
81.1667,4355.265,507.958,3955.265,86.142,119.77,-47.951,129.012,-3.301,-6.159,29,21.77,7.23,0.8009,222000,194165.6,-107627.7,-370685.5,-928288.3,-34772.1,13885.3,0.0,0.0,-211292.1,-394190.7,0,0
81.1833,4357.26,507.157,3957.26,86.943,119.715,-48.052,128.999,-3.279,-6.067,29,21.82,7.18,0.7963,222000,194165.6,-107627.7,-369297.9,-922409.7,-34752.7,13913.7,0.0,0.0,-209884.9,-388283.8,0,0
81.2,4359.254,506.355,3959.254,87.745,119.661,-48.152,128.986,-3.258,-5.976,29,21.87,7.13,0.7917,222000,194165.6,-107627.7,-367917.8,-916610.4,-34733.3,13941.6,0.0,0.0,-208485.5,-382456.5,0,0
81.2167,4361.248,505.551,3961.248,88.549,119.607,-48.25,128.973,-3.236,-5.886,29,21.92,7.08,0.7872,222000,194165.6,-107627.7,-366545.4,-910889.3,-34714.0,13969.0,0.0,0.0,-207093.8,-376708.0,0,0
81.2333,4363.24,504.745,3963.24,89.355,119.554,-48.347,128.959,-3.214,-5.797,29,21.97,7.03,0.7828,222000,194165.6,-107627.7,-365181.0,-905245.3,-34694.7,13996.0,0.0,0.0,-205710.2,-371037.0,0,0
81.25,4365.232,503.938,3965.232,90.162,119.5,-48.442,128.946,-3.193,-5.71,29,22.02,6.98,0.7784,222000,194165.6,-107627.7,-363824.7,-899677.5,-34675.6,14022.6,0.0,0.0,-204334.7,-365442.6,0,0
81.2667,4367.223,503.129,3967.223,90.971,119.447,-48.536,128.932,-3.171,-5.624,29,22.07,6.93,0.774,222000,194165.6,-107627.7,-362476.5,-894184.6,-34656.5,14048.7,0.0,0.0,-202967.4,-359923.7,0,0
81.2833,4369.213,502.318,3969.213,91.782,119.395,-48.628,128.918,-3.15,-5.539,29,22.11,6.89,0.7698,222000,194165.6,-107627.7,-361136.8,-888765.9,-34637.5,14074.4,0.0,0.0,-201608.6,-354479.2,0,0
81.3,4371.202,501.506,3971.202,92.594,119.343,-48.719,128.904,-3.129,-5.455,29,22.16,6.84,0.7656,222000,194165.6,-107627.7,-359805.5,-883420.1,-34618.5,14099.7,0.0,0.0,-200258.4,-349108.2,0,0
81.3167,4373.19,500.693,3973.19,93.407,119.291,-48.808,128.89,-3.108,-5.372,29,22.21,6.79,0.7614,222000,194165.6,-107627.7,-358482.8,-878146.4,-34599.6,14124.5,0.0,0.0,-198916.9,-343809.6,0,0
81.3333,4375.177,499.878,3975.177,94.222,119.24,-48.897,128.876,-3.087,-5.29,29,22.25,6.75,0.7573,222000,194165.6,-107627.7,-357168.9,-872943.7,-34580.8,14148.9,0.0,0.0,-197584.1,-338582.5,0,0
81.35,4377.164,499.061,3977.164,95.039,119.188,-48.983,128.861,-3.067,-5.21,29,22.3,6.7,0.7533,222000,194165.6,-107627.7,-355863.8,-867811.1,-34562.1,14172.9,0.0,0.0,-196260.3,-333425.9,0,0
81.3667,4379.149,498.244,3979.149,95.856,119.138,-49.069,128.847,-3.046,-5.13,29,22.34,6.66,0.7493,222000,194165.6,-107627.7,-354567.6,-862747.6,-34543.5,14196.5,0.0,0.0,-194945.5,-328338.9,0,0
81.3833,4381.134,497.424,3981.134,96.676,119.087,-49.153,128.833,-3.026,-5.052,29,22.39,6.61,0.7453,222000,194165.6,-107627.7,-353280.5,-857752.3,-34524.9,14219.7,0.0,0.0,-193639.8,-323320.4,0,0
81.4,4383.118,496.604,3983.118,97.496,119.037,-49.236,128.818,-3.005,-4.975,29,22.43,6.57,0.7414,222000,194165.6,-107627.7,-352002.5,-852824.3,-34506.4,14242.5,0.0,0.0,-192343.3,-318369.5,0,0
81.4167,4385.101,495.782,3985.101,98.318,118.987,-49.318,128.803,-2.985,-4.898,29,22.47,6.53,0.7376,222000,194165.6,-107627.7,-350733.7,-847962.5,-34488.0,14264.9,0.0,0.0,-191056.1,-313485.4,0,0
81.4333,4387.083,494.959,3987.083,99.141,118.938,-49.398,128.788,-2.965,-4.823,29,22.51,6.49,0.7338,222000,194165.6,-107627.7,-349474.2,-843166.2,-34469.6,14286.9,0.0,0.0,-189778.2,-308667.0,0,0
81.45,4389.065,494.134,3989.065,99.966,118.889,-49.477,128.773,-2.945,-4.749,29,22.55,6.45,0.7301,222000,194165.6,-107627.7,-348224.0,-838434.4,-34451.3,14308.5,0.0,0.0,-188509.7,-303913.6,0,0
81.4667,4391.046,493.308,3991.046,100.792,118.84,-49.555,128.758,-2.926,-4.675,29,22.6,6.4,0.7264,222000,194165.6,-107627.7,-346983.2,-833766.3,-34433.1,14329.8,0.0,0.0,-187250.7,-299224.3,0,0
81.4833,4393.026,492.481,3993.026,101.619,118.792,-49.632,128.743,-2.906,-4.603,29,22.64,6.36,0.7228,222000,194165.6,-107627.7,-345751.9,-829161.0,-34415.0,14350.7,0.0,0.0,-186001.3,-294598.0,0,0
81.5,4395.005,491.652,3995.005,102.448,118.744,-49.707,128.728,-2.887,-4.532,29,22.68,6.32,0.7192,222000,194165.6,-107627.7,-344530.1,-824617.6,-34396.9,14371.2,0.0,0.0,-184761.4,-290034.1,0,0
81.5167,4396.983,490.823,3996.983,103.277,118.696,-49.782,128.713,-2.868,-4.461,29,22.71,6.29,0.7157,222000,194165.6,-107627.7,-343317.9,-820135.3,-34378.9,14391.4,0.0,0.0,-183531.2,-285531.6,0,0
81.5333,4398.96,489.992,3998.96,104.108,118.648,-49.855,128.697,-2.849,-4.392,29,22.75,6.25,0.7122,222000,194165.6,-107627.7,-342115.2,-815713.2,-34360.9,14411.2,0.0,0.0,-182310.6,-281089.7,0,0
81.55,4400.937,489.16,4000.937,104.94,118.601,-49.927,128.682,-2.83,-4.324,29,22.79,6.21,0.7087,222000,194165.6,-107627.7,-340922.3,-811350.5,-34343.1,14430.7,0.0,0.0,-181099.8,-276707.6,0,0
81.5667,4402.913,488.326,4002.913,105.774,118.554,-49.998,128.666,-2.811,-4.256,29,22.83,6.17,0.7054,222000,194165.6,-107627.7,-339738.9,-807046.5,-34325.3,14449.8,0.0,0.0,-179898.6,-272384.5,0,0
81.5833,4404.888,487.492,4004.888,106.608,118.508,-50.068,128.65,-2.792,-4.189,29,22.87,6.13,0.702,222000,194165.6,-107627.7,-338565.3,-802800.3,-34307.6,14468.5,0.0,0.0,-178707.3,-268119.5,0,0
81.6,4406.862,486.656,4006.862,107.444,118.462,-50.137,128.634,-2.774,-4.124,29,22.9,6.1,0.6987,222000,194165.6,-107627.7,-337401.4,-798611.1,-34289.9,14487.0,0.0,0.0,-177525.7,-263911.8,0,0
81.6167,4408.836,485.82,4008.836,108.28,118.416,-50.204,128.618,-2.756,-4.059,29,22.94,6.06,0.6954,222000,194165.6,-107627.7,-336247.2,-794478.1,-34272.3,14505.1,0.0,0.0,-176353.9,-259760.8,0,0
81.6333,4410.809,484.982,4010.809,109.118,118.37,-50.271,128.603,-2.737,-3.995,29,22.98,6.02,0.6922,222000,194165.6,-107627.7,-335102.7,-790400.7,-34254.8,14522.9,0.0,0.0,-175192.0,-255665.6,0,0
81.65,4412.781,484.143,4012.781,109.957,118.325,-50.336,128.586,-2.719,-3.932,29,23.01,5.99,0.6891,222000,194165.6,-107627.7,-333968.1,-786378.0,-34237.3,14540.3,0.0,0.0,-174039.8,-251625.4,0,0
81.6667,4414.752,483.303,4014.752,110.797,118.28,-50.401,128.57,-2.702,-3.869,29,23.05,5.95,0.6859,222000,194165.6,-107627.7,-332843.1,-782409.2,-34219.9,14557.4,0.0,0.0,-172897.5,-247639.5,0,0
81.6833,4416.723,482.462,4016.723,111.638,118.235,-50.464,128.554,-2.684,-3.808,29,23.08,5.92,0.6828,222000,194165.6,-107627.7,-331728.0,-778493.7,-34202.6,14574.3,0.0,0.0,-171765.0,-243707.2,0,0
81.7,4418.693,481.62,4018.693,112.48,118.19,-50.527,128.538,-2.666,-3.747,29,23.11,5.89,0.6798,222000,194165.6,-107627.7,-330622.6,-774630.7,-34185.4,14590.8,0.0,0.0,-170642.4,-239827.7,0,0
81.7167,4420.662,480.776,4020.662,113.324,118.146,-50.588,128.521,-2.649,-3.688,29,23.15,5.85,0.6768,222000,194165.6,-107627.7,-329526.9,-770819.6,-34168.2,14607.0,0.0,0.0,-169529.5,-236000.3,0,0
81.7333,4422.63,479.932,4022.63,114.168,118.102,-50.649,128.505,-2.632,-3.629,29,23.18,5.82,0.6738,222000,194165.6,-107627.7,-328441.1,-767059.5,-34151.0,14622.9,0.0,0.0,-168426.5,-232224.4,0,0
81.75,4424.598,479.087,4024.598,115.013,118.059,-50.708,128.488,-2.615,-3.57,29,23.21,5.79,0.6709,222000,194165.6,-107627.7,-327364.9,-763349.8,-34134.0,14638.5,0.0,0.0,-167333.3,-228499.1,0,0
81.7667,4426.565,478.241,4026.565,115.859,118.016,-50.767,128.472,-2.598,-3.513,29,23.24,5.76,0.668,222000,194165.6,-107627.7,-326298.5,-759689.8,-34117.0,14653.8,0.0,0.0,-166249.9,-224823.8,0,0
81.7833,4428.531,477.394,4028.531,116.706,117.973,-50.824,128.455,-2.581,-3.456,29,23.28,5.72,0.6652,222000,194165.6,-107627.7,-325241.8,-756078.9,-34100.1,14668.8,0.0,0.0,-165176.2,-221197.9,0,0
81.8,4430.496,476.546,4030.496,117.554,117.93,-50.881,128.438,-2.564,-3.4,29,23.31,5.69,0.6624,222000,194165.6,-107627.7,-324194.7,-752516.4,-34083.2,14683.5,0.0,0.0,-164112.3,-217620.6,0,0
81.8167,4432.461,475.697,4032.461,118.403,117.887,-50.937,128.421,-2.548,-3.345,29,23.34,5.66,0.6596,222000,194165.6,-107627.7,-323157.4,-749001.5,-34066.4,14698.0,0.0,0.0,-163058.2,-214091.3,0,0
81.8333,4434.425,474.847,4034.425,119.253,117.845,-50.992,128.404,-2.531,-3.291,29,23.37,5.63,0.6569,222000,194165.6,-107627.7,-322129.6,-745533.7,-34049.6,14712.1,0.0,0.0,-162013.7,-210609.3,0,0
81.85,4436.389,473.996,4036.389,120.104,117.803,-51.045,128.387,-2.515,-3.237,29,23.4,5.6,0.6542,222000,194165.6,-107627.7,-321111.5,-742112.4,-34033.0,14726.0,0.0,0.0,-160978.9,-207174.1,0,0
81.8667,4438.351,473.145,4038.351,120.955,117.762,-51.099,128.37,-2.499,-3.184,29,23.43,5.57,0.6515,222000,194165.6,-107627.7,-320103.0,-738736.8,-34016.3,14739.7,0.0,0.0,-159953.8,-203784.9,0,0
81.8833,4440.313,472.292,4040.313,121.808,117.72,-51.151,128.353,-2.483,-3.132,29,23.46,5.54,0.6489,222000,194165.6,-107627.7,-319104.0,-735406.4,-33999.8,14753.0,0.0,0.0,-158938.2,-200441.1,0,0
81.9,4442.275,471.439,4042.275,122.661,117.679,-51.202,128.336,-2.468,-3.08,29,23.49,5.51,0.6463,222000,194165.6,-107627.7,-318114.6,-732120.6,-33983.3,14766.1,0.0,0.0,-157932.3,-197142.2,0,0
81.9167,4444.235,470.585,4044.235,123.515,117.638,-51.253,128.318,-2.452,-3.029,29,23.51,5.49,0.6438,222000,194165.6,-107627.7,-317134.6,-728878.7,-33966.9,14779.0,0.0,0.0,-156935.9,-193887.4,0,0
81.9333,4446.195,469.73,4046.195,124.37,117.598,-51.302,128.301,-2.437,-2.979,29,23.54,5.46,0.6412,222000,194165.6,-107627.7,-316164.1,-725680.1,-33950.5,14791.5,0.0,0.0,-155949.0,-190676.3,0,0
81.95,4448.155,468.874,4048.155,125.226,117.557,-51.351,128.283,-2.421,-2.93,29,23.57,5.43,0.6388,222000,194165.6,-107627.7,-315202.9,-722524.3,-33934.2,14803.9,0.0,0.0,-154971.5,-187508.2,0,0
81.9667,4450.113,468.017,4050.113,126.083,117.517,-51.399,128.266,-2.406,-2.881,29,23.6,5.4,0.6363,222000,194165.6,-107627.7,-314251.2,-719410.7,-33917.9,14815.9,0.0,0.0,-154003.5,-184382.5,0,0
81.9833,4452.071,467.16,4052.071,126.94,117.477,-51.446,128.248,-2.391,-2.833,29,23.62,5.38,0.6339,222000,194165.6,-107627.7,-313308.7,-716338.7,-33901.7,14827.8,0.0,0.0,-153044.9,-181298.6,0,0
82.0,4454.028,466.301,4054.028,127.799,117.438,-51.493,128.231,-2.376,-2.785,29,23.65,5.35,0.6315,222000,194165.6,-107627.7,-312375.6,-713307.7,-33885.6,14839.3,0.0,0.0,-152095.6,-178256.1,0,0
82.0167,4455.985,465.442,4055.985,128.658,117.398,-51.538,128.213,-2.362,-2.738,29,23.68,5.32,0.6292,222000,194165.6,-107627.7,-311451.7,-710317.2,-33869.5,14850.7,0.0,0.0,-151155.5,-175254.2,0,0
82.0333,4457.941,464.583,4057.941,129.517,117.359,-51.583,128.195,-2.347,-2.692,29,23.7,5.3,0.6268,222000,194165.6,-107627.7,-310536.9,-707366.6,-33853.4,14861.8,0.0,0.0,-150224.8,-172292.6,0,0
82.05,4459.896,463.722,4059.896,130.378,117.32,-51.627,128.177,-2.333,-2.646,29,23.73,5.27,0.6246,222000,194165.6,-107627.7,-309631.3,-704455.5,-33837.5,14872.7,0.0,0.0,-149303.2,-169370.5,0,0
82.0667,4461.851,462.861,4061.851,131.239,117.282,-51.671,128.159,-2.319,-2.601,29,23.75,5.25,0.6223,222000,194165.6,-107627.7,-308734.8,-701583.2,-33821.5,14883.3,0.0,0.0,-148390.8,-166487.6,0,0
82.0833,4463.805,461.999,4063.805,132.101,117.243,-51.713,128.142,-2.304,-2.557,29,23.78,5.22,0.6201,222000,194165.6,-107627.7,-307847.3,-698749.2,-33805.7,14893.7,0.0,0.0,-147487.4,-163643.2,0,0
82.1,4465.759,461.137,4065.759,132.963,117.205,-51.755,128.124,-2.291,-2.513,29,23.8,5.2,0.6179,222000,194165.6,-107627.7,-306968.8,-695953.0,-33789.9,14903.9,0.0,0.0,-146593.1,-160836.8,0,0
82.1167,4467.711,460.273,4067.711,133.827,117.167,-51.796,128.105,-2.277,-2.47,29,23.83,5.17,0.6157,222000,194165.6,-107627.7,-306099.2,-693194.1,-33774.1,14913.9,0.0,0.0,-145707.8,-158067.9,0,0
82.1333,4469.664,459.409,4069.664,134.691,117.129,-51.837,128.087,-2.263,-2.427,29,23.85,5.15,0.6136,222000,194165.6,-107627.7,-305238.5,-690472.0,-33758.4,14923.7,0.0,0.0,-144831.4,-155336.1,0,0
82.15,4471.615,458.545,4071.615,135.555,117.092,-51.877,128.069,-2.249,-2.385,29,23.87,5.13,0.6115,222000,194165.6,-107627.7,-304386.7,-687786.2,-33742.8,14933.2,0.0,0.0,-143963.9,-152640.7,0,0
82.1667,4473.566,457.68,4073.566,136.42,117.055,-51.916,128.051,-2.236,-2.343,29,23.9,5.1,0.6094,222000,194165.6,-107627.7,-303543.6,-685136.2,-33727.2,14942.5,0.0,0.0,-143105.2,-149981.4,0,0
82.1833,4475.516,456.814,4075.516,137.286,117.018,-51.954,128.033,-2.223,-2.302,29,23.92,5.08,0.6074,222000,194165.6,-107627.7,-302709.2,-682521.5,-33711.7,14951.7,0.0,0.0,-142255.2,-147357.6,0,0
82.2,4477.466,455.947,4077.466,138.153,116.981,-51.992,128.014,-2.21,-2.262,29,23.94,5.06,0.6054,222000,194165.6,-107627.7,-301883.4,-679941.7,-33696.2,14960.6,0.0,0.0,-141414.0,-144768.8,0,0
82.2167,4479.415,455.08,4079.415,139.02,116.944,-52.029,127.996,-2.197,-2.222,29,23.96,5.04,0.6034,222000,194165.6,-107627.7,-301066.2,-677396.2,-33680.7,14969.3,0.0,0.0,-140581.4,-142214.6,0,0
82.2333,4481.363,454.212,4081.363,139.888,116.908,-52.065,127.977,-2.184,-2.183,29,23.98,5.02,0.6014,222000,194165.6,-107627.7,-300257.6,-674884.6,-33665.4,14977.8,0.0,0.0,-139757.4,-139694.5,0,0
82.25,4483.311,453.344,4083.311,140.756,116.872,-52.101,127.959,-2.171,-2.144,29,24.01,4.99,0.5995,222000,194165.6,-107627.7,-299457.4,-672406.5,-33650.0,14986.1,0.0,0.0,-138941.9,-137208.1,0,0
82.2667,4485.259,452.475,4085.259,141.625,116.836,-52.136,127.94,-2.158,-2.106,29,24.03,4.97,0.5976,222000,194165.6,-107627.7,-298665.7,-669961.3,-33634.8,14994.2,0.0,0.0,-138134.9,-134754.8,0,0
82.2833,4487.205,451.605,4087.205,142.495,116.8,-52.17,127.922,-2.146,-2.068,29,24.05,4.95,0.5957,222000,194165.6,-107627.7,-297882.3,-667548.7,-33619.5,15002.1,0.0,0.0,-137336.2,-132334.3,0,0
82.3,4489.151,450.735,4089.151,143.365,116.764,-52.204,127.903,-2.134,-2.03,29,24.07,4.93,0.5938,222000,194165.6,-107627.7,-297107.1,-665168.1,-33604.3,15009.9,0.0,0.0,-136545.9,-129946.0,0,0
82.3167,4491.097,449.865,4091.097,144.235,116.729,-52.237,127.884,-2.121,-1.994,29,24.09,4.91,0.592,222000,194165.6,-107627.7,-296340.2,-662819.3,-33589.2,15017.4,0.0,0.0,-135763.9,-127589.6,0,0
82.3333,4493.042,448.994,4093.042,145.106,116.694,-52.27,127.866,-2.109,-1.957,29,24.11,4.89,0.5902,222000,194165.6,-107627.7,-295581.5,-660501.7,-33574.1,15024.8,0.0,0.0,-134990.1,-125264.6,0,0
82.35,4494.986,448.122,4094.986,145.978,116.659,-52.302,127.847,-2.097,-1.921,29,24.13,4.87,0.5884,222000,194165.6,-107627.7,-294830.9,-658214.9,-33559.1,15032.0,0.0,0.0,-134224.4,-122970.7,0,0
82.3667,4496.93,447.25,4096.93,146.85,116.624,-52.334,127.828,-2.085,-1.886,29,24.15,4.85,0.5867,222000,194165.6,-107627.7,-294088.3,-655958.5,-33544.1,15039.0,0.0,0.0,-133466.8,-120707.3,0,0
82.3833,4498.873,446.377,4098.873,147.723,116.59,-52.364,127.809,-2.074,-1.851,29,24.17,4.83,0.5849,222000,194165.6,-107627.7,-293353.7,-653732.1,-33529.2,15045.8,0.0,0.0,-132717.3,-118474.0,0,0
82.4,4500.816,445.504,4100.816,148.596,116.555,-52.395,127.79,-2.062,-1.817,29,24.19,4.81,0.5832,222000,194165.6,-107627.7,-292626.9,-651535.2,-33514.3,15052.4,0.0,0.0,-131975.7,-116270.6,0,0
82.4167,4502.758,444.63,4102.758,149.47,116.521,-52.424,127.771,-2.051,-1.783,29,24.21,4.79,0.5815,222000,194165.6,-107627.7,-291908.1,-649367.6,-33499.4,15058.9,0.0,0.0,-131241.9,-114096.4,0,0
82.4333,4504.699,443.756,4104.699,150.344,116.487,-52.454,127.752,-2.039,-1.749,29,24.22,4.78,0.5799,222000,194165.6,-107627.7,-291197.0,-647228.8,-33484.6,15065.2,0.0,0.0,-130516.1,-111951.3,0,0
82.45,4506.64,442.881,4106.64,151.219,116.453,-52.482,127.733,-2.028,-1.716,29,24.24,4.76,0.5782,222000,194165.6,-107627.7,-290493.6,-645118.3,-33469.9,15071.3,0.0,0.0,-129797.9,-109834.7,0,0
82.4667,4508.58,442.006,4108.58,152.094,116.42,-52.51,127.714,-2.017,-1.684,29,24.26,4.74,0.5766,222000,194165.6,-107627.7,-289797.9,-643035.9,-33455.2,15077.3,0.0,0.0,-129087.5,-107746.3,0,0
82.4833,4510.52,441.13,4110.52,152.97,116.386,-52.538,127.695,-2.006,-1.651,29,24.28,4.72,0.575,222000,194165.6,-107627.7,-289109.8,-640981.1,-33440.5,15083.1,0.0,0.0,-128384.7,-105685.7,0,0
82.5,4512.459,440.254,4112.459,153.846,116.353,-52.565,127.676,-1.995,-1.62,29,24.29,4.71,0.5735,222000,194165.6,-107627.7,-288429.2,-638953.6,-33425.9,15088.7,0.0,0.0,-127689.5,-103652.6,0,0
82.5167,4514.398,439.378,4114.398,154.722,116.32,-52.591,127.656,-1.984,-1.588,29,24.31,4.69,0.5719,222000,194165.6,-107627.7,-287756.0,-636953.0,-33411.3,15094.2,0.0,0.0,-127001.8,-101646.5,0,0
82.5333,4516.336,438.501,4116.336,155.599,116.287,-52.617,127.637,-1.974,-1.557,29,24.33,4.67,0.5704,222000,194165.6,-107627.7,-287090.2,-634978.9,-33396.8,15099.6,0.0,0.0,-126321.5,-99667.1,0,0
82.55,4518.274,437.623,4118.274,156.477,116.254,-52.643,127.618,-1.963,-1.527,29,24.35,4.65,0.5689,222000,194165.6,-107627.7,-286431.8,-633031.0,-33382.3,15104.7,0.0,0.0,-125648.5,-97714.0,0,0
82.5667,4520.211,436.745,4120.211,157.355,116.222,-52.668,127.598,-1.953,-1.497,29,24.36,4.64,0.5674,222000,194165.6,-107627.7,-285780.6,-631108.9,-33367.9,15109.7,0.0,0.0,-124982.9,-95786.9,0,0
82.5833,4522.147,435.867,4122.147,158.233,116.189,-52.692,127.579,-1.943,-1.467,29,24.38,4.62,0.5659,222000,194165.6,-107627.7,-285136.6,-629212.4,-33353.5,15114.6,0.0,0.0,-124324.5,-93885.5,0,0
82.6,4524.083,434.989,4124.083,159.111,116.157,-52.716,127.56,-1.932,-1.438,29,24.39,4.61,0.5645,222000,194165.6,-107627.7,-284499.8,-627340.9,-33339.1,15119.3,0.0,0.0,-123673.3,-92009.3,0,0
82.6167,4526.018,434.11,4126.018,159.99,116.125,-52.739,127.54,-1.922,-1.409,29,24.41,4.59,0.5631,222000,194165.6,-107627.7,-283870.0,-625494.3,-33324.8,15123.9,0.0,0.0,-123029.2,-90158.1,0,0
82.6333,4527.953,433.23,4127.953,160.87,116.093,-52.762,127.521,-1.912,-1.38,29,24.43,4.57,0.5617,222000,194165.6,-107627.7,-283247.2,-623672.1,-33310.5,15128.3,0.0,0.0,-122392.2,-88331.5,0,0
82.65,4529.888,432.351,4129.888,161.749,116.061,-52.785,127.501,-1.903,-1.352,29,24.44,4.56,0.5603,222000,194165.6,-107627.7,-282631.4,-621874.1,-33296.3,15132.6,0.0,0.0,-121762.1,-86529.2,0,0
82.6667,4531.821,431.47,4131.821,162.63,116.03,-52.807,127.481,-1.893,-1.324,29,24.46,4.54,0.5589,222000,194165.6,-107627.7,-282022.4,-620099.8,-33282.1,15136.7,0.0,0.0,-121139.0,-84750.8,0,0
82.6833,4533.755,430.59,4133.755,163.51,115.999,-52.829,127.462,-1.883,-1.297,29,24.47,4.53,0.5576,222000,194165.6,-107627.7,-281420.3,-618349.1,-33267.9,15140.8,0.0,0.0,-120522.7,-82996.1,0,0
