time_s,pos_x_m,pos_y_m,x_disp_m,altitude_m,vel_x_ms,vel_y_ms,speed_ms,acc_x_ms2,acc_y_ms2,body_pitch_deg,flight_angle_deg,aoa_deg,c_l,c_d_induced,rho_kgm3,air_temp_K,speed_of_sound_ms,mach,mass_kg,fuel_mass_kg,fuel_volume_L,fuel_percent,fuel_burn_kgs,thrust_N,thrust_x_N,thrust_y_N,lift_x_N,lift_y_N,drag_x_N,drag_y_N,drag_parasite_N,drag_induced_N,friction_x_N,normal_y_N,netforce_x_N,netforce_y_N,on_ground,stalled
0.0167,400.0,598.64,0.0,0.0,0.0,0.0,0.0,0.0,0.0,0,0,0,0.25,0,1.225,288.15,340.35,0.0,990.0,100.0,124.4,69.44,0.0,0,0.0,-0.0,0.0,0.0,0.0,0.0,0.0,0.0,0.0,-9711.9,0.0,0.0,1,0
0.1167,400.0,598.64,0.0,0.0,0.0,0.0,0.0,0.0,0.0,0,0,0,0.25,0,1.225,288.15,340.35,0.0,990.0,100.0,124.4,69.44,0.0,0,0.0,-0.0,0.0,0.0,0.0,0.0,0.0,0.0,0.0,-9711.9,0.0,0.0,1,0
0.2167,400.0,598.64,0.0,0.0,0.0,0.0,0.0,0.0,0.0,0,0,0,0.25,0,1.225,288.15,340.35,0.0,990.0,100.0,124.4,69.44,0.0,0,0.0,-0.0,0.0,0.0,0.0,0.0,0.0,0.0,0.0,-9711.9,0.0,0.0,1,0
0.3167,400.0,598.64,0.0,0.0,0.0,0.0,0.0,0.0,0.0,0,0,0,0.25,0,1.225,288.15,340.35,0.0,990.0,100.0,124.4,69.44,0.0,0,0.0,-0.0,0.0,0.0,0.0,0.0,0.0,0.0,0.0,-9711.9,0.0,0.0,1,0
0.4167,400.0,598.64,0.0,0.0,0.0,0.0,0.0,0.0,0.0,0,0,0,0.25,0,1.225,288.15,340.35,0.0,990.0,100.0,124.4,69.44,0.0,0,0.0,-0.0,0.0,0.0,0.0,0.0,0.0,0.0,0.0,-9711.9,0.0,0.0,1,0
0.5167,400.0,598.64,0.0,0.0,0.0,0.0,0.0,0.0,0.0,0,0,0,0.25,0,1.225,288.15,340.35,0.0,990.0,100.0,124.4,69.44,0.0,0,0.0,-0.0,0.0,0.0,0.0,0.0,0.0,0.0,0.0,-9711.9,0.0,0.0,1,0
0.6,400.0,598.64,0.0,0.0,0.0,0.0,0.0,0.0,0.0,0,0,0,0.25,0,1.225,288.15,340.35,0.0,990.0,100.0,124.4,69.44,0.0,0,0.0,-0.0,0.0,0.0,0.0,0.0,0.0,0.0,0.0,-9711.9,0.0,0.0,1,0
0.7,400.0,598.64,0.0,0.0,0.0,0.0,0.0,0.0,0.0,0,0,0,0.25,0,1.225,288.15,340.35,0.0,990.0,100.0,124.4,69.44,0.0,0,0.0,-0.0,0.0,0.0,0.0,0.0,0.0,0.0,0.0,-9711.9,0.0,0.0,1,0
0.8,400.0,598.64,0.0,0.0,0.0,0.0,0.0,0.0,0.0,0,0,0,0.25,0,1.225,288.15,340.35,0.0,990.0,100.0,124.4,69.44,0.0,0,0.0,-0.0,0.0,0.0,0.0,0.0,0.0,0.0,0.0,-9711.9,0.0,0.0,1,0
0.9,400.0,598.64,0.0,0.0,0.0,0.0,0.0,0.0,0.0,0,0,0,0.25,0,1.225,288.15,340.35,0.0,990.0,100.0,124.4,69.44,0.0,0,0.0,-0.0,0.0,0.0,0.0,0.0,0.0,0.0,0.0,-9711.9,0.0,0.0,1,0
1.0,400.0,598.64,0.0,0.0,0.0,0.0,0.0,0.0,0.0,0,0,0,0.25,0,1.225,288.15,340.35,0.0,990.0,100.0,124.4,69.44,0.0,0,0.0,-0.0,0.0,0.0,0.0,0.0,0.0,0.0,0.0,-9711.9,0.0,0.0,1,0
1.1,400.0,598.64,0.0,0.0,0.0,0.0,0.0,0.0,0.0,0,0,0,0.25,0,1.225,288.15,340.35,0.0,990.0,100.0,124.4,69.44,0.0,0,0.0,-0.0,0.0,0.0,0.0,0.0,0.0,0.0,0.0,-9711.9,0.0,0.0,1,0
1.2,400.0,598.64,0.0,0.0,0.0,0.0,0.0,0.0,0.0,0,0,0,0.25,0,1.225,288.15,340.35,0.0,990.0,100.0,124.4,69.44,0.0,0,0.0,-0.0,0.0,0.0,0.0,0.0,0.0,0.0,0.0,-9711.9,0.0,0.0,1,0
1.3,400.0,598.64,0.0,0.0,0.0,0.0,0.0,0.0,0.0,0,0,0,0.25,0,1.225,288.15,340.35,0.0,990.0,100.0,124.4,69.44,0.0,0,0.0,-0.0,0.0,0.0,0.0,0.0,0.0,0.0,0.0,-9711.9,0.0,0.0,1,0
1.4167,400.0,598.64,0.0,0.0,0.0,0.0,0.0,0.0,0.0,0,0,0,0.25,0,1.225,288.15,340.35,0.0,990.0,100.0,124.4,69.44,0.0,0,0.0,-0.0,0.0,0.0,0.0,0.0,0.0,0.0,0.0,-9711.9,0.0,0.0,1,0
1.5167,400.0,598.64,0.0,0.0,0.0,0.0,0.0,0.0,0.0,0,0,0,0.25,0,1.225,288.15,340.35,0.0,990.0,100.0,124.4,69.44,0.0,0,0.0,-0.0,0.0,0.0,0.0,0.0,0.0,0.0,0.0,-9711.9,0.0,0.0,1,0
1.6167,400.0,598.64,0.0,0.0,0.0,0.0,0.0,0.0,0.0,0,0,0,0.25,0,1.225,288.15,340.35,0.0,990.0,100.0,124.4,69.44,0.0,0,0.0,-0.0,0.0,0.0,0.0,0.0,0.0,0.0,0.0,-9711.9,0.0,0.0,1,0
1.7167,400.0,598.64,0.0,0.0,0.0,0.0,0.0,0.0,0.0,0,0,0,0.25,0,1.225,288.15,340.35,0.0,990.0,100.0,124.4,69.44,0.0,0,0.0,-0.0,0.0,0.0,0.0,0.0,0.0,0.0,0.0,-9711.9,0.0,0.0,1,0
1.8167,400.0,598.64,0.0,0.0,0.0,0.0,0.0,0.0,0.0,0,0,0,0.25,0,1.225,288.15,340.35,0.0,990.0,100.0,124.4,69.44,0.0,0,0.0,-0.0,0.0,0.0,0.0,0.0,0.0,0.0,0.0,-9711.9,0.0,0.0,1,0
1.9167,400.0,598.64,0.0,0.0,0.0,0.0,0.0,0.0,0.0,0,0,0,0.25,0,1.225,288.15,340.35,0.0,990.0,100.0,124.4,69.44,0.0,0,0.0,-0.0,0.0,0.0,0.0,0.0,0.0,0.0,0.0,-9711.9,0.0,0.0,1,0
2.0167,400.0,598.64,0.0,0.0,0.0,0.0,0.0,0.0,0.0,0,0,0,0.25,0,1.225,288.15,340.35,0.0,990.0,100.0,124.4,69.44,0.0,0,0.0,-0.0,0.0,0.0,0.0,0.0,0.0,0.0,0.0,-9711.9,0.0,0.0,1,0
2.1167,400.0,598.64,0.0,0.0,0.0,0.0,0.0,0.0,0.0,0,0,0,0.25,0,1.225,288.15,340.35,0.0,990.0,100.0,124.4,69.44,0.0,0,0.0,-0.0,0.0,0.0,0.0,0.0,0.0,0.0,0.0,-9711.9,0.0,0.0,1,0
2.2167,400.0,598.64,0.0,0.0,0.0,0.0,0.0,0.0,0.0,0,0,0,0.25,0,1.225,288.15,340.35,0.0,990.0,100.0,124.4,69.44,0.0,0,0.0,-0.0,0.0,0.0,0.0,0.0,0.0,0.0,0.0,-9711.9,0.0,0.0,1,0
2.3167,400.0,598.64,0.0,0.0,0.0,0.0,0.0,0.0,0.0,0,0,0,0.25,0,1.225,288.15,340.35,0.0,990.0,100.0,124.4,69.44,0.0,0,0.0,-0.0,0.0,0.0,0.0,0.0,0.0,0.0,0.0,-9711.9,0.0,0.0,1,0
2.4167,400.0,598.64,0.0,0.0,0.0,0.0,0.0,0.0,0.0,0,0,0,0.25,0,1.225,288.15,340.35,0.0,990.0,100.0,124.4,69.44,0.0,0,0.0,-0.0,0.0,0.0,0.0,0.0,0.0,0.0,0.0,-9711.9,0.0,0.0,1,0
2.5167,400.0,598.64,0.0,0.0,0.0,0.0,0.0,0.0,0.0,0,0,0,0.25,0,1.225,288.15,340.35,0.0,990.0,100.0,124.4,69.44,0.0,0,0.0,-0.0,0.0,0.0,0.0,0.0,0.0,0.0,0.0,-9711.9,0.0,0.0,1,0
2.6167,400.0,598.64,0.0,0.0,0.0,0.0,0.0,0.0,0.0,0,0,0,0.25,0,1.225,288.15,340.35,0.0,990.0,100.0,124.4,69.44,0.0,0,0.0,-0.0,0.0,0.0,0.0,0.0,0.0,0.0,0.0,-9711.9,0.0,0.0,1,0
2.7167,400.0,598.64,0.0,0.0,0.0,0.0,0.0,0.0,0.0,0,0,0,0.25,0,1.225,288.15,340.35,0.0,990.0,100.0,124.4,69.44,0.0,0,0.0,-0.0,0.0,0.0,0.0,0.0,0.0,0.0,0.0,-9711.9,0.0,0.0,1,0
2.8167,400.0,598.64,0.0,0.0,0.0,0.0,0.0,0.0,0.0,0,0,0,0.25,0,1.225,288.15,340.35,0.0,990.0,100.0,124.4,69.44,0.0,0,0.0,-0.0,0.0,0.0,0.0,0.0,0.0,0.0,0.0,-9711.9,0.0,0.0,1,0
2.9167,400.0,598.64,0.0,0.0,0.0,0.0,0.0,0.0,0.0,0,0,0,0.25,0,1.225,288.15,340.35,0.0,990.0,100.0,124.4,69.44,0.0,0,0.0,-0.0,0.0,0.0,0.0,0.0,0.0,0.0,0.0,-9711.9,0.0,0.0,1,0
3.0167,400.0,598.64,0.0,0.0,0.0,0.0,0.0,0.0,0.0,0,0,0,0.25,0,1.225,288.15,340.35,0.0,990.0,100.0,124.4,69.44,0.0,0,0.0,-0.0,0.0,0.0,0.0,0.0,0.0,0.0,0.0,-9711.9,0.0,0.0,1,0
3.1167,400.0,598.64,0.0,0.0,0.0,0.0,0.0,0.0,0.0,0,0,0,0.25,0,1.225,288.15,340.35,0.0,990.0,100.0,124.4,69.44,0.0,0,0.0,-0.0,0.0,0.0,0.0,0.0,0.0,0.0,0.0,-9711.9,0.0,0.0,1,0
3.2167,400.0,598.64,0.0,0.0,0.0,0.0,0.0,0.0,0.0,0,0,0,0.25,0,1.225,288.15,340.35,0.0,990.0,100.0,124.4,69.44,0.0,0,0.0,-0.0,0.0,0.0,0.0,0.0,0.0,0.0,0.0,-9711.9,0.0,0.0,1,0
3.3167,400.0,598.64,0.0,0.0,0.0,0.0,0.0,0.0,0.0,0,0,0,0.25,0,1.225,288.15,340.35,0.0,990.0,100.0,124.4,69.44,0.0,0,0.0,-0.0,0.0,0.0,0.0,0.0,0.0,0.0,0.0,-9711.9,0.0,0.0,1,0
3.4167,400.0,598.64,0.0,0.0,0.0,0.0,0.0,0.0,0.0,0,0,0,0.25,0,1.225,288.15,340.35,0.0,990.0,100.0,124.4,69.44,0.0,0,0.0,-0.0,0.0,0.0,0.0,0.0,0.0,0.0,0.0,-9711.9,0.0,0.0,1,0
3.5167,400.0,598.64,0.0,0.0,0.0,0.0,0.0,0.0,0.0,0,0,0,0.25,0,1.225,288.15,340.35,0.0,990.0,100.0,124.4,69.44,0.0,0,0.0,-0.0,0.0,0.0,0.0,0.0,0.0,0.0,0.0,-9711.9,0.0,0.0,1,0
3.6167,400.0,598.64,0.0,0.0,0.0,0.0,0.0,0.0,0.0,0,0,0,0.25,0,1.225,288.15,340.35,0.0,990.0,100.0,124.4,69.44,0.0,0,0.0,-0.0,0.0,0.0,0.0,0.0,0.0,0.0,0.0,-9711.9,0.0,0.0,1,0
3.7167,400.0,598.64,0.0,0.0,0.0,0.0,0.0,0.0,0.0,0,0,0,0.25,0,1.225,288.15,340.35,0.0,990.0,100.0,124.4,69.44,0.0,0,0.0,-0.0,0.0,0.0,0.0,0.0,0.0,0.0,0.0,-9711.9,0.0,0.0,1,0
3.8167,400.0,598.64,0.0,0.0,0.0,0.0,0.0,0.0,0.0,0,0,0,0.25,0,1.225,288.15,340.35,0.0,990.0,100.0,124.4,69.44,0.0,0,0.0,-0.0,0.0,0.0,0.0,0.0,0.0,0.0,0.0,-9711.9,0.0,0.0,1,0
3.9167,400.0,598.64,0.0,0.0,0.0,0.0,0.0,0.0,0.0,0,0,0,0.25,0,1.225,288.15,340.35,0.0,990.0,100.0,124.4,69.44,0.0,0,0.0,-0.0,0.0,0.0,0.0,0.0,0.0,0.0,0.0,-9711.9,0.0,0.0,1,0
4.0167,400.0,598.64,0.0,0.0,0.0,0.0,0.0,0.0,0.0,4,0,4,0.65,0,1.225,288.15,340.35,0.0,990.0,100.0,124.4,69.44,0.0,0,0.0,-0.0,0.0,0.0,0.0,0.0,0.0,0.0,0.0,-9711.9,0.0,0.0,1,0
4.1167,400.0,598.64,0.0,0.0,0.0,0.0,0.0,0.0,0.0,10,0,10,1.25,0,1.225,288.15,340.35,0.0,990.0,100.0,124.4,69.44,0.0,0,0.0,-0.0,0.0,0.0,0.0,0.0,0.0,0.0,0.0,-9711.9,0.0,0.0,1,0
4.2167,400.0,598.64,0.0,0.0,0.0,0.0,0.0,0.0,0.0,16,0,16,1.85,0,1.225,288.15,340.35,0.0,990.0,100.0,124.4,69.44,0.0,0,0.0,-0.0,0.0,0.0,0.0,0.0,0.0,0.0,0.0,-9711.9,0.0,0.0,1,0
4.3167,400.0,598.64,0.0,0.0,0.0,0.0,0.0,0.0,0.0,22,0,22,1.49,0,1.225,288.15,340.35,0.0,990.0,100.0,124.4,69.44,0.0,0,0.0,-0.0,0.0,0.0,0.0,0.0,0.0,0.0,0.0,-9711.9,0.0,0.0,1,1
4.4167,400.0,598.64,0.0,0.0,0.0,0.0,0.0,0.0,0.0,27,0,27,1.19,0,1.225,288.15,340.35,0.0,990.0,100.0,124.4,69.44,0.0,0,0.0,-0.0,0.0,0.0,0.0,0.0,0.0,0.0,0.0,-9711.9,0.0,0.0,1,1
4.5167,400.0,598.64,0.0,0.0,0.0,0.0,0.0,0.0,0.0,27,0,27,1.19,0,1.225,288.15,340.35,0.0,990.0,100.0,124.4,69.44,0.0,0,0.0,-0.0,0.0,0.0,0.0,0.0,0.0,0.0,0.0,-9711.9,0.0,0.0,1,1
4.6167,400.0,598.64,0.0,0.0,0.0,0.0,0.0,0.0,0.0,27,0,27,1.19,0,1.225,288.15,340.35,0.0,990.0,100.0,124.4,69.44,0.0,0,0.0,-0.0,0.0,0.0,0.0,0.0,0.0,0.0,0.0,-9711.9,0.0,0.0,1,1
4.7167,400.0,598.64,0.0,0.0,0.0,0.0,0.0,0.0,0.0,21,0,21,1.55,0,1.225,288.15,340.35,0.0,990.0,100.0,124.4,69.44,0.0,0,0.0,-0.0,0.0,0.0,0.0,0.0,0.0,0.0,0.0,-9711.9,0.0,0.0,1,1
4.8167,400.0,598.64,0.0,0.0,0.0,0.0,0.0,0.0,0.0,17,0,17,1.79,0,1.225,288.15,340.35,0.0,990.0,100.0,124.4,69.44,0.0,0,0.0,-0.0,0.0,0.0,0.0,0.0,0.0,0.0,0.0,-9711.9,0.0,0.0,1,1
4.9167,400.0,598.64,0.0,0.0,0.0,0.0,0.0,0.0,0.0,17,0,17,1.79,0,1.225,288.15,340.35,0.0,990.0,100.0,124.4,69.44,0.0,0,0.0,-0.0,0.0,0.0,0.0,0.0,0.0,0.0,0.0,-9711.9,0.0,0.0,1,1
5.0167,400.0,598.64,0.0,0.0,0.0,0.0,0.0,0.0,0.0,16,0,16,1.85,0,1.225,288.15,340.35,0.0,990.0,100.0,124.4,69.44,0.0,0,0.0,-0.0,0.0,0.0,0.0,0.0,0.0,0.0,0.0,-9711.9,0.0,0.0,1,0
5.1167,400.0,598.64,0.0,0.0,0.0,0.0,0.0,0.0,0.0,11,0,11,1.35,0,1.225,288.15,340.35,0.0,990.0,100.0,124.4,69.44,0.0,0,0.0,-0.0,0.0,0.0,0.0,0.0,0.0,0.0,0.0,-9711.9,0.0,0.0,1,0
5.2167,400.0,598.64,0.0,0.0,0.0,0.0,0.0,0.0,0.0,11,0,11,1.35,0,1.225,288.15,340.35,0.0,990.0,100.0,124.4,69.44,0.0,0,0.0,-0.0,0.0,0.0,0.0,0.0,0.0,0.0,0.0,-9711.9,0.0,0.0,1,0
5.3167,400.0,598.64,0.0,0.0,0.0,0.0,0.0,0.0,0.0,11,0,11,1.35,0,1.225,288.15,340.35,0.0,990.0,100.0,124.4,69.44,0.0,0,0.0,-0.0,0.0,0.0,0.0,0.0,0.0,0.0,0.0,-9711.9,0.0,0.0,1,0
5.4167,400.0,598.64,0.0,0.0,0.0,0.0,0.0,0.0,0.0,11,0,11,1.35,0,1.225,288.15,340.35,0.0,990.0,100.0,124.4,69.44,0.0,0,0.0,-0.0,0.0,0.0,0.0,0.0,0.0,0.0,0.0,-9711.9,0.0,0.0,1,0
5.5167,400.0,598.64,0.0,0.0,0.0,0.0,0.0,0.0,0.0,11,0,11,1.35,0,1.225,288.15,340.35,0.0,990.0,100.0,124.4,69.44,0.0,0,0.0,-0.0,0.0,0.0,0.0,0.0,0.0,0.0,0.0,-9711.9,0.0,0.0,1,0
5.6167,400.0,598.64,0.0,0.0,0.0,0.0,0.0,0.0,0.0,11,0,11,1.35,0,1.225,288.15,340.35,0.0,990.0,100.0,124.4,69.44,0.0,0,0.0,-0.0,0.0,0.0,0.0,0.0,0.0,0.0,0.0,-9711.9,0.0,0.0,1,0
5.7167,400.0,598.64,0.0,0.0,0.0,0.0,0.0,0.0,0.0,11,0,11,1.35,0,1.225,288.15,340.35,0.0,990.0,100.0,124.4,69.44,0.0,0,0.0,-0.0,0.0,0.0,0.0,0.0,0.0,0.0,0.0,-9711.9,0.0,0.0,1,0
5.8167,400.0,598.64,0.0,0.0,0.0,0.0,0.0,0.0,0.0,11,0,11,1.35,0,1.225,288.15,340.35,0.0,990.0,100.0,124.4,69.44,0.0,0,0.0,-0.0,0.0,0.0,0.0,0.0,0.0,0.0,0.0,-9711.9,0.0,0.0,1,0
5.9167,400.0,598.64,0.0,0.0,0.0,0.0,0.0,0.0,0.0,11,0,11,1.35,0,1.225,288.15,340.35,0.0,990.0,100.0,124.4,69.44,0.0,0,0.0,-0.0,0.0,0.0,0.0,0.0,0.0,0.0,0.0,-9711.9,0.0,0.0,1,0
6.0167,400.0,598.64,0.0,0.0,0.0,0.0,0.0,0.0,0.0,11,0,11,1.35,0,1.225,288.15,340.35,0.0,990.0,100.0,124.4,69.44,0.0,0,0.0,-0.0,0.0,0.0,0.0,0.0,0.0,0.0,0.0,-9711.9,0.0,0.0,1,0
6.1167,400.0,598.64,0.0,0.0,0.0,0.0,0.0,0.0,0.0,11,0,11,1.35,0,1.225,288.15,340.35,0.0,990.0,100.0,124.4,69.44,0.0,0,0.0,-0.0,0.0,0.0,0.0,0.0,0.0,0.0,0.0,-9711.9,0.0,0.0,1,0
6.2167,400.0,598.64,0.0,0.0,0.0,0.0,0.0,0.0,0.0,11,0,11,1.35,0,1.225,288.15,340.35,0.0,990.0,100.0,124.4,69.44,0.0,0,0.0,-0.0,0.0,0.0,0.0,0.0,0.0,0.0,0.0,-9711.9,0.0,0.0,1,0
6.3167,400.0,598.64,0.0,0.0,0.0,0.0,0.0,0.0,0.0,7,0,7,0.95,0,1.225,288.15,340.35,0.0,990.0,100.0,124.4,69.44,0.0,0,0.0,-0.0,0.0,0.0,0.0,0.0,0.0,0.0,0.0,-9711.9,0.0,0.0,1,0
6.4167,400.0,598.64,0.0,0.0,0.0,0.0,0.0,0.0,0.0,7,0,7,0.95,0,1.225,288.15,340.35,0.0,990.0,100.0,124.4,69.44,0.0,0,0.0,-0.0,0.0,0.0,0.0,0.0,0.0,0.0,0.0,-9711.9,0.0,0.0,1,0
6.5167,400.0,598.64,0.0,0.0,0.0,0.0,0.0,0.0,0.0,7,0,7,0.95,0,1.225,288.15,340.35,0.0,990.0,100.0,124.4,69.44,0.0,0,0.0,-0.0,0.0,0.0,0.0,0.0,0.0,0.0,0.0,-9711.9,0.0,0.0,1,0
6.6167,400.0,598.64,0.0,0.0,0.0,0.0,0.0,0.0,0.0,7,0,7,0.95,0,1.225,288.15,340.35,0.0,990.0,100.0,124.4,69.44,0.0,0,0.0,-0.0,0.0,0.0,0.0,0.0,0.0,0.0,0.0,-9711.9,0.0,0.0,1,0
6.7167,400.0,598.64,0.0,0.0,0.0,0.0,0.0,0.0,0.0,7,0,7,0.95,0,1.225,288.15,340.35,0.0,990.0,100.0,124.4,69.44,0.0,0,0.0,-0.0,0.0,0.0,0.0,0.0,0.0,0.0,0.0,-9711.9,0.0,0.0,1,0
6.8167,400.0,598.64,-0.0,0.0,0.003,0.0,0.003,0.442,0.0,7,0,7,0.95,0,1.225,288.15,340.35,0.0,990.0,100.0,124.4,69.44,0.0011,50,49.6,-6.1,0.0,0.0,0.0,0.0,0.0,0.0,388.2,-9705.8,437.9,0.0,1,0
6.9167,400.0,598.64,-0.0,0.0,-0.005,0.0,0.005,-0.332,0.0,7,0,7,0.95,0,1.225,288.15,340.35,0.0,990.0,100.0,124.4,69.44,0.0013,60,59.6,-7.3,0.0,0.0,0.0,0.0,0.0,0.0,-388.2,-9704.6,-328.6,0.0,1,0
7.0167,400.0,598.64,0.0,0.0,0.001,0.0,0.001,-0.332,0.0,7,0,7,0.95,0,1.225,288.15,340.35,0.0,990.0,100.0,124.4,69.44,0.0013,60,59.6,-7.3,0.0,0.0,0.0,0.0,0.0,0.0,-388.2,-9704.6,-328.6,0.0,1,0
7.1167,400.0,598.64,0.0,0.0,0.007,0.0,0.007,0.452,0.0,7,0,7,0.95,0,1.225,288.15,340.35,0.0,990.0,100.0,124.4,69.44,0.0013,60,59.6,-7.3,0.0,0.0,0.0,0.0,0.0,0.0,388.2,-9704.6,447.7,0.0,1,0
7.2167,400.0,598.64,0.0,0.0,0.004,-0.0,0.004,0.512,-0.0,7,0,7,0.95,0,1.225,288.15,340.35,0.0,990.0,100.0,124.4,69.44,0.0026,120,119.1,-14.6,0.0,0.0,0.0,0.0,0.0,0.0,387.9,-9697.3,507.0,-0.0,1,0
7.3167,400.001,598.64,0.001,0.0,0.006,-0.0,0.006,0.572,0.0,7,0,7,0.95,0,1.225,288.15,340.35,0.0,990.0,100.0,124.4,69.44,0.0039,180,178.7,-21.9,0.0,0.0,0.0,0.0,0.0,0.0,387.6,-9690.0,566.3,0.0,1,0
7.4167,400.001,598.64,0.001,0.0,0.002,-0.0,0.002,-0.151,-0.0,7,0,7,0.95,0,1.225,288.15,340.35,0.0,990.0,100.0,124.4,69.44,0.0052,240,238.2,-29.2,0.0,0.0,0.0,0.0,0.0,0.0,-387.3,-9682.6,-149.1,-0.0,1,0
7.5167,400.002,598.64,0.002,0.0,0.003,-0.0,0.003,-0.09,0.0,7,0,7,0.95,0,1.225,288.15,340.35,0.0,990.0,100.0,124.4,69.44,0.0065,300,297.8,-36.6,0.0,0.0,0.0,0.0,0.0,0.0,-387.0,-9675.3,-89.2,0.0,1,0
7.6167,400.002,598.64,0.002,0.0,0.011,-0.0,0.011,-0.03,-0.0,7,0,7,0.95,0,1.225,288.15,340.35,0.0,990.0,100.0,124.4,69.44,0.0077,360,357.3,-43.9,0.0,0.0,0.0,0.0,0.0,0.0,-386.7,-9668.0,-29.4,-0.0,1,0
7.7167,400.003,598.64,0.003,0.0,0.011,-0.0,0.011,0.031,-0.0,7,0,7,0.95,0,1.225,288.15,340.35,0.0,990.0,100.0,124.4,69.44,0.009,420,416.9,-51.2,0.0,0.0,0.0,0.0,0.0,0.0,-386.4,-9660.7,30.4,-0.0,1,0
7.8167,400.005,598.64,0.005,0.0,0.018,-0.0,0.018,0.091,0.0,7,0,7,0.95,0,1.225,288.15,340.35,0.0001,990.0,100.0,124.4,69.44,0.0103,480,476.4,-58.5,0.0,0.0,0.0,0.0,0.0,0.0,-386.1,-9653.4,90.3,0.0,1,0
7.9167,400.007,598.64,0.007,0.0,0.031,-0.0,0.031,0.152,-0.0,7,0,7,0.95,0,1.225,288.15,340.35,0.0001,990.0,99.99,124.4,69.44,0.0116,540,536.0,-65.8,0.0,0.0,0.0,0.0,0.0,0.0,-385.8,-9646.0,150.1,-0.0,1,0
8.0167,400.011,598.64,0.011,0.0,0.049,-0.0,0.049,0.212,0.0,7,0,7,0.95,0,1.225,288.15,340.35,0.0001,990.0,99.99,124.4,69.44,0.0129,600,595.5,-73.1,0.0,0.0,0.0,0.0,0.0,0.0,-385.5,-9638.7,210.0,0.0,1,0
8.1167,400.018,598.64,0.018,0.0,0.074,-0.0,0.074,0.273,-0.0,7,0,7,0.95,0,1.225,288.15,340.35,0.0002,990.0,99.99,124.4,69.44,0.0142,660,655.1,-80.4,0.0,0.0,0.0,0.0,0.0,0.0,-385.3,-9631.4,269.8,-0.0,1,0
8.2,400.025,598.64,0.025,0.0,0.099,-0.0,0.099,0.323,-0.0,7,0,7,0.95,0,1.225,288.15,340.35,0.0003,990.0,99.99,124.4,69.44,0.0153,710,704.7,-86.5,0.0,0.0,0.0,0.0,0.0,0.0,-385.0,-9625.3,319.7,-0.0,1,0
8.3,400.037,598.64,0.037,0.0,0.135,-0.0,0.135,0.383,0.0,7,0,7,0.95,0,1.225,288.15,340.35,0.0004,990.0,99.99,124.4,69.44,0.0166,770,764.3,-93.8,0.0,0.0,0.0,0.0,0.0,0.0,-384.7,-9618.0,379.5,0.0,1,0
8.4,400.053,598.64,0.053,0.0,0.177,-0.0,0.177,0.444,-0.0,7,0,7,0.95,0,1.225,288.15,340.35,0.0005,990.0,99.99,124.4,69.44,0.0178,830,823.8,-101.2,0.0,0.0,0.0,0.0,0.0,0.0,-384.4,-9610.6,439.4,-0.0,1,0
8.5,400.074,598.64,0.074,0.0,0.225,-0.0,0.225,0.504,0.0,7,0,7,0.95,0,1.225,288.15,340.35,0.0007,990.0,99.99,124.4,69.43,0.0191,890,883.4,-108.5,0.0,0.0,0.0,0.0,0.0,0.0,-384.1,-9603.3,499.2,0.0,1,0
8.6,400.099,598.64,0.099,0.0,0.279,-0.0,0.279,0.565,-0.0,7,0,7,0.95,0,1.225,288.15,340.35,0.0008,990.0,99.98,124.4,69.43,0.0204,950,942.9,-115.8,0.0,0.0,0.0,0.0,0.0,0.0,-383.8,-9596.0,559.1,-0.0,1,0
8.7,400.13,598.64,0.13,0.0,0.339,-0.0,0.339,0.625,0.0,7,0,7,0.95,0,1.225,288.15,340.35,0.001,990.0,99.98,124.4,69.43,0.0217,1010,1002.5,-123.1,0.0,0.0,0.0,0.0,0.0,0.0,-383.5,-9588.6,618.9,0.0,1,0
8.8,400.168,598.64,0.168,0.0,0.405,0.0,0.405,0.686,0.0,7,0,7,0.95,0,1.225,288.15,340.35,0.0012,990.0,99.98,124.4,69.43,0.023,1070,1062.0,-130.4,0.0,0.0,0.0,0.0,0.0,0.0,-383.3,-9581.3,678.8,0.0,1,0
8.9,400.213,598.64,0.213,0.0,0.477,-0.0,0.477,0.746,-0.0,7,0,7,0.95,0,1.225,288.15,340.35,0.0014,990.0,99.98,124.3,69.43,0.0243,1130,1121.6,-137.7,0.0,0.0,0.0,0.0,0.0,0.0,-383.0,-9574.0,738.6,-0.0,1,0
9.0,400.265,598.64,0.265,0.0,0.555,-0.0,0.555,0.807,0.0,7,0,7,0.95,0,1.225,288.15,340.35,0.0016,990.0,99.97,124.3,69.43,0.0256,1190,1181.1,-145.0,0.0,0.0,0.0,0.0,0.0,0.0,-382.7,-9566.6,798.5,0.0,1,0
9.1,400.325,598.64,0.325,0.0,0.639,-0.0,0.639,0.867,-0.0,7,0,7,0.95,0,1.225,288.15,340.35,0.0019,990.0,99.97,124.3,69.42,0.0269,1250,1240.7,-152.3,0.0,0.0,0.0,0.0,0.0,0.0,-382.4,-9559.3,858.3,-0.0,1,0
9.2,400.395,598.64,0.395,0.0,0.73,-0.0,0.73,0.927,0.0,7,0,7,0.95,0,1.225,288.15,340.35,0.0021,990.0,99.97,124.3,69.42,0.0282,1310,1300.2,-159.6,0.0,0.0,0.0,0.0,0.0,0.0,-382.1,-9551.9,918.2,0.0,1,0
9.3,400.473,598.64,0.473,0.0,0.826,-0.0,0.826,0.988,-0.0,7,0,7,0.95,0,1.225,288.15,340.35,0.0024,990.0,99.97,124.3,69.42,0.0295,1370,1359.8,-167.0,0.0,0.0,0.0,0.0,0.0,0.0,-381.8,-9544.6,978.0,-0.0,1,0
9.4,400.562,598.64,0.562,0.0,0.928,-0.0,0.928,1.048,-0.0,7,0,7,0.95,0,1.225,288.15,340.35,0.0027,990.0,99.96,124.3,69.42,0.0307,1430,1419.3,-174.3,0.0,0.0,0.0,0.0,0.0,0.0,-381.5,-9537.3,1037.9,-0.0,1,0
9.5,400.661,598.64,0.661,0.0,1.037,-0.0,1.037,1.108,0.0,7,0.0,7.0,0.95,0.0511,1.225,288.15,340.35,0.003,990.0,99.96,124.3,69.42,0.032,1490,1478.9,-181.6,-0.0,-9.8,-0.9,0.0,0.4,0.5,-380.8,-9520.1,1097.2,0.0,1,0
9.6,400.771,598.64,0.771,0.0,1.151,-0.0,1.151,1.169,-0.0,7,0.0,7.0,0.95,0.0511,1.225,288.15,340.35,0.0034,990.0,99.96,124.3,69.41,0.0333,1550,1538.4,-188.9,-0.0,-12.1,-1.1,0.0,0.4,0.6,-380.4,-9510.5,1156.9,-0.0,1,0
9.7,400.893,598.64,0.893,0.0,1.271,-0.0,1.271,1.229,-0.0,7,0.0,7.0,0.95,0.0511,1.225,288.15,340.35,0.0037,990.0,99.95,124.3,69.41,0.0346,1610,1598.0,-196.2,-0.0,-14.7,-1.3,0.0,0.5,0.8,-380.0,-9500.5,1216.6,-0.0,1,0
9.8,401.028,598.64,1.028,0.0,1.398,-0.0,1.398,1.289,-0.0,7,0.0,7.0,0.95,0.0511,1.225,288.15,340.35,0.0041,989.9,99.95,124.3,69.41,0.0359,1670,1657.6,-203.5,-0.0,-17.9,-1.6,0.0,0.7,1.0,-379.6,-9490.0,1276.3,-0.0,1,0
9.9,401.175,598.64,1.175,0.0,1.53,-0.0,1.53,1.35,-0.0,7,0.0,7.0,0.95,0.0511,1.225,288.15,340.35,0.0045,989.9,99.95,124.3,69.41,0.0372,1730,1717.1,-210.8,-0.0,-21.4,-1.9,0.0,0.8,1.2,-379.2,-9479.1,1336.0,-0.0,1,0
10.0,401.336,598.64,1.336,0.0,1.669,-0.0,1.669,1.41,-0.0,7,0.0,7.0,0.95,0.0511,1.225,288.15,340.35,0.0049,989.9,99.94,124.3,69.4,0.0385,1790,1776.7,-218.1,-0.0,-25.5,-2.3,0.0,0.9,1.4,-378.7,-9467.7,1395.6,-0.0,1,0
10.1,401.511,598.64,1.511,0.0,1.813,-0.0,1.813,1.47,0.0,7,0.0,7.0,0.95,0.0511,1.225,288.15,340.35,0.0053,989.9,99.94,124.3,69.4,0.0398,1850,1836.2,-225.5,-0.0,-30.2,-2.7,0.0,1.1,1.6,-378.2,-9455.7,1455.3,0.0,1,0
10.2,401.701,598.64,1.701,0.0,1.964,-0.0,1.964,1.53,0.0,7,0.0,7.0,0.95,0.0511,1.225,288.15,340.35,0.0058,989.9,99.93,124.3,69.4,0.0411,1910,1895.8,-232.8,-0.0,-35.4,-3.2,0.0,1.3,1.9,-377.7,-9443.1,1514.8,0.0,1,0
10.3,401.907,598.64,1.907,0.0,2.12,-0.0,2.12,1.59,-0.0,7,0.0,7.0,0.95,0.0511,1.225,288.15,340.35,0.0062,989.9,99.93,124.3,69.4,0.0424,1970,1955.3,-240.1,-0.0,-41.3,-3.7,0.0,1.5,2.2,-377.2,-9429.8,1574.4,-0.0,1,0
10.4,402.128,598.64,2.128,0.0,2.283,-0.0,2.283,1.651,0.0,7,0.0,7.0,0.95,0.0511,1.225,288.15,340.35,0.0067,989.9,99.93,124.3,69.39,0.0436,2030,2014.9,-247.4,-0.0,-47.9,-4.3,0.0,1.8,2.6,-376.6,-9415.8,1633.9,0.0,1,0
10.5,402.366,598.64,2.366,0.0,2.451,-0.0,2.451,1.711,-0.0,7,0.0,7.0,0.95,0.0511,1.225,288.15,340.35,0.0072,989.9,99.92,124.3,69.39,0.0449,2090,2074.4,-254.7,-0.0,-55.3,-5.0,0.0,2.0,3.0,-376.0,-9401.1,1693.4,-0.0,1,0
10.6,402.622,598.64,2.622,0.0,2.626,-0.0,2.626,1.771,-0.0,7,0.0,7.0,0.95,0.0511,1.225,288.15,340.35,0.0077,989.9,99.92,124.3,69.39,0.0462,2150,2134.0,-262.0,-0.0,-63.5,-5.8,0.0,2.3,3.4,-375.4,-9385.5,1752.8,-0.0,1,0
10.7,402.895,598.64,2.895,0.0,2.806,-0.0,2.806,1.831,0.0,7,0.0,7.0,0.95,0.0511,1.225,288.15,340.35,0.0082,989.9,99.91,124.3,69.38,0.0475,2210,2193.5,-269.3,-0.0,-72.6,-6.6,0.0,2.7,3.9,-374.8,-9369.1,1812.2,0.0,1,0
10.8,403.186,598.64,3.186,0.0,2.993,-0.0,2.993,1.891,-0.0,7,0.0,7.0,0.95,0.0511,1.225,288.15,340.35,0.0088,989.9,99.91,124.3,69.38,0.0488,2270,2253.1,-276.6,-0.0,-82.7,-7.5,0.0,3.0,4.4,-374.1,-9351.7,1871.5,-0.0,1,0
10.9,403.497,598.64,3.497,0.0,3.185,-0.0,3.185,1.94,0.0,7,0.0,7.0,0.95,0.0511,1.225,288.15,340.35,0.0094,989.9,99.9,124.3,69.38,0.0499,2320,2302.7,-282.7,-0.0,-93.7,-8.5,0.0,3.5,5.0,-373.4,-9334.5,1920.8,0.0,1,0
11.0,403.826,598.64,3.826,0.0,3.379,-0.0,3.379,1.94,0.0,7,0.0,7.0,0.95,0.0511,1.225,288.15,340.35,0.0099,989.9,99.9,124.2,69.37,0.0499,2320,2302.7,-282.7,-0.0,-105.6,-9.6,0.0,3.9,5.7,-372.9,-9322.6,1920.2,0.0,1,0
11.1,404.176,598.64,4.176,0.0,3.573,-0.0,3.573,1.939,0.0,7,0.0,7.0,0.95,0.0511,1.225,288.15,340.35,0.0105,989.9,99.89,124.2,69.37,0.0499,2320,2302.7,-282.7,-0.0,-118.2,-10.7,0.0,4.4,6.4,-372.4,-9309.9,1919.6,0.0,1,0
11.2,404.544,598.64,4.544,0.0,3.767,-0.0,3.767,1.939,-0.0,7,0.0,7.0,0.95,0.0511,1.225,288.15,340.35,0.0111,989.9,99.89,124.2,69.37,0.0499,2320,2302.7,-282.7,-0.0,-131.5,-11.9,0.0,4.8,7.1,-371.9,-9296.6,1918.9,-0.0,1,0
11.3,404.932,598.64,4.932,0.0,3.961,-0.0,3.961,1.938,-0.0,7,0.0,7.0,0.95,0.0511,1.225,288.15,340.35,0.0116,989.9,99.88,124.2,69.36,0.0499,2320,2302.7,-282.7,-0.0,-145.5,-13.2,0.0,5.4,7.8,-371.3,-9282.5,1918.2,-0.0,1,0
11.4,405.34,598.64,5.34,0.0,4.155,0.0,4.155,1.937,0.0,7,0.0,7.0,0.95,0.0511,1.225,288.15,340.35,0.0122,989.9,99.88,124.2,69.36,0.0499,2320,2302.7,-282.7,-0.0,-160.2,-14.5,0.0,5.9,8.6,-370.7,-9267.8,1917.5,0.0,1,0
11.5,405.766,598.64,5.766,0.0,4.348,0.0,4.348,1.936,0.0,7,-0.0,7.0,0.95,0.0511,1.225,288.15,340.35,0.0128,989.9,99.87,124.2,69.36,0.0499,2320,2302.7,-282.7,0.0,-175.6,-15.9,-0.0,6.5,9.4,-370.1,-9252.3,1916.7,0.0,1,0
11.6,406.213,598.64,6.213,0.0,4.543,-0.0,4.543,1.956,-0.0,7,-0.0,7.0,0.95,0.0511,1.225,288.15,340.35,0.0133,989.9,99.87,124.2,69.35,0.0503,2340,2322.6,-285.2,0.0,-191.7,-17.4,-0.0,7.1,10.3,-369.3,-9233.7,1935.8,-0.0,1,0
11.7,406.678,598.64,6.678,0.0,4.742,-0.0,4.742,2.015,-0.0,7,0.0,7.0,0.95,0.0511,1.225,288.15,340.35,0.0139,989.9,99.86,124.2,69.35,0.0516,2400,2382.1,-292.5,-0.0,-208.9,-18.9,0.0,7.7,11.2,-368.4,-9209.1,1994.8,-0.0,1,0
11.8,407.164,598.64,7.164,0.0,4.943,-0.0,4.943,2.014,-0.0,7,0.0,7.0,0.95,0.0511,1.225,288.15,340.35,0.0145,989.9,99.86,124.2,69.34,0.0516,2400,2382.1,-292.5,-0.0,-227.2,-20.6,0.0,8.4,12.2,-367.6,-9190.8,1993.9,-0.0,1,0
11.9,407.67,598.64,7.67,0.0,5.144,-0.0,5.144,2.013,-0.0,7,0.0,7.0,0.95,0.0511,1.225,288.15,340.35,0.0151,989.9,99.85,124.2,69.34,0.0516,2400,2382.1,-292.5,-0.0,-246.2,-22.3,0.0,9.1,13.2,-366.9,-9171.7,1992.9,-0.0,1,0
12.0,408.197,598.64,8.197,0.0,5.346,-0.0,5.346,2.012,-0.0,7,0.0,7.0,0.95,0.0511,1.225,288.15,340.35,0.0157,989.8,99.85,124.2,69.34,0.0516,2400,2382.1,-292.5,-0.0,-266.0,-24.1,0.0,9.8,14.3,-366.1,-9151.9,1991.9,-0.0,1,0
12.1,408.743,598.64,8.743,0.0,5.547,-0.0,5.547,2.011,0.0,7,0.0,7.0,0.95,0.0511,1.225,288.15,340.35,0.0163,989.8,99.84,124.2,69.33,0.0516,2400,2382.1,-292.5,-0.0,-286.5,-26.0,0.0,10.6,15.4,-365.3,-9131.3,1990.9,0.0,1,0
12.2,409.309,598.64,9.309,0.0,5.749,-0.0,5.749,2.024,-0.0,3,0.0,3.0,0.55,0.0171,1.225,288.15,340.35,0.0169,989.8,99.84,124.2,69.33,0.0516,2400,2396.7,-125.6,-0.0,-178.2,-16.9,0.0,11.3,5.5,-376.3,-9406.5,2003.6,-0.0,1,0
12.3,409.896,598.64,9.896,0.0,5.951,-0.0,5.951,2.024,-0.0,1,0.0,1.0,0.35,0.0069,1.225,288.15,340.35,0.0175,989.8,99.83,124.2,69.33,0.0516,2400,2399.6,-41.9,-0.0,-121.6,-14.6,0.0,12.2,2.4,-381.9,-9546.8,2003.2,-0.0,1,0
12.4,410.503,598.64,10.503,0.0,6.153,-0.0,6.153,2.023,-0.0,1,0.0,1.0,0.35,0.0069,1.225,288.15,340.35,0.0181,989.8,99.83,124.2,69.32,0.0516,2400,2399.6,-41.9,-0.0,-130.1,-15.6,0.0,13.0,2.6,-381.5,-9538.2,2002.5,-0.0,1,0
12.5,411.13,598.64,11.13,0.0,6.356,-0.0,6.356,2.022,-0.0,1,0.0,1.0,0.35,0.0069,1.225,288.15,340.35,0.0187,989.8,99.82,124.2,69.32,0.0516,2400,2399.6,-41.9,-0.0,-138.8,-16.6,0.0,13.9,2.7,-381.2,-9529.5,2001.8,-0.0,1,0
12.6,411.777,598.64,11.777,0.0,6.558,-0.0,6.558,2.022,-0.0,1,0.0,1.0,0.35,0.0069,1.225,288.15,340.35,0.0193,989.8,99.82,124.1,69.32,0.0516,2400,2399.6,-41.9,-0.0,-147.8,-17.7,0.0,14.8,2.9,-380.8,-9520.4,2001.1,-0.0,1,0
12.7,412.445,598.64,12.445,0.0,6.76,-0.0,6.76,2.021,0.0,1,0.0,1.0,0.35,0.0069,1.225,288.15,340.35,0.0199,989.8,99.81,124.1,69.31,0.0516,2400,2399.6,-41.9,-0.0,-157.1,-18.8,0.0,15.7,3.1,-380.4,-9511.0,2000.4,0.0,1,0
12.8,413.133,598.64,13.133,0.0,6.962,-0.0,6.962,2.02,-0.0,1,0.0,1.0,0.35,0.0069,1.225,288.15,340.35,0.0205,989.8,99.81,124.1,69.31,0.0516,2400,2399.6,-41.9,-0.0,-166.7,-20.0,0.0,16.7,3.3,-380.1,-9501.4,1999.6,-0.0,1,0
12.9,413.841,598.64,13.841,0.0,7.164,-0.0,7.164,2.019,-0.0,1,0.0,1.0,0.35,0.0069,1.225,288.15,340.35,0.021,989.8,99.8,124.1,69.31,0.0516,2400,2399.6,-41.9,-0.0,-176.6,-21.2,0.0,17.7,3.5,-379.7,-9491.5,1998.8,-0.0,1,0
13.0,414.569,598.64,14.569,0.0,7.366,-0.0,7.366,2.019,-0.0,1,0.0,1.0,0.35,0.0069,1.225,288.15,340.35,0.0216,989.8,99.79,124.1,69.3,0.0516,2400,2399.6,-41.9,-0.0,-186.7,-22.4,0.0,18.7,3.7,-379.3,-9481.3,1998.0,-0.0,1,0
13.1,415.317,598.64,15.317,0.0,7.568,-0.0,7.568,2.018,-0.0,1,0.0,1.0,0.35,0.0069,1.225,288.15,340.35,0.0222,989.8,99.79,124.1,69.3,0.0516,2400,2399.6,-41.9,-0.0,-197.1,-23.6,0.0,19.7,3.9,-378.8,-9470.8,1997.2,-0.0,1,0
13.2,416.086,598.64,16.086,0.0,7.769,-0.0,7.769,2.017,0.0,1,0.0,1.0,0.35,0.0069,1.225,288.15,340.35,0.0228,989.8,99.78,124.1,69.29,0.0516,2400,2399.6,-41.9,-0.0,-207.8,-24.9,0.0,20.8,4.1,-378.4,-9460.1,1996.3,0.0,1,0
13.3,416.875,598.64,16.875,0.0,7.971,-0.0,7.971,2.016,-0.0,1,0.0,1.0,0.35,0.0069,1.225,288.15,340.35,0.0234,989.8,99.78,124.1,69.29,0.0516,2400,2399.6,-41.9,-0.0,-218.8,-26.2,0.0,21.9,4.3,-378.0,-9449.0,1995.5,-0.0,1,0
13.4,417.683,598.64,17.683,0.0,8.173,-0.0,8.173,2.015,0.0,1,0.0,1.0,0.35,0.0069,1.225,288.15,340.35,0.024,989.8,99.77,124.1,69.29,0.0516,2400,2399.6,-41.9,-0.0,-230.1,-27.6,0.0,23.0,4.6,-377.5,-9437.7,1994.6,0.0,1,0
13.5,418.512,598.64,18.512,0.0,8.374,-0.0,8.374,2.014,0.0,1,0.0,1.0,0.35,0.0069,1.225,288.15,340.35,0.0246,989.8,99.77,124.1,69.28,0.0516,2400,2399.6,-41.9,-0.0,-241.6,-28.9,0.0,24.2,4.8,-377.0,-9426.2,1993.6,0.0,1,0
13.6,419.362,598.64,19.362,0.0,8.575,-0.0,8.575,2.013,-0.0,1,0.0,1.0,0.35,0.0069,1.225,288.15,340.35,0.0252,989.8,99.76,124.1,69.28,0.0516,2400,2399.6,-41.9,-0.0,-253.4,-30.4,0.0,25.3,5.0,-376.6,-9414.3,1992.7,-0.0,1,0
13.7,420.231,598.64,20.231,0.0,8.777,-0.0,8.777,2.012,0.0,1,0.0,1.0,0.35,0.0069,1.225,288.15,340.35,0.0258,989.8,99.76,124.1,69.28,0.0516,2400,2399.6,-41.9,-0.0,-265.5,-31.8,0.0,26.5,5.3,-376.1,-9402.2,1991.7,0.0,1,0
13.8,421.12,598.64,21.12,0.0,8.978,-0.0,8.978,2.011,-0.0,1,0.0,1.0,0.35,0.0069,1.225,288.15,340.35,0.0264,989.8,99.75,124.1,69.27,0.0516,2400,2399.6,-41.9,-0.0,-277.8,-33.3,0.0,27.8,5.5,-375.6,-9389.8,1990.8,-0.0,1,0
13.9,422.03,598.64,22.03,0.0,9.179,-0.0,9.179,2.01,-0.0,1,0.0,1.0,0.35,0.0069,1.225,288.15,340.35,0.027,989.7,99.75,124.1,69.27,0.0516,2400,2399.6,-41.9,-0.0,-290.5,-34.8,0.0,29.0,5.8,-375.1,-9377.1,1989.8,-0.0,1,0
14.0,422.959,598.64,22.959,0.0,9.38,-0.0,9.38,2.009,-0.0,1,0.0,1.0,0.35,0.0069,1.225,288.15,340.35,0.0276,989.7,99.74,124.1,69.27,0.0516,2400,2399.6,-41.9,-0.0,-303.4,-36.3,0.0,30.3,6.0,-374.6,-9364.1,1988.7,-0.0,1,0
14.1,423.909,598.64,23.909,0.0,9.581,-0.0,9.581,2.008,-0.0,1,0.0,1.0,0.35,0.0069,1.225,288.15,340.35,0.0282,989.7,99.74,124.1,69.26,0.0516,2400,2399.6,-41.9,-0.0,-316.6,-37.9,0.0,31.7,6.3,-374.0,-9350.9,1987.7,-0.0,1,0
14.2,424.879,598.64,24.879,0.0,9.782,-0.0,9.782,2.007,0.0,1,0.0,1.0,0.35,0.0069,1.225,288.15,340.35,0.0287,989.7,99.73,124.0,69.26,0.0516,2400,2399.6,-41.9,-0.0,-330.0,-39.5,0.0,33.0,6.5,-373.5,-9337.4,1986.6,0.0,1,0
14.3,425.869,598.64,25.869,0.0,9.982,-0.0,9.982,2.006,-0.0,1,0.0,1.0,0.35,0.0069,1.225,288.15,340.35,0.0293,989.7,99.73,124.0,69.26,0.0516,2400,2399.6,-41.9,-0.0,-343.7,-41.2,0.0,34.4,6.8,-372.9,-9323.6,1985.5,-0.0,1,0
14.4,426.879,598.64,26.879,0.0,10.183,-0.0,10.183,2.005,0.0,1,0.0,1.0,0.35,0.0069,1.225,288.15,340.35,0.0299,989.7,99.72,124.0,69.25,0.0516,2400,2399.6,-41.9,-0.0,-357.7,-42.9,0.0,35.8,7.1,-372.4,-9309.6,1984.4,0.0,1,0
14.5,427.909,598.64,27.909,0.0,10.383,-0.0,10.383,2.004,-0.0,1,0.0,1.0,0.35,0.0069,1.225,288.15,340.35,0.0305,989.7,99.72,124.0,69.25,0.0516,2400,2399.6,-41.9,-0.0,-372.0,-44.6,0.0,37.2,7.4,-371.8,-9295.2,1983.3,-0.0,1,0
14.6,428.959,598.64,28.959,0.0,10.584,-0.0,10.584,2.003,-0.0,1,0.0,1.0,0.35,0.0069,1.225,288.15,340.35,0.0311,989.7,99.71,124.0,69.24,0.0516,2400,2399.6,-41.9,-0.0,-386.6,-46.3,0.0,38.7,7.7,-371.2,-9280.6,1982.1,-0.0,1,0
14.7,430.029,598.64,30.029,0.0,10.784,-0.0,10.784,2.002,0.0,1,0.0,1.0,0.35,0.0069,1.225,288.15,340.35,0.0317,989.7,99.71,124.0,69.24,0.0516,2400,2399.6,-41.9,-0.0,-401.4,-48.1,0.0,40.1,7.9,-370.6,-9265.8,1980.9,0.0,1,0
14.8,431.119,598.64,31.119,0.0,10.984,-0.0,10.984,2.0,0.0,1,0.0,1.0,0.35,0.0069,1.225,288.15,340.35,0.0323,989.7,99.7,124.0,69.24,0.0516,2400,2399.6,-41.9,-0.0,-416.4,-49.9,0.0,41.6,8.2,-370.0,-9250.6,1979.7,0.0,1,0
14.9,432.229,598.64,32.229,0.0,11.184,-0.0,11.184,1.999,0.0,1,0.0,1.0,0.35,0.0069,1.225,288.15,340.35,0.0329,989.7,99.7,124.0,69.23,0.0516,2400,2399.6,-41.9,-0.0,-431.8,-51.7,0.0,43.2,8.6,-369.4,-9235.2,1978.5,0.0,1,0
15.0,433.359,598.64,33.359,0.0,11.384,-0.0,11.384,1.998,-0.0,1,0.0,1.0,0.35,0.0069,1.225,288.15,340.35,0.0334,989.7,99.69,124.0,69.23,0.0516,2400,2399.6,-41.9,-0.0,-447.4,-53.6,0.0,44.7,8.9,-368.8,-9219.6,1977.2,-0.0,1,0
15.1,434.509,598.64,34.509,0.0,11.583,-0.0,11.583,1.997,-0.0,1,0.0,1.0,0.35,0.0069,1.225,288.15,340.35,0.034,989.7,99.69,124.0,69.23,0.0516,2400,2399.6,-41.9,-0.0,-463.3,-55.5,0.0,46.3,9.2,-368.1,-9203.6,1976.0,-0.0,1,0
15.2,435.679,598.64,35.679,0.0,11.783,-0.0,11.783,1.995,-0.0,1,0.0,1.0,0.35,0.0069,1.225,288.15,340.35,0.0346,989.7,99.68,124.0,69.22,0.0516,2400,2399.6,-41.9,-0.0,-479.4,-57.4,0.0,47.9,9.5,-367.5,-9187.4,1974.7,-0.0,1,0
15.3,436.869,598.64,36.869,0.0,11.982,-0.0,11.982,1.994,-0.0,1,0.0,1.0,0.35,0.0069,1.225,288.15,340.35,0.0352,989.7,99.68,124.0,69.22,0.0516,2400,2399.6,-41.9,-0.0,-495.9,-59.4,0.0,49.6,9.8,-366.8,-9171.0,1973.4,-0.0,1,0
15.4,438.079,598.64,38.079,0.0,12.182,-0.0,12.182,1.993,0.0,1,0.0,1.0,0.35,0.0069,1.225,288.15,340.35,0.0358,989.7,99.67,124.0,69.22,0.0516,2400,2399.6,-41.9,-0.0,-512.5,-61.4,0.0,51.3,10.2,-366.2,-9154.2,1972.1,0.0,1,0
15.5,439.308,598.64,39.308,0.0,12.381,-0.0,12.381,1.991,-0.0,1,0.0,1.0,0.35,0.0069,1.225,288.15,340.35,0.0364,989.7,99.67,124.0,69.21,0.0516,2400,2399.6,-41.9,-0.0,-529.5,-63.4,0.0,52.9,10.5,-365.5,-9137.2,1970.7,-0.0,1,0
15.6,440.558,598.64,40.558,0.0,12.58,-0.0,12.58,1.99,-0.0,1,0.0,1.0,0.35,0.0069,1.225,288.15,340.35,0.037,989.7,99.66,124.0,69.21,0.0516,2400,2399.6,-41.9,-0.0,-546.7,-65.5,0.0,54.7,10.8,-364.8,-9120.0,1969.3,-0.0,1,0
15.7,441.828,598.64,41.828,0.0,12.779,-0.0,12.779,1.989,0.0,1,0.0,1.0,0.35,0.0069,1.225,288.15,340.35,0.0375,989.7,99.66,123.9,69.21,0.0516,2400,2399.6,-41.9,-0.0,-564.2,-67.6,0.0,56.4,11.2,-364.1,-9102.5,1967.9,0.0,1,0
15.8,443.117,598.64,43.117,0.0,12.978,-0.0,12.978,1.987,0.0,1,0.0,1.0,0.35,0.0069,1.225,288.15,340.35,0.0381,989.7,99.65,123.9,69.2,0.0516,2400,2399.6,-41.9,-0.0,-581.9,-69.7,0.0,58.2,11.5,-363.4,-9084.7,1966.5,0.0,1,0
15.9,444.427,598.64,44.427,0.0,13.176,-0.0,13.176,1.986,0.0,1,0.0,1.0,0.35,0.0069,1.225,288.15,340.35,0.0387,989.6,99.65,123.9,69.2,0.0516,2400,2399.6,-41.9,-0.0,-599.9,-71.9,0.0,60.0,11.9,-362.7,-9066.6,1965.1,0.0,1,0
16.0,445.756,598.64,45.756,0.0,13.375,-0.0,13.375,1.984,0.0,1,0.0,1.0,0.35,0.0069,1.225,288.15,340.35,0.0393,989.6,99.64,123.9,69.19,0.0516,2400,2399.6,-41.9,-0.0,-618.2,-74.1,0.0,61.8,12.2,-361.9,-9048.3,1963.6,0.0,1,0
16.1,447.105,598.64,47.105,0.0,13.573,-0.0,13.573,1.983,-0.0,1,0.0,1.0,0.35,0.0069,1.225,288.15,340.35,0.0399,989.6,99.63,123.9,69.19,0.0516,2400,2399.6,-41.9,-0.0,-636.7,-76.3,0.0,63.7,12.6,-361.2,-9029.7,1962.2,-0.0,1,0
16.2,448.474,598.64,48.474,0.0,13.771,-0.0,13.771,1.981,-0.0,1,0.0,1.0,0.35,0.0069,1.225,288.15,340.35,0.0405,989.6,99.63,123.9,69.19,0.0516,2400,2399.6,-41.9,-0.0,-655.5,-78.5,0.0,65.5,13.0,-360.4,-9010.9,1960.7,-0.0,1,0
16.3,449.862,598.64,49.862,0.0,13.969,-0.0,13.969,1.98,0.0,1,0.0,1.0,0.35,0.0069,1.225,288.15,340.35,0.041,989.6,99.62,123.9,69.18,0.0516,2400,2399.6,-41.9,-0.0,-674.5,-80.8,0.0,67.4,13.4,-359.7,-8991.8,1959.2,0.0,1,0
16.4,451.271,598.64,51.271,0.0,14.167,-0.0,14.167,1.978,-0.0,1,0.0,1.0,0.35,0.0069,1.225,288.15,340.35,0.0416,989.6,99.62,123.9,69.18,0.0516,2400,2399.6,-41.9,-0.0,-693.8,-83.1,0.0,69.4,13.7,-358.9,-8972.5,1957.6,-0.0,1,0
16.5,452.699,598.64,52.699,0.0,14.365,-0.0,14.365,1.977,-0.0,1,0.0,1.0,0.35,0.0069,1.225,288.15,340.35,0.0422,989.6,99.61,123.9,69.18,0.0516,2400,2399.6,-41.9,-0.0,-713.3,-85.5,0.0,71.3,14.1,-358.1,-8952.9,1956.1,-0.0,1,0
16.6,454.147,598.64,54.147,0.0,14.562,-0.0,14.562,1.975,-0.0,1,0.0,1.0,0.35,0.0069,1.225,288.15,340.35,0.0428,989.6,99.61,123.9,69.17,0.0516,2400,2399.6,-41.9,-0.0,-733.1,-87.8,0.0,73.3,14.5,-357.3,-8933.0,1954.5,-0.0,1,0
16.7,455.615,598.64,55.615,0.0,14.76,-0.0,14.76,1.973,-0.0,1,0.0,1.0,0.35,0.0069,1.225,288.15,340.35,0.0434,989.6,99.6,123.9,69.17,0.0516,2400,2399.6,-41.9,-0.0,-753.2,-90.2,0.0,75.3,14.9,-356.5,-8912.9,1952.9,-0.0,1,0
16.8,457.102,598.64,57.102,0.0,14.957,-0.0,14.957,1.972,-0.0,1,0.0,1.0,0.35,0.0069,1.225,288.15,340.35,0.0439,989.6,99.6,123.9,69.17,0.0516,2400,2399.6,-41.9,-0.0,-773.5,-92.7,0.0,77.4,15.3,-355.7,-8892.6,1951.3,-0.0,1,0
16.9,458.609,598.64,58.609,0.0,15.154,-0.0,15.154,1.97,-0.0,1,0.0,1.0,0.35,0.0069,1.225,288.15,340.35,0.0445,989.6,99.59,123.9,69.16,0.0516,2400,2399.6,-41.9,-0.0,-794.1,-95.1,0.0,79.4,15.7,-354.9,-8871.9,1949.6,-0.0,1,0
17.0,460.136,598.64,60.136,0.0,15.351,-0.0,15.351,1.968,-0.0,1,0.0,1.0,0.35,0.0069,1.225,288.15,340.35,0.0451,989.6,99.59,123.9,69.16,0.0516,2400,2399.6,-41.9,-0.0,-814.9,-97.6,0.0,81.5,16.1,-354.0,-8851.1,1948.0,-0.0,1,0
17.1,461.683,598.64,61.683,0.0,15.548,-0.0,15.548,1.967,0.0,1,0.0,1.0,0.35,0.0069,1.225,288.15,340.35,0.0457,989.6,99.58,123.9,69.16,0.0516,2400,2399.6,-41.9,-0.0,-836.0,-100.2,0.0,83.6,16.6,-353.2,-8829.9,1946.3,0.0,1,0
17.2,463.249,598.64,63.249,0.0,15.744,-0.0,15.744,1.965,-0.0,1,0.0,1.0,0.35,0.0069,1.225,288.15,340.35,0.0463,989.6,99.58,123.9,69.15,0.0516,2400,2399.6,-41.9,-0.0,-857.3,-102.7,0.0,85.7,17.0,-352.3,-8808.6,1944.6,-0.0,1,0
17.3,464.835,598.64,64.835,0.0,15.941,-0.0,15.941,1.963,0.0,1,0.0,1.0,0.35,0.0069,1.225,288.15,340.35,0.0468,989.6,99.57,123.8,69.15,0.0516,2400,2399.6,-41.9,-0.0,-878.9,-105.3,0.0,87.9,17.4,-351.5,-8787.0,1942.9,0.0,1,0
17.4,466.441,598.64,66.441,0.0,16.137,-0.0,16.137,1.962,-0.0,1,0.0,1.0,0.35,0.0069,1.225,288.15,340.35,0.0474,989.6,99.57,123.8,69.14,0.0516,2400,2399.6,-41.9,-0.0,-900.7,-107.9,0.0,90.1,17.8,-350.6,-8765.1,1941.1,-0.0,1,0
17.5,468.066,598.64,68.066,0.0,16.333,-0.0,16.333,1.96,-0.0,1,0.0,1.0,0.35,0.0069,1.225,288.15,340.35,0.048,989.6,99.56,123.8,69.14,0.0516,2400,2399.6,-41.9,-0.0,-922.8,-110.6,0.0,92.3,18.3,-349.7,-8743.0,1939.4,-0.0,1,0
17.6,469.711,598.64,69.711,0.0,16.529,-0.0,16.529,1.958,-0.0,1,0.0,1.0,0.35,0.0069,1.225,288.15,340.35,0.0486,989.6,99.56,123.8,69.14,0.0516,2400,2399.6,-41.9,-0.0,-945.1,-113.2,0.0,94.5,18.7,-348.8,-8720.6,1937.6,-0.0,1,0
17.7,471.375,598.64,71.375,0.0,16.725,-0.0,16.725,1.956,0.0,1,0.0,1.0,0.35,0.0069,1.225,288.15,340.35,0.0491,989.6,99.55,123.8,69.13,0.0516,2400,2399.6,-41.9,-0.0,-967.6,-115.9,0.0,96.8,19.2,-347.9,-8698.0,1935.8,0.0,1,0
17.8,473.059,598.64,73.059,0.0,16.92,-0.0,16.92,1.954,0.0,1,0.0,1.0,0.35,0.0069,1.225,288.15,340.35,0.0497,989.5,99.55,123.8,69.13,0.0516,2400,2399.6,-41.9,-0.0,-990.4,-118.7,0.0,99.0,19.6,-347.0,-8675.1,1934.0,0.0,1,0
17.9,474.762,598.64,74.762,0.0,17.116,-0.0,17.116,1.953,-0.0,1,0.0,1.0,0.35,0.0069,1.225,288.15,340.35,0.0503,989.5,99.54,123.8,69.13,0.0516,2400,2399.6,-41.9,-0.0,-1013.5,-121.4,0.0,101.3,20.1,-346.1,-8652.0,1932.1,-0.0,1,0
18.0,476.485,598.64,76.485,0.0,17.311,-0.0,17.311,1.951,-0.0,1,0.0,1.0,0.35,0.0069,1.225,288.15,340.35,0.0509,989.5,99.54,123.8,69.12,0.0516,2400,2399.6,-41.9,-0.0,-1036.8,-124.2,0.0,103.7,20.5,-345.1,-8628.7,1930.3,-0.0,1,0
18.1,478.227,598.64,78.227,0.0,17.506,-0.0,17.506,1.949,0.0,1,0.0,1.0,0.35,0.0069,1.225,288.15,340.35,0.0514,989.5,99.53,123.8,69.12,0.0516,2400,2399.6,-41.9,-0.0,-1060.3,-127.0,0.0,106.0,21.0,-344.2,-8605.1,1928.4,0.0,1,0
18.2,479.989,598.64,79.989,0.0,17.7,-0.0,17.7,1.947,-0.0,1,0.0,1.0,0.35,0.0069,1.225,288.15,340.35,0.052,989.5,99.53,123.8,69.12,0.0516,2400,2399.6,-41.9,-0.0,-1084.1,-129.9,0.0,108.4,21.5,-343.3,-8581.3,1926.5,-0.0,1,0
18.3,481.771,598.64,81.771,0.0,17.895,-0.0,17.895,1.945,-0.0,1,0.0,1.0,0.35,0.0069,1.225,288.15,340.35,0.0526,989.5,99.52,123.8,69.11,0.0516,2400,2399.6,-41.9,-0.0,-1108.1,-132.8,0.0,110.8,21.9,-342.3,-8557.2,1924.6,-0.0,1,0
18.4,483.572,598.64,83.572,0.0,18.089,-0.0,18.089,1.943,0.0,1,0.0,1.0,0.35,0.0069,1.225,288.15,340.35,0.0531,989.5,99.52,123.8,69.11,0.0516,2400,2399.6,-41.9,-0.0,-1132.3,-135.7,0.0,113.2,22.4,-341.3,-8532.9,1922.7,0.0,1,0
18.5,485.392,598.64,85.392,0.0,18.284,-0.0,18.284,1.941,-0.0,1,0.0,1.0,0.35,0.0069,1.225,288.15,340.35,0.0537,989.5,99.51,123.8,69.1,0.0516,2400,2399.6,-41.9,-0.0,-1156.8,-138.6,0.0,115.7,22.9,-340.3,-8508.4,1920.7,-0.0,1,0
18.6,487.232,598.64,87.232,0.0,18.478,-0.0,18.478,1.939,-0.0,1,0.0,1.0,0.35,0.0069,1.225,288.15,340.35,0.0543,989.5,99.51,123.8,69.1,0.0516,2400,2399.6,-41.9,-0.0,-1181.6,-141.6,0.0,118.2,23.4,-339.3,-8483.6,1918.7,-0.0,1,0
18.7,489.091,598.64,89.091,0.0,18.671,-0.0,18.671,1.937,0.0,1,0.0,1.0,0.35,0.0069,1.225,288.15,340.35,0.0549,989.5,99.5,123.8,69.1,0.0516,2400,2399.6,-41.9,-0.0,-1206.5,-144.5,0.0,120.7,23.9,-338.3,-8458.6,1916.7,0.0,1,0
18.8,490.969,598.64,90.969,0.0,18.865,-0.0,18.865,1.935,-0.0,1,0.0,1.0,0.35,0.0069,1.225,288.15,340.35,0.0554,989.5,99.5,123.8,69.09,0.0516,2400,2399.6,-41.9,-0.0,-1231.7,-147.6,0.0,123.2,24.4,-337.3,-8433.3,1914.7,-0.0,1,0
18.9,492.867,598.64,92.867,0.0,19.058,-0.0,19.058,1.933,-0.0,1,0.0,1.0,0.35,0.0069,1.225,288.15,340.35,0.056,989.5,99.49,123.7,69.09,0.0516,2400,2399.6,-41.9,-0.0,-1257.2,-150.6,0.0,125.7,24.9,-336.3,-8407.9,1912.7,-0.0,1,0
19.0,494.784,598.64,94.784,0.0,19.251,-0.0,19.251,1.931,-0.0,1,0.0,1.0,0.35,0.0069,1.225,288.15,340.35,0.0566,989.5,99.49,123.7,69.09,0.0516,2400,2399.6,-41.9,-0.0,-1282.8,-153.7,0.0,128.3,25.4,-335.3,-8382.1,1910.7,-0.0,1,0
19.1,496.72,598.64,96.72,0.0,19.444,-0.0,19.444,1.929,-0.0,1,0.0,1.0,0.35,0.0069,1.225,288.15,340.35,0.0571,989.5,99.48,123.7,69.08,0.0516,2400,2399.6,-41.9,-0.0,-1308.7,-156.8,0.0,130.9,25.9,-334.2,-8356.2,1908.6,-0.0,1,0
19.2,498.676,598.64,98.676,0.0,19.637,-0.0,19.637,1.927,0.0,1,0.0,1.0,0.35,0.0069,1.225,288.15,340.35,0.0577,989.5,99.47,123.7,69.08,0.0516,2400,2399.6,-41.9,-0.0,-1334.8,-159.9,0.0,133.5,26.4,-333.2,-8330.0,1906.5,0.0,1,0
19.3,500.651,598.64,100.651,0.0,19.83,-0.0,19.83,1.925,-0.0,1,0.0,1.0,0.35,0.0069,1.225,288.15,340.35,0.0583,989.5,99.47,123.7,69.08,0.0516,2400,2399.6,-41.9,-0.0,-1361.2,-163.1,0.0,136.1,27.0,-332.1,-8303.6,1904.4,-0.0,1,0
19.4,502.645,598.64,102.645,0.0,20.022,-0.0,20.022,1.923,-0.0,1,0.0,1.0,0.35,0.0069,1.225,288.15,340.35,0.0588,989.5,99.46,123.7,69.07,0.0516,2400,2399.6,-41.9,-0.0,-1387.8,-166.3,0.0,138.8,27.5,-331.1,-8277.0,1902.3,-0.0,1,0
19.5,504.659,598.64,104.659,0.0,20.214,-0.0,20.214,1.92,0.0,1,0.0,1.0,0.35,0.0069,1.225,288.15,340.35,0.0594,989.5,99.46,123.7,69.07,0.0516,2400,2399.6,-41.9,-0.0,-1414.6,-169.5,0.0,141.5,28.0,-330.0,-8250.1,1900.2,0.0,1,0
19.6,506.691,598.64,106.691,0.0,20.406,-0.0,20.406,1.918,0.0,1,0.0,1.0,0.35,0.0069,1.225,288.15,340.35,0.06,989.5,99.45,123.7,69.07,0.0516,2400,2399.6,-41.9,-0.0,-1441.6,-172.7,0.0,144.2,28.6,-328.9,-8223.0,1898.0,0.0,1,0
19.7,508.743,598.64,108.743,0.0,20.598,-0.0,20.598,1.916,0.0,1,0.0,1.0,0.35,0.0069,1.225,288.15,340.35,0.0605,989.4,99.45,123.7,69.06,0.0516,2400,2399.6,-41.9,-0.0,-1468.9,-176.0,0.0,146.9,29.1,-327.8,-8195.7,1895.8,0.0,1,0
19.8,510.814,598.64,110.814,0.0,20.789,-0.0,20.789,1.914,0.0,1,0.0,1.0,0.35,0.0069,1.225,288.15,340.35,0.0611,989.4,99.44,123.7,69.06,0.0516,2400,2399.6,-41.9,-0.0,-1496.4,-179.3,0.0,149.6,29.6,-326.7,-8168.2,1893.6,0.0,1,0
19.9,512.904,598.64,112.904,0.0,20.981,-0.0,20.981,1.912,0.0,1,0.0,1.0,0.35,0.0069,1.225,288.15,340.35,0.0616,989.4,99.44,123.7,69.05,0.0516,2400,2399.6,-41.9,-0.0,-1524.1,-182.6,0.0,152.4,30.2,-325.6,-8140.4,1891.4,0.0,1,0
20.0,515.013,598.64,115.013,0.0,21.172,-0.0,21.172,1.909,-0.0,1,0.0,1.0,0.35,0.0069,1.225,288.15,340.35,0.0622,989.4,99.43,123.7,69.05,0.0516,2400,2399.6,-41.9,-0.0,-1552.0,-185.9,0.0,155.2,30.7,-324.5,-8112.5,1889.2,-0.0,1,0
20.1,517.142,598.64,117.142,0.0,21.362,-0.0,21.362,1.907,-0.0,1,0.0,1.0,0.35,0.0069,1.225,288.15,340.35,0.0628,989.4,99.43,123.7,69.05,0.0516,2400,2399.6,-41.9,-0.0,-1580.1,-189.3,0.0,158.0,31.3,-323.4,-8084.3,1887.0,-0.0,1,0
20.2,519.289,598.64,119.289,0.0,21.553,-0.0,21.553,1.905,-0.0,1,0.0,1.0,0.35,0.0069,1.225,288.15,340.35,0.0633,989.4,99.42,123.7,69.04,0.0516,2400,2399.6,-41.9,-0.0,-1608.5,-192.7,0.0,160.9,31.9,-322.2,-8055.8,1884.7,-0.0,1,0
20.3,521.455,598.64,121.455,0.0,21.743,-0.0,21.743,1.903,-0.0,1,0.0,1.0,0.35,0.0069,1.225,288.15,340.35,0.0639,989.4,99.42,123.7,69.04,0.0516,2400,2399.6,-41.9,-0.0,-1637.1,-196.1,0.0,163.7,32.4,-321.1,-8027.2,1882.4,-0.0,1,0
20.4,523.641,598.64,123.641,0.0,21.933,-0.0,21.933,1.9,-0.0,1,0.0,1.0,0.35,0.0069,1.225,288.15,340.35,0.0644,989.4,99.41,123.6,69.04,0.0516,2400,2399.6,-41.9,-0.0,-1665.9,-199.6,0.0,166.6,33.0,-319.9,-7998.4,1880.1,-0.0,1,0
20.5,525.845,598.64,125.845,0.0,22.123,-0.0,22.123,1.898,-0.0,1,0.0,1.0,0.35,0.0069,1.225,288.15,340.35,0.065,989.4,99.41,123.6,69.03,0.0516,2400,2399.6,-41.9,-0.0,-1694.9,-203.1,0.0,169.5,33.6,-318.8,-7969.3,1877.8,-0.0,1,0
20.6,528.069,598.64,128.069,0.0,22.313,-0.0,22.313,1.896,-0.0,1,0.0,1.0,0.35,0.0069,1.225,288.15,340.35,0.0656,989.4,99.4,123.6,69.03,0.0516,2400,2399.6,-41.9,-0.0,-1724.1,-206.6,0.0,172.4,34.1,-317.6,-7940.0,1875.5,-0.0,1,0
20.7,530.311,598.64,130.311,0.0,22.502,-0.0,22.502,1.893,-0.0,1,0.0,1.0,0.35,0.0069,1.225,288.15,340.35,0.0661,989.4,99.4,123.6,69.03,0.0516,2400,2399.6,-41.9,-0.0,-1753.6,-210.1,0.0,175.4,34.7,-316.4,-7910.5,1873.1,-0.0,1,0
20.8,532.572,598.64,132.572,0.0,22.692,-0.0,22.692,1.891,-0.0,1,0.0,1.0,0.35,0.0069,1.225,288.15,340.35,0.0667,989.4,99.39,123.6,69.02,0.0516,2400,2399.6,-41.9,-0.0,-1783.3,-213.6,0.0,178.3,35.3,-315.2,-7880.8,1870.8,-0.0,1,0
20.9,534.852,598.64,134.852,0.0,22.881,-0.0,22.881,1.888,-0.0,1,0.0,1.0,0.35,0.0069,1.225,288.15,340.35,0.0672,989.4,99.39,123.6,69.02,0.0516,2400,2399.6,-41.9,-0.0,-1813.1,-217.2,0.0,181.3,35.9,-314.0,-7850.9,1868.4,-0.0,1,0
21.0,537.151,598.64,137.151,0.0,23.069,-0.0,23.069,1.886,-0.0,1,0.0,1.0,0.35,0.0069,1.225,288.15,340.35,0.0678,989.4,99.38,123.6,69.02,0.0516,2400,2399.6,-41.9,-0.0,-1843.2,-220.8,0.0,184.3,36.5,-312.8,-7820.8,1866.0,-0.0,1,0
21.1,539.469,598.64,139.469,0.0,23.258,-0.0,23.258,1.884,-0.0,1,0.0,1.0,0.35,0.0069,1.225,288.15,340.35,0.0683,989.4,99.38,123.6,69.01,0.0516,2400,2399.6,-41.9,-0.0,-1873.5,-224.5,0.0,187.3,37.1,-311.6,-7790.4,1863.6,-0.0,1,0
21.2,541.806,598.64,141.806,0.0,23.446,-0.0,23.446,1.881,-0.0,1,0.0,1.0,0.35,0.0069,1.225,288.15,340.35,0.0689,989.4,99.37,123.6,69.01,0.0516,2400,2399.6,-41.9,-0.0,-1904.0,-228.1,0.0,190.4,37.7,-310.4,-7759.9,1861.1,-0.0,1,0
21.3,544.162,598.64,144.162,0.0,23.634,-0.0,23.634,1.879,0.0,1,0.0,1.0,0.35,0.0069,1.225,288.15,340.35,0.0694,989.4,99.37,123.6,69.0,0.0516,2400,2399.6,-41.9,-0.0,-1934.7,-231.8,0.0,193.5,38.3,-309.2,-7729.1,1858.7,0.0,1,0
21.4,546.536,598.64,146.536,0.0,23.822,-0.0,23.822,1.876,0.0,1,0.0,1.0,0.35,0.0069,1.225,288.15,340.35,0.07,989.4,99.36,123.6,69.0,0.0516,2400,2399.6,-41.9,-0.0,-1965.6,-235.5,0.0,196.6,38.9,-307.9,-7698.2,1856.2,0.0,1,0
21.5,548.929,598.64,148.929,0.0,24.009,-0.0,24.009,1.874,0.0,1,0.0,1.0,0.35,0.0069,1.225,288.15,340.35,0.0705,989.4,99.36,123.6,69.0,0.0516,2400,2399.6,-41.9,-0.0,-1996.7,-239.2,0.0,199.7,39.5,-306.7,-7667.0,1853.7,0.0,1,0
21.6,551.341,598.64,151.341,0.0,24.196,-0.0,24.196,1.871,-0.0,1,0.0,1.0,0.35,0.0069,1.225,288.15,340.35,0.0711,989.4,99.35,123.6,68.99,0.0516,2400,2399.6,-41.9,-0.0,-2028.0,-243.0,0.0,202.8,40.2,-305.4,-7635.7,1851.2,-0.0,1,0
21.7,553.772,598.64,153.772,0.0,24.383,-0.0,24.383,1.869,0.0,1,0.0,1.0,0.35,0.0069,1.225,288.15,340.35,0.0716,989.3,99.35,123.6,68.99,0.0516,2400,2399.6,-41.9,-0.0,-2059.5,-246.7,0.0,206.0,40.8,-304.2,-7604.1,1848.7,0.0,1,0
21.8,556.221,598.64,156.221,0.0,24.57,-0.0,24.57,1.866,-0.0,1,0.0,1.0,0.35,0.0069,1.225,288.15,340.35,0.0722,989.3,99.34,123.6,68.99,0.0516,2400,2399.6,-41.9,-0.0,-2091.2,-250.5,0.0,209.1,41.4,-302.9,-7572.3,1846.2,-0.0,1,0
21.9167,559.102,598.64,159.102,0.0,24.788,-0.0,24.788,1.863,0.0,1,0.0,1.0,0.35,0.0069,1.225,288.15,340.35,0.0728,989.3,99.33,123.6,68.98,0.0516,2400,2399.6,-41.9,-0.0,-2128.5,-255.0,0.0,212.8,42.2,-301.4,-7535.0,1843.2,0.0,1,0
22.0167,561.591,598.64,161.591,0.0,24.974,-0.0,24.974,1.861,0.0,1,0.0,1.0,0.35,0.0069,1.225,288.15,340.35,0.0734,989.3,99.33,123.5,68.98,0.0516,2400,2399.6,-41.9,-0.0,-2160.6,-258.9,0.0,216.1,42.8,-300.1,-7502.8,1840.7,0.0,1,0
22.1167,564.1,598.64,164.1,0.0,25.16,-0.0,25.16,1.858,0.0,1,0.0,1.0,0.35,0.0069,1.225,288.15,340.35,0.0739,989.3,99.32,123.5,68.98,0.0516,2400,2399.6,-41.9,-0.0,-2192.9,-262.7,0.0,219.3,43.4,-298.8,-7470.5,1838.1,0.0,1,0
22.2167,566.626,598.64,166.626,0.0,25.345,-0.0,25.345,1.855,-0.0,1,0.0,1.0,0.35,0.0069,1.225,288.15,340.35,0.0745,989.3,99.32,123.5,68.97,0.0516,2400,2399.6,-41.9,-0.0,-2225.5,-266.6,0.0,222.5,44.1,-297.5,-7437.9,1835.5,-0.0,1,0
22.3167,569.172,598.64,169.172,0.0,25.531,-0.0,25.531,1.853,0.0,1,0.0,1.0,0.35,0.0069,1.225,288.15,340.35,0.075,989.3,99.31,123.5,68.97,0.0516,2400,2399.6,-41.9,-0.0,-2258.2,-270.5,0.0,225.8,44.7,-296.2,-7405.1,1832.9,0.0,1,0
22.4167,571.736,598.64,171.736,0.0,25.716,-0.0,25.716,1.85,0.0,1,0.0,1.0,0.35,0.0069,1.225,288.15,340.35,0.0756,989.3,99.31,123.5,68.96,0.0516,2400,2399.6,-41.9,-0.0,-2291.1,-274.5,0.0,229.1,45.4,-294.9,-7372.1,1830.3,0.0,1,0
22.5167,574.318,598.64,174.318,0.0,25.901,-0.0,25.901,1.847,-0.0,1,0.0,1.0,0.35,0.0069,1.225,288.15,340.35,0.0761,989.3,99.3,123.5,68.96,0.0516,2400,2399.6,-41.9,-0.0,-2324.2,-278.5,0.0,232.4,46.0,-293.6,-7339.0,1827.6,-0.0,1,0
22.6167,576.919,598.64,176.919,0.0,26.085,-0.0,26.085,1.845,0.0,1,0.0,1.0,0.35,0.0069,1.225,288.15,340.35,0.0766,989.3,99.3,123.5,68.96,0.0516,2400,2399.6,-41.9,-0.0,-2357.5,-282.4,0.0,235.7,46.7,-292.2,-7305.6,1825.0,0.0,1,0
22.7167,579.538,598.64,179.538,0.0,26.269,-0.0,26.269,1.842,0.0,1,0.0,1.0,0.35,0.0069,1.225,288.15,340.35,0.0772,989.3,99.29,123.5,68.95,0.0516,2400,2399.6,-41.9,-0.0,-2391.0,-286.5,0.0,239.1,47.4,-290.9,-7272.1,1822.3,0.0,1,0
22.8167,582.176,598.64,182.176,0.0,26.453,-0.0,26.453,1.839,0.0,1,0.0,1.0,0.35,0.0069,1.225,288.15,340.35,0.0777,989.3,99.29,123.5,68.95,0.0516,2400,2399.6,-41.9,-0.0,-2424.6,-290.5,0.0,242.5,48.0,-289.5,-7238.4,1819.6,0.0,1,0
22.9167,584.832,598.64,184.832,0.0,26.637,-0.0,26.637,1.837,0.0,1,0.0,1.0,0.35,0.0069,1.225,288.15,340.35,0.0783,989.3,99.28,123.5,68.95,0.0516,2400,2399.6,-41.9,-0.0,-2458.5,-294.5,0.0,245.8,48.7,-288.2,-7204.5,1816.9,0.0,1,0
23.0167,587.506,598.64,187.506,0.0,26.821,-0.0,26.821,1.834,-0.0,1,0.0,1.0,0.35,0.0069,1.225,288.15,340.35,0.0788,989.3,99.28,123.5,68.94,0.0516,2400,2399.6,-41.9,-0.0,-2492.5,-298.6,0.0,249.3,49.4,-286.8,-7170.4,1814.2,-0.0,1,0
23.1167,590.199,598.64,190.199,0.0,27.004,-0.0,27.004,1.831,0.0,1,0.0,1.0,0.35,0.0069,1.225,288.15,340.35,0.0793,989.3,99.27,123.5,68.94,0.0516,2400,2399.6,-41.9,-0.0,-2526.8,-302.7,0.0,252.7,50.0,-285.4,-7136.1,1811.5,0.0,1,0
23.2167,592.91,598.64,192.91,0.0,27.187,-0.0,27.187,1.828,0.0,1,0.0,1.0,0.35,0.0069,1.225,288.15,340.35,0.0799,989.3,99.27,123.5,68.94,0.0516,2400,2399.6,-41.9,-0.0,-2561.2,-306.8,0.0,256.1,50.7,-284.1,-7101.7,1808.7,0.0,1,0
23.3167,595.639,598.64,195.639,0.0,27.37,-0.0,27.37,1.826,-0.0,1,0.0,1.0,0.35,0.0069,1.225,288.15,340.35,0.0804,989.3,99.26,123.5,68.93,0.0516,2400,2399.6,-41.9,-0.0,-2595.7,-311.0,0.0,259.6,51.4,-282.7,-7067.0,1806.0,-0.0,1,0
23.4167,598.387,598.64,198.387,0.0,27.552,-0.0,27.552,1.823,-0.0,1,0.0,1.0,0.35,0.0069,1.225,288.15,340.35,0.081,989.3,99.26,123.5,68.93,0.0516,2400,2399.6,-41.9,-0.0,-2630.5,-315.1,0.0,263.0,52.1,-281.3,-7032.2,1803.2,-0.0,1,0
23.5167,601.153,598.64,201.153,0.0,27.732,-0.0,27.732,1.749,0.0,5,0.0,5.0,0.75,0.0318,1.225,288.15,340.35,0.0815,989.3,99.25,123.4,68.93,0.0516,2400,2390.9,-209.2,-0.0,-5711.2,-508.9,0.0,266.5,242.4,-151.4,-3784.2,1730.6,0.0,1,0
23.6167,603.936,598.64,203.936,0.0,27.898,-0.0,27.898,1.653,-0.0,7,0.0,7.0,0.95,0.0511,1.225,288.15,340.35,0.082,989.2,99.25,123.4,68.92,0.0516,2400,2382.1,-292.5,-0.0,-7322.2,-663.4,0.0,269.8,393.6,-83.6,-2089.8,1635.1,-0.0,1,0
23.7167,606.735,598.64,206.735,0.0,28.063,-0.0,28.063,1.648,-0.0,7,0.0,7.0,0.95,0.0511,1.225,288.15,340.35,0.0825,989.2,99.24,123.4,68.92,0.0516,2400,2382.1,-292.5,-0.0,-7409.2,-671.3,0.0,273.0,398.3,-80.1,-2002.8,1630.7,-0.0,1,0
23.8167,609.551,598.64,209.551,0.0,28.228,-0.0,28.228,1.644,-0.0,7,0.0,7.0,0.95,0.0511,1.225,288.15,340.35,0.0829,989.2,99.24,123.4,68.91,0.0516,2400,2382.1,-292.5,-0.0,-7496.5,-679.2,0.0,276.2,403.0,-76.6,-1915.4,1626.3,-0.0,1,0
23.9167,612.383,598.64,212.383,0.0,28.392,-0.0,28.392,1.64,0.0,7,0.0,7.0,0.95,0.0511,1.225,288.15,340.35,0.0834,989.2,99.23,123.4,68.91,0.0516,2400,2382.1,-292.5,-0.0,-7584.1,-687.1,0.0,279.4,407.7,-73.1,-1827.8,1621.9,0.0,1,0
24.0167,615.232,598.64,215.232,0.0,28.556,-0.0,28.556,1.635,-0.0,7,0.0,7.0,0.95,0.0511,1.225,288.15,340.35,0.0839,989.2,99.23,123.4,68.91,0.0516,2400,2382.1,-292.5,-0.0,-7671.9,-695.1,0.0,282.6,412.4,-69.6,-1739.9,1617.4,-0.0,1,0
24.1167,618.097,598.64,218.097,0.0,28.719,-0.0,28.719,1.631,-0.0,7,0.0,7.0,0.95,0.0511,1.225,288.15,340.35,0.0844,989.2,99.22,123.4,68.9,0.0516,2400,2382.1,-292.5,-0.0,-7760.0,-703.1,0.0,285.9,417.2,-66.1,-1651.8,1613.0,-0.0,1,0
24.2167,620.979,598.64,220.979,0.0,28.882,-0.0,28.882,1.626,-0.0,7,0.0,7.0,0.95,0.0511,1.225,288.15,340.35,0.0849,989.2,99.22,123.4,68.9,0.0516,2400,2382.1,-292.5,-0.0,-7848.3,-711.1,0.0,289.1,421.9,-62.5,-1563.4,1608.5,-0.0,1,0
24.3167,623.876,598.64,223.876,0.0,29.044,-0.0,29.044,1.622,0.0,7,0.0,7.0,0.95,0.0511,1.225,288.15,340.35,0.0853,989.2,99.21,123.4,68.9,0.0516,2400,2382.1,-292.5,-0.0,-7936.9,-719.1,0.0,292.4,426.7,-59.0,-1474.7,1604.0,0.0,1,0
24.4167,626.79,598.64,226.79,0.0,29.206,-0.0,29.206,1.617,0.0,7,0.0,7.0,0.95,0.0511,1.225,288.15,340.35,0.0858,989.2,99.21,123.4,68.89,0.0516,2400,2382.1,-292.5,-0.0,-8025.8,-727.1,0.0,295.7,431.5,-55.4,-1385.8,1599.5,0.0,1,0
24.5167,629.72,598.64,229.72,0.0,29.367,-0.0,29.367,1.612,0.0,7,0.0,7.0,0.95,0.0511,1.225,288.15,340.35,0.0863,989.2,99.2,123.4,68.89,0.0516,2400,2382.1,-292.5,-0.0,-8114.9,-735.2,0.0,299.0,436.2,-51.9,-1296.7,1595.0,0.0,1,0
24.6167,632.666,598.64,232.666,0.0,29.528,-0.0,29.528,1.608,0.0,7,0.0,7.0,0.95,0.0511,1.225,288.15,340.35,0.0868,989.2,99.2,123.4,68.89,0.0516,2400,2382.1,-292.5,-0.0,-8204.2,-743.3,0.0,302.3,441.0,-48.3,-1207.3,1590.5,0.0,1,0
24.7167,635.629,598.64,235.629,0.0,29.689,-0.0,29.689,1.603,0.0,7,0.0,7.0,0.95,0.0511,1.225,288.15,340.35,0.0872,989.2,99.19,123.4,68.88,0.0516,2400,2382.1,-292.5,-0.0,-8293.8,-751.4,0.0,305.6,445.9,-44.7,-1117.7,1586.0,0.0,1,0
24.8167,638.607,598.64,238.607,0.0,29.849,-0.0,29.849,1.599,0.0,7,0.0,7.0,0.95,0.0511,1.225,288.15,340.35,0.0877,989.2,99.19,123.4,68.88,0.0516,2400,2382.1,-292.5,-0.0,-8383.6,-759.6,0.0,308.9,450.7,-41.1,-1027.9,1581.4,0.0,1,0
24.9167,641.601,598.64,241.601,0.0,30.009,-0.0,30.009,1.594,0.0,7,0.0,7.0,0.95,0.0511,1.225,288.15,340.35,0.0882,989.2,99.18,123.4,68.87,0.0516,2400,2382.1,-292.5,-0.0,-8473.6,-767.7,0.0,312.2,455.5,-37.5,-937.8,1576.9,0.0,1,0
25.0167,644.611,598.64,244.611,0.0,30.168,-0.0,30.168,1.59,0.0,7,0.0,7.0,0.95,0.0511,1.225,288.15,340.35,0.0886,989.2,99.17,123.4,68.87,0.0516,2400,2382.1,-292.5,-0.0,-8563.8,-775.9,0.0,315.5,460.4,-33.9,-847.5,1572.3,0.0,1,0
25.1167,647.637,598.64,247.637,0.0,30.326,-0.0,30.326,1.585,0.0,7,0.0,7.0,0.95,0.0511,1.225,288.15,340.35,0.0891,989.2,99.17,123.3,68.87,0.0516,2400,2382.1,-292.5,-0.0,-8654.3,-784.1,0.0,318.8,465.2,-30.3,-757.0,1567.7,0.0,1,0
25.2167,650.677,598.63,250.677,0.01,30.441,-0.256,30.442,0.748,-4.816,13,0.33,12.67,1.5169,0.1302,1.225,288.15,340.35,0.0894,989.2,99.16,123.3,68.86,0.0516,2400,2338.5,-539.9,-80.6,-13936.5,-1517.8,8.8,321.6,1196.3,0.0,0.0,740.1,-4763.9,0,0
25.3167,653.724,598.569,253.724,0.071,30.477,-0.859,30.489,0.282,-5.745,15,1.43,13.57,1.6066,0.1461,1.225,288.15,340.35,0.0896,989.2,99.16,123.3,68.86,0.0516,2400,2318.2,-621.2,-370.7,-14806.9,-1668.7,41.8,322.7,1346.6,0.0,0.0,278.8,-5682.6,0,0
25.4167,656.773,598.452,256.773,0.188,30.501,-1.378,30.532,0.219,-4.82,15,2.44,12.56,1.5064,0.1284,1.225,288.15,340.35,0.0897,989.2,99.15,123.3,68.86,0.0516,2400,2318.2,-621.2,-591.9,-13914.6,-1509.4,64.2,323.6,1187.2,0.0,0.0,216.8,-4767.9,0,0
25.5167,659.824,598.288,259.824,0.352,30.521,-1.814,30.574,0.183,-4.049,15,3.27,11.73,1.4225,0.1145,1.225,288.15,340.35,0.0898,989.1,99.15,123.3,68.85,0.0516,2400,2318.2,-621.2,-753.4,-13166.6,-1383.8,79.2,324.5,1061.6,0.0,0.0,181.0,-4005.1,0,0
25.6167,662.877,598.085,262.877,0.555,30.538,-2.18,30.615,0.164,-3.405,15,3.98,11.02,1.3522,0.1035,1.2249,288.15,340.35,0.09,989.1,99.14,123.3,68.85,0.0516,2400,2318.2,-621.2,-872.0,-12539.8,-1284.1,89.3,325.4,961.9,0.0,0.0,162.1,-3368.1,0,0
25.7167,665.932,597.848,265.932,0.792,30.553,-2.488,30.655,0.156,-2.867,15,4.57,10.43,1.2933,0.0946,1.2249,288.15,340.35,0.0901,989.1,99.14,123.3,68.85,0.0516,2400,2318.2,-621.2,-959.8,-12014.4,-1204.4,96.2,326.2,882.1,0.0,0.0,154.0,-2835.9,0,0
25.8167,668.988,597.584,268.988,1.056,30.569,-2.748,30.692,0.154,-2.417,15,5.06,9.94,1.2437,0.0875,1.2249,288.14,340.34,0.0902,989.1,99.13,123.3,68.84,0.0516,2400,2318.2,-621.2,-1025.4,-11574.2,-1140.3,101.0,327.0,817.8,0.0,0.0,152.5,-2390.9,0,0
25.9167,672.046,597.296,272.046,1.344,30.584,-2.967,30.728,0.157,-2.041,15,5.48,9.52,1.2021,0.0818,1.2248,288.14,340.34,0.0903,989.1,99.13,123.3,68.84,0.0516,2400,2318.2,-621.2,-1074.8,-11205.3,-1088.5,104.4,327.7,765.7,0.0,0.0,154.9,-2018.7,0,0
26.0167,675.105,596.988,275.105,1.652,30.6,-3.153,30.762,0.161,-1.726,15,5.83,9.17,1.1671,0.0771,1.2248,288.14,340.34,0.0904,989.1,99.12,123.3,68.84,0.0516,2400,2318.2,-621.2,-1112.5,-10896.2,-1046.4,106.8,328.5,723.3,0.0,0.0,159.4,-1707.2,0,0
26.1167,678.166,596.664,278.166,1.976,30.617,-3.31,30.795,0.167,-1.462,15,6.12,8.88,1.1375,0.0732,1.2248,288.14,340.34,0.0905,989.1,99.12,123.3,68.83,0.0516,2400,2318.2,-621.2,-1141.5,-10637.1,-1012.0,108.6,329.2,688.6,0.0,0.0,164.8,-1446.4,0,0
26.2167,681.229,596.325,281.229,2.315,30.634,-3.443,30.827,0.172,-1.242,15,6.37,8.63,1.1126,0.07,1.2247,288.14,340.34,0.0906,989.1,99.11,123.3,68.83,0.0516,2400,2318.2,-621.2,-1164.1,-10420.0,-983.8,109.9,329.8,660.1,0.0,0.0,170.3,-1228.1,0,0
26.3167,684.293,595.974,284.293,2.666,30.651,-3.556,30.857,0.178,-1.057,15,6.59,8.41,1.0915,0.0674,1.2247,288.13,340.34,0.0907,989.1,99.11,123.3,68.82,0.0516,2400,2318.2,-621.2,-1181.9,-10238.1,-960.7,110.9,330.5,636.6,0.0,0.0,175.7,-1045.3,0,0
26.4167,687.36,595.612,287.36,3.028,30.669,-3.652,30.886,0.182,-0.902,15,6.76,8.24,1.0736,0.0652,1.2247,288.13,340.34,0.0908,989.1,99.1,123.3,68.82,0.0516,2400,2318.2,-621.2,-1196.2,-10085.7,-941.5,111.7,331.1,617.0,0.0,0.0,180.5,-892.1,0,0
26.5167,690.428,595.242,290.428,3.398,30.688,-3.735,30.914,0.187,-0.772,15,6.92,8.08,1.0585,0.0634,1.2246,288.13,340.34,0.0908,989.1,99.1,123.3,68.82,0.0516,2400,2318.2,-621.2,-1207.8,-9958.0,-925.7,112.3,331.7,600.8,0.0,0.0,184.7,-763.8,0,0
26.6167,693.497,594.865,293.497,3.775,30.707,-3.805,30.942,0.19,-0.664,15,7.04,7.96,1.0455,0.0619,1.2246,288.13,340.33,0.0909,989.1,99.09,123.2,68.81,0.0516,2400,2318.2,-621.2,-1217.3,-9850.9,-912.6,112.8,332.3,587.3,0.0,0.0,188.3,-656.3,0,0
26.7167,696.569,594.48,296.569,4.16,30.726,-3.866,30.968,0.193,-0.572,15,7.15,7.85,1.0345,0.0606,1.2245,288.12,340.33,0.091,989.1,99.09,123.2,68.81,0.0516,2400,2318.2,-621.2,-1225.3,-9761.1,-901.7,113.2,332.8,575.9,0.0,0.0,191.2,-566.2,0,0
26.8167,699.643,594.091,299.643,4.549,30.745,-3.919,30.994,0.196,-0.496,15,7.25,7.75,1.0251,0.0595,1.2245,288.12,340.33,0.0911,989.1,99.08,123.2,68.81,0.0516,2400,2318.2,-621.2,-1232.1,-9685.9,-892.6,113.5,333.4,566.4,0.0,0.0,193.6,-490.6,0,0
26.9167,702.719,593.696,302.719,4.944,30.765,-3.965,31.02,0.197,-0.432,15,7.33,7.67,1.0169,0.0585,1.2244,288.12,340.33,0.0911,989.1,99.08,123.2,68.8,0.0516,2400,2318.2,-621.2,-1237.9,-9622.8,-884.9,113.8,333.9,558.3,0.0,0.0,195.3,-427.2,0,0
27.0167,705.796,593.297,305.796,5.343,30.785,-4.005,31.044,0.199,-0.378,15,7.4,7.6,1.0099,0.0577,1.2244,288.12,340.33,0.0912,989.1,99.07,123.2,68.8,0.0516,2400,2318.2,-621.2,-1243.0,-9569.8,-878.6,114.1,334.4,551.5,0.0,0.0,196.6,-374.1,0,0
27.1167,708.876,592.895,308.876,5.745,30.805,-4.04,31.069,0.2,-0.333,15,7.46,7.54,1.0038,0.057,1.2243,288.11,340.33,0.0913,989.1,99.07,123.2,68.8,0.0516,2400,2318.2,-621.2,-1247.6,-9525.4,-873.2,114.4,335.0,545.7,0.0,0.0,197.4,-329.4,0,0
27.2167,711.958,592.489,311.958,6.151,30.825,-4.071,31.093,0.2,-0.295,15,7.51,7.49,0.9985,0.0564,1.2243,288.11,340.33,0.0914,989.1,99.06,123.2,68.79,0.0516,2400,2318.2,-621.2,-1251.6,-9488.1,-868.7,114.6,335.5,540.8,0.0,0.0,197.9,-292.0,0,0
27.3167,715.041,592.08,315.041,6.56,30.845,-4.098,31.116,0.2,-0.263,15,7.56,7.44,0.9939,0.0559,1.2242,288.11,340.32,0.0914,989.1,99.06,123.2,68.79,0.0516,2400,2318.2,-621.2,-1255.3,-9456.7,-864.9,114.8,336.0,536.5,0.0,0.0,198.0,-260.5,0,0
27.4167,718.127,591.669,318.127,6.971,30.865,-4.123,31.139,0.2,-0.237,15,7.6,7.4,0.9898,0.0554,1.2242,288.11,340.32,0.0915,989.1,99.05,123.2,68.79,0.0516,2400,2318.2,-621.2,-1258.7,-9430.4,-861.7,115.0,336.4,532.9,0.0,0.0,197.9,-234.0,0,0
27.5167,721.215,591.255,321.215,7.385,30.885,-4.145,31.162,0.2,-0.214,15,7.64,7.36,0.9861,0.055,1.2241,288.1,340.32,0.0916,989.0,99.05,123.2,68.78,0.0516,2400,2318.2,-621.2,-1261.8,-9408.2,-858.9,115.2,336.9,529.7,0.0,0.0,197.5,-211.7,0,0
27.6167,724.304,590.839,324.304,7.801,30.905,-4.166,31.184,0.199,-0.195,15,7.67,7.33,0.9828,0.0547,1.2241,288.1,340.32,0.0916,989.0,99.04,123.2,68.78,0.0516,2400,2318.2,-621.2,-1264.8,-9389.6,-856.6,115.4,337.4,526.9,0.0,0.0,196.8,-192.9,0,0
27.7167,727.396,590.422,327.396,8.218,30.925,-4.184,31.206,0.198,-0.179,15,7.7,7.3,0.9799,0.0543,1.224,288.1,340.32,0.0917,989.0,99.04,123.2,68.77,0.0516,2400,2318.2,-621.2,-1267.6,-9373.8,-854.6,115.6,337.9,524.5,0.0,0.0,196.1,-177.0,0,0
27.8167,730.49,590.002,330.49,8.638,30.944,-4.201,31.228,0.197,-0.165,15,7.73,7.27,0.9772,0.054,1.224,288.09,340.32,0.0918,989.0,99.03,123.2,68.77,0.0516,2400,2318.2,-621.2,-1270.2,-9360.6,-852.9,115.7,338.3,522.4,0.0,0.0,195.1,-163.6,0,0
27.9167,733.585,589.581,333.585,9.059,30.964,-4.217,31.25,0.196,-0.154,15,7.75,7.25,0.9748,0.0538,1.2239,288.09,340.31,0.0918,989.0,99.03,123.2,68.77,0.0516,2400,2318.2,-621.2,-1272.7,-9349.3,-851.4,115.9,338.8,520.5,0.0,0.0,194.1,-152.3,0,0
28.0167,736.683,589.159,336.683,9.481,30.984,-4.232,31.271,0.195,-0.144,15,7.77,7.23,0.9726,0.0535,1.2239,288.09,340.31,0.0919,989.0,99.02,123.2,68.76,0.0516,2400,2318.2,-621.2,-1275.1,-9339.8,-850.1,116.1,339.2,518.8,0.0,0.0,193.0,-142.6,0,0
28.1167,739.782,588.735,339.782,9.905,31.003,-4.246,31.293,0.194,-0.136,15,7.79,7.21,0.9705,0.0533,1.2238,288.09,340.31,0.092,989.0,99.01,123.2,68.76,0.0516,2400,2318.2,-621.2,-1277.4,-9331.7,-849.0,116.2,339.7,517.3,0.0,0.0,191.7,-134.4,0,0
28.2167,742.884,588.309,342.884,10.331,31.022,-4.259,31.313,0.193,-0.129,15,7.81,7.19,0.9686,0.0531,1.2238,288.08,340.31,0.092,989.0,99.01,123.1,68.76,0.0516,2400,2318.2,-621.2,-1279.7,-9324.8,-848.1,116.4,340.1,515.9,0.0,0.0,190.5,-127.4,0,0
28.3167,745.987,587.883,345.987,10.757,31.042,-4.272,31.334,0.191,-0.123,15,7.83,7.17,0.9668,0.0529,1.2237,288.08,340.31,0.0921,989.0,99.0,123.1,68.75,0.0516,2400,2318.2,-621.2,-1281.9,-9319.0,-847.2,116.5,340.6,514.6,0.0,0.0,189.1,-121.5,0,0
28.4167,749.092,587.455,349.092,11.185,31.061,-4.284,31.355,0.19,-0.118,15,7.85,7.15,0.9651,0.0527,1.2237,288.08,340.31,0.0921,989.0,99.0,123.1,68.75,0.0516,2400,2318.2,-621.2,-1284.0,-9313.9,-846.4,116.7,341.0,513.5,0.0,0.0,187.8,-116.3,0,0
28.5167,752.199,587.026,352.199,11.614,31.08,-4.295,31.375,0.188,-0.113,15,7.87,7.13,0.9634,0.0525,1.2236,288.07,340.3,0.0922,989.0,98.99,123.1,68.75,0.0516,2400,2318.2,-621.2,-1286.1,-9309.6,-845.8,116.8,341.4,512.4,0.0,0.0,186.3,-111.9,0,0
28.6167,755.309,586.596,355.309,12.044,31.098,-4.306,31.395,0.187,-0.109,15,7.88,7.12,0.9619,0.0524,1.2236,288.07,340.3,0.0923,989.0,98.99,123.1,68.74,0.0516,2400,2318.2,-621.2,-1288.2,-9305.9,-845.1,117.0,341.8,511.4,0.0,0.0,184.9,-108.1,0,0
28.7167,758.419,586.164,358.419,12.476,31.117,-4.317,31.415,0.186,-0.106,15,7.9,7.1,0.9604,0.0522,1.2235,288.07,340.3,0.0923,989.0,98.98,123.1,68.74,0.0516,2400,2318.2,-621.2,-1290.2,-9302.6,-844.6,117.1,342.3,510.4,0.0,0.0,183.5,-104.7,0,0
28.8167,761.532,585.732,361.532,12.908,31.135,-4.327,31.435,0.184,-0.103,15,7.91,7.09,0.959,0.052,1.2235,288.07,340.3,0.0924,989.0,98.98,123.1,68.74,0.0516,2400,2318.2,-621.2,-1292.1,-9299.8,-844.1,117.3,342.7,509.5,0.0,0.0,182.0,-101.8,0,0
28.9167,764.647,585.299,364.647,13.341,31.154,-4.337,31.454,0.183,-0.1,15,7.92,7.08,0.9576,0.0519,1.2234,288.06,340.3,0.0924,989.0,98.97,123.1,68.73,0.0516,2400,2318.2,-621.2,-1294.1,-9297.3,-843.6,117.4,343.1,508.7,0.0,0.0,180.5,-99.2,0,0
29.0167,767.763,584.864,367.763,13.776,31.172,-4.347,31.474,0.181,-0.098,15,7.94,7.06,0.9563,0.0517,1.2234,288.06,340.3,0.0925,989.0,98.97,123.1,68.73,0.0516,2400,2318.2,-621.2,-1296.0,-9295.1,-843.2,117.6,343.5,507.9,0.0,0.0,179.1,-96.9,0,0
29.1167,770.881,584.429,370.881,14.211,31.19,-4.357,31.493,0.18,-0.096,15,7.95,7.05,0.955,0.0516,1.2233,288.06,340.29,0.0925,989.0,98.96,123.1,68.72,0.0516,2400,2318.2,-621.2,-1297.8,-9293.1,-842.8,117.7,343.9,507.1,0.0,0.0,177.6,-94.9,0,0
29.2167,774.002,583.993,374.002,14.647,31.208,-4.367,31.512,0.178,-0.094,15,7.96,7.04,0.9537,0.0515,1.2233,288.06,340.29,0.0926,989.0,98.96,123.1,68.72,0.0516,2400,2318.2,-621.2,-1299.7,-9291.4,-842.4,117.8,344.3,506.3,0.0,0.0,176.1,-93.0,0,0
29.3167,777.123,583.556,377.123,15.084,31.226,-4.376,31.531,0.177,-0.092,15,7.98,7.02,0.9525,0.0513,1.2232,288.05,340.29,0.0927,989.0,98.95,123.1,68.72,0.0516,2400,2318.2,-621.2,-1301.5,-9289.8,-842.1,118.0,344.7,505.6,0.0,0.0,174.6,-91.4,0,0
29.4167,780.247,583.118,380.247,15.522,31.243,-4.385,31.549,0.175,-0.091,15,7.99,7.01,0.9513,0.0512,1.2232,288.05,340.29,0.0927,988.9,98.95,123.1,68.71,0.0516,2400,2318.2,-621.2,-1303.3,-9288.4,-841.8,118.1,345.1,504.9,0.0,0.0,173.2,-89.9,0,0
29.5167,783.372,582.679,383.372,15.961,31.26,-4.394,31.568,0.174,-0.089,15,8.0,7.0,0.9501,0.0511,1.2231,288.05,340.29,0.0928,988.9,98.94,123.1,68.71,0.0516,2400,2318.2,-621.2,-1305.1,-9287.1,-841.4,118.2,345.5,504.2,0.0,0.0,171.7,-88.5,0,0
29.6167,786.499,582.239,386.499,16.401,31.278,-4.403,31.586,0.172,-0.088,15,8.01,6.99,0.9489,0.051,1.2231,288.04,340.29,0.0928,988.9,98.94,123.1,68.71,0.0516,2400,2318.2,-621.2,-1306.8,-9285.9,-841.1,118.4,345.9,503.5,0.0,0.0,170.3,-87.2,0,0
29.7167,789.628,581.798,389.628,16.842,31.295,-4.412,31.604,0.171,-0.087,15,8.02,6.98,0.9478,0.0508,1.223,288.04,340.28,0.0929,988.9,98.93,123.1,68.7,0.0516,2400,2318.2,-621.2,-1308.5,-9284.8,-840.8,118.5,346.3,502.9,0.0,0.0,168.8,-86.0,0,0
29.8167,792.759,581.356,392.759,17.284,31.312,-4.42,31.622,0.169,-0.086,15,8.03,6.97,0.9467,0.0507,1.223,288.04,340.28,0.0929,988.9,98.93,123.0,68.7,0.0516,2400,2318.2,-621.2,-1310.3,-9283.7,-840.6,118.6,346.6,502.3,0.0,0.0,167.4,-84.9,0,0
29.9167,795.891,580.914,395.891,17.726,31.329,-4.429,31.64,0.168,-0.085,15,8.04,6.96,0.9456,0.0506,1.2229,288.04,340.28,0.093,988.9,98.92,123.0,68.7,0.0516,2400,2318.2,-621.2,-1311.9,-9282.8,-840.3,118.8,347.0,501.6,0.0,0.0,166.0,-83.8,0,0
30.0167,799.025,580.47,399.025,18.17,31.345,-4.437,31.658,0.166,-0.084,15,8.06,6.94,0.9445,0.0505,1.2229,288.03,340.28,0.093,988.9,98.92,123.0,68.69,0.0516,2400,2318.2,-621.2,-1313.6,-9281.8,-840.0,118.9,347.4,501.0,0.0,0.0,164.6,-82.8,0,0
30.1167,802.16,580.026,402.16,18.614,31.362,-4.445,31.676,0.165,-0.083,15,8.07,6.93,0.9434,0.0504,1.2228,288.03,340.28,0.0931,988.9,98.91,123.0,68.69,0.0516,2400,2318.2,-621.2,-1315.3,-9281.0,-839.8,119.0,347.8,500.4,0.0,0.0,163.2,-81.9,0,0
30.2167,805.297,579.581,405.297,19.059,31.378,-4.454,31.693,0.164,-0.082,15,8.08,6.92,0.9423,0.0503,1.2228,288.03,340.28,0.0931,988.9,98.91,123.0,68.69,0.0516,2400,2318.2,-621.2,-1316.9,-9280.1,-839.5,119.1,348.1,499.8,0.0,0.0,161.8,-81.0,0,0
30.3167,808.436,579.135,408.436,19.505,31.395,-4.462,31.71,0.162,-0.081,15,8.09,6.91,0.9413,0.0501,1.2227,288.02,340.27,0.0932,988.9,98.9,123.0,68.68,0.0516,2400,2318.2,-621.2,-1318.5,-9279.3,-839.3,119.3,348.5,499.2,0.0,0.0,160.4,-80.1,0,0
30.4167,811.576,578.689,411.576,19.951,31.411,-4.47,31.727,0.161,-0.08,15,8.1,6.9,0.9403,0.05,1.2227,288.02,340.27,0.0932,988.9,98.9,123.0,68.68,0.0516,2400,2318.2,-621.2,-1320.1,-9278.5,-839.1,119.4,348.9,498.7,0.0,0.0,159.1,-79.2,0,0
30.5167,814.718,578.241,414.718,20.399,31.427,-4.478,31.744,0.159,-0.079,15,8.11,6.89,0.9392,0.0499,1.2226,288.02,340.27,0.0933,988.9,98.89,123.0,68.67,0.0516,2400,2318.2,-621.2,-1321.7,-9277.8,-838.8,119.5,349.2,498.1,0.0,0.0,157.7,-78.4,0,0
30.6167,817.862,577.793,417.862,20.847,31.443,-4.486,31.761,0.158,-0.079,15,8.12,6.88,0.9382,0.0498,1.2226,288.01,340.27,0.0933,988.9,98.89,123.0,68.67,0.0516,2400,2318.2,-621.2,-1323.2,-9277.0,-838.6,119.6,349.6,497.5,0.0,0.0,156.4,-77.6,0,0
30.7167,821.007,577.344,421.007,21.296,31.458,-4.494,31.778,0.157,-0.078,15,8.13,6.87,0.9372,0.0497,1.2225,288.01,340.27,0.0934,988.9,98.88,123.0,68.67,0.0516,2400,2318.2,-621.2,-1324.8,-9276.3,-838.4,119.7,349.9,497.0,0.0,0.0,155.1,-76.9,0,0
30.8167,824.154,576.894,424.154,21.746,31.474,-4.501,31.794,0.155,-0.077,15,8.14,6.86,0.9363,0.0496,1.2225,288.01,340.27,0.0934,988.9,98.88,123.0,68.66,0.0516,2400,2318.2,-621.2,-1326.3,-9275.6,-838.2,119.8,350.3,496.4,0.0,0.0,153.7,-76.1,0,0
30.9167,827.302,576.443,427.302,22.197,31.49,-4.509,31.811,0.154,-0.076,15,8.15,6.85,0.9353,0.0495,1.2224,288.01,340.26,0.0935,988.9,98.87,123.0,68.66,0.0516,2400,2318.2,-621.2,-1327.8,-9275.0,-838.0,120.0,350.6,495.9,0.0,0.0,152.4,-75.4,0,0
31.0167,830.452,575.992,430.452,22.648,31.505,-4.517,31.827,0.153,-0.075,15,8.16,6.84,0.9343,0.0494,1.2223,288.0,340.26,0.0935,988.9,98.87,123.0,68.66,0.0516,2400,2318.2,-621.2,-1329.3,-9274.3,-837.8,120.1,351.0,495.4,0.0,0.0,151.2,-74.6,0,0
31.1167,833.604,575.54,433.604,23.1,31.52,-4.524,31.843,0.152,-0.075,15,8.17,6.83,0.9334,0.0493,1.2223,288.0,340.26,0.0936,988.9,98.86,123.0,68.65,0.0516,2400,2318.2,-621.2,-1330.8,-9273.7,-837.6,120.2,351.3,494.8,0.0,0.0,149.9,-73.9,0,0
31.2167,836.756,575.087,436.756,23.553,31.535,-4.531,31.859,0.15,-0.074,15,8.18,6.82,0.9324,0.0492,1.2222,288.0,340.26,0.0936,988.9,98.85,123.0,68.65,0.0516,2400,2318.2,-621.2,-1332.2,-9273.0,-837.4,120.3,351.6,494.3,0.0,0.0,148.6,-73.2,0,0
31.3167,839.911,574.634,439.911,24.006,31.55,-4.539,31.875,0.149,-0.073,15,8.18,6.82,0.9315,0.0491,1.2222,287.99,340.26,0.0937,988.8,98.85,122.9,68.65,0.0516,2400,2318.2,-621.2,-1333.7,-9272.4,-837.2,120.4,352.0,493.8,0.0,0.0,147.4,-72.5,0,0
31.4167,843.067,574.179,443.067,24.461,31.565,-4.546,31.891,0.148,-0.073,15,8.19,6.81,0.9306,0.049,1.2221,287.99,340.25,0.0937,988.8,98.84,122.9,68.64,0.0516,2400,2318.2,-621.2,-1335.1,-9271.8,-837.0,120.5,352.3,493.3,0.0,0.0,146.1,-71.9,0,0
31.5167,846.224,573.724,446.224,24.916,31.58,-4.553,31.906,0.147,-0.072,15,8.2,6.8,0.9297,0.0489,1.2221,287.99,340.25,0.0938,988.8,98.84,122.9,68.64,0.0516,2400,2318.2,-621.2,-1336.5,-9271.2,-836.8,120.6,352.6,492.8,0.0,0.0,144.9,-71.2,0,0
31.6167,849.383,573.268,449.383,25.372,31.594,-4.56,31.922,0.145,-0.071,15,8.21,6.79,0.9288,0.0488,1.222,287.99,340.25,0.0938,988.8,98.83,122.9,68.63,0.0516,2400,2318.2,-621.2,-1337.9,-9270.6,-836.6,120.7,353.0,492.3,0.0,0.0,143.7,-70.5,0,0
31.7167,852.543,572.812,452.543,25.828,31.609,-4.568,31.937,0.144,-0.071,15,8.22,6.78,0.9279,0.0487,1.222,287.98,340.25,0.0939,988.8,98.83,122.9,68.63,0.0516,2400,2318.2,-621.2,-1339.3,-9270.0,-836.4,120.8,353.3,491.8,0.0,0.0,142.5,-69.9,0,0
31.8167,855.705,572.355,455.705,26.285,31.623,-4.575,31.952,0.143,-0.07,15,8.23,6.77,0.927,0.0486,1.2219,287.98,340.25,0.0939,988.8,98.82,122.9,68.63,0.0516,2400,2318.2,-621.2,-1340.7,-9269.4,-836.2,120.9,353.6,491.3,0.0,0.0,141.3,-69.2,0,0
31.9167,858.868,571.897,458.868,26.743,31.637,-4.582,31.967,0.142,-0.069,15,8.24,6.76,0.9261,0.0485,1.2219,287.98,340.25,0.094,988.8,98.82,122.9,68.62,0.0516,2400,2318.2,-621.2,-1342.0,-9268.8,-836.0,121.1,353.9,490.8,0.0,0.0,140.1,-68.6,0,0
32.0167,862.033,571.438,462.033,27.202,31.651,-4.588,31.982,0.141,-0.069,15,8.25,6.75,0.9253,0.0484,1.2218,287.97,340.24,0.094,988.8,98.81,122.9,68.62,0.0516,2400,2318.2,-621.2,-1343.4,-9268.2,-835.9,121.2,354.2,490.4,0.0,0.0,139.0,-68.0,0,0
32.1167,865.199,570.979,465.199,27.661,31.665,-4.595,31.997,0.139,-0.068,15,8.26,6.74,0.9244,0.0484,1.2218,287.97,340.24,0.094,988.8,98.81,122.9,68.62,0.0516,2400,2318.2,-621.2,-1344.7,-9267.7,-835.7,121.3,354.6,489.9,0.0,0.0,137.8,-67.4,0,0
32.2167,868.366,570.519,468.366,28.121,31.679,-4.602,32.012,0.138,-0.068,15,8.26,6.74,0.9236,0.0483,1.2217,287.97,340.24,0.0941,988.8,98.8,122.9,68.61,0.0516,2400,2318.2,-621.2,-1346.0,-9267.1,-835.5,121.4,354.9,489.4,0.0,0.0,136.7,-66.8,0,0
32.3167,871.535,570.059,471.535,28.581,31.693,-4.609,32.026,0.137,-0.067,15,8.27,6.73,0.9227,0.0482,1.2217,287.96,340.24,0.0941,988.8,98.8,122.9,68.61,0.0516,2400,2318.2,-621.2,-1347.3,-9266.6,-835.4,121.5,355.2,489.0,0.0,0.0,135.6,-66.2,0,0
32.4167,874.705,569.597,474.705,29.043,31.707,-4.615,32.041,0.136,-0.066,15,8.28,6.72,0.9219,0.0481,1.2216,287.96,340.24,0.0942,988.8,98.79,122.9,68.61,0.0516,2400,2318.2,-621.2,-1348.6,-9266.0,-835.2,121.6,355.5,488.5,0.0,0.0,134.4,-65.6,0,0
32.5167,877.876,569.135,477.876,29.505,31.72,-4.622,32.055,0.135,-0.066,15,8.29,6.71,0.9211,0.048,1.2215,287.96,340.24,0.0942,988.8,98.79,122.9,68.6,0.0516,2400,2318.2,-621.2,-1349.9,-9265.5,-835.0,121.7,355.8,488.0,0.0,0.0,133.3,-65.0,0,0
32.6167,881.049,568.673,481.049,29.967,31.734,-4.629,32.069,0.134,-0.065,15,8.3,6.7,0.9203,0.0479,1.2215,287.96,340.23,0.0943,988.8,98.78,122.9,68.6,0.0516,2400,2318.2,-621.2,-1351.1,-9264.9,-834.9,121.8,356.1,487.6,0.0,0.0,132.2,-64.4,0,0
32.7167,884.223,568.21,484.223,30.43,31.747,-4.635,32.083,0.133,-0.065,15,8.31,6.69,0.9195,0.0478,1.2214,287.95,340.23,0.0943,988.8,98.78,122.9,68.6,0.0516,2400,2318.2,-621.2,-1352.4,-9264.4,-834.7,121.8,356.4,487.2,0.0,0.0,131.1,-63.8,0,0
32.8167,887.399,567.746,487.399,30.894,31.76,-4.641,32.097,0.132,-0.064,15,8.31,6.69,0.9187,0.0478,1.2214,287.95,340.23,0.0943,988.8,98.77,122.9,68.59,0.0516,2400,2318.2,-621.2,-1353.6,-9263.9,-834.5,121.9,356.7,486.7,0.0,0.0,130.1,-63.2,0,0
32.9167,890.575,567.281,490.575,31.359,31.773,-4.648,32.111,0.13,-0.063,15,8.32,6.68,0.9179,0.0477,1.2213,287.95,340.23,0.0944,988.8,98.77,122.8,68.59,0.0516,2400,2318.2,-621.2,-1354.8,-9263.4,-834.4,122.0,357.0,486.3,0.0,0.0,129.0,-62.7,0,0
33.0167,893.753,566.816,493.753,31.824,31.786,-4.654,32.125,0.129,-0.063,15,8.33,6.67,0.9171,0.0476,1.2213,287.94,340.23,0.0944,988.8,98.76,122.8,68.58,0.0516,2400,2318.2,-621.2,-1356.1,-9262.8,-834.2,122.1,357.3,485.8,0.0,0.0,127.9,-62.1,0,0
33.1167,896.931,566.345,496.931,32.295,31.752,-4.829,32.117,-1.021,-4.029,19,8.52,10.48,1.2976,0.0953,1.2212,287.94,340.22,0.0944,988.8,98.76,122.8,68.58,0.0516,2400,2269.2,-781.4,-1963.3,-13099.2,-1315.2,197.1,357.3,972.6,0.0,0.0,-1009.3,-3983.8,0,0
33.2167,900.096,565.828,500.096,32.812,31.571,-5.427,32.034,-1.933,-5.954,22,9.57,12.43,1.4932,0.1262,1.2212,287.94,340.22,0.0942,988.8,98.75,122.8,68.58,0.0516,2400,2225.2,-899.1,-2521.7,-14959.7,-1614.7,272.2,355.6,1281.9,0.0,0.0,-1911.2,-5887.0,0,0
33.3167,903.243,565.253,503.243,33.387,31.385,-5.953,31.945,-1.813,-4.8,22,10.59,11.41,1.3911,0.1095,1.2211,287.93,340.22,0.0939,988.7,98.75,122.8,68.57,0.0516,2400,2225.2,-899.1,-2582.5,-13814.8,-1435.1,268.3,353.6,1106.4,0.0,0.0,-1792.4,-4746.0,0,0
33.4167,906.371,564.633,506.371,34.007,31.211,-6.376,31.855,-1.693,-3.857,22,11.42,10.58,1.3077,0.0968,1.221,287.93,340.22,0.0936,988.7,98.74,122.8,68.57,0.0516,2400,2225.2,-899.1,-2601.7,-12876.6,-1297.5,262.2,351.6,972.1,0.0,0.0,-1674.0,-3813.9,0,0
33.5167,909.482,563.975,509.482,34.665,31.048,-6.716,31.766,-1.58,-3.085,22,12.1,9.9,1.2396,0.0869,1.2209,287.93,340.22,0.0934,988.7,98.74,122.8,68.57,0.0516,2400,2225.2,-899.1,-2596.4,-12106.6,-1191.1,255.4,349.6,868.5,0.0,0.0,-1562.2,-3050.7,0,0
33.6167,912.578,563.287,512.578,35.353,30.896,-6.986,31.676,-1.477,-2.452,22,12.66,9.34,1.184,0.0793,1.2209,287.92,340.21,0.0931,988.7,98.73,122.8,68.56,0.0516,2400,2225.2,-899.1,-2577.2,-11473.9,-1108.0,248.9,347.6,787.9,0.0,0.0,-1460.0,-2424.6,0,0
33.7167,915.659,562.575,515.659,36.065,30.754,-7.2,31.586,-1.384,-1.932,22,13.11,8.89,1.1389,0.0734,1.2208,287.92,340.21,0.0928,988.7,98.73,122.8,68.56,0.0516,2400,2225.2,-899.1,-2551.1,-10953.3,-1042.5,242.8,345.6,724.8,0.0,0.0,-1368.4,-1910.2,0,0
33.8167,918.727,561.845,518.727,36.795,30.621,-7.368,31.495,-1.302,-1.504,22,13.48,8.52,1.1024,0.0688,1.2207,287.91,340.21,0.0926,988.7,98.72,122.8,68.56,0.0516,2400,2225.2,-899.1,-2522.0,-10524.7,-990.7,237.4,343.6,675.2,0.0,0.0,-1287.5,-1487.0,0,0
33.9167,921.782,561.101,521.782,37.539,30.495,-7.497,31.403,-1.231,-1.151,22,13.77,8.23,1.0731,0.0652,1.2206,287.91,340.2,0.0923,988.7,98.72,122.8,68.55,0.0516,2400,2225.2,-899.1,-2492.6,-10171.3,-949.4,232.7,341.6,635.9,0.0,0.0,-1216.7,-1138.4,0,0
34.0167,924.824,560.345,524.824,38.295,30.375,-7.595,31.31,-1.168,-0.861,22,14.0,8.0,1.0496,0.0623,1.2205,287.9,340.2,0.092,988.7,98.71,122.8,68.55,0.0516,2400,2225.2,-899.1,-2464.1,-9879.8,-916.3,228.5,339.5,604.8,0.0,0.0,-1155.1,-851.1,0,0
34.1167,927.855,559.581,527.855,39.059,30.262,-7.667,31.218,-1.114,-0.621,22,14.19,7.81,1.031,0.0602,1.2204,287.9,340.2,0.0918,988.7,98.71,122.8,68.55,0.0516,2400,2225.2,-899.1,-2437.3,-9639.3,-889.6,224.9,337.5,580.1,0.0,0.0,-1101.6,-614.2,0,0
34.2167,930.875,558.811,530.875,39.829,30.153,-7.717,31.125,-1.067,-0.423,22,14.33,7.67,1.0165,0.0585,1.2203,287.89,340.2,0.0915,988.7,98.7,122.8,68.54,0.0516,2400,2225.2,-899.1,-2412.4,-9440.6,-868.1,221.8,335.5,560.5,0.0,0.0,-1055.3,-418.7,0,0
34.3167,933.878,558.024,533.878,40.616,29.916,-8.06,30.983,-3.32,-5.407,28,14.89,13.11,1.5609,0.1379,1.2202,287.89,340.19,0.0911,988.7,98.69,122.8,68.54,0.0516,2400,2119.1,-1126.7,-3813.4,-14340.2,-1588.2,422.3,332.7,1310.6,0.0,0.0,-3282.5,-5345.5,0,0
34.4167,936.845,557.178,536.845,41.462,29.491,-8.742,30.759,-4.342,-6.576,31,16.28,14.72,1.7223,0.1679,1.2201,287.88,340.19,0.0904,988.7,98.69,122.7,68.53,0.0516,2400,2057.2,-1236.1,-4525.1,-15497.4,-1825.3,533.0,328.1,1573.4,0.0,0.0,-4293.2,-6501.4,0,0
34.5167,939.77,556.269,539.77,42.371,29.076,-9.312,30.531,-4.002,-5.124,31,17.57,13.43,1.5932,0.1436,1.22,287.88,340.19,0.0897,988.7,98.68,122.7,68.53,0.0516,2400,2057.2,-1236.1,-4440.8,-14026.5,-1572.7,497.9,323.2,1326.5,0.0,0.0,-3956.3,-5065.7,0,0
34.6167,942.655,555.312,542.655,43.328,28.695,-9.754,30.307,-3.69,-3.947,31,18.62,12.38,1.4881,0.1253,1.2199,287.87,340.18,0.0891,988.7,98.68,122.7,68.53,0.0516,2400,2057.2,-1236.1,-4322.8,-12831.1,-1382.3,465.7,318.5,1140.2,0.0,0.0,-3647.9,-3902.6,0,0
34.7167,945.504,554.316,545.504,44.324,28.342,-10.091,30.085,-3.411,-2.99,31,19.47,11.53,1.4028,0.1113,1.2198,287.86,340.18,0.0884,988.7,98.67,122.7,68.52,0.0516,2400,2057.2,-1236.1,-4192.1,-11856.3,-1237.0,437.4,313.8,998.2,0.0,0.0,-3371.9,-2956.1,0,0
34.8167,948.319,553.291,548.319,45.349,28.016,-10.343,29.864,-3.164,-2.208,31,20.16,10.84,1.3337,0.1007,1.2197,287.86,340.17,0.0878,988.7,98.67,122.7,68.52,0.0516,2400,2057.2,-1236.1,-4060.7,-11058.9,-1124.9,413.0,309.2,889.1,0.0,0.0,-3128.4,-2183.1,0,0
34.9167,951.103,552.246,551.103,46.394,27.712,-10.526,29.644,-2.949,-1.568,31,20.72,10.28,1.2783,0.0925,1.2196,287.85,340.17,0.0871,988.7,98.66,122.7,68.52,0.0516,2400,2057.2,-1236.1,-3935.2,-10404.9,-1037.5,392.4,304.6,804.7,0.0,0.0,-2915.6,-1549.8,0,0
35.0167,953.857,551.186,553.857,47.454,27.428,-10.651,29.424,-2.762,-1.041,31,21.16,9.84,1.2342,0.0862,1.2194,287.84,340.17,0.0865,988.7,98.66,122.7,68.51,0.0516,2400,2057.2,-1236.1,-3819.0,-9867.3,-969.0,375.0,300.1,739.0,0.0,0.0,-2730.7,-1029.6,0,0
35.1167,956.584,550.116,556.584,48.524,27.162,-10.729,29.204,-2.6,-0.608,31,21.5,9.5,1.1995,0.0814,1.2193,287.84,340.16,0.0859,988.7,98.65,122.7,68.51,0.0516,2400,2057.2,-1236.1,-3713.3,-9424.4,-914.7,360.4,295.6,687.6,0.0,0.0,-2570.8,-601.4,0,0
35.2167,959.286,549.04,559.286,49.6,26.91,-10.769,28.985,-2.46,-0.251,31,21.77,9.23,1.1728,0.0778,1.2192,287.83,340.16,0.0852,988.6,98.65,122.7,68.51,0.0516,2400,2057.2,-1236.1,-3618.2,-9059.0,-871.6,348.1,291.1,647.4,0.0,0.0,-2432.6,-248.3,0,0
35.3167,961.963,547.962,561.963,50.678,26.671,-10.776,28.766,-2.34,0.044,31,21.97,9.03,1.1528,0.0752,1.2191,287.82,340.15,0.0846,988.6,98.64,122.7,68.5,0.0516,2400,2057.2,-1236.1,-3533.2,-8757.0,-837.1,337.8,286.7,616.0,0.0,0.0,-2313.1,43.2,0,0
35.4167,964.616,546.886,564.616,51.754,26.444,-10.757,28.548,-2.235,0.288,31,22.12,8.88,1.1383,0.0733,1.2189,287.81,340.15,0.0839,988.6,98.64,122.7,68.5,0.0516,2400,2057.2,-1236.1,-3457.3,-8507.2,-809.6,329.0,282.3,591.5,0.0,0.0,-2209.7,284.3,0,0
35.5167,967.249,545.814,567.249,52.826,26.266,-10.643,28.34,-0.947,2.663,28,22.13,5.87,0.8371,0.0397,1.2188,287.81,340.15,0.0833,988.6,98.63,122.7,68.5,0.0516,2400,2119.1,-1126.7,-2505.9,-6162.3,-549.6,223.5,278.1,315.1,0.0,0.0,-936.4,2632.9,0,0
35.6167,969.876,544.776,569.876,53.864,26.292,-10.138,28.179,1.029,6.658,22,21.31,0.69,0.319,0.0058,1.2187,287.8,340.14,0.0828,988.6,98.63,122.7,68.49,0.0516,2400,2225.2,-899.1,-910.3,-2333.5,-298.1,116.3,274.8,45.2,0.0,0.0,1016.8,6582.2,0,0
35.7167,972.512,543.803,572.512,54.837,26.406,-9.456,28.048,0.994,6.405,21,19.92,1.08,0.3581,0.0073,1.2186,287.79,340.14,0.0825,988.6,98.62,122.7,68.49,0.0516,2400,2240.6,-860.1,-948.8,-2618.5,-309.0,112.0,272.2,56.4,0.0,0.0,982.8,6331.8,0,0
35.8167,975.157,542.893,575.157,55.747,26.488,-8.868,27.933,0.711,5.512,21,18.7,2.3,0.4803,0.0131,1.2185,287.79,340.13,0.0821,988.6,98.62,122.7,68.48,0.0516,2400,2240.6,-860.1,-1187.2,-3507.9,-351.0,118.8,269.9,100.7,0.0,0.0,702.4,5449.1,0,0
35.9167,977.81,542.036,577.81,56.604,26.546,-8.363,27.832,0.491,4.749,21,17.65,3.35,0.5854,0.0194,1.2184,287.78,340.13,0.0818,988.6,98.61,122.7,68.48,0.0516,2400,2240.6,-860.1,-1358.1,-4269.3,-396.7,126.2,267.9,148.4,0.0,0.0,485.8,4695.1,0,0
36.0167,980.467,541.225,580.467,57.415,26.585,-7.927,27.741,0.321,4.098,21,16.74,4.26,0.6759,0.0259,1.2183,287.78,340.13,0.0816,988.6,98.61,122.6,68.48,0.0516,2400,2240.6,-860.1,-1480.1,-4920.6,-443.0,133.3,266.1,196.5,0.0,0.0,317.5,4050.8,0,0
36.1167,983.127,540.455,583.127,58.185,26.609,-7.55,27.659,0.188,3.541,21,15.96,5.04,0.754,0.0322,1.2182,287.77,340.13,0.0813,988.6,98.6,122.6,68.47,0.0516,2400,2240.6,-860.1,-1566.5,-5477.5,-488.0,139.6,264.5,243.1,0.0,0.0,186.1,3500.2,0,0
36.2167,985.788,539.72,585.788,58.92,26.621,-7.224,27.584,0.084,3.064,21,15.29,5.71,0.8214,0.0382,1.2181,287.77,340.12,0.0811,988.6,98.6,122.6,68.47,0.0516,2400,2240.6,-860.1,-1627.2,-5953.6,-530.4,145.0,263.0,286.9,0.0,0.0,83.0,3029.5,0,0
36.3167,988.451,539.014,588.451,59.626,26.625,-6.942,27.515,0.002,2.657,21,14.7,6.3,0.8797,0.0438,1.218,287.76,340.12,0.0809,988.6,98.59,122.6,68.47,0.0516,2400,2240.6,-860.1,-1669.0,-6360.5,-569.7,149.5,261.6,327.3,0.0,0.0,1.9,2627.0,0,0
36.4167,991.113,538.334,591.113,60.306,26.621,-6.697,27.451,-0.063,2.309,21,14.2,6.8,0.9301,0.049,1.2179,287.76,340.12,0.0807,988.6,98.59,122.6,68.46,0.0516,2400,2240.6,-860.1,-1697.3,-6708.4,-605.5,153.2,260.4,364.2,0.0,0.0,-62.3,2282.7,0,0
36.5167,993.777,537.684,593.777,60.956,26.675,-6.303,27.409,1.099,5.575,16,13.49,2.51,0.5008,0.0142,1.2179,287.75,340.11,0.0806,988.6,98.58,122.6,68.46,0.0516,2400,2307.0,-661.5,-866.1,-3609.9,-354.6,85.1,259.5,105.2,0.0,0.0,1086.3,5511.6,0,0
36.6167,996.454,537.095,596.454,61.545,26.835,-5.576,27.409,1.704,7.538,12,12.01,-0.01,0.2492,0.0035,1.2178,287.75,340.11,0.0806,988.6,98.58,122.6,68.46,0.0516,2400,2347.6,-499.0,-384.1,-1806.0,-279.1,59.4,259.3,26.0,0.0,0.0,1684.3,7452.3,0,0
36.7167,999.147,536.578,599.147,62.062,26.993,-4.89,27.433,1.502,6.411,12,10.5,1.5,0.4004,0.0091,1.2177,287.75,340.11,0.0807,988.6,98.57,122.6,68.45,0.0516,2400,2347.6,-499.0,-541.2,-2921.2,-321.5,59.6,259.7,67.3,0.0,0.0,1484.8,6337.3,0,0
36.8167,1001.854,536.124,601.854,62.516,27.135,-4.306,27.475,1.36,5.438,12,9.21,2.79,0.5288,0.0158,1.2177,287.74,340.11,0.0808,988.6,98.57,122.6,68.45,0.0516,2400,2347.6,-499.0,-629.9,-3884.0,-373.3,60.5,260.4,117.7,0.0,0.0,1344.4,5375.4,0,0
36.9167,1004.575,535.723,604.575,62.917,27.265,-3.813,27.53,1.26,4.598,12,8.12,3.88,0.6375,0.023,1.2176,287.74,340.11,0.0809,988.6,98.56,122.6,68.44,0.0516,2400,2347.6,-499.0,-673.0,-4714.4,-428.9,61.2,261.4,171.8,0.0,0.0,1245.6,4545.6,0,0
37.0167,1007.309,535.367,607.309,63.273,27.387,-3.396,27.596,1.19,3.874,12,7.21,4.79,0.7293,0.0301,1.2176,287.74,340.11,0.0811,988.6,98.56,122.6,68.44,0.0516,2400,2347.6,-499.0,-686.6,-5430.0,-484.7,61.3,262.7,225.9,0.0,0.0,1176.3,3830.1,0,0
37.1167,1010.054,535.048,610.054,63.592,27.502,-3.046,27.671,1.14,3.251,12,6.44,5.56,0.8065,0.0368,1.2175,287.74,340.1,0.0814,988.6,98.55,122.6,68.44,0.0516,2400,2347.6,-499.0,-681.9,-6045.9,-538.3,60.7,264.0,277.7,0.0,0.0,1127.4,3213.5,0,0
37.2167,1012.811,534.761,612.811,63.879,27.614,-2.752,27.751,1.105,2.714,12,5.79,6.21,0.8711,0.0429,1.2175,287.74,340.1,0.0816,988.5,98.55,122.6,68.43,0.0516,2400,2347.6,-499.0,-666.7,-6575.6,-588.3,59.6,265.6,325.8,0.0,0.0,1092.6,2682.6,0,0
37.3167,1015.579,534.5,615.579,64.14,27.723,-2.509,27.837,1.08,2.252,12,5.25,6.75,0.9249,0.0484,1.2175,287.73,340.1,0.0818,988.5,98.54,122.6,68.43,0.0516,2400,2347.6,-499.0,-646.1,-7030.8,-634.0,58.3,267.2,369.5,0.0,0.0,1067.4,2226.1,0,0
37.4167,1018.358,534.262,618.358,64.378,27.83,-2.307,27.926,1.061,1.855,12,4.81,7.19,0.9695,0.0532,1.2175,287.73,340.1,0.0821,988.5,98.53,122.6,68.43,0.0516,2400,2347.6,-499.0,-623.9,-7421.4,-675.1,56.7,268.9,408.6,0.0,0.0,1048.6,1833.9,0,0
37.5167,1021.147,534.041,621.147,64.599,27.935,-2.142,28.017,1.046,1.515,12,4.44,7.56,1.0061,0.0573,1.2174,287.73,340.1,0.0824,988.5,98.53,122.5,68.42,0.0516,2400,2347.6,-499.0,-602.1,-7756.3,-711.4,55.2,270.6,442.9,0.0,0.0,1034.1,1497.4,0,0
37.6167,1023.946,533.835,623.946,64.805,28.039,-2.008,28.111,1.034,1.223,12,4.14,7.86,1.036,0.0607,1.2174,287.73,340.1,0.0827,988.5,98.52,122.5,68.42,0.0516,2400,2347.6,-499.0,-582.1,-8043.2,-743.3,53.8,272.4,472.8,0.0,0.0,1022.2,1209.1,0,0
37.7167,1026.756,533.64,626.756,65.0,28.142,-1.9,28.206,1.024,0.974,12,3.9,8.1,1.0602,0.0636,1.2174,287.73,340.1,0.0829,988.5,98.52,122.5,68.42,0.0516,2400,2347.6,-499.0,-564.8,-8288.5,-770.9,52.5,274.3,498.4,0.0,0.0,1011.9,962.4,0,0
37.8167,1029.576,533.455,629.576,65.185,28.244,-1.816,28.302,1.014,0.76,12,3.71,8.29,1.0794,0.0659,1.2174,287.73,340.1,0.0832,988.5,98.51,122.5,68.41,0.0516,2400,2347.6,-499.0,-550.4,-8498.1,-794.6,51.5,276.1,520.2,0.0,0.0,1002.5,751.7,0,0
37.9167,1032.407,533.278,632.407,65.362,28.345,-1.75,28.399,1.005,0.579,12,3.56,8.44,1.0945,0.0678,1.2173,287.73,340.1,0.0835,988.5,98.51,122.5,68.41,0.0516,2400,2347.6,-499.0,-539.1,-8676.9,-814.9,50.6,278.0,538.4,0.0,0.0,993.6,572.0,0,0
38.0167,1035.247,533.106,635.247,65.534,28.445,-1.702,28.496,0.996,0.424,12,3.44,8.56,1.106,0.0692,1.2173,287.72,340.1,0.0838,988.5,98.5,122.5,68.41,0.0516,2400,2347.6,-499.0,-530.7,-8829.2,-832.0,50.0,279.9,553.6,0.0,0.0,984.8,419.1,0,0
38.1167,1038.097,532.938,638.097,65.702,28.544,-1.667,28.592,0.987,0.292,12,3.35,8.65,1.1145,0.0703,1.2173,287.72,340.1,0.0841,988.5,98.5,122.5,68.4,0.0516,2400,2347.6,-499.0,-525.1,-8958.7,-846.4,49.6,281.8,566.0,0.0,0.0,976.1,289.1,0,0
38.2167,1040.957,532.772,640.957,65.868,28.642,-1.645,28.689,0.979,0.181,12,3.29,8.71,1.1206,0.0711,1.2173,287.72,340.1,0.0844,988.5,98.49,122.5,68.4,0.0516,2400,2347.6,-499.0,-522.0,-9068.7,-858.3,49.4,283.7,576.0,0.0,0.0,967.3,178.8,0,0
38.3167,1043.827,532.609,643.827,66.031,28.739,-1.632,28.786,0.969,0.087,12,3.26,8.74,1.1245,0.0716,1.2173,287.72,340.09,0.0846,988.5,98.49,122.5,68.39,0.0516,2400,2347.6,-499.0,-521.1,-9161.9,-868.2,49.4,285.6,583.9,0.0,0.0,958.3,85.6,0,0
38.4167,1046.707,532.446,646.707,66.194,28.836,-1.628,28.882,0.96,0.007,12,3.23,8.77,1.1266,0.0718,1.2172,287.72,340.09,0.0849,988.5,98.48,122.5,68.39,0.0516,2400,2347.6,-499.0,-522.1,-9240.7,-876.2,49.5,287.5,590.1,0.0,0.0,949.2,6.9,0,0
38.5167,1049.596,532.283,649.596,66.357,28.931,-1.632,28.977,0.951,-0.06,12,3.23,8.77,1.1272,0.0719,1.2172,287.72,340.09,0.0852,988.5,98.48,122.5,68.39,0.0516,2400,2347.6,-499.0,-524.9,-9307.1,-882.7,49.8,289.4,594.6,0.0,0.0,940.0,-59.4,0,0
38.6167,1052.495,532.119,652.495,66.521,29.026,-1.641,29.072,0.942,-0.116,12,3.23,8.77,1.1266,0.0718,1.2172,287.72,340.09,0.0855,988.5,98.47,122.5,68.38,0.0516,2400,2347.6,-499.0,-529.0,-9363.1,-887.8,50.2,291.3,597.9,0.0,0.0,930.7,-115.0,0,0
38.7167,1055.403,531.954,655.403,66.686,29.119,-1.655,29.166,0.932,-0.163,12,3.25,8.75,1.125,0.0716,1.2172,287.72,340.09,0.0858,988.5,98.47,122.5,68.38,0.0516,2400,2347.6,-499.0,-534.4,-9410.0,-891.8,50.6,293.2,600.0,0.0,0.0,921.4,-161.4,0,0
38.8167,1058.32,531.787,658.32,66.853,29.203,-1.718,29.254,0.57,-1.948,14,3.3,10.7,1.3196,0.0985,1.2172,287.72,340.09,0.086,988.5,98.46,122.5,68.38,0.0516,2400,2328.7,-580.6,-641.2,-11106.4,-1123.9,64.9,295.1,830.7,0.0,0.0,563.6,-1925.3,0,0
38.9167,1061.24,531.591,661.24,67.049,29.185,-2.191,29.268,-0.774,-6.587,20,4.08,15.92,1.8423,0.1921,1.2171,287.71,340.09,0.0861,988.5,98.46,122.5,68.37,0.0516,2400,2255.3,-820.8,-1106.6,-15523.7,-1913.3,136.4,295.7,1622.5,0.0,0.0,-764.6,-6511.4,0,0
39.0167,1064.154,531.336,664.154,67.304,29.1,-2.806,29.234,-1.041,-6.28,22,5.3,16.7,1.808,0.185,1.2171,287.71,340.09,0.086,988.5,98.45,122.5,68.37,0.0516,2400,2225.2,-899.1,-1407.9,-15176.2,-1846.5,171.3,295.0,1559.4,0.0,0.0,-1029.1,-6207.3,0,1
39.1167,1067.057,531.018,667.057,67.622,28.973,-3.439,29.176,-1.322,-6.023,22,6.57,15.43,1.7931,0.182,1.2171,287.71,340.09,0.0858,988.4,98.45,122.4,68.37,0.0516,2400,2225.2,-899.1,-1722.5,-14959.2,-1809.9,208.4,293.9,1527.9,0.0,0.0,-1307.2,-5953.2,0,0
39.2167,1069.947,530.642,669.947,67.998,28.842,-3.979,29.115,-1.286,-4.975,22,7.69,14.31,1.6813,0.16,1.217,287.71,340.09,0.0856,988.4,98.44,122.4,68.36,0.0516,2400,2225.2,-899.1,-1880.6,-13933.5,-1615.7,218.1,292.7,1337.7,0.0,0.0,-1271.1,-4917.8,0,0
39.3167,1072.823,530.217,672.823,68.423,28.717,-4.424,29.055,-1.234,-4.104,22,8.62,13.38,1.5881,0.1427,1.217,287.71,340.09,0.0854,988.4,98.44,122.4,68.36,0.0516,2400,2225.2,-899.1,-1981.9,-13075.9,-1463.3,221.8,291.5,1188.5,0.0,0.0,-1220.0,-4056.6,0,0
39.4167,1075.688,529.753,675.688,68.887,28.597,-4.791,28.995,-1.176,-3.378,22,9.39,12.61,1.5105,0.1291,1.2169,287.7,340.08,0.0853,988.4,98.43,122.4,68.36,0.0516,2400,2225.2,-899.1,-2044.8,-12358.3,-1342.7,222.2,290.2,1070.7,0.0,0.0,-1162.2,-3338.6,0,0
39.5167,1078.541,529.256,678.541,69.384,28.482,-5.093,28.934,-1.116,-2.771,22,10.04,11.96,1.4459,0.1183,1.2169,287.7,340.08,0.0851,988.4,98.43,122.4,68.35,0.0516,2400,2225.2,-899.1,-2081.7,-11757.1,-1246.6,220.7,289.0,977.0,0.0,0.0,-1103.1,-2739.0,0,0
39.6167,1081.383,528.732,681.383,69.908,28.374,-5.339,28.872,-1.058,-2.264,22,10.58,11.42,1.3923,0.1097,1.2168,287.7,340.08,0.0849,988.4,98.42,122.4,68.35,0.0516,2400,2225.2,-899.1,-2101.3,-11253.0,-1169.5,218.4,287.8,901.9,0.0,0.0,-1045.5,-2237.3,0,0
39.7167,1084.214,528.186,684.214,70.454,28.272,-5.54,28.809,-1.003,-1.838,22,11.02,10.98,1.3479,0.1028,1.2167,287.69,340.08,0.0847,988.4,98.42,122.4,68.34,0.0516,2400,2225.2,-899.1,-2109.4,-10830.1,-1107.3,215.7,286.5,841.6,0.0,0.0,-991.4,-1817.1,0,0
39.8167,1087.036,527.622,687.036,71.018,28.174,-5.703,28.746,-0.953,-1.482,22,11.39,10.61,1.3112,0.0973,1.2167,287.69,340.08,0.0845,988.4,98.41,122.4,68.34,0.0516,2400,2225.2,-899.1,-2109.9,-10475.0,-1056.8,212.9,285.2,792.8,0.0,0.0,-941.5,-1464.9,0,0
39.9167,1089.848,527.044,689.848,71.596,28.082,-5.833,28.681,-0.907,-1.183,22,11.69,10.31,1.281,0.0929,1.2166,287.69,340.07,0.0843,988.4,98.41,122.4,68.34,0.0516,2400,2225.2,-899.1,-2105.6,-10176.7,-1015.8,210.2,283.9,753.3,0.0,0.0,-896.2,-1169.4,0,0
40.0167,1092.651,526.454,692.651,72.186,27.994,-5.937,28.616,-0.865,-0.932,22,11.94,10.06,1.2563,0.0893,1.2165,287.68,340.07,0.0841,988.4,98.4,122.4,68.33,0.0516,2400,2225.2,-899.1,-2098.4,-9926.0,-982.2,207.6,282.6,721.3,0.0,0.0,-855.4,-921.2,0,0
40.1167,1095.445,525.856,695.445,72.784,27.909,-6.017,28.551,-0.828,-0.721,22,12.14,9.86,1.2363,0.0865,1.2165,287.68,340.07,0.084,988.4,98.4,122.4,68.33,0.0516,2400,2225.2,-899.1,-2089.3,-9715.2,-954.7,205.3,281.3,695.2,0.0,0.0,-818.8,-712.8,0,0
40.2167,1098.231,525.25,698.231,73.39,27.828,-6.079,28.485,-0.795,-0.544,22,12.3,9.7,1.2202,0.0843,1.2164,287.67,340.07,0.0838,988.4,98.39,122.4,68.33,0.0516,2400,2225.2,-899.1,-2079.3,-9538.0,-932.2,203.2,280.0,674.0,0.0,0.0,-786.2,-537.7,0,0
40.3167,1101.01,524.64,701.01,74.0,27.751,-6.124,28.418,-0.766,-0.395,22,12.43,9.57,1.2074,0.0825,1.2163,287.67,340.06,0.0836,988.4,98.39,122.4,68.32,0.0516,2400,2225.2,-899.1,-2068.8,-9388.9,-913.6,201.3,278.7,656.9,0.0,0.0,-757.2,-390.6,0,0
40.4167,1103.78,524.025,703.78,74.615,27.676,-6.156,28.352,-0.74,-0.27,22,12.53,9.47,1.1973,0.0811,1.2163,287.67,340.06,0.0834,988.4,98.38,122.4,68.32,0.0516,2400,2225.2,-899.1,-2058.2,-9263.5,-898.4,199.6,277.4,643.0,0.0,0.0,-731.4,-266.9,0,0
40.5167,1106.544,523.408,706.544,75.232,27.603,-6.177,28.286,-0.717,-0.165,22,12.6,9.4,1.1897,0.0801,1.2162,287.66,340.06,0.0832,988.4,98.37,122.4,68.32,0.0516,2400,2225.2,-899.1,-2047.6,-9158.0,-886.0,198.1,276.1,631.8,0.0,0.0,-708.3,-163.0,0,0
40.6167,1109.3,522.79,709.3,75.85,27.532,-6.188,28.219,-0.696,-0.077,22,12.66,9.34,1.1841,0.0793,1.2161,287.66,340.06,0.083,988.4,98.37,122.4,68.31,0.0516,2400,2225.2,-899.1,-2037.1,-9069.3,-875.8,196.7,274.8,622.8,0.0,0.0,-687.6,-75.8,0,0
40.7167,1112.049,522.171,712.049,76.469,27.464,-6.191,28.153,-0.677,-0.003,22,12.7,9.3,1.1801,0.0788,1.216,287.65,340.06,0.0828,988.4,98.36,122.3,68.31,0.0516,2400,2225.2,-899.1,-2026.9,-8994.8,-867.4,195.5,273.5,615.7,0.0,0.0,-669.1,-2.5,0,0
40.8167,1114.792,521.552,714.792,77.088,27.402,-6.175,28.089,-0.373,0.844,21,12.72,8.28,1.0776,0.0657,1.216,287.65,340.05,0.0826,988.4,98.36,122.3,68.31,0.0516,2400,2240.6,-860.1,-1845.7,-8173.7,-763.9,172.5,272.2,511.0,0.0,0.0,-369.0,834.5,0,0
40.9167,1117.534,520.951,717.534,77.689,27.453,-5.832,28.066,1.072,5.179,15,12.17,2.83,0.5327,0.0161,1.2159,287.65,340.05,0.0825,988.4,98.35,122.3,68.3,0.0516,2400,2318.2,-621.2,-871.4,-4039.7,-387.2,83.5,271.5,124.6,0.0,0.0,1059.6,5118.5,0,0
41.0167,1120.287,520.404,720.287,78.236,27.589,-5.223,28.079,1.323,5.803,13,10.92,2.08,0.4577,0.0119,1.2158,287.64,340.05,0.0826,988.3,98.35,122.3,68.3,0.0516,2400,2338.5,-539.9,-673.3,-3489.1,-357.2,68.9,271.7,92.0,0.0,0.0,1308.0,5735.7,0,0
41.1167,1123.053,519.913,723.053,78.727,27.713,-4.696,28.108,1.187,4.907,13,9.79,3.21,0.5711,0.0185,1.2158,287.64,340.05,0.0827,988.3,98.34,122.3,68.29,0.0516,2400,2338.5,-539.9,-755.2,-4377.0,-409.7,70.7,272.2,143.5,0.0,0.0,1173.6,4849.4,0,0
41.2167,1125.831,519.47,725.831,79.17,27.826,-4.251,28.149,1.089,4.137,13,8.83,4.17,0.6669,0.0252,1.2157,287.64,340.04,0.0828,988.3,98.34,122.3,68.29,0.0516,2400,2338.5,-539.9,-798.4,-5139.1,-463.7,72.0,273.0,196.3,0.0,0.0,1076.4,4088.6,0,0
41.3167,1128.62,519.067,728.62,79.573,27.931,-3.877,28.198,1.018,3.476,13,8.02,4.98,0.7476,0.0316,1.2157,287.63,340.04,0.0829,988.3,98.33,122.3,68.29,0.0516,2400,2338.5,-539.9,-816.6,-5792.5,-516.2,72.8,273.9,247.5,0.0,0.0,1005.7,3435.9,0,0
41.4167,1131.419,518.698,731.419,79.942,28.029,-3.563,28.255,0.965,2.91,13,7.35,5.65,0.8153,0.0376,1.2156,287.63,340.04,0.0831,988.3,98.33,122.3,68.28,0.0516,2400,2338.5,-539.9,-819.0,-6352.3,-565.8,72.9,274.9,295.5,0.0,0.0,953.7,2876.2,0,0
41.5167,1134.227,518.357,734.227,80.283,28.123,-3.301,28.316,0.926,2.425,13,6.78,6.22,0.872,0.043,1.2156,287.63,340.04,0.0833,988.3,98.32,122.3,68.28,0.0516,2400,2338.5,-539.9,-812.1,-6831.5,-611.3,72.7,276.1,339.5,0.0,0.0,915.0,2396.7,0,0
41.6167,1137.045,518.04,737.045,80.6,28.214,-3.083,28.382,0.896,2.01,13,6.31,6.69,0.9193,0.0478,1.2156,287.63,340.04,0.0835,988.3,98.32,122.3,68.28,0.0516,2400,2338.5,-539.9,-800.4,-7241.3,-652.4,72.1,277.4,379.0,0.0,0.0,885.7,1986.3,0,0
41.7167,1139.871,517.743,739.871,80.897,28.302,-2.904,28.451,0.873,1.655,13,5.92,7.08,0.9584,0.052,1.2155,287.62,340.04,0.0837,988.3,98.31,122.3,68.27,0.0516,2400,2338.5,-539.9,-786.6,-7591.5,-689.0,71.4,278.7,413.9,0.0,0.0,862.9,1635.4,0,0
41.8167,1142.707,517.461,742.707,81.179,28.389,-2.756,28.522,0.855,1.351,13,5.59,7.41,0.9907,0.0555,1.2155,287.62,340.04,0.0839,988.3,98.31,122.3,68.27,0.0516,2400,2338.5,-539.9,-772.7,-7890.4,-721.1,70.6,280.1,444.5,0.0,0.0,844.7,1335.6,0,0
41.9167,1145.55,517.193,745.55,81.447,28.473,-2.636,28.595,0.839,1.093,13,5.33,7.67,1.0171,0.0585,1.2155,287.62,340.04,0.0841,988.3,98.3,122.3,68.27,0.0516,2400,2338.5,-539.9,-759.8,-8145.4,-749.1,69.9,281.5,470.9,0.0,0.0,829.6,1079.9,0,0
42.0167,1148.4,516.922,748.4,81.718,28.487,-2.821,28.626,-0.417,-3.818,19,5.53,13.47,1.5972,0.1444,1.2154,287.62,340.03,0.0842,988.3,98.3,122.3,68.26,0.0516,2400,2269.2,-781.4,-1241.3,-12826.3,-1440.4,139.4,282.4,1164.7,0.0,0.0,-412.4,-3773.1,0,0
42.1167,1151.244,516.615,751.244,82.025,28.421,-3.244,28.605,-0.653,-3.918,20,6.38,13.62,1.6121,0.1471,1.2154,287.62,340.03,0.0841,988.3,98.29,122.3,68.26,0.0516,2400,2255.3,-820.8,-1443.1,-12909.4,-1458.0,163.0,282.0,1185.0,0.0,0.0,-645.8,-3872.1,0,0
42.2167,1154.083,516.27,754.083,82.37,28.357,-3.597,28.584,-0.634,-3.275,20,7.12,12.88,1.5382,0.1339,1.2153,287.61,340.03,0.0841,988.3,98.29,122.2,68.26,0.0516,2400,2255.3,-820.8,-1533.5,-12279.5,-1348.3,168.4,281.6,1077.2,0.0,0.0,-626.5,-3236.9,0,0
42.3167,1156.915,515.892,756.915,82.748,28.295,-3.892,28.561,-0.608,-2.735,20,7.74,12.26,1.4761,0.1233,1.2153,287.61,340.03,0.084,988.3,98.28,122.2,68.25,0.0516,2400,2255.3,-820.8,-1596.6,-11748.1,-1259.9,171.2,281.1,990.3,0.0,0.0,-601.2,-2702.7,0,0
42.4167,1159.741,515.488,759.741,83.152,28.235,-4.139,28.537,-0.58,-2.28,20,8.26,11.74,1.424,0.1147,1.2153,287.61,340.03,0.0839,988.3,98.28,122.2,68.25,0.0516,2400,2255.3,-820.8,-1640.5,-11299.6,-1188.3,172.5,280.6,920.1,0.0,0.0,-573.5,-2253.0,0,0
42.5167,1162.561,515.062,762.561,83.578,28.179,-4.344,28.512,-0.552,-1.896,20,8.7,11.3,1.3803,0.1078,1.2152,287.61,340.03,0.0839,988.3,98.27,122.2,68.24,0.0516,2400,2255.3,-820.8,-1670.6,-10920.9,-1129.9,172.8,280.1,862.9,0.0,0.0,-545.3,-1873.9,0,0
42.6167,1165.376,514.618,765.376,84.022,28.125,-4.514,28.485,-0.524,-1.573,20,9.06,10.94,1.3437,0.1022,1.2152,287.6,340.03,0.0838,988.3,98.27,122.2,68.24,0.0516,2400,2255.3,-820.8,-1691.0,-10600.9,-1082.2,172.6,279.6,816.3,0.0,0.0,-517.9,-1554.3,0,0
42.7167,1168.185,514.158,768.185,84.482,28.075,-4.655,28.458,-0.498,-1.3,20,9.37,10.63,1.3131,0.0976,1.2151,287.6,340.02,0.0837,988.3,98.26,122.2,68.24,0.0516,2400,2255.3,-820.8,-1704.4,-10330.6,-1043.0,172.1,279.1,778.0,0.0,0.0,-492.1,-1284.5,0,0
42.8167,1170.99,513.685,770.99,84.955,28.026,-4.771,28.429,-0.474,-1.069,20,9.62,10.38,1.2877,0.0938,1.215,287.6,340.02,0.0836,988.3,98.26,122.2,68.23,0.0516,2400,2255.3,-820.8,-1712.9,-10102.1,-1010.7,171.4,278.5,746.6,0.0,0.0,-468.3,-1056.8,0,0
42.9167,1173.79,513.202,773.79,85.438,27.98,-4.866,28.4,-0.452,-0.875,20,9.83,10.17,1.2665,0.0908,1.215,287.6,340.02,0.0835,988.3,98.25,122.2,68.23,0.0516,2400,2255.3,-820.8,-1717.8,-9909.0,-984.0,170.6,277.9,720.8,0.0,0.0,-446.5,-864.5,0,0
43.0167,1176.585,512.711,776.585,85.929,27.936,-4.944,28.37,-0.432,-0.71,20,10.01,9.99,1.249,0.0883,1.2149,287.59,340.02,0.0834,988.2,98.25,122.2,68.23,0.0516,2400,2255.3,-820.8,-1720.2,-9745.7,-961.9,169.8,277.3,699.4,0.0,0.0,-426.9,-702.0,0,0
43.1167,1179.376,512.213,779.376,86.427,27.894,-5.007,28.34,-0.414,-0.572,20,10.15,9.85,1.2345,0.0862,1.2149,287.59,340.02,0.0833,988.2,98.24,122.2,68.22,0.0516,2400,2255.3,-820.8,-1720.8,-9607.6,-943.6,169.0,276.7,681.9,0.0,0.0,-409.1,-564.8,0,0
43.2167,1182.163,511.709,782.163,86.931,27.854,-5.057,28.309,-0.398,-0.454,20,10.27,9.73,1.2227,0.0846,1.2148,287.59,340.01,0.0833,988.2,98.24,122.2,68.22,0.0516,2400,2255.3,-820.8,-1720.1,-9490.8,-928.4,168.3,276.1,667.4,0.0,0.0,-393.2,-448.8,0,0
43.3167,1184.946,511.201,784.946,87.439,27.815,-5.097,28.278,-0.384,-0.355,20,10.37,9.63,1.2131,0.0833,1.2148,287.58,340.01,0.0832,988.2,98.23,122.2,68.22,0.0516,2400,2255.3,-820.8,-1718.5,-9392.1,-915.7,167.6,275.5,655.4,0.0,0.0,-379.0,-350.9,0,0
43.4167,1187.726,510.69,787.726,87.95,27.777,-5.127,28.246,-0.371,-0.271,20,10.45,9.55,1.2053,0.0822,1.2147,287.58,340.01,0.0831,988.2,98.23,122.2,68.21,0.0516,2400,2255.3,-820.8,-1716.3,-9308.7,-905.2,166.9,274.9,645.6,0.0,0.0,-366.3,-268.1,0,0
43.5167,1190.501,510.176,790.501,88.464,27.741,-5.15,28.215,-0.359,-0.201,20,10.51,9.49,1.1992,0.0814,1.2146,287.58,340.01,0.083,988.2,98.22,122.2,68.21,0.0516,2400,2255.3,-820.8,-1713.5,-9238.1,-896.5,166.3,274.2,637.6,0.0,0.0,-354.8,-198.3,0,0
43.6167,1193.273,509.66,793.273,88.98,27.705,-5.166,28.183,-0.349,-0.141,20,10.56,9.44,1.1944,0.0807,1.2146,287.57,340.01,0.0829,988.2,98.22,122.2,68.2,0.0516,2400,2255.3,-820.8,-1710.5,-9178.6,-889.3,165.7,273.6,631.0,0.0,0.0,-344.5,-139.3,0,0
43.7167,1196.042,509.142,796.042,89.498,27.671,-5.178,28.151,-0.339,-0.091,20,10.59,9.41,1.1907,0.0802,1.2145,287.57,340.0,0.0828,988.2,98.21,122.2,68.2,0.0516,2400,2255.3,-820.8,-1707.1,-9128.2,-883.4,165.2,273.0,625.7,0.0,0.0,-335.3,-89.5,0,0
43.8167,1198.807,508.624,798.807,90.016,27.638,-5.184,28.12,-0.331,-0.048,20,10.62,9.38,1.188,0.0799,1.2145,287.57,340.0,0.0827,988.2,98.2,122.1,68.2,0.0516,2400,2255.3,-820.8,-1703.6,-9085.8,-878.5,164.7,272.3,621.5,0.0,0.0,-326.9,-47.6,0,0
43.9167,1201.569,508.105,801.569,90.535,27.605,-5.187,28.088,-0.323,-0.012,20,10.64,9.36,1.1861,0.0796,1.2144,287.56,340.0,0.0826,988.2,98.2,122.1,68.19,0.0516,2400,2255.3,-820.8,-1700.0,-9050.0,-874.5,164.3,271.7,618.1,0.0,0.0,-319.2,-12.3,0,0
44.0167,1204.327,507.587,804.327,91.053,27.573,-5.186,28.057,-0.316,0.018,20,10.65,9.35,1.1849,0.0795,1.2143,287.56,340.0,0.0825,988.2,98.19,122.1,68.19,0.0516,2400,2255.3,-820.8,-1696.3,-9019.8,-871.2,163.8,271.1,615.4,0.0,0.0,-312.3,17.4,0,0
44.1167,1207.083,507.068,807.083,91.572,27.542,-5.183,28.025,-0.31,0.043,20,10.66,9.34,1.1843,0.0794,1.2143,287.56,340.0,0.0824,988.2,98.19,122.1,68.19,0.0516,2400,2255.3,-820.8,-1692.5,-8994.4,-868.6,163.4,270.5,613.4,0.0,0.0,-305.9,42.3,0,0
44.2167,1209.835,506.55,809.835,92.09,27.511,-5.177,27.994,-0.304,0.064,20,10.66,9.34,1.1842,0.0794,1.2142,287.55,340.0,0.0823,988.2,98.18,122.1,68.18,0.0516,2400,2255.3,-820.8,-1688.7,-8973.1,-866.5,163.1,269.9,611.9,0.0,0.0,-299.9,63.2,0,0
44.3167,1212.585,506.033,812.585,92.607,27.481,-5.17,27.963,-0.298,0.082,20,10.66,9.34,1.1845,0.0794,1.2142,287.55,339.99,0.0822,988.2,98.18,122.1,68.18,0.0516,2400,2255.3,-820.8,-1684.8,-8955.2,-864.9,162.7,269.3,610.8,0.0,0.0,-294.4,80.7,0,0
44.4167,1215.332,505.519,815.332,93.121,27.477,-5.084,27.943,0.437,2.389,17,10.57,6.43,0.8935,0.0452,1.2141,287.55,339.99,0.0822,988.2,98.17,122.1,68.18,0.0516,2400,2295.1,-701.7,-1257.9,-6744.2,-605.2,112.9,268.8,346.9,0.0,0.0,432.0,2360.9,0,0
44.5167,1218.085,505.035,818.085,93.605,27.586,-4.614,27.97,1.377,5.683,12,9.7,2.3,0.4805,0.0131,1.214,287.54,339.99,0.0823,988.2,98.17,122.1,68.17,0.0516,2400,2347.6,-499.0,-622.2,-3641.8,-364.3,62.2,269.1,100.5,0.0,0.0,1361.1,5615.4,0,0
44.6167,1220.851,504.604,820.851,94.036,27.717,-4.099,28.018,1.263,4.799,12,8.58,3.42,0.592,0.0198,1.214,287.54,339.99,0.0824,988.2,98.16,122.1,68.17,0.0516,2400,2347.6,-499.0,-681.4,-4515.9,-418.3,63.1,270.0,153.0,0.0,0.0,1247.9,4742.1,0,0
44.7167,1223.63,504.22,823.63,94.42,27.838,-3.664,28.078,1.182,4.039,12,7.64,4.36,0.686,0.0266,1.2139,287.54,339.99,0.0826,988.2,98.16,122.1,68.17,0.0516,2400,2347.6,-499.0,-706.5,-5267.1,-473.2,63.5,271.1,206.3,0.0,0.0,1167.9,3991.2,0,0
44.8167,1226.421,503.876,826.421,94.764,27.953,-3.299,28.147,1.124,3.386,12,6.85,5.15,0.765,0.0331,1.2139,287.53,339.98,0.0828,988.2,98.15,122.1,68.16,0.0516,2400,2347.6,-499.0,-710.2,-5912.0,-526.4,63.2,272.4,257.8,0.0,0.0,1111.0,3346.0,0,0
44.9167,1229.223,503.564,829.223,95.076,28.063,-2.994,28.222,1.083,2.826,12,6.19,5.81,0.8312,0.0391,1.2139,287.53,339.98,0.083,988.1,98.15,122.1,68.16,0.0516,2400,2347.6,-499.0,-701.0,-6465.2,-576.3,62.5,273.8,305.9,0.0,0.0,1070.2,2792.1,0,0
45.0167,1232.035,503.28,832.035,95.36,28.169,-2.74,28.302,1.053,2.345,12,5.64,6.36,0.8862,0.0444,1.2138,287.53,339.98,0.0832,988.1,98.14,122.1,68.15,0.0516,2400,2347.6,-499.0,-685.0,-6939.2,-622.1,61.4,275.4,349.7,0.0,0.0,1040.5,2316.9,0,0
45.1167,1234.858,503.019,834.858,95.621,28.273,-2.53,28.386,1.031,1.933,12,5.18,6.82,0.9319,0.0491,1.2138,287.53,339.98,0.0835,988.1,98.14,122.1,68.15,0.0516,2400,2347.6,-499.0,-666.0,-7345.0,-663.2,60.1,277.0,388.9,0.0,0.0,1018.3,1909.8,0,0
45.2167,1237.691,502.776,837.691,95.864,28.375,-2.358,28.473,1.013,1.58,12,4.81,7.19,0.9694,0.0532,1.2138,287.53,339.98,0.0837,988.1,98.13,122.1,68.15,0.0516,2400,2347.6,-499.0,-646.7,-7692.0,-699.7,58.8,278.7,423.5,0.0,0.0,1001.2,1561.4,0,0
45.3167,1240.535,502.548,840.535,96.092,28.476,-2.218,28.562,0.999,1.279,12,4.5,7.5,1.0002,0.0566,1.2137,287.53,339.98,0.084,988.1,98.13,122.0,68.14,0.0516,2400,2347.6,-499.0,-628.5,-7988.5,-731.7,57.6,280.4,453.5,0.0,0.0,987.4,1263.6,0,0
45.4167,1243.388,502.333,843.388,96.307,28.575,-2.105,28.653,0.987,1.022,12,4.25,7.75,1.025,0.0595,1.2137,287.52,339.98,0.0843,988.1,98.12,122.0,68.14,0.0516,2400,2347.6,-499.0,-612.4,-8241.4,-759.4,56.4,282.2,479.4,0.0,0.0,975.7,1009.5,0,0
45.5167,1246.252,502.128,846.252,96.512,28.673,-2.016,28.744,0.977,0.802,12,4.05,7.95,1.0449,0.0618,1.2137,287.52,339.98,0.0845,988.1,98.12,122.0,68.14,0.0516,2400,2347.6,-499.0,-598.9,-8457.1,-783.3,55.5,284.0,501.3,0.0,0.0,965.3,792.8,0,0
45.6167,1249.125,501.931,849.125,96.709,28.77,-1.947,28.836,0.967,0.616,12,3.89,8.11,1.0606,0.0637,1.2137,287.52,339.98,0.0848,988.1,98.11,122.0,68.13,0.0516,2400,2347.6,-499.0,-588.1,-8640.6,-803.7,54.7,285.8,519.8,0.0,0.0,955.7,608.5,0,0
45.7167,1252.007,501.739,852.007,96.901,28.866,-1.895,28.929,0.958,0.457,12,3.77,8.23,1.0727,0.0651,1.2136,287.52,339.98,0.0851,988.1,98.11,122.0,68.13,0.0516,2400,2347.6,-499.0,-580.1,-8796.6,-821.0,54.1,287.6,535.1,0.0,0.0,946.5,451.9,0,0
45.8167,1254.899,501.552,854.899,97.088,28.962,-1.857,29.021,0.949,0.323,12,3.68,8.32,1.0818,0.0662,1.2136,287.52,339.98,0.0854,988.1,98.1,122.0,68.13,0.0516,2400,2347.6,-499.0,-574.5,-8929.0,-835.5,53.8,289.5,547.8,0.0,0.0,937.5,319.0,0,0
45.9167,1257.801,501.368,857.801,97.272,29.056,-1.832,29.114,0.94,0.209,12,3.62,8.38,1.0884,0.067,1.2136,287.52,339.97,0.0856,988.1,98.1,122.0,68.12,0.0516,2400,2347.6,-499.0,-571.3,-9041.3,-847.6,53.6,291.3,558.0,0.0,0.0,928.6,206.5,0,0
46.0167,1260.712,501.186,860.712,97.454,29.15,-1.816,29.206,0.931,0.113,12,3.57,8.43,1.0929,0.0676,1.2136,287.52,339.97,0.0859,988.1,98.09,122.0,68.12,0.0516,2400,2347.6,-499.0,-570.2,-9136.2,-857.6,53.5,293.2,566.1,0.0,0.0,919.7,111.5,0,0
46.1167,1263.632,501.005,863.632,97.635,29.242,-1.81,29.298,0.922,0.032,12,3.54,8.46,1.0955,0.0679,1.2136,287.52,339.97,0.0862,988.1,98.09,122.0,68.12,0.0516,2400,2347.6,-499.0,-570.9,-9216.3,-865.8,53.6,295.0,572.4,0.0,0.0,910.8,31.5,0,0
46.2167,1266.562,500.824,866.562,97.816,29.334,-1.811,29.39,0.913,-0.036,12,3.53,8.47,1.0967,0.0681,1.2135,287.51,339.97,0.0864,988.1,98.08,122.0,68.11,0.0516,2400,2347.6,-499.0,-573.2,-9283.8,-872.4,53.9,296.9,577.2,0.0,0.0,901.9,-35.8,0,0
46.3167,1269.501,500.642,869.501,97.998,29.425,-1.818,29.481,0.904,-0.093,12,3.53,8.47,1.0966,0.068,1.2135,287.51,339.97,0.0867,988.1,98.08,122.0,68.11,0.0516,2400,2347.6,-499.0,-576.9,-9340.5,-877.7,54.2,298.7,580.7,0.0,0.0,892.9,-92.3,0,0
46.4167,1272.448,500.46,872.448,98.18,29.514,-1.83,29.571,0.895,-0.141,12,3.55,8.45,1.0954,0.0679,1.2135,287.51,339.97,0.087,988.1,98.07,122.0,68.1,0.0516,2400,2347.6,-499.0,-581.7,-9388.0,-881.9,54.6,300.5,583.1,0.0,0.0,884.0,-139.4,0,0
46.5167,1275.405,500.276,875.405,98.364,29.603,-1.847,29.661,0.886,-0.181,12,3.57,8.43,1.0935,0.0677,1.2135,287.51,339.97,0.0872,988.1,98.07,122.0,68.1,0.0516,2400,2347.6,-499.0,-587.4,-9427.7,-885.1,55.2,302.4,584.5,0.0,0.0,875.0,-178.6,0,0
46.6167,1278.371,500.09,878.371,98.55,29.691,-1.867,29.75,0.877,-0.214,12,3.59,8.41,1.0908,0.0673,1.2135,287.51,339.97,0.0875,988.1,98.06,122.0,68.1,0.0516,2400,2347.6,-499.0,-594.0,-9460.7,-887.5,55.7,304.2,585.1,0.0,0.0,866.1,-211.1,0,0
46.7167,1281.345,499.902,881.345,98.738,29.778,-1.89,29.838,0.868,-0.241,12,3.63,8.37,1.0875,0.0669,1.2134,287.51,339.97,0.0878,988.1,98.06,122.0,68.09,0.0516,2400,2347.6,-499.0,-601.1,-9488.1,-889.3,56.3,306.0,585.1,0.0,0.0,857.2,-237.9,0,0
46.8167,1284.328,499.712,884.328,98.928,29.865,-1.915,29.926,0.859,-0.263,12,3.66,8.34,1.0838,0.0665,1.2134,287.51,339.97,0.088,988.0,98.05,122.0,68.09,0.0516,2400,2347.6,-499.0,-608.8,-9510.6,-890.4,57.0,307.8,584.5,0.0,0.0,848.4,-259.9,0,0
46.9167,1287.319,499.518,887.319,99.122,29.95,-1.942,30.013,0.85,-0.281,12,3.7,8.3,1.0796,0.066,1.2134,287.51,339.97,0.0883,988.0,98.04,121.9,68.09,0.0516,2400,2347.6,-499.0,-616.8,-9529.1,-891.1,57.7,309.6,583.4,0.0,0.0,839.6,-277.7,0,0
47.0167,1290.319,499.323,890.319,99.317,30.034,-1.971,30.099,0.841,-0.296,12,3.75,8.25,1.0752,0.0654,1.2134,287.5,339.97,0.0885,988.0,98.04,121.9,68.08,0.0516,2400,2347.6,-499.0,-625.2,-9544.1,-891.4,58.4,311.3,582.0,0.0,0.0,831.0,-292.0,0,0
47.1167,1293.327,499.124,893.327,99.516,30.118,-2.002,30.185,0.832,-0.307,12,3.79,8.21,1.0706,0.0649,1.2133,287.5,339.97,0.0888,988.0,98.03,121.9,68.08,0.0516,2400,2347.6,-499.0,-633.8,-9556.2,-891.3,59.1,313.1,580.2,0.0,0.0,822.4,-303.5,0,0
47.2167,1296.344,498.922,896.344,99.718,30.201,-2.033,30.269,0.824,-0.316,12,3.84,8.16,1.0657,0.0643,1.2133,287.5,339.97,0.089,988.0,98.03,121.9,68.08,0.0516,2400,2347.6,-499.0,-642.5,-9565.8,-891.0,59.9,314.9,578.2,0.0,0.0,814.0,-312.4,0,0
47.3167,1299.369,498.717,899.369,99.923,30.283,-2.065,30.353,0.815,-0.323,12,3.89,8.11,1.0607,0.0637,1.2133,287.5,339.96,0.0893,988.0,98.02,121.9,68.07,0.0516,2400,2347.6,-499.0,-651.4,-9573.3,-890.5,60.6,316.6,576.0,0.0,0.0,805.6,-319.2,0,0
47.4167,1302.402,498.508,902.402,100.132,30.364,-2.098,30.436,0.807,-0.328,12,3.94,8.06,1.0557,0.0631,1.2133,287.5,339.96,0.0895,988.0,98.02,121.9,68.07,0.0516,2400,2347.6,-499.0,-660.3,-9579.1,-889.8,61.3,318.3,573.6,0.0,0.0,797.4,-324.3,0,0
47.5167,1305.443,498.296,905.443,100.344,30.444,-2.131,30.518,0.799,-0.332,12,3.99,8.01,1.0505,0.0625,1.2132,287.5,339.96,0.0898,988.0,98.01,121.9,68.07,0.0516,2400,2347.6,-499.0,-669.3,-9583.4,-889.0,62.1,320.1,571.1,0.0,0.0,789.3,-327.9,0,0
47.6167,1308.492,498.081,908.492,100.559,30.523,-2.164,30.6,0.791,-0.334,12,4.05,7.95,1.0453,0.0618,1.2132,287.5,339.96,0.09,988.0,98.01,121.9,68.06,0.0516,2400,2347.6,-499.0,-678.2,-9586.4,-888.0,62.8,321.8,568.5,0.0,0.0,781.3,-330.2,0,0
47.7167,1311.549,497.863,911.549,100.777,30.602,-2.198,30.681,0.783,-0.336,12,4.1,7.9,1.0401,0.0612,1.2132,287.5,339.96,0.0902,988.0,98.0,121.9,68.06,0.0516,2400,2347.6,-499.0,-687.1,-9588.4,-887.0,63.6,323.5,565.8,0.0,0.0,773.5,-331.6,0,0
47.8167,1314.614,497.641,914.614,100.999,30.68,-2.231,30.761,0.775,-0.336,12,4.15,7.85,1.0349,0.0606,1.2132,287.49,339.96,0.0905,988.0,98.0,121.9,68.05,0.0516,2400,2347.6,-499.0,-695.9,-9589.6,-885.9,64.3,325.2,563.1,0.0,0.0,765.7,-332.0,0,0
47.9167,1317.686,497.416,917.686,101.224,30.757,-2.265,30.84,0.767,-0.336,12,4.2,7.8,1.0297,0.06,1.2131,287.49,339.96,0.0907,988.0,97.99,121.9,68.05,0.0516,2400,2347.6,-499.0,-704.7,-9590.0,-884.8,65.0,326.8,560.3,0.0,0.0,758.1,-331.8,0,0
48.0167,1320.766,497.188,920.766,101.452,30.833,-2.298,30.919,0.76,-0.335,12,4.25,7.75,1.0246,0.0594,1.2131,287.49,339.96,0.0909,988.0,97.99,121.9,68.05,0.0516,2400,2347.6,-499.0,-713.4,-9589.8,-883.6,65.7,328.5,557.5,0.0,0.0,750.6,-330.9,0,0
48.1167,1323.854,496.956,923.854,101.684,30.909,-2.332,30.997,0.752,-0.334,12,4.31,7.69,1.0194,0.0588,1.2131,287.49,339.96,0.0912,988.0,97.98,121.9,68.04,0.0516,2400,2347.6,-499.0,-721.9,-9589.2,-882.4,66.4,330.1,554.8,0.0,0.0,743.2,-329.6,0,0
48.2167,1326.949,496.721,926.949,101.919,30.984,-2.365,31.074,0.745,-0.332,12,4.36,7.64,1.0144,0.0582,1.2131,287.49,339.96,0.0914,988.0,97.98,121.9,68.04,0.0516,2400,2347.6,-499.0,-730.4,-9588.1,-881.2,67.1,331.8,552.0,0.0,0.0,735.9,-327.9,0,0
48.3167,1330.052,496.483,930.052,102.157,31.058,-2.398,31.15,0.738,-0.33,12,4.41,7.59,1.0093,0.0576,1.213,287.49,339.96,0.0916,988.0,97.97,121.9,68.04,0.0516,2400,2347.6,-499.0,-738.8,-9586.6,-880.0,67.8,333.4,549.2,0.0,0.0,728.8,-325.8,0,0
48.4167,1333.162,496.241,933.162,102.399,31.131,-2.431,31.226,0.731,-0.327,12,4.46,7.54,1.0043,0.0571,1.213,287.48,339.96,0.0919,988.0,97.97,121.8,68.03,0.0516,2400,2347.6,-499.0,-747.0,-9585.0,-878.8,68.5,335.0,546.4,0.0,0.0,721.7,-323.5,0,0
48.5167,1336.279,495.996,936.279,102.644,31.204,-2.463,31.301,0.724,-0.325,12,4.51,7.49,0.9994,0.0565,1.213,287.48,339.95,0.0921,988.0,97.96,121.8,68.03,0.0516,2400,2347.6,-499.0,-755.2,-9583.0,-877.6,69.2,336.6,543.7,0.0,0.0,714.8,-321.0,0,0
48.6167,1339.404,495.748,939.404,102.892,31.276,-2.496,31.375,0.717,-0.322,12,4.55,7.45,0.9946,0.056,1.2129,287.48,339.95,0.0923,988.0,97.96,121.8,68.03,0.0516,2400,2347.6,-499.0,-763.2,-9581.0,-876.4,69.8,338.2,540.9,0.0,0.0,708.0,-318.3,0,0
48.7167,1342.536,495.496,942.536,103.144,31.347,-2.528,31.449,0.71,-0.319,12,4.6,7.4,0.9898,0.0554,1.2129,287.48,339.95,0.0925,988.0,97.95,121.8,68.02,0.0516,2400,2347.6,-499.0,-771.1,-9578.7,-875.2,70.5,339.8,538.2,0.0,0.0,701.2,-315.4,0,0
48.8167,1345.674,495.242,945.674,103.398,31.417,-2.56,31.521,0.703,-0.316,12,4.65,7.35,0.985,0.0549,1.2129,287.48,339.95,0.0927,987.9,97.95,121.8,68.02,0.0516,2400,2347.6,-499.0,-778.9,-9576.4,-874.1,71.1,341.4,535.6,0.0,0.0,694.6,-312.5,0,0
48.9167,1348.82,494.984,948.82,103.656,31.487,-2.591,31.594,0.696,-0.313,12,4.7,7.3,0.9804,0.0544,1.2129,287.48,339.95,0.0929,987.9,97.94,121.8,68.01,0.0516,2400,2347.6,-499.0,-786.5,-9574.0,-872.9,71.7,343.0,532.9,0.0,0.0,688.1,-309.5,0,0
49.0167,1351.973,494.723,951.973,103.917,31.557,-2.622,31.665,0.69,-0.31,12,4.74,7.26,0.9758,0.0539,1.2128,287.47,339.95,0.0931,987.9,97.94,121.8,68.01,0.0516,2400,2347.6,-499.0,-794.1,-9571.5,-871.8,72.3,344.5,530.3,0.0,0.0,681.7,-306.5,0,0
49.1167,1355.133,494.459,955.133,104.181,31.625,-2.653,31.736,0.684,-0.307,12,4.79,7.21,0.9712,0.0534,1.2128,287.47,339.95,0.0934,987.9,97.93,121.8,68.01,0.0516,2400,2347.6,-499.0,-801.5,-9569.0,-870.7,72.9,346.0,527.8,0.0,0.0,675.3,-303.4,0,0
49.2167,1358.299,494.192,958.299,104.448,31.693,-2.684,31.807,0.677,-0.304,12,4.83,7.17,0.9668,0.0529,1.2128,287.47,339.95,0.0936,987.9,97.93,121.8,68.0,0.0516,2400,2347.6,-499.0,-808.8,-9566.4,-869.7,73.5,347.6,525.2,0.0,0.0,669.1,-300.3,0,0
49.3167,1361.472,493.922,961.472,104.718,31.761,-2.714,31.876,0.671,-0.301,12,4.88,7.12,0.9624,0.0524,1.2127,287.47,339.95,0.0938,987.9,97.92,121.8,68.0,0.0516,2400,2347.6,-499.0,-815.9,-9563.8,-868.7,74.1,349.1,522.7,0.0,0.0,662.9,-297.2,0,0
49.4167,1364.652,493.648,964.652,104.992,31.827,-2.744,31.945,0.665,-0.298,12,4.92,7.08,0.958,0.0519,1.2127,287.47,339.95,0.094,987.9,97.92,121.8,68.0,0.0516,2400,2347.6,-499.0,-823.0,-9561.3,-867.7,74.7,350.6,520.3,0.0,0.0,656.9,-294.1,0,0
49.5167,1367.839,493.372,967.839,105.268,31.893,-2.773,32.014,0.659,-0.295,12,4.96,7.04,0.9538,0.0515,1.2127,287.47,339.94,0.0942,987.9,97.91,121.8,67.99,0.0516,2400,2347.6,-499.0,-830.0,-9558.7,-866.7,75.3,352.1,517.8,0.0,0.0,650.9,-291.0,0,0
49.6167,1371.032,493.093,971.032,105.547,31.959,-2.803,32.082,0.653,-0.291,12,5.0,7.0,0.9495,0.051,1.2126,287.46,339.94,0.0944,987.9,97.91,121.8,67.99,0.0516,2400,2347.6,-499.0,-836.8,-9556.1,-865.7,75.8,353.6,515.4,0.0,0.0,645.0,-287.9,0,0
49.7167,1374.232,492.811,974.232,105.829,32.024,-2.831,32.149,0.647,-0.288,12,5.05,6.95,0.9454,0.0506,1.2126,287.46,339.94,0.0946,987.9,97.9,121.8,67.99,0.0516,2400,2347.6,-499.0,-843.6,-9553.6,-864.8,76.4,355.1,513.1,0.0,0.0,639.2,-284.9,0,0
49.8167,1377.438,492.527,977.438,106.113,32.088,-2.86,32.215,0.641,-0.285,12,5.09,6.91,0.9413,0.0501,1.2126,287.46,339.94,0.0948,987.9,97.9,121.8,67.98,0.0516,2400,2347.6,-499.0,-850.2,-9551.0,-863.9,76.9,356.5,510.8,0.0,0.0,633.5,-281.9,0,0
49.9167,1380.65,492.239,980.65,106.401,32.152,-2.888,32.282,0.636,-0.282,12,5.13,6.87,0.9373,0.0497,1.2125,287.46,339.94,0.095,987.9,97.89,121.8,67.98,0.0516,2400,2347.6,-499.0,-856.7,-9548.5,-863.0,77.4,358.0,508.5,0.0,0.0,627.8,-278.9,0,0
50.0167,1383.869,491.948,983.869,106.692,32.215,-2.917,32.347,0.63,-0.279,12,5.17,6.83,0.9333,0.0493,1.2125,287.46,339.94,0.0952,987.9,97.88,121.7,67.98,0.0516,2400,2347.6,-499.0,-863.1,-9546.0,-862.2,78.0,359.4,506.2,0.0,0.0,622.3,-275.9,0,0
50.1167,1387.095,491.655,987.095,106.985,32.278,-2.944,32.412,0.624,-0.276,12,5.21,6.79,0.9295,0.0489,1.2125,287.45,339.94,0.0953,987.9,97.88,121.7,67.97,0.0516,2400,2347.6,-499.0,-869.5,-9543.6,-861.3,78.5,360.9,504.0,0.0,0.0,616.8,-273.0,0,0
50.2167,1390.326,491.359,990.326,107.281,32.34,-2.972,32.476,0.619,-0.273,12,5.24,6.76,0.9256,0.0485,1.2124,287.45,339.94,0.0955,987.9,97.87,121.7,67.97,0.0516,2400,2347.6,-499.0,-875.7,-9541.1,-860.5,79.0,362.3,501.9,0.0,0.0,611.3,-270.1,0,0
50.3167,1393.564,491.06,993.564,107.58,32.402,-2.999,32.54,0.613,-0.271,12,5.28,6.72,0.9218,0.0481,1.2124,287.45,339.94,0.0957,987.9,97.87,121.7,67.96,0.0516,2400,2347.6,-499.0,-881.8,-9538.7,-859.8,79.5,363.7,499.7,0.0,0.0,606.0,-267.2,0,0
50.4167,1396.807,490.759,996.807,107.881,32.463,-3.026,32.603,0.608,-0.268,12,5.32,6.68,0.9181,0.0477,1.2124,287.45,339.93,0.0959,987.9,97.86,121.7,67.96,0.0516,2400,2347.6,-499.0,-887.8,-9536.4,-859.0,80.0,365.1,497.6,0.0,0.0,600.7,-264.4,0,0
50.5167,1400.057,490.455,1000.057,108.185,32.523,-3.052,32.666,0.603,-0.265,12,5.36,6.64,0.9144,0.0473,1.2123,287.45,339.93,0.0961,987.9,97.86,121.7,67.96,0.0516,2400,2347.6,-499.0,-893.8,-9534.0,-858.3,80.5,366.5,495.5,0.0,0.0,595.5,-261.7,0,0
50.6167,1403.313,490.148,1003.313,108.492,32.583,-3.079,32.728,0.598,-0.262,12,5.39,6.61,0.9108,0.0469,1.2123,287.45,339.93,0.0963,987.9,97.85,121.7,67.95,0.0516,2400,2347.6,-499.0,-899.6,-9531.7,-857.6,80.9,367.9,493.5,0.0,0.0,590.4,-258.9,0,0
50.7167,1406.575,489.839,1006.575,108.801,32.643,-3.105,32.79,0.592,-0.259,12,5.43,6.57,0.9073,0.0466,1.2123,287.44,339.93,0.0965,987.8,97.85,121.7,67.95,0.0516,2400,2347.6,-499.0,-905.4,-9529.5,-856.9,81.4,369.3,491.4,0.0,0.0,585.3,-256.2,0,0
50.8167,1409.842,489.527,1009.842,109.113,32.702,-3.131,32.851,0.587,-0.257,12,5.46,6.54,0.9037,0.0462,1.2122,287.44,339.93,0.0966,987.8,97.84,121.7,67.95,0.0516,2400,2347.6,-499.0,-911.1,-9527.2,-856.2,81.9,370.7,489.5,0.0,0.0,580.3,-253.6,0,0
50.9167,1413.116,489.212,1013.116,109.428,32.76,-3.156,32.912,0.582,-0.254,12,5.5,6.5,0.9003,0.0459,1.2122,287.44,339.93,0.0968,987.8,97.84,121.7,67.94,0.0516,2400,2347.6,-499.0,-916.7,-9525.0,-855.6,82.3,372.0,487.5,0.0,0.0,575.3,-251.0,0,0
51.0167,1416.395,488.895,1016.395,109.745,32.818,-3.181,32.972,0.577,-0.251,12,5.53,6.47,0.8969,0.0455,1.2122,287.44,339.93,0.097,987.8,97.83,121.7,67.94,0.0516,2400,2347.6,-499.0,-922.2,-9522.9,-854.9,82.8,373.4,485.6,0.0,0.0,570.4,-248.4,0,0
51.1167,1419.681,488.575,1019.681,110.065,32.875,-3.206,33.031,0.573,-0.249,12,5.56,6.44,0.8935,0.0452,1.2121,287.43,339.93,0.0972,987.8,97.83,121.7,67.94,0.0516,2400,2347.6,-499.0,-927.6,-9520.7,-854.3,83.2,374.7,483.7,0.0,0.0,565.6,-245.9,0,0
51.2167,1422.971,488.253,1022.971,110.387,32.932,-3.231,33.091,0.568,-0.246,12,5.6,6.4,0.8902,0.0448,1.2121,287.43,339.92,0.0973,987.8,97.82,121.7,67.93,0.0516,2400,2347.6,-499.0,-933.0,-9518.6,-853.7,83.7,376.0,481.8,0.0,0.0,560.8,-243.4,0,0
51.3167,1426.268,487.929,1026.268,110.711,32.989,-3.256,33.149,0.563,-0.244,12,5.63,6.37,0.8869,0.0445,1.212,287.43,339.92,0.0975,987.8,97.82,121.7,67.93,0.0516,2400,2347.6,-499.0,-938.3,-9516.5,-853.2,84.1,377.4,479.9,0.0,0.0,556.1,-240.9,0,0
51.4167,1429.57,487.602,1029.57,111.038,33.045,-3.28,33.207,0.558,-0.241,12,5.66,6.34,0.8837,0.0442,1.212,287.43,339.92,0.0977,987.8,97.81,121.7,67.93,0.0516,2400,2347.6,-499.0,-943.5,-9514.5,-852.6,84.5,378.7,478.1,0.0,0.0,551.5,-238.5,0,0
51.5167,1432.878,487.272,1032.878,111.368,33.1,-3.304,33.265,0.554,-0.239,12,5.69,6.31,0.8805,0.0439,1.212,287.43,339.92,0.0979,987.8,97.81,121.7,67.92,0.0516,2400,2347.6,-499.0,-948.6,-9512.5,-852.1,85.0,380.0,476.3,0.0,0.0,546.9,-236.1,0,0
51.6167,1436.191,486.941,1036.191,111.699,33.156,-3.328,33.322,0.549,-0.237,12,5.73,6.27,0.8774,0.0436,1.2119,287.42,339.92,0.098,987.8,97.8,121.6,67.92,0.0516,2400,2347.6,-499.0,-953.6,-9510.5,-851.6,85.4,381.3,474.6,0.0,0.0,542.3,-233.7,0,0
51.7167,1439.51,486.606,1039.51,112.034,33.21,-3.351,33.379,0.545,-0.234,12,5.76,6.24,0.8743,0.0433,1.2119,287.42,339.92,0.0982,987.8,97.8,121.6,67.91,0.0516,2400,2347.6,-499.0,-958.6,-9508.5,-851.1,85.8,382.6,472.8,0.0,0.0,537.9,-231.4,0,0
51.8167,1442.836,486.281,1042.836,112.359,33.315,-3.102,33.459,1.496,5.101,7,5.47,1.53,0.4031,0.0092,1.2118,287.42,339.92,0.0984,987.8,97.79,121.6,67.91,0.0516,2400,2382.1,-292.5,-421.8,-4404.9,-483.0,46.2,384.2,100.9,0.0,0.0,1477.4,5039.1,0,0
51.9167,1446.177,486.004,1046.177,112.636,33.475,-2.543,33.572,1.574,5.126,6,4.49,1.51,0.4007,0.0091,1.2118,287.42,339.92,0.0988,987.8,97.79,121.6,67.91,0.0516,2400,2386.9,-250.9,-346.9,-4413.6,-485.6,38.2,386.7,100.4,0.0,0.0,1554.4,5063.8,0,0
52.0167,1449.534,485.777,1049.534,112.863,33.63,-2.088,33.694,1.526,4.164,6,3.67,2.33,0.4826,0.0132,1.2118,287.42,339.91,0.0991,987.8,97.78,121.6,67.9,0.0516,2400,2386.9,-250.9,-344.2,-5360.6,-535.1,34.4,389.5,146.7,0.0,0.0,1507.5,4113.0,0,0
52.1167,1452.905,485.59,1052.905,113.05,33.78,-1.72,33.824,1.499,3.364,6,3.01,2.99,0.5489,0.017,1.2118,287.42,339.91,0.0995,987.8,97.78,121.6,67.9,0.0516,2400,2386.9,-250.9,-323.4,-6147.1,-582.9,30.7,392.5,191.2,0.0,0.0,1480.6,3322.8,0,0
52.2167,1456.292,485.436,1056.292,113.204,33.929,-1.423,33.959,1.484,2.7,6,2.48,3.52,0.6021,0.0205,1.2117,287.41,339.91,0.0999,987.8,97.77,121.6,67.9,0.0516,2400,2386.9,-250.9,-294.4,-6799.5,-626.9,27.1,395.6,231.9,0.0,0.0,1465.5,2666.8,0,0
52.3167,1459.694,485.308,1059.694,113.332,34.077,-1.186,34.098,1.475,2.149,6,2.05,3.95,0.6445,0.0235,1.2117,287.41,339.91,0.1003,987.8,97.77,121.6,67.89,0.0516,2400,2386.9,-250.9,-263.4,-7340.2,-666.3,23.9,398.9,267.9,0.0,0.0,1457.2,2122.8,0,0
52.4167,1463.11,485.201,1063.11,113.439,34.224,-0.998,34.239,1.47,1.693,6,1.72,4.28,0.6781,0.026,1.2117,287.41,339.91,0.1007,987.8,97.76,121.6,67.89,0.0516,2400,2386.9,-250.9,-233.8,-7787.7,-700.8,21.0,402.2,299.0,0.0,0.0,1452.3,1672.4,0,0
52.5167,1466.541,485.11,1066.541,113.53,34.371,-0.852,34.382,1.467,1.316,6,1.46,4.54,0.7043,0.0281,1.2117,287.41,339.91,0.1011,987.8,97.76,121.6,67.89,0.0516,2400,2386.9,-250.9,-207.5,-8157.6,-730.5,18.6,405.5,325.2,0.0,0.0,1448.9,1300.0,0,0
52.6167,1469.987,485.032,1069.987,113.608,34.518,-0.739,34.526,1.464,1.005,6,1.25,4.75,0.7245,0.0297,1.2117,287.41,339.91,0.1016,987.8,97.75,121.6,67.88,0.0516,2400,2386.9,-250.9,-185.3,-8463.0,-755.8,16.6,408.9,347.1,0.0,0.0,1445.7,992.6,0,0
52.7167,1473.447,484.963,1073.447,113.677,34.664,-0.653,34.67,1.46,0.748,6,1.1,4.9,0.7399,0.031,1.2117,287.41,339.91,0.102,987.7,97.75,121.6,67.88,0.0516,2400,2386.9,-250.9,-167.5,-8714.7,-777.1,14.9,412.3,364.9,0.0,0.0,1442.2,739.2,0,0
52.8167,1476.921,484.898,1076.921,113.742,34.795,-0.713,34.802,1.004,-3.062,9,1.09,7.91,1.041,0.0613,1.2117,287.41,339.91,0.1024,987.7,97.74,121.6,67.88,0.0516,2400,2370.5,-375.4,-235.1,-12360.4,-1143.7,21.8,415.6,728.3,0.0,0.0,991.6,-3024.4,0,0
52.9167,1480.404,484.792,1080.404,113.848,34.821,-1.399,34.849,-0.371,-9.385,15,2.04,12.96,1.5456,0.1352,1.2117,287.41,339.91,0.1025,987.7,97.74,121.6,67.87,0.0516,2400,2318.2,-621.2,-657.0,-18411.1,-2027.2,72.3,417.2,1611.4,0.0,0.0,-366.0,-9270.3,0,0
53.0167,1483.883,484.602,1083.883,114.038,34.779,-2.232,34.85,-0.441,-7.621,15,3.46,11.54,1.4038,0.1115,1.2116,287.41,339.91,0.1025,987.7,97.73,121.6,67.87,0.0516,2400,2318.2,-621.2,-1010.5,-16701.8,-1743.2,105.5,417.2,1329.2,0.0,0.0,-435.5,-7527.8,0,0
53.1167,1487.359,484.338,1087.359,114.302,34.734,-2.908,34.855,-0.456,-6.195,15,4.62,10.38,1.2884,0.0939,1.2116,287.41,339.91,0.1025,987.7,97.72,121.5,67.86,0.0516,2400,2318.2,-621.2,-1236.2,-15311.0,-1532.2,123.7,417.3,1119.9,0.0,0.0,-450.2,-6118.8,0,0
53.2167,1490.829,484.014,1090.829,114.626,34.689,-3.458,34.861,-0.44,-5.039,15,5.55,9.45,1.1945,0.0807,1.2116,287.41,339.91,0.1026,987.7,97.72,121.5,67.86,0.0516,2400,2318.2,-621.2,-1378.9,-14178.8,-1373.9,133.6,417.4,963.0,0.0,0.0,-434.6,-4976.8,0,0
53.3167,1494.296,483.642,1094.296,114.998,34.646,-3.906,34.866,-0.409,-4.1,15,6.32,8.68,1.1181,0.0707,1.2115,287.4,339.91,0.1026,987.7,97.71,121.5,67.86,0.0516,2400,2318.2,-621.2,-1468.0,-13256.6,-1253.7,138.8,417.5,843.9,0.0,0.0,-403.5,-4049.5,0,0
53.4167,1497.758,483.229,1097.758,115.411,34.608,-4.27,34.87,-0.371,-3.337,15,6.94,8.06,1.0558,0.0631,1.2115,287.4,339.91,0.1026,987.7,97.71,121.5,67.85,0.0516,2400,2318.2,-621.2,-1522.6,-12505.3,-1161.7,141.4,417.6,752.7,0.0,0.0,-366.0,-3295.6,0,0
53.5167,1501.217,482.784,1101.217,115.856,34.573,-4.566,34.873,-0.331,-2.715,15,7.45,7.55,1.0051,0.0572,1.2114,287.4,339.9,0.1026,987.7,97.7,121.5,67.85,0.0516,2400,2318.2,-621.2,-1555.0,-11892.8,-1090.6,142.6,417.7,682.2,0.0,0.0,-327.3,-2682.0,0,0
53.6167,1504.672,482.314,1104.672,116.326,34.547,-4.787,34.877,0.006,-0.989,14,7.86,6.14,0.8638,0.0422,1.2114,287.39,339.9,0.1026,987.7,97.7,121.5,67.85,0.0516,2400,2328.7,-580.6,-1410.1,-10211.2,-912.9,126.1,417.7,503.8,0.0,0.0,5.7,-976.5,0,0
53.7167,1508.131,481.848,1108.131,116.792,34.638,-4.47,34.925,1.453,5.958,8,7.52,0.48,0.298,0.005,1.2113,287.39,339.9,0.1028,987.7,97.69,121.5,67.84,0.0516,2400,2376.6,-334.0,-466.4,-3533.5,-474.6,62.7,418.6,60.1,0.0,0.0,1435.6,5884.5,0,0
53.8167,1511.603,481.432,1111.603,117.208,34.776,-3.942,34.998,1.335,4.825,8,6.6,1.4,0.3898,0.0086,1.2113,287.39,339.9,0.103,987.7,97.69,121.5,67.84,0.0516,2400,2376.6,-334.0,-538.2,-4649.8,-520.1,60.2,420.3,103.2,0.0,0.0,1318.4,4765.6,0,0
53.9167,1515.088,481.064,1115.088,117.576,34.904,-3.515,35.081,1.254,3.893,8,5.86,2.14,0.464,0.0122,1.2112,287.39,339.9,0.1032,987.7,97.68,121.5,67.84,0.0516,2400,2376.6,-334.0,-571.5,-5568.5,-566.3,58.1,422.3,147.0,0.0,0.0,1238.9,3844.8,0,0
54.0167,1518.586,480.733,1118.586,117.907,35.026,-3.172,35.17,1.199,3.126,8,5.26,2.74,0.5238,0.0155,1.2112,287.38,339.9,0.1035,987.7,97.68,121.5,67.83,0.0516,2400,2376.6,-334.0,-582.4,-6323.7,-610.0,56.2,424.4,188.2,0.0,0.0,1184.2,3087.6,0,0
54.1167,1522.095,480.432,1122.095,118.208,35.144,-2.897,35.263,1.16,2.496,8,4.78,3.22,0.5717,0.0185,1.2112,287.38,339.89,0.1037,987.7,97.67,121.5,67.83,0.0516,2400,2376.6,-334.0,-581.0,-6944.0,-649.8,54.4,426.6,225.4,0.0,0.0,1145.9,2465.4,0,0
54.2167,1525.614,480.144,1125.614,118.496,35.205,-2.981,35.331,0.024,-3.932,13,4.73,8.27,1.0766,0.0656,1.2111,287.38,339.89,0.1039,987.7,97.67,121.5,67.83,0.0516,2400,2338.5,-539.9,-1087.7,-13134.0,-1227.1,101.6,428.5,802.9,0.0,0.0,23.6,-3883.2,0,0
54.3167,1529.132,479.813,1129.132,118.827,35.157,-3.545,35.336,-0.514,-5.352,15,5.61,9.39,1.1888,0.08,1.2111,287.38,339.89,0.104,987.7,97.66,121.5,67.82,0.0516,2400,2318.2,-621.2,-1423.9,-14491.5,-1401.5,137.7,428.7,979.6,0.0,0.0,-507.2,-5286.0,0,0
54.4167,1532.645,479.43,1132.645,119.21,35.108,-4.019,35.337,-0.477,-4.339,15,6.41,8.59,1.1088,0.0696,1.211,287.38,339.89,0.104,987.7,97.66,121.5,67.82,0.0516,2400,2318.2,-621.2,-1516.8,-13496.5,-1272.9,143.1,428.7,852.1,0.0,0.0,-471.5,-4285.7,0,0
54.5167,1536.153,479.005,1136.153,119.635,35.063,-4.404,35.338,-0.434,-3.519,15,7.06,7.94,1.0437,0.0616,1.211,287.37,339.89,0.104,987.7,97.65,121.5,67.81,0.0516,2400,2318.2,-621.2,-1572.0,-12688.4,-1174.9,145.6,428.7,755.2,0.0,0.0,-428.7,-3475.1,0,0
54.6167,1539.657,478.546,1139.657,120.094,35.022,-4.715,35.338,-0.39,-2.853,15,7.59,7.41,0.9909,0.0556,1.2109,287.37,339.89,0.104,987.6,97.65,121.5,67.81,0.0516,2400,2318.2,-621.2,-1603.3,-12031.7,-1099.6,146.5,428.7,680.7,0.0,0.0,-384.8,-2817.5,0,0
54.7167,1543.157,478.059,1143.157,120.581,34.986,-4.968,35.337,-0.347,-2.312,15,8.02,6.98,0.9481,0.0509,1.2109,287.37,339.89,0.104,987.6,97.64,121.4,67.81,0.0516,2400,2318.2,-621.2,-1619.9,-11497.9,-1041.3,146.7,428.7,623.0,0.0,0.0,-343.0,-2283.6,0,0
54.8167,1546.654,477.55,1146.654,121.09,34.953,-5.173,35.334,-0.309,-1.873,15,8.37,6.63,0.9132,0.0472,1.2108,287.36,339.88,0.104,987.6,97.64,121.4,67.8,0.0516,2400,2318.2,-621.2,-1627.4,-11063.9,-995.8,146.5,428.6,577.9,0.0,0.0,-304.9,-1849.8,0,0
54.9167,1550.147,477.023,1150.147,121.617,34.924,-5.339,35.33,-0.275,-1.516,15,8.65,6.35,0.885,0.0443,1.2108,287.36,339.88,0.1039,987.6,97.63,121.4,67.8,0.0516,2400,2318.2,-621.2,-1629.4,-10710.8,-960.0,146.0,428.5,542.6,0.0,0.0,-271.2,-1497.2,0,0
55.0167,1553.639,476.482,1153.639,122.158,34.914,-5.412,35.331,0.364,1.228,13,8.84,4.16,0.6655,0.0251,1.2107,287.36,339.88,0.104,987.6,97.63,121.4,67.8,0.0516,2400,2338.5,-539.9,-1252.5,-8048.8,-726.4,113.0,428.4,306.8,0.0,0.0,359.6,1213.0,0,0
55.1167,1557.136,475.966,1157.136,122.674,35.036,-4.887,35.376,1.733,7.93,7,8.16,-1.16,0.134,0.001,1.2106,287.35,339.88,0.1041,987.6,97.62,121.4,67.79,0.0516,2400,2382.1,-292.5,-233.3,-1627.2,-437.3,62.7,429.3,12.5,0.0,0.0,1711.5,7831.6,0,0
55.2167,1560.649,475.52,1160.649,123.12,35.198,-4.185,35.446,1.55,6.425,7,6.96,0.04,0.2543,0.0037,1.2106,287.35,339.88,0.1043,987.6,97.62,121.4,67.79,0.0516,2400,2382.1,-292.5,-379.2,-3108.1,-472.5,57.6,430.9,45.1,0.0,0.0,1530.4,6345.5,0,0
55.3167,1564.178,475.135,1164.178,123.505,35.346,-3.616,35.53,1.43,5.19,7,5.98,1.02,0.3516,0.007,1.2105,287.35,339.87,0.1045,987.6,97.61,121.4,67.79,0.0516,2400,2382.1,-292.5,-453.3,-4324.8,-516.6,54.1,432.9,86.5,0.0,0.0,1412.2,5125.3,0,0
55.4167,1567.721,474.801,1167.721,123.839,35.484,-3.158,35.624,1.352,4.176,7,5.2,1.8,0.43,0.0105,1.2105,287.35,339.87,0.1048,987.6,97.61,121.4,67.78,0.0516,2400,2382.1,-292.5,-484.5,-5323.4,-562.9,51.2,435.1,130.1,0.0,0.0,1334.8,4123.8,0,0
55.5167,1571.277,474.508,1171.277,124.132,35.616,-2.79,35.725,1.3,3.344,7,4.57,2.43,0.4929,0.0137,1.2105,287.34,339.87,0.1051,987.6,97.6,121.4,67.78,0.0516,2400,2382.1,-292.5,-491.1,-6142.0,-607.5,48.6,437.6,171.9,0.0,0.0,1283.6,3302.4,0,0
55.6167,1574.846,474.246,1174.846,124.394,35.744,-2.497,35.831,1.265,2.662,7,4.07,2.93,0.5431,0.0167,1.2104,287.34,339.87,0.1054,987.6,97.6,121.4,67.77,0.0516,2400,2382.1,-292.5,-484.6,-6812.6,-648.4,46.1,440.1,209.9,0.0,0.0,1249.1,2629.3,0,0
55.7167,1578.427,474.011,1178.427,124.629,35.869,-2.264,35.94,1.241,2.104,7,3.67,3.33,0.5831,0.0192,1.2104,287.34,339.87,0.1057,987.6,97.59,121.4,67.77,0.0516,2400,2382.1,-292.5,-472.1,-7361.3,-684.8,43.9,442.8,243.4,0.0,0.0,1225.3,2078.4,0,0
55.8167,1582.021,473.795,1182.021,124.845,35.992,-2.081,36.052,1.223,1.648,7,3.35,3.65,0.6146,0.0214,1.2104,287.34,339.87,0.1061,987.6,97.59,121.4,67.77,0.0516,2400,2382.1,-292.5,-457.7,-7809.9,-716.4,42.0,445.5,272.1,0.0,0.0,1208.0,1627.8,0,0
55.9167,1585.628,473.596,1185.628,125.044,36.113,-1.938,36.165,1.21,1.276,7,3.11,3.89,0.6392,0.0231,1.2104,287.34,339.87,0.1064,987.6,97.58,121.4,67.76,0.0516,2400,2382.1,-292.5,-443.9,-8176.2,-743.4,40.4,448.3,296.2,0.0,0.0,1194.8,1259.9,0,0
56.0167,1589.246,473.409,1189.246,125.231,36.234,-1.829,36.28,1.199,0.972,7,2.92,4.08,0.6583,0.0245,1.2103,287.34,339.87,0.1067,987.6,97.58,121.4,67.76,0.0516,2400,2382.1,-292.5,-431.8,-8474.9,-766.3,39.0,451.2,316.1,0.0,0.0,1184.0,959.7,0,0
56.1167,1592.876,473.231,1192.876,125.409,36.353,-1.747,36.395,1.189,0.724,7,2.77,4.23,0.6729,0.0256,1.2103,287.34,339.87,0.1071,987.6,97.57,121.4,67.76,0.0516,2400,2382.1,-292.5,-422.0,-8718.3,-785.5,38.0,454.0,332.4,0.0,0.0,1174.6,715.2,0,0
56.2167,1596.519,473.06,1196.519,125.58,36.471,-1.686,36.51,1.181,0.523,7,2.66,4.34,0.6838,0.0265,1.2103,287.33,339.87,0.1074,987.6,97.56,121.3,67.75,0.0516,2400,2382.1,-292.5,-414.6,-8916.4,-801.4,37.3,456.9,345.4,0.0,0.0,1166.1,516.4,0,0
56.3167,1600.173,472.894,1200.173,125.746,36.589,-1.644,36.626,1.173,0.359,7,2.58,4.42,0.6917,0.0271,1.2103,287.33,339.87,0.1078,987.6,97.56,121.3,67.75,0.0516,2400,2382.1,-292.5,-409.5,-9077.4,-814.6,36.8,459.8,355.7,0.0,0.0,1158.0,354.9,0,0
56.4167,1603.838,472.731,1203.838,125.909,36.706,-1.616,36.741,1.165,0.227,7,2.53,4.47,0.6972,0.0275,1.2103,287.33,339.86,0.1081,987.6,97.55,121.3,67.75,0.0516,2400,2382.1,-292.5,-406.5,-9208.0,-825.5,36.4,462.7,363.6,0.0,0.0,1150.1,223.9,0,0
56.5167,1607.516,472.57,1207.516,126.07,36.822,-1.6,36.856,1.157,0.119,7,2.49,4.51,0.7008,0.0278,1.2102,287.33,339.86,0.1084,987.5,97.55,121.3,67.74,0.0516,2400,2382.1,-292.5,-405.3,-9313.7,-834.5,36.3,465.6,369.7,0.0,0.0,1142.3,118.0,0,0
56.6167,1611.205,472.411,1211.205,126.229,36.937,-1.593,36.971,1.149,0.033,7,2.47,4.53,0.7029,0.028,1.2102,287.33,339.86,0.1088,987.5,97.54,121.3,67.74,0.0516,2400,2382.1,-292.5,-405.7,-9399.3,-841.9,36.3,468.5,374.2,0.0,0.0,1134.5,32.4,0,0
56.7167,1614.905,472.252,1214.905,126.388,37.051,-1.594,37.086,1.141,-0.037,7,2.46,4.54,0.7037,0.028,1.2102,287.33,339.86,0.1091,987.5,97.54,121.3,67.74,0.0516,2400,2382.1,-292.5,-407.3,-9468.3,-848.0,36.5,471.4,377.4,0.0,0.0,1126.8,-36.5,0,0
56.8167,1618.617,472.092,1218.617,126.548,37.165,-1.601,37.2,1.133,-0.093,7,2.47,4.53,0.7035,0.028,1.2102,287.33,339.86,0.1095,987.5,97.53,121.3,67.73,0.0516,2400,2382.1,-292.5,-410.0,-9523.8,-853.0,36.7,474.3,379.5,0.0,0.0,1119.1,-91.9,0,0
56.9167,1622.34,471.931,1222.34,126.709,37.278,-1.613,37.313,1.125,-0.138,7,2.48,4.52,0.7025,0.0279,1.2102,287.33,339.86,0.1098,987.5,97.53,121.3,67.73,0.0516,2400,2382.1,-292.5,-413.6,-9568.4,-857.1,37.0,477.2,380.7,0.0,0.0,1111.4,-136.2,0,0
57.0167,1626.074,471.769,1226.074,126.871,37.39,-1.629,37.425,1.118,-0.174,7,2.49,4.51,0.7009,0.0278,1.2102,287.33,339.86,0.1101,987.5,97.52,121.3,67.72,0.0516,2400,2382.1,-292.5,-417.8,-9604.1,-860.5,37.4,480.1,381.3,0.0,0.0,1103.7,-171.5,0,0
57.1167,1629.82,471.605,1229.82,127.035,37.501,-1.648,37.538,1.11,-0.202,7,2.51,4.49,0.6988,0.0276,1.2101,287.32,339.86,0.1104,987.5,97.52,121.3,67.72,0.0516,2400,2382.1,-292.5,-422.6,-9632.5,-863.4,37.9,482.9,381.3,0.0,0.0,1096.1,-199.6,0,0
57.2167,1633.576,471.439,1233.576,127.201,37.612,-1.669,37.649,1.102,-0.225,7,2.54,4.46,0.6963,0.0274,1.2101,287.32,339.86,0.1108,987.5,97.51,121.3,67.72,0.0516,2400,2382.1,-292.5,-427.8,-9655.1,-865.8,38.4,485.8,380.8,0.0,0.0,1088.6,-221.7,0,0
57.3167,1637.344,471.271,1237.344,127.369,37.722,-1.693,37.76,1.095,-0.242,7,2.56,4.44,0.6935,0.0272,1.2101,287.32,339.86,0.1111,987.5,97.51,121.3,67.71,0.0516,2400,2382.1,-292.5,-433.3,-9672.9,-867.8,38.9,488.7,380.0,0.0,0.0,1081.0,-239.0,0,0
57.4167,1641.122,471.1,1241.122,127.54,37.831,-1.718,37.87,1.087,-0.256,7,2.59,4.41,0.6905,0.027,1.2101,287.32,339.86,0.1114,987.5,97.5,121.3,67.71,0.0516,2400,2382.1,-292.5,-439.0,-9686.8,-869.5,39.4,491.5,378.9,0.0,0.0,1073.6,-252.5,0,0
57.5167,1644.912,470.927,1244.912,127.713,37.939,-1.744,37.979,1.08,-0.266,7,2.63,4.37,0.6873,0.0267,1.2101,287.32,339.86,0.1117,987.5,97.5,121.3,67.71,0.0516,2400,2382.1,-292.5,-444.9,-9697.6,-871.0,40.0,494.3,377.6,0.0,0.0,1066.2,-262.8,0,0
57.6167,1648.712,470.751,1248.712,127.889,38.047,-1.771,38.088,1.072,-0.274,7,2.66,4.34,0.684,0.0265,1.21,287.32,339.86,0.1121,987.5,97.49,121.3,67.7,0.0516,2400,2382.1,-292.5,-450.9,-9705.9,-872.3,40.5,497.2,376.1,0.0,0.0,1058.9,-270.5,0,0
57.7167,1652.523,470.572,1252.523,128.068,38.153,-1.799,38.196,1.065,-0.28,7,2.69,4.31,0.6806,0.0262,1.21,287.32,339.86,0.1124,987.5,97.49,121.3,67.7,0.0516,2400,2382.1,-292.5,-457.0,-9712.1,-873.5,41.1,500.0,374.5,0.0,0.0,1051.6,-276.2,0,0
57.8167,1656.344,470.39,1256.344,128.25,38.259,-1.827,38.303,1.058,-0.284,7,2.73,4.27,0.6771,0.0259,1.21,287.32,339.86,0.1127,987.5,97.48,121.2,67.7,0.0516,2400,2382.1,-292.5,-463.1,-9716.7,-874.6,41.7,502.8,372.8,0.0,0.0,1044.5,-280.3,0,0
57.9167,1660.177,470.206,1260.177,128.434,38.365,-1.856,38.41,1.051,-0.287,7,2.76,4.24,0.6736,0.0257,1.21,287.32,339.86,0.113,987.5,97.48,121.2,67.69,0.0516,2400,2382.1,-292.5,-469.2,-9720.0,-875.5,42.3,505.6,371.0,0.0,0.0,1037.4,-283.0,0,0
58.0167,1664.019,470.019,1264.019,128.621,38.469,-1.885,38.516,1.043,-0.288,7,2.8,4.2,0.6701,0.0254,1.2099,287.31,339.85,0.1133,987.5,97.47,121.2,67.69,0.0516,2400,2382.1,-292.5,-475.3,-9722.2,-876.5,42.8,508.4,369.1,0.0,0.0,1030.4,-284.7,0,0
58.1167,1667.872,469.829,1267.872,128.811,38.573,-1.913,38.621,1.036,-0.289,7,2.83,4.17,0.6666,0.0251,1.2099,287.31,339.85,0.1136,987.5,97.47,121.2,67.69,0.0516,2400,2382.1,-292.5,-481.3,-9723.5,-877.3,43.4,511.2,367.2,0.0,0.0,1023.4,-285.5,0,0
58.2167,1671.735,469.636,1271.735,129.004,38.677,-1.942,38.725,1.029,-0.289,7,2.87,4.13,0.6631,0.0249,1.2099,287.31,339.85,0.1139,987.5,97.46,121.2,67.68,0.0516,2400,2382.1,-292.5,-487.4,-9724.2,-878.2,44.0,513.9,365.3,0.0,0.0,1016.6,-285.7,0,0
58.3167,1675.609,469.44,1275.609,129.2,38.779,-1.971,38.829,1.023,-0.289,7,2.9,4.1,0.6596,0.0246,1.2099,287.31,339.85,0.1143,987.5,97.46,121.2,67.68,0.0516,2400,2382.1,-292.5,-493.3,-9724.4,-879.0,44.6,516.7,363.4,0.0,0.0,1009.8,-285.3,0,0
58.4167,1679.493,469.241,1279.493,129.399,38.881,-2.0,38.932,1.016,-0.288,7,2.94,4.06,0.6561,0.0244,1.2099,287.31,339.85,0.1146,987.5,97.45,121.2,67.67,0.0516,2400,2382.1,-292.5,-499.3,-9724.1,-879.8,45.2,519.4,361.5,0.0,0.0,1003.1,-284.5,0,0
58.5167,1683.387,469.039,1283.387,129.601,38.982,-2.029,39.035,1.009,-0.287,7,2.97,4.03,0.6526,0.0241,1.2098,287.31,339.85,0.1149,987.4,97.45,121.2,67.67,0.0516,2400,2382.1,-292.5,-505.1,-9723.5,-880.6,45.7,522.2,359.6,0.0,0.0,996.4,-283.4,0,0
58.6167,1687.291,468.835,1287.291,129.805,39.083,-2.058,39.137,1.002,-0.286,7,3.01,3.99,0.6492,0.0239,1.2098,287.31,339.85,0.1152,987.4,97.44,121.2,67.67,0.0516,2400,2382.1,-292.5,-510.9,-9722.6,-881.3,46.3,524.9,357.7,0.0,0.0,989.9,-282.0,0,0
58.7167,1691.205,468.627,1291.205,130.013,39.183,-2.086,39.238,0.996,-0.284,7,3.04,3.96,0.6458,0.0236,1.2098,287.31,339.85,0.1155,987.4,97.44,121.2,67.66,0.0516,2400,2382.1,-292.5,-516.6,-9721.5,-882.1,46.9,527.6,355.8,0.0,0.0,983.4,-280.4,0,0
58.8167,1695.129,468.417,1295.129,130.223,39.282,-2.114,39.339,0.989,-0.282,7,3.08,3.92,0.6425,0.0234,1.2098,287.3,339.85,0.1158,987.4,97.43,121.2,67.66,0.0516,2400,2382.1,-292.5,-522.2,-9720.3,-882.9,47.4,530.3,353.9,0.0,0.0,976.9,-278.6,0,0
58.9167,1699.063,468.204,1299.063,130.436,39.38,-2.142,39.439,0.983,-0.28,7,3.11,3.89,0.6392,0.0231,1.2097,287.3,339.85,0.116,987.4,97.43,121.2,67.66,0.0516,2400,2382.1,-292.5,-527.8,-9718.9,-883.7,48.0,533.0,352.0,0.0,0.0,970.6,-276.7,0,0
59.0167,1703.007,467.988,1303.007,130.652,39.478,-2.17,39.538,0.977,-0.278,7,3.14,3.86,0.6359,0.0229,1.2097,287.3,339.85,0.1163,987.4,97.42,121.2,67.65,0.0516,2400,2382.1,-292.5,-533.3,-9717.4,-884.5,48.5,535.7,350.2,0.0,0.0,964.3,-274.8,0,0
59.1167,1706.96,467.769,1306.96,130.871,39.576,-2.198,39.637,0.97,-0.276,7,3.17,3.83,0.6326,0.0226,1.2097,287.3,339.85,0.1166,987.4,97.42,121.2,67.65,0.0516,2400,2382.1,-292.5,-538.7,-9715.9,-885.3,49.1,538.3,348.4,0.0,0.0,958.1,-272.7,0,0
59.2167,1710.924,467.548,1310.924,131.092,39.672,-2.226,39.735,0.964,-0.274,7,3.21,3.79,0.6295,0.0224,1.2097,287.3,339.84,0.1169,987.4,97.41,121.2,67.65,0.0516,2400,2382.1,-292.5,-544.0,-9714.3,-886.2,49.6,541.0,346.6,0.0,0.0,951.9,-270.6,0,0
59.3167,1714.896,467.324,1314.896,131.316,39.768,-2.253,39.832,0.958,-0.272,7,3.24,3.76,0.6263,0.0222,1.2096,287.3,339.84,0.1172,987.4,97.4,121.2,67.64,0.0516,2400,2382.1,-292.5,-549.3,-9712.7,-887.0,50.2,543.6,344.8,0.0,0.0,945.8,-268.5,0,0
59.4167,1718.879,467.097,1318.879,131.543,39.864,-2.28,39.929,0.952,-0.27,7,3.27,3.73,0.6232,0.022,1.2096,287.3,339.84,0.1175,987.4,97.4,121.1,67.64,0.0516,2400,2382.1,-292.5,-554.5,-9711.0,-887.9,50.7,546.3,343.0,0.0,0.0,939.7,-266.4,0,0
59.5167,1722.871,466.867,1322.871,131.773,39.958,-2.307,40.025,0.946,-0.268,7,3.3,3.7,0.6201,0.0218,1.2096,287.29,339.84,0.1178,987.4,97.39,121.1,67.64,0.0516,2400,2382.1,-292.5,-559.6,-9709.4,-888.7,51.2,548.9,341.3,0.0,0.0,933.8,-264.3,0,0
59.6167,1726.872,466.635,1326.872,132.005,40.053,-2.333,40.121,0.94,-0.265,7,3.33,3.67,0.6171,0.0215,1.2096,287.29,339.84,0.1181,987.4,97.39,121.1,67.63,0.0516,2400,2382.1,-292.5,-564.7,-9707.7,-889.6,51.7,551.5,339.6,0.0,0.0,927.8,-262.1,0,0
59.7167,1730.883,466.4,1330.883,132.24,40.146,-2.36,40.216,0.934,-0.263,7,3.36,3.64,0.6141,0.0213,1.2095,287.29,339.84,0.1183,987.4,97.38,121.1,67.63,0.0516,2400,2382.1,-292.5,-569.7,-9706.0,-890.5,52.3,554.1,337.9,0.0,0.0,922.0,-260.0,0,0
59.8167,1734.903,466.163,1334.903,132.477,40.239,-2.386,40.31,0.928,-0.261,7,3.39,3.61,0.6112,0.0211,1.2095,287.29,339.84,0.1186,987.4,97.38,121.1,67.62,0.0516,2400,2382.1,-292.5,-574.6,-9704.4,-891.4,52.8,556.7,336.2,0.0,0.0,916.1,-257.9,0,0
59.9167,1738.932,465.923,1338.932,132.717,40.332,-2.412,40.404,0.922,-0.259,7,3.42,3.58,0.6082,0.0209,1.2095,287.29,339.84,0.1189,987.4,97.37,121.1,67.62,0.0516,2400,2382.1,-292.5,-579.4,-9702.7,-892.3,53.3,559.3,334.6,0.0,0.0,910.4,-255.8,0,0
60.0167,1742.971,465.68,1342.971,132.96,40.424,-2.438,40.497,0.916,-0.257,7,3.45,3.55,0.6054,0.0207,1.2094,287.29,339.84,0.1192,987.4,97.37,121.1,67.62,0.0516,2400,2382.1,-292.5,-584.2,-9701.1,-893.2,53.8,561.9,332.9,0.0,0.0,904.7,-253.7,0,0
60.1167,1747.018,465.435,1347.018,133.205,40.515,-2.463,40.59,0.911,-0.255,7,3.47,3.53,0.6025,0.0205,1.2094,287.28,339.84,0.1194,987.4,97.36,121.1,67.61,0.0516,2400,2382.1,-292.5,-588.9,-9699.5,-894.1,54.3,564.5,331.3,0.0,0.0,899.0,-251.6,0,0
60.2167,1751.075,465.187,1351.075,133.453,40.606,-2.489,40.682,0.905,-0.253,7,3.5,3.5,0.5997,0.0204,1.2094,287.28,339.84,0.1197,987.4,97.36,121.1,67.61,0.0516,2400,2382.1,-292.5,-593.6,-9697.9,-895.1,54.8,567.0,329.7,0.0,0.0,893.4,-249.6,0,0
60.3167,1755.141,464.936,1355.141,133.704,40.696,-2.514,40.773,0.899,-0.251,7,3.53,3.47,0.597,0.0202,1.2094,287.28,339.83,0.12,987.4,97.35,121.1,67.61,0.0516,2400,2382.1,-292.5,-598.2,-9696.3,-896.0,55.3,569.6,328.2,0.0,0.0,887.9,-247.5,0,0
60.4167,1759.216,464.684,1359.216,133.956,40.785,-2.539,40.864,0.894,-0.249,7,3.56,3.44,0.5943,0.02,1.2093,287.28,339.83,0.1202,987.3,97.35,121.1,67.6,0.0516,2400,2382.1,-292.5,-602.7,-9694.7,-897.0,55.8,572.1,326.6,0.0,0.0,882.4,-245.5,0,0
60.5167,1763.3,464.428,1363.3,134.212,40.874,-2.564,40.955,0.888,-0.247,7,3.58,3.42,0.5916,0.0198,1.2093,287.28,339.83,0.1205,987.3,97.34,121.1,67.6,0.0516,2400,2382.1,-292.5,-607.2,-9693.1,-898.0,56.2,574.6,325.1,0.0,0.0,877.0,-243.5,0,0
60.6167,1767.392,464.17,1367.392,134.47,40.963,-2.588,41.045,0.883,-0.245,7,3.61,3.39,0.5889,0.0196,1.2093,287.28,339.83,0.1208,987.3,97.34,121.1,67.6,0.0516,2400,2382.1,-292.5,-611.6,-9691.6,-899.0,56.7,577.1,323.6,0.0,0.0,871.6,-241.6,0,0
60.7167,1771.494,463.91,1371.494,134.73,41.051,-2.612,41.134,0.877,-0.243,7,3.64,3.36,0.5863,0.0195,1.2092,287.27,339.83,0.121,987.3,97.33,121.1,67.59,0.0516,2400,2382.1,-292.5,-615.9,-9690.1,-900.0,57.2,579.6,322.1,0.0,0.0,866.2,-239.6,0,0
60.8167,1775.604,463.648,1375.604,134.992,41.138,-2.637,41.223,0.872,-0.241,7,3.66,3.34,0.5837,0.0193,1.2092,287.27,339.83,0.1213,987.3,97.33,121.1,67.59,0.0516,2400,2382.1,-292.5,-620.2,-9688.6,-901.0,57.7,582.1,320.7,0.0,0.0,860.9,-237.7,0,0
60.9167,1779.723,463.383,1379.723,135.257,41.225,-2.661,41.311,0.867,-0.239,7,3.69,3.31,0.5812,0.0191,1.2092,287.27,339.83,0.1216,987.3,97.32,121.0,67.58,0.0516,2400,2382.1,-292.5,-624.5,-9687.1,-902.0,58.1,584.6,319.2,0.0,0.0,855.7,-235.8,0,0
61.0167,1783.85,463.115,1383.85,135.525,41.312,-2.684,41.399,0.861,-0.237,7,3.71,3.29,0.5786,0.0189,1.2091,287.27,339.83,0.1218,987.3,97.32,121.0,67.58,0.0516,2400,2382.1,-292.5,-628.6,-9685.7,-903.0,58.6,587.1,317.8,0.0,0.0,850.5,-234.0,0,0
61.1167,1787.986,462.845,1387.986,135.795,41.397,-2.708,41.486,0.856,-0.235,7,3.74,3.26,0.5762,0.0188,1.2091,287.27,339.83,0.1221,987.3,97.31,121.0,67.58,0.0516,2400,2382.1,-292.5,-632.8,-9684.2,-904.0,59.1,589.5,316.4,0.0,0.0,845.3,-232.1,0,0
61.2167,1792.131,462.573,1392.131,136.067,41.483,-2.731,41.573,0.851,-0.233,7,3.76,3.24,0.5737,0.0186,1.2091,287.27,339.83,0.1223,987.3,97.31,121.0,67.57,0.0516,2400,2382.1,-292.5,-636.9,-9682.8,-905.1,59.5,592.0,315.0,0.0,0.0,840.2,-230.3,0,0
61.3167,1796.284,462.299,1396.284,136.341,41.568,-2.755,41.659,0.846,-0.231,7,3.79,3.21,0.5713,0.0185,1.2091,287.26,339.82,0.1226,987.3,97.3,121.0,67.57,0.0516,2400,2382.1,-292.5,-640.9,-9681.4,-906.1,60.0,594.4,313.7,0.0,0.0,835.1,-228.5,0,0
61.4167,1800.446,462.022,1400.446,136.618,41.652,-2.778,41.744,0.841,-0.23,7,3.81,3.19,0.5689,0.0183,1.209,287.26,339.82,0.1228,987.3,97.3,121.0,67.57,0.0516,2400,2382.1,-292.5,-644.8,-9680.0,-907.2,60.4,596.9,312.3,0.0,0.0,830.1,-226.7,0,0
61.5167,1804.616,461.743,1404.616,136.897,41.736,-2.8,41.829,0.836,-0.228,7,3.83,3.17,0.5665,0.0182,1.209,287.26,339.82,0.1231,987.3,97.29,121.0,67.56,0.0516,2400,2382.1,-292.5,-648.8,-9678.6,-908.2,60.9,599.3,311.0,0.0,0.0,825.1,-224.9,0,0
61.6167,1808.795,461.461,1408.795,137.179,41.819,-2.823,41.914,0.831,-0.226,7,3.86,3.14,0.5642,0.018,1.209,287.26,339.82,0.1233,987.3,97.29,121.0,67.56,0.0516,2400,2382.1,-292.5,-652.6,-9677.3,-909.3,61.3,601.7,309.7,0.0,0.0,820.2,-223.2,0,0
61.7167,1812.981,461.178,1412.981,137.462,41.902,-2.846,41.998,0.826,-0.224,7,3.88,3.12,0.5619,0.0179,1.2089,287.26,339.82,0.1236,987.3,97.28,121.0,67.56,0.0516,2400,2382.1,-292.5,-656.5,-9676.0,-910.4,61.8,604.1,308.4,0.0,0.0,815.3,-221.5,0,0
61.8167,1817.176,460.892,1417.176,137.748,41.984,-2.868,42.082,0.821,-0.223,7,3.9,3.1,0.5596,0.0177,1.2089,287.25,339.82,0.1238,987.3,97.28,121.0,67.55,0.0516,2400,2382.1,-292.5,-660.2,-9674.7,-911.5,62.2,606.5,307.1,0.0,0.0,810.4,-219.8,0,0
61.9167,1821.379,460.604,1421.379,138.036,42.066,-2.89,42.165,0.816,-0.221,7,3.93,3.07,0.5573,0.0176,1.2089,287.25,339.82,0.1241,987.3,97.27,121.0,67.55,0.0516,2400,2382.1,-292.5,-664.0,-9673.4,-912.6,62.6,608.9,305.8,0.0,0.0,805.6,-218.1,0,0
62.0167,1825.591,460.314,1425.591,138.326,42.147,-2.912,42.248,0.811,-0.219,7,3.95,3.05,0.5551,0.0174,1.2088,287.25,339.82,0.1243,987.3,97.27,121.0,67.55,0.0516,2400,2382.1,-292.5,-667.7,-9672.1,-913.7,63.1,611.3,304.6,0.0,0.0,800.8,-216.4,0,0
62.1167,1829.81,460.021,1429.81,138.619,42.228,-2.934,42.33,0.806,-0.218,7,3.97,3.03,0.5529,0.0173,1.2088,287.25,339.82,0.1246,987.3,97.26,121.0,67.54,0.0516,2400,2382.1,-292.5,-671.3,-9670.8,-914.8,63.5,613.6,303.3,0.0,0.0,796.1,-214.8,0,0
62.2167,1834.038,459.726,1434.038,138.914,42.308,-2.956,42.411,0.802,-0.216,7,3.99,3.01,0.5507,0.0172,1.2088,287.25,339.81,0.1248,987.3,97.26,121.0,67.54,0.0516,2400,2382.1,-292.5,-674.9,-9669.6,-915.9,63.9,616.0,302.1,0.0,0.0,791.4,-213.2,0,0
62.3167,1838.273,459.43,1438.273,139.21,42.388,-2.977,42.493,0.797,-0.214,7,4.01,2.99,0.5486,0.017,1.2087,287.25,339.81,0.125,987.3,97.25,121.0,67.53,0.0516,2400,2382.1,-292.5,-678.4,-9668.3,-917.0,64.3,618.3,300.9,0.0,0.0,786.7,-211.6,0,0
62.4167,1842.517,459.131,1442.517,139.509,42.468,-2.998,42.573,0.792,-0.213,7,4.04,2.96,0.5465,0.0169,1.2087,287.24,339.81,0.1253,987.2,97.24,121.0,67.53,0.0516,2400,2382.1,-292.5,-682.0,-9667.1,-918.1,64.8,620.7,299.7,0.0,0.0,782.1,-210.0,0,0
62.5167,1846.768,458.83,1446.768,139.81,42.547,-3.02,42.654,0.788,-0.211,7,4.06,2.94,0.5444,0.0168,1.2086,287.24,339.81,0.1255,987.2,97.24,120.9,67.53,0.0516,2400,2382.1,-292.5,-685.4,-9665.9,-919.2,65.2,623.0,298.5,0.0,0.0,777.5,-208.4,0,0
62.6167,1851.027,458.526,1451.027,140.114,42.625,-3.041,42.733,0.783,-0.21,7,4.08,2.92,0.5423,0.0166,1.2086,287.24,339.81,0.1258,987.2,97.23,120.9,67.52,0.0516,2400,2382.1,-292.5,-688.8,-9664.7,-920.3,65.6,625.3,297.4,0.0,0.0,772.9,-206.9,0,0
62.7167,1855.294,458.221,1455.294,140.419,42.703,-3.061,42.813,0.778,-0.208,7,4.1,2.9,0.5403,0.0165,1.2086,287.24,339.81,0.126,987.2,97.23,120.9,67.52,0.0516,2400,2382.1,-292.5,-692.2,-9663.6,-921.5,66.0,627.6,296.2,0.0,0.0,768.4,-205.3,0,0
62.8167,1859.569,457.914,1459.569,140.726,42.781,-3.082,42.891,0.774,-0.206,7,4.12,2.88,0.5383,0.0164,1.2085,287.24,339.81,0.1262,987.2,97.22,120.9,67.52,0.0516,2400,2382.1,-292.5,-695.6,-9662.4,-922.6,66.4,629.9,295.1,0.0,0.0,763.9,-203.8,0,0
62.9167,1863.852,457.604,1463.852,141.036,42.858,-3.103,42.97,0.769,-0.205,7,4.14,2.86,0.5363,0.0163,1.2085,287.23,339.81,0.1265,987.2,97.22,120.9,67.51,0.0516,2400,2382.1,-292.5,-698.9,-9661.3,-923.7,66.8,632.2,293.9,0.0,0.0,759.5,-202.3,0,0
63.0167,1868.142,457.293,1468.142,141.347,42.934,-3.123,43.048,0.765,-0.203,7,4.16,2.84,0.5343,0.0162,1.2085,287.23,339.81,0.1267,987.2,97.21,120.9,67.51,0.0516,2400,2382.1,-292.5,-702.1,-9660.1,-924.9,67.2,634.5,292.8,0.0,0.0,755.1,-200.8,0,0
63.1167,1872.44,456.979,1472.44,141.661,43.011,-3.143,43.125,0.76,-0.202,7,4.18,2.82,0.5323,0.016,1.2084,287.23,339.8,0.1269,987.2,97.21,120.9,67.51,0.0516,2400,2382.1,-292.5,-705.4,-9659.0,-926.0,67.6,636.8,291.7,0.0,0.0,750.7,-199.4,0,0
63.2167,1876.745,456.664,1476.745,141.976,43.086,-3.164,43.202,0.756,-0.2,7,4.2,2.8,0.5304,0.0159,1.2084,287.23,339.8,0.1271,987.2,97.2,120.9,67.5,0.0516,2400,2382.1,-292.5,-708.6,-9657.9,-927.2,68.0,639.0,290.7,0.0,0.0,746.4,-197.9,0,0
63.3167,1881.058,456.346,1481.058,142.294,43.162,-3.183,43.279,0.752,-0.199,7,4.22,2.78,0.5285,0.0158,1.2084,287.23,339.8,0.1274,987.2,97.2,120.9,67.5,0.0516,2400,2382.1,-292.5,-711.7,-9656.8,-928.3,68.4,641.3,289.6,0.0,0.0,742.0,-196.5,0,0
63.4167,1885.379,456.027,1485.379,142.613,43.237,-3.203,43.355,0.747,-0.198,7,4.23,2.77,0.5266,0.0157,1.2083,287.22,339.8,0.1276,987.2,97.19,120.9,67.5,0.0516,2400,2382.1,-292.5,-714.8,-9655.8,-929.5,68.8,643.5,288.5,0.0,0.0,737.8,-195.1,0,0
63.5167,1889.707,455.705,1489.707,142.935,43.311,-3.223,43.431,0.743,-0.196,7,4.25,2.75,0.5247,0.0156,1.2083,287.22,339.8,0.1278,987.2,97.19,120.9,67.49,0.0516,2400,2382.1,-292.5,-717.9,-9654.7,-930.7,69.2,645.8,287.5,0.0,0.0,733.5,-193.7,0,0
63.6167,1894.042,455.382,1494.042,143.258,43.385,-3.243,43.506,0.739,-0.195,7,4.27,2.73,0.5229,0.0155,1.2082,287.22,339.8,0.128,987.2,97.18,120.9,67.49,0.0516,2400,2382.1,-292.5,-721.0,-9653.6,-931.8,69.6,648.0,286.4,0.0,0.0,729.3,-192.3,0,0
63.7167,1898.385,455.056,1498.385,143.584,43.459,-3.262,43.581,0.735,-0.193,7,4.29,2.71,0.5211,0.0154,1.2082,287.22,339.8,0.1283,987.2,97.18,120.9,67.48,0.0516,2400,2382.1,-292.5,-724.0,-9652.6,-933.0,70.0,650.2,285.4,0.0,0.0,725.1,-190.9,0,0
63.8167,1902.735,454.729,1502.735,143.911,43.532,-3.281,43.656,0.73,-0.192,7,4.31,2.69,0.5193,0.0153,1.2082,287.21,339.8,0.1285,987.2,97.17,120.9,67.48,0.0516,2400,2382.1,-292.5,-727.0,-9651.6,-934.2,70.4,652.4,284.4,0.0,0.0,721.0,-189.5,0,0
63.9167,1907.093,454.4,1507.093,144.24,43.605,-3.3,43.73,0.726,-0.191,7,4.33,2.67,0.5175,0.0152,1.2081,287.21,339.79,0.1287,987.2,97.17,120.9,67.48,0.0516,2400,2382.1,-292.5,-729.9,-9650.6,-935.3,70.7,654.6,283.4,0.0,0.0,716.9,-188.2,0,0
64.0167,1911.457,454.069,1511.457,144.571,43.677,-3.319,43.803,0.722,-0.189,7,4.34,2.66,0.5157,0.015,1.2081,287.21,339.79,0.1289,987.2,97.16,120.8,67.47,0.0516,2400,2382.1,-292.5,-732.8,-9649.6,-936.5,71.1,656.8,282.4,0.0,0.0,712.8,-186.9,0,0
64.1167,1915.829,453.736,1515.829,144.904,43.749,-3.338,43.876,0.718,-0.188,7,4.36,2.64,0.514,0.0149,1.2081,287.21,339.79,0.1291,987.2,97.16,120.8,67.47,0.0516,2400,2382.1,-292.5,-735.7,-9648.6,-937.7,71.5,659.0,281.4,0.0,0.0,708.7,-185.5,0,0
64.2167,1920.208,453.401,1520.208,145.239,43.821,-3.357,43.949,0.714,-0.187,7,4.38,2.62,0.5122,0.0148,1.208,287.21,339.79,0.1293,987.2,97.15,120.8,67.47,0.0516,2400,2382.1,-292.5,-738.6,-9647.6,-938.9,71.9,661.1,280.5,0.0,0.0,704.7,-184.2,0,0
64.3167,1924.595,453.064,1524.595,145.576,43.892,-3.375,44.021,0.71,-0.185,7,4.39,2.61,0.5105,0.0147,1.208,287.2,339.79,0.1296,987.1,97.15,120.8,67.46,0.0516,2400,2382.1,-292.5,-741.4,-9646.6,-940.0,72.2,663.3,279.5,0.0,0.0,700.7,-182.9,0,0
64.4167,1928.988,452.725,1528.988,145.915,43.963,-3.394,44.093,0.706,-0.184,7,4.41,2.59,0.5088,0.0147,1.2079,287.2,339.79,0.1298,987.1,97.14,120.8,67.46,0.0516,2400,2382.1,-292.5,-744.2,-9645.7,-941.2,72.6,665.4,278.6,0.0,0.0,696.7,-181.7,0,0
64.5167,1933.388,452.385,1533.388,146.255,44.033,-3.412,44.165,0.702,-0.183,7,4.43,2.57,0.5072,0.0146,1.2079,287.2,339.79,0.13,987.1,97.14,120.8,67.46,0.0516,2400,2382.1,-292.5,-746.9,-9644.7,-942.4,73.0,667.6,277.6,0.0,0.0,692.8,-180.4,0,0
64.6167,1937.796,452.043,1537.796,146.597,44.103,-3.43,44.236,0.698,-0.181,7,4.44,2.56,0.5055,0.0145,1.2079,287.2,339.79,0.1302,987.1,97.13,120.8,67.45,0.0516,2400,2382.1,-292.5,-749.6,-9643.8,-943.6,73.3,669.7,276.7,0.0,0.0,688.9,-179.1,0,0
64.7167,1942.21,451.699,1542.21,146.941,44.172,-3.448,44.307,0.694,-0.18,7,4.46,2.54,0.5039,0.0144,1.2078,287.2,339.78,0.1304,987.1,97.13,120.8,67.45,0.0516,2400,2382.1,-292.5,-752.3,-9642.8,-944.8,73.7,671.8,275.8,0.0,0.0,685.0,-177.9,0,0
64.8167,1946.631,451.353,1546.631,147.287,44.242,-3.466,44.377,0.69,-0.179,7,4.48,2.52,0.5023,0.0143,1.2078,287.19,339.78,0.1306,987.1,97.12,120.8,67.45,0.0516,2400,2382.1,-292.5,-755.0,-9641.9,-945.9,74.1,674.0,274.9,0.0,0.0,681.2,-176.7,0,0
64.9167,1951.06,451.005,1551.06,147.635,44.31,-3.484,44.447,0.686,-0.178,7,4.49,2.51,0.5007,0.0142,1.2077,287.19,339.78,0.1308,987.1,97.12,120.8,67.44,0.0516,2400,2382.1,-292.5,-757.7,-9641.0,-947.1,74.4,676.1,274.0,0.0,0.0,677.3,-175.5,0,0
65.0167,1955.495,450.656,1555.495,147.984,44.379,-3.502,44.517,0.682,-0.177,7,4.51,2.49,0.4991,0.0141,1.2077,287.19,339.78,0.131,987.1,97.11,120.8,67.44,0.0516,2400,2382.1,-292.5,-760.3,-9640.1,-948.3,74.8,678.2,273.1,0.0,0.0,673.5,-174.3,0,0
65.1167,1959.936,450.304,1559.936,148.336,44.447,-3.52,44.586,0.679,-0.175,7,4.52,2.48,0.4975,0.014,1.2077,287.19,339.78,0.1312,987.1,97.11,120.8,67.43,0.0516,2400,2382.1,-292.5,-762.8,-9639.2,-949.5,75.1,680.2,272.2,0.0,0.0,669.8,-173.1,0,0
65.2167,1964.385,449.951,1564.385,148.689,44.514,-3.537,44.655,0.675,-0.174,7,4.54,2.46,0.496,0.0139,1.2076,287.18,339.78,0.1314,987.1,97.1,120.8,67.43,0.0516,2400,2382.1,-292.5,-765.4,-9638.3,-950.7,75.5,682.3,271.4,0.0,0.0,666.0,-171.9,0,0
65.3167,1968.84,449.597,1568.84,149.043,44.582,-3.554,44.723,0.671,-0.173,7,4.56,2.44,0.4944,0.0138,1.2076,287.18,339.78,0.1316,987.1,97.1,120.8,67.43,0.0516,2400,2382.1,-292.5,-767.9,-9637.5,-951.9,75.8,684.4,270.5,0.0,0.0,662.3,-170.7,0,0
65.4167,1973.303,449.24,1573.303,149.4,44.649,-3.572,44.791,0.667,-0.172,7,4.57,2.43,0.4929,0.0137,1.2075,287.18,339.77,0.1318,987.1,97.09,120.8,67.42,0.0516,2400,2382.1,-292.5,-770.4,-9636.6,-953.1,76.2,686.5,269.6,0.0,0.0,658.6,-169.6,0,0
65.5167,1977.771,448.882,1577.771,149.758,44.715,-3.589,44.859,0.664,-0.171,7,4.59,2.41,0.4914,0.0137,1.2075,287.18,339.77,0.132,987.1,97.08,120.8,67.42,0.0516,2400,2382.1,-292.5,-772.9,-9635.8,-954.3,76.5,688.5,268.8,0.0,0.0,654.9,-168.4,0,0
65.6167,1982.247,448.522,1582.247,150.118,44.781,-3.606,44.926,0.66,-0.169,7,4.6,2.4,0.4899,0.0136,1.2074,287.17,339.77,0.1322,987.1,97.08,120.7,67.42,0.0516,2400,2382.1,-292.5,-775.4,-9634.9,-955.4,76.9,690.6,268.0,0.0,0.0,651.3,-167.3,0,0
65.7167,1986.729,448.161,1586.729,150.479,44.847,-3.623,44.993,0.656,-0.168,7,4.62,2.38,0.4884,0.0135,1.2074,287.17,339.77,0.1324,987.1,97.07,120.7,67.41,0.0516,2400,2382.1,-292.5,-777.8,-9634.1,-956.6,77.2,692.6,267.2,0.0,0.0,647.7,-166.1,0,0
65.8167,1991.217,447.797,1591.217,150.843,44.912,-3.639,45.06,0.653,-0.167,7,4.63,2.37,0.487,0.0134,1.2074,287.17,339.77,0.1326,987.1,97.07,120.7,67.41,0.0516,2400,2382.1,-292.5,-780.2,-9633.3,-957.8,77.6,694.6,266.3,0.0,0.0,644.1,-165.0,0,0
65.9167,1995.712,447.433,1595.712,151.207,44.977,-3.656,45.126,0.649,-0.166,7,4.64,2.36,0.4855,0.0133,1.2073,287.17,339.77,0.1328,987.1,97.06,120.7,67.41,0.0516,2400,2382.1,-292.5,-782.6,-9632.5,-959.0,77.9,696.6,265.5,0.0,0.0,640.5,-163.9,0,0
66.0167,2000.214,447.066,1600.214,151.574,45.042,-3.673,45.192,0.645,-0.165,7,4.66,2.34,0.4841,0.0133,1.2073,287.17,339.77,0.133,987.1,97.06,120.7,67.4,0.0516,2400,2382.1,-292.5,-784.9,-9631.6,-960.2,78.3,698.7,264.7,0.0,0.0,637.0,-162.8,0,0
66.1167,2004.722,446.698,1604.722,151.942,45.106,-3.689,45.257,0.642,-0.164,7,4.67,2.33,0.4827,0.0132,1.2072,287.16,339.76,0.1332,987.1,97.05,120.7,67.4,0.0516,2400,2382.1,-292.5,-787.2,-9630.8,-961.4,78.6,700.7,263.9,0.0,0.0,633.5,-161.7,0,0
66.2167,2009.236,446.328,1609.236,152.312,45.17,-3.705,45.322,0.638,-0.163,7,4.69,2.31,0.4813,0.0131,1.2072,287.16,339.76,0.1334,987.0,97.05,120.7,67.4,0.0516,2400,2382.1,-292.5,-789.5,-9630.1,-962.6,78.9,702.7,263.2,0.0,0.0,630.0,-160.7,0,0
66.3167,2013.757,445.956,1613.757,152.684,45.234,-3.721,45.387,0.635,-0.162,7,4.7,2.3,0.4799,0.013,1.2072,287.16,339.76,0.1336,987.0,97.04,120.7,67.39,0.0516,2400,2382.1,-292.5,-791.8,-9629.3,-963.8,79.3,704.6,262.4,0.0,0.0,626.5,-159.6,0,0
66.4167,2018.284,445.583,1618.284,153.057,45.297,-3.738,45.451,0.631,-0.161,7,4.71,2.29,0.4785,0.013,1.2071,287.16,339.76,0.1338,987.0,97.04,120.7,67.39,0.0516,2400,2382.1,-292.5,-794.1,-9628.5,-965.0,79.6,706.6,261.6,0.0,0.0,623.1,-158.6,0,0
66.5167,2022.817,445.209,1622.817,153.431,45.36,-3.754,45.515,0.628,-0.16,7,4.73,2.27,0.4772,0.0129,1.2071,287.15,339.76,0.134,987.0,97.03,120.7,67.38,0.0516,2400,2382.1,-292.5,-796.3,-9627.7,-966.2,79.9,708.6,260.9,0.0,0.0,619.6,-157.5,0,0
