time_s,pos_x_m,pos_y_m,x_disp_m,altitude_m,vel_x_ms,vel_y_ms,speed_ms,acc_x_ms2,acc_y_ms2,body_pitch_deg,flight_angle_deg,aoa_deg,c_l,c_d_induced,rho_kgm3,air_temp_K,speed_of_sound_ms,mach,mass_kg,fuel_mass_kg,fuel_volume_L,fuel_percent,fuel_burn_kgs,thrust_N,thrust_x_N,thrust_y_N,lift_x_N,lift_y_N,drag_x_N,drag_y_N,drag_parasite_N,drag_induced_N,friction_x_N,normal_y_N,netforce_x_N,netforce_y_N,on_ground,stalled
0.0167,400.0,594.1,0.0,0.0,0.0,0.0,0.0,0.0,0.0,0,0,0,0.15,0,1.225,288.15,340.35,0.0,64000.0,14000.0,17412.9,64.01,0.0,0,0.0,-0.0,0.0,0.0,0.0,0.0,0.0,0.0,0.0,-627840.0,0.0,0.0,1,0
0.1167,400.0,594.1,0.0,0.0,0.0,0.0,0.0,0.0,0.0,0,0,0,0.15,0,1.225,288.15,340.35,0.0,64000.0,14000.0,17412.9,64.01,0.0,0,0.0,-0.0,0.0,0.0,0.0,0.0,0.0,0.0,0.0,-627840.0,0.0,0.0,1,0
0.2167,400.0,594.1,0.0,0.0,0.0,0.0,0.0,0.0,0.0,0,0,0,0.15,0,1.225,288.15,340.35,0.0,64000.0,14000.0,17412.9,64.01,0.0,0,0.0,-0.0,0.0,0.0,0.0,0.0,0.0,0.0,0.0,-627840.0,0.0,0.0,1,0
0.3167,400.0,594.1,0.0,0.0,0.0,0.0,0.0,0.0,0.0,0,0,0,0.15,0,1.225,288.15,340.35,0.0,64000.0,14000.0,17412.9,64.01,0.0,0,0.0,-0.0,0.0,0.0,0.0,0.0,0.0,0.0,0.0,-627840.0,0.0,0.0,1,0
0.4167,400.0,594.1,0.0,0.0,0.0,0.0,0.0,0.0,0.0,0,0,0,0.15,0,1.225,288.15,340.35,0.0,64000.0,14000.0,17412.9,64.01,0.0,0,0.0,-0.0,0.0,0.0,0.0,0.0,0.0,0.0,0.0,-627840.0,0.0,0.0,1,0
0.5167,400.0,594.1,0.0,0.0,0.0,0.0,0.0,0.0,0.0,0,0,0,0.15,0,1.225,288.15,340.35,0.0,64000.0,14000.0,17412.9,64.01,0.0,0,0.0,-0.0,0.0,0.0,0.0,0.0,0.0,0.0,0.0,-627840.0,0.0,0.0,1,0
0.6,400.0,594.1,0.0,0.0,0.0,0.0,0.0,0.0,0.0,0,0,0,0.15,0,1.225,288.15,340.35,0.0,64000.0,14000.0,17412.9,64.01,0.0,0,0.0,-0.0,0.0,0.0,0.0,0.0,0.0,0.0,0.0,-627840.0,0.0,0.0,1,0
0.7,400.0,594.1,0.0,0.0,0.0,0.0,0.0,0.0,0.0,0,0,0,0.15,0,1.225,288.15,340.35,0.0,64000.0,14000.0,17412.9,64.01,0.0,0,0.0,-0.0,0.0,0.0,0.0,0.0,0.0,0.0,0.0,-627840.0,0.0,0.0,1,0
0.8,400.0,594.1,0.0,0.0,0.0,0.0,0.0,0.0,0.0,0,0,0,0.15,0,1.225,288.15,340.35,0.0,64000.0,14000.0,17412.9,64.01,0.0,0,0.0,-0.0,0.0,0.0,0.0,0.0,0.0,0.0,0.0,-627840.0,0.0,0.0,1,0
0.9,400.0,594.1,0.0,0.0,0.0,0.0,0.0,0.0,0.0,0,0,0,0.15,0,1.225,288.15,340.35,0.0,64000.0,14000.0,17412.9,64.01,0.0,0,0.0,-0.0,0.0,0.0,0.0,0.0,0.0,0.0,0.0,-627840.0,0.0,0.0,1,0
1.0,400.0,594.1,0.0,0.0,0.0,0.0,0.0,0.0,0.0,0,0,0,0.15,0,1.225,288.15,340.35,0.0,64000.0,14000.0,17412.9,64.01,0.0,0,0.0,-0.0,0.0,0.0,0.0,0.0,0.0,0.0,0.0,-627840.0,0.0,0.0,1,0
1.1,400.0,594.1,0.0,0.0,0.0,0.0,0.0,0.0,0.0,0,0,0,0.15,0,1.225,288.15,340.35,0.0,64000.0,14000.0,17412.9,64.01,0.0,0,0.0,-0.0,0.0,0.0,0.0,0.0,0.0,0.0,0.0,-627840.0,0.0,0.0,1,0
1.2,400.0,594.1,0.0,0.0,0.0,0.0,0.0,0.0,0.0,0,0,0,0.15,0,1.225,288.15,340.35,0.0,64000.0,14000.0,17412.9,64.01,0.0,0,0.0,-0.0,0.0,0.0,0.0,0.0,0.0,0.0,0.0,-627840.0,0.0,0.0,1,0
1.3,400.0,594.1,0.0,0.0,0.0,0.0,0.0,0.0,0.0,0,0,0,0.15,0,1.225,288.15,340.35,0.0,64000.0,14000.0,17412.9,64.01,0.0,0,0.0,-0.0,0.0,0.0,0.0,0.0,0.0,0.0,0.0,-627840.0,0.0,0.0,1,0
1.4167,400.0,594.1,0.0,0.0,0.0,0.0,0.0,0.0,0.0,0,0,0,0.15,0,1.225,288.15,340.35,0.0,64000.0,14000.0,17412.9,64.01,0.0,0,0.0,-0.0,0.0,0.0,0.0,0.0,0.0,0.0,0.0,-627840.0,0.0,0.0,1,0
1.5167,400.0,594.1,0.0,0.0,0.0,0.0,0.0,0.0,0.0,0,0,0,0.15,0,1.225,288.15,340.35,0.0,64000.0,14000.0,17412.9,64.01,0.0,0,0.0,-0.0,0.0,0.0,0.0,0.0,0.0,0.0,0.0,-627840.0,0.0,0.0,1,0
1.6167,400.0,594.1,0.0,0.0,0.0,0.0,0.0,0.0,0.0,0,0,0,0.15,0,1.225,288.15,340.35,0.0,64000.0,14000.0,17412.9,64.01,0.0,0,0.0,-0.0,0.0,0.0,0.0,0.0,0.0,0.0,0.0,-627840.0,0.0,0.0,1,0
1.7167,400.0,594.1,0.0,0.0,0.0,0.0,0.0,0.0,0.0,0,0,0,0.15,0,1.225,288.15,340.35,0.0,64000.0,14000.0,17412.9,64.01,0.0,0,0.0,-0.0,0.0,0.0,0.0,0.0,0.0,0.0,0.0,-627840.0,0.0,0.0,1,0
1.8167,400.0,594.1,0.0,0.0,0.0,0.0,0.0,0.0,0.0,0,0,0,0.15,0,1.225,288.15,340.35,0.0,64000.0,14000.0,17412.9,64.01,0.0,0,0.0,-0.0,0.0,0.0,0.0,0.0,0.0,0.0,0.0,-627840.0,0.0,0.0,1,0
1.9167,400.0,594.1,0.0,0.0,0.0,0.0,0.0,0.0,0.0,0,0,0,0.15,0,1.225,288.15,340.35,0.0,64000.0,14000.0,17412.9,64.01,0.0,0,0.0,-0.0,0.0,0.0,0.0,0.0,0.0,0.0,0.0,-627840.0,0.0,0.0,1,0
2.0167,400.0,594.1,0.0,0.0,0.0,0.0,0.0,0.0,0.0,0,0,0,0.15,0,1.225,288.15,340.35,0.0,64000.0,14000.0,17412.9,64.01,0.0,0,0.0,-0.0,0.0,0.0,0.0,0.0,0.0,0.0,0.0,-627840.0,0.0,0.0,1,0
2.1167,400.0,594.1,0.0,0.0,0.0,0.0,0.0,0.0,0.0,0,0,0,0.15,0,1.225,288.15,340.35,0.0,64000.0,14000.0,17412.9,64.01,0.0,0,0.0,-0.0,0.0,0.0,0.0,0.0,0.0,0.0,0.0,-627840.0,0.0,0.0,1,0
2.2167,400.0,594.1,0.0,0.0,0.0,0.0,0.0,0.0,0.0,0,0,0,0.15,0,1.225,288.15,340.35,0.0,64000.0,14000.0,17412.9,64.01,0.0,0,0.0,-0.0,0.0,0.0,0.0,0.0,0.0,0.0,0.0,-627840.0,0.0,0.0,1,0
2.3167,400.0,594.1,0.0,0.0,0.0,0.0,0.0,0.0,0.0,0,0,0,0.15,0,1.225,288.15,340.35,0.0,64000.0,14000.0,17412.9,64.01,0.0,0,0.0,-0.0,0.0,0.0,0.0,0.0,0.0,0.0,0.0,-627840.0,0.0,0.0,1,0
2.4167,400.0,594.1,0.0,0.0,0.0,0.0,0.0,0.0,0.0,0,0,0,0.15,0,1.225,288.15,340.35,0.0,64000.0,14000.0,17412.9,64.01,0.0,0,0.0,-0.0,0.0,0.0,0.0,0.0,0.0,0.0,0.0,-627840.0,0.0,0.0,1,0
2.5167,400.0,594.1,0.0,0.0,0.0,0.0,0.0,0.0,0.0,0,0,0,0.15,0,1.225,288.15,340.35,0.0,64000.0,14000.0,17412.9,64.01,0.0,0,0.0,-0.0,0.0,0.0,0.0,0.0,0.0,0.0,0.0,-627840.0,0.0,0.0,1,0
2.6167,400.0,594.1,0.0,0.0,0.0,0.0,0.0,0.0,0.0,0,0,0,0.15,0,1.225,288.15,340.35,0.0,64000.0,14000.0,17412.9,64.01,0.0,0,0.0,-0.0,0.0,0.0,0.0,0.0,0.0,0.0,0.0,-627840.0,0.0,0.0,1,0
2.7167,400.0,594.1,0.0,0.0,0.0,0.0,0.0,0.0,0.0,0,0,0,0.15,0,1.225,288.15,340.35,0.0,64000.0,14000.0,17412.9,64.01,0.0,0,0.0,-0.0,0.0,0.0,0.0,0.0,0.0,0.0,0.0,-627840.0,0.0,0.0,1,0
2.8167,400.0,594.1,0.0,0.0,0.0,0.0,0.0,0.0,0.0,0,0,0,0.15,0,1.225,288.15,340.35,0.0,64000.0,14000.0,17412.9,64.01,0.0,0,0.0,-0.0,0.0,0.0,0.0,0.0,0.0,0.0,0.0,-627840.0,0.0,0.0,1,0
2.9167,400.0,594.1,0.0,0.0,0.0,0.0,0.0,0.0,0.0,0,0,0,0.15,0,1.225,288.15,340.35,0.0,64000.0,14000.0,17412.9,64.01,0.0,0,0.0,-0.0,0.0,0.0,0.0,0.0,0.0,0.0,0.0,-627840.0,0.0,0.0,1,0
3.0167,400.0,594.1,0.0,0.0,0.0,0.0,0.0,0.0,0.0,0,0,0,0.15,0,1.225,288.15,340.35,0.0,64000.0,14000.0,17412.9,64.01,0.0,0,0.0,-0.0,0.0,0.0,0.0,0.0,0.0,0.0,0.0,-627840.0,0.0,0.0,1,0
3.1167,400.0,594.1,0.0,0.0,0.0,0.0,0.0,0.0,0.0,0,0,0,0.15,0,1.225,288.15,340.35,0.0,64000.0,14000.0,17412.9,64.01,0.0,0,0.0,-0.0,0.0,0.0,0.0,0.0,0.0,0.0,0.0,-627840.0,0.0,0.0,1,0
3.2167,400.0,594.1,0.0,0.0,0.0,0.0,0.0,0.0,0.0,0,0,0,0.15,0,1.225,288.15,340.35,0.0,64000.0,14000.0,17412.9,64.01,0.0,0,0.0,-0.0,0.0,0.0,0.0,0.0,0.0,0.0,0.0,-627840.0,0.0,0.0,1,0
3.3167,400.0,594.1,0.0,0.0,0.0,0.0,0.0,0.0,0.0,0,0,0,0.15,0,1.225,288.15,340.35,0.0,64000.0,14000.0,17412.9,64.01,0.0,0,0.0,-0.0,0.0,0.0,0.0,0.0,0.0,0.0,0.0,-627840.0,0.0,0.0,1,0
3.4167,400.0,594.1,0.0,0.0,0.0,0.0,0.0,0.0,0.0,0,0,0,0.15,0,1.225,288.15,340.35,0.0,64000.0,14000.0,17412.9,64.01,0.0,0,0.0,-0.0,0.0,0.0,0.0,0.0,0.0,0.0,0.0,-627840.0,0.0,0.0,1,0
3.5167,400.0,594.1,0.0,0.0,0.0,0.0,0.0,0.0,0.0,0,0,0,0.15,0,1.225,288.15,340.35,0.0,64000.0,14000.0,17412.9,64.01,0.0,0,0.0,-0.0,0.0,0.0,0.0,0.0,0.0,0.0,0.0,-627840.0,0.0,0.0,1,0
3.6167,400.0,594.1,0.0,0.0,0.0,0.0,0.0,0.0,0.0,0,0,0,0.15,0,1.225,288.15,340.35,0.0,64000.0,14000.0,17412.9,64.01,0.0,0,0.0,-0.0,0.0,0.0,0.0,0.0,0.0,0.0,0.0,-627840.0,0.0,0.0,1,0
3.7167,400.0,594.1,0.0,0.0,0.0,0.0,0.0,0.0,0.0,0,0,0,0.15,0,1.225,288.15,340.35,0.0,64000.0,14000.0,17412.9,64.01,0.0,0,0.0,-0.0,0.0,0.0,0.0,0.0,0.0,0.0,0.0,-627840.0,0.0,0.0,1,0
3.8167,400.0,594.1,0.0,0.0,0.0,0.0,0.0,0.0,0.0,0,0,0,0.15,0,1.225,288.15,340.35,0.0,64000.0,14000.0,17412.9,64.01,0.0,0,0.0,-0.0,0.0,0.0,0.0,0.0,0.0,0.0,0.0,-627840.0,0.0,0.0,1,0
3.9167,400.0,594.1,0.0,0.0,0.0,0.0,0.0,0.0,0.0,0,0,0,0.15,0,1.225,288.15,340.35,0.0,64000.0,14000.0,17412.9,64.01,0.0,0,0.0,-0.0,0.0,0.0,0.0,0.0,0.0,0.0,0.0,-627840.0,0.0,0.0,1,0
4.0167,400.0,594.1,0.0,0.0,0.0,0.0,0.0,0.0,0.0,0,0,0,0.15,0,1.225,288.15,340.35,0.0,64000.0,14000.0,17412.9,64.01,0.0,0,0.0,-0.0,0.0,0.0,0.0,0.0,0.0,0.0,0.0,-627840.0,0.0,0.0,1,0
4.1167,400.0,594.1,0.0,0.0,0.0,0.0,0.0,0.0,0.0,0,0,0,0.15,0,1.225,288.15,340.35,0.0,64000.0,14000.0,17412.9,64.01,0.0,0,0.0,-0.0,0.0,0.0,0.0,0.0,0.0,0.0,0.0,-627840.0,0.0,0.0,1,0
4.2167,400.0,594.1,0.0,0.0,0.0,0.0,0.0,0.0,0.0,0,0,0,0.15,0,1.225,288.15,340.35,0.0,64000.0,14000.0,17412.9,64.01,0.0,0,0.0,-0.0,0.0,0.0,0.0,0.0,0.0,0.0,0.0,-627840.0,0.0,0.0,1,0
4.3167,400.0,594.1,0.0,0.0,0.0,0.0,0.0,0.0,0.0,0,0,0,0.15,0,1.225,288.15,340.35,0.0,64000.0,14000.0,17412.9,64.01,0.0,0,0.0,-0.0,0.0,0.0,0.0,0.0,0.0,0.0,0.0,-627840.0,0.0,0.0,1,0
4.4167,400.0,594.1,0.0,0.0,0.0,0.0,0.0,0.0,0.0,0,0,0,0.15,0,1.225,288.15,340.35,0.0,64000.0,14000.0,17412.9,64.01,0.0,0,0.0,-0.0,0.0,0.0,0.0,0.0,0.0,0.0,0.0,-627840.0,0.0,0.0,1,0
4.5167,400.0,594.1,0.0,0.0,0.0,0.0,0.0,0.0,0.0,0,0,0,0.15,0,1.225,288.15,340.35,0.0,64000.0,14000.0,17412.9,64.01,0.0,0,0.0,-0.0,0.0,0.0,0.0,0.0,0.0,0.0,0.0,-627840.0,0.0,0.0,1,0
4.6167,400.0,594.1,0.0,0.0,0.0,0.0,0.0,0.0,0.0,0,0,0,0.15,0,1.225,288.15,340.35,0.0,64000.0,14000.0,17412.9,64.01,0.0,0,0.0,-0.0,0.0,0.0,0.0,0.0,0.0,0.0,0.0,-627840.0,0.0,0.0,1,0
4.7167,400.0,594.1,0.0,0.0,0.0,0.0,0.0,0.0,0.0,0,0,0,0.15,0,1.225,288.15,340.35,0.0,64000.0,14000.0,17412.9,64.01,0.0,0,0.0,-0.0,0.0,0.0,0.0,0.0,0.0,0.0,0.0,-627840.0,0.0,0.0,1,0
4.8167,400.0,594.1,0.0,0.0,0.0,0.0,0.0,0.0,0.0,0,0,0,0.15,0,1.225,288.15,340.35,0.0,64000.0,14000.0,17412.9,64.01,0.0,0,0.0,-0.0,0.0,0.0,0.0,0.0,0.0,0.0,0.0,-627840.0,0.0,0.0,1,0
4.9167,400.0,594.1,0.0,0.0,0.0,0.0,0.0,0.0,0.0,0,0,0,0.15,0,1.225,288.15,340.35,0.0,64000.0,14000.0,17412.9,64.01,0.0,0,0.0,-0.0,0.0,0.0,0.0,0.0,0.0,0.0,0.0,-627840.0,0.0,0.0,1,0
5.0167,400.0,594.1,0.0,0.0,0.0,0.0,0.0,0.0,0.0,0,0,0,0.15,0,1.225,288.15,340.35,0.0,64000.0,14000.0,17412.9,64.01,0.0,0,0.0,-0.0,0.0,0.0,0.0,0.0,0.0,0.0,0.0,-627840.0,0.0,0.0,1,0
5.1167,400.0,594.1,0.0,0.0,0.0,0.0,0.0,0.0,0.0,0,0,0,0.15,0,1.225,288.15,340.35,0.0,64000.0,14000.0,17412.9,64.01,0.0,0,0.0,-0.0,0.0,0.0,0.0,0.0,0.0,0.0,0.0,-627840.0,0.0,0.0,1,0
5.2167,400.0,594.1,0.0,0.0,0.0,0.0,0.0,0.0,0.0,0,0,0,0.15,0,1.225,288.15,340.35,0.0,64000.0,14000.0,17412.9,64.01,0.0,0,0.0,-0.0,0.0,0.0,0.0,0.0,0.0,0.0,0.0,-627840.0,0.0,0.0,1,0
5.3167,400.0,594.1,0.0,0.0,0.0,0.0,0.0,0.0,0.0,0,0,0,0.15,0,1.225,288.15,340.35,0.0,64000.0,14000.0,17412.9,64.01,0.0,0,0.0,-0.0,0.0,0.0,0.0,0.0,0.0,0.0,0.0,-627840.0,0.0,0.0,1,0
5.4167,400.0,594.1,0.0,0.0,0.0,0.0,0.0,0.0,0.0,0,0,0,0.15,0,1.225,288.15,340.35,0.0,64000.0,14000.0,17412.9,64.01,0.0,0,0.0,-0.0,0.0,0.0,0.0,0.0,0.0,0.0,0.0,-627840.0,0.0,0.0,1,0
5.5167,400.0,594.1,0.0,0.0,0.0,0.0,0.0,0.0,0.0,0,0,0,0.15,0,1.225,288.15,340.35,0.0,64000.0,14000.0,17412.9,64.01,0.0,0,0.0,-0.0,0.0,0.0,0.0,0.0,0.0,0.0,0.0,-627840.0,0.0,0.0,1,0
5.6167,400.0,594.1,0.0,0.0,0.0,0.0,0.0,0.0,0.0,0,0,0,0.15,0,1.225,288.15,340.35,0.0,64000.0,14000.0,17412.9,64.01,0.0,0,0.0,-0.0,0.0,0.0,0.0,0.0,0.0,0.0,0.0,-627840.0,0.0,0.0,1,0
5.7167,400.0,594.1,0.0,0.0,0.0,0.0,0.0,0.0,0.0,0,0,0,0.15,0,1.225,288.15,340.35,0.0,64000.0,14000.0,17412.9,64.01,0.0,0,0.0,-0.0,0.0,0.0,0.0,0.0,0.0,0.0,0.0,-627840.0,0.0,0.0,1,0
5.8167,400.0,594.1,0.0,0.0,0.0,0.0,0.0,0.0,0.0,0,0,0,0.15,0,1.225,288.15,340.35,0.0,64000.0,14000.0,17412.9,64.01,0.0,0,0.0,-0.0,0.0,0.0,0.0,0.0,0.0,0.0,0.0,-627840.0,0.0,0.0,1,0
5.9167,400.0,594.1,0.0,0.0,0.0,0.0,0.0,0.0,0.0,0,0,0,0.15,0,1.225,288.15,340.35,0.0,64000.0,14000.0,17412.9,64.01,0.0,0,0.0,-0.0,0.0,0.0,0.0,0.0,0.0,0.0,0.0,-627840.0,0.0,0.0,1,0
6.0167,400.0,594.1,0.0,0.0,0.0,0.0,0.0,0.0,0.0,0,0,0,0.15,0,1.225,288.15,340.35,0.0,64000.0,14000.0,17412.9,64.01,0.0,0,0.0,-0.0,0.0,0.0,0.0,0.0,0.0,0.0,0.0,-627840.0,0.0,0.0,1,0
6.1167,400.0,594.1,0.0,0.0,0.0,0.0,0.0,0.0,0.0,0,0,0,0.15,0,1.225,288.15,340.35,0.0,64000.0,14000.0,17412.9,64.01,0.0,0,0.0,-0.0,0.0,0.0,0.0,0.0,0.0,0.0,0.0,-627840.0,0.0,0.0,1,0
6.2167,400.0,594.1,0.0,0.0,0.0,0.0,0.0,0.0,0.0,0,0,0,0.15,0,1.225,288.15,340.35,0.0,64000.0,14000.0,17412.9,64.01,0.0,0,0.0,-0.0,0.0,0.0,0.0,0.0,0.0,0.0,0.0,-627840.0,0.0,0.0,1,0
6.3167,400.0,594.1,0.0,0.0,0.0,0.0,0.0,0.0,0.0,0,0,0,0.15,0,1.225,288.15,340.35,0.0,64000.0,14000.0,17412.9,64.01,0.0,0,0.0,-0.0,0.0,0.0,0.0,0.0,0.0,0.0,0.0,-627840.0,0.0,0.0,1,0
6.4167,400.0,594.1,0.0,0.0,0.0,0.0,0.0,0.0,0.0,0,0,0,0.15,0,1.225,288.15,340.35,0.0,64000.0,14000.0,17412.9,64.01,0.0,0,0.0,-0.0,0.0,0.0,0.0,0.0,0.0,0.0,0.0,-627840.0,0.0,0.0,1,0
6.5167,400.0,594.1,0.0,0.0,0.0,0.0,0.0,0.0,0.0,0,0,0,0.15,0,1.225,288.15,340.35,0.0,64000.0,14000.0,17412.9,64.01,0.0,0,0.0,-0.0,0.0,0.0,0.0,0.0,0.0,0.0,0.0,-627840.0,0.0,0.0,1,0
6.6167,400.0,594.1,0.0,0.0,0.0,0.0,0.0,0.0,0.0,0,0,0,0.15,0,1.225,288.15,340.35,0.0,64000.0,14000.0,17412.9,64.01,0.0,0,0.0,-0.0,0.0,0.0,0.0,0.0,0.0,0.0,0.0,-627840.0,0.0,0.0,1,0
6.7167,400.0,594.1,0.0,0.0,0.0,0.0,0.0,0.0,0.0,0,0,0,0.15,0,1.225,288.15,340.35,0.0,64000.0,14000.0,17412.9,64.01,0.0,0,0.0,-0.0,0.0,0.0,0.0,0.0,0.0,0.0,0.0,-627840.0,0.0,0.0,1,0
6.8167,400.0,594.1,0.0,0.0,0.0,0.0,0.0,0.0,0.0,0,0,0,0.15,0,1.225,288.15,340.35,0.0,64000.0,14000.0,17412.9,64.01,0.0,0,0.0,-0.0,0.0,0.0,0.0,0.0,0.0,0.0,0.0,-627840.0,0.0,0.0,1,0
6.9167,400.0,594.1,0.0,0.0,0.0,0.0,0.0,0.0,0.0,0,0,0,0.15,0,1.225,288.15,340.35,0.0,64000.0,14000.0,17412.9,64.01,0.0,0,0.0,-0.0,0.0,0.0,0.0,0.0,0.0,0.0,0.0,-627840.0,0.0,0.0,1,0
7.0167,400.0,594.1,0.0,0.0,0.0,0.0,0.0,0.0,0.0,0,0,0,0.15,0,1.225,288.15,340.35,0.0,64000.0,14000.0,17412.9,64.01,0.0,0,0.0,-0.0,0.0,0.0,0.0,0.0,0.0,0.0,0.0,-627840.0,0.0,0.0,1,0
7.1167,400.0,594.1,0.0,0.0,0.0,0.0,0.0,0.0,0.0,0,0,0,0.15,0,1.225,288.15,340.35,0.0,64000.0,14000.0,17412.9,64.01,0.0,0,0.0,-0.0,0.0,0.0,0.0,0.0,0.0,0.0,0.0,-627840.0,0.0,0.0,1,0
7.2167,400.0,594.1,0.0,0.0,0.0,0.0,0.0,0.0,0.0,0,0,0,0.15,0,1.225,288.15,340.35,0.0,64000.0,14000.0,17412.9,64.01,0.0,0,0.0,-0.0,0.0,0.0,0.0,0.0,0.0,0.0,0.0,-627840.0,0.0,0.0,1,0
7.3167,400.0,594.1,0.0,0.0,0.0,0.0,0.0,0.0,0.0,0,0,0,0.15,0,1.225,288.15,340.35,0.0,64000.0,14000.0,17412.9,64.01,0.0,0,0.0,-0.0,0.0,0.0,0.0,0.0,0.0,0.0,0.0,-627840.0,0.0,0.0,1,0
7.4167,400.0,594.1,0.0,0.0,0.0,0.0,0.0,0.0,0.0,0,0,0,0.15,0,1.225,288.15,340.35,0.0,64000.0,14000.0,17412.9,64.01,0.0,0,0.0,-0.0,0.0,0.0,0.0,0.0,0.0,0.0,0.0,-627840.0,0.0,0.0,1,0
7.5167,400.0,594.1,0.0,0.0,0.0,0.0,0.0,0.0,0.0,0,0,0,0.15,0,1.225,288.15,340.35,0.0,64000.0,14000.0,17412.9,64.01,0.0,0,0.0,-0.0,0.0,0.0,0.0,0.0,0.0,0.0,0.0,-627840.0,0.0,0.0,1,0
7.6167,400.0,594.1,0.0,0.0,0.0,0.0,0.0,0.0,0.0,0,0,0,0.15,0,1.225,288.15,340.35,0.0,64000.0,14000.0,17412.9,64.01,0.0,0,0.0,-0.0,0.0,0.0,0.0,0.0,0.0,0.0,0.0,-627840.0,0.0,0.0,1,0
7.7167,400.0,594.1,0.0,0.0,0.0,0.0,0.0,0.0,0.0,0,0,0,0.15,0,1.225,288.15,340.35,0.0,64000.0,14000.0,17412.9,64.01,0.0,0,0.0,-0.0,0.0,0.0,0.0,0.0,0.0,0.0,0.0,-627840.0,0.0,0.0,1,0
7.8167,400.0,594.1,0.0,0.0,0.0,0.0,0.0,0.0,0.0,4,0,4,0.51,0,1.225,288.15,340.35,0.0,64000.0,14000.0,17412.9,64.01,0.0,0,0.0,-0.0,0.0,0.0,0.0,0.0,0.0,0.0,0.0,-627840.0,0.0,0.0,1,0
7.9167,400.0,594.1,0.0,0.0,0.0,0.0,0.0,0.0,0.0,10,0,10,1.05,0,1.225,288.15,340.35,0.0,64000.0,14000.0,17412.9,64.01,0.0,0,0.0,-0.0,0.0,0.0,0.0,0.0,0.0,0.0,0.0,-627840.0,0.0,0.0,1,0
8.0167,400.0,594.1,0.0,0.0,0.0,0.0,0.0,0.0,0.0,16,0,16,1.2655,0,1.225,288.15,340.35,0.0,64000.0,14000.0,17412.9,64.01,0.0,0,0.0,-0.0,0.0,0.0,0.0,0.0,0.0,0.0,0.0,-627840.0,0.0,0.0,1,1
8.1167,400.0,594.1,0.0,0.0,0.0,0.0,0.0,0.0,0.0,22,0,22,0.9655,0,1.225,288.15,340.35,0.0,64000.0,14000.0,17412.9,64.01,0.0,0,0.0,-0.0,0.0,0.0,0.0,0.0,0.0,0.0,0.0,-627840.0,0.0,0.0,1,1
8.2,400.0,594.1,0.0,0.0,0.0,0.0,0.0,0.0,0.0,27,0,27,0.7155,0,1.225,288.15,340.35,0.0,64000.0,14000.0,17412.9,64.01,0.0,0,0.0,-0.0,0.0,0.0,0.0,0.0,0.0,0.0,0.0,-627840.0,0.0,0.0,1,1
8.3,400.0,594.1,0.0,0.0,0.0,0.0,0.0,0.0,0.0,33,0,33,0.4155,0,1.225,288.15,340.35,0.0,64000.0,14000.0,17412.9,64.01,0.0,0,0.0,-0.0,0.0,0.0,0.0,0.0,0.0,0.0,0.0,-627840.0,0.0,0.0,1,1
8.4,400.0,594.1,0.0,0.0,0.0,0.0,0.0,0.0,0.0,38,0,38,0.1655,0,1.225,288.15,340.35,0.0,64000.0,14000.0,17412.9,64.01,0.0,0,0.0,-0.0,0.0,0.0,0.0,0.0,0.0,0.0,0.0,-627840.0,0.0,0.0,1,1
8.5,400.0,594.1,0.0,0.0,0.0,0.0,0.0,0.0,0.0,38,0,38,0.1655,0,1.225,288.15,340.35,0.0,64000.0,14000.0,17412.9,64.01,0.0,0,0.0,-0.0,0.0,0.0,0.0,0.0,0.0,0.0,0.0,-627840.0,0.0,0.0,1,1
8.6,400.0,594.1,0.0,0.0,0.0,0.0,0.0,0.0,0.0,38,0,38,0.1655,0,1.225,288.15,340.35,0.0,64000.0,14000.0,17412.9,64.01,0.0,0,0.0,-0.0,0.0,0.0,0.0,0.0,0.0,0.0,0.0,-627840.0,0.0,0.0,1,1
8.7,400.0,594.1,0.0,0.0,0.0,0.0,0.0,0.0,0.0,33,0,33,0.4155,0,1.225,288.15,340.35,0.0,64000.0,14000.0,17412.9,64.01,0.0,0,0.0,-0.0,0.0,0.0,0.0,0.0,0.0,0.0,0.0,-627840.0,0.0,0.0,1,1
8.8,400.0,594.1,0.0,0.0,0.0,0.0,0.0,0.0,0.0,27,0,27,0.7155,0,1.225,288.15,340.35,0.0,64000.0,14000.0,17412.9,64.01,0.0,0,0.0,-0.0,0.0,0.0,0.0,0.0,0.0,0.0,0.0,-627840.0,0.0,0.0,1,1
8.9,400.0,594.1,0.0,0.0,0.0,0.0,0.0,0.0,0.0,21,0,21,1.0155,0,1.225,288.15,340.35,0.0,64000.0,14000.0,17412.9,64.01,0.0,0,0.0,-0.0,0.0,0.0,0.0,0.0,0.0,0.0,0.0,-627840.0,0.0,0.0,1,1
9.0,400.0,594.1,0.0,0.0,0.0,0.0,0.0,0.0,0.0,20,0,20,1.0655,0,1.225,288.15,340.35,0.0,64000.0,14000.0,17412.9,64.01,0.0,0,0.0,-0.0,0.0,0.0,0.0,0.0,0.0,0.0,0.0,-627840.0,0.0,0.0,1,1
9.1,400.0,594.1,0.0,0.0,0.0,0.0,0.0,0.0,0.0,20,0,20,1.0655,0,1.225,288.15,340.35,0.0,64000.0,14000.0,17412.9,64.01,0.0,0,0.0,-0.0,0.0,0.0,0.0,0.0,0.0,0.0,0.0,-627840.0,0.0,0.0,1,1
9.2,400.0,594.1,0.0,0.0,0.0,0.0,0.0,0.0,0.0,16,0,16,1.2655,0,1.225,288.15,340.35,0.0,64000.0,14000.0,17412.9,64.01,0.0,0,0.0,-0.0,0.0,0.0,0.0,0.0,0.0,0.0,0.0,-627840.0,0.0,0.0,1,1
9.3,400.0,594.1,0.0,0.0,0.0,0.0,0.0,0.0,0.0,12,0,12,1.23,0,1.225,288.15,340.35,0.0,64000.0,14000.0,17412.9,64.01,0.0,0,0.0,-0.0,0.0,0.0,0.0,0.0,0.0,0.0,0.0,-627840.0,0.0,0.0,1,0
9.4,400.0,594.1,0.0,0.0,0.0,0.0,0.0,0.0,0.0,12,0,12,1.23,0,1.225,288.15,340.35,0.0,64000.0,14000.0,17412.9,64.01,0.0,0,0.0,-0.0,0.0,0.0,0.0,0.0,0.0,0.0,0.0,-627840.0,0.0,0.0,1,0
9.5,400.0,594.1,0.0,0.0,0.0,0.0,0.0,0.0,0.0,12,0,12,1.23,0,1.225,288.15,340.35,0.0,64000.0,14000.0,17412.9,64.01,0.0,0,0.0,-0.0,0.0,0.0,0.0,0.0,0.0,0.0,0.0,-627840.0,0.0,0.0,1,0
9.6,400.0,594.1,0.0,0.0,0.0,0.0,0.0,0.0,0.0,9,0,9,0.96,0,1.225,288.15,340.35,0.0,64000.0,14000.0,17412.9,64.01,0.0,0,0.0,-0.0,0.0,0.0,0.0,0.0,0.0,0.0,0.0,-627840.0,0.0,0.0,1,0
9.7,400.0,594.1,0.0,0.0,0.0,0.0,0.0,0.0,0.0,4,0,4,0.51,0,1.225,288.15,340.35,0.0,64000.0,14000.0,17412.9,64.01,0.0,0,0.0,-0.0,0.0,0.0,0.0,0.0,0.0,0.0,0.0,-627840.0,0.0,0.0,1,0
9.8,400.0,594.1,0.0,0.0,0.0,0.0,0.0,0.0,0.0,4,0,4,0.51,0,1.225,288.15,340.35,0.0,64000.0,14000.0,17412.9,64.01,0.0,0,0.0,-0.0,0.0,0.0,0.0,0.0,0.0,0.0,0.0,-627840.0,0.0,0.0,1,0
9.9,400.0,594.1,0.0,0.0,0.0,0.0,0.0,0.0,0.0,4,0,4,0.51,0,1.225,288.15,340.35,0.0,64000.0,14000.0,17412.9,64.01,0.0,0,0.0,-0.0,0.0,0.0,0.0,0.0,0.0,0.0,0.0,-627840.0,0.0,0.0,1,0
10.0,400.0,594.1,-0.0,0.0,-0.005,0.0,0.005,-0.279,0.0,4,0,4,0.51,0,1.225,288.15,340.35,0.0,64000.0,14000.0,17412.9,64.01,0.017,1000,997.6,-69.8,0.0,0.0,0.0,0.0,0.0,0.0,-18833.1,-627770.2,-17835.5,0.0,1,0
10.1,400.0,594.1,-0.0,0.0,-0.0,-0.0,0.0,-0.232,-0.0,4,0,4,0.51,0,1.225,288.15,340.35,0.0,64000.0,13999.99,17412.9,64.01,0.068,4000,3990.3,-279.0,0.0,0.0,0.0,0.0,0.0,0.0,-18826.8,-627560.9,-14836.6,-0.0,1,0
10.2,400.0,594.1,0.0,0.0,-0.001,-0.0,0.001,-0.185,-0.0,4,0,4,0.51,0,1.225,288.15,340.35,0.0,64000.0,13999.99,17412.9,64.01,0.119,7000,6982.9,-488.3,0.0,0.0,0.0,0.0,0.0,0.0,-18820.5,-627351.6,-11837.6,-0.0,1,0
10.3,400.0,594.1,0.0,0.0,0.003,-0.0,0.003,-0.138,-0.0,4,0,4,0.51,0,1.225,288.15,340.35,0.0,64000.0,13999.97,17412.9,64.01,0.17,10000,9975.6,-697.6,0.0,0.0,0.0,0.0,0.0,0.0,-18814.3,-627142.1,-8838.6,-0.0,1,0
10.4,400.001,594.1,0.001,0.0,0.001,0.0,0.001,-0.091,0.0,4,0,4,0.51,0,1.225,288.15,340.35,0.0,64000.0,13999.95,17412.9,64.01,0.221,13000,12968.3,-906.8,0.0,0.0,0.0,0.0,0.0,0.0,-18808.0,-626932.7,-5839.6,0.0,1,0
10.5,400.001,594.1,0.001,0.0,0.005,-0.0,0.005,-0.044,0.0,4,0,4,0.51,0,1.225,288.15,340.35,0.0,63999.9,13999.93,17412.8,64.01,0.272,16000,15961.0,-1116.1,0.0,0.0,0.0,0.0,0.0,0.0,-18801.7,-626723.2,-2840.7,0.0,1,0
10.6,400.001,594.1,0.001,0.0,0.003,-0.0,0.003,0.002,-0.0,4,0,4,0.51,0,1.225,288.15,340.35,0.0,63999.9,13999.9,17412.8,64.01,0.323,19000,18953.7,-1325.4,0.0,0.0,0.0,0.0,0.0,0.0,-18795.4,-626513.6,158.3,-0.0,1,0
10.7,400.002,594.1,0.002,0.0,0.006,-0.0,0.006,0.049,-0.0,4,0,4,0.51,0,1.225,288.15,340.35,0.0,63999.9,13999.86,17412.8,64.01,0.374,22000,21946.4,-1534.6,0.0,0.0,0.0,0.0,0.0,0.0,-18789.1,-626304.0,3157.3,-0.0,1,0
10.8,400.003,594.1,0.003,0.0,0.014,-0.0,0.014,0.096,-0.0,4,0,4,0.51,0,1.225,288.15,340.35,0.0,63999.8,13999.82,17412.7,64.01,0.425,25000,24939.1,-1743.9,0.0,0.0,0.0,0.0,0.0,0.0,-18782.8,-626094.3,6156.3,-0.0,1,0
10.9,400.005,594.1,0.005,0.0,0.026,0.0,0.026,0.143,0.0,4,0,4,0.51,0,1.225,288.15,340.35,0.0001,63999.8,13999.77,17412.7,64.01,0.476,28000,27931.8,-1953.2,0.0,0.0,0.0,0.0,0.0,0.0,-18776.5,-625884.6,9155.3,0.0,1,0
11.0,400.009,594.1,0.009,0.0,0.043,-0.0,0.043,0.19,0.0,4,0,4,0.51,0,1.225,288.15,340.35,0.0001,63999.7,13999.72,17412.6,64.01,0.527,31000,30924.5,-2162.5,0.0,0.0,0.0,0.0,0.0,0.0,-18770.2,-625674.8,12154.2,0.0,1,0
11.1,400.014,594.1,0.014,0.0,0.065,-0.0,0.065,0.237,-0.0,4,0,4,0.51,0,1.225,288.15,340.35,0.0002,63999.7,13999.67,17412.5,64.01,0.578,34000,33917.2,-2371.7,0.0,0.0,0.0,0.0,0.0,0.0,-18764.0,-625465.0,15153.2,-0.0,1,0
11.2,400.022,594.1,0.022,0.0,0.091,-0.0,0.091,0.284,-0.0,4,0,4,0.51,0,1.225,288.15,340.35,0.0003,63999.6,13999.61,17412.4,64.01,0.629,37000,36909.9,-2581.0,0.0,0.0,0.0,0.0,0.0,0.0,-18757.7,-625255.2,18152.2,-0.0,1,0
11.3,400.033,594.1,0.033,0.0,0.122,-0.0,0.122,0.33,-0.0,4,0,4,0.51,0,1.225,288.15,340.35,0.0004,63999.5,13999.54,17412.4,64.01,0.68,40000,39902.6,-2790.3,0.0,0.0,0.0,0.0,0.0,0.0,-18751.4,-625045.2,21151.2,-0.0,1,0
11.4,400.047,594.1,0.047,0.0,0.158,-0.0,0.158,0.377,0.0,4,0,4,0.51,0,1.225,288.15,340.35,0.0005,63999.5,13999.47,17412.3,64.01,0.731,43000,42895.3,-2999.5,0.0,0.0,0.0,0.0,0.0,0.0,-18745.1,-624835.3,24150.2,0.0,1,0
11.5,400.065,594.1,0.065,0.0,0.199,-0.0,0.199,0.424,0.0,4,0,4,0.51,0,1.225,288.15,340.35,0.0006,63999.4,13999.39,17412.2,64.01,0.782,46000,45887.9,-3208.8,0.0,0.0,0.0,0.0,0.0,0.0,-18738.8,-624625.3,27149.2,0.0,1,0
11.6,400.088,594.1,0.088,0.0,0.244,-0.0,0.244,0.471,-0.0,4,0,4,0.51,0,1.225,288.15,340.35,0.0007,63999.3,13999.31,17412.1,64.01,0.833,49000,48880.6,-3418.1,0.0,0.0,0.0,0.0,0.0,0.0,-18732.5,-624415.2,30148.2,-0.0,1,0
11.7,400.115,594.1,0.115,0.0,0.294,-0.0,0.294,0.518,-0.0,4,0,4,0.51,0,1.225,288.15,340.35,0.0009,63999.2,13999.23,17412.0,64.01,0.884,52000,51873.3,-3627.3,0.0,0.0,0.0,0.0,0.0,0.0,-18726.2,-624205.1,33147.2,-0.0,1,0
11.8,400.148,594.1,0.148,0.0,0.348,-0.0,0.348,0.565,-0.0,4,0,4,0.51,0,1.225,288.15,340.35,0.001,63999.1,13999.14,17411.9,64.01,0.935,55000,54866.0,-3836.6,0.0,0.0,0.0,0.0,0.0,0.0,-18719.8,-623994.9,36146.2,-0.0,1,0
11.9,400.186,594.1,0.186,0.0,0.407,-0.0,0.407,0.612,0.0,4,0,4,0.51,0,1.225,288.15,340.35,0.0012,63999.0,13999.04,17411.7,64.01,0.986,58000,57858.7,-4045.9,0.0,0.0,0.0,0.0,0.0,0.0,-18713.5,-623784.7,39145.2,0.0,1,0
12.0,400.23,594.1,0.23,0.0,0.471,-0.0,0.471,0.659,0.0,4,0,4,0.51,0,1.225,288.15,340.35,0.0014,63998.9,13998.94,17411.6,64.01,1.037,61000,60851.4,-4255.1,0.0,0.0,0.0,0.0,0.0,0.0,-18707.2,-623574.4,42144.2,0.0,1,0
12.1,400.281,594.1,0.281,0.0,0.54,-0.0,0.54,0.705,0.0,4,0,4,0.51,0,1.225,288.15,340.35,0.0016,63998.8,13998.83,17411.5,64.01,1.088,64000,63844.1,-4464.4,0.0,0.0,0.0,0.0,0.0,0.0,-18700.9,-623364.1,45143.2,0.0,1,0
12.2,400.34,594.1,0.34,0.0,0.613,-0.0,0.613,0.752,-0.0,4,0,4,0.51,0,1.225,288.15,340.35,0.0018,63998.7,13998.72,17411.3,64.01,1.139,67000,66836.8,-4673.7,0.0,0.0,0.0,0.0,0.0,0.0,-18694.6,-623153.7,48142.2,-0.0,1,0
12.3,400.405,594.1,0.405,0.0,0.691,-0.0,0.691,0.799,-0.0,4,0,4,0.51,0,1.225,288.15,340.35,0.002,63998.6,13998.6,17411.2,64.01,1.19,70000,69829.5,-4883.0,0.0,0.0,0.0,0.0,0.0,0.0,-18688.3,-622943.3,51141.2,-0.0,1,0
12.4,400.479,594.1,0.479,0.0,0.774,-0.0,0.774,0.846,0.0,4,0,4,0.51,0,1.225,288.15,340.35,0.0023,63998.5,13998.48,17411.0,64.01,1.241,73000,72822.2,-5092.2,0.0,0.0,0.0,0.0,0.0,0.0,-18682.0,-622732.9,54140.2,0.0,1,0
12.5,400.562,594.1,0.562,0.0,0.861,-0.0,0.861,0.893,0.0,4,0,4,0.51,0,1.225,288.15,340.35,0.0025,63998.4,13998.35,17410.9,64.01,1.292,76000,75814.9,-5301.5,0.0,0.0,0.0,0.0,0.0,0.0,-18675.7,-622522.3,57139.2,0.0,1,0
12.6,400.653,594.1,0.653,0.0,0.953,0.0,0.953,0.94,0.0,4,0,4,0.51,0,1.225,288.15,340.35,0.0028,63998.2,13998.22,17410.7,64.01,1.343,79000,78807.6,-5510.8,0.0,0.0,0.0,0.0,0.0,0.0,-18669.4,-622311.8,60138.2,0.0,1,0
12.7,400.754,594.1,0.754,0.0,1.05,-0.0,1.05,0.987,-0.0,4,0.0,4.0,0.51,0.011,1.225,288.15,340.35,0.0031,63998.1,13998.08,17410.6,64.01,1.394,82000,81800.3,-5720.0,-0.0,-40.8,-3.3,0.0,2.4,0.9,-18661.8,-622060.3,63135.2,-0.0,1,0
12.8,400.865,594.1,0.865,0.0,1.151,-0.0,1.151,1.033,-0.0,4,0.0,4.0,0.51,0.011,1.225,288.15,340.35,0.0034,63997.9,13997.94,17410.4,64.01,1.445,85000,84792.9,-5929.3,-0.0,-49.2,-4.0,0.0,2.9,1.1,-18655.2,-621841.3,66133.8,-0.0,1,0
12.9,400.986,594.1,0.986,0.0,1.257,-0.0,1.257,1.08,0.0,4,0.0,4.0,0.51,0.011,1.225,288.15,340.35,0.0037,63997.8,13997.79,17410.2,64.0,1.496,88000,87785.6,-6138.6,-0.0,-58.7,-4.7,0.0,3.5,1.3,-18648.6,-621621.1,69132.3,0.0,1,0
13.0,401.118,594.1,1.118,0.0,1.368,-0.0,1.368,1.127,0.0,4,0.0,4.0,0.51,0.011,1.225,288.15,340.35,0.004,63997.6,13997.64,17410.0,64.0,1.547,91000,90778.3,-6347.8,-0.0,-69.6,-5.6,0.0,4.1,1.5,-18642.0,-621399.4,72130.7,0.0,1,0
13.1,401.262,594.1,1.262,0.0,1.484,-0.0,1.484,1.174,0.0,4,0.0,4.0,0.51,0.011,1.225,288.15,340.35,0.0044,63997.5,13997.48,17409.8,64.0,1.598,94000,93771.0,-6557.1,-0.0,-81.9,-6.6,0.0,4.8,1.8,-18635.3,-621176.3,75129.1,0.0,1,0
13.2,401.417,594.1,1.417,0.0,1.604,-0.0,1.604,1.221,0.0,4,0.0,4.0,0.51,0.011,1.225,288.15,340.35,0.0047,63997.3,13997.32,17409.6,64.0,1.649,97000,96763.7,-6766.4,-0.0,-95.8,-7.7,0.0,5.6,2.1,-18628.5,-620951.5,78127.5,0.0,1,0
13.3,401.585,594.1,1.585,0.0,1.728,-0.0,1.728,1.268,-0.0,4,-0.0,4.0,0.51,0.011,1.225,288.15,340.35,0.0051,63997.2,13997.15,17409.4,64.0,1.7,100000,99756.4,-6975.6,0.0,-111.5,-9.0,-0.0,6.6,2.4,-18621.7,-620725.0,81125.7,-0.0,1,0
13.4,401.765,594.1,1.765,0.0,1.858,0.0,1.858,1.314,0.0,4,-0.0,4.0,0.51,0.011,1.225,288.15,340.35,0.0055,63997.0,13996.98,17409.2,64.0,1.751,103000,102749.1,-7184.9,0.0,-128.9,-10.4,-0.0,7.6,2.8,-18614.9,-620496.6,84123.8,0.0,1,0
13.5,401.959,594.1,1.959,0.0,1.992,-0.0,1.992,1.361,0.0,4,0.0,4.0,0.51,0.011,1.225,288.15,340.35,0.0059,63996.8,13996.8,17409.0,64.0,1.802,106000,105741.8,-7394.2,-0.0,-148.3,-11.9,0.0,8.7,3.2,-18608.0,-620266.1,87121.9,0.0,1,0
13.6,402.166,594.1,2.166,0.0,2.131,-0.0,2.131,1.408,0.0,4,0.0,4.0,0.51,0.011,1.225,288.15,340.35,0.0063,63996.6,13996.62,17408.7,64.0,1.853,109000,108734.5,-7603.5,-0.0,-169.8,-13.7,0.0,10.0,3.7,-18601.0,-620033.5,90119.8,0.0,1,0
13.7,402.388,594.1,2.388,0.0,2.275,-0.0,2.275,1.455,-0.0,4,0.0,4.0,0.51,0.011,1.225,288.15,340.35,0.0067,63996.4,13996.43,17408.5,64.0,1.904,112000,111727.2,-7812.7,-0.0,-193.6,-15.6,0.0,11.4,4.2,-18594.0,-619798.6,93117.6,-0.0,1,0
13.8,402.624,594.1,2.624,0.0,2.423,-0.0,2.423,1.502,-0.0,4,0.0,4.0,0.51,0.011,1.225,288.15,340.35,0.0071,63996.2,13996.24,17408.3,64.0,1.955,115000,114719.9,-8022.0,-0.0,-219.8,-17.7,0.0,12.9,4.7,-18586.8,-619561.3,96115.4,-0.0,1,0
13.9,402.875,594.1,2.875,0.0,2.576,-0.0,2.576,1.549,-0.0,4,0.0,4.0,0.51,0.011,1.225,288.15,340.35,0.0076,63996.0,13996.04,17408.0,64.0,2.006,118000,117712.6,-8231.3,-0.0,-248.6,-20.0,0.0,14.6,5.4,-18579.6,-619321.3,99112.9,-0.0,1,0
14.0,403.141,594.1,3.141,0.0,2.733,-0.0,2.733,1.596,-0.0,4,0.0,4.0,0.51,0.011,1.225,288.15,340.35,0.008,63995.8,13995.83,17407.8,64.0,2.057,121000,120705.3,-8440.5,-0.0,-280.1,-22.5,0.0,16.5,6.0,-18572.4,-619078.5,102110.4,-0.0,1,0
14.1,403.424,594.1,3.424,0.0,2.896,-0.0,2.896,1.642,0.0,4,0.0,4.0,0.51,0.011,1.225,288.15,340.35,0.0085,63995.6,13995.63,17407.5,63.99,2.108,124000,123697.9,-8649.8,-0.0,-314.5,-25.3,0.0,18.5,6.8,-18565.0,-618832.7,105107.7,0.0,1,0
14.2,403.724,594.1,3.724,0.0,3.063,-0.0,3.063,1.689,-0.0,4,0.0,4.0,0.51,0.011,1.225,288.15,340.35,0.009,63995.4,13995.41,17407.2,63.99,2.159,127000,126690.6,-8859.1,-0.0,-352.1,-28.3,0.0,20.7,7.6,-18557.5,-618583.9,108104.8,-0.0,1,0
14.3,404.04,594.1,4.04,0.0,3.234,-0.0,3.234,1.736,-0.0,4,0.0,4.0,0.51,0.011,1.225,288.15,340.35,0.0095,63995.2,13995.19,17407.0,63.99,2.21,130000,129683.3,-9068.3,-0.0,-392.8,-31.6,0.0,23.1,8.5,-18550.0,-618331.7,111101.8,-0.0,1,0
14.4,404.373,594.1,4.373,0.0,3.411,-0.0,3.411,1.783,0.0,4,0.0,4.0,0.51,0.011,1.225,288.15,340.35,0.01,63995.0,13994.97,17406.7,63.99,2.261,133000,132676.0,-9277.6,-0.0,-437.0,-35.1,0.0,25.7,9.4,-18542.3,-618076.0,114098.6,0.0,1,0
14.5,404.725,594.1,4.725,0.0,3.592,-0.0,3.592,1.83,0.0,4,0.0,4.0,0.51,0.011,1.225,288.15,340.35,0.0106,63994.7,13994.74,17406.4,63.99,2.312,136000,135668.7,-9486.9,-0.0,-484.9,-39.0,0.0,28.5,10.5,-18534.5,-617816.7,117095.2,0.0,1,0
14.6,405.095,594.1,5.095,0.0,3.777,-0.0,3.777,1.877,0.0,4,0.0,4.0,0.51,0.011,1.225,288.15,340.35,0.0111,63994.5,13994.51,17406.1,63.99,2.363,139000,138661.4,-9696.1,-0.0,-536.5,-43.1,0.0,31.6,11.6,-18526.6,-617553.4,120091.7,0.0,1,0
14.7,405.484,594.1,5.484,0.0,3.968,-0.0,3.968,1.923,-0.0,4,0.0,4.0,0.51,0.011,1.225,288.15,340.35,0.0117,63994.3,13994.27,17405.8,63.99,2.414,142000,141654.1,-9905.4,-0.0,-592.2,-47.6,0.0,34.8,12.8,-18518.6,-617286.1,123087.9,-0.0,1,0
14.8,405.892,594.1,5.892,0.0,4.163,-0.0,4.163,1.97,0.0,4,0.0,4.0,0.51,0.011,1.225,288.15,340.35,0.0122,63994.0,13994.02,17405.5,63.99,2.465,145000,144646.8,-10114.7,-0.0,-652.1,-52.4,0.0,38.4,14.1,-18510.4,-617014.5,126083.9,0.0,1,0
14.9,406.32,594.1,6.32,0.0,4.363,-0.0,4.363,2.017,-0.0,4,0.0,4.0,0.51,0.011,1.225,288.15,340.35,0.0128,63993.8,13993.77,17405.2,63.99,2.516,148000,147639.5,-10324.0,-0.0,-716.5,-57.6,0.0,42.1,15.5,-18502.2,-616738.5,129079.7,-0.0,1,0
15.0,406.768,594.1,6.768,0.0,4.567,-0.0,4.567,2.064,-0.0,4,0.0,4.0,0.51,0.011,1.225,288.15,340.35,0.0134,63993.5,13993.52,17404.9,63.98,2.567,151000,150632.2,-10533.2,-0.0,-785.5,-63.2,0.0,46.2,17.0,-18493.7,-616457.7,132075.3,-0.0,1,0
15.1,407.237,594.1,7.237,0.0,4.776,-0.0,4.776,2.111,0.0,4,0.0,4.0,0.51,0.011,1.225,288.15,340.35,0.014,63993.3,13993.26,17404.6,63.98,2.618,154000,153624.9,-10742.5,-0.0,-859.4,-69.1,0.0,50.6,18.6,-18485.2,-616172.0,135070.6,0.0,1,0
15.2,407.727,594.1,7.727,0.0,4.99,-0.0,4.99,2.158,-0.0,4,0.0,4.0,0.51,0.011,1.225,288.15,340.35,0.0147,63993.0,13992.99,17404.2,63.98,2.669,157000,156617.6,-10951.8,-0.0,-938.3,-75.5,0.0,55.2,20.3,-18476.4,-615881.2,138065.7,-0.0,1,0
15.3,408.238,594.1,8.238,0.0,5.208,-0.0,5.208,2.204,-0.0,4,0.0,4.0,0.51,0.011,1.225,288.15,340.35,0.0153,63992.7,13992.72,17403.9,63.98,2.72,160000,159610.2,-11161.0,-0.0,-1022.6,-82.2,0.0,60.2,22.1,-18467.5,-615585.0,141060.5,-0.0,1,0
15.4,408.772,594.1,8.772,0.0,5.432,-0.0,5.432,2.251,-0.0,4,0.0,4.0,0.51,0.011,1.225,288.15,340.35,0.016,63992.4,13992.45,17403.5,63.98,2.771,163000,162602.9,-11370.3,-0.0,-1112.5,-89.5,0.0,65.4,24.0,-18458.5,-615283.2,144055.0,-0.0,1,0
15.5,409.329,594.1,9.329,0.0,5.659,-0.0,5.659,2.298,-0.0,4,0.0,4.0,0.51,0.011,1.225,288.15,340.35,0.0166,63992.2,13992.17,17403.2,63.98,2.822,166000,165595.6,-11579.6,-0.0,-1208.1,-97.1,0.0,71.1,26.1,-18449.3,-614975.5,147049.2,-0.0,1,0
15.6,409.908,594.1,9.908,0.0,5.892,-0.0,5.892,2.345,0.0,4,0.0,4.0,0.51,0.011,1.225,288.15,340.35,0.0173,63991.9,13991.88,17402.8,63.98,2.873,169000,168588.3,-11788.8,-0.0,-1309.7,-105.3,0.0,77.0,28.3,-18439.9,-614661.8,150043.2,0.0,1,0
15.7,410.511,594.1,10.511,0.0,6.129,-0.0,6.129,2.392,-0.0,4,0.0,4.0,0.51,0.011,1.225,288.15,340.35,0.018,63991.6,13991.59,17402.5,63.98,2.924,172000,171581.0,-11998.1,-0.0,-1417.7,-114.0,0.0,83.4,30.6,-18430.3,-614341.7,153036.8,-0.0,1,0
15.8,411.138,594.1,11.138,0.0,6.371,-0.0,6.371,2.438,-0.0,4,0.0,4.0,0.51,0.011,1.225,288.15,340.35,0.0187,63991.3,13991.3,17402.1,63.97,2.975,175000,174573.7,-12207.4,-0.0,-1532.2,-123.2,0.0,90.1,33.1,-18420.5,-614015.1,156030.1,-0.0,1,0
15.9,411.79,594.1,11.79,0.0,6.618,-0.0,6.618,2.485,-0.0,4,-0.0,4.0,0.51,0.011,1.225,288.15,340.35,0.0194,63991.0,13991.0,17401.7,63.97,3.026,178000,177566.4,-12416.7,0.0,-1653.5,-133.0,-0.0,97.3,35.7,-18410.4,-613681.6,159023.0,-0.0,1,0
16.0,412.466,594.1,12.466,0.0,6.869,0.0,6.869,2.532,0.0,4,-0.0,4.0,0.51,0.011,1.225,288.15,340.35,0.0202,63990.7,13990.69,17401.4,63.97,3.077,181000,180559.1,-12625.9,0.0,-1781.8,-143.3,-0.0,104.8,38.5,-18400.2,-613341.0,162015.6,0.0,1,0
16.1,413.168,594.1,13.168,0.0,7.125,-0.0,7.125,2.579,0.0,4,0.0,4.0,0.51,0.011,1.225,288.15,340.35,0.0209,63990.4,13990.38,17401.0,63.97,3.128,184000,183551.8,-12835.2,-0.0,-1917.5,-154.2,0.0,112.8,41.4,-18389.8,-612993.0,165007.8,0.0,1,0
16.2,413.895,594.1,13.895,0.0,7.385,0.0,7.385,2.625,0.0,4,-0.0,4.0,0.51,0.011,1.225,288.15,340.35,0.0217,63990.1,13990.07,17400.6,63.97,3.179,187000,186544.5,-13044.5,0.0,-2060.8,-165.7,-0.0,121.2,44.5,-18379.1,-612637.3,167999.6,0.0,1,0
16.3,414.649,594.1,14.649,0.0,7.651,-0.0,7.651,2.672,-0.0,4,0.0,4.0,0.51,0.011,1.225,288.15,340.35,0.0225,63989.7,13989.74,17400.2,63.97,3.23,190000,189537.2,-13253.7,-0.0,-2211.9,-177.9,0.0,130.1,47.8,-18368.2,-612273.7,170991.1,-0.0,1,0
16.4,415.43,594.1,15.43,0.0,7.92,0.0,7.92,2.719,0.0,4,0.0,4.0,0.51,0.011,1.225,288.15,340.35,0.0233,63989.4,13989.42,17399.8,63.97,3.281,193000,192529.9,-13463.0,-0.0,-2371.3,-190.7,0.0,139.5,51.2,-18357.1,-611901.9,173982.1,0.0,1,0
16.5,416.238,594.1,16.238,0.0,8.195,-0.0,8.195,2.766,-0.0,4,0.0,4.0,0.51,0.011,1.225,288.15,340.35,0.0241,63989.1,13989.09,17399.4,63.96,3.332,196000,195522.6,-13672.3,-0.0,-2539.0,-204.2,0.0,149.4,54.8,-18345.6,-611521.7,176972.7,-0.0,1,0
16.6,417.074,594.1,17.074,0.0,8.474,-0.0,8.474,2.812,0.0,4,0.0,4.0,0.51,0.011,1.225,288.15,340.35,0.0249,63988.8,13988.75,17398.9,63.96,3.383,199000,198515.2,-13881.5,-0.0,-2715.6,-218.4,0.0,159.7,58.6,-18334.0,-611132.6,179962.9,0.0,1,0
16.7,417.938,594.1,17.938,0.0,8.758,-0.0,8.758,2.859,0.0,4,0.0,4.0,0.51,0.011,1.225,288.15,340.35,0.0257,63988.4,13988.41,17398.5,63.96,3.434,202000,201507.9,-14090.8,-0.0,-2901.1,-233.3,0.0,170.7,62.6,-18322.0,-610734.4,182952.6,0.0,1,0
16.8,418.83,594.1,18.83,0.0,9.047,-0.0,9.047,2.906,-0.0,4,0.0,4.0,0.51,0.011,1.225,288.15,340.35,0.0266,63988.1,13988.06,17398.1,63.96,3.485,205000,204500.6,-14300.1,-0.0,-3096.0,-249.0,0.0,182.1,66.8,-18309.8,-610326.8,185941.9,-0.0,1,0
16.9,419.752,594.1,19.752,0.0,9.34,0.0,9.34,2.953,0.0,4,0.0,4.0,0.51,0.011,1.225,288.15,340.35,0.0274,63987.7,13987.71,17397.7,63.96,3.536,208000,207493.3,-14509.3,-0.0,-3300.6,-265.4,0.0,194.2,71.3,-18297.3,-609909.5,188930.6,0.0,1,0
17.0,420.704,594.1,20.704,0.0,9.638,-0.0,9.638,2.999,-0.0,4,0.0,4.0,0.51,0.011,1.225,288.15,340.35,0.0283,63987.4,13987.36,17397.2,63.96,3.587,211000,210486.0,-14718.6,-0.0,-3515.1,-282.7,0.0,206.8,75.9,-18284.5,-609482.2,191918.9,-0.0,1,0
17.1,421.685,594.1,21.685,0.0,9.941,-0.0,9.941,3.046,0.0,4,0.0,4.0,0.51,0.011,1.225,288.15,340.35,0.0292,63987.0,13986.99,17396.8,63.96,3.638,214000,213478.7,-14927.9,-0.0,-3740.0,-300.7,0.0,220.0,80.7,-18271.3,-609044.6,194906.6,0.0,1,0
17.2,422.697,594.1,22.697,0.0,10.248,-0.0,10.248,3.093,0.0,4,0.0,4.0,0.51,0.011,1.225,288.15,340.35,0.0301,63986.6,13986.63,17396.3,63.95,3.689,217000,216471.4,-15137.2,-0.0,-3975.4,-319.7,0.0,233.8,85.8,-18257.9,-608596.3,197893.8,0.0,1,0
17.3,423.74,594.1,23.74,0.0,10.56,-0.0,10.56,3.139,0.0,4,0.0,4.0,0.51,0.011,1.225,288.15,340.35,0.031,63986.3,13986.26,17395.8,63.95,3.74,220000,219464.1,-15346.4,-0.0,-4221.8,-339.5,0.0,248.3,91.1,-18244.1,-608137.0,200880.5,0.0,1,0
17.4,424.814,594.1,24.814,0.0,10.877,0.0,10.877,3.17,0.0,4,-0.0,4.0,0.51,0.011,1.225,288.15,340.35,0.032,63985.9,13985.88,17395.4,63.95,3.774,222000,221459.2,-15485.9,0.0,-4479.3,-360.2,-0.0,263.5,96.7,-18232.1,-607736.2,202866.9,0.0,1,0
17.5,425.921,594.1,25.921,0.0,11.194,0.0,11.194,3.17,0.0,4,-0.0,4.0,0.51,0.011,1.225,288.15,340.35,0.0329,63985.5,13985.5,17394.9,63.95,3.774,222000,221459.2,-15485.9,0.0,-4745.6,-381.6,-0.0,279.2,102.4,-18224.0,-607466.3,202853.6,0.0,1,0
17.6,427.059,594.1,27.059,0.0,11.511,0.0,11.511,3.17,0.0,4,-0.0,4.0,0.51,0.011,1.225,288.15,340.35,0.0338,63985.1,13985.12,17394.4,63.95,3.774,222000,221459.2,-15485.9,0.0,-5019.5,-403.6,-0.0,295.3,108.4,-18215.7,-607188.6,202839.9,0.0,1,0
17.7,428.228,594.1,28.228,0.0,11.828,0.0,11.828,3.17,0.0,4,-0.0,4.0,0.51,0.011,1.225,288.15,340.35,0.0348,63984.7,13984.75,17394.0,63.94,3.774,222000,221459.2,-15485.9,0.0,-5301.1,-426.3,-0.0,311.8,114.4,-18207.1,-606903.3,202825.9,0.0,1,0
17.8,429.429,594.1,29.429,0.0,12.145,0.0,12.145,3.17,0.0,4,-0.0,4.0,0.51,0.011,1.225,288.15,340.35,0.0357,63984.4,13984.37,17393.5,63.94,3.774,222000,221459.2,-15485.9,0.0,-5590.3,-449.5,-0.0,328.8,120.7,-18198.3,-606610.4,202811.4,0.0,1,0
17.9,430.662,594.1,30.662,0.0,12.462,0.0,12.462,3.169,0.0,4,-0.0,4.0,0.51,0.011,1.225,288.15,340.35,0.0366,63984.0,13983.99,17393.0,63.94,3.774,222000,221459.2,-15485.9,0.0,-5887.3,-473.4,-0.0,346.3,127.1,-18189.3,-606309.8,202796.5,0.0,1,0
18.0,431.927,594.1,31.927,0.0,12.778,0.0,12.778,3.169,0.0,4,-0.0,4.0,0.51,0.011,1.225,288.15,340.35,0.0375,63983.6,13983.61,17392.6,63.94,3.774,222000,221459.2,-15485.9,0.0,-6191.8,-497.9,-0.0,364.2,133.7,-18180.0,-606001.5,202781.3,0.0,1,0
18.1,433.223,594.1,33.223,0.0,13.095,0.0,13.095,3.169,0.0,4,0.0,4.0,0.51,0.011,1.225,288.15,340.35,0.0385,63983.2,13983.24,17392.1,63.94,3.774,222000,221459.2,-15485.9,-0.0,-6504.1,-523.0,0.0,382.6,140.4,-18170.6,-605685.5,202765.7,0.0,1,0
18.2,434.551,594.1,34.551,0.0,13.412,0.0,13.412,3.169,0.0,4,-0.0,4.0,0.51,0.011,1.225,288.15,340.35,0.0394,63982.9,13982.86,17391.6,63.94,3.774,222000,221459.2,-15485.9,0.0,-6824.0,-548.7,-0.0,401.4,147.3,-18160.9,-605361.9,202749.6,0.0,1,0
18.3,435.911,594.1,35.911,0.0,13.729,0.0,13.729,3.169,0.0,4,-0.0,4.0,0.51,0.011,1.225,288.15,340.35,0.0403,63982.5,13982.48,17391.1,63.93,3.774,222000,221459.2,-15485.9,0.0,-7151.5,-575.1,-0.0,420.7,154.4,-18150.9,-605030.7,202733.2,0.0,1,0
18.4,437.302,594.1,37.302,0.0,14.046,0.0,14.046,3.168,0.0,4,-0.0,4.0,0.51,0.011,1.225,288.15,340.35,0.0413,63982.1,13982.1,17390.7,63.93,3.774,222000,221459.2,-15485.9,0.0,-7486.7,-602.0,-0.0,440.4,161.6,-18140.8,-604691.8,202716.4,0.0,1,0
18.5,438.725,594.1,38.725,0.0,14.363,-0.0,14.363,3.168,-0.0,4,-0.0,4.0,0.51,0.011,1.225,288.15,340.35,0.0422,63981.7,13981.73,17390.2,63.93,3.774,222000,221459.2,-15485.9,0.0,-7829.6,-629.6,-0.0,460.6,169.0,-18130.4,-604345.2,202699.3,-0.0,1,0
18.6,440.18,594.1,40.18,0.0,14.68,0.0,14.68,3.168,0.0,4,-0.0,4.0,0.51,0.011,1.225,288.15,340.35,0.0431,63981.4,13981.35,17389.7,63.93,3.774,222000,221459.2,-15485.9,0.0,-8180.1,-657.8,-0.0,481.2,176.6,-18119.7,-603991.0,202681.7,0.0,1,0
18.7,441.667,594.1,41.667,0.0,14.996,0.0,14.996,3.168,0.0,4,-0.0,4.0,0.51,0.011,1.225,288.15,340.35,0.0441,63981.0,13980.97,17389.3,63.93,3.774,222000,221459.2,-15485.9,0.0,-8538.2,-686.6,-0.0,502.2,184.3,-18108.9,-603629.2,202663.8,0.0,1,0
18.8,443.185,594.1,43.185,0.0,15.313,0.0,15.313,3.167,0.0,4,-0.0,4.0,0.51,0.011,1.225,288.15,340.35,0.045,63980.6,13980.6,17388.8,63.93,3.774,222000,221459.2,-15485.9,0.0,-8904.0,-716.0,-0.0,523.8,192.2,-18097.8,-603259.7,202645.4,0.0,1,0
18.9,444.735,594.1,44.735,0.0,15.63,0.0,15.63,3.167,0.0,4,-0.0,4.0,0.51,0.011,1.225,288.15,340.35,0.0459,63980.2,13980.22,17388.3,63.92,3.774,222000,221459.2,-15485.9,0.0,-9277.5,-746.0,-0.0,545.7,200.3,-18086.5,-602882.5,202626.7,0.0,1,0
19.0,446.316,594.1,46.316,0.0,15.947,0.0,15.947,3.167,0.0,4,-0.0,4.0,0.51,0.011,1.225,288.15,340.35,0.0469,63979.8,13979.84,17387.9,63.92,3.774,222000,221459.2,-15485.9,0.0,-9658.5,-776.7,-0.0,568.1,208.5,-18074.9,-602497.8,202607.6,0.0,1,0
19.1,447.929,594.1,47.929,0.0,16.263,0.0,16.263,3.166,0.0,4,-0.0,4.0,0.51,0.011,1.225,288.15,340.35,0.0478,63979.5,13979.46,17387.4,63.92,3.774,222000,221459.2,-15485.9,0.0,-10047.2,-807.9,-0.0,591.0,216.9,-18063.2,-602105.4,202588.2,0.0,1,0
19.2,449.574,594.1,49.574,0.0,16.58,0.0,16.58,3.166,0.0,4,-0.0,4.0,0.51,0.011,1.225,288.15,340.35,0.0487,63979.1,13979.09,17386.9,63.92,3.774,222000,221459.2,-15485.9,0.0,-10443.6,-839.8,-0.0,614.3,225.5,-18051.2,-601705.3,202568.3,0.0,1,0
19.3,451.25,594.1,51.25,0.0,16.896,0.0,16.896,3.166,0.0,4,-0.0,4.0,0.51,0.011,1.225,288.15,340.35,0.0496,63978.7,13978.71,17386.5,63.92,3.774,222000,221459.2,-15485.9,0.0,-10847.5,-872.3,-0.0,638.1,234.2,-18038.9,-601297.7,202548.0,0.0,1,0
19.4,452.959,594.1,52.959,0.0,17.213,0.0,17.213,3.166,0.0,4,-0.0,4.0,0.51,0.011,1.225,288.15,340.35,0.0506,63978.3,13978.33,17386.0,63.92,3.774,222000,221459.2,-15485.9,0.0,-11259.1,-905.4,-0.0,662.3,243.1,-18026.5,-600882.4,202527.4,0.0,1,0
19.5,454.698,594.1,54.698,0.0,17.53,0.0,17.53,3.165,0.0,4,-0.0,4.0,0.51,0.011,1.225,288.15,340.35,0.0515,63978.0,13977.95,17385.5,63.91,3.774,222000,221459.2,-15485.9,0.0,-11678.3,-939.1,-0.0,687.0,252.1,-18013.8,-600459.5,202506.4,0.0,1,0
19.6,456.47,594.1,56.47,0.0,17.846,0.0,17.846,3.165,0.0,4,-0.0,4.0,0.51,0.011,1.225,288.15,340.35,0.0524,63977.6,13977.58,17385.0,63.91,3.774,222000,221459.2,-15485.9,0.0,-12105.1,-973.4,-0.0,712.1,261.3,-18000.9,-600028.9,202485.0,0.0,1,0
19.7,458.273,594.1,58.273,0.0,18.163,0.0,18.163,3.165,0.0,4,-0.0,4.0,0.51,0.011,1.225,288.15,340.35,0.0534,63977.2,13977.2,17384.6,63.91,3.774,222000,221459.2,-15485.9,0.0,-12539.6,-1008.3,-0.0,737.6,270.7,-17987.7,-599590.8,202463.2,0.0,1,0
19.8,460.107,594.1,60.107,0.0,18.479,0.0,18.479,3.164,0.0,4,-0.0,4.0,0.51,0.011,1.225,288.15,340.35,0.0543,63976.8,13976.82,17384.1,63.91,3.774,222000,221459.2,-15485.9,0.0,-12981.6,-1043.9,-0.0,763.6,280.2,-17974.4,-599145.0,202441.0,0.0,1,0
19.9,461.974,594.1,61.974,0.0,18.795,0.0,18.795,3.142,0.0,8,-0.0,8.0,0.87,0.032,1.225,288.15,340.35,0.0552,63976.4,13976.44,17383.6,63.91,3.774,222000,219839.5,-30896.4,0.0,-22911.2,-1633.8,-0.0,790.0,843.7,-17214.0,-573801.3,200991.7,0.0,1,0
20.0,463.871,594.1,63.871,0.0,19.106,-0.0,19.106,3.097,-0.0,12,0.0,12.0,1.23,0.064,1.225,288.15,340.35,0.0561,63976.1,13976.07,17383.2,63.91,3.774,222000,217148.8,-46156.4,-0.0,-33478.0,-2559.5,0.0,816.5,1743.0,-16439.1,-547970.8,198150.1,-0.0,1,0
20.1,465.8,594.1,65.8,0.0,19.415,0.0,19.415,3.096,0.0,12,0.0,12.0,1.23,0.064,1.225,288.15,340.35,0.057,63975.7,13975.69,17382.7,63.9,3.774,222000,217148.8,-46156.4,-0.0,-34575.1,-2643.4,0.0,843.3,1800.1,-16406.1,-546870.0,198099.3,0.0,1,0
20.2,467.76,594.1,67.76,0.0,19.725,0.0,19.725,3.096,0.0,12,-0.0,12.0,1.23,0.064,1.225,288.15,340.35,0.058,63975.3,13975.31,17382.2,63.9,3.774,222000,217148.8,-46156.4,0.0,-35689.6,-2728.6,-0.0,870.5,1858.1,-16372.6,-545751.8,198047.6,0.0,1,0
20.3,469.75,594.1,69.75,0.0,20.034,-0.0,20.034,3.095,-0.0,12,-0.0,12.0,1.23,0.064,1.225,288.15,340.35,0.0589,63974.9,13974.93,17381.8,63.9,3.774,222000,217148.8,-46156.4,0.0,-36821.5,-2815.2,-0.0,898.1,1917.1,-16338.5,-544616.2,197995.1,-0.0,1,0
20.4,471.772,594.1,71.772,0.0,20.344,0.0,20.344,3.094,0.0,12,-0.0,12.0,1.23,0.064,1.225,288.15,340.35,0.0598,63974.6,13974.56,17381.3,63.9,3.774,222000,217148.8,-46156.4,0.0,-37970.8,-2903.0,-0.0,926.1,1976.9,-16303.9,-543463.2,197941.8,0.0,1,0
20.5,473.824,594.1,73.824,0.0,20.653,-0.0,20.653,3.093,0.0,12,0.0,12.0,1.23,0.064,1.225,288.15,340.35,0.0607,63974.2,13974.18,17380.8,63.9,3.774,222000,217148.8,-46156.4,-0.0,-39137.4,-2992.2,0.0,954.6,2037.7,-16268.8,-542292.9,197887.8,0.0,1,0
20.6,475.907,594.1,75.907,0.0,20.962,0.0,20.962,3.092,0.0,12,0.0,12.0,1.23,0.064,1.225,288.15,340.35,0.0616,63973.8,13973.8,17380.4,63.89,3.774,222000,217148.8,-46156.4,-0.0,-40321.4,-3082.7,0.0,983.4,2099.3,-16233.2,-541105.2,197832.9,0.0,1,0
20.7,478.022,594.1,78.022,0.0,21.272,0.0,21.272,3.092,0.0,12,-0.0,12.0,1.23,0.064,1.225,288.15,340.35,0.0625,63973.4,13973.42,17379.9,63.89,3.774,222000,217148.8,-46156.4,0.0,-41522.7,-3174.6,-0.0,1012.7,2161.8,-16197.0,-539900.2,197777.2,0.0,1,0
20.8,480.167,594.1,80.167,0.0,21.581,-0.0,21.581,3.091,-0.0,12,-0.0,12.0,1.23,0.064,1.225,288.15,340.35,0.0634,63973.0,13973.05,17379.4,63.89,3.774,222000,217148.8,-46156.4,0.0,-42741.2,-3267.7,-0.0,1042.5,2225.3,-16160.3,-538678.0,197720.7,-0.0,1,0
20.9,482.343,594.1,82.343,0.0,21.89,0.0,21.89,3.09,0.0,12,-0.0,12.0,1.23,0.064,1.225,288.15,340.35,0.0643,63972.7,13972.67,17378.9,63.89,3.774,222000,217148.8,-46156.4,0.0,-43977.1,-3362.2,-0.0,1072.6,2289.6,-16123.2,-537438.4,197663.4,0.0,1,0
21.0,484.55,594.1,84.55,0.0,22.199,0.0,22.199,3.089,0.0,12,-0.0,12.0,1.23,0.064,1.225,288.15,340.35,0.0652,63972.3,13972.29,17378.5,63.89,3.774,222000,217148.8,-46156.4,0.0,-45230.1,-3458.0,-0.0,1103.2,2354.9,-16085.4,-536181.6,197605.3,0.0,1,0
21.1,486.788,594.1,86.788,0.0,22.507,-0.0,22.507,3.088,-0.0,12,-0.0,12.0,1.23,0.064,1.225,288.15,340.35,0.0661,63971.9,13971.92,17378.0,63.89,3.774,222000,217148.8,-46156.4,0.0,-46500.5,-3555.2,-0.0,1134.2,2421.0,-16047.2,-534907.6,197546.4,-0.0,1,0
21.2,489.057,594.1,89.057,0.0,22.816,-0.0,22.816,3.087,-0.0,12,-0.0,12.0,1.23,0.064,1.225,288.15,340.35,0.067,63971.5,13971.54,17377.5,63.88,3.774,222000,217148.8,-46156.4,0.0,-47788.0,-3653.6,-0.0,1165.6,2488.0,-16008.5,-533616.4,197486.7,-0.0,1,0
21.3,491.356,594.1,91.356,0.0,23.125,0.0,23.125,3.086,0.0,12,0.0,12.0,1.23,0.064,1.225,288.15,340.35,0.0679,63971.2,13971.16,17377.1,63.88,3.774,222000,217148.8,-46156.4,-0.0,-49092.7,-3753.3,0.0,1197.4,2556.0,-15969.2,-532308.0,197426.2,0.0,1,0
21.4,493.687,594.1,93.687,0.0,23.433,-0.0,23.433,3.085,-0.0,12,0.0,12.0,1.23,0.064,1.225,288.15,340.35,0.0689,63970.8,13970.78,17376.6,63.88,3.774,222000,217148.8,-46156.4,-0.0,-50414.6,-3854.4,0.0,1229.6,2624.8,-15929.5,-530982.4,197364.9,-0.0,1,0
21.5,496.048,594.1,96.048,0.0,23.742,-0.0,23.742,3.084,0.0,12,0.0,12.0,1.23,0.064,1.225,288.15,340.35,0.0698,63970.4,13970.41,17376.1,63.88,3.774,222000,217148.8,-46156.4,-0.0,-51753.6,-3956.8,0.0,1262.3,2694.5,-15889.2,-529639.6,197302.8,0.0,1,0
21.6,498.44,594.1,98.44,0.0,24.05,-0.0,24.05,3.083,0.0,12,0.0,12.0,1.23,0.064,1.225,288.15,340.35,0.0707,63970.0,13970.03,17375.7,63.88,3.774,222000,217148.8,-46156.4,-0.0,-53109.8,-4060.5,0.0,1295.4,2765.1,-15848.4,-528279.8,197239.9,0.0,1,0
21.7,500.863,594.1,100.863,0.0,24.359,0.0,24.359,3.082,0.0,12,0.0,12.0,1.23,0.064,1.225,288.15,340.35,0.0716,63969.7,13969.65,17375.2,63.88,3.774,222000,217148.8,-46156.4,-0.0,-54483.1,-4165.5,0.0,1328.9,2836.6,-15807.1,-526902.8,197176.2,0.0,1,0
21.8,503.317,594.1,103.317,0.0,24.667,0.0,24.667,3.081,0.0,12,-0.0,12.0,1.23,0.064,1.225,288.15,340.35,0.0725,63969.3,13969.27,17374.7,63.87,3.774,222000,217148.8,-46156.4,0.0,-55873.4,-4271.8,-0.0,1362.8,2909.0,-15765.3,-525508.8,197111.7,0.0,1,0
21.9167,506.219,594.1,106.219,0.0,25.026,-0.0,25.026,3.08,-0.0,12,-0.0,12.0,1.23,0.064,1.225,288.15,340.35,0.0735,63968.8,13968.83,17374.2,63.87,3.774,222000,217148.8,-46156.4,0.0,-57517.1,-4397.4,-0.0,1402.9,2994.6,-15715.8,-523860.8,197035.5,-0.0,1,0
22.0167,508.739,594.1,108.739,0.0,25.334,0.0,25.334,3.079,0.0,12,-0.0,12.0,1.23,0.064,1.225,288.15,340.35,0.0744,63968.5,13968.46,17373.7,63.87,3.774,222000,217148.8,-46156.4,0.0,-58944.3,-4506.5,-0.0,1437.7,3068.9,-15672.9,-522429.8,196969.3,0.0,1,0
22.1167,511.291,594.1,111.291,0.0,25.642,0.0,25.642,3.078,0.0,12,-0.0,12.0,1.23,0.064,1.225,288.15,340.35,0.0753,63968.1,13968.08,17373.2,63.87,3.774,222000,217148.8,-46156.4,0.0,-60388.6,-4617.0,-0.0,1472.9,3144.1,-15629.5,-520981.8,196902.3,0.0,1,0
22.2167,513.873,594.1,113.873,0.0,25.95,0.0,25.95,3.077,0.0,12,-0.0,12.0,1.23,0.064,1.225,288.15,340.35,0.0762,63967.7,13967.7,17372.8,63.87,3.774,222000,217148.8,-46156.4,0.0,-61849.9,-4728.7,-0.0,1508.5,3220.2,-15585.5,-519516.8,196834.6,0.0,1,0
22.3167,516.486,594.1,116.486,0.0,26.257,0.0,26.257,3.076,0.0,12,-0.0,12.0,1.23,0.064,1.225,288.15,340.35,0.0771,63967.3,13967.32,17372.3,63.87,3.774,222000,217148.8,-46156.4,0.0,-63328.2,-4841.7,-0.0,1544.6,3297.1,-15541.0,-518034.9,196766.0,0.0,1,0
22.4167,519.129,594.1,119.129,0.0,26.565,-0.0,26.565,3.075,-0.0,12,0.0,12.0,1.23,0.064,1.225,288.15,340.35,0.0781,63966.9,13966.95,17371.8,63.86,3.774,222000,217148.8,-46156.4,-0.0,-64823.3,-4956.0,0.0,1581.1,3375.0,-15496.1,-516536.0,196696.7,-0.0,1,0
22.5167,521.804,594.1,121.804,0.0,26.872,0.0,26.872,3.074,0.0,12,-0.0,12.0,1.23,0.064,1.225,288.15,340.35,0.079,63966.6,13966.57,17371.4,63.86,3.774,222000,217148.8,-46156.4,0.0,-66335.4,-5071.6,-0.0,1617.9,3453.7,-15450.6,-515020.2,196626.5,0.0,1,0
22.6167,524.509,594.1,124.509,0.0,27.18,0.0,27.18,3.073,0.0,12,-0.0,12.0,1.23,0.064,1.225,288.15,340.35,0.0799,63966.2,13966.19,17370.9,63.86,3.774,222000,217148.8,-46156.4,0.0,-67864.4,-5188.5,-0.0,1655.2,3533.3,-15404.6,-513487.5,196555.6,0.0,1,0
22.7167,527.245,594.1,127.245,0.0,27.487,-0.0,27.487,3.072,0.0,12,0.0,12.0,1.23,0.064,1.225,288.15,340.35,0.0808,63965.8,13965.81,17370.4,63.86,3.774,222000,217148.8,-46156.4,-0.0,-69410.3,-5306.7,0.0,1692.9,3613.8,-15358.1,-511937.9,196483.9,0.0,1,0
22.8167,530.012,594.1,130.012,0.0,27.794,0.0,27.794,3.071,0.0,12,-0.0,12.0,1.23,0.064,1.225,288.15,340.35,0.0817,63965.4,13965.44,17369.9,63.86,3.774,222000,217148.8,-46156.4,0.0,-70973.0,-5426.2,-0.0,1731.0,3695.1,-15311.1,-510371.5,196411.4,0.0,1,0
22.9167,532.809,594.1,132.809,0.0,28.106,-0.0,28.106,3.141,-0.0,6,-0.0,6.0,0.69,0.0202,1.225,288.15,340.35,0.0826,63965.1,13965.06,17369.5,63.85,3.774,222000,220783.9,-23205.3,0.0,-40710.2,-2959.0,-0.0,1770.0,1189.0,-16907.5,-563581.7,200917.4,-0.0,1,0
23.0167,535.638,594.1,135.638,0.0,28.421,0.0,28.421,3.151,0.0,4,-0.0,4.0,0.51,0.011,1.225,288.15,340.35,0.0835,63964.7,13964.68,17369.0,63.85,3.774,222000,221459.2,-15485.9,0.0,-30769.4,-2474.2,-0.0,1810.0,664.2,-17437.1,-581238.1,201547.9,0.0,1,0
23.1167,538.498,594.1,138.498,0.0,28.736,0.0,28.736,3.15,0.0,4,-0.0,4.0,0.51,0.011,1.225,288.15,340.35,0.0844,63964.3,13964.3,17368.5,63.85,3.774,222000,221459.2,-15485.9,0.0,-31456.7,-2529.5,-0.0,1850.4,679.1,-17416.4,-580547.2,201513.3,0.0,1,0
23.2167,541.39,594.1,141.39,0.0,29.051,0.0,29.051,3.15,0.0,4,-0.0,4.0,0.51,0.011,1.225,288.15,340.35,0.0854,63963.9,13963.93,17368.1,63.85,3.774,222000,221459.2,-15485.9,0.0,-32151.5,-2585.3,-0.0,1891.3,694.1,-17395.5,-579848.7,201478.4,0.0,1,0
23.3167,544.314,594.1,144.314,0.0,29.366,0.0,29.366,3.149,0.0,4,-0.0,4.0,0.51,0.011,1.225,288.15,340.35,0.0863,63963.5,13963.55,17367.6,63.85,3.774,222000,221459.2,-15485.9,0.0,-32853.7,-2641.8,-0.0,1932.6,709.2,-17374.3,-579142.8,201443.1,0.0,1,0
23.4167,547.269,594.1,147.269,0.0,29.681,0.0,29.681,3.149,0.0,4,-0.0,4.0,0.51,0.011,1.225,288.15,340.35,0.0872,63963.2,13963.17,17367.1,63.85,3.774,222000,221459.2,-15485.9,0.0,-33563.4,-2698.9,-0.0,1974.3,724.5,-17352.9,-578429.4,201407.5,0.0,1,0
23.5167,550.255,594.1,150.255,0.0,29.995,0.0,29.995,3.148,0.0,4,-0.0,4.0,0.51,0.011,1.225,288.15,340.35,0.0881,63962.8,13962.79,17366.7,63.84,3.774,222000,221459.2,-15485.9,0.0,-34280.5,-2756.5,-0.0,2016.5,740.0,-17331.3,-577708.5,201371.4,0.0,1,0
23.6167,553.273,594.1,153.273,0.0,30.31,0.0,30.31,3.148,0.0,4,-0.0,4.0,0.51,0.011,1.225,288.15,340.35,0.0891,63962.4,13962.42,17366.2,63.84,3.774,222000,221459.2,-15485.9,0.0,-35005.1,-2814.8,-0.0,2059.1,755.7,-17309.4,-576980.2,201335.0,0.0,1,0
23.7167,556.323,594.1,156.323,0.0,30.625,0.0,30.625,3.147,0.0,4,-0.0,4.0,0.51,0.011,1.225,288.15,340.35,0.09,63962.0,13962.04,17365.7,63.84,3.774,222000,221459.2,-15485.9,0.0,-35737.2,-2873.7,-0.0,2102.2,771.5,-17287.3,-576244.5,201298.2,0.0,1,0
23.8167,559.403,594.1,159.403,0.0,30.94,0.0,30.94,3.147,0.0,4,-0.0,4.0,0.51,0.011,1.225,288.15,340.35,0.0909,63961.7,13961.66,17365.3,63.84,3.774,222000,221459.2,-15485.9,0.0,-36476.7,-2933.1,-0.0,2145.7,787.4,-17265.0,-575501.3,201261.1,0.0,1,0
23.9167,562.516,594.1,162.516,0.0,31.254,0.0,31.254,3.146,0.0,4,-0.0,4.0,0.51,0.011,1.225,288.15,340.35,0.0918,63961.3,13961.29,17364.8,63.84,3.774,222000,221459.2,-15485.9,0.0,-37223.6,-2993.2,-0.0,2189.6,803.6,-17242.5,-574750.7,201223.5,0.0,1,0
24.0167,565.659,594.1,165.659,0.0,31.569,0.0,31.569,3.145,0.0,4,-0.0,4.0,0.51,0.011,1.225,288.15,340.35,0.0928,63960.9,13960.91,17364.3,63.84,3.774,222000,221459.2,-15485.9,0.0,-37978.0,-3053.8,-0.0,2234.0,819.8,-17219.8,-573992.6,201185.6,0.0,1,0
24.1167,568.835,594.1,168.835,0.0,31.883,0.0,31.883,3.145,0.0,4,-0.0,4.0,0.51,0.011,1.225,288.15,340.35,0.0937,63960.5,13960.53,17363.8,63.83,3.774,222000,221459.2,-15485.9,0.0,-38739.8,-3115.1,-0.0,2278.8,836.3,-17196.8,-573227.1,201147.3,0.0,1,0
24.2167,572.041,594.1,172.041,0.0,32.198,0.0,32.198,3.144,0.0,4,-0.0,4.0,0.51,0.011,1.225,288.15,340.35,0.0946,63960.2,13960.15,17363.4,63.83,3.774,222000,221459.2,-15485.9,0.0,-39509.0,-3177.0,-0.0,2324.1,852.9,-17173.6,-572454.2,201108.6,0.0,1,0
24.3167,575.28,594.1,175.28,0.0,32.512,0.0,32.512,3.144,0.0,4,-0.0,4.0,0.51,0.011,1.225,288.15,340.35,0.0955,63959.8,13959.78,17362.9,63.83,3.774,222000,221459.2,-15485.9,0.0,-40285.6,-3239.4,-0.0,2369.7,869.7,-17150.2,-571673.9,201069.6,0.0,1,0
24.4167,578.549,594.1,178.549,0.0,32.827,0.0,32.827,3.143,0.0,4,-0.0,4.0,0.51,0.011,1.225,288.15,340.35,0.0964,63959.4,13959.4,17362.4,63.83,3.774,222000,221459.2,-15485.9,0.0,-41069.6,-3302.5,-0.0,2415.9,886.6,-17126.6,-570886.1,201030.2,0.0,1,0
24.5167,581.85,594.1,181.85,0.0,33.141,0.0,33.141,3.142,0.0,4,-0.0,4.0,0.51,0.011,1.225,288.15,340.35,0.0974,63959.0,13959.02,17362.0,63.83,3.774,222000,221459.2,-15485.9,0.0,-41861.1,-3366.1,-0.0,2462.4,903.7,-17102.7,-570091.0,200990.4,0.0,1,0
24.6167,585.182,594.1,185.182,0.0,33.455,0.0,33.455,3.142,0.0,4,-0.0,4.0,0.51,0.011,1.225,288.15,340.35,0.0983,63958.6,13958.64,17361.5,63.83,3.774,222000,221459.2,-15485.9,0.0,-42659.9,-3430.3,-0.0,2509.4,920.9,-17078.7,-569288.4,200950.2,0.0,1,0
24.7167,588.546,594.1,188.546,0.0,33.769,0.0,33.769,3.141,0.0,4,-0.0,4.0,0.51,0.011,1.225,288.15,340.35,0.0992,63958.3,13958.27,17361.0,63.82,3.774,222000,221459.2,-15485.9,0.0,-43466.1,-3495.2,-0.0,2556.8,938.3,-17054.4,-568478.5,200909.7,0.0,1,0
24.8167,591.942,594.1,191.942,0.0,34.083,0.0,34.083,3.141,0.0,4,-0.0,4.0,0.51,0.011,1.225,288.15,340.35,0.1001,63957.9,13957.89,17360.6,63.82,3.774,222000,221459.2,-15485.9,0.0,-44279.8,-3560.6,-0.0,2604.7,955.9,-17029.8,-567661.2,200868.8,0.0,1,0
24.9167,595.368,594.1,195.368,0.0,34.397,0.0,34.397,3.14,0.0,4,-0.0,4.0,0.51,0.011,1.225,288.15,340.35,0.1011,63957.5,13957.51,17360.1,63.82,3.774,222000,221459.2,-15485.9,0.0,-45100.8,-3626.6,-0.0,2653.0,973.6,-17005.1,-566836.5,200827.5,0.0,1,0
25.0167,598.826,594.1,198.826,0.0,34.711,0.0,34.711,3.139,0.0,4,0.0,4.0,0.51,0.011,1.225,288.15,340.35,0.102,63957.1,13957.13,17359.6,63.82,3.774,222000,221459.2,-15485.9,-0.0,-45929.1,-3693.2,0.0,2701.7,991.5,-16980.1,-566004.4,200785.9,0.0,1,0
25.1167,602.316,594.1,202.316,0.0,35.025,0.0,35.025,3.139,0.0,4,-0.0,4.0,0.51,0.011,1.225,288.15,340.35,0.1029,63956.8,13956.76,17359.1,63.82,3.774,222000,221459.2,-15485.9,0.0,-46764.9,-3760.4,-0.0,2750.9,1009.5,-16954.9,-565165.0,200743.9,0.0,1,0
25.2167,605.836,594.1,205.836,0.0,35.339,0.0,35.339,3.138,0.0,4,-0.0,4.0,0.51,0.011,1.225,288.15,340.35,0.1038,63956.4,13956.38,17358.7,63.82,3.774,222000,221459.2,-15485.9,0.0,-47608.0,-3828.2,-0.0,2800.5,1027.7,-16929.5,-564318.2,200701.5,0.0,1,0
25.3167,609.389,594.1,209.389,0.0,35.653,0.0,35.653,3.137,0.0,4,-0.0,4.0,0.51,0.011,1.225,288.15,340.35,0.1048,63956.0,13956.0,17358.2,63.81,3.774,222000,221459.2,-15485.9,0.0,-48458.5,-3896.6,-0.0,2850.5,1046.1,-16903.9,-563464.0,200658.7,0.0,1,0
25.4167,612.972,594.1,212.972,0.0,35.966,0.0,35.966,3.137,0.0,4,0.0,4.0,0.51,0.011,1.225,288.15,340.35,0.1057,63955.6,13955.62,17357.7,63.81,3.774,222000,221459.2,-15485.9,-0.0,-49316.3,-3965.6,0.0,2901.0,1064.6,-16878.1,-562602.5,200615.6,0.0,1,0
25.5167,616.587,594.1,216.587,0.0,36.28,-0.0,36.28,3.136,-0.0,4,-0.0,4.0,0.51,0.011,1.225,288.15,340.35,0.1066,63955.2,13955.25,17357.3,63.81,3.774,222000,221459.2,-15485.9,0.0,-50181.4,-4035.1,-0.0,2951.8,1083.3,-16852.0,-561733.6,200572.1,-0.0,1,0
25.6167,620.234,594.1,220.234,0.0,36.594,-0.0,36.594,3.135,0.0,4,0.0,4.0,0.51,0.011,1.225,288.15,340.35,0.1075,63954.9,13954.87,17356.8,63.81,3.774,222000,221459.2,-15485.9,-0.0,-51053.9,-4105.3,0.0,3003.2,1102.1,-16825.7,-560857.4,200528.2,0.0,1,0
25.7167,623.911,594.1,223.911,0.0,36.907,0.0,36.907,3.135,0.0,4,-0.0,4.0,0.51,0.011,1.225,288.15,340.35,0.1084,63954.5,13954.49,17356.3,63.81,3.774,222000,221459.2,-15485.9,0.0,-51933.7,-4176.0,-0.0,3054.9,1121.1,-16799.2,-559973.9,200484.0,0.0,1,0
25.8167,627.62,594.1,227.62,0.0,37.221,0.0,37.221,3.134,0.0,4,-0.0,4.0,0.51,0.011,1.225,288.15,340.35,0.1094,63954.1,13954.11,17355.9,63.8,3.774,222000,221459.2,-15485.9,0.0,-52820.9,-4247.4,-0.0,3107.1,1140.3,-16772.5,-559083.0,200439.3,0.0,1,0
25.9167,631.361,594.1,231.361,0.0,37.534,0.0,37.534,3.133,0.0,4,-0.0,4.0,0.51,0.011,1.225,288.15,340.35,0.1103,63953.7,13953.74,17355.4,63.8,3.774,222000,221459.2,-15485.9,0.0,-53715.3,-4319.3,-0.0,3159.7,1159.6,-16745.5,-558184.9,200394.4,0.0,1,0
26.0167,635.132,594.1,235.132,0.0,37.847,0.0,37.847,3.133,0.0,4,-0.0,4.0,0.51,0.011,1.225,288.15,340.35,0.1112,63953.4,13953.36,17354.9,63.8,3.774,222000,221459.2,-15485.9,0.0,-54617.1,-4391.8,-0.0,3212.8,1179.0,-16718.4,-557279.4,200349.0,0.0,1,0
26.1167,638.935,594.1,238.935,0.0,38.161,0.0,38.161,3.132,0.0,4,-0.0,4.0,0.51,0.011,1.225,288.15,340.35,0.1121,63953.0,13952.98,17354.5,63.8,3.774,222000,221459.2,-15485.9,0.0,-55526.2,-4464.9,-0.0,3266.2,1198.7,-16691.0,-556366.6,200303.3,0.0,1,0
26.2167,642.77,594.1,242.77,0.0,38.474,0.0,38.474,3.131,0.0,4,-0.0,4.0,0.51,0.011,1.225,288.15,340.35,0.113,63952.6,13952.6,17354.0,63.8,3.774,222000,221459.2,-15485.9,0.0,-56442.6,-4538.6,-0.0,3320.2,1218.5,-16663.4,-555446.5,200257.2,0.0,1,0
26.3167,646.635,594.1,246.635,0.0,38.787,0.0,38.787,3.131,0.0,4,-0.0,4.0,0.51,0.011,1.225,288.15,340.35,0.114,63952.2,13952.23,17353.5,63.8,3.774,222000,221459.2,-15485.9,0.0,-57366.3,-4612.9,-0.0,3374.5,1238.4,-16635.6,-554519.2,200210.8,0.0,1,0
26.4167,650.532,594.1,250.532,0.0,39.1,0.0,39.1,3.13,0.0,4,-0.0,4.0,0.51,0.011,1.225,288.15,340.35,0.1149,63951.9,13951.85,17353.0,63.79,3.774,222000,221459.2,-15485.9,0.0,-58297.2,-4687.7,-0.0,3429.2,1258.5,-16607.5,-553584.5,200163.9,0.0,1,0
26.5167,654.46,594.1,254.46,0.0,39.413,0.0,39.413,3.129,0.0,4,-0.0,4.0,0.51,0.011,1.225,288.15,340.35,0.1158,63951.5,13951.47,17352.6,63.79,3.774,222000,221459.2,-15485.9,0.0,-59235.4,-4763.2,-0.0,3484.4,1278.7,-16579.3,-552642.6,200116.8,0.0,1,0
26.6167,658.42,594.1,258.42,0.0,39.726,0.0,39.726,3.128,0.0,4,-0.0,4.0,0.51,0.011,1.225,288.15,340.35,0.1167,63951.1,13951.1,17352.1,63.79,3.774,222000,221459.2,-15485.9,0.0,-60180.9,-4839.2,-0.0,3540.1,1299.2,-16550.8,-551693.4,200069.2,0.0,1,0
26.7167,662.411,594.1,262.411,0.0,40.038,0.0,40.038,3.128,0.0,4,-0.0,4.0,0.51,0.011,1.225,288.15,340.35,0.1176,63950.7,13950.72,17351.6,63.79,3.774,222000,221459.2,-15485.9,0.0,-61133.7,-4915.8,-0.0,3596.1,1319.7,-16522.1,-550736.9,200021.3,0.0,1,0
26.8167,666.433,594.1,266.433,0.0,40.351,0.0,40.351,3.127,0.0,4,-0.0,4.0,0.51,0.011,1.225,288.15,340.35,0.1186,63950.3,13950.34,17351.2,63.79,3.774,222000,221459.2,-15485.9,0.0,-62093.7,-4993.0,-0.0,3652.6,1340.4,-16493.2,-549773.2,199973.0,0.0,1,0
26.9167,670.486,594.1,270.486,0.0,40.664,0.0,40.664,3.126,0.0,4,-0.0,4.0,0.51,0.011,1.225,288.15,340.35,0.1195,63950.0,13949.96,17350.7,63.79,3.774,222000,221459.2,-15485.9,0.0,-63061.0,-5070.8,-0.0,3709.5,1361.3,-16464.1,-548802.2,199924.4,0.0,1,0
27.0167,674.571,594.1,274.571,0.0,40.976,0.0,40.976,3.126,0.0,4,-0.0,4.0,0.51,0.011,1.225,288.15,340.35,0.1204,63949.6,13949.59,17350.2,63.78,3.774,222000,221459.2,-15485.9,0.0,-64035.5,-5149.2,-0.0,3766.8,1382.4,-16434.7,-547824.0,199875.3,0.0,1,0
27.1167,678.687,594.1,278.687,0.0,41.289,0.0,41.289,3.125,0.0,4,-0.0,4.0,0.51,0.011,1.225,288.15,340.35,0.1213,63949.2,13949.21,17349.8,63.78,3.774,222000,221459.2,-15485.9,0.0,-65017.3,-5228.1,-0.0,3824.5,1403.6,-16405.2,-546838.5,199826.0,0.0,1,0
27.2167,682.834,594.1,282.834,0.0,41.601,0.0,41.601,3.124,0.0,4,-0.0,4.0,0.51,0.011,1.225,288.15,340.35,0.1222,63948.8,13948.83,17349.3,63.78,3.774,222000,221459.2,-15485.9,0.0,-66006.3,-5307.6,-0.0,3882.7,1424.9,-16375.4,-545845.8,199776.2,0.0,1,0
27.3167,687.012,594.1,287.012,0.0,41.914,0.0,41.914,3.123,0.0,4,-0.0,4.0,0.51,0.011,1.225,288.15,340.35,0.1231,63948.5,13948.45,17348.8,63.78,3.774,222000,221459.2,-15485.9,0.0,-67002.5,-5387.7,-0.0,3941.3,1446.4,-16345.4,-544845.9,199726.1,0.0,1,0
27.4167,691.222,594.1,291.222,0.0,42.226,0.0,42.226,3.122,0.0,4,-0.0,4.0,0.51,0.011,1.225,288.15,340.35,0.1241,63948.1,13948.08,17348.4,63.78,3.774,222000,221459.2,-15485.9,0.0,-68005.9,-5468.4,-0.0,4000.3,1468.1,-16315.2,-543838.8,199675.6,0.0,1,0
27.5167,695.463,594.1,295.463,0.0,42.538,0.0,42.538,3.122,0.0,4,-0.0,4.0,0.51,0.011,1.225,288.15,340.35,0.125,63947.7,13947.7,17347.9,63.78,3.774,222000,221459.2,-15485.9,0.0,-69016.5,-5549.7,-0.0,4059.8,1489.9,-16284.7,-542824.5,199624.8,0.0,1,0
27.6167,699.735,594.1,299.735,0.0,42.85,0.0,42.85,3.121,0.0,4,-0.0,4.0,0.51,0.011,1.225,288.15,340.35,0.1259,63947.3,13947.32,17347.4,63.77,3.774,222000,221459.2,-15485.9,0.0,-70034.3,-5631.5,-0.0,4119.7,1511.9,-16254.1,-541802.9,199573.6,0.0,1,0
27.7167,704.038,594.1,304.038,0.0,43.162,0.0,43.162,3.12,0.0,4,-0.0,4.0,0.51,0.011,1.225,288.15,340.35,0.1268,63946.9,13946.94,17346.9,63.77,3.774,222000,221459.2,-15485.9,0.0,-71059.3,-5714.0,-0.0,4180.0,1534.0,-16223.2,-540774.2,199522.0,0.0,1,0
27.8167,708.372,594.1,308.372,0.0,43.474,0.0,43.474,3.119,0.0,4,-0.0,4.0,0.51,0.011,1.225,288.15,340.35,0.1277,63946.6,13946.57,17346.5,63.77,3.774,222000,221459.2,-15485.9,0.0,-72091.5,-5797.0,-0.0,4240.7,1556.3,-16192.1,-539738.3,199470.1,0.0,1,0
27.9167,712.738,594.1,312.738,0.0,43.786,0.0,43.786,3.119,0.0,4,-0.0,4.0,0.51,0.011,1.225,288.15,340.35,0.1287,63946.2,13946.19,17346.0,63.77,3.774,222000,221459.2,-15485.9,0.0,-73130.9,-5880.5,-0.0,4301.8,1578.7,-16160.9,-538695.3,199417.8,0.0,1,0
28.0167,717.135,594.1,317.135,0.0,44.098,-0.0,44.098,3.118,-0.0,4,-0.0,4.0,0.51,0.011,1.225,288.15,340.35,0.1296,63945.8,13945.81,17345.5,63.77,3.774,222000,221459.2,-15485.9,0.0,-74177.5,-5964.7,-0.0,4363.4,1601.3,-16129.4,-537645.0,199365.2,-0.0,1,0
28.1167,721.563,594.1,321.563,0.0,44.41,0.0,44.41,3.117,0.0,4,-0.0,4.0,0.51,0.011,1.225,288.15,340.35,0.1305,63945.4,13945.43,17345.1,63.77,3.774,222000,221459.2,-15485.9,0.0,-75231.2,-6049.4,-0.0,4425.4,1624.1,-16097.6,-536587.6,199312.2,0.0,1,0
28.2167,726.022,594.1,326.022,0.0,44.721,0.0,44.721,3.116,0.0,4,-0.0,4.0,0.51,0.011,1.225,288.15,340.35,0.1314,63945.1,13945.06,17344.6,63.76,3.774,222000,221459.2,-15485.9,0.0,-76292.0,-6134.7,-0.0,4487.8,1647.0,-16065.7,-535523.0,199258.8,0.0,1,0
28.3167,730.512,594.1,330.512,0.0,45.033,0.0,45.033,3.115,0.0,4,0.0,4.0,0.51,0.011,1.225,288.15,340.35,0.1323,63944.7,13944.68,17344.1,63.76,3.774,222000,221459.2,-15485.9,-0.0,-77360.0,-6220.6,0.0,4550.6,1670.0,-16033.5,-534451.3,199205.1,0.0,1,0
28.4167,735.034,594.1,335.034,0.0,45.344,0.0,45.344,3.114,0.0,4,-0.0,4.0,0.51,0.011,1.225,288.15,340.35,0.1332,63944.3,13944.3,17343.7,63.76,3.774,222000,221459.2,-15485.9,0.0,-78435.2,-6307.1,-0.0,4613.8,1693.2,-16001.2,-533372.5,199151.0,0.0,1,0
28.5167,739.586,594.1,339.586,0.0,45.656,0.0,45.656,3.114,0.0,4,-0.0,4.0,0.51,0.011,1.225,288.15,340.35,0.1341,63943.9,13943.92,17343.2,63.76,3.774,222000,221459.2,-15485.9,0.0,-79517.5,-6394.1,-0.0,4677.5,1716.6,-15968.6,-532286.5,199096.5,0.0,1,0
28.6167,744.17,594.1,344.17,0.0,45.967,0.0,45.967,3.113,0.0,4,-0.0,4.0,0.51,0.011,1.225,288.15,340.35,0.1351,63943.5,13943.55,17342.7,63.76,3.774,222000,221459.2,-15485.9,0.0,-80606.8,-6481.7,-0.0,4741.6,1740.1,-15935.8,-531193.4,199041.7,0.0,1,0
28.7167,748.785,594.1,348.785,0.0,46.278,0.0,46.278,3.112,0.0,4,-0.0,4.0,0.51,0.011,1.225,288.15,340.35,0.136,63943.2,13943.17,17342.3,63.75,3.774,222000,221459.2,-15485.9,0.0,-81703.4,-6569.9,-0.0,4806.1,1763.8,-15902.8,-530093.2,198986.6,0.0,1,0
28.8167,753.431,594.1,353.431,0.0,46.59,0.0,46.59,3.111,0.0,4,-0.0,4.0,0.51,0.011,1.225,288.15,340.35,0.1369,63942.8,13942.79,17341.8,63.75,3.774,222000,221459.2,-15485.9,0.0,-82807.0,-6658.6,-0.0,4871.0,1787.6,-15869.6,-528985.9,198931.0,0.0,1,0
28.9167,758.108,594.1,358.108,0.0,46.901,0.0,46.901,3.11,0.0,4,-0.0,4.0,0.51,0.011,1.225,288.15,340.35,0.1378,63942.4,13942.42,17341.3,63.75,3.774,222000,221459.2,-15485.9,0.0,-83917.7,-6747.9,-0.0,4936.3,1811.6,-15836.1,-527871.5,198875.2,0.0,1,0
29.0167,762.816,594.1,362.816,0.0,47.212,-0.0,47.212,3.109,-0.0,4,-0.0,4.0,0.51,0.011,1.225,288.15,340.35,0.1387,63942.0,13942.04,17340.8,63.75,3.774,222000,221459.2,-15485.9,0.0,-85035.5,-6837.8,-0.0,5002.1,1835.7,-15802.5,-526750.0,198818.9,-0.0,1,0
29.1167,767.555,594.1,367.555,0.0,47.522,0.0,47.522,3.108,0.0,4,-0.0,4.0,0.51,0.011,1.225,288.15,340.35,0.1396,63941.7,13941.66,17340.4,63.75,3.774,222000,221459.2,-15485.9,0.0,-86160.4,-6928.2,-0.0,5068.3,1860.0,-15768.6,-525621.4,198762.3,0.0,1,0
29.2167,772.326,594.1,372.326,0.0,47.833,0.0,47.833,3.108,0.0,4,-0.0,4.0,0.51,0.011,1.225,288.15,340.35,0.1405,63941.3,13941.28,17339.9,63.75,3.774,222000,221459.2,-15485.9,0.0,-87292.3,-7019.3,-0.0,5134.8,1884.4,-15734.6,-524485.7,198705.4,0.0,1,0
29.3167,777.127,594.1,377.127,0.0,48.144,0.0,48.144,3.107,0.0,4,-0.0,4.0,0.51,0.011,1.225,288.15,340.35,0.1415,63940.9,13940.91,17339.4,63.74,3.774,222000,221459.2,-15485.9,0.0,-88431.4,-7110.9,-0.0,5201.8,1909.0,-15700.3,-523343.0,198648.1,0.0,1,0
29.4167,781.96,594.1,381.96,0.0,48.455,0.0,48.455,3.106,0.0,4,-0.0,4.0,0.51,0.011,1.225,288.15,340.35,0.1424,63940.5,13940.53,17339.0,63.74,3.774,222000,221459.2,-15485.9,0.0,-89577.5,-7203.0,-0.0,5269.3,1933.8,-15665.8,-522193.2,198590.4,0.0,1,0
29.5167,786.823,594.1,386.823,0.0,48.765,0.0,48.765,3.105,0.0,4,-0.0,4.0,0.51,0.011,1.225,288.15,340.35,0.1433,63940.2,13940.15,17338.5,63.74,3.774,222000,221459.2,-15485.9,0.0,-90730.6,-7295.7,-0.0,5337.1,1958.6,-15631.1,-521036.4,198532.4,0.0,1,0
29.6167,791.718,594.1,391.718,0.0,49.076,0.0,49.076,3.104,0.0,4,-0.0,4.0,0.51,0.011,1.225,288.15,340.35,0.1442,63939.8,13939.77,17338.0,63.74,3.774,222000,221459.2,-15485.9,0.0,-91890.8,-7389.0,-0.0,5405.3,1983.7,-15596.2,-519872.5,198474.0,0.0,1,0
29.7167,796.644,594.1,396.644,0.0,49.386,0.0,49.386,3.103,0.0,4,-0.0,4.0,0.51,0.011,1.225,288.15,340.35,0.1451,63939.4,13939.4,17337.6,63.74,3.774,222000,221459.2,-15485.9,0.0,-93058.0,-7482.9,-0.0,5474.0,2008.9,-15561.0,-518701.6,198415.3,0.0,1,0
29.8167,801.6,594.1,401.6,0.0,49.696,0.0,49.696,3.102,0.0,4,-0.0,4.0,0.51,0.011,1.225,288.15,340.35,0.146,63939.0,13939.02,17337.1,63.74,3.774,222000,221459.2,-15485.9,0.0,-94232.2,-7577.3,-0.0,5543.1,2034.2,-15525.7,-517523.6,198356.2,0.0,1,0
29.9167,806.588,594.1,406.588,0.0,50.006,0.0,50.006,3.101,0.0,4,-0.0,4.0,0.51,0.011,1.225,288.15,340.35,0.1469,63938.6,13938.64,17336.6,63.73,3.774,222000,221459.2,-15485.9,0.0,-95413.4,-7672.3,-0.0,5612.6,2059.7,-15490.2,-516338.7,198296.8,0.0,1,0
30.0167,811.607,594.1,411.607,0.0,50.316,0.0,50.316,3.1,0.0,4,-0.0,4.0,0.51,0.011,1.225,288.15,340.35,0.1478,63938.3,13938.26,17336.1,63.73,3.774,222000,221459.2,-15485.9,0.0,-96601.7,-7767.8,-0.0,5682.5,2085.4,-15454.4,-515146.7,198237.0,0.0,1,0
30.1167,816.656,594.1,416.656,0.0,50.626,0.0,50.626,3.1,0.0,4,-0.0,4.0,0.51,0.011,1.225,288.15,340.35,0.1487,63937.9,13937.89,17335.7,63.73,3.774,222000,221459.2,-15485.9,0.0,-97796.9,-7864.0,-0.0,5752.8,2111.2,-15418.4,-513947.8,198176.8,0.0,1,0
30.2167,821.737,594.1,421.737,0.0,50.936,0.0,50.936,3.099,0.0,4,-0.0,4.0,0.51,0.011,1.225,288.15,340.35,0.1497,63937.5,13937.51,17335.2,63.73,3.774,222000,221459.2,-15485.9,0.0,-98999.2,-7960.6,-0.0,5823.5,2137.1,-15382.3,-512741.8,198116.3,0.0,1,0
30.3167,826.849,594.1,426.849,0.0,51.246,0.0,51.246,3.098,0.0,4,-0.0,4.0,0.51,0.011,1.225,288.15,340.35,0.1506,63937.1,13937.13,17334.7,63.73,3.774,222000,221459.2,-15485.9,0.0,-100208.4,-8057.9,-0.0,5894.6,2163.2,-15345.9,-511528.9,198055.5,0.0,1,0
30.4167,831.992,594.1,431.992,0.0,51.556,0.0,51.556,3.097,0.0,4,-0.0,4.0,0.51,0.011,1.225,288.15,340.35,0.1515,63936.8,13936.75,17334.3,63.73,3.774,222000,221459.2,-15485.9,0.0,-101424.6,-8155.7,-0.0,5966.2,2189.5,-15309.3,-510309.0,197994.3,0.0,1,0
30.5167,837.165,594.1,437.165,0.0,51.865,0.0,51.865,3.096,0.0,4,-0.0,4.0,0.51,0.011,1.225,288.15,340.35,0.1524,63936.4,13936.38,17333.8,63.72,3.774,222000,221459.2,-15485.9,0.0,-102647.7,-8254.0,-0.0,6038.1,2215.9,-15272.5,-509082.2,197932.7,0.0,1,0
30.6167,842.37,594.1,442.37,0.0,52.175,0.0,52.175,3.095,0.0,4,-0.0,4.0,0.51,0.011,1.225,288.15,340.35,0.1533,63936.0,13936.0,17333.3,63.72,3.774,222000,221459.2,-15485.9,0.0,-103877.9,-8352.9,-0.0,6110.5,2242.5,-15235.5,-507848.4,197870.8,0.0,1,0
30.7167,847.605,594.1,447.605,0.0,52.484,0.0,52.484,3.094,0.0,4,-0.0,4.0,0.51,0.011,1.225,288.15,340.35,0.1542,63935.6,13935.62,17332.9,63.72,3.774,222000,221459.2,-15485.9,0.0,-105114.9,-8452.4,-0.0,6183.2,2269.2,-15198.2,-506607.6,197808.6,0.0,1,0
30.8167,852.872,594.1,452.872,0.0,52.794,0.0,52.794,3.093,0.0,4,-0.0,4.0,0.51,0.011,1.225,288.15,340.35,0.1551,63935.2,13935.24,17332.4,63.72,3.774,222000,221459.2,-15485.9,0.0,-106358.9,-8552.4,-0.0,6256.4,2296.0,-15160.8,-505359.9,197746.0,0.0,1,0
30.9167,858.169,594.1,458.169,0.0,53.103,0.0,53.103,3.092,0.0,4,-0.0,4.0,0.51,0.011,1.225,288.15,340.35,0.156,63934.9,13934.87,17331.9,63.72,3.774,222000,221459.2,-15485.9,0.0,-107609.8,-8653.0,-0.0,6330.0,2323.0,-15123.2,-504105.3,197683.0,0.0,1,0
31.0167,863.498,594.1,463.498,0.0,53.412,0.0,53.412,3.091,0.0,4,-0.0,4.0,0.51,0.011,1.225,288.15,340.35,0.1569,63934.5,13934.49,17331.5,63.72,3.774,222000,221459.2,-15485.9,0.0,-108867.6,-8754.2,-0.0,6404.0,2350.2,-15085.3,-502843.8,197619.7,0.0,1,0
31.1167,868.857,594.1,468.857,0.0,53.721,0.0,53.721,3.09,0.0,4,-0.0,4.0,0.51,0.011,1.225,288.15,340.35,0.1578,63934.1,13934.11,17331.0,63.71,3.774,222000,221459.2,-15485.9,0.0,-110132.4,-8855.9,-0.0,6478.4,2377.5,-15047.3,-501575.3,197556.1,0.0,1,0
31.2167,874.247,594.1,474.247,0.0,54.03,0.0,54.03,3.089,0.0,4,-0.0,4.0,0.51,0.011,1.225,288.15,340.35,0.1587,63933.7,13933.73,17330.5,63.71,3.774,222000,221459.2,-15485.9,0.0,-111404.0,-8958.1,-0.0,6553.2,2404.9,-15009.0,-500300.0,197492.1,0.0,1,0
31.3167,879.668,594.1,479.668,0.0,54.339,0.0,54.339,3.088,0.0,4,-0.0,4.0,0.51,0.011,1.225,288.15,340.35,0.1597,63933.4,13933.36,17330.0,63.71,3.774,222000,221459.2,-15485.9,0.0,-112682.6,-9060.9,-0.0,6628.4,2432.5,-14970.5,-499017.7,197427.8,0.0,1,0
31.4167,885.12,594.1,485.12,0.0,54.648,0.0,54.648,3.087,0.0,4,-0.0,4.0,0.51,0.011,1.225,288.15,340.35,0.1606,63933.0,13932.98,17329.6,63.71,3.774,222000,221459.2,-15485.9,0.0,-113968.0,-9164.3,-0.0,6704.0,2460.3,-14931.9,-497728.6,197363.1,0.0,1,0
31.5167,890.603,594.1,490.603,0.0,54.956,0.0,54.956,3.086,0.0,4,-0.0,4.0,0.51,0.011,1.225,288.15,340.35,0.1615,63932.6,13932.6,17329.1,63.71,3.774,222000,221459.2,-15485.9,0.0,-115260.3,-9268.2,-0.0,6780.0,2488.2,-14893.0,-496432.6,197298.0,0.0,1,0
31.6167,896.116,594.1,496.116,0.0,55.265,0.0,55.265,3.085,0.0,4,-0.0,4.0,0.51,0.011,1.225,288.15,340.35,0.1624,63932.2,13932.23,17328.6,63.7,3.774,222000,221459.2,-15485.9,0.0,-116559.4,-9372.7,-0.0,6856.4,2516.2,-14853.9,-495129.8,197232.7,0.0,1,0
31.7167,901.661,594.1,501.661,0.0,55.573,0.0,55.573,3.084,0.0,4,-0.0,4.0,0.51,0.011,1.225,288.15,340.35,0.1633,63931.8,13931.85,17328.2,63.7,3.774,222000,221459.2,-15485.9,0.0,-117865.4,-9477.7,-0.0,6933.3,2544.4,-14814.6,-493820.1,197166.9,0.0,1,0
31.8167,907.236,594.1,507.236,0.0,55.882,0.0,55.882,3.083,0.0,4,-0.0,4.0,0.51,0.011,1.225,288.15,340.35,0.1642,63931.5,13931.47,17327.7,63.7,3.774,222000,221459.2,-15485.9,0.0,-119178.3,-9583.2,-0.0,7010.5,2572.8,-14775.1,-492503.5,197100.9,0.0,1,0
31.9167,912.842,594.1,512.842,0.0,56.19,0.0,56.19,3.082,0.0,4,-0.0,4.0,0.51,0.011,1.225,288.15,340.35,0.1651,63931.1,13931.09,17327.2,63.7,3.774,222000,221459.2,-15485.9,0.0,-120497.9,-9689.4,-0.0,7088.1,2601.2,-14735.4,-491180.2,197034.5,0.0,1,0
32.0167,918.479,594.1,518.479,0.0,56.498,0.0,56.498,3.081,0.0,4,-0.0,4.0,0.51,0.011,1.225,288.15,340.35,0.166,63930.7,13930.72,17326.8,63.7,3.774,222000,221459.2,-15485.9,0.0,-121824.4,-9796.0,-0.0,7166.1,2629.9,-14695.5,-489849.9,196967.7,0.0,1,0
32.1167,924.147,594.1,524.147,0.0,56.806,0.0,56.806,3.08,0.0,4,-0.0,4.0,0.51,0.011,1.225,288.15,340.35,0.1669,63930.3,13930.34,17326.3,63.7,3.774,222000,221459.2,-15485.9,0.0,-123157.8,-9903.2,-0.0,7244.6,2658.7,-14655.4,-488512.9,196900.6,0.0,1,0
32.2167,929.845,594.1,529.845,0.0,57.114,0.0,57.114,3.079,0.0,4,-0.0,4.0,0.51,0.011,1.225,288.15,340.35,0.1678,63930.0,13929.96,17325.8,63.69,3.774,222000,221459.2,-15485.9,0.0,-124497.9,-10011.0,-0.0,7323.4,2687.6,-14615.1,-487169.1,196833.1,0.0,1,0
32.3167,935.575,594.1,535.575,0.0,57.422,0.0,57.422,3.078,0.0,4,-0.0,4.0,0.51,0.011,1.225,288.15,340.35,0.1687,63929.6,13929.58,17325.4,63.69,3.774,222000,221459.2,-15485.9,0.0,-125844.8,-10119.3,-0.0,7402.6,2716.7,-14574.6,-485818.5,196765.4,0.0,1,0
32.4167,941.335,594.1,541.335,0.0,57.73,0.0,57.73,3.077,0.0,4,-0.0,4.0,0.51,0.011,1.225,288.15,340.35,0.1696,63929.2,13929.21,17324.9,63.69,3.774,222000,221459.2,-15485.9,0.0,-127198.5,-10228.2,-0.0,7482.3,2745.9,-14533.8,-484461.1,196697.2,0.0,1,0
32.5167,947.126,594.1,547.126,0.0,58.037,0.0,58.037,3.076,0.0,4,-0.0,4.0,0.51,0.011,1.225,288.15,340.35,0.1705,63928.8,13928.83,17324.4,63.69,3.774,222000,221459.2,-15485.9,0.0,-128559.0,-10337.6,-0.0,7562.3,2775.3,-14492.9,-483096.9,196628.8,0.0,1,0
32.6167,952.948,594.1,552.948,0.0,58.345,0.0,58.345,3.075,0.0,4,-0.0,4.0,0.51,0.011,1.225,288.15,340.35,0.1714,63928.5,13928.45,17323.9,63.69,3.774,222000,221459.2,-15485.9,0.0,-129926.3,-10447.5,-0.0,7642.7,2804.8,-14451.8,-481725.9,196559.9,0.0,1,0
32.7167,958.8,594.1,558.8,0.0,58.652,0.0,58.652,3.074,0.0,4,-0.0,4.0,0.51,0.011,1.225,288.15,340.35,0.1723,63928.1,13928.07,17323.5,63.69,3.774,222000,221459.2,-15485.9,0.0,-131300.3,-10558.0,-0.0,7723.5,2834.4,-14410.4,-480348.2,196490.8,0.0,1,0
32.8167,964.683,594.1,564.683,0.0,58.959,0.0,58.959,3.073,0.0,4,-0.0,4.0,0.51,0.011,1.225,288.15,340.35,0.1732,63927.7,13927.7,17323.0,63.68,3.774,222000,221459.2,-15485.9,0.0,-132681.0,-10669.0,-0.0,7804.8,2864.3,-14368.9,-478963.8,196421.3,0.0,1,0
32.9167,970.597,594.1,570.597,0.0,59.267,0.0,59.267,3.071,0.0,4,-0.0,4.0,0.51,0.011,1.225,288.15,340.35,0.1741,63927.3,13927.32,17322.5,63.68,3.774,222000,221459.2,-15485.9,0.0,-134068.5,-10780.6,-0.0,7886.4,2894.2,-14327.2,-477572.6,196351.5,0.0,1,0
33.0167,976.542,594.1,576.542,0.0,59.574,0.0,59.574,3.07,0.0,4,-0.0,4.0,0.51,0.011,1.225,288.15,340.35,0.175,63926.9,13926.94,17322.1,63.68,3.774,222000,221459.2,-15485.9,0.0,-135462.7,-10892.7,-0.0,7968.4,2924.3,-14285.2,-476174.6,196281.3,0.0,1,0
33.1167,982.517,594.1,582.517,0.0,59.881,0.0,59.881,3.069,0.0,4,-0.0,4.0,0.51,0.011,1.225,288.15,340.35,0.1759,63926.6,13926.56,17321.6,63.68,3.774,222000,221459.2,-15485.9,0.0,-136863.7,-11005.3,-0.0,8050.8,2954.5,-14243.1,-474770.0,196210.8,0.0,1,0
33.2167,988.523,594.1,588.523,0.0,60.188,0.0,60.188,3.068,0.0,4,-0.0,4.0,0.51,0.011,1.225,288.15,340.35,0.1768,63926.2,13926.19,17321.1,63.68,3.774,222000,221459.2,-15485.9,0.0,-138271.3,-11118.5,-0.0,8133.6,2984.9,-14200.8,-473358.7,196139.9,0.0,1,0
33.3167,994.559,594.1,594.559,0.0,60.494,0.0,60.494,3.067,0.0,4,-0.0,4.0,0.51,0.011,1.225,288.15,340.35,0.1777,63925.8,13925.81,17320.7,63.68,3.774,222000,221459.2,-15485.9,0.0,-139685.6,-11232.3,-0.0,8216.8,3015.5,-14158.2,-471940.6,196068.7,0.0,1,0
33.4167,1000.627,594.1,600.627,0.0,60.801,0.0,60.801,3.066,0.0,4,-0.0,4.0,0.51,0.011,1.225,288.15,340.35,0.1786,63925.4,13925.43,17320.2,63.67,3.774,222000,221459.2,-15485.9,0.0,-141106.7,-11346.5,-0.0,8300.4,3046.1,-14115.5,-470515.9,195997.2,0.0,1,0
33.5167,1006.725,594.1,606.725,0.0,61.107,0.0,61.107,3.065,0.0,4,-0.0,4.0,0.51,0.011,1.225,288.15,340.35,0.1795,63925.1,13925.05,17319.7,63.67,3.774,222000,221459.2,-15485.9,0.0,-142534.4,-11461.3,-0.0,8384.4,3077.0,-14072.5,-469084.5,195925.3,0.0,1,0
33.6167,1012.853,594.1,612.853,0.0,61.414,0.0,61.414,3.064,0.0,4,-0.0,4.0,0.51,0.011,1.225,288.15,340.35,0.1804,63924.7,13924.68,17319.3,63.67,3.774,222000,221459.2,-15485.9,0.0,-143968.7,-11576.7,-0.0,8468.7,3107.9,-14029.4,-467646.4,195853.2,0.0,1,0
33.7167,1019.013,594.1,619.013,0.0,61.72,0.0,61.72,3.063,0.0,4,-0.0,4.0,0.51,0.011,1.225,288.15,340.35,0.1813,63924.3,13924.3,17318.8,63.67,3.774,222000,221459.2,-15485.9,0.0,-145409.8,-11692.6,-0.0,8553.5,3139.0,-13986.1,-466201.7,195780.6,0.0,1,0
33.8167,1025.202,594.1,625.202,0.0,62.026,0.0,62.026,3.062,0.0,4,-0.0,4.0,0.51,0.011,1.225,288.15,340.35,0.1822,63923.9,13923.92,17318.3,63.67,3.774,222000,221459.2,-15485.9,0.0,-146857.4,-11809.0,-0.0,8638.7,3170.3,-13942.5,-464750.3,195707.8,0.0,1,0
33.9167,1031.423,594.1,631.423,0.0,62.332,0.0,62.332,3.06,0.0,4,-0.0,4.0,0.51,0.011,1.225,288.15,340.35,0.1831,63923.5,13923.55,17317.8,63.67,3.774,222000,221459.2,-15485.9,0.0,-148311.7,-11925.9,-0.0,8724.2,3201.7,-13898.8,-463292.3,195634.5,0.0,1,0
34.0167,1037.674,594.1,637.674,0.0,62.638,0.0,62.638,3.059,0.0,4,-0.0,4.0,0.51,0.011,1.225,288.15,340.35,0.184,63923.2,13923.17,17317.4,63.66,3.774,222000,221459.2,-15485.9,0.0,-149772.7,-12043.4,-0.0,8810.2,3233.2,-13854.8,-461827.7,195561.0,0.0,1,0
34.1167,1043.956,594.1,643.956,0.0,62.944,0.0,62.944,3.058,0.0,4,-0.0,4.0,0.51,0.011,1.225,288.15,340.35,0.1849,63922.8,13922.79,17316.9,63.66,3.774,222000,221459.2,-15485.9,0.0,-151240.2,-12161.4,-0.0,8896.5,3264.9,-13810.7,-460356.4,195487.1,0.0,1,0
34.2167,1050.268,594.1,650.268,0.0,63.25,0.0,63.25,3.057,0.0,4,-0.0,4.0,0.51,0.011,1.225,288.15,340.35,0.1858,63922.4,13922.41,17316.4,63.66,3.774,222000,221459.2,-15485.9,0.0,-152714.4,-12279.9,-0.0,8983.2,3296.7,-13766.4,-458878.6,195412.9,0.0,1,0
34.3167,1056.611,594.1,656.611,0.0,63.556,0.0,63.556,3.056,0.0,4,-0.0,4.0,0.51,0.011,1.225,288.15,340.35,0.1867,63922.0,13922.04,17316.0,63.66,3.774,222000,221459.2,-15485.9,0.0,-154195.1,-12399.0,-0.0,9070.3,3328.7,-13721.8,-457394.1,195338.4,0.0,1,0
34.4167,1062.984,594.1,662.984,0.0,63.861,0.0,63.861,3.055,0.0,4,-0.0,4.0,0.51,0.011,1.225,288.15,340.35,0.1876,63921.7,13921.66,17315.5,63.66,3.774,222000,221459.2,-15485.9,0.0,-155682.4,-12518.6,-0.0,9157.8,3360.8,-13677.1,-455903.1,195263.5,0.0,1,0
34.5167,1069.388,594.1,669.388,0.0,64.167,0.0,64.167,3.054,0.0,4,-0.0,4.0,0.51,0.011,1.225,288.15,340.35,0.1885,63921.3,13921.28,17315.0,63.65,3.774,222000,221459.2,-15485.9,0.0,-157176.3,-12638.7,-0.0,9245.7,3393.0,-13632.2,-454405.5,195188.3,0.0,1,0
34.6167,1075.823,594.1,675.823,0.0,64.472,0.0,64.472,3.052,0.0,4,-0.0,4.0,0.51,0.011,1.225,288.15,340.35,0.1894,63920.9,13920.9,17314.6,63.65,3.774,222000,221459.2,-15485.9,0.0,-158676.8,-12759.4,-0.0,9333.9,3425.4,-13587.0,-452901.3,195112.8,0.0,1,0
34.7167,1082.288,594.1,682.288,0.0,64.777,0.0,64.777,3.051,0.0,4,-0.0,4.0,0.51,0.011,1.225,288.15,340.35,0.1903,63920.5,13920.53,17314.1,63.65,3.774,222000,221459.2,-15485.9,0.0,-160183.8,-12880.5,-0.0,9422.6,3458.0,-13541.7,-451390.6,195037.0,0.0,1,0
34.8167,1088.783,594.1,688.783,0.0,65.082,0.0,65.082,3.05,0.0,4,-0.0,4.0,0.51,0.011,1.225,288.15,340.35,0.1912,63920.1,13920.15,17313.6,63.65,3.774,222000,221459.2,-15485.9,0.0,-161697.4,-13002.3,-0.0,9511.6,3490.6,-13496.2,-449873.3,194960.8,0.0,1,0
34.9167,1095.309,594.1,695.309,0.0,65.387,0.0,65.387,3.049,0.0,4,-0.0,4.0,0.51,0.011,1.225,288.15,340.35,0.1921,63919.8,13919.77,17313.1,63.65,3.774,222000,221459.2,-15485.9,0.0,-163217.5,-13124.5,-0.0,9601.0,3523.5,-13450.5,-448349.6,194884.2,0.0,1,0
35.0167,1101.866,594.1,701.866,0.0,65.692,0.0,65.692,3.048,0.0,4,-0.0,4.0,0.51,0.011,1.225,288.15,340.35,0.193,63919.4,13919.39,17312.7,63.65,3.774,222000,221459.2,-15485.9,0.0,-164744.1,-13247.2,-0.0,9690.8,3556.4,-13404.6,-446819.3,194807.4,0.0,1,0
35.1167,1108.453,594.1,708.453,0.0,65.997,0.0,65.997,3.047,0.0,4,-0.0,4.0,0.51,0.011,1.225,288.15,340.35,0.1939,63919.0,13919.02,17312.2,63.64,3.774,222000,221459.2,-15485.9,0.0,-166277.2,-13370.5,-0.0,9781.0,3589.5,-13358.5,-445282.4,194730.2,0.0,1,0
35.2167,1115.07,594.1,715.07,0.0,66.301,0.0,66.301,3.019,0.0,6,-0.0,6.0,0.69,0.0202,1.225,288.15,340.35,0.1948,63918.6,13918.64,17311.7,63.64,3.774,222000,220783.9,-23205.3,0.0,-227045.0,-16502.7,-0.0,9871.5,6631.2,-11303.7,-376791.5,192977.4,0.0,1,0
35.3167,1121.717,594.1,721.717,0.0,66.593,0.0,66.593,2.828,0.0,12,-0.0,12.0,1.23,0.064,1.225,288.15,340.35,0.1957,63918.3,13918.26,17311.3,63.64,3.774,222000,217148.8,-46156.4,0.0,-408348.5,-31220.0,-0.0,9959.7,21260.2,-5176.0,-172533.3,180752.8,0.0,1,0
35.4167,1128.393,594.1,728.393,0.0,66.871,0.0,66.871,2.777,0.0,13,-0.0,13.0,1.32,0.0738,1.225,288.15,340.35,0.1965,63917.9,13917.88,17310.8,63.64,3.774,222000,216310.2,-49939.1,0.0,-441905.9,-34734.2,-0.0,10043.3,24690.8,-4055.7,-135189.4,177520.3,0.0,1,0
35.5167,1135.096,594.1,735.096,0.0,67.148,0.0,67.148,2.775,0.0,13,-0.0,13.0,1.32,0.0738,1.225,288.15,340.35,0.1973,63917.5,13917.51,17310.3,63.64,3.774,222000,216310.2,-49939.1,0.0,-445585.3,-35023.4,-0.0,10126.9,24896.4,-3945.2,-131506.4,177341.6,0.0,1,0
35.6167,1141.827,594.1,741.827,0.0,67.425,0.0,67.425,2.772,0.0,13,-0.0,13.0,1.32,0.0738,1.225,288.15,340.35,0.1981,63917.1,13917.13,17309.9,63.64,3.774,222000,216310.2,-49939.1,0.0,-449276.1,-35313.5,-0.0,10210.8,25102.7,-3834.4,-127811.8,177162.3,0.0,1,0
35.7167,1148.586,594.1,748.586,0.0,67.702,0.0,67.702,2.769,0.0,13,-0.0,13.0,1.32,0.0738,1.225,288.15,340.35,0.1989,63916.8,13916.75,17309.4,63.63,3.774,222000,216310.2,-49939.1,0.0,-452978.5,-35604.5,-0.0,10295.0,25309.5,-3723.2,-124105.7,176982.5,0.0,1,0
35.8167,1155.372,594.1,755.372,0.0,67.979,0.0,67.979,2.766,0.0,13,-0.0,13.0,1.32,0.0738,1.225,288.15,340.35,0.1997,63916.4,13916.37,17308.9,63.63,3.774,222000,216310.2,-49939.1,0.0,-456692.3,-35896.4,-0.0,10379.4,25517.0,-3611.6,-120388.2,176802.1,0.0,1,0
35.9167,1162.186,594.1,762.186,0.0,68.256,0.0,68.256,2.763,0.0,13,-0.0,13.0,1.32,0.0738,1.225,288.15,340.35,0.2005,63916.0,13916.0,17308.5,63.63,3.774,222000,216310.2,-49939.1,0.0,-460417.5,-36189.2,-0.0,10464.0,25725.2,-3499.8,-116659.3,176621.2,0.0,1,0
36.0167,1169.028,594.1,769.028,0.0,68.532,0.0,68.532,2.761,0.0,13,-0.0,13.0,1.32,0.0738,1.225,288.15,340.35,0.2014,63915.6,13915.62,17308.0,63.63,3.774,222000,216310.2,-49939.1,0.0,-464154.0,-36482.9,-0.0,10549.0,25933.9,-3387.6,-112919.1,176439.7,0.0,1,0
36.1167,1175.897,594.1,775.897,0.0,68.808,0.0,68.808,2.758,0.0,13,-0.0,13.0,1.32,0.0738,1.225,288.15,340.35,0.2022,63915.2,13915.24,17307.5,63.63,3.774,222000,216310.2,-49939.1,0.0,-467901.7,-36777.5,-0.0,10634.1,26143.3,-3275.0,-109167.7,176257.7,0.0,1,0
36.2167,1182.794,594.1,782.794,0.0,69.083,0.0,69.083,2.755,0.0,13,-0.0,13.0,1.32,0.0738,1.225,288.15,340.35,0.203,63914.9,13914.86,17307.0,63.63,3.774,222000,216310.2,-49939.1,0.0,-471660.7,-37072.9,-0.0,10719.6,26353.4,-3162.2,-105405.0,176075.1,0.0,1,0
36.3167,1189.718,594.1,789.718,0.0,69.359,0.0,69.359,2.752,0.0,13,-0.0,13.0,1.32,0.0738,1.225,288.15,340.35,0.2038,63914.5,13914.49,17306.6,63.62,3.774,222000,216310.2,-49939.1,0.0,-475430.7,-37369.2,-0.0,10805.2,26564.0,-3048.9,-101631.2,175892.0,0.0,1,0
36.4167,1196.67,594.1,796.67,0.0,69.634,-0.0,69.634,2.749,0.0,13,0.0,13.0,1.32,0.0738,1.225,288.15,340.35,0.2046,63914.1,13914.11,17306.1,63.62,3.774,222000,216310.2,-49939.1,-0.0,-479211.9,-37666.4,0.0,10891.2,26775.3,-2935.4,-97846.4,175708.3,0.0,1,0
36.5167,1203.65,594.1,803.65,0.0,69.908,-0.0,69.908,2.746,-0.0,13,0.0,13.0,1.32,0.0738,1.225,288.15,340.35,0.2054,63913.7,13913.73,17305.6,63.62,3.774,222000,216310.2,-49939.1,-0.0,-483004.1,-37964.5,0.0,10977.4,26987.1,-2821.5,-94050.5,175524.1,-0.0,1,0
36.6167,1210.656,594.1,810.656,0.0,70.183,-0.0,70.183,2.743,0.0,13,0.0,13.0,1.32,0.0738,1.225,288.15,340.35,0.2062,63913.4,13913.36,17305.2,63.62,3.774,222000,216310.2,-49939.1,-0.0,-486807.2,-38263.4,0.0,11063.8,27199.6,-2707.3,-90243.7,175339.4,0.0,1,0
36.7167,1217.691,594.1,817.691,0.0,70.457,-0.0,70.457,2.741,0.0,13,0.0,13.0,1.32,0.0738,1.225,288.15,340.35,0.207,63913.0,13912.98,17304.7,63.62,3.774,222000,216310.2,-49939.1,-0.0,-490621.2,-38563.2,0.0,11150.5,27412.7,-2592.8,-86425.9,175154.1,0.0,1,0
36.8167,1224.752,594.1,824.752,0.0,70.731,-0.0,70.731,2.738,0.0,13,0.0,13.0,1.32,0.0738,1.225,288.15,340.35,0.2078,63912.6,13912.6,17304.2,63.61,3.774,222000,216310.2,-49939.1,-0.0,-494446.1,-38863.9,0.0,11237.4,27626.5,-2477.9,-82597.3,174968.4,0.0,1,0
36.9167,1231.841,594.1,831.841,0.0,71.004,-0.0,71.004,2.735,0.0,13,0.0,13.0,1.32,0.0738,1.225,288.15,340.35,0.2086,63912.2,13912.22,17303.8,63.61,3.774,222000,216310.2,-49939.1,-0.0,-498281.8,-39165.4,0.0,11324.6,27840.8,-2362.7,-78758.0,174782.1,0.0,1,0
37.0167,1238.958,594.1,838.958,0.0,71.278,-0.0,71.278,2.732,-0.0,13,0.0,13.0,1.32,0.0738,1.225,288.15,340.35,0.2094,63911.8,13911.85,17303.3,63.61,3.774,222000,216310.2,-49939.1,-0.0,-502128.2,-39467.7,0.0,11412.0,28055.7,-2247.2,-74907.9,174595.2,-0.0,1,0
37.1167,1246.102,594.1,846.102,0.0,71.551,-0.0,71.551,2.729,0.0,13,0.0,13.0,1.32,0.0738,1.225,288.15,340.35,0.2102,63911.5,13911.47,17302.8,63.61,3.774,222000,216310.2,-49939.1,-0.0,-505985.3,-39770.9,0.0,11499.7,28271.2,-2131.4,-71047.1,174407.9,0.0,1,0
37.2167,1253.273,594.1,853.273,0.0,71.823,-0.0,71.823,2.726,0.0,13,0.0,13.0,1.32,0.0738,1.225,288.15,340.35,0.211,63911.1,13911.09,17302.4,63.61,3.774,222000,216310.2,-49939.1,-0.0,-509853.0,-40074.9,0.0,11587.6,28487.3,-2015.3,-67175.7,174220.0,0.0,1,0
37.3167,1260.471,594.1,860.471,0.0,72.096,-0.0,72.096,2.723,-0.0,13,0.0,13.0,1.32,0.0738,1.225,288.15,340.35,0.2118,63910.7,13910.71,17301.9,63.61,3.774,222000,216310.2,-49939.1,-0.0,-513731.2,-40379.7,0.0,11675.7,28704.0,-1898.8,-63293.8,174031.6,-0.0,1,0
37.4167,1267.696,594.1,867.696,0.0,72.368,-0.0,72.368,2.72,-0.0,13,0.0,13.0,1.32,0.0738,1.225,288.15,340.35,0.2126,63910.3,13910.34,17301.4,63.6,3.774,222000,216310.2,-49939.1,-0.0,-517619.9,-40685.3,0.0,11764.1,28921.3,-1782.0,-59401.3,173842.8,-0.0,1,0
37.5167,1274.949,594.1,874.949,0.0,72.64,-0.0,72.64,2.717,0.0,13,0.0,13.0,1.32,0.0738,1.225,288.15,340.35,0.2134,63910.0,13909.96,17300.9,63.6,3.774,222000,216310.2,-49939.1,-0.0,-521519.1,-40991.8,0.0,11852.7,29139.1,-1665.0,-55498.5,173653.4,0.0,1,0
37.6167,1282.229,594.1,882.229,0.0,72.911,-0.0,72.911,2.714,0.0,13,0.0,13.0,1.32,0.0738,1.225,288.15,340.35,0.2142,63909.6,13909.58,17300.5,63.6,3.774,222000,216310.2,-49939.1,-0.0,-525428.6,-41299.1,0.0,11941.6,29357.6,-1547.6,-51585.2,173463.5,0.0,1,0
37.7167,1289.536,594.1,889.536,0.0,73.183,-0.0,73.183,2.711,0.0,13,0.0,13.0,1.32,0.0738,1.225,288.15,340.35,0.215,63909.2,13909.2,17300.0,63.6,3.774,222000,216310.2,-49939.1,-0.0,-529348.5,-41607.2,0.0,12030.6,29576.6,-1429.9,-47661.7,173273.1,0.0,1,0
37.8167,1296.87,594.1,896.87,0.0,73.454,-0.0,73.454,2.708,0.0,13,0.0,13.0,1.32,0.0738,1.225,288.15,340.35,0.2158,63908.8,13908.83,17299.5,63.6,3.774,222000,216310.2,-49939.1,-0.0,-533278.6,-41916.1,0.0,12120.0,29796.2,-1311.8,-43727.9,173082.2,0.0,1,0
37.9167,1304.231,594.1,904.231,0.0,73.724,-0.0,73.724,2.705,0.0,13,0.0,13.0,1.32,0.0738,1.225,288.15,340.35,0.2166,63908.4,13908.45,17299.1,63.6,3.774,222000,216310.2,-49939.1,-0.0,-537218.9,-42225.8,0.0,12209.5,30016.3,-1193.5,-39783.9,172890.8,0.0,1,0
38.0167,1311.619,594.1,911.619,0.0,73.995,-0.0,73.995,2.702,0.0,13,0.0,13.0,1.32,0.0738,1.225,288.15,340.35,0.2174,63908.1,13908.07,17298.6,63.59,3.774,222000,216310.2,-49939.1,-0.0,-541169.3,-42536.4,0.0,12299.3,30237.0,-1074.9,-35829.7,172698.9,0.0,1,0
38.1167,1319.034,594.1,919.034,0.0,74.265,-0.0,74.265,2.699,0.0,13,0.0,13.0,1.32,0.0738,1.225,288.15,340.35,0.2182,63907.7,13907.69,17298.1,63.59,3.774,222000,216310.2,-49939.1,-0.0,-545129.9,-42847.7,0.0,12389.3,30458.3,-956.0,-31865.5,172506.5,0.0,1,0
38.2167,1326.477,594.1,926.477,0.0,74.534,-0.0,74.534,2.696,0.0,13,0.0,13.0,1.32,0.0738,1.225,288.15,340.35,0.219,63907.3,13907.32,17297.7,63.59,3.774,222000,216310.2,-49939.1,-0.0,-549100.4,-43159.7,0.0,12479.6,30680.2,-836.7,-27891.2,172313.7,0.0,1,0
38.3167,1333.946,594.1,933.946,0.0,74.804,-0.0,74.804,2.693,0.0,13,0.0,13.0,1.32,0.0738,1.225,288.15,340.35,0.2198,63906.9,13906.94,17297.2,63.59,3.774,222000,216310.2,-49939.1,-0.0,-553080.9,-43472.6,0.0,12570.0,30902.6,-717.2,-23907.0,172120.3,0.0,1,0
38.4167,1341.442,594.1,941.442,0.0,75.073,-0.0,75.073,2.69,0.0,13,0.0,13.0,1.32,0.0738,1.225,288.15,340.35,0.2206,63906.6,13906.56,17296.7,63.59,3.774,222000,216310.2,-49939.1,-0.0,-557071.3,-43786.3,0.0,12660.7,31125.6,-597.4,-19912.9,171926.5,0.0,1,0
38.5167,1348.965,594.1,948.965,0.0,75.342,-0.0,75.342,2.687,0.0,13,0.0,13.0,1.32,0.0738,1.225,288.15,340.35,0.2214,63906.2,13906.18,17296.2,63.59,3.774,222000,216310.2,-49939.1,-0.0,-561071.6,-44100.7,0.0,12751.6,31349.1,-477.3,-15908.9,171732.2,0.0,1,0
38.6167,1356.515,594.1,956.515,0.0,75.61,-0.0,75.61,2.684,0.0,13,0.0,13.0,1.32,0.0738,1.225,288.15,340.35,0.2222,63905.8,13905.81,17295.8,63.58,3.774,222000,216310.2,-49939.1,-0.0,-565081.6,-44415.9,0.0,12842.8,31573.1,-356.9,-11895.2,171537.4,0.0,1,0
38.7167,1364.091,594.1,964.091,0.0,75.879,-0.0,75.879,2.681,0.0,13,0.0,13.0,1.32,0.0738,1.225,288.15,340.35,0.2229,63905.4,13905.43,17295.3,63.58,3.774,222000,216310.2,-49939.1,-0.0,-569101.4,-44731.8,0.0,12934.1,31797.7,-236.2,-7871.7,171342.2,0.0,1,0
38.8167,1371.695,594.1,971.695,0.0,76.147,-0.0,76.147,2.678,0.0,13,0.0,13.0,1.32,0.0738,1.225,288.15,340.35,0.2237,63905.1,13905.05,17294.8,63.58,3.774,222000,216310.2,-49939.1,-0.0,-573130.8,-45048.6,0.0,13025.7,32022.9,-115.2,-3838.6,171146.4,0.0,1,0
38.9167,1379.325,594.1,979.325,0.0,76.414,-0.0,76.414,2.675,-0.003,13,0.0,13.0,1.32,0.0738,1.225,288.15,340.35,0.2245,63904.7,13904.68,17294.4,63.58,3.774,222000,216310.2,-49939.1,-0.0,-577169.9,-45366.0,0.0,13117.5,32248.5,0.0,0.0,170944.1,-204.1,0,0
39.0167,1386.982,594.1,986.982,0.0,76.681,-0.004,76.681,2.67,-0.065,13,0.0,13.0,1.3198,0.0737,1.225,288.15,340.35,0.2253,63904.3,13904.3,17293.9,63.58,3.774,222000,216310.2,-49939.1,-22.2,-581130.3,-45674.4,1.7,13209.5,32465.0,0.0,0.0,170613.5,-4166.5,0,0
39.1167,1394.666,594.099,994.666,0.001,76.948,-0.014,76.948,2.664,-0.124,13,0.01,12.99,1.3192,0.0737,1.225,288.15,340.35,0.2261,63903.9,13903.92,17293.4,63.58,3.774,222000,216310.2,-49939.1,-90.8,-584915.3,-45963.1,7.1,13301.6,32661.5,0.0,0.0,170256.3,-7949.9,0,0
39.2167,1402.376,594.097,1002.376,0.003,77.214,-0.03,77.214,2.658,-0.181,13,0.02,12.98,1.3182,0.0736,1.225,288.15,340.35,0.2269,63903.5,13903.54,17293.0,63.57,3.774,222000,216310.2,-49939.1,-204.0,-588530.5,-46232.6,16.0,13393.8,32838.8,0.0,0.0,169873.6,-11559.8,0,0
39.3167,1410.113,594.092,1010.113,0.008,77.48,-0.051,77.48,2.652,-0.235,13,0.03,12.97,1.3169,0.0734,1.225,288.15,340.35,0.2276,63903.2,13903.17,17292.5,63.57,3.774,222000,216310.2,-49939.1,-360.1,-591981.4,-46483.7,28.3,13486.2,32997.5,0.0,0.0,169466.4,-15002.2,0,0
39.4167,1417.877,594.086,1017.877,0.014,77.744,-0.078,77.745,2.645,-0.286,13,0.05,12.95,1.3152,0.0732,1.225,288.15,340.35,0.2284,63902.8,13902.79,17292.0,63.57,3.774,222000,216310.2,-49939.1,-557.3,-595273.4,-46717.0,43.7,13578.6,33138.4,0.0,0.0,169035.9,-18282.4,0,0
39.5167,1425.666,594.076,1025.666,0.024,78.009,-0.109,78.009,2.638,-0.335,13,0.08,12.92,1.3132,0.073,1.225,288.15,340.35,0.2292,63902.4,13902.41,17291.6,63.57,3.774,222000,216310.2,-49939.1,-793.7,-598411.7,-46933.2,62.2,13671.1,33262.2,0.0,0.0,168583.2,-21406.0,0,0
39.6167,1433.483,594.063,1033.483,0.037,78.272,-0.145,78.272,2.631,-0.381,13,0.1,12.9,1.3108,0.0727,1.225,288.15,340.35,0.23,63902.0,13902.03,17291.1,63.57,3.774,222000,216310.2,-49939.1,-1067.5,-601401.7,-47133.1,83.7,13763.7,33369.5,0.0,0.0,168109.5,-24378.2,0,0
39.7167,1441.325,594.046,1041.325,0.054,78.535,-0.186,78.535,2.623,-0.426,13,0.13,12.87,1.3082,0.0724,1.225,288.15,340.35,0.2307,63901.7,13901.66,17290.6,63.56,3.774,222000,216310.2,-49939.1,-1377.0,-604248.2,-47317.2,107.8,13856.3,33461.0,0.0,0.0,167615.9,-27204.3,0,0
39.8167,1449.194,594.025,1049.194,0.075,78.796,-0.231,78.797,2.615,-0.468,13,0.16,12.84,1.3054,0.0721,1.225,288.15,340.35,0.2315,63901.3,13901.28,17290.1,63.56,3.774,222000,216310.2,-49939.1,-1720.3,-606956.4,-47486.2,134.6,13949.0,33537.4,0.0,0.0,167103.6,-29889.4,0,0
39.9167,1457.089,593.999,1057.089,0.101,79.057,-0.28,79.058,2.607,-0.508,13,0.2,12.8,1.3023,0.0718,1.225,288.15,340.35,0.2323,63900.9,13900.9,17289.7,63.56,3.774,222000,216310.2,-49939.1,-2095.7,-609530.9,-47640.8,163.8,14041.7,33599.4,0.0,0.0,166573.7,-32438.4,0,0
40.0167,1465.01,593.968,1065.01,0.132,79.318,-0.333,79.318,2.598,-0.545,13,0.23,12.77,1.2989,0.0714,1.225,288.15,340.35,0.2331,63900.5,13900.52,17289.2,63.56,3.774,222000,216310.2,-49939.1,-2501.4,-611976.4,-47781.6,195.3,14134.4,33647.6,0.0,0.0,166027.2,-34856.1,0,0
40.1167,1472.957,593.932,1072.957,0.168,79.577,-0.39,79.578,2.589,-0.581,13,0.27,12.73,1.2954,0.071,1.225,288.15,340.35,0.2338,63900.1,13900.15,17288.7,63.56,3.774,222000,216310.2,-49939.1,-2935.6,-614297.7,-47909.1,229.0,14227.1,33682.6,0.0,0.0,165465.4,-37147.5,0,0
40.2167,1480.929,593.889,1080.929,0.211,79.835,-0.45,79.837,2.58,-0.615,13,0.32,12.68,1.2916,0.0706,1.225,288.15,340.35,0.2346,63899.8,13899.77,17288.3,63.56,3.774,222000,216310.2,-49939.1,-3396.8,-616499.1,-48024.1,264.6,14319.8,33705.1,0.0,0.0,164889.2,-39316.9,0,0
40.3167,1488.928,593.841,1088.928,0.259,80.093,-0.513,80.095,2.571,-0.647,13,0.36,12.64,1.2876,0.0702,1.225,288.15,340.35,0.2353,63899.4,13899.39,17287.8,63.55,3.774,222000,216310.2,-49939.1,-3883.3,-618585.1,-48127.1,302.1,14412.5,33715.6,0.0,0.0,164299.8,-41369.1,0,0
40.4167,1496.952,593.785,1096.952,0.315,80.349,-0.58,80.352,2.562,-0.678,13,0.41,12.59,1.2835,0.0697,1.225,288.15,340.35,0.2361,63899.0,13899.01,17287.3,63.55,3.774,222000,216310.2,-49939.1,-4393.4,-620559.8,-48218.7,341.4,14505.1,33714.8,0.0,0.0,163698.1,-43308.3,0,0
40.5167,1505.002,593.723,1105.002,0.377,80.605,-0.649,80.608,2.552,-0.706,13,0.45,12.55,1.2792,0.0693,1.225,288.15,340.35,0.2368,63898.6,13898.64,17286.9,63.55,3.774,222000,216310.2,-49939.1,-4925.6,-622427.5,-48299.5,382.2,14597.8,33703.2,0.0,0.0,163085.1,-45138.8,0,0
40.6167,1513.078,593.654,1113.078,0.446,80.86,-0.722,80.863,2.543,-0.733,13,0.5,12.5,1.2747,0.0688,1.2249,288.15,340.35,0.2376,63898.3,13898.26,17286.4,63.55,3.774,222000,216310.2,-49939.1,-5478.3,-624192.2,-48369.9,424.5,14690.4,33681.4,0.0,0.0,162461.9,-46864.9,0,0
40.7167,1521.178,593.578,1121.178,0.522,81.113,-0.796,81.117,2.533,-0.759,13,0.55,12.45,1.2702,0.0683,1.2249,288.15,340.35,0.2383,63897.9,13897.88,17285.9,63.55,3.774,222000,216310.2,-49939.1,-6050.2,-625857.7,-48430.6,468.2,14783.0,33649.9,0.0,0.0,161829.3,-48490.5,0,0
40.8167,1529.304,593.494,1129.304,0.606,81.366,-0.874,81.371,2.523,-0.783,13,0.61,12.39,1.2654,0.0678,1.2249,288.15,340.35,0.2391,63897.5,13897.5,17285.5,63.55,3.774,222000,216310.2,-49939.1,-6639.8,-627428.0,-48482.0,513.1,14875.5,33609.3,0.0,0.0,161188.3,-50019.6,0,0
40.9167,1537.456,593.402,1137.456,0.698,81.618,-0.953,81.623,2.512,-0.805,13,0.66,12.34,1.2606,0.0673,1.2249,288.15,340.35,0.2398,63897.1,13897.13,17285.0,63.54,3.774,222000,216310.2,-49939.1,-7245.7,-628906.8,-48524.7,559.1,14967.9,33560.0,0.0,0.0,160539.7,-51456.0,0,0
41.0167,1545.632,593.302,1145.632,0.798,81.868,-1.035,81.875,2.502,-0.826,13,0.72,12.28,1.2556,0.0667,1.2249,288.14,340.35,0.2406,63896.7,13896.75,17284.5,63.54,3.774,222000,216310.2,-49939.1,-7866.7,-630297.6,-48559.1,606.1,15060.3,33502.6,0.0,0.0,159884.4,-52803.6,0,0
41.1167,1553.834,593.193,1153.834,0.907,82.118,-1.119,82.126,2.492,-0.846,13,0.77,12.23,1.2506,0.0662,1.2249,288.14,340.34,0.2413,63896.4,13896.37,17284.0,63.54,3.774,222000,216310.2,-49939.1,-8501.3,-631604.0,-48585.7,654.0,15152.6,33437.5,0.0,0.0,159223.1,-54065.7,0,0
41.2167,1562.06,593.076,1162.06,1.024,82.367,-1.205,82.375,2.481,-0.865,13,0.83,12.17,1.2455,0.0657,1.2249,288.14,340.34,0.242,63896.0,13895.99,17283.6,63.54,3.774,222000,216310.2,-49939.1,-9148.5,-632829.3,-48605.0,702.7,15244.9,33365.2,0.0,0.0,158556.7,-55246.1,0,0
41.3167,1570.311,592.951,1170.311,1.149,82.614,-1.292,82.624,2.471,-0.882,13,0.89,12.11,1.2402,0.0651,1.2249,288.14,340.34,0.2428,63895.6,13895.62,17283.1,63.54,3.774,222000,216310.2,-49939.1,-9807.0,-633977.0,-48617.3,752.1,15337.0,33286.1,0.0,0.0,157885.8,-56348.0,0,0
41.4167,1578.587,592.816,1178.587,1.284,82.861,-1.381,82.872,2.46,-0.898,13,0.95,12.05,1.2349,0.0646,1.2249,288.14,340.34,0.2435,63895.2,13895.24,17282.6,63.54,3.774,222000,216310.2,-49939.1,-10475.8,-635050.1,-48623.2,802.1,15429.1,33200.7,0.0,0.0,157211.2,-57374.9,0,0
41.5167,1586.887,592.673,1186.887,1.427,83.106,-1.472,83.119,2.45,-0.913,13,1.0,12.0,1.2296,0.064,1.2248,288.14,340.34,0.2442,63894.9,13894.86,17282.2,63.53,3.774,222000,216310.2,-49939.1,-11153.7,-636051.8,-48622.9,852.6,15521.1,33109.3,0.0,0.0,156533.5,-58329.7,0,0
41.6167,1595.212,592.52,1195.212,1.58,83.35,-1.564,83.365,2.439,-0.927,13,1.06,11.94,1.2242,0.0634,1.2248,288.14,340.34,0.2449,63894.5,13894.49,17281.7,63.53,3.774,222000,216310.2,-49939.1,-11839.8,-636985.2,-48616.9,903.7,15613.0,33012.3,0.0,0.0,155853.4,-59215.8,0,0
41.7167,1603.561,592.359,1203.561,1.741,83.594,-1.657,83.61,2.429,-0.94,13,1.13,11.87,1.2187,0.0629,1.2248,288.14,340.34,0.2457,63894.1,13894.11,17281.2,63.53,3.774,222000,216310.2,-49939.1,-12533.0,-637853.1,-48605.6,955.0,15704.8,32910.2,0.0,0.0,155171.5,-60036.0,0,0
41.8167,1611.935,592.187,1211.935,1.913,83.836,-1.752,83.854,2.418,-0.951,13,1.19,11.81,1.2132,0.0623,1.2248,288.14,340.34,0.2464,63893.7,13893.73,17280.8,63.53,3.774,222000,216310.2,-49939.1,-13232.5,-638658.3,-48589.3,1006.7,15796.5,32803.3,0.0,0.0,154488.3,-60793.2,0,0
41.9167,1620.332,592.007,1220.332,2.093,84.077,-1.848,84.097,2.407,-0.962,13,1.25,11.75,1.2076,0.0617,1.2248,288.14,340.34,0.2471,63893.4,13893.35,17280.3,63.53,3.774,222000,216310.2,-49939.1,-13937.4,-639403.6,-48568.4,1058.7,15888.0,32691.9,0.0,0.0,153804.4,-61490.3,0,0
42.0167,1628.754,591.816,1228.754,2.284,84.317,-1.945,84.34,2.397,-0.972,13,1.31,11.69,1.202,0.0612,1.2247,288.14,340.34,0.2478,63893.0,13892.98,17279.8,63.53,3.774,222000,216310.2,-49939.1,-14646.8,-640091.7,-48543.1,1110.8,15979.5,32576.3,0.0,0.0,153120.3,-62130.0,0,0
42.1167,1637.2,591.616,1237.2,2.484,84.556,-2.042,84.581,2.386,-0.982,13,1.37,11.63,1.1964,0.0606,1.2247,288.13,340.34,0.2485,63892.6,13892.6,17279.4,63.52,3.774,222000,216310.2,-49939.1,-15359.9,-640725.0,-48513.8,1163.0,16070.9,32456.9,0.0,0.0,152436.4,-62714.8,0,0
42.2167,1645.669,591.406,1245.669,2.694,84.794,-2.141,84.821,2.375,-0.99,13,1.44,11.56,1.1908,0.06,1.2247,288.13,340.34,0.2492,63892.2,13892.22,17278.9,63.52,3.774,222000,216310.2,-49939.1,-16076.0,-641306.2,-48480.9,1215.3,16162.1,32334.0,0.0,0.0,151753.3,-63247.3,0,0
42.3167,1654.163,591.186,1254.163,2.914,85.031,-2.241,85.061,2.364,-0.997,13,1.5,11.5,1.1851,0.0594,1.2247,288.13,340.34,0.2499,63891.8,13891.84,17278.4,63.52,3.774,222000,216310.2,-49939.1,-16794.4,-641837.4,-48444.5,1267.6,16253.2,32207.8,0.0,0.0,151071.3,-63730.0,0,0
42.4167,1662.679,590.956,1262.679,3.144,85.267,-2.341,85.299,2.354,-1.004,13,1.56,11.44,1.1794,0.0589,1.2246,288.13,340.34,0.2506,63891.5,13891.47,17277.9,63.52,3.774,222000,216310.2,-49939.1,-17514.5,-642321.1,-48404.9,1319.9,16344.2,32078.7,0.0,0.0,150390.8,-64165.1,0,0
42.5167,1671.22,590.716,1271.22,3.384,85.502,-2.441,85.537,2.343,-1.01,13,1.63,11.37,1.1737,0.0583,1.2246,288.13,340.34,0.2513,63891.1,13891.09,17277.5,63.52,3.774,222000,216310.2,-49939.1,-18235.5,-642759.5,-48362.5,1372.1,16435.1,31946.9,0.0,0.0,149712.2,-64555.0,0,0
42.6167,1679.784,590.466,1279.784,3.634,85.735,-2.543,85.773,2.333,-1.016,13,1.69,11.31,1.1681,0.0578,1.2246,288.13,340.33,0.252,63890.7,13890.71,17277.0,63.51,3.774,222000,216310.2,-49939.1,-18957.0,-643154.7,-48317.4,1424.2,16525.8,31812.6,0.0,0.0,149035.8,-64901.8,0,0
42.7167,1688.371,590.206,1288.371,3.894,85.968,-2.645,86.009,2.322,-1.021,13,1.75,11.25,1.1624,0.0572,1.2245,288.12,340.33,0.2527,63890.3,13890.33,17276.5,63.51,3.774,222000,216310.2,-49939.1,-19678.3,-643508.7,-48269.9,1476.1,16616.4,31676.0,0.0,0.0,148362.0,-65207.6,0,0
42.8167,1696.981,589.935,1296.981,4.165,86.2,-2.747,86.243,2.312,-1.025,13,1.81,11.19,1.1567,0.0566,1.2245,288.12,340.33,0.2534,63890.0,13889.96,17276.1,63.51,3.774,222000,216310.2,-49939.1,-20398.9,-643823.6,-48220.2,1527.8,16706.9,31537.5,0.0,0.0,147691.0,-65474.5,0,0
42.9167,1705.615,589.655,1305.615,4.445,86.43,-2.85,86.477,2.301,-1.028,13,1.88,11.12,1.151,0.0561,1.2245,288.12,340.33,0.2541,63889.6,13889.58,17275.6,63.51,3.774,222000,216310.2,-49939.1,-21118.4,-644101.3,-48168.5,1579.3,16797.2,31397.2,0.0,0.0,147023.2,-65704.4,0,0
43.0167,1714.271,589.364,1314.271,4.736,86.66,-2.953,86.71,2.291,-1.031,13,1.94,11.06,1.1453,0.0555,1.2244,288.12,340.33,0.2548,63889.2,13889.2,17275.1,63.51,3.774,222000,216310.2,-49939.1,-21836.3,-644343.7,-48115.1,1630.6,16887.4,31255.3,0.0,0.0,146358.7,-65899.1,0,0
43.1167,1722.95,589.063,1322.95,5.037,86.888,-3.056,86.942,2.28,-1.034,13,2.0,11.0,1.1396,0.055,1.2244,288.12,340.33,0.2555,63888.8,13888.82,17274.7,63.51,3.774,222000,216310.2,-49939.1,-22552.2,-644552.4,-48060.1,1681.6,16977.5,31112.0,0.0,0.0,145697.9,-66060.6,0,0
43.2167,1731.652,588.751,1331.652,5.349,87.116,-3.16,87.173,2.27,-1.036,13,2.07,10.93,1.134,0.0544,1.2244,288.12,340.33,0.2561,63888.4,13888.45,17274.2,63.5,3.774,222000,216310.2,-49939.1,-23265.6,-644729.2,-48003.6,1732.3,17067.4,30967.4,0.0,0.0,145040.9,-66190.4,0,0
43.3167,1740.377,588.429,1340.377,5.671,87.342,-3.263,87.403,2.26,-1.038,13,2.13,10.87,1.1284,0.0539,1.2243,288.11,340.33,0.2568,63888.1,13888.07,17273.7,63.5,3.774,222000,216310.2,-49939.1,-23976.3,-644875.8,-47945.9,1782.6,17157.2,30821.8,0.0,0.0,144387.9,-66290.4,0,0
43.4167,1749.125,588.097,1349.125,6.003,87.568,-3.367,87.632,2.25,-1.039,13,2.19,10.81,1.1228,0.0534,1.2243,288.11,340.33,0.2575,63887.7,13887.69,17273.2,63.5,3.774,222000,216310.2,-49939.1,-24683.9,-644993.7,-47887.2,1832.6,17246.9,30675.4,0.0,0.0,143739.1,-66362.0,0,0
43.5167,1757.894,587.754,1357.894,6.346,87.792,-3.471,87.86,2.24,-1.039,13,2.25,10.75,1.1172,0.0528,1.2243,288.11,340.32,0.2582,63887.3,13887.31,17272.8,63.5,3.774,222000,216310.2,-49939.1,-25388.0,-645084.5,-47827.5,1882.3,17336.4,30528.2,0.0,0.0,143094.7,-66406.7,0,0
43.6167,1766.687,587.4,1366.687,6.7,88.013,-3.59,88.086,2.103,-1.913,14,2.32,11.68,1.2016,0.0611,1.2242,288.11,340.32,0.2588,63886.9,13886.94,17272.3,63.5,3.774,222000,215405.7,-53706.7,-28200.6,-697384.0,-52881.5,2138.4,17425.7,35499.0,0.0,0.0,134323.6,-122221.4,0,0
43.7167,1775.499,587.023,1375.499,7.077,88.204,-3.881,88.289,1.971,-2.205,20,2.5,17.5,1.1903,0.06,1.2242,288.1,340.32,0.2594,63886.6,13886.56,17271.8,63.5,3.774,222000,208611.8,-75928.5,-30254.8,-693929.8,-52452.3,2286.9,17506.2,34996.0,0.0,0.0,125904.7,-140844.2,0,1
43.8167,1784.331,586.627,1384.331,7.473,88.409,-4.007,88.5,2.068,-1.094,23,2.58,20.42,1.0447,0.0462,1.2241,288.1,340.32,0.26,63886.2,13886.18,17271.4,63.49,3.774,222000,204352.1,-86742.3,-27617.8,-611884.3,-44628.9,2014.4,17589.0,27085.3,0.0,0.0,132105.3,-69888.8,0,1
43.9167,1793.184,586.22,1393.184,7.88,88.615,-4.121,88.711,2.047,-1.168,23,2.65,20.35,1.048,0.0465,1.2241,288.1,340.32,0.2607,63885.8,13885.81,17270.9,63.49,3.774,222000,204352.1,-86742.3,-28553.9,-616707.7,-45011.4,2084.1,17672.3,27387.3,0.0,0.0,130786.8,-74646.2,0,1
44.0167,1802.058,585.801,1402.058,8.299,88.818,-4.242,88.92,2.025,-1.245,23,2.72,20.28,1.0516,0.0468,1.224,288.1,340.32,0.2613,63885.4,13885.43,17270.4,63.49,3.774,222000,204352.1,-86742.3,-29557.7,-621664.9,-45406.6,2158.9,17755.1,27702.8,0.0,0.0,129387.8,-79532.3,0,1
44.1167,1810.951,585.369,1410.951,8.731,89.02,-4.371,89.127,2.002,-1.323,23,2.8,20.2,1.0554,0.0471,1.224,288.09,340.32,0.2619,63885.1,13885.05,17270.0,63.49,3.774,222000,204352.1,-86742.3,-30632.2,-626759.0,-45815.1,2239.2,17837.3,28032.4,0.0,0.0,127904.8,-84549.8,0,1
44.2167,1819.865,584.924,1419.865,9.176,89.218,-4.508,89.332,1.978,-1.404,23,2.88,20.12,1.0594,0.0475,1.2239,288.09,340.31,0.2625,63884.7,13884.67,17269.5,63.49,3.774,222000,204352.1,-86742.3,-31780.5,-631993.0,-46237.2,2325.1,17919.0,28376.6,0.0,0.0,126334.3,-89701.6,0,1
44.3167,1828.798,584.465,1428.798,9.635,89.415,-4.653,89.536,1.952,-1.487,23,2.96,20.04,1.0637,0.0479,1.2239,288.09,340.31,0.2631,63884.3,13884.3,17269.0,63.49,3.774,222000,204352.1,-86742.3,-33006.1,-637370.0,-46673.5,2417.0,18000.1,28735.9,0.0,0.0,124672.5,-94990.4,0,1
44.4167,1837.751,583.991,1437.751,10.109,89.608,-4.807,89.737,1.924,-1.572,23,3.06,19.94,1.0682,0.0483,1.2238,288.08,340.31,0.2637,63883.9,13883.92,17268.6,63.48,3.774,222000,204352.1,-86742.3,-34312.5,-642893.2,-47124.3,2515.1,18080.5,29110.9,0.0,0.0,122915.3,-100419.1,0,1
44.5167,1846.723,583.501,1446.723,10.599,89.799,-4.969,89.936,1.895,-1.659,23,3.15,19.85,1.073,0.0487,1.2238,288.08,340.31,0.2643,63883.5,13883.54,17268.1,63.48,3.774,222000,204352.1,-86742.3,-35703.3,-648565.5,-47590.3,2619.8,18160.2,29502.2,0.0,0.0,121058.4,-105990.4,0,1
44.6167,1855.714,582.994,1455.714,11.106,89.987,-5.14,90.133,1.864,-1.749,23,3.25,19.75,1.0781,0.0492,1.2237,288.08,340.31,0.2649,63883.2,13883.16,17267.6,63.48,3.774,222000,204352.1,-86742.3,-37182.5,-654390.1,-48072.0,2731.5,18239.2,29910.3,0.0,0.0,119097.6,-111707.1,0,1
44.7167,1864.723,582.469,1464.723,11.631,90.171,-5.321,90.328,1.832,-1.84,23,3.36,19.64,1.0834,0.0497,1.2236,288.07,340.3,0.2654,63882.8,13882.79,17267.1,63.48,3.774,222000,204352.1,-86742.3,-38754.1,-660370.0,-48569.8,2850.3,18317.4,30336.0,0.0,0.0,117028.1,-117571.9,0,1
44.8167,1873.751,581.926,1473.751,12.174,90.352,-5.51,90.52,1.798,-1.935,23,3.47,19.53,1.089,0.0502,1.2236,288.07,340.3,0.266,63882.4,13882.41,17266.7,63.48,3.774,222000,204352.1,-86742.3,-40422.6,-666508.3,-49084.4,2976.9,18394.6,30779.9,0.0,0.0,114845.1,-123587.3,0,1
44.9167,1882.797,581.364,1482.797,12.736,90.53,-5.709,90.71,1.762,-2.031,23,3.59,19.41,1.0949,0.0507,1.2235,288.07,340.3,0.2666,63882.0,13882.03,17266.2,63.48,3.774,222000,204352.1,-86742.3,-42192.2,-672808.0,-49616.3,3111.5,18471.0,31242.8,0.0,0.0,112543.5,-129756.1,0,1
45.0167,1891.86,580.781,1491.86,13.319,90.704,-5.918,90.897,1.724,-2.13,23,3.71,19.29,1.1011,0.0513,1.2234,288.06,340.3,0.2671,63881.7,13881.65,17265.7,63.47,3.774,222000,204352.1,-86742.3,-44068.0,-679272.0,-50166.2,3254.5,18546.4,31725.2,0.0,0.0,110117.9,-136080.8,0,1
45.1167,1900.94,580.176,1500.94,13.924,90.874,-6.137,91.081,1.684,-2.232,23,3.84,19.16,1.1075,0.0519,1.2234,288.06,340.3,0.2677,63881.3,13881.28,17265.3,63.47,3.774,222000,204352.1,-86742.3,-46054.6,-685903.3,-50734.6,3406.6,18620.8,32228.0,0.0,0.0,107562.8,-142563.7,0,1
45.2167,1910.037,579.549,1510.037,14.551,91.04,-6.366,91.262,1.642,-2.336,23,3.98,19.02,1.1143,0.0526,1.2233,288.06,340.29,0.2682,63880.9,13880.9,17264.8,63.47,3.774,222000,204352.1,-86742.3,-48157.5,-692704.6,-51322.3,3568.0,18694.1,32752.1,0.0,0.0,104872.2,-149207.3,0,1
45.3167,1919.151,578.899,1519.151,15.201,91.202,-6.606,91.441,1.597,-2.442,23,4.12,18.88,1.1214,0.0532,1.2232,288.05,340.29,0.2687,63880.5,13880.52,17264.3,63.47,3.774,222000,204352.1,-86742.3,-50382.1,-699678.8,-51929.9,3739.3,18766.3,33298.0,0.0,0.0,102040.1,-156013.8,0,1
45.4167,1928.28,578.224,1528.28,15.876,91.359,-6.857,91.616,1.551,-2.551,23,4.27,18.73,1.1288,0.0539,1.2231,288.05,340.29,0.2692,63880.1,13880.14,17263.9,63.47,3.774,222000,204352.1,-86742.3,-52734.1,-706828.4,-52558.0,3921.2,18837.2,33866.9,0.0,0.0,99059.9,-162985.3,0,1
45.5167,1937.425,577.523,1537.425,16.577,91.511,-7.118,91.787,1.502,-2.663,23,4.42,18.58,1.1365,0.0547,1.2231,288.04,340.29,0.2697,63879.8,13879.77,17263.4,63.46,3.774,222000,204352.1,-86742.3,-55219.5,-714155.9,-53207.5,4114.1,18906.9,34459.4,0.0,0.0,95925.0,-170123.7,0,1
45.6167,1946.585,576.795,1546.585,17.305,91.658,-7.391,91.956,1.45,-2.778,23,4.58,18.42,1.1446,0.0555,1.223,288.04,340.28,0.2702,63879.4,13879.39,17262.9,63.46,3.774,222000,204352.1,-86742.3,-57844.7,-721663.9,-53879.1,4318.7,18975.2,35076.6,0.0,0.0,92628.3,-177430.8,0,1
45.7167,1955.759,576.04,1555.759,18.06,91.8,-7.676,92.12,1.396,-2.895,23,4.75,18.25,1.153,0.0563,1.2229,288.03,340.28,0.2707,63879.0,13879.01,17262.5,63.46,3.774,222000,204352.1,-86742.3,-60616.1,-729354.5,-54573.4,4535.6,19042.2,35719.4,0.0,0.0,89162.5,-184908.2,0,1
45.8167,1964.947,575.255,1564.947,18.845,91.936,-7.972,92.281,1.339,-3.014,23,4.93,18.07,1.1618,0.0571,1.2228,288.03,340.28,0.2712,63878.6,13878.63,17262.0,63.46,3.774,222000,204352.1,-86742.3,-63540.8,-737229.8,-55291.4,4765.5,19107.6,36388.8,0.0,0.0,85519.9,-192557.2,0,1
45.9167,1974.148,574.44,1574.148,19.66,92.067,-8.281,92.438,1.279,-3.137,23,5.11,17.89,1.1709,0.058,1.2227,288.02,340.27,0.2717,63878.3,13878.26,17261.5,63.46,3.774,222000,204352.1,-86742.3,-66625.9,-745291.6,-56033.8,5009.2,19171.5,37085.8,0.0,0.0,81692.4,-200379.1,0,1
46.0167,1983.361,573.588,1583.361,20.512,92.177,-8.686,92.586,1.295,-3.094,17,5.35,11.65,1.1983,0.0608,1.2226,288.02,340.27,0.2721,63877.9,13877.88,17261.0,63.46,3.774,222000,212299.7,-64906.5,-71654.8,-764770.4,-57936.5,5428.3,19230.9,38959.4,0.0,0.0,82708.3,-197606.6,0,0
46.1167,1992.588,572.707,1592.588,21.393,92.325,-8.895,92.753,1.475,-2.062,16,5.48,10.52,1.0965,0.0509,1.2225,288.01,340.27,0.2726,63877.5,13877.5,17260.6,63.45,3.774,222000,213400.1,-61191.5,-67402.0,-702103.9,-51796.0,4972.4,19298.1,32736.0,0.0,0.0,94202.1,-131684.6,0,0
46.2167,2001.829,571.805,1601.829,22.295,92.472,-9.097,92.918,1.466,-1.992,16,5.6,10.4,1.086,0.0499,1.2224,288.01,340.26,0.2731,63877.1,13877.12,17260.1,63.45,3.774,222000,213400.1,-61191.5,-68407.2,-697708.3,-51346.8,5034.3,19365.6,32227.3,0.0,0.0,93646.2,-127230.9,0,0
46.3167,2011.084,570.884,1611.084,23.216,92.618,-9.293,93.083,1.458,-1.925,16,5.71,10.29,1.076,0.049,1.2223,288.0,340.26,0.2736,63876.7,13876.75,17259.6,63.45,3.774,222000,213400.1,-61191.5,-69360.0,-693519.8,-50922.5,5092.8,19432.7,31743.8,0.0,0.0,93117.5,-122987.5,0,0
46.4167,2020.355,569.944,1620.355,24.156,92.764,-9.481,93.247,1.45,-1.862,16,5.82,10.18,1.0663,0.0481,1.2222,287.99,340.26,0.274,63876.4,13876.37,17259.2,63.45,3.774,222000,213400.1,-61191.5,-70264.5,-689528.6,-50521.8,5148.3,19499.5,31284.0,0.0,0.0,92613.8,-118944.7,0,0
46.5167,2029.639,568.985,1629.639,25.115,92.908,-9.664,93.409,1.442,-1.802,16,5.92,10.08,1.0571,0.0473,1.2221,287.99,340.25,0.2745,63876.0,13875.99,17258.7,63.45,3.774,222000,213400.1,-61191.5,-71124.1,-685725.8,-50143.2,5200.9,19565.8,30846.4,0.0,0.0,92132.8,-115092.9,0,0
46.6167,2038.939,568.008,1638.939,26.092,93.052,-9.841,93.571,1.435,-1.744,16,6.02,9.98,1.0481,0.0465,1.222,287.98,340.25,0.275,63875.6,13875.62,17258.2,63.45,3.774,222000,213400.1,-61191.5,-71942.2,-682102.4,-49785.3,5250.9,19631.7,30429.7,0.0,0.0,91672.5,-111423.1,0,0
46.7167,2048.252,567.014,1648.252,27.086,93.195,-10.012,93.731,1.428,-1.69,16,6.12,9.88,1.0395,0.0457,1.2218,287.98,340.25,0.2755,63875.2,13875.24,17257.8,63.44,3.774,222000,213400.1,-61191.5,-72721.9,-678650.0,-49447.1,5298.6,19697.3,30032.8,0.0,0.0,91231.1,-107926.9,0,0
46.8167,2057.58,566.003,1657.58,28.097,93.337,-10.178,93.891,1.422,-1.638,16,6.21,9.79,1.0313,0.045,1.2217,287.97,340.24,0.276,63874.9,13874.86,17257.3,63.44,3.774,222000,213400.1,-61191.5,-73465.9,-675360.8,-49127.3,5344.1,19762.6,29654.5,0.0,0.0,90806.9,-104595.8,0,0
46.9167,2066.922,564.976,1666.922,29.124,93.479,-10.339,94.049,1.415,-1.588,16,6.3,9.7,1.0233,0.0443,1.2216,287.96,340.24,0.2764,63874.5,13874.48,17256.8,63.44,3.774,222000,213400.1,-61191.5,-74176.8,-672226.9,-48824.8,5387.6,19827.5,29293.6,0.0,0.0,90398.5,-101422.1,0,0
47.0167,2076.278,563.933,1676.278,30.167,93.62,-10.495,94.207,1.409,-1.541,16,6.38,9.62,1.0156,0.0437,1.2215,287.96,340.23,0.2769,63874.1,13874.11,17256.4,63.44,3.774,222000,213400.1,-61191.5,-74857.0,-669241.0,-48538.7,5429.2,19892.1,28949.3,0.0,0.0,90004.4,-98398.3,0,0
47.1167,2085.648,562.875,1685.648,31.225,93.761,-10.646,94.363,1.403,-1.495,16,6.46,9.54,1.0082,0.043,1.2214,287.95,340.23,0.2774,63873.7,13873.73,17255.9,63.44,3.774,222000,213400.1,-61191.5,-75508.6,-666396.2,-48268.0,5469.2,19956.4,28620.5,0.0,0.0,89623.5,-95517.2,0,0
47.2167,2095.033,561.801,1695.033,32.299,93.901,-10.793,94.519,1.397,-1.452,16,6.54,9.46,1.001,0.0424,1.2212,287.94,340.23,0.2778,63873.4,13873.35,17255.4,63.44,3.774,222000,213400.1,-61191.5,-76133.7,-663685.7,-48011.9,5507.6,20020.3,28306.4,0.0,0.0,89254.5,-92772.0,0,0
47.3167,2104.431,560.714,1704.431,33.386,94.04,-10.936,94.674,1.392,-1.411,16,6.62,9.38,0.9941,0.0418,1.2211,287.93,340.22,0.2783,63873.0,13872.97,17254.9,63.43,3.774,222000,213400.1,-61191.5,-76734.1,-661103.0,-47769.5,5544.6,20084.0,28006.2,0.0,0.0,88896.5,-90156.1,0,0
47.4167,2113.843,559.612,1713.843,34.488,94.179,-11.075,94.828,1.386,-1.372,16,6.69,9.31,0.9875,0.0413,1.221,287.93,340.22,0.2787,63872.6,13872.6,17254.5,63.43,3.774,222000,213400.1,-61191.5,-77311.6,-658642.2,-47540.0,5580.3,20147.3,27719.0,0.0,0.0,88548.6,-87663.3,0,0
47.5167,2123.269,558.497,1723.269,35.603,94.318,-11.21,94.981,1.381,-1.335,16,6.77,9.23,0.981,0.0407,1.2208,287.92,340.21,0.2792,63872.2,13872.22,17254.0,63.43,3.774,222000,213400.1,-61191.5,-77867.6,-656297.3,-47322.7,5614.7,20210.4,27444.2,0.0,0.0,88209.8,-85287.6,0,0
47.6167,2132.709,557.368,1732.709,36.732,94.455,-11.341,95.134,1.376,-1.3,16,6.84,9.16,0.9748,0.0402,1.2207,287.91,340.21,0.2796,63871.8,13871.84,17253.5,63.43,3.774,222000,213400.1,-61191.5,-78403.7,-654062.7,-47116.9,5648.0,20273.2,27181.0,0.0,0.0,87879.5,-83023.5,0,0
47.7167,2142.162,556.226,1742.162,37.874,94.593,-11.469,95.285,1.371,-1.266,16,6.9,9.1,0.9688,0.0397,1.2206,287.91,340.2,0.2801,63871.5,13871.46,17253.1,63.43,3.774,222000,213400.1,-61191.5,-78921.2,-651933.2,-46922.0,5680.2,20335.7,26928.9,0.0,0.0,87556.9,-80865.4,0,0
47.8167,2151.63,555.072,1751.63,39.028,94.729,-11.594,95.436,1.366,-1.234,16,6.97,9.03,0.9629,0.0392,1.2204,287.9,340.2,0.2805,63871.1,13871.09,17252.6,63.43,3.774,222000,213400.1,-61191.5,-79421.3,-649903.7,-46737.4,5711.5,20398.0,26687.1,0.0,0.0,87241.4,-78808.3,0,0
47.9167,2161.111,553.906,1761.111,40.194,94.866,-11.716,95.586,1.361,-1.203,16,7.03,8.97,0.9573,0.0388,1.2203,287.89,340.19,0.281,63870.7,13870.71,17252.1,63.42,3.774,222000,213400.1,-61191.5,-79905.2,-647969.2,-46562.5,5741.9,20460.0,26455.2,0.0,0.0,86932.4,-76847.2,0,0
48.0167,2170.605,552.727,1770.605,41.373,95.002,-11.834,95.736,1.356,-1.174,16,7.09,8.91,0.9518,0.0383,1.2202,287.88,340.19,0.2814,63870.3,13870.33,17251.7,63.42,3.774,222000,213400.1,-61191.5,-80373.9,-646125.3,-46396.8,5771.5,20521.7,26232.6,0.0,0.0,86629.4,-74977.4,0,0
48.1167,2180.111,551.527,1780.111,42.573,95.08,-12.196,95.859,0.201,-5.966,21,7.25,13.75,1.378,0.0804,1.22,287.87,340.19,0.2818,63870.0,13869.95,17251.2,63.42,3.774,222000,207254.9,-79557.7,-119291.0,-937588.0,-75100.7,9555.2,20576.1,55130.0,0.0,0.0,12863.1,-381026.2,0,1
48.2167,2189.62,550.275,1789.62,43.825,95.103,-12.757,95.955,0.177,-5.682,22,7.58,14.42,1.3447,0.0765,1.2199,287.87,340.18,0.2821,63869.6,13869.58,17250.7,63.42,3.774,222000,205834.8,-83162.7,-121951.9,-915937.9,-72568.2,9662.0,20615.0,52593.6,0.0,0.0,11314.7,-362878.0,0,1
48.3167,2199.131,548.966,1799.131,45.134,95.113,-13.336,96.043,0.042,-5.866,22,7.92,14.08,1.3617,0.0785,1.2197,287.86,340.18,0.2823,63869.2,13869.2,17250.2,63.42,3.774,222000,205834.8,-83162.7,-129212.6,-928374.0,-73962.5,10294.2,20651.0,54024.5,0.0,0.0,2659.7,-374685.6,0,1
48.4167,2208.643,547.597,1808.643,46.503,95.109,-13.933,96.124,-0.101,-6.054,22,8.27,13.73,1.3792,0.0805,1.2196,287.85,340.17,0.2826,63868.8,13868.82,17249.8,63.41,3.774,222000,205834.8,-83162.7,-136854.5,-941007.6,-75404.4,10966.4,20683.6,55514.1,0.0,0.0,-6424.1,-386650.8,0,1
48.5167,2218.153,546.169,1818.153,47.931,95.097,-14.525,96.2,-0.122,-5.784,22,8.63,13.37,1.3535,0.0775,1.2194,287.84,340.17,0.2828,63868.4,13868.44,17249.3,63.41,3.774,222000,205834.8,-83162.7,-140190.9,-923972.8,-73416.1,11139.2,20713.6,53542.8,0.0,0.0,-7772.2,-369446.9,0,0
48.6167,2227.662,544.684,1827.662,49.416,95.085,-15.085,96.274,-0.123,-5.469,22,8.96,13.04,1.3235,0.0741,1.2192,287.83,340.16,0.283,63868.1,13868.07,17248.8,63.41,3.774,222000,205834.8,-83162.7,-142539.6,-903925.5,-71128.8,11216.3,20742.7,51265.0,0.0,0.0,-7833.5,-349326.1,0,0
48.7167,2237.169,543.144,1837.169,50.956,95.073,-15.615,96.346,-0.121,-5.172,22,9.28,12.72,1.2951,0.071,1.219,287.82,340.15,0.2832,63867.7,13867.69,17248.4,63.41,3.774,222000,205834.8,-83162.7,-144544.5,-884980.0,-69014.9,11272.3,20770.9,49158.5,0.0,0.0,-7724.6,-330328.4,0,0
48.8167,2246.676,541.553,1846.676,52.547,95.061,-16.115,96.417,-0.117,-4.891,22,9.57,12.43,1.2684,0.0681,1.2189,287.81,340.15,0.2835,63867.3,13867.31,17247.9,63.41,3.774,222000,205834.8,-83162.7,-146247.9,-867077.5,-67059.9,11310.8,20798.4,47208.7,0.0,0.0,-7473.0,-312391.0,0,0
48.9167,2256.181,539.914,1856.181,54.186,95.049,-16.589,96.486,-0.111,-4.626,22,9.85,12.15,1.2431,0.0654,1.2187,287.8,340.14,0.2837,63866.9,13866.94,17247.4,63.41,3.774,222000,205834.8,-83162.7,-147687.0,-850161.7,-65250.6,11335.1,20825.0,45402.8,0.0,0.0,-7102.8,-295454.7,0,0
49.0167,2265.686,538.229,1865.686,55.871,95.039,-17.037,96.554,-0.104,-4.376,22,10.12,11.88,1.2192,0.0629,1.2185,287.79,340.13,0.2839,63866.6,13866.56,17247.0,63.4,3.774,222000,205834.8,-83162.7,-148894.9,-834179.5,-63574.9,11347.7,20850.9,43728.8,0.0,0.0,-6635.0,-279463.5,0,0
49.1167,2275.189,536.5,1875.189,57.6,95.029,-17.461,96.619,-0.095,-4.139,22,10.37,11.63,1.1966,0.0606,1.2183,287.78,340.13,0.2841,63866.2,13866.18,17246.5,63.4,3.774,222000,205834.8,-83162.7,-149900.9,-819080.1,-62021.9,11350.7,20876.1,42176.0,0.0,0.0,-6088.0,-264364.9,0,0
49.2167,2284.691,534.73,1884.691,59.37,95.02,-17.861,96.684,-0.086,-3.916,22,10.61,11.39,1.1753,0.0585,1.2181,287.77,340.12,0.2843,63865.8,13865.8,17246.0,63.4,3.774,222000,205834.8,-83162.7,-150730.9,-804815.7,-60581.6,11346.1,20900.5,40734.5,0.0,0.0,-5477.7,-250108.7,0,0
49.3167,2294.193,532.922,1894.193,61.178,95.012,-18.241,96.747,-0.075,-3.705,22,10.83,11.17,1.1552,0.0565,1.2179,287.75,340.11,0.2845,63865.4,13865.43,17245.6,63.4,3.774,222000,205834.8,-83162.7,-151407.6,-791340.7,-59245.0,11335.4,20924.2,39395.5,0.0,0.0,-4817.8,-236648.2,0,0
49.4167,2303.694,531.077,1903.694,63.023,95.005,-18.599,96.808,-0.065,-3.506,22,11.04,10.96,1.1361,0.0546,1.2176,287.74,340.11,0.2846,63865.0,13865.05,17245.1,63.4,3.774,222000,205834.8,-83162.7,-151951.4,-778612.0,-58003.7,11319.8,20947.2,38150.7,0.0,0.0,-4120.3,-223938.7,0,0
49.5167,2313.194,529.197,1913.194,64.903,94.999,-18.939,96.868,-0.053,-3.319,22,11.24,10.76,1.1182,0.0529,1.2174,287.73,340.1,0.2848,63864.7,13864.67,17244.6,63.4,3.774,222000,205834.8,-83162.7,-152380.0,-766588.7,-56850.2,11300.5,20969.6,36992.9,0.0,0.0,-3395.4,-211938.4,0,0
49.6167,2322.693,527.284,1922.693,66.816,94.994,-19.26,96.927,-0.042,-3.141,22,11.43,10.57,1.1012,0.0513,1.2172,287.72,340.09,0.285,63864.3,13864.29,17244.1,63.39,3.774,222000,205834.8,-83162.7,-152709.1,-755232.1,-55777.7,11278.3,20991.3,35915.2,0.0,0.0,-2651.9,-200607.7,0,0
49.7167,2332.193,525.34,1932.193,68.76,94.991,-19.565,96.985,-0.03,-2.974,22,11.61,10.39,1.0852,0.0498,1.217,287.71,340.09,0.2852,63863.9,13863.92,17243.7,63.39,3.774,222000,205834.8,-83162.7,-152952.6,-744505.5,-54779.7,11254.1,21012.4,34911.4,0.0,0.0,-1897.5,-189909.1,0,0
49.8167,2341.691,523.367,1941.691,70.733,94.989,-19.853,97.041,-0.018,-2.815,22,11.78,10.22,1.07,0.0485,1.2167,287.69,340.08,0.2853,63863.5,13863.54,17243.2,63.39,3.774,222000,205834.8,-83162.7,-153122.6,-734374.4,-53850.7,11228.3,21032.9,33976.0,0.0,0.0,-1138.5,-179807.5,0,0
49.9167,2351.19,521.365,1951.19,72.735,94.988,-20.126,97.096,-0.006,-2.666,22,11.94,10.06,1.0557,0.0472,1.2165,287.68,340.07,0.2855,63863.2,13863.16,17242.7,63.39,3.774,222000,205834.8,-83162.7,-153229.9,-724805.8,-52985.3,11201.5,21052.8,33103.6,0.0,0.0,-380.4,-170269.4,0,0
50.0167,2360.689,519.338,1960.689,74.762,94.988,-20.384,97.15,0.006,-2.525,22,12.09,9.91,1.0421,0.046,1.2163,287.67,340.06,0.2857,63862.8,13862.78,17242.3,63.39,3.774,222000,205834.8,-83162.7,-153283.9,-715768.8,-52178.8,11174.2,21072.2,32289.6,0.0,0.0,372.2,-161263.3,0,0
50.1167,2370.188,517.285,1970.188,76.815,94.989,-20.629,97.203,0.017,-2.392,22,12.23,9.77,1.0293,0.0448,1.216,287.65,340.05,0.2858,63862.4,13862.41,17241.8,63.39,3.774,222000,205834.8,-83162.7,-153292.7,-707233.9,-51426.6,11146.7,21091.1,31529.7,0.0,0.0,1115.5,-152759.7,0,0
50.2167,2379.687,515.208,1979.687,78.892,94.991,-20.86,97.255,0.029,-2.266,22,12.36,9.64,1.0172,0.0438,1.2158,287.64,340.05,0.286,63862.0,13862.03,17241.3,63.38,3.774,222000,205834.8,-83162.7,-153263.7,-699173.4,-50724.8,11119.2,21109.4,30819.8,0.0,0.0,1846.3,-144730.3,0,0
50.3167,2389.186,513.11,1989.186,80.99,94.995,-21.08,97.306,0.04,-2.148,22,12.49,9.51,1.0058,0.0428,1.2155,287.63,340.04,0.2862,63861.7,13861.65,17240.9,63.38,3.774,222000,205834.8,-83162.7,-153203.1,-691560.9,-50069.7,11092.0,21127.3,30156.2,0.0,0.0,2562.1,-137148.7,0,0
50.4167,2398.686,510.989,1998.686,83.111,94.999,-21.288,97.355,0.051,-2.036,22,12.61,9.39,0.995,0.0419,1.2153,287.61,340.03,0.2863,63861.3,13861.27,17240.4,63.38,3.774,222000,205834.8,-83162.7,-153116.4,-684371.8,-49457.8,11065.3,21144.7,29535.7,0.0,0.0,3260.6,-129990.0,0,0
50.5167,2408.186,508.849,2008.186,85.251,95.005,-21.486,97.404,0.062,-1.93,22,12.72,9.28,0.9848,0.041,1.215,287.6,340.02,0.2865,63860.9,13860.9,17239.9,63.38,3.774,222000,205834.8,-83162.7,-153008.5,-677582.4,-48886.0,11039.2,21161.7,28955.2,0.0,0.0,3940.3,-123230.5,0,0
50.6167,2417.687,506.689,2017.687,87.411,95.012,-21.673,97.452,0.072,-1.83,22,12.83,9.17,0.9751,0.0402,1.2148,287.58,340.01,0.2866,63860.5,13860.52,17239.5,63.38,3.774,222000,205834.8,-83162.7,-152883.5,-671170.6,-48351.5,11013.8,21178.3,28411.7,0.0,0.0,4599.8,-116847.8,0,0
50.7167,2427.189,504.512,2027.189,89.588,95.02,-21.85,97.5,0.082,-1.735,22,12.93,9.07,0.966,0.0395,1.2145,287.57,340.01,0.2868,63860.1,13860.14,17239.0,63.38,3.774,222000,205834.8,-83162.7,-152745.0,-665115.5,-47851.6,10989.2,21194.4,27902.8,0.0,0.0,5238.2,-110821.0,0,0
50.8167,2436.691,502.317,2036.691,91.783,95.029,-22.018,97.546,0.092,-1.646,22,13.03,8.97,0.9573,0.0388,1.2143,287.56,340.0,0.2869,63859.8,13859.76,17238.5,63.37,3.774,222000,205834.8,-83162.7,-152596.2,-659397.2,-47383.8,10965.5,21210.2,27425.9,0.0,0.0,5854.8,-105130.1,0,0
50.9167,2446.195,500.105,2046.195,93.995,95.038,-22.178,97.592,0.101,-1.562,22,13.12,8.88,0.9491,0.0381,1.214,287.54,339.99,0.287,63859.4,13859.39,17238.0,63.37,3.774,222000,205834.8,-83162.7,-152439.8,-653997.0,-46945.9,10942.6,21225.6,26978.8,0.0,0.0,6449.1,-99756.5,0,0
51.0167,2455.699,497.879,2055.699,96.221,95.049,-22.33,97.637,0.11,-1.483,22,13.21,8.79,0.9414,0.0375,1.2138,287.53,339.98,0.2872,63859.0,13859.01,17237.6,63.37,3.774,222000,205834.8,-83162.7,-152278.0,-648897.2,-46535.9,10920.7,21240.6,26559.5,0.0,0.0,7020.9,-94682.3,0,0
51.1167,2465.205,495.637,2065.205,98.463,95.06,-22.473,97.681,0.119,-1.408,22,13.29,8.71,0.9341,0.0369,1.2135,287.51,339.97,0.2873,63858.6,13858.63,17237.1,63.37,3.774,222000,205834.8,-83162.7,-152113.0,-644081.1,-46151.8,10899.7,21255.3,26166.1,0.0,0.0,7570.1,-89890.8,0,0
51.2167,2474.711,493.382,2074.711,100.718,95.073,-22.61,97.724,0.127,-1.337,22,13.37,8.63,0.9271,0.0364,1.2132,287.5,339.96,0.2875,63858.3,13858.25,17236.6,63.37,3.774,222000,205834.8,-83162.7,-151946.3,-639532.8,-45791.8,10879.7,21269.7,25796.8,0.0,0.0,8096.7,-85366.3,0,0
51.3167,2484.219,491.113,2084.219,102.987,95.086,-22.74,97.767,0.135,-1.27,22,13.44,8.56,0.9206,0.0359,1.213,287.48,339.95,0.2876,63857.9,13857.88,17236.2,63.36,3.774,222000,205834.8,-83162.7,-151779.4,-635237.5,-45454.4,10860.6,21283.8,25450.1,0.0,0.0,8601.1,-81093.9,0,0
51.4167,2493.729,488.832,2093.729,105.268,95.1,-22.863,97.809,0.142,-1.207,22,13.51,8.49,0.9144,0.0354,1.2127,287.47,339.95,0.2877,63857.5,13857.5,17235.7,63.36,3.774,222000,205834.8,-83162.7,-151613.5,-631181.1,-45137.9,10842.4,21297.6,25124.3,0.0,0.0,9083.4,-77059.3,0,0
51.5167,2503.24,486.539,2103.24,107.561,95.114,-22.98,97.851,0.149,-1.147,22,13.57,8.43,0.9085,0.0349,1.2124,287.45,339.94,0.2879,63857.1,13857.12,17235.2,63.36,3.774,222000,205834.8,-83162.7,-151449.7,-627350.3,-44841.0,10825.1,21311.1,24818.1,0.0,0.0,9544.1,-73249.4,0,0
51.6167,2512.752,484.234,2112.752,109.866,95.13,-23.092,97.892,0.156,-1.091,22,13.63,8.37,0.9029,0.0345,1.2122,287.44,339.93,0.288,63856.7,13856.75,17234.8,63.36,3.774,222000,205834.8,-83162.7,-151288.7,-623732.4,-44562.5,10808.8,21324.3,24530.3,0.0,0.0,9983.6,-69651.6,0,0
51.7167,2522.266,481.919,2122.266,112.181,95.146,-23.198,97.933,0.163,-1.038,22,13.69,8.31,0.8977,0.0341,1.2119,287.42,339.92,0.2881,63856.4,13856.37,17234.3,63.36,3.774,222000,205834.8,-83162.7,-151131.3,-620315.6,-44301.0,10793.3,21337.3,24259.6,0.0,0.0,10402.5,-66254.0,0,0
51.8167,2531.781,479.593,2131.781,114.507,95.162,-23.298,97.973,0.169,-0.987,22,13.75,8.25,0.8927,0.0337,1.2116,287.41,339.91,0.2882,63856.0,13855.99,17233.8,63.36,3.774,222000,205834.8,-83162.7,-150978.1,-617088.8,-44055.5,10778.7,21350.0,24004.8,0.0,0.0,10801.3,-63045.5,0,0
51.9167,2541.299,477.258,2141.299,116.842,95.18,-23.394,98.013,0.175,-0.94,22,13.8,8.2,0.8879,0.0334,1.2114,287.39,339.9,0.2884,63855.6,13855.61,17233.3,63.35,3.774,222000,205834.8,-83162.7,-150829.5,-614041.2,-43824.9,10764.9,21362.5,23765.1,0.0,0.0,11180.5,-60015.4,0,0
52.0167,2550.818,474.913,2150.818,119.187,95.198,-23.486,98.052,0.181,-0.895,22,13.85,8.15,0.8835,0.033,1.2111,287.38,339.89,0.2885,63855.2,13855.24,17232.9,63.35,3.774,222000,205834.8,-83162.7,-150685.7,-611162.9,-43608.3,10751.9,21374.8,23539.4,0.0,0.0,11540.8,-57153.8,0,0
52.1167,2560.339,472.559,2160.339,121.541,95.216,-23.573,98.091,0.186,-0.853,22,13.9,8.1,0.8792,0.0327,1.2108,287.36,339.88,0.2886,63854.9,13854.86,17232.4,63.35,3.774,222000,205834.8,-83162.7,-150547.2,-608444.5,-43404.7,10739.6,21386.9,23326.7,0.0,0.0,11882.9,-54451.4,0,0
52.2167,2569.861,470.197,2169.861,123.903,95.235,-23.656,98.129,0.191,-0.813,22,13.94,8.06,0.8752,0.0324,1.2105,287.35,339.87,0.2887,63854.5,13854.48,17231.9,63.35,3.774,222000,205834.8,-83162.7,-150414.1,-605876.9,-43213.4,10728.1,21398.8,23126.4,0.0,0.0,12207.3,-51899.0,0,0
52.3167,2579.386,467.827,2179.386,126.273,95.254,-23.735,98.167,0.196,-0.775,22,13.98,8.02,0.8714,0.0321,1.2103,287.33,339.86,0.2888,63854.1,13854.1,17231.5,63.35,3.774,222000,205834.8,-83162.7,-150286.6,-603451.9,-43033.5,10717.3,21410.5,22937.5,0.0,0.0,12514.7,-49488.5,0,0
52.4167,2588.912,465.449,2188.912,128.651,95.274,-23.81,98.204,0.201,-0.739,22,14.02,7.98,0.8678,0.0319,1.21,287.32,339.86,0.289,63853.7,13853.73,17231.0,63.35,3.774,222000,205834.8,-83162.7,-150164.6,-601161.3,-42864.4,10707.1,21422.0,22759.5,0.0,0.0,12805.8,-47211.8,0,0
52.5167,2598.441,463.064,2198.441,131.036,95.294,-23.882,98.241,0.205,-0.706,22,14.06,7.94,0.8643,0.0316,1.2097,287.3,339.85,0.2891,63853.3,13853.35,17230.5,63.34,3.774,222000,205834.8,-83162.7,-150048.2,-598997.8,-42705.4,10697.6,21433.3,22591.6,0.0,0.0,13081.2,-45061.5,0,0
52.6167,2607.972,460.672,2207.972,133.428,95.315,-23.951,98.278,0.209,-0.674,22,14.1,7.9,0.8611,0.0314,1.2094,287.29,339.84,0.2892,63853.0,13852.97,17230.1,63.34,3.774,222000,205834.8,-83162.7,-149937.5,-596954.2,-42555.7,10688.8,21444.4,22433.1,0.0,0.0,13341.6,-43030.5,0,0
52.7167,2617.504,458.273,2217.504,135.827,95.336,-24.016,98.315,0.213,-0.644,22,14.13,7.87,0.858,0.0312,1.2092,287.27,339.83,0.2893,63852.6,13852.59,17229.6,63.34,3.774,222000,205834.8,-83162.7,-149832.4,-595023.9,-42415.0,10680.5,21455.4,22283.6,0.0,0.0,13587.5,-41112.1,0,0
52.8167,2627.039,455.867,2227.039,138.233,95.358,-24.079,98.351,0.216,-0.615,22,14.17,7.83,0.855,0.0309,1.2089,287.25,339.82,0.2894,63852.2,13852.22,17229.1,63.34,3.774,222000,205834.8,-83162.7,-149732.7,-593200.4,-42282.5,10672.7,21466.3,22142.4,0.0,0.0,13819.6,-39300.1,0,0
52.9167,2636.576,453.456,2236.576,140.644,95.38,-24.139,98.387,0.22,-0.589,22,14.2,7.8,0.8522,0.0307,1.2086,287.24,339.81,0.2895,63851.8,13851.84,17228.7,63.34,3.774,222000,205834.8,-83162.7,-149638.5,-591477.8,-42157.8,10665.5,21477.0,22009.0,0.0,0.0,14038.5,-37588.4,0,0
53.0167,2646.116,451.039,2246.116,143.061,95.402,-24.196,98.422,0.223,-0.563,22,14.23,7.77,0.8496,0.0306,1.2083,287.22,339.8,0.2896,63851.5,13851.46,17228.2,63.34,3.774,222000,205834.8,-83162.7,-149549.6,-589850.5,-42040.4,10658.8,21487.5,21883.0,0.0,0.0,14244.8,-35971.5,0,0
53.1167,2655.657,448.616,2255.657,145.484,95.424,-24.251,98.458,0.226,-0.539,22,14.25,7.75,0.8471,0.0304,1.208,287.21,339.79,0.2898,63851.1,13851.08,17227.7,63.33,3.774,222000,205834.8,-83162.7,-149465.9,-588313.1,-41929.9,10652.6,21498.0,21763.9,0.0,0.0,14439.1,-34444.0,0,0
53.2167,2665.201,446.188,2265.201,147.912,95.447,-24.304,98.493,0.229,-0.517,22,14.28,7.72,0.8447,0.0302,1.2077,287.19,339.78,0.2899,63850.7,13850.71,17227.2,63.33,3.774,222000,205834.8,-83162.7,-149387.2,-586860.7,-41825.8,10646.9,21508.3,21651.4,0.0,0.0,14621.8,-33001.0,0,0
53.3167,2674.747,443.754,2274.747,150.346,95.47,-24.354,98.528,0.232,-0.495,22,14.31,7.69,0.8424,0.03,1.2075,287.18,339.77,0.29,63850.3,13850.33,17226.8,63.33,3.774,222000,205834.8,-83162.7,-149313.4,-585488.4,-41727.8,10641.6,21518.4,21544.9,0.0,0.0,14793.6,-31637.8,0,0
53.4167,2684.295,441.316,2284.295,152.784,95.493,-24.403,98.562,0.234,-0.475,22,14.33,7.67,0.8402,0.0299,1.2072,287.16,339.76,0.2901,63850.0,13849.95,17226.3,63.33,3.774,222000,205834.8,-83162.7,-149244.4,-584191.8,-41635.4,10636.7,21528.5,21444.1,0.0,0.0,14955.0,-30349.8,0,0
53.5167,2693.846,438.873,2293.846,155.227,95.517,-24.449,98.596,0.237,-0.456,22,14.35,7.65,0.8382,0.0297,1.2069,287.14,339.75,0.2902,63849.6,13849.57,17225.8,63.33,3.774,222000,205834.8,-83162.7,-149179.9,-582966.7,-41548.4,10632.2,21538.5,21348.8,0.0,0.0,15106.5,-29132.8,0,0
53.6167,2703.399,436.425,2303.399,157.675,95.541,-24.494,98.631,0.239,-0.438,22,14.38,7.62,0.8362,0.0296,1.2066,287.13,339.74,0.2903,63849.2,13849.2,17225.4,63.33,3.774,222000,205834.8,-83162.7,-149119.9,-581809.0,-41466.5,10628.0,21548.3,21258.5,0.0,0.0,15248.4,-27983.0,0,0
53.7167,2712.955,433.974,2312.955,160.126,95.565,-24.537,98.664,0.241,-0.421,22,14.4,7.6,0.8343,0.0295,1.2063,287.11,339.73,0.2904,63848.8,13848.82,17224.9,63.32,3.774,222000,205834.8,-83162.7,-149064.1,-580714.9,-41389.2,10624.2,21558.0,21173.0,0.0,0.0,15381.4,-26896.5,0,0
53.8167,2722.512,431.517,2322.512,162.583,95.589,-24.578,98.698,0.243,-0.405,22,14.42,7.58,0.8325,0.0293,1.206,287.1,339.73,0.2905,63848.4,13848.44,17224.4,63.32,3.774,222000,205834.8,-83162.7,-149012.5,-579681.0,-41316.4,10620.8,21567.7,21092.0,0.0,0.0,15505.9,-25869.7,0,0
53.9167,2732.073,429.057,2332.073,165.043,95.613,-24.617,98.732,0.245,-0.39,22,14.44,7.56,0.8308,0.0292,1.2058,287.08,339.72,0.2906,63848.1,13848.07,17224.0,63.32,3.774,222000,205834.8,-83162.7,-148964.8,-578703.9,-41247.8,10617.6,21577.2,21015.2,0.0,0.0,15622.2,-24899.4,0,0
54.0167,2741.636,426.593,2341.636,167.507,95.638,-24.656,98.765,0.246,-0.376,22,14.45,7.55,0.8292,0.0291,1.2055,287.06,339.71,0.2907,63847.7,13847.69,17223.5,63.32,3.774,222000,205834.8,-83162.7,-148920.8,-577780.3,-41183.1,10614.8,21586.7,20942.4,0.0,0.0,15730.9,-23982.4,0,0
54.1167,2751.199,424.12,2351.199,169.98,95.603,-24.86,98.783,-1.191,-4.361,26,14.53,11.47,1.1821,0.0591,1.2052,287.05,339.7,0.2908,63847.3,13847.31,17223.0,63.32,3.774,222000,199532.3,-97318.4,-213486.6,-823575.6,-62109.8,16100.1,21592.1,42570.5,0.0,0.0,-76064.2,-278451.8,0,0
54.2167,2760.748,421.6,2360.748,172.5,95.418,-25.451,98.754,-1.891,-5.886,30,14.88,15.12,1.3092,0.0726,1.2049,287.03,339.69,0.2907,63846.9,13846.93,17222.6,63.31,3.774,222000,192257.6,-111000.0,-241729.9,-910066.4,-71287.6,18935.2,21576.3,52183.2,0.0,0.0,-120759.8,-375792.7,0,1
54.3167,2770.279,419.02,2370.279,175.08,95.22,-26.048,98.718,-2.051,-6.032,30,15.24,14.76,1.3274,0.0746,1.2046,287.01,339.68,0.2906,63846.6,13846.56,17222.1,63.31,3.774,222000,192257.6,-111000.0,-250677.2,-920231.3,-72502.1,19750.1,21555.9,53588.1,0.0,0.0,-130921.7,-385146.5,0,1
54.4167,2779.788,416.38,2379.788,177.72,95.005,-26.66,98.675,-2.216,-6.179,30,15.61,14.39,1.3461,0.0767,1.2043,287.0,339.67,0.2905,63846.2,13846.18,17221.6,63.31,3.774,222000,192257.6,-111000.0,-259998.6,-930475.1,-73753.2,20608.5,21532.0,55046.4,0.0,0.0,-141494.2,-394535.6,0,1
54.5167,2789.276,413.677,2389.276,180.423,94.774,-27.287,98.623,-2.388,-6.327,30,16.0,14.0,1.3653,0.0789,1.204,286.98,339.66,0.2904,63845.8,13845.8,17221.1,63.31,3.774,222000,192257.6,-111000.0,-269706.2,-940785.2,-75041.3,21513.0,21504.6,56559.5,0.0,0.0,-152489.9,-403944.9,0,1
54.6167,2798.739,410.911,2398.739,183.189,94.525,-27.926,98.564,-2.521,-6.365,30,16.39,13.61,1.3746,0.08,1.2037,286.96,339.65,0.2902,63845.4,13845.42,17220.7,63.31,3.774,222000,192257.6,-111000.0,-277690.7,-943943.2,-75525.1,22218.1,21473.5,57251.9,0.0,0.0,-160958.1,-406401.6,0,0
54.7167,2808.177,408.083,2408.177,186.017,94.277,-28.538,98.502,-2.454,-5.946,30,16.78,13.22,1.3399,0.076,1.2033,286.94,339.64,0.29,63845.0,13845.05,17220.2,63.31,3.774,222000,192257.6,-111000.0,-276439.6,-916818.5,-72525.0,21867.8,21440.5,54309.5,0.0,0.0,-156707.0,-379630.8,0,0
54.8167,2817.59,405.195,2417.59,188.905,94.035,-29.109,98.438,-2.388,-5.553,30,17.14,12.86,1.3072,0.0723,1.203,286.93,339.62,0.2898,63844.7,13844.67,17219.7,63.3,3.774,222000,192257.6,-111000.0,-274930.1,-891349.3,-69776.7,21522.1,21406.9,51613.5,0.0,0.0,-152449.1,-354511.0,0,0
54.9167,2826.98,402.253,2426.98,191.847,93.8,-29.643,98.373,-2.321,-5.183,30,17.48,12.52,1.2765,0.069,1.2027,286.91,339.61,0.2897,63844.3,13844.29,17219.3,63.3,3.774,222000,192257.6,-111000.0,-273214.7,-867431.9,-67256.4,21183.7,21372.7,49140.9,0.0,0.0,-148213.5,-330935.7,0,0
55.0167,2836.347,399.259,2436.347,194.841,93.572,-30.141,98.307,-2.256,-4.837,30,17.8,12.2,1.2477,0.0659,1.2023,286.89,339.6,0.2895,63843.9,13843.91,17218.8,63.3,3.774,222000,192257.6,-111000.0,-271338.8,-844969.3,-64942.8,20854.6,21338.0,46871.1,0.0,0.0,-144023.9,-308805.9,0,0
55.1167,2845.691,396.218,2445.691,197.882,93.35,-30.605,98.239,-2.191,-4.511,30,18.1,11.9,1.2207,0.0631,1.202,286.87,339.59,0.2893,63843.5,13843.54,17218.3,63.3,3.774,222000,192257.6,-111000.0,-269341.0,-823870.4,-62816.6,20536.1,21302.6,44785.6,0.0,0.0,-139899.9,-288029.3,0,0
55.2167,2855.013,393.132,2455.013,200.968,93.135,-31.039,98.171,-2.128,-4.206,30,18.39,11.61,1.1953,0.0605,1.2016,286.85,339.58,0.2891,63843.2,13843.16,17217.9,63.3,3.774,222000,192257.6,-111000.0,-267254.3,-804050.3,-60860.6,20229.2,21266.6,42867.9,0.0,0.0,-135857.3,-268519.8,0,0
55.3167,2864.314,390.004,2464.314,204.096,92.926,-31.442,98.101,-2.066,-3.919,30,18.65,11.35,1.1714,0.0581,1.2012,286.83,339.57,0.2889,63842.8,13842.78,17217.4,63.3,3.774,222000,192257.6,-111000.0,-265106.6,-785429.2,-59059.5,19934.4,21230.1,41102.9,0.0,0.0,-131908.4,-250197.1,0,0
55.4167,2873.595,386.838,2473.595,207.262,92.723,-31.818,98.03,-2.006,-3.649,30,18.9,11.1,1.149,0.0559,1.2009,286.81,339.55,0.2887,63842.4,13842.4,17216.9,63.29,3.774,222000,192257.6,-111000.0,-262921.7,-767932.6,-57399.2,19652.1,21193.0,39477.2,0.0,0.0,-128063.2,-232986.5,0,0
55.5167,2882.856,383.635,2482.856,210.465,92.526,-32.168,97.958,-1.947,-3.396,30,19.13,10.87,1.128,0.0539,1.2005,286.79,339.54,0.2885,63842.0,13842.03,17216.5,63.29,3.774,222000,192257.6,-111000.0,-260719.4,-751490.6,-55867.2,19382.4,21155.4,37978.5,0.0,0.0,-124329.0,-216817.9,0,0
55.6167,2892.097,380.399,2492.097,213.701,92.334,-32.494,97.885,-1.891,-3.158,30,19.35,10.65,1.1083,0.052,1.2001,286.76,339.53,0.2883,63841.6,13841.65,17216.0,63.29,3.774,222000,192257.6,-111000.0,-258516.5,-736037.9,-54452.4,19125.2,21117.3,36596.0,0.0,0.0,-120711.2,-201626.2,0,0
55.7167,2901.32,377.132,2501.32,216.968,92.148,-32.797,97.811,-1.836,-2.935,30,19.56,10.44,1.0898,0.0503,1.1997,286.74,339.52,0.2881,63841.3,13841.27,17215.5,63.29,3.774,222000,192257.6,-111000.0,-256326.8,-721513.3,-53144.4,18880.2,21078.8,35319.7,0.0,0.0,-117213.5,-187350.2,0,0
55.8167,2910.528,373.845,2510.528,220.255,92.075,-32.841,97.757,0.333,1.978,25,19.65,5.35,0.6315,0.0169,1.1994,286.72,339.5,0.2879,63840.9,13840.89,17215.0,63.29,3.774,222000,201200.3,-93821.3,-148982.6,-417249.7,-30974.5,11059.7,21046.1,11843.7,0.0,0.0,21243.2,126268.0,0,0
55.9167,2919.74,370.578,2519.74,223.522,92.147,-32.555,97.728,0.694,2.796,24,19.49,4.51,0.5562,0.0131,1.199,286.7,339.49,0.2879,63840.5,13840.52,17214.6,63.29,3.774,222000,202807.1,-90295.5,-130051.3,-367535.9,-28475.9,10076.1,21026.6,9179.4,0.0,0.0,44279.9,178520.1,0,0
56.0167,2928.958,367.338,2528.958,226.762,92.213,-32.284,97.702,0.651,2.644,24,19.32,4.68,0.571,0.0138,1.1986,286.68,339.48,0.2878,63840.1,13840.14,17214.1,63.28,3.774,222000,202807.1,-90295.5,-132310.5,-377357.1,-28946.1,10149.2,21008.4,9665.4,0.0,0.0,41550.5,168768.4,0,0
56.1167,2938.184,364.125,2538.184,229.975,92.276,-32.028,97.677,0.611,2.499,24,19.17,4.83,0.585,0.0145,1.1982,286.66,339.47,0.2877,63839.8,13839.76,17213.6,63.28,3.774,222000,202807.1,-90295.5,-134389.0,-386637.6,-29401.5,10219.5,20991.0,10135.9,0.0,0.0,39016.6,159554.4,0,0
56.2167,2947.415,360.936,2547.415,233.164,92.335,-31.787,97.653,0.574,2.363,24,19.02,4.98,0.5982,0.0151,1.1979,286.64,339.45,0.2877,63839.4,13839.38,17213.2,63.28,3.774,222000,202807.1,-90295.5,-136302.7,-395407.2,-29841.7,10286.9,20974.4,10590.5,0.0,0.0,36662.7,150848.5,0,0
56.3167,2956.651,357.771,2556.651,236.329,92.39,-31.558,97.631,0.54,2.234,24,18.88,5.12,0.6107,0.0158,1.1975,286.62,339.44,0.2876,63839.0,13839.01,17212.7,63.28,3.774,222000,202807.1,-90295.5,-138066.0,-403693.8,-30266.4,10351.3,20958.6,11029.0,0.0,0.0,34474.6,142622.7,0,0
56.4167,2965.893,354.628,2565.893,239.472,92.443,-31.342,97.611,0.508,2.112,24,18.75,5.25,0.6225,0.0164,1.1971,286.6,339.43,0.2876,63838.6,13838.63,17212.2,63.28,3.774,222000,202807.1,-90295.5,-139692.0,-411523.8,-30675.7,10412.9,20943.4,11451.4,0.0,0.0,32439.4,134850.5,0,0
56.5167,2975.141,351.506,2575.141,242.594,92.492,-31.137,97.592,0.478,1.997,24,18.63,5.37,0.6337,0.017,1.1968,286.58,339.42,0.2875,63838.3,13838.25,17211.8,63.28,3.774,222000,202807.1,-90295.5,-141192.4,-418922.5,-31069.4,10471.5,20928.8,11857.8,0.0,0.0,30545.3,127506.8,0,0
56.6167,2984.393,348.403,2584.393,245.697,92.538,-30.944,97.574,0.451,1.889,24,18.51,5.49,0.6442,0.0176,1.1964,286.56,339.41,0.2875,63837.9,13837.88,17211.3,63.27,3.774,222000,202807.1,-90295.5,-142577.9,-425913.4,-31447.7,10527.4,20914.9,12248.1,0.0,0.0,28781.5,120568.0,0,0
56.7167,2993.649,345.32,2593.649,248.78,92.581,-30.761,97.558,0.425,1.786,24,18.4,5.6,0.6542,0.0181,1.1961,286.54,339.39,0.2874,63837.5,13837.5,17210.8,63.27,3.774,222000,202807.1,-90295.5,-143858.2,-432519.1,-31810.9,10580.5,20901.5,12622.8,0.0,0.0,27138.1,114011.7,0,0
56.8167,3002.909,342.254,2602.909,251.846,92.623,-30.588,97.543,0.401,1.689,24,18.29,5.71,0.6637,0.0186,1.1957,286.52,339.38,0.2874,63837.1,13837.12,17210.3,63.27,3.774,222000,202807.1,-90295.5,-145042.1,-438760.8,-32159.0,10630.9,20888.7,12981.9,0.0,0.0,25606.0,107816.7,0,0
56.9167,3012.174,339.204,2612.174,254.896,92.661,-30.425,97.528,0.379,1.597,24,18.19,5.81,0.6726,0.0191,1.1954,286.5,339.37,0.2874,63836.7,13836.74,17209.9,63.27,3.774,222000,202807.1,-90295.5,-146137.5,-444658.4,-32492.4,10678.7,20876.3,13325.9,0.0,0.0,24177.1,101963.2,0,0
57.0167,3021.442,336.171,2621.442,257.929,92.698,-30.27,97.515,0.358,1.511,24,18.1,5.9,0.6811,0.0196,1.195,286.48,339.36,0.2874,63836.4,13836.37,17209.4,63.27,3.774,222000,202807.1,-90295.5,-147151.8,-450231.1,-32811.5,10724.0,20864.4,13655.1,0.0,0.0,22843.7,96432.1,0,0
57.1167,3030.714,333.153,2630.714,260.947,92.733,-30.124,97.503,0.338,1.429,24,18.01,5.99,0.6891,0.0201,1.1947,286.46,339.35,0.2873,63836.0,13835.99,17208.9,63.26,3.774,222000,202807.1,-90295.5,-148091.6,-455496.6,-33116.6,10766.9,20853.0,13969.9,0.0,0.0,21598.9,91205.8,0,0
57.2167,3039.989,330.148,2639.989,263.952,92.765,-29.985,97.491,0.32,1.351,24,17.93,6.07,0.6966,0.0205,1.1943,286.44,339.34,0.2873,63835.6,13835.61,17208.5,63.26,3.774,222000,202807.1,-90295.5,-148962.7,-460472.0,-33408.1,10807.5,20842.0,14270.8,0.0,0.0,20436.3,86267.3,0,0
57.3167,3049.268,327.158,2649.268,266.942,92.796,-29.855,97.481,0.303,1.278,24,17.85,6.15,0.7038,0.021,1.194,286.42,339.32,0.2873,63835.2,13835.23,17208.0,63.26,3.774,222000,202807.1,-90295.5,-149770.8,-465173.3,-33686.4,10845.9,20831.3,14558.0,0.0,0.0,19349.9,81600.8,0,0
57.4167,3058.549,324.179,2658.549,269.921,92.826,-29.731,97.471,0.287,1.209,24,17.77,6.23,0.7106,0.0214,1.1936,286.4,339.31,0.2873,63834.9,13834.86,17207.5,63.26,3.774,222000,202807.1,-90295.5,-150520.8,-469615.6,-33951.9,10882.2,20821.1,14832.2,0.0,0.0,18334.4,77191.1,0,0
57.5167,3067.833,321.213,2667.833,272.887,92.854,-29.614,97.462,0.272,1.144,24,17.7,6.3,0.717,0.0218,1.1933,286.38,339.3,0.2872,63834.5,13834.48,17207.1,63.26,3.774,222000,202807.1,-90295.5,-151217.2,-473813.1,-34205.1,10916.5,20811.2,15093.7,0.0,0.0,17384.8,73024.1,0,0
57.6167,3077.12,318.258,2677.12,275.842,92.88,-29.503,97.453,0.258,1.082,24,17.63,6.37,0.723,0.0221,1.1929,286.36,339.29,0.2872,63834.1,13834.1,17206.6,63.26,3.774,222000,202807.1,-90295.5,-151864.2,-477779.5,-34446.4,10948.9,20801.6,15343.1,0.0,0.0,16496.5,69086.4,0,0
57.7167,3086.41,315.314,2686.41,278.786,92.905,-29.398,97.445,0.245,1.024,24,17.57,6.43,0.7288,0.0225,1.1926,286.34,339.28,0.2872,63833.7,13833.72,17206.1,63.25,3.774,222000,202807.1,-90295.5,-152465.6,-481527.5,-34676.3,10979.5,20792.3,15580.7,0.0,0.0,15665.2,65365.3,0,0
57.8167,3095.702,312.38,2695.702,281.72,92.929,-29.299,97.438,0.233,0.969,24,17.51,6.49,0.7342,0.0228,1.1923,286.32,339.27,0.2872,63833.3,13833.35,17205.7,63.25,3.774,222000,202807.1,-90295.5,-153024.8,-485069.1,-34895.1,11008.4,20783.3,15807.0,0.0,0.0,14887.1,61848.8,0,0
57.9167,3104.996,309.456,2704.996,284.644,92.952,-29.205,97.432,0.222,0.917,24,17.45,6.55,0.7393,0.0231,1.1919,286.3,339.26,0.2872,63833.0,13832.97,17205.2,63.25,3.774,222000,202807.1,-90295.5,-153545.2,-488415.8,-35103.3,11035.6,20774.6,16022.5,0.0,0.0,14158.6,58525.6,0,0
58.0167,3114.292,306.541,2714.292,287.559,92.973,-29.116,97.426,0.211,0.868,24,17.4,6.6,0.7442,0.0234,1.1916,286.28,339.24,0.2872,63832.6,13832.59,17204.7,63.25,3.774,222000,202807.1,-90295.5,-154029.4,-491578.4,-35301.5,11061.2,20766.1,16227.7,0.0,0.0,13476.2,55385.1,0,0
58.1167,3123.591,303.634,2723.591,290.466,92.994,-29.032,97.42,0.201,0.821,24,17.35,6.65,0.7488,0.0237,1.1913,286.27,339.23,0.2872,63832.2,13832.21,17204.2,63.25,3.774,222000,202807.1,-90295.5,-154480.3,-494566.9,-35489.8,11085.4,20757.9,16422.9,0.0,0.0,12837.0,52417.0,0,0
58.2167,3132.891,300.735,2732.891,293.365,93.013,-28.953,97.415,0.192,0.777,24,17.3,6.7,0.7532,0.024,1.1909,286.25,339.22,0.2872,63831.8,13831.84,17203.8,63.25,3.774,222000,202807.1,-90295.5,-154900.3,-497391.0,-35668.9,11108.2,20749.9,16608.6,0.0,0.0,12237.9,49612.0,0,0
58.3167,3142.194,297.844,2742.194,296.256,93.032,-28.877,97.411,0.183,0.736,24,17.25,6.75,0.7573,0.0243,1.1906,286.23,339.21,0.2872,63831.5,13831.46,17203.3,63.24,3.774,222000,202807.1,-90295.5,-155291.6,-500059.9,-35839.1,11129.7,20742.2,16785.2,0.0,0.0,11676.5,46960.9,0,0
58.4167,3151.498,294.961,2751.498,299.139,93.05,-28.806,97.407,0.175,0.696,24,17.21,6.79,0.7612,0.0245,1.1903,286.21,339.2,0.2872,63831.1,13831.08,17202.8,63.24,3.774,222000,202807.1,-90295.5,-155656.3,-502582.0,-36000.7,11149.9,20734.6,16953.2,0.0,0.0,11150.1,44455.2,0,0
58.5167,3160.804,292.084,2760.804,302.016,93.067,-28.739,97.403,0.167,0.659,24,17.17,6.83,0.765,0.0248,1.1899,286.19,339.19,0.2872,63830.7,13830.7,17202.4,63.24,3.774,222000,202807.1,-90295.5,-155996.2,-504965.5,-36154.2,11168.9,20727.3,17112.8,0.0,0.0,10656.6,42087.1,0,0
58.6167,3170.111,289.214,2770.111,304.886,93.083,-28.675,97.4,0.16,0.624,24,17.13,6.87,0.7685,0.025,1.1896,286.17,339.18,0.2872,63830.3,13830.33,17201.9,63.24,3.774,222000,202807.1,-90295.5,-156313.3,-507218.1,-36300.0,11186.8,20720.1,17264.5,0.0,0.0,10193.9,39848.7,0,0
58.7167,3179.421,286.35,2779.421,307.75,93.099,-28.614,97.397,0.153,0.591,24,17.09,6.91,0.7718,0.0252,1.1893,286.15,339.17,0.2872,63829.9,13829.95,17201.4,63.24,3.774,222000,202807.1,-90295.5,-156609.0,-509347.0,-36438.3,11203.7,20713.1,17408.7,0.0,0.0,9759.8,37733.0,0,0
58.8167,3188.731,283.492,2788.731,310.608,93.113,-28.557,97.394,0.147,0.56,24,17.06,6.94,0.775,0.0254,1.1889,286.13,339.16,0.2872,63829.6,13829.57,17201.0,63.24,3.774,222000,202807.1,-90295.5,-156884.8,-511358.9,-36569.6,11219.5,20706.3,17545.7,0.0,0.0,9352.7,35733.2,0,0
58.9167,3198.044,280.64,2798.044,313.46,93.128,-28.503,97.392,0.141,0.53,24,17.02,6.98,0.778,0.0256,1.1886,286.12,339.14,0.2872,63829.2,13829.2,17200.5,63.23,3.774,222000,202807.1,-90295.5,-157142.2,-513260.5,-36694.2,11234.5,20699.6,17675.9,0.0,0.0,8970.8,33842.9,0,0
59.0167,3207.357,277.792,2807.357,316.308,93.141,-28.451,97.39,0.135,0.502,24,16.99,7.01,0.7808,0.0258,1.1883,286.1,339.13,0.2872,63828.8,13828.82,17200.0,63.23,3.774,222000,202807.1,-90295.5,-157382.3,-515057.7,-36812.3,11248.5,20693.1,17799.5,0.0,0.0,8612.4,32056.0,0,0
59.1167,3216.672,274.95,2816.672,319.15,93.155,-28.403,97.388,0.13,0.476,24,16.96,7.04,0.7835,0.026,1.188,286.08,339.12,0.2872,63828.4,13828.44,17199.6,63.23,3.774,222000,202807.1,-90295.5,-157606.5,-516756.3,-36924.4,11261.6,20686.7,17916.9,0.0,0.0,8276.2,30366.8,0,0
59.2167,3225.988,272.112,2825.988,321.988,93.167,-28.357,97.387,0.125,0.451,24,16.93,7.07,0.786,0.0262,1.1876,286.06,339.11,0.2872,63828.1,13828.06,17199.1,63.23,3.774,222000,202807.1,-90295.5,-157815.6,-518361.8,-37030.7,11274.0,20680.4,18028.4,0.0,0.0,7960.8,28770.0,0,0
59.3167,3235.306,269.279,2835.306,324.821,93.18,-28.313,97.386,0.12,0.427,24,16.91,7.09,0.7885,0.0263,1.1873,286.04,339.1,0.2872,63827.7,13827.69,17198.6,63.23,3.774,222000,202807.1,-90295.5,-158010.9,-519879.3,-37131.4,11285.6,20674.3,18134.3,0.0,0.0,7664.8,27260.4,0,0
59.4167,3244.624,266.451,2844.624,327.649,93.191,-28.272,97.385,0.116,0.405,24,16.88,7.12,0.7908,0.0265,1.187,286.02,339.09,0.2872,63827.3,13827.31,17198.1,63.23,3.774,222000,202807.1,-90295.5,-158193.1,-521313.7,-37226.9,11296.5,20668.3,18234.9,0.0,0.0,7387.1,25833.2,0,0
59.5167,3253.944,263.626,2853.944,330.474,93.203,-28.232,97.385,0.112,0.384,24,16.86,7.14,0.7929,0.0266,1.1867,286.0,339.08,0.2872,63826.9,13826.93,17197.7,63.22,3.774,222000,202807.1,-90295.5,-158363.1,-522669.5,-37317.5,11306.8,20662.4,18330.4,0.0,0.0,7126.5,24483.9,0,0
59.6167,3263.265,260.805,2863.265,333.295,93.214,-28.195,97.384,0.108,0.364,24,16.83,7.17,0.795,0.0268,1.1863,285.99,339.07,0.2872,63826.6,13826.55,17197.2,63.22,3.774,222000,202807.1,-90295.5,-158521.8,-523951.1,-37403.3,11316.4,20656.6,18421.1,0.0,0.0,6882.1,23208.2,0,0
59.7167,3272.587,257.987,2872.587,336.113,93.224,-28.16,97.384,0.104,0.345,24,16.81,7.19,0.797,0.0269,1.186,285.97,339.06,0.2872,63826.2,13826.18,17196.7,63.22,3.774,222000,202807.1,-90295.5,-158669.8,-525162.6,-37484.6,11325.4,20650.9,18507.2,0.0,0.0,6652.7,22002.0,0,0
59.8167,3281.91,255.173,2881.91,338.927,93.234,-28.127,97.385,0.101,0.327,24,16.79,7.21,0.7988,0.027,1.1857,285.95,339.05,0.2872,63825.8,13825.8,17196.3,63.22,3.774,222000,202807.1,-90295.5,-158808.0,-526307.8,-37561.6,11333.8,20645.3,18588.9,0.0,0.0,6437.5,20861.5,0,0
59.9167,3291.234,252.362,2891.234,341.738,93.244,-28.095,97.385,0.098,0.31,24,16.77,7.23,0.8006,0.0271,1.1854,285.93,339.04,0.2872,63825.4,13825.42,17195.8,63.22,3.774,222000,202807.1,-90295.5,-158936.8,-527390.5,-37634.6,11341.7,20639.9,18666.6,0.0,0.0,6235.7,19783.1,0,0
60.0167,3300.559,249.555,2900.559,344.545,93.254,-28.065,97.385,0.095,0.294,24,16.75,7.25,0.8023,0.0272,1.185,285.91,339.02,0.2873,63825.0,13825.04,17195.3,63.21,3.774,222000,202807.1,-90295.5,-159057.0,-528414.0,-37703.7,11349.1,20634.5,18740.3,0.0,0.0,6046.4,18763.3,0,0
60.1167,3309.887,246.755,2909.887,347.345,93.322,-27.876,97.397,1.481,4.102,20,16.67,3.33,0.4493,0.0085,1.1847,285.9,339.01,0.2873,63824.7,13824.67,17194.9,63.21,3.774,222000,208611.8,-75928.5,-88664.2,-296016.7,-25394.3,7606.2,20631.9,5877.1,0.0,0.0,94553.3,261781.0,0,0
60.2167,3319.232,244.005,2919.232,350.095,93.561,-27.192,97.432,2.65,7.657,16,16.28,-0.28,0.1244,0.0007,1.1844,285.88,339.0,0.2874,63824.3,13824.29,17194.4,63.21,3.774,222000,213400.1,-61191.5,-23994.9,-82137.4,-20244.6,5914.1,20640.3,450.5,0.0,0.0,169160.6,488701.5,0,0
60.3167,3328.603,241.329,2928.603,352.771,93.819,-26.452,97.476,2.531,7.218,16,15.82,0.18,0.1662,0.0012,1.1841,285.86,338.99,0.2875,63823.9,13823.91,17193.9,63.21,3.774,222000,213400.1,-61191.5,-31188.8,-110070.3,-20645.2,5849.9,20653.3,804.7,0.0,0.0,161566.1,460700.6,0,0
60.4167,3338.0,238.725,2938.0,355.375,94.066,-25.754,97.528,2.424,6.802,16,15.38,0.62,0.2056,0.0018,1.1838,285.84,338.98,0.2877,63823.5,13823.53,17193.5,63.21,3.774,222000,213400.1,-61191.5,-37573.6,-136574.8,-21117.3,5809.7,20669.2,1232.7,0.0,0.0,154709.2,434152.2,0,0
60.5167,3347.42,236.188,2947.42,357.912,94.302,-25.097,97.585,2.327,6.408,16,14.97,1.03,0.2428,0.0025,1.1835,285.83,338.97,0.2879,63823.2,13823.16,17193.0,63.21,3.774,222000,213400.1,-61191.5,-43240.1,-161719.4,-21647.6,5788.1,20688.0,1720.1,0.0,0.0,148512.3,408982.4,0,0
60.6167,3356.864,233.715,2956.864,360.385,94.53,-24.478,97.648,2.239,6.034,16,14.58,1.42,0.2778,0.0033,1.1832,285.81,338.96,0.2881,63822.8,13822.78,17192.5,63.2,3.774,222000,213400.1,-61191.5,-48269.4,-185569.6,-22224.2,5780.8,20709.3,2254.4,0.0,0.0,142906.5,385121.2,0,0
60.7167,3366.33,231.301,2966.33,362.799,94.749,-23.896,97.716,2.16,5.68,16,14.21,1.79,0.3108,0.0041,1.1829,285.79,338.95,0.2883,63822.4,13822.4,17192.0,63.2,3.774,222000,213400.1,-61191.5,-52733.3,-208188.6,-22836.7,5784.4,20733.0,2825.0,0.0,0.0,137830.1,362502.1,0,0
60.8167,3375.817,228.944,2975.817,365.156,94.961,-23.347,97.789,2.087,5.344,16,13.87,2.13,0.3418,0.0049,1.1827,285.78,338.95,0.2885,63822.0,13822.02,17191.6,63.2,3.774,222000,213400.1,-61191.5,-56695.7,-229636.8,-23476.3,5796.1,20758.9,3422.4,0.0,0.0,133228.1,341061.9,0,0
60.9167,3385.325,226.64,2985.325,367.46,95.166,-22.832,97.866,2.022,5.026,16,13.54,2.46,0.3711,0.0058,1.1824,285.76,338.94,0.2887,63821.6,13821.65,17191.1,63.2,3.774,222000,213400.1,-61191.5,-60213.7,-249971.9,-24135.2,5813.7,20786.8,4038.7,0.0,0.0,129051.2,320740.7,0,0
61.0167,3394.853,224.385,2994.853,369.715,95.364,-22.347,97.948,1.963,4.724,16,13.24,2.76,0.3986,0.0067,1.1821,285.75,338.93,0.289,63821.3,13821.27,17190.6,63.2,3.774,222000,213400.1,-61191.5,-63337.9,-269249.0,-24806.5,5835.5,20816.6,4667.1,0.0,0.0,125255.7,301481.6,0,0
61.1167,3404.401,222.177,3004.401,371.923,95.557,-21.891,98.033,1.909,4.438,16,12.95,3.05,0.4245,0.0076,1.1819,285.73,338.92,0.2893,63820.9,13820.89,17190.2,63.2,3.774,222000,213400.1,-61191.5,-66113.2,-287520.9,-25484.6,5860.0,20848.1,5301.5,0.0,0.0,121802.3,283230.5,0,0
61.2167,3413.968,220.013,3013.968,374.087,95.745,-21.464,98.122,1.859,4.167,16,12.68,3.32,0.4489,0.0085,1.1816,285.72,338.91,0.2895,63820.5,13820.51,17189.7,63.19,3.774,222000,213400.1,-61191.5,-68579.8,-304837.8,-26164.4,5886.2,20881.2,5937.1,0.0,0.0,118655.9,265936.2,0,0
61.3167,3423.554,217.896,3023.554,376.204,95.971,-20.895,98.219,2.802,7.907,12,12.36,-0.36,0.1173,0.0006,1.1814,285.71,338.9,0.2898,63820.1,13820.14,17189.2,63.19,3.774,222000,217148.8,-46156.4,-17506.7,-79866.0,-20828.6,4565.6,20917.3,405.8,0.0,0.0,178813.5,504618.7,0,0
61.4167,3433.169,215.857,3033.169,378.243,96.267,-20.032,98.329,2.924,8.417,11,11.84,-0.84,0.0744,0.0002,1.1812,285.69,338.89,0.2901,63819.8,13819.76,17188.8,63.19,3.774,222000,217921.2,-42359.6,-10660.1,-50848.0,-20673.7,4334.2,20959.6,163.5,0.0,0.0,186587.4,537198.4,0,0
61.5167,3442.812,213.902,3042.812,380.198,96.554,-19.219,98.448,2.828,7.926,11,11.34,-0.34,0.1196,0.0006,1.1809,285.68,338.89,0.2905,63819.4,13819.38,17188.3,63.19,3.774,222000,217921.2,-42359.6,-16458.5,-82082.0,-21011.2,4213.0,21005.7,423.7,0.0,0.0,180451.5,505839.5,0,0
61.6167,3452.484,212.025,3052.484,382.075,96.832,-18.454,98.574,2.743,7.46,11,10.87,0.13,0.1621,0.0011,1.1807,285.67,338.88,0.2909,63819.0,13819.01,17187.8,63.19,3.774,222000,217921.2,-42359.6,-21444.8,-111721.9,-21444.3,4116.2,21055.3,780.5,0.0,0.0,175032.1,476099.1,0,0
61.7167,3462.183,210.222,3062.183,383.878,97.102,-17.734,98.708,2.668,7.018,11,10.42,0.58,0.2021,0.0017,1.1805,285.66,338.87,0.2913,63818.6,13818.63,17187.3,63.19,3.774,222000,217921.2,-42359.6,-25719.8,-139844.1,-21956.1,4038.1,21108.0,1216.3,0.0,0.0,170245.4,447895.1,0,0
61.8167,3471.909,208.489,3071.909,385.611,97.364,-17.056,98.847,2.601,6.599,11,10.0,1.0,0.2397,0.0024,1.1803,285.65,338.87,0.2917,63818.3,13818.25,17186.9,63.18,3.774,222000,217921.2,-42359.6,-29372.5,-166521.8,-22531.5,3974.3,21163.7,1715.6,0.0,0.0,166017.2,421150.0,0,0
61.9167,3481.66,206.82,3081.66,387.28,97.621,-16.42,98.992,2.543,6.202,11,9.61,1.39,0.275,0.0032,1.1801,285.63,338.86,0.2921,63817.9,13817.87,17186.4,63.18,3.774,222000,217921.2,-42359.6,-32482.0,-191825.0,-23157.4,3921.3,21222.1,2264.9,0.0,0.0,162281.9,395790.0,0,0
62.0167,3491.437,205.214,3091.437,388.886,97.872,-15.822,99.143,2.491,5.825,11,9.24,1.76,0.3082,0.004,1.1799,285.62,338.85,0.2926,63817.5,13817.5,17185.9,63.18,3.774,222000,217921.2,-42359.6,-35117.9,-215821.0,-23822.4,3876.3,21283.0,2852.7,0.0,0.0,158980.9,371745.4,0,0
62.1167,3501.238,203.664,3101.238,390.436,98.119,-15.26,99.298,2.445,5.468,11,8.9,2.1,0.3394,0.0049,1.1798,285.61,338.85,0.293,63817.1,13817.12,17185.5,63.18,3.774,222000,217921.2,-42359.6,-37342.0,-238573.8,-24516.7,3837.4,21346.3,3468.9,0.0,0.0,156062.6,348950.0,0,0
62.2167,3511.065,202.169,3111.065,391.931,98.361,-14.733,99.458,2.405,5.129,11,8.57,2.43,0.3686,0.0058,1.1796,285.6,338.84,0.2935,63816.7,13816.74,17185.0,63.18,3.774,222000,217921.2,-42359.6,-39208.7,-260144.6,-25231.4,3802.9,21411.7,4104.8,0.0,0.0,153481.1,327340.9,0,0
62.3167,3520.915,200.725,3120.915,393.375,98.599,-14.239,99.622,2.369,4.808,11,8.27,2.73,0.396,0.0066,1.1794,285.59,338.84,0.294,63816.4,13816.36,17184.5,63.17,3.774,222000,217921.2,-42359.6,-40766.1,-280591.9,-25959.4,3771.5,21479.0,4752.9,0.0,0.0,151195.8,306858.6,0,0
62.4167,3530.788,199.328,3130.788,394.772,98.834,-13.776,99.79,2.338,4.504,11,7.98,3.02,0.4217,0.0075,1.1793,285.59,338.83,0.2945,63816.0,13815.99,17184.1,63.17,3.774,222000,217921.2,-42359.6,-42056.6,-299971.3,-26694.1,3742.6,21548.2,5407.0,0.0,0.0,149170.5,287446.5,0,0
62.5167,3540.685,197.976,3140.685,396.124,99.066,-13.343,99.961,2.309,4.216,11,7.71,3.29,0.4458,0.0084,1.1791,285.58,338.83,0.295,63815.6,13815.61,17183.6,63.17,3.774,222000,217921.2,-42359.6,-43117.6,-318336.0,-27430.2,3715.3,21619.1,6061.5,0.0,0.0,147373.5,269050.9,0,0
62.6167,3550.605,196.666,3150.605,397.434,99.296,-12.937,100.135,2.284,3.943,11,7.46,3.54,0.4683,0.0093,1.179,285.57,338.82,0.2955,63815.2,13815.23,17183.1,63.17,3.774,222000,217921.2,-42359.6,-43982.0,-335736.5,-28162.9,3689.4,21691.5,6712.0,0.0,0.0,145776.4,251620.7,0,0
62.7167,3560.548,195.395,3160.548,398.705,99.523,-12.558,100.312,2.262,3.684,11,7.23,3.77,0.4894,0.0101,1.1788,285.56,338.82,0.2961,63814.9,13814.85,17182.7,63.17,3.774,222000,217921.2,-42359.6,-44678.6,-352221.0,-28888.4,3664.4,21765.5,7354.4,0.0,0.0,144354.3,235107.6,0,0
62.8167,3570.514,194.16,3170.514,399.94,99.748,-12.204,100.492,2.242,3.439,11,7.01,3.99,0.5091,0.011,1.1787,285.55,338.81,0.2966,63814.5,13814.48,17182.2,63.17,3.774,222000,217921.2,-42359.6,-45232.7,-367835.4,-29603.4,3640.3,21840.7,7985.7,0.0,0.0,143085.1,219465.3,0,0
62.9167,3580.501,192.959,3180.501,401.141,99.971,-11.874,100.674,2.224,3.207,11,6.81,4.19,0.5274,0.0118,1.1785,285.54,338.81,0.2971,63814.1,13814.1,17181.7,63.16,3.774,222000,217921.2,-42359.6,-45666.7,-382623.4,-30305.2,3617.0,21917.2,8603.1,0.0,0.0,141949.4,204650.3,0,0
63.0167,3590.511,191.789,3190.511,402.311,100.193,-11.566,100.858,2.208,2.987,11,6.62,4.38,0.5446,0.0126,1.1784,285.54,338.8,0.2977,63813.7,13813.72,17181.2,63.16,3.774,222000,217921.2,-42359.6,-45999.8,-396626.5,-30991.6,3594.3,21994.8,9204.5,0.0,0.0,140929.9,190620.8,0,0
63.1167,3600.544,190.65,3200.544,403.45,100.413,-11.28,101.044,2.194,2.779,11,6.44,4.56,0.5606,0.0133,1.1783,285.53,338.8,0.2982,63813.3,13813.34,17180.8,63.16,3.774,222000,217921.2,-42359.6,-46249.1,-409884.3,-31660.7,3572.4,22073.5,9788.1,0.0,0.0,140011.4,177337.4,0,0
63.2167,3610.598,189.537,3210.598,404.563,100.631,-11.013,101.232,2.181,2.582,11,6.27,4.73,0.5755,0.014,1.1781,285.52,338.79,0.2988,63813.0,13812.97,17180.3,63.16,3.774,222000,217921.2,-42359.6,-46429.3,-422434.5,-32311.3,3551.3,22153.2,10352.6,0.0,0.0,139180.6,164762.4,0,0
63.3167,3620.673,188.451,3220.673,405.649,100.849,-10.766,101.422,2.169,2.395,11,6.12,4.88,0.5894,0.0147,1.178,285.51,338.79,0.2994,63812.6,13812.59,17179.8,63.16,3.774,222000,217921.2,-42359.6,-46553.3,-434312.7,-32942.1,3531.0,22233.9,10897.0,0.0,0.0,138425.8,152860.2,0,0
63.4167,3630.771,187.388,3230.771,406.712,101.065,-10.537,101.613,2.158,2.219,11,5.97,5.03,0.6023,0.0154,1.1779,285.51,338.78,0.2999,63812.2,13812.21,17179.4,63.16,3.774,222000,217921.2,-42359.6,-46632.2,-445553.1,-33552.4,3511.6,22315.3,11420.4,0.0,0.0,137736.6,141596.7,0,0
63.5167,3640.89,186.346,3240.89,407.754,101.28,-10.325,101.805,2.149,2.052,11,5.84,5.16,0.6142,0.016,1.1778,285.5,338.78,0.3005,63811.8,13811.83,17178.9,63.15,3.774,222000,217921.2,-42359.6,-46675.5,-456188.1,-34141.7,3493.3,22397.6,11922.4,0.0,0.0,137104.0,130939.6,0,0
63.6167,3651.03,185.325,3251.03,408.775,101.495,-10.129,101.999,2.139,1.894,11,5.72,5.28,0.6253,0.0166,1.1777,285.49,338.78,0.3011,63811.5,13811.46,17178.4,63.15,3.774,222000,217921.2,-42359.6,-46691.6,-466248.5,-34709.6,3475.9,22480.5,12402.7,0.0,0.0,136520.0,120858.2,0,0
63.7167,3661.192,184.323,3261.192,409.777,101.708,-9.948,102.193,2.131,1.745,11,5.6,5.4,0.6356,0.0171,1.1775,285.49,338.77,0.3017,63811.1,13811.08,17178.0,63.15,3.774,222000,217921.2,-42359.6,-46687.6,-475763.6,-35255.9,3459.7,22564.2,12861.1,0.0,0.0,135977.7,111323.3,0,0
63.8167,3671.376,183.338,3271.376,410.762,101.921,-9.782,102.389,2.123,1.603,11,5.5,5.5,0.6451,0.0176,1.1774,285.48,338.77,0.3022,63810.7,13810.7,17177.5,63.15,3.774,222000,217921.2,-42359.6,-46669.5,-484761.2,-35780.7,3444.7,22648.4,13297.7,0.0,0.0,135471.0,102306.9,0,0
63.9167,3681.58,182.369,3281.58,411.731,102.132,-9.63,102.585,2.116,1.47,11,5.4,5.6,0.6538,0.0181,1.1773,285.47,338.76,0.3028,63810.3,13810.33,17177.0,63.15,3.774,222000,217921.2,-42359.6,-46642.4,-493267.8,-36284.1,3431.0,22733.3,13712.7,0.0,0.0,134994.7,93782.9,0,0
64.0167,3691.806,181.414,3291.806,412.686,102.344,-9.49,102.783,2.109,1.343,11,5.31,5.69,0.6619,0.0185,1.1772,285.47,338.76,0.3034,63809.9,13809.95,17176.6,63.15,3.774,222000,217921.2,-42359.6,-46610.8,-501308.6,-36766.3,3418.5,22818.6,14106.3,0.0,0.0,134544.2,85725.8,0,0
64.1167,3702.052,180.473,3302.052,413.627,102.554,-9.363,102.981,2.102,1.224,11,5.23,5.77,0.6693,0.019,1.1771,285.46,338.76,0.304,63809.6,13809.57,17176.1,63.14,3.774,222000,217921.2,-42359.6,-46578.2,-508907.6,-37227.7,3407.3,22904.5,14478.9,0.0,0.0,134115.4,78112.0,0,0
64.2167,3712.32,179.543,3312.32,414.557,102.764,-9.247,103.179,2.095,1.111,11,5.15,5.85,0.6762,0.0194,1.177,285.46,338.75,0.3046,63809.2,13809.19,17175.6,63.14,3.774,222000,217921.2,-42359.6,-46547.7,-516087.5,-37668.7,3397.5,22990.7,14830.8,0.0,0.0,133704.9,70918.5,0,0
64.3167,3722.608,178.625,3322.608,415.475,102.97,-9.161,103.377,1.914,-0.129,12,5.08,6.92,0.7724,0.0253,1.1769,285.45,338.75,0.3052,63808.8,13808.82,17175.1,63.14,3.774,222000,217148.8,-46156.4,-52657.4,-591829.9,-42336.2,3766.8,23077.5,19426.0,0.0,0.0,122155.1,-8255.0,0,0
64.4167,3732.914,177.691,3332.914,416.409,103.095,-9.547,103.536,0.887,-5.659,17,5.24,11.76,1.2084,0.0618,1.1768,285.44,338.75,0.3056,63808.4,13808.44,17174.7,63.14,3.774,222000,212299.7,-64906.5,-85158.6,-928630.2,-70554.3,6470.1,23150.4,47700.0,0.0,0.0,56586.8,-361105.9,0,0
64.5167,3743.228,176.704,3343.228,417.396,103.183,-10.096,103.675,0.869,-5.361,17,5.54,11.46,1.1814,0.0591,1.1767,285.44,338.74,0.3061,63808.1,13808.06,17174.2,63.14,3.774,222000,212299.7,-64906.5,-88238.9,-909783.3,-68598.5,6653.3,23210.6,45709.8,0.0,0.0,55462.2,-342079.4,0,0
64.6167,3753.551,175.664,3353.551,418.436,103.269,-10.615,103.813,0.855,-5.08,17,5.82,11.18,1.1559,0.0566,1.1766,285.43,338.74,0.3065,63807.7,13807.68,17173.7,63.14,3.774,222000,212299.7,-64906.5,-90968.5,-891977.5,-66792.6,6811.9,23270.0,43869.1,0.0,0.0,54538.6,-324118.8,0,0
64.7167,3763.883,174.573,3363.883,419.527,103.353,-11.107,103.949,0.843,-4.814,17,6.09,10.91,1.1318,0.0542,1.1764,285.42,338.73,0.3069,63807.3,13807.31,17173.3,63.13,3.774,222000,212299.7,-64906.5,-93386.7,-875157.8,-65124.1,6949.3,23328.6,42165.2,0.0,0.0,53788.8,-307165.4,0,0
64.8167,3774.224,173.435,3374.224,420.665,103.437,-11.574,104.083,0.834,-4.563,17,6.34,10.66,1.1091,0.0521,1.1763,285.42,338.73,0.3073,63806.9,13806.93,17172.8,63.13,3.774,222000,212299.7,-64906.5,-95529.0,-859271.8,-63581.6,7068.6,23386.4,40586.9,0.0,0.0,53189.1,-291163.7,0,0
64.9167,3784.572,172.252,3384.572,421.848,103.52,-12.016,104.215,0.826,-4.327,17,6.58,10.42,1.0876,0.0501,1.1762,285.41,338.73,0.3077,63806.6,13806.55,17172.3,63.13,3.774,222000,212299.7,-64906.5,-97426.6,-844269.5,-62154.6,7172.5,23443.5,39123.6,0.0,0.0,52718.5,-276061.3,0,0
65.0167,3794.929,171.025,3394.929,423.075,103.602,-12.436,104.346,0.821,-4.103,17,6.81,10.19,1.0672,0.0482,1.176,285.4,338.72,0.3081,63806.2,13806.17,17171.9,63.13,3.774,222000,212299.7,-64906.5,-99107.3,-830103.5,-60833.8,7263.0,23499.8,37766.1,0.0,0.0,52358.6,-261808.4,0,0
65.1167,3805.294,169.758,3405.294,424.342,103.684,-12.834,104.475,0.816,-3.892,17,7.02,9.98,1.048,0.0465,1.1759,285.39,338.72,0.3084,63805.8,13805.8,17171.4,63.13,3.774,222000,212299.7,-64906.5,-100596.0,-816728.5,-59610.4,7342.2,23555.3,36505.6,0.0,0.0,52093.2,-248358.0,0,0
65.2167,3815.667,168.453,3415.667,425.647,103.766,-13.211,104.603,0.814,-3.694,17,7.22,9.78,1.0299,0.0449,1.1757,285.38,338.71,0.3088,63805.4,13805.42,17170.9,63.12,3.774,222000,212299.7,-64906.5,-101914.7,-804101.8,-58476.8,7411.6,23610.1,35334.4,0.0,0.0,51908.2,-235665.6,0,0
65.3167,3826.048,167.11,3426.048,426.99,103.847,-13.57,104.73,0.812,-3.506,17,7.41,9.59,1.0127,0.0434,1.1756,285.38,338.71,0.3092,63805.0,13805.04,17170.4,63.12,3.774,222000,212299.7,-64906.5,-103083.0,-792182.5,-57425.6,7472.5,23664.3,34245.4,0.0,0.0,51791.1,-223689.0,0,0
65.4167,3836.438,165.734,3436.438,428.366,103.928,-13.91,104.855,0.811,-3.329,17,7.59,9.41,0.9965,0.042,1.1754,285.37,338.7,0.3096,63804.7,13804.66,17170.0,63.12,3.774,222000,212299.7,-64906.5,-104118.3,-780932.0,-56450.4,7526.3,23717.8,33232.1,0.0,0.0,51731.0,-212388.5,0,0
65.5167,3846.835,164.324,3446.835,429.776,104.009,-14.233,104.978,0.811,-3.162,17,7.76,9.24,0.9812,0.0408,1.1753,285.36,338.7,0.3099,63804.3,13804.29,17169.5,63.12,3.774,222000,212299.7,-64906.5,-105036.0,-770313.7,-55545.2,7573.9,23770.6,32288.6,0.0,0.0,51718.4,-201726.3,0,0
65.6167,3857.241,162.882,3457.241,431.218,104.09,-14.54,105.101,0.811,-3.004,17,7.93,9.07,0.9667,0.0396,1.1751,285.35,338.69,0.3103,63803.9,13803.91,17169.0,63.12,3.774,222000,212299.7,-64906.5,-105850.0,-760292.8,-54704.6,7616.1,23822.9,31409.3,0.0,0.0,51745.1,-191666.8,0,0
65.7167,3867.655,161.411,3467.655,432.689,104.171,-14.832,105.222,0.812,-2.855,17,8.08,8.92,0.9529,0.0384,1.1749,285.34,338.68,0.3107,63803.5,13803.53,17168.6,63.12,3.774,222000,212299.7,-64906.5,-106572.3,-750836.3,-53923.5,7653.8,23874.5,30589.5,0.0,0.0,51803.8,-182176.4,0,0
65.8167,3878.076,159.912,3478.076,434.188,104.252,-15.109,105.342,0.813,-2.715,17,8.22,8.78,0.9399,0.0374,1.1748,285.33,338.68,0.311,63803.2,13803.15,17168.1,63.11,3.774,222000,212299.7,-64906.5,-107213.8,-741913.2,-53197.5,7687.6,23925.6,29824.5,0.0,0.0,51888.3,-173223.2,0,0
65.9167,3888.506,158.385,3488.506,435.715,104.334,-15.373,105.46,0.815,-2.583,17,8.36,8.64,0.9276,0.0364,1.1746,285.32,338.67,0.3114,63802.8,13802.78,17167.6,63.11,3.774,222000,212299.7,-64906.5,-107784.2,-733493.7,-52522.3,7718.0,23976.1,29110.3,0.0,0.0,51993.2,-164777.0,0,0
66.0167,3898.945,156.833,3498.945,437.267,104.415,-15.623,105.578,0.817,-2.458,17,8.49,8.51,0.916,0.0355,1.1744,285.31,338.67,0.3117,63802.4,13802.4,17167.2,63.11,3.774,222000,212299.7,-64906.5,-108291.8,-725549.9,-51894.1,7745.4,24026.0,28442.9,0.0,0.0,52113.7,-156809.5,0,0
66.1167,3909.391,155.257,3509.391,438.843,104.497,-15.862,105.694,0.819,-2.34,17,8.61,8.39,0.905,0.0347,1.1742,285.3,338.66,0.3121,63802.0,13802.02,17166.7,63.11,3.774,222000,212299.7,-64906.5,-108744.3,-718055.4,-51309.5,7770.4,24075.5,27819.0,0.0,0.0,52245.9,-149293.7,0,0
66.2167,3919.845,153.657,3519.845,440.443,104.579,-16.09,105.81,0.821,-2.229,17,8.73,8.27,0.8945,0.0339,1.1741,285.29,338.65,0.3124,63801.6,13801.64,17166.2,63.11,3.774,222000,212299.7,-64906.5,-109148.3,-710985.0,-50765.1,7793.3,24124.5,27235.4,0.0,0.0,52386.3,-142204.1,0,0
66.3167,3930.308,152.036,3530.308,442.064,104.662,-16.306,105.924,0.823,-2.124,17,8.84,8.16,0.8846,0.0331,1.1739,285.28,338.65,0.3128,63801.3,13801.27,17165.8,63.11,3.774,222000,212299.7,-64906.5,-109509.8,-704315.1,-50258.1,7814.3,24173.0,26689.0,0.0,0.0,52531.8,-135516.9,0,0
66.4167,3940.779,150.393,3540.779,443.707,104.744,-16.513,106.038,0.826,-2.025,17,8.94,8.06,0.8752,0.0324,1.1737,285.27,338.64,0.3131,63800.9,13800.89,17165.3,63.1,3.774,222000,212299.7,-64906.5,-109834.0,-698023.2,-49785.6,7833.8,24221.0,26177.2,0.0,0.0,52680.1,-129209.2,0,0
66.5167,3951.258,148.73,3551.258,445.37,104.827,-16.71,106.15,0.828,-1.932,17,9.04,7.96,0.8663,0.0318,1.1735,285.26,338.64,0.3135,63800.5,13800.51,17164.8,63.1,3.774,222000,212299.7,-64906.5,-110125.5,-692088.0,-49345.3,7851.9,24268.6,25697.5,0.0,0.0,52828.9,-123259.7,0,0
66.6167,3961.746,147.048,3561.746,447.052,104.91,-16.898,106.262,0.83,-1.844,17,9.14,7.86,0.8578,0.0311,1.1733,285.25,338.63,0.3138,63800.1,13800.14,17164.3,63.1,3.774,222000,212299.7,-64906.5,-110388.4,-686489.6,-48934.8,7868.8,24315.8,25247.6,0.0,0.0,52976.5,-117648.0,0,0
66.7167,3972.242,145.348,3572.242,448.752,104.993,-17.078,106.373,0.833,-1.761,17,9.22,7.78,0.8498,0.0306,1.1731,285.23,338.62,0.3141,63799.8,13799.76,17163.9,63.1,3.774,222000,212299.7,-64906.5,-110626.5,-681209.0,-48551.9,7884.7,24362.6,24825.4,0.0,0.0,53121.3,-112355.2,0,0
66.8167,3982.746,143.63,3582.746,450.47,105.076,-17.249,106.483,0.835,-1.683,17,9.31,7.69,0.8422,0.03,1.1729,285.22,338.62,0.3145,63799.4,13799.38,17163.4,63.1,3.774,222000,212299.7,-64906.5,-110842.7,-676228.1,-48194.8,7899.8,24409.0,24428.9,0.0,0.0,53262.1,-107363.0,0,0
66.9167,3993.258,141.895,3593.258,452.205,105.16,-17.413,106.592,0.837,-1.609,17,9.39,7.61,0.835,0.0295,1.1727,285.21,338.61,0.3148,63799.0,13799.0,17162.9,63.1,3.774,222000,212299.7,-64906.5,-111040.1,-671530.2,-47861.6,7914.1,24455.1,24056.4,0.0,0.0,53398.0,-102654.4,0,0
67.0167,4003.779,140.145,3603.779,453.955,105.244,-17.57,106.7,0.839,-1.539,17,9.47,7.53,0.8281,0.029,1.1725,285.2,338.6,0.3151,63798.6,13798.63,17162.5,63.09,3.774,222000,212299.7,-64906.5,-111221.0,-667099.2,-47550.6,7927.8,24500.7,23706.2,0.0,0.0,53528.0,-98213.4,0,0
67.1167,4014.308,138.379,3614.308,455.721,105.328,-17.72,106.808,0.841,-1.474,17,9.54,7.46,0.8216,0.0286,1.1723,285.19,338.6,0.3154,63798.2,13798.25,17162.0,63.09,3.774,222000,212299.7,-64906.5,-111387.7,-662919.9,-47260.4,7941.0,24546.1,23376.8,0.0,0.0,53651.6,-94024.6,0,0
67.2167,4024.846,136.598,3624.846,457.502,105.412,-17.864,106.915,0.843,-1.412,17,9.61,7.39,0.8154,0.0281,1.1721,285.18,338.59,0.3158,63797.9,13797.87,17161.5,63.09,3.774,222000,212299.7,-64906.5,-111542.1,-658978.1,-46989.4,7953.7,24591.1,23066.7,0.0,0.0,53768.1,-90073.8,0,0
67.3167,4035.392,134.804,3635.392,459.296,105.496,-18.001,107.021,0.845,-1.353,17,9.67,7.33,0.8094,0.0277,1.1719,285.17,338.58,0.3161,63797.5,13797.49,17161.1,63.09,3.774,222000,212299.7,-64906.5,-111685.9,-655260.3,-46736.4,7966.0,24635.8,22774.7,0.0,0.0,53877.4,-86347.4,0,0
67.4167,4045.947,132.996,3645.947,461.104,105.581,-18.134,107.127,0.846,-1.298,17,9.74,7.26,0.8038,0.0273,1.1717,285.15,338.57,0.3164,63797.1,13797.12,17160.6,63.09,3.774,222000,212299.7,-64906.5,-111820.5,-651753.8,-46500.2,7978.0,24680.1,22499.5,0.0,0.0,53978.9,-82832.6,0,0
67.5167,4056.51,131.175,3656.51,462.925,105.665,-18.26,107.232,0.848,-1.246,17,9.79,7.21,0.7985,0.027,1.1715,285.14,338.57,0.3167,63796.7,13796.74,17160.1,63.09,3.774,222000,212299.7,-64906.5,-111947.4,-648446.4,-46279.6,7989.7,24724.2,22239.9,0.0,0.0,54072.7,-79517.3,0,0
67.6167,4067.081,129.342,3667.081,464.758,105.75,-18.382,107.336,0.849,-1.197,17,9.85,7.15,0.7933,0.0266,1.1713,285.13,338.56,0.317,63796.4,13796.36,17159.7,63.08,3.774,222000,212299.7,-64906.5,-112067.6,-645326.9,-46073.5,8001.1,24768.1,21995.1,0.0,0.0,54158.5,-76390.0,0,0
67.7167,4077.661,127.497,3677.661,466.603,105.835,-18.499,107.44,0.85,-1.151,17,9.91,7.09,0.7885,0.0263,1.1711,285.12,338.55,0.3173,63796.0,13795.98,17159.2,63.08,3.774,222000,212299.7,-64906.5,-112182.1,-642384.6,-45881.1,8012.4,24811.6,21763.9,0.0,0.0,54236.4,-73440.1,0,0
67.8167,4088.25,125.641,3688.25,468.459,105.92,-18.612,107.543,0.851,-1.108,17,9.96,7.04,0.7838,0.026,1.1709,285.11,338.55,0.3177,63795.6,13795.61,17158.7,63.08,3.774,222000,212299.7,-64906.5,-112291.9,-639609.3,-45701.3,8023.5,24854.9,21545.4,0.0,0.0,54306.4,-70657.4,0,0
67.9167,4098.847,123.773,3698.847,470.327,106.006,-18.72,107.646,0.852,-1.066,17,10.01,6.99,0.7794,0.0257,1.1707,285.09,338.54,0.318,63795.2,13795.23,17158.2,63.08,3.774,222000,212299.7,-64906.5,-112397.6,-636991.4,-45533.5,8034.4,24897.9,21339.0,0.0,0.0,54368.6,-68032.3,0,0
68.0167,4109.452,121.895,3709.452,472.205,106.091,-18.824,107.748,0.853,-1.028,17,10.05,6.95,0.7751,0.0254,1.1705,285.08,338.53,0.3183,63794.9,13794.85,17157.8,63.08,3.774,222000,212299.7,-64906.5,-112500.0,-634521.9,-45376.7,8045.2,24940.7,21143.7,0.0,0.0,54423.0,-65555.7,0,0
68.1167,4120.066,120.007,3720.066,474.093,106.176,-18.925,107.85,0.854,-0.991,17,10.1,6.9,0.7711,0.0252,1.1702,285.07,338.52,0.3186,63794.5,13794.47,17157.3,63.07,3.774,222000,212299.7,-64906.5,-112599.6,-632192.4,-45230.2,8055.9,24983.2,20958.8,0.0,0.0,54469.8,-63219.2,0,0
68.2167,4130.689,118.108,3730.689,475.992,106.262,-19.022,107.951,0.854,-0.956,17,10.14,6.86,0.7672,0.0249,1.17,285.06,338.52,0.3189,63794.1,13794.1,17156.8,63.07,3.774,222000,212299.7,-64906.5,-112697.0,-629994.8,-45093.5,8066.6,25025.6,20783.7,0.0,0.0,54509.2,-61014.6,0,0
68.3167,4141.32,116.201,3741.32,477.899,106.347,-19.116,108.051,0.855,-0.924,17,10.18,6.82,0.7635,0.0247,1.1698,285.05,338.51,0.3192,63793.7,13793.72,17156.4,63.07,3.774,222000,212299.7,-64906.5,-112792.5,-627921.5,-44965.8,8077.1,25067.7,20617.8,0.0,0.0,54541.4,-58934.5,0,0
68.4167,4151.96,114.284,3751.96,479.816,106.433,-19.206,108.152,0.855,-0.893,17,10.22,6.78,0.7599,0.0244,1.1696,285.03,338.5,0.3195,63793.3,13793.34,17155.9,63.07,3.774,222000,212299.7,-64906.5,-112886.5,-625965.3,-44846.6,8087.6,25109.6,20460.4,0.0,0.0,54566.6,-56971.5,0,0
68.5167,4162.608,112.358,3762.608,481.742,106.518,-19.294,108.251,0.856,-0.864,17,10.26,6.74,0.7565,0.0242,1.1694,285.02,338.5,0.3198,63793.0,13792.96,17155.4,63.07,3.774,222000,212299.7,-64906.5,-112979.5,-624119.6,-44735.3,8098.1,25151.3,20311.1,0.0,0.0,54584.9,-55119.0,0,0
68.6167,4173.265,110.424,3773.265,483.676,106.604,-19.379,108.351,0.856,-0.837,17,10.3,6.7,0.7533,0.024,1.1692,285.01,338.49,0.3201,63792.6,13792.59,17155.0,63.07,3.774,222000,212299.7,-64906.5,-113071.5,-622377.9,-44631.4,8108.5,25192.8,20169.2,0.0,0.0,54596.8,-53370.7,0,0
68.7167,4183.93,108.481,3783.93,485.619,106.689,-19.461,108.45,0.856,-0.811,17,10.33,6.67,0.7501,0.0238,1.1689,285.0,338.48,0.3204,63792.2,13792.21,17154.5,63.06,3.774,222000,212299.7,-64906.5,-113162.9,-620734.3,-44534.5,8118.9,25234.1,20034.4,0.0,0.0,54602.3,-51720.4,0,0
68.8167,4194.604,106.53,3794.604,487.57,106.775,-19.541,108.548,0.856,-0.786,17,10.37,6.63,0.7471,0.0236,1.1687,284.98,338.47,0.3207,63791.8,13791.83,17154.0,63.06,3.774,222000,212299.7,-64906.5,-113253.9,-619183.1,-44444.1,8129.2,25275.2,19906.2,0.0,0.0,54601.7,-50162.6,0,0
68.9167,4205.287,104.572,3805.287,489.528,106.86,-19.618,108.646,0.856,-0.763,17,10.4,6.6,0.7442,0.0234,1.1685,284.97,338.47,0.321,63791.5,13791.46,17153.6,63.06,3.774,222000,212299.7,-64906.5,-113344.5,-617719.0,-44359.8,8139.5,25316.1,19784.2,0.0,0.0,54595.3,-48691.8,0,0
69.0167,4215.978,102.605,3815.978,491.495,106.946,-19.693,108.744,0.856,-0.742,17,10.43,6.57,0.7414,0.0233,1.1683,284.96,338.46,0.3213,63791.1,13791.08,17153.1,63.06,3.774,222000,212299.7,-64906.5,-113435.1,-616336.9,-44281.2,8149.8,25356.9,19668.0,0.0,0.0,54583.3,-47303.1,0,0
69.1167,4226.677,100.632,3826.677,493.468,107.032,-19.766,108.841,0.855,-0.721,17,10.46,6.54,0.7388,0.0231,1.168,284.94,338.45,0.3216,63790.7,13790.7,17152.6,63.06,3.774,222000,212299.7,-64906.5,-113525.7,-615032.1,-44208.0,8160.1,25397.5,19557.3,0.0,0.0,54566.0,-45991.7,0,0
69.2167,4237.385,98.651,3837.385,495.449,107.117,-19.837,108.938,0.855,-0.702,17,10.49,6.51,0.7362,0.0229,1.1678,284.93,338.44,0.3219,63790.3,13790.32,17152.1,63.06,3.774,222000,212299.7,-64906.5,-113616.3,-613800.1,-44139.8,8170.4,25437.9,19451.7,0.0,0.0,54543.6,-44753.2,0,0
69.3167,4248.102,96.663,3848.102,497.437,107.203,-19.906,109.035,0.855,-0.683,17,10.51,6.49,0.7337,0.0228,1.1676,284.92,338.43,0.3222,63789.9,13789.95,17151.7,63.05,3.774,222000,212299.7,-64906.5,-113707.1,-612636.7,-44076.3,8180.7,25478.2,19350.8,0.0,0.0,54516.3,-43583.2,0,0
69.4167,4258.827,94.669,3858.827,499.431,107.288,-19.973,109.131,0.854,-0.666,17,10.54,6.46,0.7313,0.0226,1.1674,284.91,338.43,0.3225,63789.6,13789.57,17151.2,63.05,3.774,222000,212299.7,-64906.5,-113798.0,-611538.0,-44017.2,8190.9,25518.3,19254.5,0.0,0.0,54484.4,-42477.9,0,0
69.5167,4269.561,92.668,3869.561,501.432,107.373,-20.039,109.227,0.854,-0.65,17,10.57,6.43,0.729,0.0225,1.1671,284.89,338.42,0.3228,63789.2,13789.19,17150.7,63.05,3.774,222000,212299.7,-64906.5,-113889.3,-610500.1,-43962.3,8201.2,25558.3,19162.4,0.0,0.0,54448.1,-41433.4,0,0
69.6167,4280.303,90.66,3880.303,503.44,107.459,-20.103,109.323,0.853,-0.634,17,10.59,6.41,0.7267,0.0224,1.1669,284.88,338.41,0.323,63788.8,13788.81,17150.3,63.05,3.774,222000,212299.7,-64906.5,-113980.9,-609519.5,-43911.2,8211.4,25598.1,19074.3,0.0,0.0,54407.6,-40446.3,0,0
69.7167,4291.054,88.646,3891.054,505.454,107.544,-20.165,109.418,0.852,-0.619,17,10.62,6.38,0.7245,0.0222,1.1667,284.87,338.4,0.3233,63788.4,13788.44,17149.8,63.05,3.774,222000,212299.7,-64906.5,-114072.7,-608593.0,-43863.8,8221.7,25637.8,18989.9,0.0,0.0,54363.1,-39513.3,0,0
69.8167,4301.814,86.626,3901.814,507.474,107.629,-20.226,109.513,0.851,-0.606,17,10.64,6.36,0.7224,0.0221,1.1665,284.85,338.4,0.3236,63788.1,13788.06,17149.3,63.05,3.774,222000,212299.7,-64906.5,-114164.9,-607717.3,-43819.8,8231.9,25677.3,18909.0,0.0,0.0,54314.9,-38631.1,0,0
69.9167,4312.582,84.6,3912.582,509.5,107.714,-20.286,109.608,0.851,-0.593,17,10.66,6.34,0.7204,0.022,1.1662,284.84,338.39,0.3239,63787.7,13787.68,17148.9,63.04,3.774,222000,212299.7,-64906.5,-114257.5,-606889.6,-43779.1,8242.2,25716.7,18831.5,0.0,0.0,54263.1,-37796.8,0,0
70.0167,4323.358,82.568,3923.358,511.532,107.799,-20.345,109.702,0.85,-0.58,17,10.68,6.32,0.7184,0.0218,1.166,284.83,338.38,0.3242,63787.3,13787.3,17148.4,63.04,3.774,222000,212299.7,-64906.5,-114350.4,-606107.0,-43741.3,8252.4,25756.0,18757.0,0.0,0.0,54207.9,-37007.6,0,0
70.1167,4334.143,80.53,3934.143,513.57,107.884,-20.402,109.796,0.849,-0.568,17,10.71,6.29,0.7165,0.0217,1.1658,284.81,338.37,0.3245,63786.9,13786.93,17147.9,63.04,3.774,222000,212299.7,-64906.5,-114443.7,-605366.8,-43706.4,8262.6,25795.1,18685.5,0.0,0.0,54149.6,-36261.0,0,0
70.2167,4344.936,78.487,3944.936,515.613,107.969,-20.458,109.89,0.848,-0.557,17,10.73,6.27,0.7147,0.0216,1.1655,284.8,338.36,0.3248,63786.5,13786.55,17147.4,63.04,3.774,222000,212299.7,-64906.5,-114537.3,-604666.7,-43674.1,8272.8,25834.1,18616.7,0.0,0.0,54088.3,-35554.4,0,0
70.3167,4355.738,76.437,3955.738,517.663,108.054,-20.513,109.984,0.847,-0.547,17,10.75,6.25,0.7129,0.0215,1.1653,284.79,338.36,0.3251,63786.2,13786.17,17147.0,63.04,3.774,222000,212299.7,-64906.5,-114631.2,-604004.3,-43644.4,8283.1,25873.0,18550.5,0.0,0.0,54024.1,-34885.5,0,0
70.4167,4366.548,74.383,3966.548,519.717,108.138,-20.568,110.077,0.846,-0.537,17,10.77,6.23,0.7111,0.0214,1.1651,284.77,338.35,0.3253,63785.8,13785.79,17146.5,63.04,3.774,222000,212299.7,-64906.5,-114725.4,-603377.4,-43617.0,8293.3,25911.7,18486.7,0.0,0.0,53957.3,-34252.0,0,0
70.5167,4377.367,72.323,3977.367,521.777,108.223,-20.621,110.17,0.845,-0.528,17,10.78,6.22,0.7094,0.0213,1.1648,284.76,338.34,0.3256,63785.4,13785.42,17146.0,63.03,3.774,222000,212299.7,-64906.5,-114819.9,-602784.0,-43591.8,8303.5,25950.3,18425.2,0.0,0.0,53887.9,-33652.1,0,0
70.6167,4388.194,70.258,3988.194,523.842,108.307,-20.673,110.263,0.844,-0.519,17,10.8,6.2,0.7077,0.0212,1.1646,284.75,338.33,0.3259,63785.0,13785.04,17145.6,63.03,3.774,222000,212299.7,-64906.5,-114914.8,-602222.0,-43568.6,8313.7,25988.8,18365.9,0.0,0.0,53816.3,-33083.6,0,0
70.7167,4399.03,68.188,3999.03,525.912,108.392,-20.724,110.355,0.843,-0.51,17,10.82,6.18,0.7061,0.0211,1.1644,284.73,338.32,0.3262,63784.7,13784.66,17145.1,63.03,3.774,222000,212299.7,-64906.5,-115009.8,-601689.6,-43547.4,8323.9,26027.2,18308.6,0.0,0.0,53742.4,-32544.7,0,0
70.8167,4409.874,66.112,4009.874,527.988,108.476,-20.775,110.447,0.841,-0.502,17,10.84,6.16,0.7045,0.021,1.1641,284.72,338.32,0.3265,63784.3,13784.28,17144.6,63.03,3.774,222000,212299.7,-64906.5,-115105.1,-601185.2,-43528.1,8334.0,26065.5,18253.2,0.0,0.0,53666.4,-32033.8,0,0
70.9167,4420.727,64.032,4020.727,530.068,108.56,-20.825,110.539,0.84,-0.495,17,10.86,6.14,0.703,0.0209,1.1639,284.71,338.31,0.3267,63783.9,13783.91,17144.2,63.03,3.774,222000,212299.7,-64906.5,-115200.7,-600707.0,-43510.4,8344.2,26103.7,18199.6,0.0,0.0,53588.6,-31549.2,0,0
71.0167,4431.588,61.947,4031.588,532.153,108.644,-20.874,110.631,0.839,-0.487,17,10.87,6.13,0.7014,0.0208,1.1637,284.69,338.3,0.327,63783.5,13783.53,17143.7,63.02,3.774,222000,212299.7,-64906.5,-115296.4,-600253.6,-43494.4,8354.4,26141.7,18147.8,0.0,0.0,53508.9,-31089.3,0,0
71.1167,4442.457,59.856,4042.457,534.244,108.728,-20.922,110.722,0.838,-0.481,17,10.89,6.11,0.7,0.0207,1.1634,284.68,338.29,0.3273,63783.2,13783.15,17143.2,63.02,3.774,222000,212299.7,-64906.5,-115392.2,-599823.5,-43479.9,8364.5,26179.7,18097.5,0.0,0.0,53427.5,-30652.8,0,0
71.2167,4453.334,57.761,4053.334,536.339,108.811,-20.97,110.814,0.836,-0.474,17,10.91,6.09,0.6985,0.0207,1.1632,284.67,338.28,0.3276,63782.8,13782.77,17142.8,63.02,3.774,222000,212299.7,-64906.5,-115488.3,-599415.3,-43466.8,8374.7,26217.5,18048.8,0.0,0.0,53344.6,-30238.2,0,0
71.3167,4464.22,55.662,4064.22,538.438,108.895,-21.017,110.905,0.835,-0.468,17,10.92,6.08,0.6971,0.0206,1.163,284.65,338.28,0.3279,63782.4,13782.4,17142.3,63.02,3.774,222000,212299.7,-64906.5,-115584.4,-599027.9,-43455.1,8384.8,26255.2,18001.4,0.0,0.0,53260.1,-29844.2,0,0
71.4167,4475.115,53.557,4075.115,540.543,108.978,-21.063,110.995,0.834,-0.462,17,10.94,6.06,0.6957,0.0205,1.1627,284.64,338.27,0.3281,63782.0,13782.02,17141.8,63.02,3.774,222000,212299.7,-64906.5,-115680.6,-598659.8,-43444.7,8394.9,26292.8,17955.5,0.0,0.0,53174.4,-29469.8,0,0
71.5167,4486.018,51.448,4086.018,542.652,109.062,-21.109,111.086,0.832,-0.456,17,10.95,6.05,0.6943,0.0204,1.1625,284.63,338.26,0.3284,63781.6,13781.64,17141.3,63.02,3.774,222000,212299.7,-64906.5,-115777.0,-598310.1,-43435.4,8405.0,26330.3,17910.8,0.0,0.0,53087.3,-29113.7,0,0
71.6167,4496.929,49.335,4096.929,544.765,109.145,-21.154,111.176,0.831,-0.451,17,10.97,6.03,0.693,0.0203,1.1622,284.61,338.25,0.3287,63781.3,13781.27,17140.9,63.01,3.774,222000,212299.7,-64906.5,-115873.3,-597977.6,-43427.2,8415.1,26367.8,17867.3,0.0,0.0,52999.1,-28774.8,0,0
71.7167,4507.848,47.217,4107.848,546.883,109.228,-21.199,111.266,0.83,-0.446,17,10.98,6.02,0.6917,0.0203,1.162,284.6,338.24,0.329,63780.9,13780.89,17140.4,63.01,3.774,222000,212299.7,-64906.5,-115969.7,-597661.4,-43420.2,8425.2,26405.1,17824.9,0.0,0.0,52909.8,-28452.2,0,0
71.8167,4518.776,45.094,4118.776,549.006,109.311,-21.244,111.356,0.828,-0.441,17,11.0,6.0,0.6904,0.0202,1.1618,284.58,338.24,0.3292,63780.5,13780.51,17139.9,63.01,3.774,222000,212299.7,-64906.5,-116066.1,-597360.5,-43414.1,8435.3,26442.3,17783.7,0.0,0.0,52819.5,-28144.9,0,0
71.9167,4529.711,42.967,4129.711,551.133,109.393,-21.287,111.445,0.827,-0.437,17,11.01,5.99,0.6891,0.0201,1.1615,284.57,338.23,0.3295,63780.1,13780.13,17139.5,63.01,3.774,222000,212299.7,-64906.5,-116162.5,-597074.0,-43408.9,8445.3,26479.4,17743.4,0.0,0.0,52728.3,-27852.1,0,0
72.0167,4540.656,40.836,4140.656,553.264,109.476,-21.331,111.535,0.825,-0.432,17,11.02,5.98,0.6879,0.02,1.1613,284.56,338.22,0.3298,63779.8,13779.76,17139.0,63.01,3.774,222000,212299.7,-64906.5,-116258.9,-596801.0,-43404.6,8455.4,26516.4,17704.1,0.0,0.0,52636.2,-27572.8,0,0
72.1167,4551.608,38.7,4151.608,555.4,109.558,-21.374,111.624,0.824,-0.428,17,11.04,5.96,0.6867,0.02,1.161,284.54,338.21,0.33,63779.4,13779.38,17138.5,63.01,3.774,222000,212299.7,-64906.5,-116355.2,-596540.9,-43401.1,8465.4,26553.3,17665.7,0.0,0.0,52543.4,-27306.3,0,0
72.2167,4562.569,36.56,4162.569,557.54,109.641,-21.416,111.713,0.822,-0.424,17,11.05,5.95,0.6855,0.0199,1.1608,284.53,338.2,0.3303,63779.0,13779.0,17138.1,63.0,3.774,222000,212299.7,-64906.5,-116451.4,-596292.7,-43398.5,8475.4,26590.1,17628.2,0.0,0.0,52449.8,-27051.9,0,0
72.3167,4573.538,34.416,4173.538,559.684,109.723,-21.459,111.802,0.821,-0.42,17,11.06,5.94,0.6843,0.0198,1.1606,284.51,338.19,0.3306,63778.6,13778.62,17137.6,63.0,3.774,222000,212299.7,-64906.5,-116547.5,-596055.9,-43396.5,8485.4,26626.9,17591.5,0.0,0.0,52355.6,-26808.8,0,0
72.4167,4584.515,32.268,4184.515,561.832,109.805,-21.5,111.89,0.819,-0.417,17,11.08,5.92,0.6831,0.0198,1.1603,284.5,338.19,0.3309,63778.2,13778.25,17137.1,63.0,3.774,222000,212299.7,-64906.5,-116643.5,-595829.8,-43395.3,8495.3,26663.5,17555.5,0.0,0.0,52260.8,-26576.4,0,0
72.5167,4595.5,30.116,4195.5,563.984,109.887,-21.542,111.978,0.818,-0.413,17,11.09,5.91,0.682,0.0197,1.1601,284.49,338.18,0.3311,63777.9,13777.87,17136.7,63.0,3.774,222000,212299.7,-64906.5,-116739.4,-595613.7,-43394.7,8505.3,26700.0,17520.3,0.0,0.0,52165.5,-26354.0,0,0
72.6167,4606.493,27.959,4206.493,566.141,109.968,-21.583,112.066,0.816,-0.41,17,11.1,5.9,0.6808,0.0196,1.1598,284.47,338.17,0.3314,63777.5,13777.49,17136.2,63.0,3.774,222000,212299.7,-64906.5,-116835.2,-595407.1,-43394.7,8515.2,26736.5,17485.8,0.0,0.0,52069.7,-26141.2,0,0
72.7167,4617.495,25.798,4217.495,568.302,110.05,-21.624,112.154,0.815,-0.407,17,11.11,5.89,0.6797,0.0196,1.1596,284.46,338.16,0.3317,63777.1,13777.11,17135.7,63.0,3.774,222000,212299.7,-64906.5,-116930.8,-595209.4,-43395.3,8525.2,26772.8,17452.0,0.0,0.0,51973.5,-25937.3,0,0
72.8167,4628.505,23.634,4228.505,570.466,110.131,-21.664,112.242,0.813,-0.404,17,11.13,5.87,0.6786,0.0195,1.1593,284.44,338.15,0.3319,63776.7,13776.74,17135.2,62.99,3.774,222000,212299.7,-64906.5,-117026.2,-595020.1,-43396.5,8535.1,26809.1,17418.8,0.0,0.0,51876.9,-25741.8,0,0
72.9167,4639.523,21.465,4239.523,572.635,110.213,-21.704,112.33,0.812,-0.401,17,11.14,5.86,0.6775,0.0194,1.1591,284.43,338.14,0.3322,63776.4,13776.36,17134.8,62.99,3.774,222000,212299.7,-64906.5,-117121.5,-594838.7,-43398.2,8544.9,26845.2,17386.1,0.0,0.0,51780.0,-25554.2,0,0
73.0167,4650.549,19.292,4250.549,574.808,110.294,-21.744,112.417,0.81,-0.398,17,11.15,5.85,0.6764,0.0194,1.1589,284.42,338.14,0.3325,63776.0,13775.98,17134.3,62.99,3.774,222000,212299.7,-64906.5,-117216.5,-594664.8,-43400.3,8554.8,26881.3,17354.1,0.0,0.0,51682.8,-25374.1,0,0
73.1167,4661.583,17.115,4261.583,576.985,110.375,-21.784,112.504,0.809,-0.395,17,11.16,5.84,0.6754,0.0193,1.1586,284.4,338.13,0.3327,63775.6,13775.6,17133.8,62.99,3.774,222000,212299.7,-64906.5,-117311.3,-594497.9,-43402.9,8564.6,26917.3,17322.6,0.0,0.0,51585.4,-25201.1,0,0
73.2167,4672.625,14.935,4272.625,579.165,110.456,-21.823,112.591,0.807,-0.393,17,11.17,5.83,0.6743,0.0192,1.1584,284.39,338.12,0.333,63775.2,13775.23,17133.4,62.99,3.774,222000,212299.7,-64906.5,-117405.9,-594337.6,-43406.0,8574.5,26953.2,17291.6,0.0,0.0,51487.7,-25034.7,0,0
73.3167,4683.675,12.75,4283.675,581.35,110.536,-21.862,112.677,0.806,-0.39,17,11.19,5.81,0.6733,0.0192,1.1581,284.37,338.11,0.3333,63774.8,13774.85,17132.9,62.99,3.774,222000,212299.7,-64906.5,-117500.3,-594183.5,-43409.4,8584.3,26989.0,17261.1,0.0,0.0,51389.9,-24874.5,0,0
73.4167,4694.733,10.561,4294.733,583.539,110.617,-21.901,112.764,0.804,-0.388,17,11.2,5.8,0.6722,0.0191,1.1579,284.36,338.1,0.3335,63774.5,13774.47,17132.4,62.98,3.774,222000,212299.7,-64906.5,-117594.4,-594035.4,-43413.3,8594.0,27024.7,17231.0,0.0,0.0,51291.9,-24720.3,0,0
73.5167,4705.8,8.369,4305.8,585.731,110.697,-21.94,112.85,0.803,-0.385,17,11.21,5.79,0.6712,0.0191,1.1576,284.35,338.09,0.3338,63774.1,13774.09,17132.0,62.98,3.774,222000,212299.7,-64906.5,-117688.3,-593892.8,-43417.5,8603.8,27060.4,17201.4,0.0,0.0,51193.8,-24571.6,0,0
73.6167,4716.874,6.173,4316.874,587.927,110.777,-21.978,112.936,0.801,-0.383,17,11.22,5.78,0.6702,0.019,1.1574,284.33,338.09,0.334,63773.7,13773.72,17131.5,62.98,3.774,222000,212299.7,-64906.5,-117781.9,-593755.4,-43422.1,8613.5,27095.9,17172.2,0.0,0.0,51095.7,-24428.2,0,0
73.7167,4727.957,3.973,4327.957,590.127,110.857,-22.017,113.022,0.8,-0.381,17,11.23,5.77,0.6692,0.019,1.1571,284.32,338.08,0.3343,63773.3,13773.34,17131.0,62.98,3.774,222000,212299.7,-64906.5,-117875.2,-593622.9,-43427.0,8623.3,27131.4,17143.4,0.0,0.0,50997.5,-24289.7,0,0
73.8167,4739.047,1.769,4339.047,592.331,110.937,-22.055,113.108,0.798,-0.379,17,11.24,5.76,0.6682,0.0189,1.1569,284.3,338.07,0.3346,63773.0,13772.96,17130.6,62.98,3.774,222000,212299.7,-64906.5,-117968.3,-593495.1,-43432.1,8633.0,27166.8,17115.0,0.0,0.0,50899.2,-24155.9,0,0
73.9167,4750.145,-0.439,4350.145,594.539,111.017,-22.092,113.194,0.797,-0.377,17,11.25,5.75,0.6672,0.0188,1.1566,284.29,338.06,0.3348,63772.6,13772.59,17130.1,62.97,3.774,222000,212299.7,-64906.5,-118061.0,-593371.7,-43437.6,8642.6,27202.1,17087.0,0.0,0.0,50801.0,-24026.5,0,0
74.0167,4761.252,-2.65,4361.252,596.75,111.096,-22.13,113.279,0.795,-0.375,17,11.26,5.74,0.6663,0.0188,1.1564,284.27,338.05,0.3351,63772.2,13772.21,17129.6,62.97,3.774,222000,212299.7,-64906.5,-118153.5,-593252.4,-43443.4,8652.3,27237.3,17059.4,0.0,0.0,50702.8,-23901.3,0,0
74.1167,4772.366,-4.865,4372.366,598.965,111.176,-22.167,113.364,0.794,-0.373,17,11.27,5.73,0.6653,0.0187,1.1561,284.26,338.04,0.3354,63771.8,13771.83,17129.1,62.97,3.774,222000,212299.7,-64906.5,-118245.7,-593137.0,-43449.4,8661.9,27272.4,17032.0,0.0,0.0,50604.6,-23780.0,0,0
74.2167,4783.488,-7.084,4383.488,601.184,111.255,-22.204,113.449,0.792,-0.371,17,11.29,5.71,0.6643,0.0187,1.1559,284.24,338.03,0.3356,63771.5,13771.45,17128.7,62.97,3.774,222000,212299.7,-64906.5,-118337.5,-593025.3,-43455.7,8671.5,27307.4,17005.0,0.0,0.0,50506.5,-23662.3,0,0
74.3167,4794.618,-9.307,4394.618,603.407,111.334,-22.241,113.534,0.79,-0.369,17,11.3,5.7,0.6634,0.0186,1.1556,284.23,338.03,0.3359,63771.1,13771.08,17128.2,62.97,3.774,222000,212299.7,-64906.5,-118429.0,-592917.1,-43462.2,8681.1,27342.4,16978.3,0.0,0.0,50408.4,-23548.2,0,0
74.4167,4805.756,-11.533,4405.756,605.633,111.413,-22.278,113.619,0.789,-0.368,17,11.31,5.69,0.6625,0.0186,1.1554,284.22,338.02,0.3361,63770.7,13770.7,17127.7,62.97,3.774,222000,212299.7,-64906.5,-118520.2,-592812.1,-43468.9,8690.7,27377.3,16951.9,0.0,0.0,50310.5,-23437.4,0,0
74.5167,4816.902,-13.763,4416.902,607.863,111.492,-22.315,113.703,0.787,-0.366,17,11.32,5.68,0.6615,0.0185,1.1551,284.2,338.01,0.3364,63770.3,13770.32,17127.3,62.96,3.774,222000,212299.7,-64906.5,-118611.1,-592710.3,-43475.9,8700.2,27412.1,16925.8,0.0,0.0,50212.7,-23329.7,0,0
74.6167,4828.056,-15.997,4428.056,610.097,111.571,-22.351,113.787,0.786,-0.364,17,11.33,5.67,0.6606,0.0185,1.1549,284.19,338.0,0.3366,63769.9,13769.94,17126.8,62.96,3.774,222000,212299.7,-64906.5,-118701.6,-592611.4,-43483.0,8709.8,27446.8,16900.0,0.0,0.0,50115.0,-23225.0,0,0
74.7167,4839.218,-18.234,4439.218,612.334,111.649,-22.388,113.872,0.784,-0.363,17,11.34,5.66,0.6597,0.0184,1.1546,284.17,337.99,0.3369,63769.6,13769.57,17126.3,62.96,3.774,222000,212299.7,-64906.5,-118791.8,-592515.2,-43490.4,8719.3,27481.4,16874.4,0.0,0.0,50017.5,-23123.0,0,0
74.8167,4850.387,-20.475,4450.387,614.575,111.727,-22.424,113.955,0.783,-0.361,17,11.35,5.65,0.6588,0.0184,1.1544,284.16,337.98,0.3372,63769.2,13769.19,17125.9,62.96,3.774,222000,212299.7,-64906.5,-118881.7,-592421.6,-43497.9,8728.8,27515.9,16849.1,0.0,0.0,49920.1,-23023.7,0,0
74.9167,4861.564,-22.719,4461.564,616.819,111.806,-22.46,114.039,0.781,-0.36,17,11.36,5.64,0.6579,0.0183,1.1541,284.14,337.97,0.3374,63768.8,13768.81,17125.4,62.96,3.774,222000,212299.7,-64906.5,-118971.2,-592330.6,-43505.6,8738.2,27550.4,16824.0,0.0,0.0,49822.9,-22926.8,0,0
75.0167,4872.75,-24.967,4472.75,619.067,111.884,-22.496,114.123,0.78,-0.358,17,11.37,5.63,0.657,0.0183,1.1539,284.13,337.97,0.3377,63768.4,13768.43,17124.9,62.96,3.774,222000,212299.7,-64906.5,-119060.4,-592241.8,-43513.4,8747.6,27584.8,16799.2,0.0,0.0,49725.9,-22832.4,0,0
75.1167,4883.942,-27.219,4483.942,621.319,111.962,-22.531,114.206,0.778,-0.357,17,11.38,5.62,0.6561,0.0182,1.1536,284.11,337.96,0.3379,63768.1,13768.06,17124.4,62.95,3.774,222000,212299.7,-64906.5,-119149.2,-592155.3,-43521.4,8757.1,27619.1,16774.6,0.0,0.0,49629.0,-22740.1,0,0
75.2167,4895.143,-29.474,4495.143,623.574,112.039,-22.567,114.289,0.777,-0.355,17,11.39,5.61,0.6552,0.0182,1.1534,284.1,337.95,0.3382,63767.7,13767.68,17124.0,62.95,3.774,222000,212299.7,-64906.5,-119237.7,-592070.8,-43529.5,8766.5,27653.3,16750.2,0.0,0.0,49532.4,-22650.0,0,0
75.3167,4906.352,-31.733,4506.352,625.833,112.117,-22.602,114.373,0.775,-0.354,17,11.4,5.6,0.6543,0.0181,1.1531,284.08,337.94,0.3384,63767.3,13767.3,17123.5,62.95,3.774,222000,212299.7,-64906.5,-119325.8,-591988.4,-43537.8,8775.8,27687.4,16726.1,0.0,0.0,49436.0,-22561.8,0,0
75.4167,4917.568,-33.995,4517.568,628.095,112.194,-22.638,114.455,0.774,-0.352,17,11.41,5.59,0.6535,0.0181,1.1529,284.07,337.93,0.3387,63766.9,13766.92,17123.0,62.95,3.774,222000,212299.7,-64906.5,-119413.6,-591907.8,-43546.2,8785.2,27721.5,16702.1,0.0,0.0,49339.9,-22475.6,0,0
75.5167,4928.792,-36.261,4528.792,630.361,112.272,-22.673,114.538,0.772,-0.351,17,11.42,5.58,0.6526,0.018,1.1526,284.06,337.92,0.3389,63766.5,13766.55,17122.6,62.95,3.774,222000,212299.7,-64906.5,-119501.0,-591828.9,-43554.8,8794.5,27755.5,16678.3,0.0,0.0,49243.9,-22391.1,0,0
75.6167,4940.023,-38.531,4540.023,632.631,112.349,-22.708,114.621,0.771,-0.35,17,11.43,5.57,0.6517,0.018,1.1523,284.04,337.91,0.3392,63766.2,13766.17,17122.1,62.95,3.774,222000,212299.7,-64906.5,-119588.0,-591751.8,-43563.4,8803.8,27789.4,16654.8,0.0,0.0,49148.2,-22308.4,0,0
75.7167,4951.263,-40.803,4551.263,634.903,112.426,-22.743,114.703,0.769,-0.349,17,11.43,5.57,0.6509,0.0179,1.1521,284.03,337.9,0.3395,63765.8,13765.79,17121.6,62.94,3.774,222000,212299.7,-64906.5,-119674.7,-591676.2,-43572.2,8813.1,27823.2,16631.4,0.0,0.0,49052.8,-22227.2,0,0
75.8167,4962.51,-43.08,4562.51,637.18,112.503,-22.778,114.785,0.768,-0.347,17,11.44,5.56,0.65,0.0179,1.1518,284.01,337.9,0.3397,63765.4,13765.41,17121.2,62.94,3.774,222000,212299.7,-64906.5,-119761.0,-591602.2,-43581.1,8822.3,27856.9,16608.2,0.0,0.0,48957.6,-22147.6,0,0
75.9167,4973.765,-45.359,4573.765,639.459,112.579,-22.812,114.867,0.766,-0.346,17,11.45,5.55,0.6492,0.0178,1.1516,284.0,337.89,0.34,63765.0,13765.04,17120.7,62.94,3.774,222000,212299.7,-64906.5,-119846.9,-591529.5,-43590.1,8831.6,27890.6,16585.2,0.0,0.0,48862.7,-22069.5,0,0
76.0167,4985.027,-47.643,4585.027,641.743,112.656,-22.847,114.949,0.765,-0.345,17,11.46,5.54,0.6484,0.0178,1.1513,283.98,337.88,0.3402,63764.7,13764.66,17120.2,62.94,3.774,222000,212299.7,-64906.5,-119932.5,-591458.3,-43599.2,8840.8,27924.2,16562.3,0.0,0.0,48768.0,-21992.7,0,0
76.1167,4996.297,-49.929,4596.297,644.029,112.732,-22.881,115.031,0.763,-0.344,17,11.47,5.53,0.6475,0.0177,1.1511,283.97,337.87,0.3405,63764.3,13764.28,17119.8,62.94,3.774,222000,212299.7,-64906.5,-120017.7,-591388.3,-43608.4,8850.0,27957.7,16539.6,0.0,0.0,48673.6,-21917.2,0,0
76.2167,5007.575,-52.22,4607.575,646.32,112.808,-22.916,115.112,0.762,-0.343,17,11.48,5.52,0.6467,0.0177,1.1508,283.95,337.86,0.3407,63763.9,13763.9,17119.3,62.94,3.774,222000,212299.7,-64906.5,-120102.5,-591319.6,-43617.6,8859.1,27991.1,16517.1,0.0,0.0,48579.5,-21843.0,0,0
76.3167,5018.86,-54.513,4618.86,648.613,112.885,-22.95,115.194,0.76,-0.341,17,11.49,5.51,0.6459,0.0177,1.1506,283.94,337.85,0.341,63763.5,13763.53,17118.8,62.93,3.774,222000,212299.7,-64906.5,-120187.0,-591252.0,-43627.0,8868.3,28024.5,16494.8,0.0,0.0,48485.7,-21770.0,0,0
76.4167,5030.153,-56.81,4630.153,650.91,112.961,-22.984,115.275,0.759,-0.34,17,11.5,5.5,0.6451,0.0176,1.1503,283.92,337.84,0.3412,63763.2,13763.15,17118.3,62.93,3.774,222000,212299.7,-64906.5,-120271.1,-591185.5,-43636.4,8877.4,28057.7,16472.6,0.0,0.0,48392.1,-21698.1,0,0
76.5167,5041.453,-59.11,4641.453,653.21,113.036,-23.018,115.356,0.757,-0.339,17,11.51,5.49,0.6442,0.0176,1.15,283.91,337.83,0.3415,63762.8,13762.77,17117.9,62.93,3.774,222000,212299.7,-64906.5,-120354.8,-591120.1,-43646.0,8886.5,28090.9,16450.5,0.0,0.0,48298.9,-21627.3,0,0
76.6167,5052.761,-61.414,4652.761,655.514,113.112,-23.052,115.437,0.756,-0.338,17,11.52,5.48,0.6434,0.0175,1.1498,283.89,337.82,0.3417,63762.4,13762.4,17117.4,62.93,3.774,222000,212299.7,-64906.5,-120438.2,-591055.7,-43655.5,8895.6,28124.0,16428.6,0.0,0.0,48205.9,-21557.5,0,0
76.7167,5064.077,-63.721,4664.077,657.821,113.188,-23.085,115.518,0.755,-0.337,17,11.53,5.47,0.6426,0.0175,1.1495,283.88,337.82,0.342,63762.0,13762.02,17116.9,62.93,3.774,222000,212299.7,-64906.5,-120521.2,-590992.2,-43665.2,8904.7,28157.1,16406.9,0.0,0.0,48113.2,-21488.7,0,0
76.8167,5075.4,-66.032,4675.4,660.132,113.263,-23.119,115.598,0.753,-0.336,17,11.54,5.46,0.6418,0.0174,1.1493,283.86,337.81,0.3422,63761.6,13761.64,17116.5,62.92,3.774,222000,212299.7,-64906.5,-120603.8,-590929.6,-43675.0,8913.7,28190.0,16385.2,0.0,0.0,48020.9,-21420.8,0,0
76.9167,5086.731,-68.346,4686.731,662.446,113.338,-23.153,115.679,0.752,-0.335,17,11.54,5.46,0.641,0.0174,1.149,283.85,337.8,0.3425,63761.3,13761.26,17116.0,62.92,3.774,222000,212299.7,-64906.5,-120686.1,-590868.0,-43684.8,8922.7,28222.9,16363.8,0.0,0.0,47928.8,-21353.8,0,0
77.0167,5098.069,-70.663,4698.069,664.763,113.413,-23.186,115.759,0.75,-0.334,17,11.55,5.45,0.6402,0.0174,1.1487,283.83,337.79,0.3427,63760.9,13760.89,17115.5,62.92,3.774,222000,212299.7,-64906.5,-120768.0,-590807.1,-43694.6,8931.7,28255.7,16342.4,0.0,0.0,47837.0,-21287.6,0,0
77.1167,5109.415,-72.983,4709.415,667.083,113.488,-23.219,115.839,0.749,-0.333,17,11.56,5.44,0.6395,0.0173,1.1485,283.82,337.78,0.3429,63760.5,13760.51,17115.1,62.92,3.774,222000,212299.7,-64906.5,-120849.5,-590747.1,-43704.5,8940.7,28288.5,16321.2,0.0,0.0,47745.6,-21222.3,0,0
77.2167,5120.768,-75.307,4720.768,669.407,113.563,-23.253,115.919,0.747,-0.332,17,11.57,5.43,0.6387,0.0173,1.1482,283.8,337.77,0.3432,63760.1,13760.13,17114.6,62.92,3.774,222000,212299.7,-64906.5,-120930.7,-590687.7,-43714.5,8949.6,28321.1,16300.1,0.0,0.0,47654.4,-21157.8,0,0
77.3167,5132.129,-77.634,4732.129,671.734,113.638,-23.286,115.999,0.746,-0.331,17,11.58,5.42,0.6379,0.0172,1.148,283.79,337.76,0.3434,63759.8,13759.75,17114.1,62.92,3.774,222000,212299.7,-64906.5,-121011.5,-590629.2,-43724.6,8958.5,28353.7,16279.2,0.0,0.0,47563.6,-21094.0,0,0
77.4167,5143.497,-79.965,4743.497,674.065,113.712,-23.319,116.078,0.745,-0.33,17,11.59,5.41,0.6371,0.0172,1.1477,283.77,337.75,0.3437,63759.4,13759.38,17113.7,62.91,3.774,222000,212299.7,-64906.5,-121092.0,-590571.3,-43734.7,8967.4,28386.2,16258.3,0.0,0.0,47473.0,-21030.9,0,0
77.5167,5154.872,-82.299,4754.872,676.399,113.786,-23.352,116.158,0.743,-0.329,17,11.6,5.4,0.6364,0.0171,1.1474,283.76,337.74,0.3439,63759.0,13759.0,17113.2,62.91,3.774,222000,212299.7,-64906.5,-121172.0,-590514.0,-43744.8,8976.3,28418.7,16237.6,0.0,0.0,47382.8,-20968.5,0,0
77.6167,5166.255,-84.636,4766.255,678.736,113.861,-23.384,116.237,0.742,-0.328,17,11.6,5.4,0.6356,0.0171,1.1472,283.74,337.73,0.3442,63758.6,13758.62,17112.7,62.91,3.774,222000,212299.7,-64906.5,-121251.7,-590457.5,-43755.0,8985.2,28451.0,16217.0,0.0,0.0,47292.9,-20906.7,0,0
77.7167,5177.646,-86.976,4777.646,681.076,113.935,-23.417,116.316,0.74,-0.327,17,11.61,5.39,0.6348,0.0171,1.1469,283.73,337.73,0.3444,63758.2,13758.24,17112.2,62.91,3.774,222000,212299.7,-64906.5,-121331.1,-590401.5,-43765.3,8994.0,28483.3,16196.6,0.0,0.0,47203.3,-20845.6,0,0
77.8167,5189.043,-89.32,4789.043,683.42,114.009,-23.45,116.395,0.739,-0.326,17,11.62,5.38,0.6341,0.017,1.1467,283.71,337.72,0.3447,63757.9,13757.87,17111.8,62.91,3.774,222000,212299.7,-64906.5,-121410.1,-590346.1,-43775.6,9002.8,28515.5,16176.2,0.0,0.0,47114.0,-20785.1,0,0
77.9167,5200.449,-91.667,4800.449,685.767,114.083,-23.482,116.474,0.738,-0.325,17,11.63,5.37,0.6333,0.017,1.1464,283.7,337.71,0.3449,63757.5,13757.49,17111.3,62.91,3.774,222000,212299.7,-64906.5,-121488.7,-590291.2,-43785.9,9011.6,28547.7,16156.0,0.0,0.0,47025.0,-20725.1,0,0
78.0167,5211.861,-94.017,4811.861,688.117,114.156,-23.515,116.553,0.736,-0.324,17,11.64,5.36,0.6326,0.0169,1.1461,283.68,337.7,0.3451,63757.1,13757.11,17110.8,62.9,3.774,222000,212299.7,-64906.5,-121567.0,-590236.9,-43796.3,9020.4,28579.7,16135.8,0.0,0.0,46936.4,-20665.8,0,0
78.1167,5223.281,-96.37,4823.281,690.47,114.23,-23.547,116.632,0.735,-0.323,17,11.65,5.35,0.6318,0.0169,1.1459,283.66,337.69,0.3454,63756.7,13756.73,17110.4,62.9,3.774,222000,212299.7,-64906.5,-121644.9,-590183.2,-43806.7,9029.2,28611.7,16115.8,0.0,0.0,46848.0,-20607.0,0,0
78.2167,5234.708,-98.727,4834.708,692.827,114.303,-23.579,116.71,0.733,-0.322,17,11.65,5.35,0.6311,0.0169,1.1456,283.65,337.68,0.3456,63756.4,13756.36,17109.9,62.9,3.774,222000,212299.7,-64906.5,-121722.5,-590129.9,-43817.1,9037.9,28643.6,16095.9,0.0,0.0,46760.0,-20548.7,0,0
78.3167,5246.143,-101.087,4846.143,695.187,114.376,-23.612,116.788,0.732,-0.321,17,11.66,5.34,0.6303,0.0168,1.1453,283.63,337.67,0.3459,63756.0,13755.98,17109.4,62.9,3.774,222000,212299.7,-64906.5,-121799.7,-590077.1,-43827.6,9046.6,28675.5,16076.1,0.0,0.0,46672.3,-20490.8,0,0
78.4167,5257.585,-103.45,4857.585,697.55,114.45,-23.644,116.866,0.731,-0.32,17,11.67,5.33,0.6296,0.0168,1.1451,283.62,337.66,0.3461,63755.6,13755.6,17109.0,62.9,3.774,222000,212299.7,-64906.5,-121876.6,-590024.8,-43838.2,9055.3,28707.2,16056.4,0.0,0.0,46584.9,-20433.5,0,0
78.5167,5269.034,-105.816,4869.034,699.916,114.523,-23.676,116.944,0.729,-0.32,17,11.68,5.32,0.6289,0.0167,1.1448,283.6,337.65,0.3463,63755.2,13755.22,17108.5,62.9,3.774,222000,212299.7,-64906.5,-121953.1,-589972.9,-43848.8,9064.0,28738.9,16036.8,0.0,0.0,46497.8,-20376.7,0,0
78.6167,5280.491,-108.185,4880.491,702.285,114.595,-23.708,117.022,0.728,-0.319,17,11.69,5.31,0.6282,0.0167,1.1446,283.59,337.64,0.3466,63754.8,13754.85,17108.0,62.89,3.774,222000,212299.7,-64906.5,-122029.3,-589921.4,-43859.4,9072.6,28770.6,16017.3,0.0,0.0,46411.0,-20320.3,0,0
78.7167,5291.954,-110.558,4891.954,704.658,114.668,-23.739,117.1,0.727,-0.318,17,11.7,5.3,0.6274,0.0167,1.1443,283.57,337.63,0.3468,63754.5,13754.47,17107.5,62.89,3.774,222000,212299.7,-64906.5,-122105.1,-589870.4,-43870.0,9081.2,28802.1,15998.0,0.0,0.0,46324.6,-20264.3,0,0
78.8167,5303.425,-112.934,4903.425,707.034,114.741,-23.771,117.177,0.725,-0.317,17,11.7,5.3,0.6267,0.0166,1.144,283.56,337.62,0.3471,63754.1,13754.09,17107.1,62.89,3.774,222000,212299.7,-64906.5,-122180.6,-589819.8,-43880.7,9089.8,28833.6,15978.7,0.0,0.0,46238.4,-20208.8,0,0
78.9167,5314.904,-115.313,4914.904,709.413,114.813,-23.803,117.255,0.724,-0.316,17,11.71,5.29,0.626,0.0166,1.1438,283.54,337.62,0.3473,63753.7,13753.72,17106.6,62.89,3.774,222000,212299.7,-64906.5,-122255.7,-589769.5,-43891.4,9098.4,28865.0,15959.5,0.0,0.0,46152.6,-20153.7,0,0
79.0167,5326.389,-117.695,4926.389,711.795,114.885,-23.834,117.332,0.723,-0.315,17,11.72,5.28,0.6253,0.0165,1.1435,283.53,337.61,0.3475,63753.3,13753.34,17106.1,62.89,3.774,222000,212299.7,-64906.5,-122330.5,-589719.7,-43902.1,9107.0,28896.3,15940.4,0.0,0.0,46067.1,-20099.0,0,0
79.1167,5337.882,-120.08,4937.882,714.18,114.958,-23.866,117.409,0.721,-0.314,17,11.73,5.27,0.6246,0.0165,1.1432,283.51,337.6,0.3478,63753.0,13752.96,17105.7,62.89,3.774,222000,212299.7,-64906.5,-122404.9,-589670.2,-43912.9,9115.5,28927.6,15921.4,0.0,0.0,45981.9,-20044.7,0,0
79.2167,5349.382,-122.469,4949.382,716.569,115.03,-23.897,117.486,0.72,-0.314,17,11.73,5.27,0.6239,0.0165,1.143,283.49,337.59,0.348,63752.6,13752.58,17105.2,62.88,3.774,222000,212299.7,-64906.5,-122479.0,-589621.1,-43923.6,9124.0,28958.8,15902.5,0.0,0.0,45897.0,-19990.7,0,0
79.3167,5360.889,-124.86,4960.889,718.96,115.102,-23.929,117.563,0.719,-0.313,17,11.74,5.26,0.6232,0.0164,1.1427,283.48,337.58,0.3483,63752.2,13752.21,17104.7,62.88,3.774,222000,212299.7,-64906.5,-122552.8,-589572.3,-43934.5,9132.5,28989.9,15883.7,0.0,0.0,45812.4,-19937.1,0,0
79.4167,5372.403,-127.255,4972.403,721.355,115.173,-23.96,117.639,0.717,-0.312,17,11.75,5.25,0.6225,0.0164,1.1424,283.46,337.57,0.3485,63751.8,13751.83,17104.3,62.88,3.774,222000,212299.7,-64906.5,-122626.2,-589523.9,-43945.3,9141.0,29020.9,15865.0,0.0,0.0,45728.1,-19883.9,0,0
79.5167,5383.925,-129.653,4983.925,723.753,115.245,-23.991,117.716,0.716,-0.311,17,11.76,5.24,0.6218,0.0164,1.1422,283.45,337.56,0.3487,63751.5,13751.45,17103.8,62.88,3.774,222000,212299.7,-64906.5,-122699.3,-589475.7,-43956.2,9149.5,29051.9,15846.4,0.0,0.0,45644.1,-19831.1,0,0
79.6167,5395.454,-132.054,4995.454,726.154,115.317,-24.022,117.792,0.715,-0.31,17,11.77,5.23,0.6211,0.0163,1.1419,283.43,337.55,0.349,63751.1,13751.07,17103.3,62.88,3.774,222000,212299.7,-64906.5,-122772.1,-589428.0,-43967.1,9157.9,29082.8,15827.9,0.0,0.0,45560.5,-19778.5,0,0
79.7167,5406.989,-134.458,5006.989,728.558,115.388,-24.053,117.868,0.713,-0.309,17,11.77,5.23,0.6204,0.0163,1.1416,283.42,337.54,0.3492,63750.7,13750.7,17102.9,62.87,3.774,222000,212299.7,-64906.5,-122844.6,-589380.5,-43978.0,9166.3,29113.6,15809.5,0.0,0.0,45477.1,-19726.3,0,0
79.8167,5418.532,-136.865,5018.532,730.965,115.459,-24.084,117.944,0.712,-0.309,17,11.78,5.22,0.6197,0.0163,1.1414,283.4,337.53,0.3494,63750.3,13750.32,17102.4,62.87,3.774,222000,212299.7,-64906.5,-122916.7,-589333.3,-43988.9,9174.7,29144.4,15791.1,0.0,0.0,45394.1,-19674.5,0,0
79.9167,5430.083,-139.275,5030.083,733.375,115.53,-24.115,118.02,0.711,-0.308,17,11.79,5.21,0.619,0.0162,1.1411,283.39,337.52,0.3497,63749.9,13749.94,17101.9,62.87,3.774,222000,212299.7,-64906.5,-122988.4,-589286.4,-43999.9,9183.1,29175.1,15772.9,0.0,0.0,45311.3,-19622.9,0,0
80.0167,5441.64,-141.688,5041.64,735.788,115.601,-24.145,118.096,0.709,-0.307,17,11.8,5.2,0.6183,0.0162,1.1408,283.37,337.51,0.3499,63749.6,13749.56,17101.4,62.87,3.774,222000,212299.7,-64906.5,-123059.9,-589239.8,-44010.9,9191.5,29205.7,15754.7,0.0,0.0,45228.9,-19571.7,0,0
80.1167,5453.204,-144.104,5053.204,738.204,115.672,-24.176,118.172,0.708,-0.306,17,11.8,5.2,0.6176,0.0161,1.1405,283.35,337.5,0.3501,63749.2,13749.19,17101.0,62.87,3.774,222000,212299.7,-64906.5,-123131.0,-589193.5,-44021.9,9199.8,29236.2,15736.7,0.0,0.0,45146.8,-19520.7,0,0
80.2167,5464.775,-146.524,5064.775,740.624,115.743,-24.207,118.247,0.707,-0.305,17,11.81,5.19,0.617,0.0161,1.1403,283.34,337.49,0.3504,63748.8,13748.81,17100.5,62.87,3.774,222000,212299.7,-64906.5,-123201.8,-589147.5,-44032.9,9208.1,29266.7,15718.7,0.0,0.0,45064.9,-19470.1,0,0
80.3167,5476.354,-148.946,5076.354,743.046,115.814,-24.237,118.323,0.706,-0.305,17,11.82,5.18,0.6163,0.0161,1.14,283.32,337.49,0.3506,63748.4,13748.43,17100.0,62.86,3.774,222000,212299.7,-64906.5,-123272.3,-589101.7,-44043.9,9216.4,29297.1,15700.8,0.0,0.0,44983.4,-19419.7,0,0
80.4167,5487.939,-151.372,5087.939,745.472,115.884,-24.268,118.398,0.704,-0.304,17,11.83,5.17,0.6156,0.016,1.1397,283.31,337.48,0.3508,63748.1,13748.05,17099.6,62.86,3.774,222000,212299.7,-64906.5,-123342.5,-589056.2,-44055.0,9224.7,29327.4,15683.0,0.0,0.0,44902.2,-19369.6,0,0
80.5167,5499.532,-153.8,5099.532,747.9,115.954,-24.298,118.473,0.703,-0.303,17,11.83,5.17,0.615,0.016,1.1395,283.29,337.47,0.3511,63747.7,13747.68,17099.1,62.86,3.774,222000,212299.7,-64906.5,-123412.3,-589011.0,-44066.1,9232.9,29357.7,15665.3,0.0,0.0,44821.2,-19319.8,0,0
80.6167,5511.131,-156.232,5111.131,750.332,116.025,-24.328,118.548,0.702,-0.302,17,11.84,5.16,0.6143,0.016,1.1392,283.28,337.46,0.3513,63747.3,13747.3,17098.6,62.86,3.774,222000,212299.7,-64906.5,-123481.9,-588966.0,-44077.2,9241.2,29387.9,15647.6,0.0,0.0,44740.6,-19270.3,0,0
80.7167,5522.738,-158.666,5122.738,752.766,116.095,-24.358,118.623,0.701,-0.302,17,11.85,5.15,0.6136,0.0159,1.1389,283.26,337.45,0.3515,63746.9,13746.92,17098.2,62.86,3.774,222000,212299.7,-64906.5,-123551.1,-588921.2,-44088.3,9249.4,29418.0,15630.1,0.0,0.0,44660.3,-19221.1,0,0
80.8167,5534.351,-161.104,5134.351,755.204,116.165,-24.388,118.697,0.699,-0.301,17,11.86,5.14,0.613,0.0159,1.1387,283.24,337.44,0.3518,63746.5,13746.54,17097.7,62.86,3.774,222000,212299.7,-64906.5,-123620.0,-588876.7,-44099.4,9257.6,29448.1,15612.6,0.0,0.0,44580.2,-19172.1,0,0
80.9167,5545.972,-163.545,5145.972,757.645,116.235,-24.419,118.772,0.698,-0.3,17,11.86,5.14,0.6123,0.0159,1.1384,283.23,337.43,0.352,63746.2,13746.17,17097.2,62.85,3.774,222000,212299.7,-64906.5,-123688.6,-588832.5,-44110.6,9265.8,29478.1,15595.2,0.0,0.0,44500.5,-19123.4,0,0
81.0167,5557.599,-165.988,5157.599,760.088,116.304,-24.448,118.846,0.697,-0.299,17,11.87,5.13,0.6117,0.0158,1.1381,283.21,337.42,0.3522,63745.8,13745.79,17096.8,62.85,3.774,222000,212299.7,-64906.5,-123756.9,-588788.5,-44121.7,9273.9,29508.0,15577.9,0.0,0.0,44421.0,-19074.9,0,0
81.1167,5569.234,-168.435,5169.234,762.535,116.374,-24.478,118.921,0.696,-0.298,17,11.88,5.12,0.611,0.0158,1.1378,283.2,337.41,0.3525,63745.4,13745.41,17096.3,62.85,3.774,222000,212299.7,-64906.5,-123824.9,-588744.7,-44132.9,9282.0,29537.8,15560.6,0.0,0.0,44341.9,-19026.7,0,0
81.2167,5580.875,-170.884,5180.875,764.984,116.443,-24.508,118.995,0.694,-0.298,17,11.88,5.12,0.6104,0.0158,1.1376,283.18,337.4,0.3527,63745.0,13745.03,17095.8,62.85,3.774,222000,212299.7,-64906.5,-123892.6,-588701.1,-44144.1,9290.2,29567.6,15543.5,0.0,0.0,44263.0,-18978.7,0,0
81.3167,5592.524,-173.337,5192.524,767.437,116.513,-24.538,119.069,0.693,-0.297,17,11.89,5.11,0.6098,0.0157,1.1373,283.16,337.39,0.3529,63744.7,13744.66,17095.3,62.85,3.774,222000,212299.7,-64906.5,-123959.9,-588657.8,-44155.3,9298.3,29597.3,15526.4,0.0,0.0,44184.4,-18931.0,0,0
81.4167,5604.179,-175.792,5204.179,769.892,116.582,-24.568,119.143,0.692,-0.296,17,11.9,5.1,0.6091,0.0157,1.137,283.15,337.38,0.3531,63744.3,13744.28,17094.9,62.85,3.774,222000,212299.7,-64906.5,-124027.0,-588614.7,-44166.5,9306.3,29627.0,15509.4,0.0,0.0,44106.1,-18883.5,0,0
81.5167,5615.841,-178.251,5215.841,772.351,116.651,-24.597,119.216,0.691,-0.295,17,11.91,5.09,0.6085,0.0157,1.1368,283.13,337.37,0.3534,63743.9,13743.9,17094.4,62.84,3.774,222000,212299.7,-64906.5,-124093.8,-588571.8,-44177.8,9314.4,29656.5,15492.5,0.0,0.0,44028.1,-18836.2,0,0
81.6167,5627.511,-180.712,5227.511,774.812,116.72,-24.627,119.29,0.689,-0.295,17,11.91,5.09,0.6078,0.0156,1.1365,283.12,337.36,0.3536,63743.5,13743.53,17093.9,62.84,3.774,222000,212299.7,-64906.5,-124160.3,-588529.1,-44189.0,9322.4,29686.0,15475.6,0.0,0.0,43950.4,-18789.2,0,0
81.7167,5639.187,-183.177,5239.187,777.277,116.789,-24.656,119.363,0.688,-0.294,17,11.92,5.08,0.6072,0.0156,1.1362,283.1,337.35,0.3538,63743.1,13743.15,17093.5,62.84,3.774,222000,212299.7,-64906.5,-124226.4,-588486.6,-44200.3,9330.4,29715.5,15458.9,0.0,0.0,43872.9,-18742.4,0,0
81.8167,5650.87,-185.644,5250.87,779.744,116.858,-24.685,119.437,0.687,-0.293,17,11.93,5.07,0.6066,0.0156,1.1359,283.08,337.34,0.3541,63742.8,13742.77,17093.0,62.84,3.774,222000,212299.7,-64906.5,-124292.3,-588444.3,-44211.6,9338.4,29744.9,15442.2,0.0,0.0,43795.8,-18695.8,0,0
81.9167,5662.559,-188.114,5262.559,782.214,116.926,-24.715,119.51,0.686,-0.293,17,11.93,5.07,0.606,0.0155,1.1357,283.07,337.33,0.3543,63742.4,13742.39,17092.5,62.84,3.774,222000,212299.7,-64906.5,-124357.9,-588402.3,-44222.8,9346.4,29774.2,15425.6,0.0,0.0,43718.9,-18649.5,0,0
82.0167,5674.256,-190.587,5274.256,784.687,116.995,-24.744,119.583,0.685,-0.292,17,11.94,5.06,0.6053,0.0155,1.1354,283.05,337.32,0.3545,63742.0,13742.02,17092.1,62.84,3.774,222000,212299.7,-64906.5,-124423.2,-588360.4,-44234.1,9354.4,29803.4,15409.0,0.0,0.0,43642.3,-18603.4,0,0
82.1167,5685.959,-193.064,5285.959,787.164,117.063,-24.773,119.656,0.683,-0.291,17,11.95,5.05,0.6047,0.0155,1.1351,283.04,337.31,0.3547,63741.6,13741.64,17091.6,62.83,3.774,222000,212299.7,-64906.5,-124488.2,-588318.8,-44245.4,9362.3,29832.6,15392.6,0.0,0.0,43566.0,-18557.5,0,0
82.2167,5697.67,-195.543,5297.67,789.643,117.132,-24.802,119.729,0.682,-0.29,17,11.95,5.05,0.6041,0.0154,1.1348,283.02,337.31,0.355,63741.3,13741.26,17091.1,62.83,3.774,222000,212299.7,-64906.5,-124552.9,-588277.3,-44256.8,9370.3,29861.7,15376.2,0.0,0.0,43490.0,-18511.8,0,0
82.3167,5709.387,-198.024,5309.387,792.124,117.2,-24.831,119.801,0.681,-0.29,17,11.96,5.04,0.6035,0.0154,1.1346,283.0,337.3,0.3552,63740.9,13740.88,17090.7,62.83,3.774,222000,212299.7,-64906.5,-124617.4,-588236.0,-44268.1,9378.2,29890.7,15359.9,0.0,0.0,43414.2,-18466.3,0,0
82.4167,5721.111,-200.509,5321.111,794.609,117.268,-24.86,119.874,0.68,-0.289,17,11.97,5.03,0.6029,0.0154,1.1343,282.99,337.29,0.3554,63740.5,13740.51,17090.2,62.83,3.774,222000,212299.7,-64906.5,-124681.5,-588195.0,-44279.4,9386.0,29919.7,15343.6,0.0,0.0,43338.7,-18421.1,0,0
82.5167,5732.842,-202.997,5332.842,797.097,117.336,-24.889,119.946,0.679,-0.288,17,11.97,5.03,0.6023,0.0154,1.134,282.97,337.28,0.3556,63740.1,13740.13,17089.7,62.83,3.774,222000,212299.7,-64906.5,-124745.4,-588154.1,-44290.8,9393.9,29948.6,15327.4,0.0,0.0,43263.5,-18376.0,0,0
82.6167,5744.579,-205.488,5344.579,799.588,117.404,-24.918,120.019,0.678,-0.288,17,11.98,5.02,0.6017,0.0153,1.1337,282.96,337.27,0.3559,63739.8,13739.75,17089.2,62.82,3.774,222000,212299.7,-64906.5,-124809.0,-588113.4,-44302.1,9401.8,29977.4,15311.4,0.0,0.0,43188.6,-18331.2,0,0
82.7167,5756.323,-207.981,5356.323,802.081,117.471,-24.946,120.091,0.676,-0.287,17,11.99,5.01,0.6011,0.0153,1.1335,282.94,337.26,0.3561,63739.4,13739.37,17088.8,62.82,3.774,222000,212299.7,-64906.5,-124872.3,-588072.9,-44313.5,9409.6,30006.2,15295.3,0.0,0.0,43113.9,-18286.5,0,0
82.8167,5768.075,-210.477,5368.075,804.577,117.539,-24.975,120.163,0.675,-0.286,17,11.99,5.01,0.6005,0.0153,1.1332,282.92,337.25,0.3563,63739.0,13739.0,17088.3,62.82,3.774,222000,212299.7,-64906.5,-124935.3,-588032.5,-44324.8,9417.4,30034.9,15279.4,0.0,0.0,43039.5,-18242.1,0,0
82.9167,5779.832,-212.976,5379.832,807.076,117.606,-25.004,120.235,0.674,-0.286,17,12.0,5.0,0.5999,0.0152,1.1329,282.91,337.24,0.3565,63738.6,13738.62,17087.8,62.82,3.774,222000,212299.7,-64906.5,-124998.0,-587992.4,-44336.2,9425.2,30063.5,15263.5,0.0,0.0,42965.4,-18197.9,0,0
83.0167,5791.597,-215.478,5391.597,809.578,117.674,-25.032,120.307,0.673,-0.285,17,12.01,4.99,0.5993,0.0152,1.1326,282.89,337.23,0.3568,63738.2,13738.24,17087.4,62.82,3.774,222000,212299.7,-64906.5,-125060.5,-587952.4,-44347.6,9433.0,30092.1,15247.7,0.0,0.0,42891.5,-18153.8,0,0
83.1167,5803.368,-217.983,5403.368,812.083,117.741,-25.061,120.378,0.672,-0.284,17,12.01,4.99,0.5987,0.0152,1.1323,282.87,337.22,0.357,63737.9,13737.86,17086.9,62.82,3.774,222000,212299.7,-64906.5,-125122.7,-587912.6,-44359.0,9440.7,30120.6,15231.9,0.0,0.0,42817.9,-18110.0,0,0
83.2167,5815.146,-220.491,5415.146,814.591,117.808,-25.089,120.45,0.671,-0.283,17,12.02,4.98,0.5981,0.0151,1.1321,282.86,337.21,0.3572,63737.5,13737.49,17086.4,62.81,3.774,222000,212299.7,-64906.5,-125184.6,-587873.0,-44370.4,9448.5,30149.0,15216.3,0.0,0.0,42744.6,-18066.4,0,0
83.3167,5826.931,-223.002,5426.931,817.102,117.875,-25.117,120.521,0.669,-0.283,17,12.03,4.97,0.5975,0.0151,1.1318,282.84,337.2,0.3574,63737.1,13737.11,17086.0,62.81,3.774,222000,212299.7,-64906.5,-125246.3,-587833.6,-44381.8,9456.2,30177.4,15200.6,0.0,0.0,42671.6,-18022.9,0,0
83.4167,5838.722,-225.515,5438.722,819.615,117.942,-25.146,120.593,0.668,-0.282,17,12.03,4.97,0.5969,0.0151,1.1315,282.83,337.19,0.3576,63736.7,13736.73,17085.5,62.81,3.774,222000,212299.7,-64906.5,-125307.7,-587794.3,-44393.2,9463.9,30205.7,15185.1,0.0,0.0,42598.8,-17979.6,0,0
83.5167,5850.52,-228.031,5450.52,822.131,118.009,-25.174,120.664,0.667,-0.281,17,12.04,4.96,0.5963,0.0151,1.1312,282.81,337.18,0.3579,63736.4,13736.35,17085.0,62.81,3.774,222000,212299.7,-64906.5,-125368.8,-587755.2,-44404.6,9471.6,30233.9,15169.6,0.0,0.0,42526.2,-17936.6,0,0
83.6167,5862.325,-230.55,5462.325,824.65,118.075,-25.202,120.735,0.666,-0.281,17,12.05,4.95,0.5957,0.015,1.131,282.79,337.17,0.3581,63736.0,13735.98,17084.5,62.81,3.774,222000,212299.7,-64906.5,-125429.6,-587716.3,-44416.1,9479.2,30262.1,15154.2,0.0,0.0,42454.0,-17893.7,0,0
83.7167,5874.137,-233.072,5474.137,827.172,118.142,-25.23,120.806,0.665,-0.28,17,12.05,4.95,0.5952,0.015,1.1307,282.78,337.16,0.3583,63735.6,13735.6,17084.1,62.81,3.774,222000,212299.7,-64906.5,-125490.2,-587677.6,-44427.5,9486.9,30290.2,15138.9,0.0,0.0,42381.9,-17851.0,0,0
83.8167,5885.955,-235.597,5485.955,829.697,118.208,-25.258,120.877,0.664,-0.279,17,12.06,4.94,0.5946,0.015,1.1304,282.76,337.15,0.3585,63735.2,13735.22,17083.6,62.8,3.774,222000,212299.7,-64906.5,-125550.6,-587639.0,-44438.9,9494.5,30318.2,15123.6,0.0,0.0,42310.2,-17808.5,0,0
83.9167,5897.779,-238.124,5497.779,832.224,118.275,-25.286,120.947,0.663,-0.279,17,12.07,4.93,0.594,0.0149,1.1301,282.74,337.14,0.3587,63734.8,13734.85,17083.1,62.8,3.774,222000,212299.7,-64906.5,-125610.6,-587600.5,-44450.4,9502.1,30346.2,15108.4,0.0,0.0,42238.7,-17766.1,0,0
84.0167,5909.611,-240.654,5509.611,834.754,118.341,-25.314,121.018,0.662,-0.278,17,12.07,4.93,0.5935,0.0149,1.1298,282.73,337.13,0.359,63734.5,13734.47,17082.7,62.8,3.774,222000,212299.7,-64906.5,-125670.4,-587562.3,-44461.8,9509.7,30374.1,15093.3,0.0,0.0,42167.4,-17724.0,0,0
84.1167,5921.449,-243.187,5521.449,837.287,118.407,-25.341,121.088,0.661,-0.277,17,12.08,4.92,0.5929,0.0149,1.1296,282.71,337.12,0.3592,63734.1,13734.09,17082.2,62.8,3.774,222000,212299.7,-64906.5,-125730.0,-587524.2,-44473.3,9517.3,30402.0,15078.2,0.0,0.0,42096.4,-17682.0,0,0
84.2167,5933.293,-245.723,5533.293,839.823,118.473,-25.369,121.159,0.659,-0.277,17,12.09,4.91,0.5923,0.0149,1.1293,282.69,337.11,0.3594,63733.7,13733.71,17081.7,62.8,3.774,222000,212299.7,-64906.5,-125789.2,-587486.3,-44484.7,9524.8,30429.8,15063.2,0.0,0.0,42025.7,-17640.2,0,0
84.3167,5945.144,-248.261,5545.144,842.361,118.539,-25.397,121.229,0.658,-0.276,17,12.09,4.91,0.5918,0.0148,1.129,282.68,337.1,0.3596,63733.3,13733.34,17081.3,62.8,3.774,222000,212299.7,-64906.5,-125848.3,-587448.5,-44496.2,9532.4,30457.5,15048.3,0.0,0.0,41955.2,-17598.6,0,0
84.4167,5957.002,-250.803,5557.002,844.903,118.605,-25.424,121.299,0.657,-0.275,17,12.1,4.9,0.5912,0.0148,1.1287,282.66,337.09,0.3598,63733.0,13732.96,17080.8,62.79,3.774,222000,212299.7,-64906.5,-125907.0,-587410.9,-44507.6,9539.9,30485.1,15033.4,0.0,0.0,41885.0,-17557.2,0,0
84.5167,5968.866,-253.347,5568.866,847.447,118.67,-25.452,121.369,0.656,-0.275,17,12.1,4.9,0.5906,0.0148,1.1284,282.64,337.08,0.3601,63732.6,13732.58,17080.3,62.79,3.774,222000,212299.7,-64906.5,-125965.6,-587373.4,-44519.1,9547.4,30512.7,15018.6,0.0,0.0,41815.0,-17515.9,0,0
84.6167,5980.737,-255.894,5580.737,849.994,118.736,-25.479,121.439,0.655,-0.274,17,12.11,4.89,0.5901,0.0147,1.1282,282.63,337.07,0.3603,63732.2,13732.2,17079.9,62.79,3.774,222000,212299.7,-64906.5,-126023.8,-587336.1,-44530.6,9554.9,30540.3,15003.8,0.0,0.0,41745.3,-17474.8,0,0
84.7167,5992.615,-258.443,5592.615,852.543,118.801,-25.507,121.508,0.654,-0.274,17,12.12,4.88,0.5895,0.0147,1.1279,282.61,337.06,0.3605,63731.8,13731.83,17079.4,62.79,3.774,222000,212299.7,-64906.5,-126081.9,-587298.9,-44542.0,9562.3,30567.7,14989.1,0.0,0.0,41675.8,-17433.9,0,0
84.8167,6004.498,-260.995,5604.498,855.095,118.867,-25.534,121.578,0.653,-0.273,17,12.12,4.88,0.589,0.0147,1.1276,282.59,337.05,0.3607,63731.4,13731.45,17078.9,62.79,3.774,222000,212299.7,-64906.5,-126139.6,-587261.9,-44553.5,9569.8,30595.1,14974.5,0.0,0.0,41606.5,-17393.2,0,0
84.9167,6016.389,-263.55,5616.389,857.65,118.932,-25.561,121.648,0.652,-0.272,17,12.13,4.87,0.5884,0.0147,1.1273,282.58,337.04,0.3609,63731.1,13731.07,17078.4,62.78,3.774,222000,212299.7,-64906.5,-126197.2,-587225.1,-44565.0,9577.2,30622.5,14960.0,0.0,0.0,41537.5,-17352.6,0,0
85.0167,6028.286,-266.108,5628.286,860.208,118.997,-25.588,121.717,0.651,-0.272,17,12.13,4.87,0.5879,0.0146,1.127,282.56,337.03,0.3611,63730.7,13730.69,17078.0,62.78,3.774,222000,212299.7,-64906.5,-126254.4,-587188.4,-44576.4,9584.6,30649.8,14945.5,0.0,0.0,41468.8,-17312.2,0,0
85.1167,6040.189,-268.668,5640.189,862.768,119.062,-25.615,121.786,0.65,-0.271,17,12.14,4.86,0.5873,0.0146,1.1267,282.54,337.02,0.3614,63730.3,13730.32,17077.5,62.78,3.774,222000,212299.7,-64906.5,-126311.5,-587151.9,-44587.9,9592.0,30677.0,14931.0,0.0,0.0,41400.3,-17272.0,0,0
85.2167,6052.099,-271.232,5652.099,865.332,119.127,-25.643,121.855,0.649,-0.27,17,12.15,4.85,0.5868,0.0146,1.1265,282.53,337.01,0.3616,63729.9,13729.94,17077.0,62.78,3.774,222000,212299.7,-64906.5,-126368.3,-587115.5,-44599.4,9599.4,30704.1,14916.6,0.0,0.0,41332.0,-17231.9,0,0
85.3167,6064.016,-273.797,5664.016,867.897,119.192,-25.67,121.924,0.647,-0.27,17,12.15,4.85,0.5862,0.0145,1.1262,282.51,337.0,0.3618,63729.6,13729.56,17076.6,62.78,3.774,222000,212299.7,-64906.5,-126424.8,-587079.2,-44610.9,9606.7,30731.2,14902.3,0.0,0.0,41264.0,-17192.0,0,0
85.4167,6075.939,-276.366,5675.939,870.466,119.256,-25.696,121.993,0.646,-0.269,17,12.16,4.84,0.5857,0.0145,1.1259,282.49,336.99,0.362,63729.2,13729.18,17076.1,62.78,3.774,222000,212299.7,-64906.5,-126481.1,-587043.1,-44622.3,9614.1,30758.2,14888.1,0.0,0.0,41196.2,-17152.2,0,0
85.5167,6087.868,-278.937,5687.868,873.037,119.321,-25.723,122.062,0.645,-0.269,17,12.16,4.84,0.5852,0.0145,1.1256,282.48,336.98,0.3622,63728.8,13728.81,17075.6,62.77,3.774,222000,212299.7,-64906.5,-126537.2,-587007.1,-44633.8,9621.4,30785.2,14873.9,0.0,0.0,41128.7,-17112.7,0,0
85.6167,6099.804,-281.511,5699.804,875.611,119.385,-25.75,122.131,0.644,-0.268,17,12.17,4.83,0.5846,0.0145,1.1253,282.46,336.97,0.3624,63728.4,13728.43,17075.2,62.77,3.774,222000,212299.7,-64906.5,-126593.0,-586971.3,-44645.3,9628.7,30812.1,14859.7,0.0,0.0,41061.3,-17073.2,0,0
85.7167,6111.746,-284.088,5711.746,878.188,119.45,-25.777,122.199,0.643,-0.267,17,12.18,4.82,0.5841,0.0144,1.125,282.44,336.96,0.3627,63728.1,13728.05,17074.7,62.77,3.774,222000,212299.7,-64906.5,-126648.6,-586935.7,-44656.8,9636.0,30838.9,14845.7,0.0,0.0,40994.3,-17034.0,0,0
85.8167,6123.695,-286.667,5723.695,880.767,119.514,-25.804,122.268,0.642,-0.267,17,12.18,4.82,0.5836,0.0144,1.1248,282.43,336.95,0.3629,63727.7,13727.67,17074.2,62.77,3.774,222000,212299.7,-64906.5,-126704.0,-586900.1,-44668.3,9643.3,30865.7,14831.7,0.0,0.0,40927.4,-16994.9,0,0
85.9167,6135.65,-289.249,5735.65,883.349,119.578,-25.83,122.336,0.641,-0.266,17,12.19,4.81,0.5831,0.0144,1.1245,282.41,336.94,0.3631,63727.3,13727.3,17073.8,62.77,3.774,222000,212299.7,-64906.5,-126759.1,-586864.8,-44679.8,9650.5,30892.4,14817.7,0.0,0.0,40860.8,-16955.9,0,0
86.0167,6147.612,-291.833,5747.612,885.933,119.642,-25.857,122.404,0.64,-0.265,17,12.19,4.81,0.5825,0.0144,1.1242,282.39,336.93,0.3633,63726.9,13726.92,17073.3,62.77,3.774,222000,212299.7,-64906.5,-126814.0,-586829.5,-44691.2,9657.8,30919.1,14803.8,0.0,0.0,40794.5,-16917.2,0,0
86.1167,6159.58,-294.421,5759.58,888.521,119.706,-25.883,122.472,0.639,-0.265,17,12.2,4.8,0.582,0.0143,1.1239,282.38,336.92,0.3635,63726.5,13726.54,17072.8,62.76,3.774,222000,212299.7,-64906.5,-126868.6,-586794.4,-44702.7,9665.0,30945.6,14790.0,0.0,0.0,40728.3,-16878.5,0,0
86.2167,6171.554,-297.01,5771.554,891.11,119.77,-25.91,122.54,0.638,-0.264,17,12.21,4.79,0.5815,0.0143,1.1236,282.36,336.91,0.3637,63726.2,13726.16,17072.3,62.76,3.774,222000,212299.7,-64906.5,-126923.1,-586759.4,-44714.2,9672.2,30972.2,14776.2,0.0,0.0,40662.4,-16840.1,0,0
86.3167,6183.535,-299.603,5783.535,893.703,119.834,-25.936,122.608,0.637,-0.264,17,12.21,4.79,0.581,0.0143,1.1233,282.34,336.9,0.3639,63725.8,13725.79,17071.9,62.76,3.774,222000,212299.7,-64906.5,-126977.3,-586724.6,-44725.7,9679.4,30998.6,14762.4,0.0,0.0,40596.7,-16801.8,0,0
86.4167,6195.522,-302.198,5795.522,896.298,119.897,-25.962,122.676,0.636,-0.263,17,12.22,4.78,0.5805,0.0143,1.1231,282.33,336.89,0.3641,63725.4,13725.41,17071.4,62.76,3.774,222000,212299.7,-64906.5,-127031.2,-586689.9,-44737.2,9686.6,31025.0,14748.8,0.0,0.0,40531.3,-16763.6,0,0
86.5167,6207.515,-304.796,5807.515,898.896,119.961,-25.989,122.744,0.635,-0.262,17,12.22,4.78,0.5799,0.0142,1.1228,282.31,336.88,0.3644,63725.0,13725.03,17070.9,62.76,3.774,222000,212299.7,-64906.5,-127085.0,-586655.4,-44748.6,9693.7,31051.4,14735.2,0.0,0.0,40466.0,-16725.6,0,0
86.6167,6219.515,-307.396,5819.515,901.496,120.024,-26.015,122.811,0.634,-0.262,17,12.23,4.77,0.5794,0.0142,1.1225,282.29,336.87,0.3646,63724.7,13724.66,17070.5,62.76,3.774,222000,212299.7,-64906.5,-127138.5,-586621.0,-44760.1,9700.9,31077.7,14721.6,0.0,0.0,40401.1,-16687.7,0,0
86.7167,6231.521,-309.999,5831.521,904.099,120.088,-26.041,122.879,0.633,-0.261,17,12.23,4.77,0.5789,0.0142,1.1222,282.28,336.86,0.3648,63724.3,13724.28,17070.0,62.75,3.774,222000,212299.7,-64906.5,-127191.8,-586586.7,-44771.6,9708.0,31103.9,14708.1,0.0,0.0,40336.3,-16650.0,0,0
86.8167,6243.534,-312.605,5843.534,906.705,120.151,-26.067,122.946,0.632,-0.261,17,12.24,4.76,0.5784,0.0142,1.1219,282.26,336.85,0.365,63723.9,13723.9,17069.5,62.75,3.774,222000,212299.7,-64906.5,-127244.9,-586552.5,-44783.1,9715.1,31130.1,14694.7,0.0,0.0,40271.7,-16612.5,0,0
86.9167,6255.552,-315.213,5855.552,909.313,120.214,-26.093,123.013,0.631,-0.26,17,12.25,4.75,0.5779,0.0141,1.1216,282.24,336.84,0.3652,63723.5,13723.52,17069.1,62.75,3.774,222000,212299.7,-64906.5,-127297.7,-586518.5,-44794.5,9722.2,31156.2,14681.3,0.0,0.0,40207.4,-16575.1,0,0
87.0167,6267.577,-317.824,5867.577,911.924,120.277,-26.119,123.08,0.63,-0.26,17,12.25,4.75,0.5774,0.0141,1.1213,282.23,336.83,0.3654,63723.1,13723.15,17068.6,62.75,3.774,222000,212299.7,-64906.5,-127350.4,-586484.6,-44806.0,9729.3,31182.2,14667.9,0.0,0.0,40143.3,-16537.8,0,0
87.1167,6279.609,-320.437,5879.609,914.537,120.34,-26.145,123.147,0.629,-0.259,17,12.26,4.74,0.5769,0.0141,1.121,282.21,336.82,0.3656,63722.8,13722.77,17068.1,62.75,3.774,222000,212299.7,-64906.5,-127402.8,-586450.9,-44817.5,9736.3,31208.2,14654.7,0.0,0.0,40079.4,-16500.7,0,0
87.2167,6291.646,-323.053,5891.646,917.153,120.403,-26.171,123.214,0.628,-0.258,17,12.26,4.74,0.5764,0.0141,1.1208,282.19,336.81,0.3658,63722.4,13722.39,17067.7,62.75,3.774,222000,212299.7,-64906.5,-127455.0,-586417.2,-44828.9,9743.3,31234.1,14641.4,0.0,0.0,40015.8,-16463.7,0,0
87.3167,6303.69,-325.672,5903.69,919.772,120.466,-26.197,123.281,0.627,-0.258,17,12.27,4.73,0.5759,0.014,1.1205,282.17,336.8,0.366,63722.0,13722.01,17067.2,62.74,3.774,222000,212299.7,-64906.5,-127506.9,-586383.7,-44840.4,9750.4,31259.9,14628.3,0.0,0.0,39952.3,-16426.9,0,0
87.4167,6315.741,-328.293,5915.741,922.393,120.528,-26.223,123.348,0.626,-0.257,17,12.27,4.73,0.5754,0.014,1.1202,282.16,336.79,0.3662,63721.6,13721.64,17066.7,62.74,3.774,222000,212299.7,-64906.5,-127558.7,-586350.4,-44851.8,9757.4,31285.7,14615.2,0.0,0.0,39889.1,-16390.3,0,0
87.5167,6327.797,-330.917,5927.797,925.017,120.591,-26.248,123.414,0.625,-0.257,17,12.28,4.72,0.5749,0.014,1.1199,282.14,336.78,0.3665,63721.3,13721.26,17066.2,62.74,3.774,222000,212299.7,-64906.5,-127610.2,-586317.1,-44863.3,9764.4,31311.5,14602.1,0.0,0.0,39826.1,-16353.7,0,0
87.6167,6339.86,-333.543,5939.86,927.643,120.653,-26.274,123.481,0.624,-0.256,17,12.28,4.72,0.5744,0.014,1.1196,282.12,336.77,0.3667,63720.9,13720.88,17065.8,62.74,3.774,222000,212299.7,-64906.5,-127661.6,-586284.0,-44874.7,9771.3,31337.2,14589.1,0.0,0.0,39763.3,-16317.3,0,0
87.7167,6351.929,-336.172,5951.929,930.272,120.716,-26.299,123.547,0.623,-0.256,17,12.29,4.71,0.5739,0.0139,1.1193,282.11,336.76,0.3669,63720.5,13720.5,17065.3,62.74,3.774,222000,212299.7,-64906.5,-127712.7,-586251.0,-44886.2,9778.3,31362.8,14576.1,0.0,0.0,39700.8,-16281.1,0,0
87.8167,6364.004,-338.804,5964.004,932.904,120.778,-26.325,123.613,0.622,-0.255,17,12.3,4.7,0.5734,0.0139,1.119,282.09,336.75,0.3671,63720.1,13720.13,17064.8,62.73,3.774,222000,212299.7,-64906.5,-127763.6,-586218.1,-44897.6,9785.2,31388.3,14563.2,0.0,0.0,39638.4,-16245.0,0,0
87.9167,6376.085,-341.438,5976.085,935.538,120.84,-26.35,123.68,0.621,-0.254,17,12.3,4.7,0.573,0.0139,1.1187,282.07,336.74,0.3673,63719.7,13719.75,17064.4,62.73,3.774,222000,212299.7,-64906.5,-127814.3,-586185.4,-44909.1,9792.2,31413.8,14550.4,0.0,0.0,39576.3,-16209.0,0,0
88.0167,6388.173,-344.074,5988.173,938.174,120.902,-26.376,123.746,0.62,-0.254,17,12.31,4.69,0.5725,0.0139,1.1185,282.05,336.73,0.3675,63719.4,13719.37,17063.9,62.73,3.774,222000,212299.7,-64906.5,-127864.8,-586152.8,-44920.5,9799.1,31439.3,14537.6,0.0,0.0,39514.4,-16173.2,0,0
88.1167,6400.267,-346.713,6000.267,940.813,120.964,-26.401,123.812,0.619,-0.253,17,12.31,4.69,0.572,0.0138,1.1182,282.04,336.72,0.3677,63719.0,13718.99,17063.4,62.73,3.774,222000,212299.7,-64906.5,-127915.1,-586120.3,-44931.9,9806.0,31464.7,14524.8,0.0,0.0,39452.6,-16137.5,0,0
88.2167,6412.367,-349.355,6012.367,943.455,121.026,-26.426,123.877,0.618,-0.253,17,12.32,4.68,0.5715,0.0138,1.1179,282.02,336.71,0.3679,63718.6,13718.62,17063.0,62.73,3.774,222000,212299.7,-64906.5,-127965.2,-586087.9,-44943.3,9812.8,31490.0,14512.2,0.0,0.0,39391.1,-16102.0,0,0
88.3167,6424.473,-351.999,6024.473,946.099,121.088,-26.452,123.943,0.617,-0.252,17,12.32,4.68,0.571,0.0138,1.1176,282.0,336.7,0.3681,63718.2,13718.24,17062.5,62.73,3.774,222000,212299.7,-64906.5,-128015.0,-586055.7,-44954.8,9819.7,31515.2,14499.5,0.0,0.0,39329.8,-16066.6,0,0
88.4167,6436.585,-354.646,6036.585,948.746,121.149,-26.477,124.009,0.616,-0.252,17,12.33,4.67,0.5706,0.0138,1.1173,281.99,336.69,0.3683,63717.9,13717.86,17062.0,62.72,3.774,222000,212299.7,-64906.5,-128064.7,-586023.6,-44966.2,9826.5,31540.4,14486.9,0.0,0.0,39268.8,-16031.3,0,0
88.5167,6448.704,-357.295,6048.704,951.395,121.211,-26.502,124.074,0.615,-0.251,17,12.33,4.67,0.5701,0.0138,1.117,281.97,336.68,0.3685,63717.5,13717.48,17061.5,62.72,3.774,222000,212299.7,-64906.5,-128114.2,-585991.5,-44977.6,9833.4,31565.6,14474.4,0.0,0.0,39207.9,-15996.2,0,0
88.6167,6460.829,-359.946,6060.829,954.046,121.272,-26.527,124.14,0.614,-0.251,17,12.34,4.66,0.5696,0.0137,1.1167,281.95,336.67,0.3687,63717.1,13717.11,17061.1,62.72,3.774,222000,212299.7,-64906.5,-128163.4,-585959.7,-44989.0,9840.2,31590.7,14461.9,0.0,0.0,39147.2,-15961.2,0,0
88.7167,6472.959,-362.601,6072.959,956.701,121.334,-26.552,124.205,0.613,-0.25,17,12.34,4.66,0.5691,0.0137,1.1164,281.93,336.66,0.3689,63716.7,13716.73,17060.6,62.72,3.774,222000,212299.7,-64906.5,-128212.5,-585927.9,-45000.4,9847.0,31615.7,14449.5,0.0,0.0,39086.8,-15926.3,0,0
88.8167,6485.096,-365.257,6085.096,959.357,121.395,-26.577,124.27,0.613,-0.249,17,12.35,4.65,0.5687,0.0137,1.1161,281.92,336.65,0.3691,63716.4,13716.35,17060.1,62.72,3.774,222000,212299.7,-64906.5,-128261.4,-585896.2,-45011.8,9853.7,31640.7,14437.1,0.0,0.0,39026.5,-15891.6,0,0
88.9167,6497.239,-367.916,6097.239,962.016,121.456,-26.602,124.335,0.612,-0.249,17,12.35,4.65,0.5682,0.0137,1.1158,281.9,336.64,0.3693,63716.0,13715.98,17059.7,62.72,3.774,222000,212299.7,-64906.5,-128310.0,-585864.7,-45023.2,9860.5,31665.6,14424.7,0.0,0.0,38966.4,-15857.0,0,0
89.0167,6509.389,-370.578,6109.389,964.678,121.517,-26.627,124.4,0.611,-0.248,17,12.36,4.64,0.5677,0.0136,1.1155,281.88,336.63,0.3695,63715.6,13715.6,17059.2,62.71,3.774,222000,212299.7,-64906.5,-128358.5,-585833.3,-45034.6,9867.3,31690.4,14412.4,0.0,0.0,38906.6,-15822.5,0,0
89.1167,6521.544,-373.242,6121.544,967.342,121.578,-26.652,124.465,0.61,-0.248,17,12.36,4.64,0.5673,0.0136,1.1153,281.87,336.62,0.3698,63715.2,13715.22,17058.7,62.71,3.774,222000,212299.7,-64906.5,-128406.8,-585802.0,-45045.9,9874.0,31715.2,14400.2,0.0,0.0,38847.0,-15788.2,0,0
89.2167,6533.705,-375.909,6133.705,970.009,121.639,-26.676,124.53,0.609,-0.247,17,12.37,4.63,0.5668,0.0136,1.115,281.85,336.61,0.37,63714.8,13714.84,17058.3,62.71,3.774,222000,212299.7,-64906.5,-128454.8,-585770.8,-45057.3,9880.7,31740.0,14388.0,0.0,0.0,38787.5,-15754.0,0,0
89.3167,6545.873,-378.578,6145.873,972.678,121.7,-26.701,124.595,0.608,-0.247,17,12.37,4.63,0.5664,0.0136,1.1147,281.83,336.6,0.3702,63714.5,13714.47,17057.8,62.71,3.774,222000,212299.7,-64906.5,-128502.7,-585739.7,-45068.7,9887.4,31764.6,14375.9,0.0,0.0,38728.3,-15719.9,0,0
89.4167,6558.046,-381.249,6158.046,975.349,121.761,-26.726,124.659,0.607,-0.246,17,12.38,4.62,0.5659,0.0136,1.1144,281.81,336.59,0.3704,63714.1,13714.09,17057.3,62.71,3.774,222000,212299.7,-64906.5,-128550.4,-585708.7,-45080.0,9894.1,31789.3,14363.8,0.0,0.0,38669.2,-15686.0,0,0
89.5167,6570.226,-383.923,6170.226,978.023,121.821,-26.75,124.724,0.606,-0.246,17,12.38,4.62,0.5654,0.0135,1.1141,281.8,336.57,0.3706,63713.7,13713.71,17056.9,62.71,3.774,222000,212299.7,-64906.5,-128597.9,-585677.9,-45091.4,9900.8,31813.8,14351.7,0.0,0.0,38610.4,-15652.2,0,0
89.6167,6582.412,-386.6,6182.412,980.7,121.882,-26.775,124.788,0.605,-0.245,17,12.39,4.61,0.565,0.0135,1.1138,281.78,336.56,0.3708,63713.3,13713.33,17056.4,62.7,3.774,222000,212299.7,-64906.5,-128645.2,-585647.2,-45102.7,9907.4,31838.3,14339.7,0.0,0.0,38551.7,-15618.5,0,0
89.7167,6594.603,-389.279,6194.603,983.379,121.942,-26.799,124.853,0.604,-0.245,17,12.39,4.61,0.5645,0.0135,1.1135,281.76,336.55,0.371,63713.0,13712.96,17055.9,62.7,3.774,222000,212299.7,-64906.5,-128692.3,-585616.5,-45114.1,9914.1,31862.8,14327.8,0.0,0.0,38493.3,-15584.9,0,0
89.8167,6606.801,-391.96,6206.801,986.06,122.003,-26.824,124.917,0.603,-0.244,17,12.4,4.6,0.5641,0.0135,1.1132,281.74,336.54,0.3712,63712.6,13712.58,17055.4,62.7,3.774,222000,212299.7,-64906.5,-128739.2,-585586.0,-45125.4,9920.7,31887.2,14315.9,0.0,0.0,38435.0,-15551.5,0,0
