time_s,pos_x_m,pos_y_m,x_disp_m,altitude_m,vel_x_ms,vel_y_ms,speed_ms,acc_x_ms2,acc_y_ms2,body_angle_deg,flight_angle_deg,aoa_deg,c_l,thrust_N,thrust_x_N,thrust_y_N,lift_x_N,lift_y_N,drag_x_N,drag_y_N,friction_x_N,normal_y_N,netforce_x_N,netforce_y_N,on_ground,stalled
0.0167,400.0,594.103,0.0,-0.003,0.0,0.164,0.164,0.0,9.81,0,0,0,0.15,0,0.0,-0.0,0.0,0.0,0.0,0.0,0.0,0.0,0.0,627840.0,0,0
0.1167,400.0,594.103,0.0,-0.003,0.0,0.164,0.164,0.0,9.81,0,0,0,0.15,0,0.0,-0.0,0.0,0.0,0.0,0.0,0.0,0.0,0.0,627840.0,0,0
0.2167,400.0,594.103,0.0,-0.003,0.0,0.164,0.164,0.0,9.81,0,0,0,0.15,0,0.0,-0.0,0.0,0.0,0.0,0.0,0.0,0.0,0.0,627840.0,0,0
0.3167,400.0,594.103,0.0,-0.003,0.0,0.164,0.164,0.0,9.81,0,0,0,0.15,0,0.0,-0.0,0.0,0.0,0.0,0.0,0.0,0.0,0.0,627840.0,0,0
0.4167,400.0,594.103,0.0,-0.003,0.0,0.164,0.164,0.0,9.81,0,0,0,0.15,0,0.0,-0.0,0.0,0.0,0.0,0.0,0.0,0.0,0.0,627840.0,0,0
0.5167,400.0,594.103,0.0,-0.003,0.0,0.164,0.164,0.0,9.81,0,0,0,0.15,0,0.0,-0.0,0.0,0.0,0.0,0.0,0.0,0.0,0.0,627840.0,0,0
0.6,400.0,594.1,0.0,0.0,0.0,0.0,0.0,0.0,0.0,0,0,0,0.15,0,0.0,-0.0,0.0,0.0,0.0,0.0,0.0,-627840.0,0.0,0.0,1,0
0.7,400.0,594.1,0.0,0.0,0.0,0.0,0.0,0.0,0.0,0,0,0,0.15,0,0.0,-0.0,0.0,0.0,0.0,0.0,0.0,-627840.0,0.0,0.0,1,0
0.8,400.0,594.1,0.0,0.0,0.0,0.0,0.0,0.0,0.0,0,0,0,0.15,0,0.0,-0.0,0.0,0.0,0.0,0.0,0.0,-627840.0,0.0,0.0,1,0
0.9,400.0,594.1,0.0,0.0,0.0,0.0,0.0,0.0,0.0,0,0,0,0.15,0,0.0,-0.0,0.0,0.0,0.0,0.0,0.0,-627840.0,0.0,0.0,1,0
1.0,400.0,594.1,0.0,0.0,0.0,0.0,0.0,0.0,0.0,0,0,0,0.15,0,0.0,-0.0,0.0,0.0,0.0,0.0,0.0,-627840.0,0.0,0.0,1,0
1.1,400.0,594.1,0.0,0.0,0.0,0.0,0.0,0.0,0.0,0,0,0,0.15,0,0.0,-0.0,0.0,0.0,0.0,0.0,0.0,-627840.0,0.0,0.0,1,0
1.2,400.0,594.1,0.0,0.0,0.0,0.0,0.0,0.0,0.0,0,0,0,0.15,0,0.0,-0.0,0.0,0.0,0.0,0.0,0.0,-627840.0,0.0,0.0,1,0
1.3,400.0,594.1,0.0,0.0,0.0,0.0,0.0,0.0,0.0,0,0,0,0.15,0,0.0,-0.0,0.0,0.0,0.0,0.0,0.0,-627840.0,0.0,0.0,1,0
1.4167,400.0,594.103,0.0,-0.003,0.0,0.164,0.164,0.0,9.81,0,0,0,0.15,0,0.0,-0.0,0.0,0.0,0.0,0.0,0.0,0.0,0.0,627840.0,0,0
1.5167,400.0,594.103,0.0,-0.003,0.0,0.164,0.164,0.0,9.81,0,0,0,0.15,0,0.0,-0.0,0.0,0.0,0.0,0.0,0.0,0.0,0.0,627840.0,0,0
1.6167,400.0,594.103,0.0,-0.003,0.0,0.164,0.164,0.0,9.81,0,0,0,0.15,0,0.0,-0.0,0.0,0.0,0.0,0.0,0.0,0.0,0.0,627840.0,0,0
1.7167,400.0,594.103,0.0,-0.003,0.0,0.164,0.164,0.0,9.81,0,0,0,0.15,0,0.0,-0.0,0.0,0.0,0.0,0.0,0.0,0.0,0.0,627840.0,0,0
1.8167,400.0,594.103,0.0,-0.003,0.0,0.164,0.164,0.008,9.81,0,0,0,0.15,500,500.0,-0.0,0.0,0.0,0.0,0.0,0.0,0.0,500.0,627840.0,0,0
1.9167,400.0,594.103,-0.0,-0.003,-0.001,0.164,0.164,0.055,9.81,0,0,0,0.15,3500,3500.0,-0.0,0.0,0.0,0.0,0.0,0.0,0.0,3500.0,627840.0,0,0
2.0167,400.0,594.103,0.0,-0.003,0.002,0.164,0.164,0.102,9.81,0,0,0,0.15,6500,6500.0,-0.0,0.0,0.0,0.0,0.0,-0.0,0.0,6500.0,627840.0,0,0
2.1167,400.0,594.103,0.0,-0.003,0.0,0.164,0.164,0.148,9.81,0,0,0,0.15,9500,9500.0,-0.0,0.0,0.0,0.0,0.0,0.0,0.0,9500.0,627840.0,0,0
2.2167,400.0,594.103,0.0,-0.003,0.003,0.164,0.164,0.195,9.81,0,0,0,0.15,12500,12500.0,-0.0,0.0,0.0,0.0,0.0,0.0,0.0,12500.0,627840.0,0,0
2.3167,400.001,594.103,0.001,-0.003,0.011,0.164,0.164,0.242,9.81,0,0,0,0.15,15500,15500.0,-0.0,0.0,0.0,0.0,0.0,-0.0,0.0,15500.0,627840.0,0,0
2.4167,400.002,594.103,0.002,-0.003,0.023,0.164,0.165,0.289,9.81,0,0,0,0.15,18500,18500.0,-0.0,0.0,0.0,0.0,0.0,-0.0,0.0,18500.0,627840.0,0,0
2.5167,400.005,594.103,0.005,-0.003,0.04,0.164,0.168,0.336,9.81,0,0,0,0.15,21500,21500.0,-0.0,0.0,0.0,0.0,0.0,-0.0,0.0,21500.0,627840.0,0,0
2.6167,400.011,594.103,0.011,-0.003,0.061,0.164,0.175,0.383,9.81,0,0,0,0.15,24500,24500.0,-0.0,0.0,0.0,0.0,0.0,-0.0,0.0,24500.0,627840.0,0,0
2.7167,400.018,594.103,0.018,-0.003,0.088,0.164,0.186,0.43,9.81,0,0,0,0.15,27500,27500.0,-0.0,0.0,0.0,0.0,0.0,-0.0,0.0,27500.0,627840.0,0,0
2.8167,400.028,594.103,0.028,-0.003,0.119,0.164,0.202,0.477,9.81,0,0,0,0.15,30500,30500.0,-0.0,0.0,0.0,0.0,0.0,-0.0,0.0,30500.0,627840.0,0,0
2.9167,400.042,594.103,0.042,-0.003,0.154,0.164,0.225,0.523,9.81,0,0,0,0.15,33500,33500.0,-0.0,0.0,0.0,0.0,0.0,-0.0,0.0,33500.0,627840.0,0,0
3.0167,400.06,594.103,0.06,-0.003,0.195,0.164,0.254,0.57,9.81,0,0,0,0.15,36500,36500.0,-0.0,0.0,0.0,0.0,0.0,-0.0,0.0,36500.0,627840.0,0,0
3.1167,400.082,594.103,0.082,-0.003,0.24,0.164,0.29,0.617,9.81,0,0,0,0.15,39500,39500.0,-0.0,0.0,0.0,0.0,0.0,-0.0,0.0,39500.0,627840.0,0,0
3.2167,400.109,594.103,0.109,-0.003,0.29,0.164,0.332,0.664,9.81,0,0,0,0.15,42500,42500.0,-0.0,0.0,0.0,0.0,0.0,-0.0,0.0,42500.0,627840.0,0,0
3.3167,400.141,594.103,0.141,-0.003,0.344,0.164,0.381,0.711,9.81,0,0,0,0.15,45500,45500.0,-0.0,0.0,0.0,0.0,0.0,-0.0,0.0,45500.0,627840.0,0,0
3.4167,400.178,594.103,0.178,-0.003,0.403,0.164,0.435,0.758,9.81,0,0,0,0.15,48500,48500.0,-0.0,0.0,0.0,0.0,0.0,-0.0,0.0,48500.0,627840.0,0,0
3.5167,400.222,594.103,0.222,-0.003,0.467,0.164,0.495,0.805,9.81,0,0,0,0.15,51500,51500.0,-0.0,0.0,0.0,0.0,0.0,-0.0,0.0,51500.0,627840.0,0,0
3.6167,400.273,594.103,0.273,-0.003,0.535,0.164,0.56,0.852,9.81,0,0,0,0.15,54500,54500.0,-0.0,0.0,0.0,0.0,0.0,-0.0,0.0,54500.0,627840.0,0,0
3.7167,400.33,594.103,0.33,-0.003,0.609,0.164,0.63,0.898,9.81,0,0,0,0.15,57500,57500.0,-0.0,0.0,0.0,0.0,0.0,-0.0,0.0,57500.0,627840.0,0,0
3.8167,400.395,594.103,0.395,-0.003,0.686,0.164,0.706,0.945,9.81,0,0,0,0.15,60500,60500.0,-0.0,0.0,0.0,0.0,0.0,-0.0,0.0,60500.0,627840.0,0,0
3.9167,400.469,594.103,0.469,-0.003,0.769,0.164,0.786,0.992,9.81,0,0,0,0.15,63500,63500.0,-0.0,0.0,0.0,0.0,0.0,-0.0,0.0,63500.0,627840.0,0,0
4.0167,400.551,594.103,0.551,-0.003,0.856,0.164,0.872,1.039,9.81,0,0,0,0.15,66500,66500.0,-0.0,0.0,0.0,0.0,0.0,-0.0,0.0,66500.0,627840.0,0,0
4.1167,400.641,594.103,0.641,-0.003,0.948,0.164,0.962,1.086,9.81,0,0,0,0.15,69500,69500.0,-0.0,0.0,0.0,0.0,0.0,-0.0,0.0,69500.0,627840.0,0,0
4.2167,400.742,594.103,0.742,-0.003,1.045,0.163,1.057,1.133,9.81,0,0.0,-0.0,0.15,72500,72500.0,-0.0,-0.0,-11.8,-2.4,0.0,-0.0,0.0,72497.6,627828.2,0,0
4.3167,400.852,594.103,0.852,-0.003,1.146,0.163,1.158,1.18,9.81,0,0.0,-0.0,0.15,75500,75500.0,-0.0,-0.0,-14.3,-2.9,0.0,-0.0,0.0,75497.1,627825.7,0,0
4.4167,400.973,594.103,0.973,-0.003,1.252,0.163,1.263,1.227,9.81,0,0.0,-0.0,0.15,78500,78500.0,-0.0,-0.0,-17.1,-3.4,0.0,-0.0,0.0,78496.6,627822.9,0,0
4.5167,401.104,594.103,1.104,-0.003,1.363,0.163,1.372,1.273,9.81,0,0.0,-0.0,0.15,81500,81500.0,-0.0,-0.0,-20.2,-4.0,0.0,-0.0,0.0,81496.0,627819.8,0,0
4.6167,401.247,594.103,1.247,-0.003,1.478,0.163,1.487,1.32,9.81,0,0.0,-0.0,0.15,84500,84500.0,-0.0,-0.0,-23.8,-4.8,0.0,-0.0,0.0,84495.2,627816.2,0,0
4.7167,401.401,594.103,1.401,-0.003,1.598,0.163,1.606,1.367,9.81,0,0.0,-0.0,0.15,87500,87500.0,-0.0,-0.0,-27.9,-5.6,0.0,-0.0,0.0,87494.4,627812.1,0,0
4.8167,401.568,594.103,1.568,-0.003,1.723,0.163,1.731,1.414,9.809,0,0.0,-0.0,0.15,90500,90500.0,-0.0,-0.0,-32.5,-6.5,0.0,-0.0,0.0,90493.5,627807.5,0,0
4.9167,401.748,594.103,1.748,-0.003,1.852,0.163,1.859,1.461,9.809,0,0.0,-0.0,0.15,93500,93500.0,-0.0,-0.0,-37.6,-7.5,0.0,-0.0,0.0,93492.5,627802.4,0,0
5.0167,401.941,594.103,1.941,-0.003,1.986,0.163,1.993,1.508,9.809,0,0.0,-0.0,0.15,96500,96500.0,-0.0,-0.0,-43.2,-8.7,0.0,-0.0,0.0,96491.3,627796.8,0,0
5.1167,402.148,594.103,2.148,-0.003,2.125,0.163,2.131,1.555,9.809,0,0.0,-0.0,0.15,99500,99500.0,-0.0,-0.0,-49.5,-9.9,0.0,-0.0,0.0,99490.1,627790.5,0,0
5.2167,402.368,594.103,2.368,-0.003,2.269,0.163,2.274,1.601,9.809,0,0.0,-0.0,0.15,102500,102500.0,-0.0,-0.0,-56.5,-11.3,0.0,-0.0,0.0,102488.7,627783.5,0,0
5.3167,402.604,594.103,2.604,-0.003,2.417,0.163,2.422,1.648,9.809,0,0.0,-0.0,0.15,105500,105500.0,-0.0,-0.0,-64.2,-12.8,0.0,-0.0,0.0,105487.2,627775.8,0,0
5.4167,402.854,594.103,2.854,-0.003,2.57,0.163,2.575,1.695,9.809,0,0.0,-0.0,0.15,108500,108500.0,-0.0,-0.0,-72.6,-14.5,0.0,-0.0,0.0,108485.5,627767.4,0,0
5.5167,403.12,594.103,3.12,-0.003,2.727,0.163,2.732,1.742,9.809,0,0.0,-0.0,0.15,111500,111500.0,-0.0,-0.0,-81.8,-16.4,0.0,-0.0,0.0,111483.6,627758.2,0,0
5.6167,403.402,594.103,3.402,-0.003,2.889,0.163,2.894,1.789,9.809,0,0.0,-0.0,0.15,114500,114500.0,-0.0,-0.0,-91.9,-18.4,0.0,-0.0,0.0,114481.6,627748.1,0,0
5.7167,403.701,594.103,3.701,-0.003,3.056,0.163,3.061,1.836,9.808,0,0.0,-0.0,0.15,117500,117500.0,-0.0,-0.0,-102.9,-20.6,0.0,-0.0,0.0,117479.4,627737.1,0,0
5.8167,404.016,594.103,4.016,-0.003,3.228,0.163,3.232,1.882,9.808,0,0.0,-0.0,0.15,120500,120500.0,-0.0,-0.0,-114.9,-23.0,0.0,-0.0,0.0,120477.0,627725.1,0,0
5.9167,404.349,594.103,4.349,-0.003,3.404,0.163,3.408,1.929,9.808,0,0.0,-0.0,0.1499,123500,123500.0,-0.0,-0.0,-127.8,-25.6,0.0,-0.0,0.0,123474.4,627712.2,0,0
6.0167,404.7,594.103,4.7,-0.003,3.585,0.163,3.589,1.976,9.808,0,0.0,-0.0,0.1499,126500,126500.0,-0.0,-0.0,-141.8,-28.4,0.0,-0.0,0.0,126471.6,627698.2,0,0
6.1167,405.069,594.103,5.069,-0.003,3.771,0.163,3.774,2.023,9.808,0,0.0,-0.0,0.1499,129500,129500.0,-0.0,-0.0,-157.0,-31.4,0.0,-0.0,0.0,129468.6,627683.0,0,0
6.2167,405.457,594.103,5.457,-0.003,3.961,0.163,3.964,2.07,9.807,0,0.0,-0.0,0.1499,132500,132500.0,-0.0,-0.0,-173.3,-34.7,0.0,-0.0,0.0,132465.3,627666.7,0,0
6.3167,405.864,594.103,5.864,-0.003,4.156,0.163,4.159,2.117,9.807,0,0.0,-0.0,0.1499,135500,135500.0,-0.0,-0.0,-190.9,-38.2,0.0,-0.0,0.0,135461.8,627649.1,0,0
6.4167,406.291,594.103,6.291,-0.003,4.356,0.163,4.359,2.163,9.807,0,0.0,-0.0,0.1499,138500,138500.0,-0.0,-0.0,-209.7,-42.0,0.0,-0.0,0.0,138458.0,627630.3,0,0
6.5167,406.739,594.103,6.739,-0.003,4.56,0.163,4.563,2.21,9.806,0,0.0,-0.0,0.1499,141500,141500.0,-0.0,-0.0,-230.0,-46.0,0.0,-0.0,0.0,141454.0,627610.0,0,0
6.6167,407.207,594.103,7.207,-0.003,4.769,0.163,4.772,2.257,9.806,0,0.0,-0.0,0.1499,144500,144500.0,-0.0,-0.0,-251.6,-50.3,0.0,-0.0,0.0,144449.6,627588.4,0,0
6.7167,407.696,594.103,7.696,-0.003,4.983,0.163,4.985,2.304,9.806,0,0.0,-0.0,0.1499,147500,147500.0,-0.0,-0.0,-274.8,-55.0,0.0,-0.0,0.0,147445.0,627565.2,0,0
6.8167,408.207,594.103,8.207,-0.003,5.201,0.163,5.204,2.351,9.805,0,0.0,-0.0,0.1499,150500,150500.0,-0.0,-0.0,-299.5,-59.9,0.0,-0.0,0.0,150440.1,627540.5,0,0
6.9167,408.74,594.103,8.74,-0.003,5.424,0.163,5.427,2.397,9.805,0,0.0,-0.0,0.1499,153500,153500.0,-0.0,-0.0,-325.8,-65.2,0.0,-0.0,0.0,153434.8,627514.2,0,0
7.0167,409.295,594.103,9.295,-0.003,5.652,0.163,5.654,2.444,9.804,0,0.0,-0.0,0.1499,156500,156500.0,-0.0,-0.0,-353.9,-70.8,0.0,-0.0,0.0,156429.2,627486.1,0,0
7.1167,409.874,594.103,9.874,-0.003,5.884,0.163,5.887,2.491,9.804,0,0.0,-0.0,0.1499,159500,159500.0,-0.0,-0.0,-383.7,-76.8,0.0,-0.0,0.0,159423.2,627456.3,0,0
7.2167,410.476,594.103,10.476,-0.003,6.121,0.163,6.124,2.538,9.804,0,0.0,-0.0,0.1499,162500,162500.0,-0.0,-0.0,-415.3,-83.1,0.0,-0.0,0.0,162416.9,627424.7,0,0
7.3167,411.102,594.103,11.102,-0.003,6.363,0.163,6.365,2.585,9.803,0,0.0,-0.0,0.1499,165500,165500.0,-0.0,-0.0,-448.9,-89.8,0.0,-0.0,0.0,165410.2,627391.1,0,0
7.4167,411.752,594.103,11.752,-0.003,6.61,0.163,6.612,2.631,9.802,0,0.0,-0.0,0.1499,168500,168500.0,-0.0,-0.0,-484.5,-97.0,0.0,-0.0,0.0,168403.0,627355.5,0,0
7.5167,412.428,594.103,12.428,-0.003,6.861,0.163,6.863,2.678,9.802,0,0.0,-0.0,0.1499,171500,171500.0,-0.0,-0.0,-522.1,-104.5,0.0,-0.0,0.0,171395.5,627317.9,0,0
7.6167,413.129,594.103,13.129,-0.003,7.117,0.163,7.119,2.725,9.801,0,0.0,-0.0,0.1499,174500,174500.0,-0.0,-0.0,-561.9,-112.5,0.0,-0.0,0.0,174387.5,627278.1,0,0
7.7167,413.855,594.103,13.855,-0.003,7.377,0.163,7.379,2.772,9.801,0,0.0,-0.0,0.1499,177500,177500.0,-0.0,-0.0,-603.9,-120.9,0.0,-0.0,0.0,177379.1,627236.1,0,0
7.8167,414.609,594.103,14.609,-0.003,7.642,0.163,7.644,2.818,9.8,0,0.0,-0.0,0.1499,180500,180500.0,-0.0,-0.0,-648.3,-129.8,0.0,-0.0,0.0,180370.2,627191.7,0,0
7.9167,415.388,594.103,15.388,-0.003,7.912,0.163,7.914,2.865,9.799,0,0.0,-0.0,0.1499,183500,183500.0,-0.0,-0.0,-695.0,-139.1,0.0,-0.0,0.0,183360.9,627145.0,0,0
8.0167,416.195,594.103,16.195,-0.003,8.187,0.163,8.188,2.912,9.798,0,0.0,-0.0,0.1499,186500,186500.0,-0.0,-0.0,-744.2,-149.0,0.0,-0.0,0.0,186351.0,627095.8,0,0
8.1167,417.03,594.103,17.03,-0.003,8.466,0.163,8.467,2.958,9.798,0,0.0,-0.0,0.1499,189500,189500.0,-0.0,-0.0,-795.9,-159.3,0.0,-0.0,0.0,189340.7,627044.1,0,0
8.2,417.747,594.1,17.747,0.0,8.7,-0.0,8.7,2.703,-0.013,0,-0.0,0.0,0.15,192000,192000.0,-0.0,0.0,-842.3,-168.5,-0.0,-18835.2,-627840.0,172996.3,-842.3,1,0
8.3,418.634,594.1,18.634,0.0,8.987,-0.0,8.987,2.75,-0.014,0,-0.0,0.0,0.15,195000,195000.0,-0.0,0.0,-899.1,-179.8,-0.0,-18835.2,-627840.0,175985.0,-899.1,1,0
8.4,419.55,594.1,19.55,0.0,9.28,-0.0,9.28,2.796,-0.015,0,-0.0,0.0,0.15,198000,198000.0,-0.0,0.0,-958.7,-191.7,-0.0,-18835.2,-627840.0,178973.1,-958.7,1,0
8.5,420.495,594.1,20.495,0.0,9.577,-0.0,9.577,2.843,-0.016,0,-0.0,0.0,0.15,201000,201000.0,-0.0,0.0,-1021.2,-204.2,-0.0,-18835.2,-627840.0,181960.6,-1021.2,1,0
8.6,421.471,594.1,21.471,0.0,9.879,-0.0,9.879,2.89,-0.017,0,-0.0,0.0,0.15,204000,204000.0,-0.0,0.0,-1086.7,-217.3,-0.0,-18835.2,-627840.0,184947.5,-1086.7,1,0
8.7,422.477,594.1,22.477,0.0,10.185,-0.0,10.185,2.936,-0.018,0,-0.0,0.0,0.15,207000,207000.0,-0.0,0.0,-1155.4,-231.1,-0.0,-18835.2,-627840.0,187933.7,-1155.4,1,0
8.8,423.513,594.1,23.513,0.0,10.496,-0.0,10.496,2.983,-0.019,0,-0.0,0.0,0.15,210000,210000.0,-0.0,0.0,-1227.2,-245.4,-0.0,-18835.2,-627840.0,190919.4,-1227.2,1,0
8.9,424.582,594.1,24.582,0.0,10.812,-0.0,10.812,3.03,-0.02,0,-0.0,0.0,0.15,213000,213000.0,-0.0,0.0,-1302.3,-260.5,-0.0,-18835.2,-627840.0,193904.3,-1302.3,1,0
9.0,425.681,594.1,25.681,0.0,11.132,-0.0,11.132,3.076,-0.022,0,-0.0,0.0,0.15,216000,216000.0,-0.0,0.0,-1380.8,-276.2,-0.0,-18835.2,-627840.0,196888.6,-1380.8,1,0
9.1,426.814,594.1,26.814,0.0,11.457,-0.0,11.457,3.123,-0.023,0,-0.0,0.0,0.15,219000,219000.0,-0.0,0.0,-1462.8,-292.6,-0.0,-18835.2,-627840.0,199872.2,-1462.8,1,0
9.2,427.979,594.1,27.979,0.0,11.787,-0.0,11.787,3.17,-0.024,0,-0.0,0.0,0.15,222000,222000.0,-0.0,0.0,-1548.4,-309.7,-0.0,-18835.2,-627840.0,202855.1,-1548.4,1,0
9.3,429.177,594.1,29.177,0.0,12.119,-0.0,12.119,3.169,-0.026,0,-0.0,0.0,0.15,222000,222000.0,-0.0,0.0,-1637.2,-327.4,-0.0,-18835.2,-627840.0,202837.4,-1637.2,1,0
9.4,430.408,594.1,30.408,0.0,12.45,-0.0,12.45,3.169,-0.027,0,-0.0,0.0,0.15,222000,222000.0,-0.0,0.0,-1728.4,-345.7,-0.0,-18835.2,-627840.0,202819.1,-1728.4,1,0
9.5,431.673,594.1,31.673,0.0,12.782,-0.0,12.782,3.169,-0.028,0,-0.0,0.0,0.15,222000,222000.0,-0.0,0.0,-1822.1,-364.4,-0.0,-18835.2,-627840.0,202800.4,-1822.1,1,0
9.6,432.971,594.1,32.971,0.0,13.114,-0.0,13.114,3.168,-0.03,0,-0.0,0.0,0.15,222000,222000.0,-0.0,0.0,-1918.3,-383.7,-0.0,-18835.2,-627840.0,202781.1,-1918.3,1,0
9.7,434.301,594.1,34.301,0.0,13.445,-0.001,13.445,3.168,-0.032,0,-0.0,0.0,0.15,222000,222000.0,-0.0,0.0,-2016.9,-403.4,-0.0,-18835.2,-627840.0,202761.4,-2016.9,1,0
9.8,435.665,594.1,35.665,0.0,13.777,-0.001,13.777,3.168,-0.033,0,-0.0,0.0,0.15,222000,222000.0,-0.0,0.0,-2118.0,-423.6,-0.0,-18835.2,-627840.0,202741.2,-2118.0,1,0
9.9,437.062,594.1,37.062,0.0,14.108,-0.001,14.108,3.168,-0.035,0,-0.0,0.0,0.15,222000,222000.0,-0.0,0.0,-2221.6,-444.3,-0.0,-18835.2,-627840.0,202720.5,-2221.6,1,0
10.0,438.493,594.1,38.493,0.0,14.44,-0.001,14.44,3.167,-0.036,0,-0.0,0.0,0.15,222000,222000.0,-0.0,0.0,-2327.6,-465.5,-0.0,-18835.2,-627840.0,202699.3,-2327.6,1,0
10.1,439.956,594.1,39.956,0.0,14.771,-0.001,14.771,3.167,-0.038,0,-0.0,0.0,0.15,222000,222000.0,-0.0,0.0,-2436.1,-487.2,-0.0,-18835.2,-627840.0,202677.6,-2436.1,1,0
10.2,441.453,594.1,41.453,0.0,15.102,-0.001,15.102,3.166,-0.04,0,-0.0,0.0,0.15,222000,222000.0,-0.0,0.0,-2547.0,-509.4,-0.0,-18835.2,-627840.0,202655.4,-2547.0,1,0
10.3,442.982,594.1,42.982,0.0,15.434,-0.001,15.434,3.166,-0.042,0,-0.0,0.0,0.15,222000,222000.0,-0.0,0.0,-2660.4,-532.1,-0.0,-18835.2,-627840.0,202632.7,-2660.4,1,0
10.4,444.545,594.1,44.545,0.0,15.765,-0.001,15.765,3.166,-0.043,0,-0.0,0.0,0.15,222000,222000.0,-0.0,0.0,-2776.2,-555.2,-0.0,-18835.2,-627840.0,202609.6,-2776.2,1,0
10.5,446.141,594.1,46.141,0.0,16.096,-0.001,16.096,3.165,-0.045,0,-0.0,0.0,0.15,222000,222000.0,-0.0,0.0,-2894.5,-578.9,-0.0,-18835.2,-627840.0,202585.9,-2894.5,1,0
10.6,447.77,594.1,47.77,0.0,16.428,-0.001,16.428,3.165,-0.047,0,-0.0,0.0,0.15,222000,222000.0,-0.0,0.0,-3015.3,-603.1,-0.0,-18835.2,-627840.0,202561.7,-3015.3,1,0
10.7,449.432,594.1,49.432,0.0,16.759,-0.001,16.759,3.165,-0.049,0,-0.0,0.0,0.15,222000,222000.0,-0.0,0.0,-3138.5,-627.7,-0.0,-18835.2,-627840.0,202537.1,-3138.5,1,0
10.8,451.128,594.1,51.128,0.0,17.09,-0.001,17.09,3.164,-0.051,0,-0.0,0.0,0.15,222000,222000.0,-0.0,0.0,-3264.2,-652.8,-0.0,-18835.2,-627840.0,202512.0,-3264.2,1,0
10.9,452.856,594.1,52.856,0.0,17.421,-0.001,17.421,3.164,-0.053,0,-0.0,0.0,0.15,222000,222000.0,-0.0,0.0,-3392.3,-678.5,-0.0,-18835.2,-627840.0,202486.3,-3392.3,1,0
11.0,454.618,594.1,54.618,0.0,17.752,-0.001,17.752,3.163,-0.055,0,-0.0,0.0,0.15,222000,222000.0,-0.0,0.0,-3522.8,-704.6,-0.0,-18835.2,-627840.0,202460.2,-3522.8,1,0
11.1,456.412,594.1,56.412,0.0,18.083,-0.001,18.083,3.163,-0.057,0,-0.0,0.0,0.15,222000,222000.0,-0.0,0.0,-3655.8,-731.2,-0.0,-18835.2,-627840.0,202433.6,-3655.8,1,0
11.2,458.24,594.1,58.24,0.0,18.414,-0.001,18.414,3.163,-0.059,0,-0.0,0.0,0.15,222000,222000.0,-0.0,0.0,-3791.3,-758.3,-0.0,-18835.2,-627840.0,202406.5,-3791.3,1,0
11.3,460.101,594.1,60.101,0.0,18.745,-0.001,18.745,3.162,-0.061,0,-0.0,0.0,0.15,222000,222000.0,-0.0,0.0,-3929.2,-785.8,-0.0,-18835.2,-627840.0,202379.0,-3929.2,1,0
11.4,461.995,594.1,61.995,0.0,19.076,-0.001,19.076,3.162,-0.064,0,-0.0,0.0,0.15,222000,222000.0,-0.0,0.0,-4069.6,-813.9,-0.0,-18835.2,-627840.0,202350.9,-4069.6,1,0
11.5,463.922,594.1,63.922,0.0,19.407,-0.001,19.407,3.161,-0.066,0,-0.0,0.0,0.15,222000,222000.0,-0.0,0.0,-4212.4,-842.5,-0.0,-18835.2,-627840.0,202322.3,-4212.4,1,0
11.6,465.882,594.1,65.882,0.0,19.738,-0.001,19.738,3.161,-0.068,0,-0.0,0.0,0.15,222000,222000.0,-0.0,0.0,-4357.6,-871.5,-0.0,-18835.2,-627840.0,202293.3,-4357.6,1,0
11.7,467.875,594.1,67.875,0.0,20.068,-0.001,20.068,3.16,-0.07,0,-0.0,0.0,0.15,222000,222000.0,-0.0,0.0,-4505.3,-901.1,-0.0,-18835.2,-627840.0,202263.7,-4505.3,1,0
11.8,469.901,594.1,69.901,0.0,20.399,-0.001,20.399,3.16,-0.073,0,-0.0,0.0,0.15,222000,222000.0,-0.0,0.0,-4655.4,-931.1,-0.0,-18835.2,-627840.0,202233.7,-4655.4,1,0
11.9,471.961,594.1,71.961,0.0,20.73,-0.001,20.73,3.159,-0.075,0,-0.0,0.0,0.15,222000,222000.0,-0.0,0.0,-4807.9,-961.6,-0.0,-18835.2,-627840.0,202203.2,-4807.9,1,0
12.0,474.053,594.1,74.053,0.0,21.06,-0.001,21.06,3.159,-0.078,0,-0.0,0.0,0.15,222000,222000.0,-0.0,0.0,-4962.9,-992.6,-0.0,-18835.2,-627840.0,202172.2,-4962.9,1,0
12.1,476.179,594.1,76.179,0.0,21.391,-0.001,21.391,3.158,-0.08,0,-0.0,0.0,0.15,222000,222000.0,-0.0,0.0,-5120.4,-1024.1,-0.0,-18835.2,-627840.0,202140.7,-5120.4,1,0
12.2,478.337,594.1,78.337,0.0,21.722,-0.001,21.722,3.158,-0.083,0,-0.0,0.0,0.15,222000,222000.0,-0.0,0.0,-5280.2,-1056.0,-0.0,-18835.2,-627840.0,202108.8,-5280.2,1,0
12.3,480.529,594.1,80.529,0.0,22.052,-0.001,22.052,3.157,-0.085,0,-0.0,0.0,0.15,222000,222000.0,-0.0,0.0,-5442.5,-1088.5,-0.0,-18835.2,-627840.0,202076.3,-5442.5,1,0
12.4,482.753,594.1,82.753,0.0,22.382,-0.001,22.382,3.157,-0.088,0,-0.0,0.0,0.15,222000,222000.0,-0.0,0.0,-5607.2,-1121.4,-0.0,-18835.2,-627840.0,202043.4,-5607.2,1,0
12.5,485.011,594.1,85.011,0.0,22.713,-0.002,22.713,3.156,-0.09,0,-0.0,0.0,0.15,222000,222000.0,-0.0,0.0,-5774.4,-1154.9,-0.0,-18835.2,-627840.0,202009.9,-5774.4,1,0
12.6,487.301,594.1,87.301,0.0,23.043,-0.002,23.043,3.156,-0.093,0,-0.0,0.0,0.15,222000,222000.0,-0.0,0.0,-5944.0,-1188.8,-0.0,-18835.2,-627840.0,201976.0,-5944.0,1,0
12.7,489.625,594.1,89.625,0.0,23.373,-0.002,23.373,3.155,-0.096,0,-0.0,0.0,0.15,222000,222000.0,-0.0,0.0,-6116.0,-1223.2,-0.0,-18835.2,-627840.0,201941.6,-6116.0,1,0
12.8,491.982,594.1,91.982,0.0,23.704,-0.002,23.704,3.155,-0.098,0,-0.0,0.0,0.15,222000,222000.0,-0.0,0.0,-6290.4,-1258.1,-0.0,-18835.2,-627840.0,201906.7,-6290.4,1,0
12.9,494.372,594.1,94.372,0.0,24.034,-0.002,24.034,3.154,-0.101,0,-0.0,0.0,0.15,222000,222000.0,-0.0,0.0,-6467.3,-1293.5,-0.0,-18835.2,-627840.0,201871.3,-6467.3,1,0
13.0,496.794,594.1,96.794,0.0,24.364,-0.002,24.364,3.154,-0.104,0,-0.0,0.0,0.15,222000,222000.0,-0.0,0.0,-6646.6,-1329.3,-0.0,-18835.2,-627840.0,201835.5,-6646.6,1,0
13.1,499.25,594.1,99.25,0.0,24.694,-0.002,24.694,3.153,-0.107,0,-0.0,0.0,0.15,222000,222000.0,-0.0,0.0,-6828.3,-1365.7,-0.0,-18835.2,-627840.0,201799.1,-6828.3,1,0
13.2,501.739,594.1,101.739,0.0,25.024,-0.002,25.024,3.153,-0.11,0,-0.0,0.0,0.15,222000,222000.0,-0.0,0.0,-7012.4,-1402.5,-0.0,-18835.2,-627840.0,201762.3,-7012.4,1,0
13.3,504.261,594.1,104.261,0.0,25.354,-0.002,25.354,3.152,-0.112,0,-0.0,0.0,0.15,222000,222000.0,-0.0,0.0,-7198.9,-1439.8,-0.0,-18835.2,-627840.0,201725.0,-7198.9,1,0
13.4,506.815,594.1,106.815,0.0,25.684,-0.002,25.684,3.151,-0.115,0,-0.0,0.0,0.15,222000,222000.0,-0.0,0.0,-7387.8,-1477.6,-0.0,-18835.2,-627840.0,201687.2,-7387.8,1,0
13.5,509.403,594.1,109.403,0.0,26.014,-0.002,26.014,3.151,-0.118,0,-0.0,0.0,0.15,222000,222000.0,-0.0,0.0,-7579.2,-1515.8,-0.0,-18835.2,-627840.0,201649.0,-7579.2,1,0
13.6,512.024,594.1,112.024,0.0,26.343,-0.002,26.343,3.15,-0.121,0,-0.0,0.0,0.15,222000,222000.0,-0.0,0.0,-7773.0,-1554.6,-0.0,-18835.2,-627840.0,201610.2,-7773.0,1,0
13.7,514.678,594.1,114.678,0.0,26.673,-0.002,26.673,3.15,-0.125,0,-0.0,0.0,0.15,222000,222000.0,-0.0,0.0,-7969.2,-1593.8,-0.0,-18835.2,-627840.0,201571.0,-7969.2,1,0
13.8,517.364,594.1,117.364,0.0,27.003,-0.002,27.003,3.149,-0.128,0,-0.0,0.0,0.15,222000,222000.0,-0.0,0.0,-8167.7,-1633.5,-0.0,-18835.2,-627840.0,201531.3,-8167.7,1,0
13.9,520.084,594.1,120.084,0.0,27.332,-0.002,27.332,3.148,-0.131,0,-0.0,0.0,0.15,222000,222000.0,-0.0,0.0,-8368.7,-1673.7,-0.0,-18835.2,-627840.0,201491.1,-8368.7,1,0
14.0,522.836,594.1,122.836,0.0,27.662,-0.002,27.662,3.148,-0.134,0,-0.0,0.0,0.15,222000,222000.0,-0.0,0.0,-8572.1,-1714.4,-0.0,-18835.2,-627840.0,201450.4,-8572.1,1,0
14.1,525.622,594.1,125.622,0.0,27.991,-0.002,27.991,3.147,-0.137,0,-0.0,0.0,0.15,222000,222000.0,-0.0,0.0,-8777.9,-1755.6,-0.0,-18835.2,-627840.0,201409.2,-8777.9,1,0
14.2,528.44,594.1,128.44,0.0,28.321,-0.002,28.321,3.146,-0.14,0,-0.0,0.0,0.15,222000,222000.0,-0.0,0.0,-8986.1,-1797.2,-0.0,-18835.2,-627840.0,201367.6,-8986.1,1,0
14.3,531.292,594.1,131.292,0.0,28.65,-0.002,28.65,3.146,-0.144,0,-0.0,0.0,0.15,222000,222000.0,-0.0,0.0,-9196.7,-1839.3,-0.0,-18835.2,-627840.0,201325.5,-9196.7,1,0
14.4,534.176,594.1,134.176,0.0,28.979,-0.002,28.979,3.145,-0.147,0,-0.0,0.0,0.15,222000,222000.0,-0.0,0.0,-9409.7,-1881.9,-0.0,-18835.2,-627840.0,201282.9,-9409.7,1,0
14.5,537.093,594.1,137.093,0.0,29.308,-0.003,29.308,3.144,-0.15,0,-0.0,0.0,0.15,222000,222000.0,-0.0,0.0,-9625.1,-1925.0,-0.0,-18835.2,-627840.0,201239.8,-9625.1,1,0
14.6,540.044,594.1,140.044,0.0,29.637,-0.003,29.637,3.144,-0.154,0,-0.0,0.0,0.15,222000,222000.0,-0.0,0.0,-9842.9,-1968.6,-0.0,-18835.2,-627840.0,201196.2,-9842.9,1,0
14.7,543.027,594.1,143.027,0.0,29.966,-0.003,29.966,3.143,-0.157,0,-0.0,0.0,0.15,222000,222000.0,-0.0,0.0,-10063.1,-2012.6,-0.0,-18835.2,-627840.0,201152.2,-10063.1,1,0
14.8,546.043,594.1,146.043,0.0,30.295,-0.003,30.295,3.142,-0.161,0,-0.0,0.0,0.15,222000,222000.0,-0.0,0.0,-10285.6,-2057.1,-0.0,-18835.2,-627840.0,201107.7,-10285.6,1,0
14.9,549.091,594.1,149.091,0.0,30.624,-0.003,30.624,3.142,-0.164,0,-0.0,0.0,0.15,222000,222000.0,-0.0,0.0,-10510.6,-2102.1,-0.0,-18835.2,-627840.0,201062.7,-10510.6,1,0
15.0,552.173,594.1,152.173,0.0,30.953,-0.003,30.953,3.141,-0.168,0,-0.0,0.0,0.15,222000,222000.0,-0.0,0.0,-10737.9,-2147.6,-0.0,-18835.2,-627840.0,201017.2,-10737.9,1,0
15.1,555.288,594.1,155.288,0.0,31.282,-0.003,31.282,3.14,-0.171,0,-0.0,0.0,0.15,222000,222000.0,-0.0,0.0,-10967.6,-2193.5,-0.0,-18835.2,-627840.0,200971.3,-10967.6,1,0
15.2,558.435,594.1,158.435,0.0,31.611,-0.003,31.611,3.139,-0.175,0,-0.0,0.0,0.15,222000,222000.0,-0.0,0.0,-11199.7,-2239.9,-0.0,-18835.2,-627840.0,200924.9,-11199.7,1,0
15.3,561.616,594.1,161.616,0.0,31.939,-0.003,31.939,3.139,-0.179,0,-0.0,0.0,0.15,222000,222000.0,-0.0,0.0,-11434.1,-2286.8,-0.0,-18835.2,-627840.0,200878.0,-11434.1,1,0
15.4,564.829,594.1,164.829,0.0,32.268,-0.003,32.268,3.138,-0.182,0,-0.0,0.0,0.15,222000,222000.0,-0.0,0.0,-11671.0,-2334.2,-0.0,-18835.2,-627840.0,200830.6,-11671.0,1,0
15.5,568.075,594.1,168.075,0.0,32.596,-0.003,32.596,3.137,-0.186,0,-0.0,0.0,0.15,222000,222000.0,-0.0,0.0,-11910.2,-2382.0,-0.0,-18835.2,-627840.0,200782.8,-11910.2,1,0
15.6,571.354,594.1,171.354,0.0,32.925,-0.003,32.925,3.136,-0.19,0,-0.0,0.0,0.15,222000,222000.0,-0.0,0.0,-12151.8,-2430.4,-0.0,-18835.2,-627840.0,200734.4,-12151.8,1,0
15.7,574.665,594.1,174.665,0.0,33.253,-0.003,33.253,3.136,-0.194,0,-0.0,0.0,0.15,222000,222000.0,-0.0,0.0,-12395.8,-2479.2,-0.0,-18835.2,-627840.0,200685.6,-12395.8,1,0
15.8,578.01,594.1,178.01,0.0,33.581,-0.003,33.581,3.135,-0.198,0,-0.0,0.0,0.15,222000,222000.0,-0.0,0.0,-12642.1,-2528.4,-0.0,-18835.2,-627840.0,200636.4,-12642.1,1,0
15.9,581.387,594.1,181.387,0.0,33.909,-0.003,33.909,3.134,-0.201,0,-0.0,0.0,0.15,222000,222000.0,-0.0,0.0,-12890.8,-2578.2,-0.0,-18835.2,-627840.0,200586.6,-12890.8,1,0
16.0,584.798,594.1,184.798,0.0,34.237,-0.003,34.237,3.133,-0.205,0,-0.0,0.0,0.15,222000,222000.0,-0.0,0.0,-13141.8,-2628.4,-0.0,-18835.2,-627840.0,200536.4,-13141.8,1,0
16.1,588.241,594.1,188.241,0.0,34.565,-0.003,34.565,3.133,-0.209,0,-0.0,0.0,0.15,222000,222000.0,-0.0,0.0,-13395.2,-2679.0,-0.0,-18835.2,-627840.0,200485.8,-13395.2,1,0
16.2,591.716,594.1,191.716,0.0,34.893,-0.004,34.893,3.132,-0.213,0,-0.0,0.0,0.15,222000,222000.0,-0.0,0.0,-13651.0,-2730.2,-0.0,-18835.2,-627840.0,200434.6,-13651.0,1,0
16.3,595.225,594.1,195.225,0.0,35.221,-0.004,35.221,3.131,-0.217,0,-0.0,0.0,0.15,222000,222000.0,-0.0,0.0,-13909.1,-2781.8,-0.0,-18835.2,-627840.0,200383.0,-13909.1,1,0
16.4,598.766,594.1,198.766,0.0,35.549,-0.004,35.549,3.13,-0.221,0,-0.0,0.0,0.15,222000,222000.0,-0.0,0.0,-14169.6,-2833.9,-0.0,-18835.2,-627840.0,200330.9,-14169.6,1,0
16.5,602.341,594.1,202.341,0.0,35.877,-0.004,35.877,3.129,-0.226,0,-0.0,0.0,0.15,222000,222000.0,-0.0,0.0,-14432.4,-2886.5,-0.0,-18835.2,-627840.0,200278.3,-14432.4,1,0
16.6,605.947,594.1,205.947,0.0,36.204,-0.004,36.204,3.129,-0.23,0,-0.0,0.0,0.15,222000,222000.0,-0.0,0.0,-14697.6,-2939.5,-0.0,-18835.2,-627840.0,200225.3,-14697.6,1,0
16.7,609.587,594.1,209.587,0.0,36.532,-0.004,36.532,3.128,-0.234,0,-0.0,0.0,0.15,222000,222000.0,-0.0,0.0,-14965.1,-2993.0,-0.0,-18835.2,-627840.0,200171.8,-14965.1,1,0
16.8,613.259,594.1,213.259,0.0,36.859,-0.004,36.859,3.127,-0.238,0,-0.0,0.0,0.15,222000,222000.0,-0.0,0.0,-15235.0,-3047.0,-0.0,-18835.2,-627840.0,200117.8,-15235.0,1,0
16.9,616.965,594.1,216.965,0.0,37.187,-0.004,37.187,3.126,-0.242,0,-0.0,0.0,0.15,222000,222000.0,-0.0,0.0,-15507.2,-3101.4,-0.0,-18835.2,-627840.0,200063.4,-15507.2,1,0
17.0,620.702,594.1,220.702,0.0,37.514,-0.004,37.514,3.125,-0.247,0,-0.0,0.0,0.15,222000,222000.0,-0.0,0.0,-15781.7,-3156.3,-0.0,-18835.2,-627840.0,200008.5,-15781.7,1,0
17.1,624.473,594.1,224.473,0.0,37.841,-0.004,37.841,3.124,-0.251,0,-0.0,0.0,0.15,222000,222000.0,-0.0,0.0,-16058.6,-3211.7,-0.0,-18835.2,-627840.0,199953.1,-16058.6,1,0
17.2,628.276,594.1,228.276,0.0,38.168,-0.004,38.168,3.123,-0.255,0,-0.0,0.0,0.15,222000,222000.0,-0.0,0.0,-16337.8,-3267.6,-0.0,-18835.2,-627840.0,199897.2,-16337.8,1,0
17.3,632.112,594.1,232.112,0.0,38.495,-0.004,38.495,3.123,-0.26,0,-0.0,0.0,0.15,222000,222000.0,-0.0,0.0,-16619.4,-3323.9,-0.0,-18835.2,-627840.0,199840.9,-16619.4,1,0
17.4,635.981,594.1,235.981,0.0,38.822,-0.004,38.822,3.122,-0.264,0,-0.0,0.0,0.15,222000,222000.0,-0.0,0.0,-16903.2,-3380.6,-0.0,-18835.2,-627840.0,199784.2,-16903.2,1,0
17.5,639.882,594.1,239.882,0.0,39.149,-0.004,39.149,3.121,-0.269,0,-0.0,0.0,0.15,222000,222000.0,-0.0,0.0,-17189.4,-3437.9,-0.0,-18835.2,-627840.0,199726.9,-17189.4,1,0
17.6,643.817,594.1,243.817,0.0,39.476,-0.005,39.476,3.12,-0.273,0,-0.0,0.0,0.15,222000,222000.0,-0.0,0.0,-17478.0,-3495.6,-0.0,-18835.2,-627840.0,199669.2,-17478.0,1,0
17.7,647.783,594.1,247.783,0.0,39.802,-0.005,39.802,3.119,-0.278,0,-0.0,0.0,0.15,222000,222000.0,-0.0,0.0,-17768.8,-3553.8,-0.0,-18835.2,-627840.0,199611.0,-17768.8,1,0
17.8,651.783,594.1,251.783,0.0,40.129,-0.005,40.129,3.118,-0.282,0,-0.0,0.0,0.15,222000,222000.0,-0.0,0.0,-18062.0,-3612.4,-0.0,-18835.2,-627840.0,199552.4,-18062.0,1,0
17.9,655.815,594.1,255.815,0.0,40.455,-0.005,40.455,3.117,-0.287,0,-0.0,0.0,0.15,222000,222000.0,-0.0,0.0,-18357.4,-3671.5,-0.0,-18835.2,-627840.0,199493.3,-18357.4,1,0
18.0,659.879,594.1,259.879,0.0,40.782,-0.005,40.782,3.116,-0.291,0,-0.0,0.0,0.15,222000,222000.0,-0.0,0.0,-18655.2,-3731.0,-0.0,-18835.2,-627840.0,199433.8,-18655.2,1,0
18.1,663.977,594.1,263.977,0.0,41.108,-0.005,41.108,3.115,-0.296,0,-0.0,0.0,0.15,222000,222000.0,-0.0,0.0,-18955.3,-3791.1,-0.0,-18835.2,-627840.0,199373.7,-18955.3,1,0
18.2,668.107,594.1,268.107,0.0,41.434,-0.005,41.434,3.114,-0.301,0,-0.0,0.0,0.15,222000,222000.0,-0.0,0.0,-19257.7,-3851.5,-0.0,-18835.2,-627840.0,199313.3,-19257.7,1,0
18.3,672.269,594.1,272.269,0.0,41.76,-0.005,41.76,3.113,-0.306,0,-0.0,0.0,0.15,222000,222000.0,-0.0,0.0,-19562.4,-3912.5,-0.0,-18835.2,-627840.0,199252.3,-19562.4,1,0
18.4,676.464,594.1,276.464,0.0,42.086,-0.005,42.086,3.112,-0.31,0,-0.0,0.0,0.15,222000,222000.0,-0.0,0.0,-19869.4,-3973.9,-0.0,-18835.2,-627840.0,199190.9,-19869.4,1,0
18.5,680.692,594.1,280.692,0.0,42.412,-0.005,42.412,3.111,-0.315,0,-0.0,0.0,0.15,222000,222000.0,-0.0,0.0,-20178.7,-4035.7,-0.0,-18835.2,-627840.0,199129.1,-20178.7,1,0
18.6,684.952,594.1,284.952,0.0,42.738,-0.005,42.738,3.11,-0.32,0,-0.0,0.0,0.15,222000,222000.0,-0.0,0.0,-20490.3,-4098.1,-0.0,-18835.2,-627840.0,199066.7,-20490.3,1,0
18.7,689.245,594.1,289.245,0.0,43.064,-0.005,43.064,3.109,-0.325,0,-0.0,0.0,0.15,222000,222000.0,-0.0,0.0,-20804.2,-4160.8,-0.0,-18835.2,-627840.0,199004.0,-20804.2,1,0
18.8,693.571,594.1,293.571,0.0,43.389,-0.006,43.389,3.108,-0.33,0,-0.0,0.0,0.15,222000,222000.0,-0.0,0.0,-21120.4,-4224.1,-0.0,-18835.2,-627840.0,198940.7,-21120.4,1,0
18.9,697.929,594.1,297.929,0.0,43.715,-0.006,43.715,3.107,-0.335,0,-0.0,0.0,0.15,222000,222000.0,-0.0,0.0,-21438.9,-4287.8,-0.0,-18835.2,-627840.0,198877.0,-21438.9,1,0
19.0,702.319,594.1,302.319,0.0,44.04,-0.006,44.04,3.106,-0.34,0,-0.0,0.0,0.15,222000,222000.0,-0.0,0.0,-21759.7,-4351.9,-0.0,-18835.2,-627840.0,198812.9,-21759.7,1,0
19.1,706.743,594.1,306.743,0.0,44.365,-0.006,44.365,3.105,-0.345,0,-0.0,0.0,0.15,222000,222000.0,-0.0,0.0,-22082.7,-4416.5,-0.0,-18835.2,-627840.0,198748.3,-22082.7,1,0
19.2,711.198,594.1,311.198,0.0,44.691,-0.006,44.691,3.104,-0.35,0,-0.0,0.0,0.15,222000,222000.0,-0.0,0.0,-22408.0,-4481.6,-0.0,-18835.2,-627840.0,198683.2,-22408.0,1,0
19.3,715.686,594.1,315.686,0.0,45.016,-0.006,45.016,3.103,-0.355,0,-0.0,0.0,0.15,222000,222000.0,-0.0,0.0,-22735.6,-4547.1,-0.0,-18835.2,-627840.0,198617.7,-22735.6,1,0
19.4,720.207,594.1,320.207,0.0,45.341,-0.006,45.341,3.102,-0.36,0,-0.0,0.0,0.15,222000,222000.0,-0.0,0.0,-23065.5,-4613.1,-0.0,-18835.2,-627840.0,198551.7,-23065.5,1,0
19.5,724.76,594.1,324.76,0.0,45.665,-0.006,45.665,3.101,-0.366,0,-0.0,0.0,0.15,222000,222000.0,-0.0,0.0,-23397.6,-4679.5,-0.0,-18835.2,-627840.0,198485.3,-23397.6,1,0
19.6,729.346,594.1,329.346,0.0,45.99,-0.006,45.99,3.1,-0.371,0,-0.0,0.0,0.15,222000,222000.0,-0.0,0.0,-23732.0,-4746.4,-0.0,-18835.2,-627840.0,198418.4,-23732.0,1,0
19.7,733.964,594.1,333.964,0.0,46.315,-0.006,46.315,3.099,-0.376,0,-0.0,0.0,0.15,222000,222000.0,-0.0,0.0,-24068.7,-4813.7,-0.0,-18835.2,-627840.0,198351.1,-24068.7,1,0
19.8,738.614,594.1,338.614,0.0,46.64,-0.006,46.64,3.098,-0.381,0,-0.0,0.0,0.15,222000,222000.0,-0.0,0.0,-24407.6,-4881.5,-0.0,-18835.2,-627840.0,198283.3,-24407.6,1,0
19.9,743.297,594.1,343.297,0.0,46.964,-0.006,46.964,3.097,-0.387,0,-0.0,0.0,0.15,222000,222000.0,-0.0,0.0,-24748.8,-4949.8,-0.0,-18835.2,-627840.0,198215.0,-24748.8,1,0
20.0,748.013,594.1,348.013,0.0,47.288,-0.007,47.288,3.096,-0.392,0,-0.0,0.0,0.15,222000,222000.0,-0.0,0.0,-25092.2,-5018.4,-0.0,-18835.2,-627840.0,198146.4,-25092.2,1,0
20.1,752.761,594.1,352.761,0.0,47.613,-0.007,47.613,3.095,-0.397,0,-0.0,0.0,0.15,222000,222000.0,-0.0,0.0,-25437.9,-5087.6,-0.0,-18835.2,-627840.0,198077.2,-25437.9,1,0
20.2,757.541,594.1,357.541,0.0,47.937,-0.007,47.937,3.094,-0.403,0,-0.0,0.0,0.15,222000,222000.0,-0.0,0.0,-25785.8,-5157.2,-0.0,-18835.2,-627840.0,198007.6,-25785.8,1,0
20.3,762.354,594.1,362.354,0.0,48.261,-0.007,48.261,3.093,-0.408,0,-0.0,0.0,0.15,222000,222000.0,-0.0,0.0,-26136.0,-5227.2,-0.0,-18835.2,-627840.0,197937.6,-26136.0,1,0
20.4,767.199,594.1,367.199,0.0,48.585,-0.007,48.585,3.092,-0.414,0,-0.0,0.0,0.15,222000,222000.0,-0.0,0.0,-26488.4,-5297.7,-0.0,-18835.2,-627840.0,197867.1,-26488.4,1,0
20.5,772.076,594.1,372.076,0.0,48.909,-0.007,48.909,3.091,-0.419,0,-0.0,0.0,0.15,222000,222000.0,-0.0,0.0,-26843.1,-5368.6,-0.0,-18835.2,-627840.0,197796.2,-26843.1,1,0
20.6,776.986,594.1,376.986,0.0,49.232,-0.007,49.232,3.089,-0.425,0,-0.0,0.0,0.15,222000,222000.0,-0.0,0.0,-27200.0,-5440.0,-0.0,-18835.2,-627840.0,197724.8,-27200.0,1,0
20.7,781.928,594.1,381.928,0.0,49.556,-0.007,49.556,3.088,-0.431,0,-0.0,0.0,0.15,222000,222000.0,-0.0,0.0,-27559.1,-5511.8,-0.0,-18835.2,-627840.0,197653.0,-27559.1,1,0
20.8,786.903,594.1,386.903,0.0,49.879,-0.007,49.879,3.087,-0.436,0,-0.0,0.0,0.15,222000,222000.0,-0.0,0.0,-27920.5,-5584.1,-0.0,-18835.2,-627840.0,197580.7,-27920.5,1,0
20.9,791.91,594.1,391.91,0.0,50.203,-0.007,50.203,3.086,-0.442,0,-0.0,0.0,0.15,222000,222000.0,-0.0,0.0,-28284.1,-5656.8,-0.0,-18835.2,-627840.0,197508.0,-28284.1,1,0
21.0,796.949,594.1,396.949,0.0,50.526,-0.007,50.526,3.085,-0.448,0,-0.0,0.0,0.15,222000,222000.0,-0.0,0.0,-28649.9,-5730.0,-0.0,-18835.2,-627840.0,197434.8,-28649.9,1,0
21.1,802.021,594.1,402.021,0.0,50.849,-0.008,50.849,3.084,-0.453,0,-0.0,0.0,0.15,222000,222000.0,-0.0,0.0,-29017.9,-5803.6,-0.0,-18835.2,-627840.0,197361.2,-29017.9,1,0
21.2,807.124,594.1,407.124,0.0,51.172,-0.008,51.172,3.083,-0.459,0,-0.0,0.0,0.15,222000,222000.0,-0.0,0.0,-29388.2,-5877.6,-0.0,-18835.2,-627840.0,197287.2,-29388.2,1,0
21.3,812.261,594.1,412.261,0.0,51.495,-0.008,51.495,3.081,-0.465,0,-0.0,0.0,0.15,222000,222000.0,-0.0,0.0,-29760.6,-5952.1,-0.0,-18835.2,-627840.0,197212.7,-29760.6,1,0
21.4,817.429,594.1,417.429,0.0,51.818,-0.008,51.818,3.08,-0.471,0,-0.0,0.0,0.15,222000,222000.0,-0.0,0.0,-30135.3,-6027.1,-0.0,-18835.2,-627840.0,197137.7,-30135.3,1,0
21.5,822.63,594.1,422.63,0.0,52.14,-0.008,52.14,3.079,-0.477,0,-0.0,0.0,0.15,222000,222000.0,-0.0,0.0,-30512.2,-6102.4,-0.0,-18835.2,-627840.0,197062.4,-30512.2,1,0
21.6,827.863,594.1,427.863,0.0,52.463,-0.008,52.463,3.078,-0.483,0,-0.0,0.0,0.15,222000,222000.0,-0.0,0.0,-30891.2,-6178.2,-0.0,-18835.2,-627840.0,196986.6,-30891.2,1,0
21.7,833.128,594.1,433.128,0.0,52.785,-0.008,52.785,3.077,-0.489,0,-0.0,0.0,0.15,222000,222000.0,-0.0,0.0,-31272.5,-6254.5,-0.0,-18835.2,-627840.0,196910.3,-31272.5,1,0
21.8,838.426,594.1,438.426,0.0,53.108,-0.008,53.108,3.076,-0.495,0,-0.0,0.0,0.15,222000,222000.0,-0.0,0.0,-31656.0,-6331.2,-0.0,-18835.2,-627840.0,196833.6,-31656.0,1,0
21.9167,844.647,594.102,444.647,-0.002,53.486,0.147,53.486,3.368,9.311,0,0.01,-0.01,0.1492,222000,222000.0,-0.0,-5.0,-31930.8,-6420.6,1.0,-0.0,0.0,215574.4,595910.2,0,0
22.0167,850.014,594.102,450.014,-0.002,53.808,0.147,53.808,3.367,9.305,0,0.01,-0.01,0.1492,222000,222000.0,-0.0,-5.1,-32315.9,-6498.3,1.0,-0.0,0.0,215496.6,595525.1,0,0
22.1167,855.413,594.102,455.413,-0.002,54.13,0.146,54.13,3.366,9.299,0,0.01,-0.01,0.1492,222000,222000.0,-0.0,-5.2,-32703.1,-6576.4,1.0,-0.0,0.0,215418.5,595137.9,0,0
22.2167,860.845,594.102,460.845,-0.002,54.452,0.146,54.452,3.365,9.293,0,0.01,-0.01,0.1492,222000,222000.0,-0.0,-5.3,-33092.5,-6654.9,1.1,-0.0,0.0,215339.9,594748.6,0,0
22.3167,866.309,594.102,466.309,-0.002,54.774,0.146,54.774,3.363,9.287,0,0.01,-0.01,0.1492,222000,222000.0,-0.0,-5.4,-33484.0,-6733.8,1.1,-0.0,0.0,215260.8,594357.1,0,0
22.4167,871.805,594.102,471.805,-0.002,55.095,0.146,55.095,3.362,9.281,0,0.01,-0.01,0.1492,222000,222000.0,-0.0,-5.5,-33877.6,-6813.2,1.1,-0.0,0.0,215181.3,593963.5,0,0
22.5167,877.333,594.102,477.333,-0.002,55.417,0.146,55.417,3.361,9.274,0,0.01,-0.01,0.1492,222000,222000.0,-0.0,-5.5,-34273.4,-6893.0,1.1,-0.0,0.0,215101.4,593567.8,0,0
22.6167,882.893,594.102,482.893,-0.002,55.738,0.145,55.738,3.36,9.268,0,0.01,-0.01,0.1492,222000,222000.0,-0.0,-5.6,-34671.3,-6973.3,1.1,-0.0,0.0,215021.1,593169.9,0,0
22.7167,888.486,594.102,488.486,-0.002,56.059,0.145,56.059,3.358,9.262,0,0.01,-0.01,0.1492,222000,222000.0,-0.0,-5.7,-35071.3,-7054.0,1.2,-0.0,0.0,214940.3,592769.9,0,0
22.8167,894.11,594.102,494.11,-0.002,56.38,0.145,56.38,3.357,9.256,0,0.01,-0.01,0.1492,222000,222000.0,-0.0,-5.8,-35473.4,-7135.1,1.2,-0.0,0.0,214859.1,592367.7,0,0
22.9167,899.767,594.102,499.767,-0.002,56.701,0.145,56.701,3.356,9.249,0,0.01,-0.01,0.1491,222000,222000.0,-0.0,-5.9,-35877.7,-7216.6,1.2,-0.0,0.0,214777.4,591963.5,0,0
23.0167,905.455,594.102,505.455,-0.002,57.022,0.145,57.022,3.355,9.243,0,0.01,-0.01,0.1491,222000,222000.0,-0.0,-6.0,-36284.1,-7298.6,1.2,-0.0,0.0,214695.4,591557.1,0,0
23.1167,911.176,594.102,511.176,-0.002,57.343,0.144,57.343,3.353,9.237,0,0.01,-0.01,0.1491,222000,222000.0,-0.0,-6.1,-36692.6,-7381.0,1.2,-0.0,0.0,214612.9,591148.7,0,0
23.2167,916.929,594.102,516.929,-0.002,57.663,0.144,57.663,3.352,9.23,0,0.01,-0.01,0.1491,222000,222000.0,-0.0,-6.2,-37103.2,-7463.8,1.3,-0.0,0.0,214529.9,590738.1,0,0
23.3167,922.714,594.102,522.714,-0.002,57.983,0.144,57.984,3.351,9.224,0,0.01,-0.01,0.1491,222000,222000.0,-0.0,-6.4,-37515.9,-7547.1,1.3,-0.0,0.0,214446.5,590325.4,0,0
23.4167,928.531,594.102,528.531,-0.002,58.304,0.144,58.304,3.349,9.217,0,0.01,-0.01,0.1491,222000,222000.0,-0.0,-6.5,-37930.7,-7630.8,1.3,-0.0,0.0,214362.7,589910.6,0,0
23.5167,934.38,594.102,534.38,-0.002,58.624,0.143,58.624,3.348,9.211,0,0.01,-0.01,0.1491,222000,222000.0,-0.0,-6.6,-38347.6,-7714.9,1.3,-0.0,0.0,214278.5,589493.8,0,0
23.6167,940.261,594.102,540.261,-0.002,58.944,0.143,58.944,3.347,9.204,0,0.01,-0.01,0.1491,222000,222000.0,-0.0,-6.7,-38766.5,-7799.5,1.3,-0.0,0.0,214193.9,589074.8,0,0
23.7167,946.174,594.102,546.174,-0.002,59.264,0.143,59.264,3.345,9.198,0,0.01,-0.01,0.1491,222000,222000.0,-0.0,-6.8,-39187.6,-7884.4,1.4,-0.0,0.0,214108.8,588653.7,0,0
23.8167,952.119,594.102,552.119,-0.002,59.584,0.143,59.584,3.344,9.191,0,0.01,-0.01,0.1491,222000,222000.0,-0.0,-6.9,-39610.8,-7969.8,1.4,-0.0,0.0,214023.3,588230.6,0,0
23.9167,958.095,594.102,558.095,-0.002,59.903,0.143,59.903,3.343,9.184,0,0.01,-0.01,0.1491,222000,222000.0,-0.0,-7.0,-40036.0,-8055.7,1.4,-0.0,0.0,213937.3,587805.4,0,0
24.0167,964.104,594.102,564.104,-0.002,60.223,0.142,60.223,3.341,9.178,0,0.01,-0.01,0.1491,222000,222000.0,-0.0,-7.1,-40463.3,-8141.9,1.4,-0.0,0.0,213851.0,587378.1,0,0
24.1167,970.145,594.102,570.145,-0.002,60.542,0.142,60.542,3.34,9.171,0,0.01,-0.01,0.1491,222000,222000.0,-0.0,-7.2,-40892.7,-8228.6,1.5,-0.0,0.0,213764.2,586948.7,0,0
24.2167,976.218,594.102,576.218,-0.002,60.861,0.142,60.861,3.339,9.164,0,0.01,-0.01,0.1491,222000,222000.0,-0.0,-7.3,-41324.2,-8315.7,1.5,-0.0,0.0,213677.0,586517.3,0,0
24.3167,982.322,594.102,582.322,-0.002,61.18,0.142,61.181,3.337,9.158,0,0.01,-0.01,0.1491,222000,222000.0,-0.0,-7.5,-41757.7,-8403.2,1.5,-0.0,0.0,213589.4,586083.8,0,0
24.4167,988.459,594.102,588.459,-0.002,61.499,0.141,61.499,3.336,9.151,0,0.01,-0.01,0.1491,222000,222000.0,-0.0,-7.6,-42193.3,-8491.1,1.5,-0.0,0.0,213501.3,585648.2,0,0
24.5167,994.627,594.102,594.627,-0.002,61.818,0.141,61.818,3.335,9.144,0,0.01,-0.01,0.1491,222000,222000.0,-0.0,-7.7,-42630.9,-8579.4,1.5,-0.0,0.0,213412.9,585210.6,0,0
24.6167,1000.828,594.102,600.828,-0.002,62.137,0.141,62.137,3.333,9.137,0,0.01,-0.01,0.1491,222000,222000.0,-0.0,-7.8,-43070.6,-8668.2,1.6,-0.0,0.0,213324.0,584771.0,0,0
24.7167,1007.06,594.102,607.06,-0.002,62.455,0.141,62.455,3.332,9.13,0,0.01,-0.01,0.1491,222000,222000.0,-0.0,-7.9,-43512.3,-8757.4,1.6,-0.0,0.0,213234.7,584329.3,0,0
24.8167,1013.324,594.102,613.324,-0.002,62.774,0.141,62.774,3.33,9.123,0,0.01,-0.01,0.1491,222000,222000.0,-0.0,-8.1,-43956.1,-8847.0,1.6,-0.0,0.0,213144.9,583885.5,0,0
24.9167,1019.62,594.102,619.62,-0.002,63.092,0.14,63.092,3.329,9.116,0,0.01,-0.01,0.149,222000,222000.0,-0.0,-8.2,-44401.9,-8937.0,1.6,-0.0,0.0,213054.8,583439.7,0,0
25.0167,1025.947,594.102,625.947,-0.002,63.41,0.14,63.41,3.328,9.109,0,0.01,-0.01,0.149,222000,222000.0,-0.0,-8.3,-44849.8,-9027.4,1.7,-0.0,0.0,212964.2,582991.9,0,0
25.1167,1032.307,594.102,632.307,-0.002,63.728,0.14,63.728,3.326,9.102,0,0.01,-0.01,0.149,222000,222000.0,-0.0,-8.4,-45299.7,-9118.3,1.7,-0.0,0.0,212873.3,582542.0,0,0
25.2167,1038.698,594.102,638.698,-0.002,64.046,0.14,64.046,3.325,9.095,0,0.01,-0.01,0.149,222000,222000.0,-0.0,-8.6,-45751.6,-9209.6,1.7,-0.0,0.0,212781.9,582090.1,0,0
25.3167,1045.121,594.102,645.121,-0.002,64.364,0.139,64.364,3.323,9.088,0,0.01,-0.01,0.149,222000,222000.0,-0.0,-8.7,-46205.5,-9301.2,1.7,-0.0,0.0,212690.1,581636.2,0,0
25.4167,1051.576,594.102,651.576,-0.002,64.681,0.139,64.681,3.322,9.081,0,0.01,-0.01,0.149,222000,222000.0,-0.0,-8.8,-46661.5,-9393.3,1.8,-0.0,0.0,212597.9,581180.3,0,0
25.5167,1058.062,594.102,658.062,-0.002,64.998,0.139,64.999,3.32,9.074,0,0.01,-0.01,0.149,222000,222000.0,-0.0,-8.9,-47119.5,-9485.8,1.8,-0.0,0.0,212505.2,580722.3,0,0
25.6167,1064.58,594.102,664.58,-0.002,65.316,0.139,65.316,3.319,9.067,0,0.01,-0.01,0.149,222000,222000.0,-0.0,-9.1,-47579.5,-9578.7,1.8,-0.0,0.0,212412.2,580262.4,0,0
25.7167,1071.13,594.102,671.13,-0.002,65.633,0.138,65.633,3.317,9.059,0,0.01,-0.01,0.149,222000,222000.0,-0.0,-9.2,-48041.5,-9672.0,1.9,-0.0,0.0,212318.7,579800.4,0,0
25.8167,1077.712,594.102,677.712,-0.002,65.95,0.138,65.95,3.316,9.052,0,0.01,-0.01,0.149,222000,222000.0,-0.0,-9.3,-48505.5,-9765.8,1.9,-0.0,0.0,212224.9,579336.4,0,0
25.9167,1084.325,594.102,684.325,-0.002,66.267,0.138,66.267,3.315,9.045,0,0.01,-0.01,0.149,222000,222000.0,-0.0,-9.5,-48971.4,-9859.9,1.9,-0.0,0.0,212130.6,578870.5,0,0
26.0167,1090.97,594.102,690.97,-0.002,66.583,0.138,66.583,3.313,9.038,0,0.01,-0.01,0.149,222000,222000.0,-0.0,-9.6,-49439.4,-9954.5,1.9,-0.0,0.0,212035.9,578402.5,0,0
26.1167,1097.647,594.101,697.647,-0.001,66.899,0.076,66.899,3.302,6.915,4,0.03,3.97,0.5069,222000,221459.2,-15485.9,-100.6,-169815.8,-10049.4,6.0,-0.0,0.0,211309.2,442544.3,0,0
26.2167,1104.355,594.099,704.355,0.001,67.217,0.047,67.217,3.256,3.665,10,0.01,9.99,1.0489,222000,218627.3,-38549.9,-72.9,-354732.2,-10145.4,2.1,-0.0,0.0,208409.0,234560.0,0,0
26.3167,1111.095,594.097,711.095,0.003,67.536,0.05,67.536,3.234,2.524,12,-0.01,12.01,1.2306,222000,217148.8,-46156.4,51.7,-420137.7,-10242.0,-1.3,-0.0,0.0,206958.5,161544.7,0,0
26.4167,1117.868,594.096,717.868,0.004,67.854,0.004,67.854,3.228,2.481,12,0.03,11.97,1.2271,222000,217148.8,-46156.4,-235.8,-422899.9,-10338.8,5.8,-0.0,0.0,206574.1,158789.5,0,0
26.5167,1124.672,594.096,724.672,0.004,68.172,-0.041,68.172,3.222,2.437,12,0.07,11.93,1.2238,222000,217148.8,-46156.4,-512.7,-425718.1,-10436.1,12.6,-0.0,0.0,206200.0,155978.0,0,0
26.6167,1131.508,594.098,731.508,0.002,68.49,-0.125,68.49,2.934,-7.47,12,-0.0,12.0,1.23,222000,217148.8,-46156.4,0.0,-431946.8,-10535.3,-0.0,-18835.2,-627840.0,187778.3,-478103.2,1,0
26.7167,1138.375,594.099,738.375,0.001,68.813,0.107,68.813,3.234,2.248,12,-0.06,12.06,1.2352,222000,217148.8,-46156.4,442.5,-437810.9,-10633.3,-10.7,-0.0,0.0,206958.0,143861.9,0,0
26.8167,1145.275,594.096,745.275,0.004,69.13,0.025,69.13,3.224,2.219,12,0.01,11.99,1.2291,222000,217148.8,-46156.4,-78.4,-439671.2,-10731.7,1.9,-0.0,0.0,206338.7,142014.3,0,0
26.9167,1152.207,594.095,752.207,0.005,69.448,-0.054,69.448,3.215,2.189,12,0.07,11.93,1.2233,222000,217148.8,-46156.4,-575.4,-441630.8,-10830.6,14.1,-0.0,0.0,205742.8,140066.9,0,0
27.0167,1159.17,594.102,759.17,-0.002,69.77,0.156,69.77,3.234,2.034,12,-0.1,12.1,1.239,222000,217148.8,-46156.4,789.9,-451478.4,-10931.5,-19.1,-0.0,0.0,207007.2,130186.1,0,0
27.1167,1166.166,594.096,766.166,0.004,70.087,0.043,70.087,3.222,2.018,12,-0.01,12.01,1.2307,222000,217148.8,-46156.4,63.6,-452541.1,-11031.1,-1.6,-0.0,0.0,206181.3,129140.9,0,0
27.2167,1173.193,594.095,773.193,0.005,70.404,-0.063,70.404,3.209,1.999,12,0.08,11.92,1.2229,222000,217148.8,-46156.4,-624.2,-453750.0,-11131.3,15.3,-0.0,0.0,205393.3,127948.9,0,0
27.3167,1180.252,594.1,780.252,-0.0,70.726,0.128,70.726,3.227,1.851,12,-0.08,12.08,1.2371,222000,217148.8,-46156.4,635.2,-463213.3,-11233.3,-15.4,-0.0,0.0,206550.7,118454.9,0,0
27.4167,1187.343,594.095,787.343,0.005,71.042,0.024,71.042,3.215,1.831,12,0.0,12.0,1.2296,222000,217148.8,-46156.4,-39.5,-464532.0,-11334.1,1.0,-0.0,0.0,205775.2,117152.6,0,0
27.5167,1194.466,594.096,794.466,0.004,71.359,-0.104,71.359,3.201,1.821,12,0.11,11.89,1.2203,222000,217148.8,-46156.4,-873.8,-465166.6,-11435.6,21.5,-0.0,0.0,204839.3,116538.5,0,0
27.6167,1201.62,594.096,801.62,0.004,71.68,0.07,71.68,3.217,1.678,12,-0.03,12.03,1.233,222000,217148.8,-46156.4,279.2,-474253.5,-11538.7,-6.8,-0.0,0.0,205889.3,107423.3,0,0
27.7167,1208.807,594.095,808.807,0.005,71.996,-0.08,71.997,3.2,1.678,12,0.09,11.91,1.2223,222000,217148.8,-46156.4,-709.3,-474285.9,-11640.9,17.4,-0.0,0.0,204798.5,107415.1,0,0
27.8167,1216.025,594.096,816.025,0.004,72.317,0.08,72.317,3.215,1.541,12,-0.04,12.04,1.2339,222000,217148.8,-46156.4,364.1,-483063.5,-11744.9,-8.9,-0.0,0.0,205768.0,98611.3,0,0
27.9167,1223.275,594.093,823.275,0.007,72.633,-0.06,72.633,3.199,1.537,12,0.07,11.93,1.2239,222000,217148.8,-46156.4,-570.3,-483359.3,-11847.9,14.0,-0.0,0.0,204730.6,98338.3,0,0
28.0167,1230.557,594.096,830.557,0.004,72.954,0.086,72.954,3.213,1.404,12,-0.05,12.05,1.2344,222000,217148.8,-46156.4,421.4,-491821.4,-11952.7,-10.2,-0.0,0.0,205617.4,89852.0,0,0
28.1167,1237.871,594.093,837.871,0.007,73.269,-0.069,73.269,3.195,1.406,12,0.07,11.93,1.2235,222000,217148.8,-46156.4,-619.5,-491703.6,-12056.4,15.2,-0.0,0.0,204472.9,89995.2,0,0
28.2167,1245.217,594.094,845.217,0.006,73.589,0.064,73.589,3.207,1.278,12,-0.03,12.03,1.233,222000,217148.8,-46156.4,292.4,-499867.5,-12162.1,-7.1,-0.0,0.0,205279.1,81809.0,0,0
28.3167,1252.594,594.096,852.594,0.004,73.905,-0.121,73.905,3.186,1.294,12,0.11,11.89,1.22,222000,217148.8,-46156.4,-964.8,-498863.8,-12266.9,23.7,-0.0,0.0,203917.2,82843.6,0,0
28.4167,1260.003,594.091,860.003,0.009,74.224,0.001,74.224,3.198,1.171,12,0.01,11.99,1.2287,222000,217148.8,-46156.4,-126.9,-506763.6,-12373.1,3.1,-0.0,0.0,204648.8,74923.1,0,0
28.5167,1267.444,594.097,867.444,0.003,74.545,0.111,74.545,3.208,1.051,12,-0.07,12.07,1.2365,222000,217148.8,-46156.4,645.6,-514378.4,-12480.1,-15.7,-0.0,0.0,205314.2,67289.5,0,0
28.6167,1274.917,594.092,874.917,0.008,74.859,-0.091,74.859,3.185,1.076,12,0.08,11.92,1.2225,222000,217148.8,-46156.4,-747.4,-512869.5,-12585.9,18.3,-0.0,0.0,203815.5,68832.4,0,0
28.7167,1282.422,594.089,882.422,0.011,75.178,0.01,75.178,3.194,0.96,12,0.0,12.0,1.2296,222000,217148.8,-46156.4,-43.7,-520246.7,-12693.4,1.1,-0.0,0.0,204411.7,61438.0,0,0
28.8167,1289.958,594.095,889.958,0.005,75.498,0.099,75.498,3.202,0.849,12,-0.06,12.06,1.2358,222000,217148.8,-46156.4,594.3,-527349.5,-12801.7,-14.4,-0.0,0.0,204941.3,54319.7,0,0
28.9167,1297.526,594.093,897.526,0.007,75.813,-0.12,75.813,3.177,0.881,12,0.1,11.9,1.2208,222000,217148.8,-46156.4,-932.6,-525320.9,-12908.8,22.9,-0.0,0.0,203307.4,56385.7,0,0
29.0167,1305.126,594.086,905.126,0.014,76.131,-0.038,76.131,3.184,0.773,12,0.04,11.96,1.2265,222000,217148.8,-46156.4,-356.2,-532213.7,-13017.3,8.7,-0.0,0.0,203775.2,49478.6,0,0
29.1167,1312.758,594.087,912.758,0.013,76.449,0.033,76.449,3.19,0.669,12,-0.02,12.02,1.2315,222000,217148.8,-46156.4,155.4,-538842.5,-13126.6,-3.8,-0.0,0.0,204177.6,42837.3,0,0
29.2167,1320.421,594.094,920.421,0.006,76.769,0.094,76.769,3.196,0.57,12,-0.06,12.06,1.2357,222000,217148.8,-46156.4,602.5,-545213.9,-13236.6,-14.6,-0.0,0.0,204514.7,36455.0,0,0
29.3167,1328.117,594.095,928.117,0.005,77.083,-0.144,77.083,3.167,0.612,12,0.11,11.89,1.2197,222000,217148.8,-46156.4,-1087.0,-542564.5,-13345.4,26.7,-0.0,0.0,202716.4,39145.8,0,0
29.4167,1335.844,594.084,935.844,0.016,77.4,-0.089,77.4,3.172,0.515,12,0.07,11.93,1.2235,222000,217148.8,-46156.4,-689.9,-548763.9,-13455.4,16.9,-0.0,0.0,203003.5,32936.6,0,0
29.5167,1343.602,594.078,943.602,0.022,77.717,-0.043,77.717,3.175,0.422,12,0.04,11.96,1.2267,222000,217148.8,-46156.4,-354.9,-554715.6,-13566.0,8.7,-0.0,0.0,203227.8,26976.7,0,0
29.6167,1351.392,594.076,951.392,0.024,78.035,-0.006,78.035,3.178,0.332,12,0.01,11.99,1.2293,222000,217148.8,-46156.4,-81.1,-560426.2,-13677.2,2.0,-0.0,0.0,203390.4,21259.4,0,0
29.7167,1359.214,594.077,959.214,0.023,78.353,0.022,78.353,3.18,0.247,12,-0.01,12.01,1.2312,222000,217148.8,-46156.4,132.5,-565902.3,-13789.0,-3.2,-0.0,0.0,203492.3,15778.1,0,0
29.8167,1367.068,594.08,967.068,0.02,78.671,0.042,78.671,3.18,0.164,12,-0.03,12.03,1.2326,222000,217148.8,-46156.4,287.2,-571150.4,-13901.2,-7.0,-0.0,0.0,203534.8,10526.2,0,0
29.9167,1374.954,594.085,974.954,0.015,78.989,0.054,78.989,3.18,0.086,12,-0.04,12.04,1.2334,222000,217148.8,-46156.4,384.5,-576176.9,-14013.9,-9.4,-0.0,0.0,203519.4,5497.4,0,0
30.0167,1382.871,594.091,982.871,0.009,79.307,0.058,79.307,3.179,0.011,12,-0.04,12.04,1.2338,222000,217148.8,-46156.4,426.0,-580987.9,-14127.0,-10.4,-0.0,0.0,203447.8,685.4,0,0
30.1167,1390.821,594.097,990.821,0.003,79.625,0.055,79.625,3.177,-0.061,12,-0.04,12.04,1.2336,222000,217148.8,-46156.4,413.3,-585589.6,-14240.5,-10.1,-0.0,0.0,203321.5,-3916.0,0,0
30.2167,1398.801,594.094,998.801,0.006,79.937,-0.166,79.937,3.15,-0.026,12,0.12,11.88,1.2193,222000,217148.8,-46156.4,-1205.5,-583361.1,-14352.7,29.7,-0.0,0.0,201590.6,-1647.9,0,0
30.3167,1406.813,594.078,1006.813,0.022,80.252,-0.172,80.252,3.147,-0.095,12,0.12,11.88,1.219,222000,217148.8,-46156.4,-1250.3,-587818.9,-14466.0,30.8,-0.0,0.0,201432.4,-6104.5,0,0
30.4167,1414.857,594.06,1014.857,0.04,80.566,-0.186,80.566,3.144,-0.162,12,0.13,11.87,1.2183,222000,217148.8,-46156.4,-1345.1,-592076.9,-14579.8,33.1,-0.0,0.0,201223.9,-10360.1,0,0
30.5167,1422.932,594.04,1022.932,0.06,80.88,-0.206,80.881,3.14,-0.225,12,0.14,11.86,1.2171,222000,217148.8,-46156.4,-1488.2,-596141.2,-14693.8,36.7,-0.0,0.0,200966.8,-14420.9,0,0
30.6167,1431.038,594.018,1031.038,0.082,81.194,-0.232,81.194,3.135,-0.286,12,0.16,11.84,1.2156,222000,217148.8,-46156.4,-1677.5,-600017.7,-14808.1,41.4,-0.0,0.0,200663.2,-18292.7,0,0
30.7167,1439.176,593.993,1039.176,0.107,81.507,-0.264,81.508,3.13,-0.343,12,0.18,11.82,1.2137,222000,217148.8,-46156.4,-1911.1,-603712.2,-14922.7,47.2,-0.0,0.0,200314.9,-21981.3,0,0
30.8167,1447.345,593.964,1047.345,0.136,81.82,-0.301,81.821,3.124,-0.398,12,0.21,11.79,1.2114,222000,217148.8,-46156.4,-2187.1,-607230.5,-15037.6,54.2,-0.0,0.0,199924.1,-25492.7,0,0
30.9167,1455.545,593.932,1055.545,0.168,82.132,-0.344,82.133,3.117,-0.451,12,0.23,11.77,1.2089,222000,217148.8,-46156.4,-2503.4,-610578.1,-15152.6,62.1,-0.0,0.0,199492.7,-28832.4,0,0
31.0167,1463.776,593.895,1063.776,0.205,82.443,-0.392,82.444,3.11,-0.5,12,0.27,11.73,1.206,222000,217148.8,-46156.4,-2858.1,-613760.7,-15267.8,71.1,-0.0,0.0,199022.8,-32006.0,0,0
31.1167,1472.039,593.852,1072.039,0.248,82.754,-0.445,82.755,3.102,-0.547,12,0.3,11.7,1.2028,222000,217148.8,-46156.4,-3249.2,-616783.5,-15383.2,81.0,-0.0,0.0,198516.4,-35018.9,0,0
31.2167,1480.332,593.805,1080.332,0.295,83.063,-0.502,83.065,3.093,-0.592,12,0.34,11.66,1.1994,222000,217148.8,-46156.4,-3674.6,-619652.0,-15498.8,91.9,-0.0,0.0,197975.4,-37876.5,0,0
31.3167,1488.657,593.751,1088.657,0.349,83.372,-0.564,83.374,3.084,-0.634,12,0.38,11.62,1.1958,222000,217148.8,-46156.4,-4132.4,-622371.4,-15614.4,103.7,-0.0,0.0,197402.0,-40584.1,0,0
31.4167,1497.012,593.691,1097.012,0.409,83.68,-0.63,83.683,3.075,-0.674,12,0.42,11.58,1.1919,222000,217148.8,-46156.4,-4620.7,-624946.7,-15730.2,116.3,-0.0,0.0,196797.9,-43146.8,0,0
31.5167,1505.398,593.624,1105.398,0.476,83.987,-0.699,83.99,3.065,-0.712,12,0.47,11.53,1.1878,222000,217148.8,-46156.4,-5137.5,-627383.1,-15846.0,129.8,-0.0,0.0,196165.2,-45569.7,0,0
31.6167,1513.814,593.55,1113.814,0.55,84.293,-0.773,84.297,3.055,-0.748,12,0.52,11.48,1.1835,222000,217148.8,-46156.4,-5681.1,-629685.4,-15961.9,144.0,-0.0,0.0,195505.7,-47857.7,0,0
31.7167,1522.262,593.468,1122.262,0.632,84.598,-0.849,84.602,3.044,-0.781,12,0.57,11.43,1.179,222000,217148.8,-46156.4,-6249.6,-631858.4,-16077.8,159.0,-0.0,0.0,194821.3,-50015.8,0,0
31.8167,1530.739,593.378,1130.739,0.722,84.902,-0.929,84.907,3.033,-0.813,12,0.62,11.38,1.1744,222000,217148.8,-46156.4,-6841.3,-633906.9,-16193.8,174.8,-0.0,0.0,194113.7,-52048.5,0,0
31.9167,1539.247,593.281,1139.247,0.819,85.204,-1.012,85.21,3.022,-0.843,12,0.67,11.33,1.1695,222000,217148.8,-46156.4,-7454.3,-635835.5,-16309.8,191.2,-0.0,0.0,193384.7,-53960.7,0,0
32.0167,1547.785,593.174,1147.785,0.926,85.506,-1.098,85.513,3.01,-0.871,12,0.73,11.27,1.1646,222000,217148.8,-46156.4,-8087.2,-637648.7,-16425.7,208.3,-0.0,0.0,192635.9,-55756.7,0,0
32.1167,1556.353,593.059,1156.353,1.041,85.806,-1.187,85.814,2.998,-0.898,12,0.78,11.22,1.1595,222000,217148.8,-46156.4,-8738.1,-639350.8,-16541.7,226.1,-0.0,0.0,191869.0,-57441.2,0,0
32.2167,1564.951,592.935,1164.951,1.165,86.105,-1.278,86.115,2.986,-0.922,12,0.84,11.16,1.1543,222000,217148.8,-46156.4,-9405.7,-640946.3,-16657.6,244.4,-0.0,0.0,191085.5,-59018.3,0,0
32.3167,1573.579,592.802,1173.579,1.298,86.403,-1.372,86.414,2.973,-0.945,12,0.9,11.1,1.149,222000,217148.8,-46156.4,-10088.4,-642439.3,-16773.4,263.4,-0.0,0.0,190287.0,-60492.3,0,0
32.4167,1582.237,592.659,1182.237,1.441,86.7,-1.468,86.712,2.961,-0.967,12,0.96,11.04,1.1436,222000,217148.8,-46156.4,-10784.7,-643833.9,-16889.2,282.9,-0.0,0.0,189474.9,-61867.4,0,0
32.5167,1590.924,592.507,1190.924,1.593,86.995,-1.565,87.009,2.948,-0.987,12,1.02,10.98,1.1381,222000,217148.8,-46156.4,-11493.3,-645134.0,-17004.9,302.9,-0.0,0.0,188650.6,-63147.5,0,0
32.6167,1599.64,592.345,1199.64,1.755,87.289,-1.665,87.305,2.935,-1.005,12,1.08,10.92,1.1326,222000,217148.8,-46156.4,-12212.8,-646343.6,-17120.5,323.5,-0.0,0.0,187815.4,-64336.5,0,0
32.7167,1608.386,592.172,1208.386,1.928,87.582,-1.767,87.599,2.921,-1.022,12,1.15,10.85,1.1269,222000,217148.8,-46156.4,-12942.1,-647466.5,-17236.1,344.5,-0.0,0.0,186970.7,-65438.4,0,0
32.8167,1617.162,591.989,1217.162,2.111,87.873,-1.87,87.893,2.908,-1.038,12,1.21,10.79,1.1212,222000,217148.8,-46156.4,-13679.8,-648506.3,-17351.5,366.0,-0.0,0.0,186117.5,-66456.7,0,0
32.9167,1625.966,591.796,1225.966,2.304,88.163,-1.975,88.185,2.895,-1.053,12,1.27,10.73,1.1155,222000,217148.8,-46156.4,-14424.8,-649466.6,-17466.8,387.9,-0.0,0.0,185257.1,-67395.0,0,0
33.0167,1634.799,591.593,1234.799,2.507,88.452,-2.081,88.476,2.881,-1.067,12,1.34,10.66,1.1097,222000,217148.8,-46156.4,-15176.2,-650350.8,-17582.0,410.3,-0.0,0.0,184390.7,-68256.9,0,0
33.1167,1643.661,591.378,1243.661,2.722,88.739,-2.188,88.766,2.867,-1.079,12,1.4,10.6,1.1039,222000,217148.8,-46156.4,-15932.7,-651162.4,-17697.0,433.0,-0.0,0.0,183519.1,-69045.8,0,0
33.2167,1652.551,591.153,1252.551,2.947,89.025,-2.297,89.055,2.854,-1.09,12,1.47,10.53,1.098,222000,217148.8,-46156.4,-16693.5,-651904.6,-17811.9,456.1,-0.0,0.0,182643.4,-69764.9,0,0
33.3167,1661.471,590.917,1261.471,3.183,89.309,-2.406,89.342,2.84,-1.1,12,1.53,10.47,1.0921,222000,217148.8,-46156.4,-17457.6,-652580.5,-17926.6,479.6,-0.0,0.0,181764.6,-70417.3,0,0
33.4167,1670.418,590.67,1270.418,3.43,89.593,-2.517,89.628,2.826,-1.109,12,1.6,10.4,1.0862,222000,217148.8,-46156.4,-18224.1,-653193.3,-18041.2,503.4,-0.0,0.0,180883.4,-71006.3,0,0
33.5167,1679.394,590.412,1279.394,3.688,89.875,-2.628,89.913,2.813,-1.118,12,1.66,10.34,1.0802,222000,217148.8,-46156.4,-18992.3,-653745.9,-18155.7,527.4,-0.0,0.0,180000.9,-71534.8,0,0
33.6167,1688.398,590.143,1288.398,3.957,90.155,-2.74,90.197,2.799,-1.125,12,1.73,10.27,1.0743,222000,217148.8,-46156.4,-19761.3,-654241.1,-18269.9,551.8,-0.0,0.0,179117.6,-72005.7,0,0
33.7167,1697.429,589.862,1297.429,4.238,90.434,-2.853,90.479,2.785,-1.132,12,1.8,10.2,1.0683,222000,217148.8,-46156.4,-20530.4,-654681.8,-18384.0,576.5,-0.0,0.0,178234.4,-72421.7,0,0
33.8167,1706.489,589.57,1306.489,4.53,90.712,-2.967,90.76,2.771,-1.137,12,1.86,10.14,1.0624,222000,217148.8,-46156.4,-21299.0,-655070.7,-18497.9,601.4,-0.0,0.0,177351.9,-72785.6,0,0
33.9167,1715.576,589.267,1315.576,4.833,90.988,-3.081,91.04,2.757,-1.142,12,1.93,10.07,1.0565,222000,217148.8,-46156.4,-22066.3,-655410.3,-18611.6,626.6,-0.0,0.0,176470.8,-73100.0,0,0
34.0167,1724.691,588.952,1324.691,5.148,91.263,-3.195,91.319,2.744,-1.146,12,1.99,10.01,1.0505,222000,217148.8,-46156.4,-22831.9,-655703.1,-18725.2,652.0,0.0,0.0,175591.7,-73367.4,0,0
34.1167,1733.833,588.626,1333.833,5.474,91.537,-3.31,91.596,2.73,-1.15,12,2.06,9.94,1.0446,222000,217148.8,-46156.4,-23595.2,-655951.5,-18838.5,677.6,0.0,0.0,174715.0,-73590.2,0,0
34.2167,1743.003,588.288,1343.003,5.812,91.809,-3.425,91.873,2.716,-1.153,12,2.13,9.87,1.0387,222000,217148.8,-46156.4,-24355.7,-656157.8,-18951.7,703.5,0.0,0.0,173841.5,-73770.8,0,0
34.3167,1752.2,587.939,1352.2,6.161,92.08,-3.541,92.148,2.703,-1.155,12,2.19,9.81,1.0328,222000,217148.8,-46156.4,-25112.8,-656324.4,-19064.6,729.5,0.0,0.0,172971.4,-73911.3,0,0
34.4167,1761.423,587.578,1361.423,6.522,92.349,-3.656,92.421,2.689,-1.156,12,2.26,9.74,1.0269,222000,217148.8,-46156.4,-25866.1,-656453.3,-19177.4,755.6,0.0,0.0,172105.3,-74014.1,0,0
34.5167,1770.674,587.206,1370.674,6.894,92.617,-3.772,92.694,2.676,-1.158,12,2.32,9.68,1.0211,222000,217148.8,-46156.4,-26615.4,-656546.6,-19289.9,782.0,0.0,0.0,171243.5,-74081.0,0,0
34.6167,1779.951,586.822,1379.951,7.278,92.884,-3.888,92.965,2.662,-1.158,12,2.39,9.61,1.0153,222000,217148.8,-46156.4,-27360.1,-656606.3,-19402.2,808.5,0.0,0.0,170386.5,-74114.2,0,0
34.7167,1789.255,586.426,1389.255,7.674,93.149,-4.004,93.235,2.649,-1.158,12,2.45,9.55,1.0095,222000,217148.8,-46156.4,-28099.9,-656634.3,-19514.4,835.1,0.0,0.0,169534.5,-74115.6,0,0
34.8167,1798.585,586.019,1398.585,8.081,93.414,-4.119,93.504,2.636,-1.158,12,2.51,9.49,1.0037,222000,217148.8,-46156.4,-28834.6,-656632.4,-19626.3,861.8,0.0,0.0,168687.9,-74087.0,0,0
34.9167,1807.942,585.6,1407.942,8.5,93.676,-4.235,93.772,2.623,-1.157,12,2.58,9.42,0.998,222000,217148.8,-46156.4,-29563.8,-656602.4,-19738.0,888.7,0.0,0.0,167847.0,-74030.1,0,0
35.0167,1817.325,585.17,1417.325,8.93,93.938,-4.351,94.039,2.61,-1.155,12,2.64,9.36,0.9923,222000,217148.8,-46156.4,-30287.3,-656546.0,-19849.5,915.7,0.0,0.0,167011.9,-73946.7,0,0
35.1167,1826.734,584.728,1426.734,9.372,94.198,-4.466,94.304,2.597,-1.154,12,2.7,9.3,0.9866,222000,217148.8,-46156.4,-31004.9,-656464.8,-19960.8,942.8,0.0,0.0,166183.1,-73838.5,0,0
35.2167,1836.169,584.275,1436.169,9.825,94.457,-4.581,94.568,2.584,-1.152,12,2.77,9.23,0.981,222000,217148.8,-46156.4,-31716.4,-656360.3,-20071.8,969.9,0.0,0.0,165360.5,-73706.8,0,0
35.3167,1845.63,583.81,1445.63,10.29,94.715,-4.696,94.831,2.571,-1.149,12,2.83,9.17,0.9754,222000,217148.8,-46156.4,-32421.6,-656234.0,-20182.7,997.1,0.0,0.0,164544.5,-73553.3,0,0
35.4167,1855.116,583.334,1455.116,10.766,94.971,-4.811,95.093,2.558,-1.147,12,2.89,9.11,0.9699,222000,217148.8,-46156.4,-33120.3,-656087.4,-20293.3,1024.4,0.0,0.0,163735.2,-73379.3,0,0
35.5167,1864.628,582.846,1464.628,11.254,95.226,-4.926,95.353,2.546,-1.144,12,2.95,9.05,0.9644,222000,217148.8,-46156.4,-33812.3,-655921.6,-20403.7,1051.8,0.0,0.0,162932.7,-73186.2,0,0
35.6167,1874.165,582.347,1474.165,11.753,95.48,-5.04,95.613,2.533,-1.14,12,3.01,8.99,0.959,222000,217148.8,-46156.4,-34497.7,-655738.2,-20513.9,1079.2,0.0,0.0,162137.2,-72975.4,0,0
35.7167,1883.728,581.836,1483.728,12.264,95.733,-5.154,95.871,2.521,-1.137,12,3.07,8.93,0.9536,222000,217148.8,-46156.4,-35176.2,-655538.2,-20623.9,1106.7,0.0,0.0,161348.7,-72747.9,0,0
35.8167,1893.316,581.314,1493.316,12.786,95.984,-5.267,96.128,2.509,-1.133,12,3.13,8.87,0.9482,222000,217148.8,-46156.4,-35847.7,-655322.9,-20733.7,1134.2,0.0,0.0,160567.4,-72505.1,0,0
35.9167,1902.929,580.781,1502.929,13.319,96.234,-5.38,96.384,2.497,-1.129,12,3.19,8.81,0.9429,222000,217148.8,-46156.4,-36512.3,-655093.4,-20843.2,1161.7,0.0,0.0,159793.3,-72248.1,0,0
36.0167,1912.567,580.236,1512.567,13.864,96.483,-5.493,96.639,2.485,-1.125,12,3.25,8.75,0.9376,222000,217148.8,-46156.4,-37169.8,-654850.7,-20952.5,1189.3,0.0,0.0,159026.4,-71977.8,0,0
36.1167,1922.23,579.68,1522.23,14.42,96.731,-5.605,96.893,2.473,-1.12,12,3.31,8.69,0.9324,222000,217148.8,-46156.4,-37820.2,-654595.8,-21061.6,1216.9,0.0,0.0,158266.9,-71695.3,0,0
36.2167,1931.917,579.113,1531.917,14.987,96.977,-5.717,97.146,2.461,-1.116,12,3.36,8.64,0.9272,222000,217148.8,-46156.4,-38463.5,-654329.8,-21170.5,1244.5,0.0,0.0,157514.8,-71401.7,0,0
36.3167,1941.629,578.535,1541.629,15.565,97.223,-5.828,97.397,2.45,-1.111,12,3.42,8.58,0.9221,222000,217148.8,-46156.4,-39099.6,-654053.4,-21279.2,1272.1,0.0,0.0,156770.0,-71097.7,0,0
36.4167,1951.366,577.946,1551.366,16.154,97.467,-5.939,97.648,2.438,-1.106,12,3.48,8.52,0.917,222000,217148.8,-46156.4,-39728.5,-653767.7,-21387.7,1299.7,0.0,0.0,156032.6,-70784.4,0,0
36.5167,1961.127,577.345,1561.127,16.755,97.71,-6.049,97.897,2.427,-1.101,12,3.53,8.47,0.912,222000,217148.8,-46156.4,-40350.3,-653473.3,-21495.9,1327.3,0.0,0.0,155302.5,-70462.4,0,0
36.6167,1970.912,576.734,1570.912,17.366,97.952,-6.159,98.146,2.415,-1.096,12,3.59,8.41,0.907,222000,217148.8,-46156.4,-40964.9,-653171.2,-21604.0,1354.9,0.0,0.0,154579.9,-70132.7,0,0
36.7167,1980.721,576.112,1580.721,17.988,98.193,-6.268,98.393,2.404,-1.091,12,3.64,8.36,0.9021,222000,217148.8,-46156.4,-41572.4,-652862.0,-21711.8,1382.5,0.0,0.0,153864.6,-69795.8,0,0
36.8167,1990.555,575.479,1590.555,18.621,98.433,-6.377,98.639,2.393,-1.085,12,3.7,8.3,0.8972,222000,217148.8,-46156.4,-42172.7,-652546.4,-21819.4,1410.1,0.0,0.0,153156.6,-69452.6,0,0
36.9167,2000.412,574.835,1600.412,19.265,98.672,-6.485,98.885,2.382,-1.08,12,3.75,8.25,0.8924,222000,217148.8,-46156.4,-42766.0,-652225.1,-21926.8,1437.7,0.0,0.0,152455.9,-69103.7,0,0
37.0167,2010.293,574.18,1610.293,19.92,98.909,-6.593,99.129,2.371,-1.074,12,3.8,8.2,0.8876,222000,217148.8,-46156.4,-43352.2,-651898.7,-22034.0,1465.3,0.0,0.0,151762.5,-68749.8,0,0
37.1167,2020.198,573.514,1620.198,20.586,99.146,-6.7,99.372,2.361,-1.069,12,3.86,8.14,0.8828,222000,217148.8,-46156.4,-43931.5,-651567.8,-22141.0,1492.8,0.0,0.0,151076.3,-68391.4,0,0
37.2167,2030.126,572.838,1630.126,21.262,99.381,-6.807,99.614,2.35,-1.063,12,3.91,8.09,0.8782,222000,217148.8,-46156.4,-44503.7,-651233.0,-22247.8,1520.4,0.0,0.0,150397.3,-68029.0,0,0
37.3167,2040.078,572.151,1640.078,21.949,99.616,-6.912,99.855,2.339,-1.057,12,3.96,8.04,0.8735,222000,217148.8,-46156.4,-45069.1,-650894.8,-22354.3,1547.9,0.0,0.0,149725.4,-67663.3,0,0
37.4167,2050.053,571.454,1650.053,22.646,99.849,-7.018,100.095,2.329,-1.051,12,4.01,7.99,0.8689,222000,217148.8,-46156.4,-45627.6,-650553.6,-22460.7,1575.3,0.0,0.0,149060.5,-67294.7,0,0
37.5167,2060.051,570.746,1660.051,23.354,100.081,-7.123,100.334,2.319,-1.046,12,4.06,7.94,0.8644,222000,217148.8,-46156.4,-46179.4,-650210.0,-22566.8,1602.7,0.0,0.0,148402.6,-66923.7,0,0
37.6167,2070.073,570.028,1670.073,24.072,100.312,-7.227,100.572,2.309,-1.04,12,4.11,7.89,0.8599,222000,217148.8,-46156.4,-46724.4,-649864.4,-22672.8,1630.1,0.0,0.0,147751.6,-66550.7,0,0
37.7167,2080.118,569.299,1680.118,24.801,100.543,-7.331,100.81,2.299,-1.034,12,4.16,7.84,0.8554,222000,217148.8,-46156.4,-47262.8,-649517.2,-22778.5,1657.5,0.0,0.0,147107.4,-66176.1,0,0
37.8167,2090.184,568.549,1690.184,25.551,100.748,-7.712,101.043,1.798,-6.567,17,4.32,12.68,1.2915,222000,212299.7,-64906.5,-74352.1,-984975.3,-22880.1,1727.1,0.0,0.0,115067.5,-420314.7,0,0
37.9167,2100.269,567.737,1700.269,26.363,100.917,-8.371,101.263,1.68,-5.815,22,4.69,17.31,1.1999,222000,205834.8,-83162.7,-75345.2,-918701.9,-22969.4,1883.8,0.0,0.0,107520.3,-372140.8,0,1
38.0167,2110.37,566.866,1710.37,27.234,101.079,-8.967,101.476,1.575,-6.062,22,5.01,16.99,1.2162,222000,205834.8,-83162.7,-82000.6,-934638.2,-23055.1,2022.7,0.0,0.0,100779.1,-387938.1,0,1
38.1167,2120.487,565.933,1720.487,28.167,101.23,-9.588,101.683,1.462,-6.315,22,5.35,16.65,1.2331,222000,205834.8,-83162.7,-89108.0,-951033.2,-23137.3,2167.9,0.0,0.0,93589.5,-404188.0,0,1
38.2167,2130.618,564.937,1730.618,29.163,101.369,-10.234,101.884,1.343,-6.577,22,5.71,16.29,1.2507,222000,205834.8,-83162.7,-96696.0,-967892.9,-23215.8,2319.3,0.0,0.0,85923.1,-420896.2,0,1
38.3167,2140.762,563.874,1740.762,30.226,101.496,-10.908,102.08,1.215,-6.845,22,6.07,15.93,1.2691,222000,205834.8,-83162.7,-104795.2,-985222.4,-23290.2,2477.3,0.0,0.0,77749.3,-438067.8,0,1
38.4167,2150.919,562.743,1750.919,31.357,101.609,-11.608,102.27,1.079,-7.12,22,6.45,15.55,1.2881,222000,205834.8,-83162.7,-113438.0,-1003026.1,-23360.5,2642.0,0.0,0.0,69036.3,-455706.8,0,1
38.5167,2161.086,561.54,1761.086,32.56,101.709,-12.337,102.454,0.934,-7.403,22,6.85,15.15,1.3079,222000,205834.8,-83162.7,-122658.7,-1021307.0,-23426.3,2813.5,0.0,0.0,59749.9,-473816.2,0,1
38.6167,2171.262,560.262,1771.262,33.838,101.793,-13.094,102.632,0.779,-7.694,22,7.26,14.74,1.3285,222000,205834.8,-83162.7,-132493.3,-1040067.2,-23487.2,2992.0,0.0,0.0,49854.3,-492397.9,0,1
38.7167,2181.445,558.907,1781.445,35.193,101.862,-13.881,102.803,0.614,-7.991,22,7.69,14.31,1.3498,222000,205834.8,-83162.7,-142980.3,-1059307.1,-23543.1,3177.7,0.0,0.0,39311.4,-511452.1,0,1
38.8167,2191.634,557.471,1791.634,36.629,101.913,-14.697,102.967,0.439,-8.297,22,8.13,13.87,1.372,222000,205834.8,-83162.7,-154160.1,-1079025.7,-23593.5,3370.8,0.0,0.0,28081.2,-530977.6,0,1
38.9167,2201.828,555.953,1801.828,38.147,101.949,-15.527,103.124,0.324,-8.144,22,8.59,13.41,1.3573,222000,205834.8,-83162.7,-161471.2,-1069465.9,-23638.5,3569.0,0.0,0.0,20725.1,-521219.5,0,0
39.0167,2212.024,554.354,1812.024,39.746,101.978,-16.315,103.274,0.265,-7.689,22,9.02,12.98,1.3182,222000,205834.8,-83162.7,-165170.2,-1040525.1,-23680.1,3758.9,0.0,0.0,16984.5,-492088.9,0,0
39.1167,2222.224,552.679,1822.224,41.421,102.001,-17.059,103.418,0.217,-7.258,22,9.43,12.57,1.2814,222000,205834.8,-83162.7,-168242.5,-1013144.4,-23719.0,3938.8,0.0,0.0,13873.3,-464528.3,0,0
39.2167,2232.425,550.932,1832.425,43.168,102.02,-17.761,103.555,0.177,-6.851,22,9.81,12.19,1.2468,222000,205834.8,-83162.7,-170769.0,-987252.8,-23755.3,4109.0,0.0,0.0,11310.6,-438466.4,0,0
39.3167,2242.628,549.117,1842.628,44.983,102.036,-18.423,103.686,0.144,-6.466,22,10.18,11.82,1.2141,222000,205834.8,-83162.7,-172821.0,-962780.6,-23789.4,4270.2,0.0,0.0,9224.5,-413833.1,0,0
39.4167,2252.832,547.238,1852.832,46.862,102.049,-19.048,103.812,0.118,-6.102,22,10.52,11.48,1.1834,222000,205834.8,-83162.7,-174461.8,-939659.7,-23821.5,4422.8,0.0,0.0,7551.5,-390559.5,0,0
39.5167,2263.038,545.298,1863.038,48.802,102.06,-19.638,103.932,0.097,-5.759,22,10.84,11.16,1.1544,222000,205834.8,-83162.7,-175747.3,-917823.7,-23851.8,4567.2,0.0,0.0,6235.6,-368579.1,0,0
39.6167,2273.244,543.301,1873.244,50.799,102.068,-20.195,104.047,0.082,-5.435,22,11.14,10.86,1.1271,222000,205834.8,-83162.7,-176726.9,-897208.3,-23880.6,4703.9,0.0,0.0,5227.3,-347827.1,0,0
39.7167,2283.452,541.251,1883.452,52.849,102.076,-20.721,104.158,0.07,-5.129,22,11.43,10.57,1.1014,222000,205834.8,-83162.7,-177444.0,-877751.4,-23908.0,4833.2,0.0,0.0,4482.8,-328240.9,0,0
39.8167,2293.66,539.15,1893.66,54.95,102.082,-21.217,104.264,0.062,-4.84,22,11.7,10.3,1.0772,222000,205834.8,-83162.7,-177936.8,-859393.1,-23934.1,4955.5,0.0,0.0,3964.0,-309760.3,0,0
39.9167,2303.868,537.001,1903.868,57.099,102.088,-21.685,104.366,0.057,-4.568,22,11.95,10.05,1.0544,222000,205834.8,-83162.7,-178238.8,-842076.0,-23959.0,5071.3,0.0,0.0,3637.0,-292327.3,0,0
40.0167,2314.077,534.806,1914.077,59.294,102.094,-22.126,104.464,0.054,-4.311,22,12.19,9.81,1.0329,222000,205834.8,-83162.7,-178379.3,-825744.8,-23983.0,5180.9,0.0,0.0,3472.5,-275886.6,0,0
40.1167,2324.287,532.569,1924.287,61.531,102.099,-22.543,104.558,0.054,-4.069,22,12.41,9.59,1.0127,222000,205834.8,-83162.7,-178384.1,-810346.8,-24006.1,5284.5,0.0,0.0,3444.6,-260384.9,0,0
40.2167,2334.497,530.292,1934.497,63.808,102.105,-22.936,104.649,0.055,-3.84,22,12.63,9.37,0.9936,222000,205834.8,-83162.7,-178275.6,-795831.5,-24028.3,5382.6,0.0,0.0,3530.8,-245771.6,0,0
40.3167,2344.708,527.976,1944.708,66.124,102.11,-23.308,104.737,0.058,-3.625,22,12.83,9.17,0.9757,222000,205834.8,-83162.7,-178073.4,-782150.9,-24049.9,5475.5,0.0,0.0,3711.5,-231998.1,0,0
40.4167,2354.919,525.625,1954.919,68.475,102.116,-23.658,104.821,0.062,-3.422,22,13.01,8.99,0.9587,222000,205834.8,-83162.7,-177794.5,-769259.0,-24070.8,5563.3,0.0,0.0,3969.5,-219018.4,0,0
40.5167,2365.131,523.24,1965.131,70.86,102.123,-23.989,104.903,0.067,-3.231,22,13.19,8.81,0.9428,222000,205834.8,-83162.7,-177453.6,-757112.4,-24091.1,5646.5,0.0,0.0,4290.1,-206788.5,0,0
40.6167,2375.344,520.822,1975.344,73.278,102.13,-24.302,104.981,0.073,-3.051,22,13.36,8.64,0.9278,222000,205834.8,-83162.7,-177063.3,-745669.4,-24111.0,5725.3,0.0,0.0,4660.5,-195266.8,0,0
40.7167,2385.557,518.375,1985.557,75.725,102.137,-24.597,105.057,0.079,-2.881,22,13.51,8.49,0.9137,222000,205834.8,-83162.7,-176634.9,-734890.7,-24130.3,5799.9,0.0,0.0,5069.6,-184413.6,0,0
40.8167,2395.772,515.899,1995.772,78.201,102.146,-24.876,105.131,0.086,-2.722,22,13.66,8.34,0.9003,222000,205834.8,-83162.7,-176177.6,-724739.1,-24149.3,5870.5,0.0,0.0,5508.0,-174191.3,0,0
40.9167,2405.987,513.396,2005.987,80.704,102.155,-25.139,105.203,0.093,-2.571,22,13.8,8.2,0.8878,222000,205834.8,-83162.7,-175699.5,-715179.0,-24167.9,5937.4,0.0,0.0,5967.4,-164564.3,0,0
41.0167,2416.203,510.867,2016.203,83.233,102.165,-25.388,105.272,0.101,-2.43,22,13.93,8.07,0.8759,222000,205834.8,-83162.7,-175207.7,-706176.8,-24186.1,6000.8,0.0,0.0,6441.0,-155498.7,0,0
41.1167,2426.42,508.314,2026.42,85.786,102.175,-25.623,105.339,0.108,-2.296,22,14.06,7.94,0.8648,222000,205834.8,-83162.7,-174707.9,-697700.9,-24204.1,6060.8,0.0,0.0,6922.8,-146962.7,0,0
41.2167,2436.638,505.739,2036.638,88.361,102.186,-25.845,105.404,0.116,-2.171,22,14.17,7.83,0.8543,222000,205834.8,-83162.7,-174205.1,-689721.1,-24221.8,6117.8,0.0,0.0,7407.9,-138926.0,0,0
41.3167,2446.857,503.142,2046.857,90.958,102.198,-26.055,105.467,0.123,-2.052,22,14.29,7.71,0.8443,222000,205834.8,-83162.7,-173703.5,-682208.9,-24239.2,6171.8,0.0,0.0,7892.1,-131359.8,0,0
41.4167,2457.078,500.525,2057.078,93.575,102.211,-26.254,105.529,0.131,-1.941,22,14.39,7.61,0.835,222000,205834.8,-83162.7,-173206.5,-675137.5,-24256.5,6223.0,0.0,0.0,8371.8,-124237.2,0,0
41.5167,2467.3,497.888,2067.3,96.212,102.225,-26.442,105.589,0.138,-1.836,22,14.49,7.51,0.8262,222000,205834.8,-83162.7,-172717.0,-668481.5,-24273.5,6271.6,0.0,0.0,8844.3,-117532.5,0,0
41.6167,2477.523,495.234,2077.523,98.866,102.239,-26.62,105.648,0.145,-1.738,22,14.58,7.42,0.8179,222000,205834.8,-83162.7,-172237.3,-662216.8,-24290.4,6317.7,0.0,0.0,9307.1,-111221.7,0,0
41.7167,2487.748,492.562,2087.748,101.538,102.254,-26.788,105.705,0.152,-1.645,22,14.67,7.33,0.81,222000,205834.8,-83162.7,-171769.4,-656320.7,-24307.1,6361.5,0.0,0.0,9758.4,-105281.8,0,0
41.8167,2497.974,489.874,2097.974,104.226,102.269,-26.948,105.76,0.159,-1.558,22,14.75,7.25,0.8026,222000,205834.8,-83162.7,-171314.7,-650771.8,-24323.6,6403.1,0.0,0.0,10196.6,-99691.3,0,0
41.9167,2508.202,487.17,2108.202,106.93,102.286,-27.098,105.814,0.166,-1.475,22,14.83,7.17,0.7957,222000,205834.8,-83162.7,-170874.3,-645550.0,-24340.0,6442.7,0.0,0.0,10620.5,-94430.0,0,0
42.0167,2518.432,484.452,2118.432,109.648,102.303,-27.241,105.868,0.172,-1.398,22,14.9,7.1,0.7891,222000,205834.8,-83162.7,-170449.3,-640636.1,-24356.3,6480.3,0.0,0.0,11029.3,-89478.5,0,0
42.1167,2528.663,481.72,2128.663,112.38,102.32,-27.377,105.92,0.178,-1.325,22,14.97,7.03,0.7829,222000,205834.8,-83162.7,-170040.1,-636012.2,-24372.4,6516.1,0.0,0.0,11422.3,-84818.8,0,0
42.2167,2538.896,478.975,2138.896,115.125,102.339,-27.505,105.97,0.184,-1.257,22,15.03,6.97,0.777,222000,205834.8,-83162.7,-169647.2,-631661.2,-24388.5,6550.1,0.0,0.0,11799.2,-80433.8,0,0
42.3167,2549.131,476.217,2149.131,117.883,102.357,-27.627,106.02,0.19,-1.192,22,15.09,6.91,0.7715,222000,205834.8,-83162.7,-169270.8,-627567.3,-24404.5,6582.5,0.0,0.0,12159.6,-76307.5,0,0
42.4167,2559.368,473.447,2159.368,120.653,102.377,-27.743,106.069,0.195,-1.132,22,15.15,6.85,0.7662,222000,205834.8,-83162.7,-168911.1,-623715.2,-24420.3,6613.4,0.0,0.0,12503.4,-72424.5,0,0
42.5167,2569.607,470.667,2169.607,123.433,102.396,-27.853,106.117,0.2,-1.075,22,15.21,6.79,0.7613,222000,205834.8,-83162.7,-168567.9,-620090.9,-24436.1,6642.8,0.0,0.0,12830.8,-68770.8,0,0
42.6167,2579.847,467.875,2179.847,126.225,102.417,-27.957,106.164,0.205,-1.021,22,15.26,6.74,0.7566,222000,205834.8,-83162.7,-168241.1,-616680.8,-24451.8,6670.9,0.0,0.0,13141.9,-65332.6,0,0
42.7167,2590.09,465.074,2190.09,129.026,102.438,-28.056,106.21,0.21,-0.97,22,15.31,6.69,0.7522,222000,205834.8,-83162.7,-167930.5,-613472.4,-24467.4,6697.7,0.0,0.0,13436.9,-62097.4,0,0
42.8167,2600.335,462.262,2200.335,131.838,102.459,-28.15,106.256,0.214,-0.923,22,15.36,6.64,0.748,222000,205834.8,-83162.7,-167635.8,-610453.8,-24483.0,6723.2,0.0,0.0,13716.0,-59053.2,0,0
42.9167,2610.582,459.442,2210.582,134.658,102.481,-28.24,106.3,0.218,-0.878,22,15.4,6.6,0.7441,222000,205834.8,-83162.7,-167356.7,-607613.8,-24498.5,6747.7,0.0,0.0,13979.7,-56188.7,0,0
43.0167,2620.832,456.613,2220.832,137.487,102.503,-28.325,106.344,0.222,-0.836,22,15.44,6.56,0.7403,222000,205834.8,-83162.7,-167092.6,-604941.7,-24513.9,6771.0,0.0,0.0,14228.3,-53493.3,0,0
43.1167,2631.083,453.776,2231.083,140.324,102.525,-28.407,106.388,0.226,-0.796,22,15.48,6.52,0.7368,222000,205834.8,-83162.7,-166843.2,-602427.7,-24529.3,6793.4,0.0,0.0,14462.3,-50957.0,0,0
43.2167,2641.337,450.931,2241.337,143.169,102.548,-28.484,106.43,0.229,-0.759,22,15.52,6.48,0.7334,222000,205834.8,-83162.7,-166608.0,-600062.5,-24544.6,6814.8,0.0,0.0,14682.2,-48570.3,0,0
43.3167,2651.593,448.078,2251.593,146.022,102.571,-28.558,106.472,0.233,-0.724,22,15.55,6.45,0.7303,222000,205834.8,-83162.7,-166386.5,-597837.1,-24559.8,6835.3,0.0,0.0,14888.5,-46324.4,0,0
43.4167,2661.852,445.218,2261.852,148.882,102.594,-28.628,106.514,0.236,-0.691,22,15.59,6.41,0.7273,222000,205834.8,-83162.7,-166178.2,-595743.4,-24575.0,6855.0,0.0,0.0,15081.6,-44211.0,0,0
43.5167,2672.113,442.351,2272.113,151.749,102.618,-28.696,106.555,0.238,-0.66,22,15.62,6.38,0.7244,222000,205834.8,-83162.7,-165982.6,-593773.4,-24590.2,6873.9,0.0,0.0,15262.0,-42222.1,0,0
43.6167,2682.376,439.478,2282.376,154.622,102.642,-28.76,106.595,0.241,-0.63,22,15.65,6.35,0.7217,222000,205834.8,-83162.7,-165799.2,-591919.8,-24605.2,6892.0,0.0,0.0,15430.3,-40350.5,0,0
43.7167,2692.641,436.598,2292.641,157.502,102.666,-28.821,106.635,0.244,-0.603,22,15.68,6.32,0.7191,222000,205834.8,-83162.7,-165627.5,-590175.8,-24620.3,6909.5,0.0,0.0,15587.0,-38589.0,0,0
43.8167,2702.909,433.713,2302.909,160.387,102.691,-28.88,106.675,0.246,-0.577,22,15.7,6.3,0.7167,222000,205834.8,-83162.7,-165467.0,-588534.8,-24635.3,6926.2,0.0,0.0,15732.6,-36931.2,0,0
43.9167,2713.18,430.821,2313.18,163.279,102.716,-28.936,106.714,0.248,-0.553,22,15.73,6.27,0.7144,222000,205834.8,-83162.7,-165317.1,-586990.6,-24650.2,6942.4,0.0,0.0,15867.5,-35370.9,0,0
44.0167,2723.453,427.924,2323.453,166.176,102.74,-28.99,106.752,0.25,-0.53,22,15.75,6.25,0.7122,222000,205834.8,-83162.7,-165177.4,-585537.5,-24665.1,6957.9,0.0,0.0,15992.3,-33902.3,0,0
44.1167,2733.728,425.022,2333.728,169.078,102.766,-29.042,106.79,0.252,-0.508,22,15.78,6.22,0.7101,222000,205834.8,-83162.7,-165047.4,-584170.1,-24680.0,6972.9,0.0,0.0,16107.4,-32519.9,0,0
44.2167,2744.007,422.115,2344.007,171.985,102.791,-29.092,106.828,0.253,-0.488,22,15.8,6.2,0.7081,222000,205834.8,-83162.7,-164926.7,-582883.3,-24694.8,6987.4,0.0,0.0,16213.3,-31218.5,0,0
44.3167,2754.287,419.203,2354.287,174.897,102.816,-29.139,106.866,0.255,-0.469,22,15.82,6.18,0.7062,222000,205834.8,-83162.7,-164814.7,-581672.1,-24709.6,7001.4,0.0,0.0,16310.5,-29993.4,0,0
44.4167,2764.57,416.287,2364.57,177.813,102.842,-29.185,106.903,0.256,-0.451,22,15.84,6.16,0.7044,222000,205834.8,-83162.7,-164711.2,-580532.3,-24724.3,7014.9,0.0,0.0,16399.3,-28840.0,0,0
44.5167,2774.856,413.366,2374.856,180.734,102.868,-29.229,106.94,0.258,-0.434,22,15.86,6.14,0.7027,222000,205834.8,-83162.7,-164615.5,-579459.3,-24739.0,7028.0,0.0,0.0,16480.2,-27754.0,0,0
44.6167,2785.144,410.44,2385.144,183.66,102.893,-29.272,106.976,0.259,-0.418,22,15.88,6.12,0.701,222000,205834.8,-83162.7,-164527.4,-578449.4,-24753.7,7040.6,0.0,0.0,16553.7,-26731.4,0,0
44.7167,2795.435,407.511,2395.435,186.589,102.919,-29.312,107.012,0.26,-0.403,22,15.89,6.11,0.6995,222000,205834.8,-83162.7,-164446.5,-577498.6,-24768.3,7052.9,0.0,0.0,16620.0,-25768.4,0,0
44.8167,2805.728,404.577,2405.728,189.523,102.945,-29.352,107.048,0.261,-0.388,22,15.91,6.09,0.698,222000,205834.8,-83162.7,-164372.3,-576603.6,-24782.8,7064.8,0.0,0.0,16679.7,-24861.4,0,0
44.9167,2816.024,401.64,2416.024,192.46,102.971,-29.39,107.084,0.261,-0.375,22,15.93,6.07,0.6966,222000,205834.8,-83162.7,-164304.5,-575760.8,-24797.4,7076.4,0.0,0.0,16732.9,-24007.1,0,0
45.0167,2826.323,398.699,2426.323,195.401,102.998,-29.427,107.119,0.262,-0.363,22,15.94,6.06,0.6952,222000,205834.8,-83162.7,-164242.8,-574967.3,-24811.9,7087.7,0.0,0.0,16780.1,-23202.3,0,0
45.1167,2836.624,395.754,2436.624,198.346,103.024,-29.462,107.154,0.263,-0.351,22,15.96,6.04,0.6939,222000,205834.8,-83162.7,-164186.9,-574220.0,-24826.3,7098.6,0.0,0.0,16821.7,-22444.0,0,0
45.2167,2846.928,392.806,2446.928,201.294,103.05,-29.497,107.189,0.263,-0.34,22,15.97,6.03,0.6926,222000,205834.8,-83162.7,-164136.3,-573516.1,-24840.7,7109.2,0.0,0.0,16857.8,-21729.6,0,0
45.3167,2857.235,389.854,2457.235,204.246,103.077,-29.53,107.223,0.264,-0.329,22,15.98,6.02,0.6914,222000,205834.8,-83162.7,-164090.9,-572853.2,-24855.1,7119.6,0.0,0.0,16888.9,-21056.2,0,0
45.4167,2867.544,386.899,2467.544,207.201,103.103,-29.562,107.257,0.264,-0.319,22,16.0,6.0,0.6903,222000,205834.8,-83162.7,-164050.3,-572228.6,-24869.4,7129.7,0.0,0.0,16915.1,-20421.6,0,0
45.5167,2877.856,383.941,2477.856,210.159,103.129,-29.594,107.291,0.265,-0.31,22,16.01,5.99,0.6892,222000,205834.8,-83162.7,-164014.3,-571640.2,-24883.7,7139.6,0.0,0.0,16936.8,-19823.3,0,0
45.6167,2888.17,380.98,2488.17,213.12,103.156,-29.624,107.325,0.265,-0.301,22,16.02,5.98,0.6881,222000,205834.8,-83162.7,-163982.6,-571085.8,-24898.0,7149.2,0.0,0.0,16954.3,-19259.2,0,0
45.7167,2898.488,378.016,2498.488,216.084,103.182,-29.654,107.359,0.265,-0.293,22,16.03,5.97,0.6871,222000,205834.8,-83162.7,-163954.9,-570563.2,-24912.2,7158.7,0.0,0.0,16967.8,-18727.2,0,0
45.8167,2908.807,375.049,2508.807,219.051,103.209,-29.683,107.392,0.265,-0.285,22,16.04,5.96,0.6861,222000,205834.8,-83162.7,-163931.1,-570070.7,-24926.3,7167.9,0.0,0.0,16977.4,-18225.5,0,0
45.9167,2919.13,372.079,2519.13,222.021,103.235,-29.711,107.426,0.265,-0.277,22,16.05,5.95,0.6852,222000,205834.8,-83162.7,-163910.9,-569606.3,-24940.5,7176.9,0.0,0.0,16983.5,-17752.1,0,0
46.0167,2929.455,369.106,2529.455,224.994,103.262,-29.738,107.459,0.265,-0.27,22,16.06,5.94,0.6842,222000,205834.8,-83162.7,-163894.0,-569168.5,-24954.6,7185.8,0.0,0.0,16986.2,-17305.4,0,0
46.1167,2939.783,366.131,2539.783,227.969,103.289,-29.765,107.492,0.265,-0.264,22,16.07,5.93,0.6834,222000,205834.8,-83162.7,-163880.4,-568755.5,-24968.6,7194.4,0.0,0.0,16985.8,-16883.8,0,0
46.2167,2950.113,363.153,2550.113,230.947,103.315,-29.791,107.524,0.265,-0.258,22,16.08,5.92,0.6825,222000,205834.8,-83162.7,-163869.8,-568366.0,-24982.7,7202.9,0.0,0.0,16982.4,-16485.7,0,0
46.3167,2960.446,360.172,2560.446,233.928,103.342,-29.816,107.557,0.265,-0.252,22,16.09,5.91,0.6817,222000,205834.8,-83162.7,-163862.0,-567998.5,-24996.6,7211.3,0.0,0.0,16976.2,-16109.9,0,0
46.4167,2970.782,357.189,2570.782,236.911,103.368,-29.841,107.589,0.265,-0.246,22,16.1,5.9,0.6809,222000,205834.8,-83162.7,-163856.9,-567651.7,-25010.6,7219.5,0.0,0.0,16967.3,-15754.8,0,0
46.5167,2981.12,354.204,2581.12,239.896,103.395,-29.865,107.621,0.265,-0.241,22,16.11,5.89,0.6801,222000,205834.8,-83162.7,-163854.3,-567324.3,-25024.5,7227.6,0.0,0.0,16956.0,-15419.4,0,0
46.6167,2991.461,351.216,2591.461,242.884,103.421,-29.889,107.653,0.265,-0.236,22,16.12,5.88,0.6794,222000,205834.8,-83162.7,-163854.0,-567015.2,-25038.4,7235.5,0.0,0.0,16942.4,-15102.3,0,0
46.7167,3001.805,348.226,2601.805,245.874,103.448,-29.912,107.685,0.264,-0.231,22,16.13,5.87,0.6787,222000,205834.8,-83162.7,-163856.0,-566723.2,-25052.2,7243.3,0.0,0.0,16926.7,-14802.6,0,0
46.8167,3012.151,345.233,2612.151,248.867,103.474,-29.935,107.717,0.264,-0.227,22,16.13,5.87,0.6779,222000,205834.8,-83162.7,-163860.0,-566447.4,-25066.0,7251.0,0.0,0.0,16908.9,-14519.1,0,0
46.9167,3022.5,342.238,2622.5,251.862,103.5,-29.958,107.749,0.264,-0.223,22,16.14,5.86,0.6773,222000,205834.8,-83162.7,-163865.9,-566186.8,-25079.7,7258.6,0.0,0.0,16889.1,-14250.9,0,0
47.0167,3032.852,339.241,2632.852,254.859,103.527,-29.98,107.78,0.264,-0.219,22,16.15,5.85,0.6766,222000,205834.8,-83162.7,-163873.7,-565940.4,-25093.5,7266.1,0.0,0.0,16867.6,-13997.0,0,0
47.1167,3043.206,336.242,2643.206,257.858,103.553,-30.001,107.811,0.263,-0.215,22,16.16,5.84,0.676,222000,205834.8,-83162.7,-163883.2,-565707.4,-25107.2,7273.4,0.0,0.0,16844.5,-13756.7,0,0
47.2167,3053.563,333.241,2653.563,260.859,103.579,-30.023,107.843,0.263,-0.211,22,16.16,5.84,0.6753,222000,205834.8,-83162.7,-163894.3,-565487.1,-25120.8,7280.7,0.0,0.0,16819.7,-13529.0,0,0
47.3167,3063.922,330.237,2663.922,263.863,103.606,-30.043,107.874,0.262,-0.208,22,16.17,5.83,0.6747,222000,205834.8,-83162.7,-163906.9,-565278.5,-25134.4,7287.9,0.0,0.0,16793.5,-13313.3,0,0
47.4167,3074.284,327.232,2674.284,266.868,103.632,-30.064,107.905,0.262,-0.205,22,16.18,5.82,0.6741,222000,205834.8,-83162.7,-163920.9,-565081.1,-25148.0,7295.0,0.0,0.0,16765.9,-13108.8,0,0
47.5167,3084.649,324.224,2684.649,269.876,103.658,-30.084,107.935,0.262,-0.202,22,16.18,5.82,0.6735,222000,205834.8,-83162.7,-163936.2,-564894.2,-25161.5,7302.0,0.0,0.0,16737.1,-12914.8,0,0
47.6167,3095.016,321.214,2695.016,272.886,103.684,-30.104,107.966,0.261,-0.199,22,16.19,5.81,0.6729,222000,205834.8,-83162.7,-163952.7,-564717.1,-25175.0,7309.0,0.0,0.0,16707.0,-12730.7,0,0
47.7167,3105.386,318.203,2705.386,275.897,103.71,-30.124,107.997,0.261,-0.196,22,16.2,5.8,0.6724,222000,205834.8,-83162.7,-163970.4,-564549.2,-25188.5,7315.9,0.0,0.0,16675.9,-12556.0,0,0
47.8167,3115.759,315.189,2715.759,278.911,103.736,-30.144,108.027,0.26,-0.194,22,16.2,5.8,0.6718,222000,205834.8,-83162.7,-163989.2,-564390.0,-25201.9,7322.7,0.0,0.0,16643.7,-12390.0,0,0
47.9167,3126.134,312.174,2726.134,281.926,103.762,-30.163,108.057,0.26,-0.191,22,16.21,5.79,0.6713,222000,205834.8,-83162.7,-164009.0,-564239.0,-25215.3,7329.4,0.0,0.0,16610.5,-12232.2,0,0
48.0167,3136.512,309.156,2736.512,284.944,103.788,-30.182,108.088,0.259,-0.189,22,16.21,5.79,0.6708,222000,205834.8,-83162.7,-164029.7,-564095.6,-25228.7,7336.1,0.0,0.0,16576.5,-12082.2,0,0
48.1167,3146.892,306.137,2746.892,287.963,103.814,-30.201,108.118,0.258,-0.187,22,16.22,5.78,0.6703,222000,205834.8,-83162.7,-164051.3,-563959.5,-25242.0,7342.7,0.0,0.0,16541.6,-11939.5,0,0
48.2167,3157.275,303.116,2757.275,290.984,103.84,-30.219,108.148,0.258,-0.184,22,16.22,5.78,0.6698,222000,205834.8,-83162.7,-164073.7,-563830.1,-25255.3,7349.2,0.0,0.0,16505.9,-11803.5,0,0
48.3167,3167.66,300.093,2767.66,294.007,103.866,-30.237,108.177,0.257,-0.182,22,16.23,5.77,0.6693,222000,205834.8,-83162.7,-164096.8,-563707.1,-25268.5,7355.7,0.0,0.0,16469.5,-11674.1,0,0
48.4167,3178.048,297.068,2778.048,297.032,103.891,-30.256,108.207,0.257,-0.18,22,16.24,5.76,0.6688,222000,205834.8,-83162.7,-164120.7,-563590.1,-25281.7,7362.2,0.0,0.0,16432.4,-11550.6,0,0
48.5167,3188.439,294.042,2788.439,300.058,103.917,-30.273,108.237,0.256,-0.179,22,16.24,5.76,0.6683,222000,205834.8,-83162.7,-164145.2,-563478.8,-25294.9,7368.6,0.0,0.0,16394.7,-11432.9,0,0
48.6167,3198.832,291.013,2798.832,303.087,103.943,-30.291,108.266,0.256,-0.177,22,16.25,5.75,0.6678,222000,205834.8,-83162.7,-164170.3,-563372.7,-25308.0,7374.9,0.0,0.0,16356.5,-11320.5,0,0
48.7167,3209.228,287.983,2809.228,306.117,103.968,-30.309,108.296,0.255,-0.175,22,16.25,5.75,0.6674,222000,205834.8,-83162.7,-164196.0,-563271.6,-25321.1,7381.2,0.0,0.0,16317.7,-11213.1,0,0
48.8167,3219.626,284.951,2819.626,309.149,103.994,-30.326,108.325,0.254,-0.174,22,16.26,5.74,0.6669,222000,205834.8,-83162.7,-164222.2,-563175.2,-25334.2,7387.5,0.0,0.0,16278.4,-11110.4,0,0
48.9167,3230.027,281.917,2830.027,312.183,104.019,-30.343,108.354,0.254,-0.172,22,16.26,5.74,0.6664,222000,205834.8,-83162.7,-164248.9,-563083.2,-25347.2,7393.7,0.0,0.0,16238.7,-11012.2,0,0
49.0167,3240.43,278.882,2840.43,315.218,104.044,-30.361,108.383,0.253,-0.171,22,16.27,5.73,0.666,222000,205834.8,-83162.7,-164276.0,-562995.4,-25360.2,7399.8,0.0,0.0,16198.6,-10918.2,0,0
49.1167,3250.836,275.845,2850.836,318.255,104.07,-30.378,108.412,0.252,-0.169,22,16.27,5.73,0.6656,222000,205834.8,-83162.7,-164303.6,-562911.4,-25373.2,7406.0,0.0,0.0,16158.1,-10828.1,0,0
49.2167,3261.245,272.806,2861.245,321.294,104.095,-30.394,108.441,0.252,-0.168,22,16.28,5.72,0.6651,222000,205834.8,-83162.7,-164331.5,-562831.1,-25386.1,7412.1,0.0,0.0,16117.2,-10741.7,0,0
49.3167,3271.656,269.766,2871.656,324.334,104.12,-30.411,108.47,0.251,-0.167,22,16.28,5.72,0.6647,222000,205834.8,-83162.7,-164359.8,-562754.3,-25399.0,7418.1,0.0,0.0,16076.0,-10658.8,0,0
49.4167,3282.069,266.724,2882.069,327.376,104.145,-30.428,108.499,0.251,-0.165,22,16.29,5.71,0.6643,222000,205834.8,-83162.7,-164388.4,-562680.7,-25411.8,7424.1,0.0,0.0,16034.6,-10579.2,0,0
49.5167,3292.485,263.68,2892.485,330.42,104.17,-30.444,108.528,0.25,-0.164,22,16.29,5.71,0.6639,222000,205834.8,-83162.7,-164417.3,-562610.1,-25424.6,7430.1,0.0,0.0,15992.8,-10502.6,0,0
49.6167,3302.904,260.635,2902.904,333.465,104.195,-30.461,108.556,0.249,-0.163,22,16.3,5.7,0.6634,222000,205834.8,-83162.7,-164446.5,-562542.4,-25437.4,7436.1,0.0,0.0,15950.9,-10429.0,0,0
49.7167,3313.325,257.588,2913.325,336.512,104.22,-30.477,108.585,0.249,-0.162,22,16.3,5.7,0.663,222000,205834.8,-83162.7,-164475.9,-562477.4,-25450.2,7442.0,0.0,0.0,15908.7,-10358.1,0,0
49.8167,3323.748,254.539,2923.748,339.561,104.245,-30.493,108.613,0.248,-0.161,22,16.3,5.7,0.6626,222000,205834.8,-83162.7,-164505.6,-562414.9,-25462.9,7447.9,0.0,0.0,15866.4,-10289.7,0,0
49.9167,3334.174,251.489,2934.174,342.611,104.269,-30.509,108.641,0.247,-0.16,22,16.31,5.69,0.6622,222000,205834.8,-83162.7,-164535.4,-562354.9,-25475.6,7453.7,0.0,0.0,15823.9,-10223.8,0,0
50.0167,3344.602,248.437,2944.602,345.663,104.294,-30.525,108.669,0.247,-0.159,22,16.31,5.69,0.6618,222000,205834.8,-83162.7,-164565.4,-562297.0,-25488.2,7459.5,0.0,0.0,15781.2,-10160.2,0,0
50.1167,3355.033,245.384,2955.033,348.716,104.319,-30.541,108.697,0.246,-0.158,22,16.32,5.68,0.6614,222000,205834.8,-83162.7,-164595.6,-562241.3,-25500.8,7465.3,0.0,0.0,15738.4,-10098.6,0,0
50.2167,3365.466,242.329,2965.466,351.771,104.343,-30.556,108.725,0.245,-0.157,22,16.32,5.68,0.6611,222000,205834.8,-83162.7,-164626.0,-562187.6,-25513.4,7471.1,0.0,0.0,15695.5,-10039.2,0,0
50.3167,3375.902,239.272,2975.902,354.828,104.368,-30.572,108.753,0.245,-0.156,22,16.33,5.67,0.6607,222000,205834.8,-83162.7,-164656.4,-562135.8,-25525.9,7476.9,0.0,0.0,15652.5,-9981.6,0,0
50.4167,3386.34,236.214,2986.34,357.886,104.392,-30.588,108.781,0.244,-0.155,22,16.33,5.67,0.6603,222000,205834.8,-83162.7,-164687.0,-562085.7,-25538.4,7482.6,0.0,0.0,15609.4,-9925.8,0,0
50.5167,3396.781,233.154,2996.781,360.946,104.416,-30.603,108.809,0.243,-0.154,22,16.33,5.67,0.6599,222000,205834.8,-83162.7,-164717.7,-562037.3,-25550.9,7488.3,0.0,0.0,15566.2,-9871.7,0,0
50.6167,3407.224,230.093,3007.224,364.007,104.441,-30.618,108.836,0.243,-0.153,22,16.34,5.66,0.6595,222000,205834.8,-83162.7,-164748.5,-561990.5,-25563.3,7493.9,0.0,0.0,15523.0,-9819.2,0,0
50.7167,3417.67,227.03,3017.67,367.07,104.465,-30.634,108.864,0.242,-0.153,22,16.34,5.66,0.6592,222000,205834.8,-83162.7,-164779.3,-561945.1,-25575.8,7499.6,0.0,0.0,15479.7,-9768.2,0,0
50.8167,3428.117,223.966,3028.117,370.134,104.489,-30.649,108.891,0.241,-0.152,22,16.35,5.65,0.6588,222000,205834.8,-83162.7,-164810.3,-561901.1,-25588.1,7505.2,0.0,0.0,15436.4,-9718.6,0,0
50.9167,3438.568,220.9,3038.568,373.2,104.513,-30.664,108.919,0.241,-0.151,22,16.35,5.65,0.6584,222000,205834.8,-83162.7,-164841.2,-561858.5,-25600.5,7510.8,0.0,0.0,15393.1,-9670.3,0,0
51.0167,3449.02,217.833,3049.02,376.267,104.537,-30.679,108.946,0.24,-0.15,22,16.35,5.65,0.6581,222000,205834.8,-83162.7,-164872.2,-561817.1,-25612.8,7516.4,0.0,0.0,15349.8,-9623.4,0,0
51.1167,3459.476,214.764,3059.476,379.336,104.561,-30.694,108.973,0.239,-0.15,22,16.36,5.64,0.6577,222000,205834.8,-83162.7,-164903.3,-561776.8,-25625.0,7521.9,0.0,0.0,15306.5,-9577.6,0,0
51.2167,3469.933,211.694,3069.933,382.406,104.585,-30.709,109.0,0.238,-0.149,22,16.36,5.64,0.6573,222000,205834.8,-83162.7,-164934.4,-561737.7,-25637.3,7527.5,0.0,0.0,15263.2,-9532.9,0,0
51.3167,3480.393,208.622,3080.393,385.478,104.609,-30.724,109.027,0.238,-0.148,22,16.37,5.63,0.657,222000,205834.8,-83162.7,-164965.4,-561699.6,-25649.5,7533.0,0.0,0.0,15219.9,-9489.3,0,0
51.4167,3490.855,205.549,3090.855,388.551,104.633,-30.739,109.054,0.237,-0.148,22,16.37,5.63,0.6566,222000,205834.8,-83162.7,-164996.5,-561662.5,-25661.6,7538.5,0.0,0.0,15176.7,-9446.6,0,0
51.5167,3501.32,202.474,3101.32,391.626,104.656,-30.753,109.081,0.236,-0.147,22,16.37,5.63,0.6563,222000,205834.8,-83162.7,-165027.6,-561626.3,-25673.8,7544.0,0.0,0.0,15133.4,-9405.0,0,0
51.6167,3511.787,199.398,3111.787,394.702,104.68,-30.768,109.108,0.236,-0.146,22,16.38,5.62,0.6559,222000,205834.8,-83162.7,-165058.7,-561590.9,-25685.9,7549.4,0.0,0.0,15090.2,-9364.2,0,0
51.7167,3522.256,196.32,3122.256,397.78,104.703,-30.783,109.135,0.235,-0.146,22,16.38,5.62,0.6556,222000,205834.8,-83162.7,-165089.8,-561556.4,-25697.9,7554.8,0.0,0.0,15047.1,-9324.3,0,0
51.8167,3532.728,193.241,3132.728,400.859,104.727,-30.797,109.161,0.234,-0.145,22,16.39,5.61,0.6552,222000,205834.8,-83162.7,-165120.8,-561522.7,-25710.0,7560.3,0.0,0.0,15004.0,-9285.1,0,0
51.9167,3543.202,190.161,3143.202,403.939,104.75,-30.812,109.188,0.234,-0.144,22,16.39,5.61,0.6549,222000,205834.8,-83162.7,-165151.9,-561489.7,-25722.0,7565.6,0.0,0.0,14961.0,-9246.7,0,0
52.0167,3553.678,187.079,3153.678,407.021,104.774,-30.826,109.214,0.233,-0.144,22,16.39,5.61,0.6545,222000,205834.8,-83162.7,-165182.8,-561457.4,-25734.0,7571.0,0.0,0.0,14918.0,-9209.1,0,0
52.1167,3564.157,183.995,3164.157,410.105,104.797,-30.84,109.241,0.232,-0.143,22,16.4,5.6,0.6542,222000,205834.8,-83162.7,-165213.8,-561425.8,-25745.9,7576.4,0.0,0.0,14875.1,-9172.1,0,0
52.2167,3574.638,180.91,3174.638,413.19,104.82,-30.855,109.267,0.232,-0.143,22,16.4,5.6,0.6539,222000,205834.8,-83162.7,-165244.7,-561394.8,-25757.8,7581.7,0.0,0.0,14832.3,-9135.8,0,0
52.3167,3585.122,177.824,3185.122,416.276,104.843,-30.869,109.293,0.231,-0.142,22,16.41,5.59,0.6535,222000,205834.8,-83162.7,-165275.6,-561364.4,-25769.7,7587.0,0.0,0.0,14789.5,-9100.0,0,0
52.4167,3595.607,174.736,3195.607,419.364,104.866,-30.883,109.319,0.23,-0.142,22,16.41,5.59,0.6532,222000,205834.8,-83162.7,-165306.4,-561334.6,-25781.5,7592.4,0.0,0.0,14746.9,-9064.9,0,0
52.5167,3606.095,171.647,3206.095,422.453,104.889,-30.897,109.345,0.23,-0.141,22,16.41,5.59,0.6528,222000,205834.8,-83162.7,-165337.2,-561305.2,-25793.3,7597.6,0.0,0.0,14704.3,-9030.3,0,0
52.6167,3616.585,168.557,3216.585,425.543,104.912,-30.911,109.371,0.229,-0.141,22,16.42,5.58,0.6525,222000,205834.8,-83162.7,-165367.9,-561276.4,-25805.1,7602.9,0.0,0.0,14661.8,-8996.2,0,0
52.7167,3627.078,165.465,3227.078,428.635,104.935,-30.925,109.397,0.228,-0.14,22,16.42,5.58,0.6522,222000,205834.8,-83162.7,-165398.6,-561248.1,-25816.8,7608.2,0.0,0.0,14619.4,-8962.6,0,0
52.8167,3637.573,162.371,3237.573,431.729,104.958,-30.939,109.423,0.228,-0.14,22,16.42,5.58,0.6519,222000,205834.8,-83162.7,-165429.2,-561220.2,-25828.6,7613.4,0.0,0.0,14577.1,-8929.4,0,0
52.9167,3648.07,159.277,3248.07,434.823,104.981,-30.953,109.449,0.227,-0.139,22,16.43,5.57,0.6515,222000,205834.8,-83162.7,-165459.7,-561192.7,-25840.2,7618.6,0.0,0.0,14534.9,-8896.8,0,0
53.0167,3658.569,156.181,3258.569,437.919,105.003,-30.967,109.474,0.226,-0.139,22,16.43,5.57,0.6512,222000,205834.8,-83162.7,-165490.2,-561165.7,-25851.9,7623.8,0.0,0.0,14492.8,-8864.5,0,0
53.1167,3669.071,153.083,3269.071,441.017,105.026,-30.981,109.5,0.226,-0.138,22,16.43,5.57,0.6509,222000,205834.8,-83162.7,-165520.6,-561139.0,-25863.5,7629.0,0.0,0.0,14450.7,-8832.7,0,0
53.2167,3679.575,149.984,3279.575,444.116,105.048,-30.995,109.526,0.225,-0.138,22,16.44,5.56,0.6506,222000,205834.8,-83162.7,-165550.9,-561112.7,-25875.1,7634.2,0.0,0.0,14408.8,-8801.2,0,0
53.3167,3690.081,146.884,3290.081,447.216,105.071,-31.008,109.551,0.224,-0.137,22,16.44,5.56,0.6502,222000,205834.8,-83162.7,-165581.1,-561086.8,-25886.6,7639.4,0.0,0.0,14367.0,-8770.1,0,0
53.4167,3700.59,143.782,3300.59,450.318,105.093,-31.022,109.576,0.224,-0.137,22,16.45,5.55,0.6499,222000,205834.8,-83162.7,-165611.3,-561061.2,-25898.2,7644.5,0.0,0.0,14325.3,-8739.4,0,0
53.5167,3711.1,140.679,3311.1,453.421,105.116,-31.036,109.602,0.223,-0.136,22,16.45,5.55,0.6496,222000,205834.8,-83162.7,-165641.4,-561035.9,-25909.7,7649.6,0.0,0.0,14283.8,-8708.9,0,0
53.6167,3721.613,137.575,3321.613,456.525,105.138,-31.049,109.627,0.223,-0.136,22,16.45,5.55,0.6493,222000,205834.8,-83162.7,-165671.4,-561010.9,-25921.1,7654.7,0.0,0.0,14242.3,-8678.9,0,0
53.7167,3732.128,134.469,3332.128,459.631,105.16,-31.063,109.652,0.222,-0.135,22,16.46,5.54,0.649,222000,205834.8,-83162.7,-165701.3,-560986.2,-25932.5,7659.8,0.0,0.0,14200.9,-8649.1,0,0
53.8167,3742.645,131.362,3342.645,462.738,105.182,-31.076,109.677,0.221,-0.135,22,16.46,5.54,0.6487,222000,205834.8,-83162.7,-165731.2,-560961.8,-25943.9,7664.9,0.0,0.0,14159.7,-8619.6,0,0
53.9167,3753.165,128.254,3353.165,465.846,105.204,-31.09,109.702,0.221,-0.134,22,16.46,5.54,0.6484,222000,205834.8,-83162.7,-165761.0,-560937.7,-25955.3,7670.0,0.0,0.0,14118.5,-8590.4,0,0
54.0167,3763.687,125.144,3363.687,468.956,105.226,-31.103,109.727,0.22,-0.134,22,16.47,5.53,0.648,222000,205834.8,-83162.7,-165790.6,-560913.8,-25966.6,7675.0,0.0,0.0,14077.5,-8561.4,0,0
54.1167,3774.211,122.033,3374.211,472.067,105.248,-31.117,109.752,0.219,-0.133,22,16.47,5.53,0.6477,222000,205834.8,-83162.7,-165820.2,-560890.1,-25977.9,7680.1,0.0,0.0,14036.6,-8532.7,0,0
54.2167,3784.737,118.92,3384.737,475.18,105.27,-31.13,109.777,0.219,-0.133,22,16.47,5.53,0.6474,222000,205834.8,-83162.7,-165849.7,-560866.7,-25989.2,7685.1,0.0,0.0,13995.9,-8504.3,0,0
54.3167,3795.265,115.807,3395.265,478.293,105.292,-31.143,109.801,0.218,-0.132,22,16.48,5.52,0.6471,222000,205834.8,-83162.7,-165879.2,-560843.5,-26000.5,7690.1,0.0,0.0,13955.2,-8476.1,0,0
54.4167,3805.796,112.692,3405.796,481.408,105.314,-31.156,109.826,0.217,-0.132,22,16.48,5.52,0.6468,222000,205834.8,-83162.7,-165908.5,-560820.5,-26011.7,7695.1,0.0,0.0,13914.6,-8448.1,0,0
54.5167,3816.328,109.575,3416.328,484.525,105.336,-31.17,109.85,0.217,-0.132,22,16.48,5.52,0.6465,222000,205834.8,-83162.7,-165937.7,-560797.7,-26022.9,7700.1,0.0,0.0,13874.2,-8420.3,0,0
54.6167,3826.863,106.457,3426.863,487.643,105.357,-31.183,109.875,0.216,-0.131,22,16.49,5.51,0.6462,222000,205834.8,-83162.7,-165966.9,-560775.1,-26034.0,7705.0,0.0,0.0,13833.9,-8392.8,0,0
54.7167,3837.4,103.338,3437.4,490.762,105.379,-31.196,109.899,0.216,-0.131,22,16.49,5.51,0.6459,222000,205834.8,-83162.7,-165995.9,-560752.7,-26045.1,7710.0,0.0,0.0,13793.7,-8365.4,0,0
54.8167,3847.939,100.218,3447.939,493.882,105.4,-31.209,109.924,0.215,-0.13,22,16.49,5.51,0.6456,222000,205834.8,-83162.7,-166024.9,-560730.5,-26056.2,7714.9,0.0,0.0,13753.7,-8338.3,0,0
54.9167,3858.48,97.096,3458.48,497.004,105.422,-31.222,109.948,0.214,-0.13,22,16.5,5.5,0.6453,222000,205834.8,-83162.7,-166053.8,-560708.5,-26067.3,7719.8,0.0,0.0,13713.7,-8311.3,0,0
55.0167,3869.024,93.973,3469.024,500.127,105.443,-31.235,109.972,0.214,-0.129,22,16.5,5.5,0.645,222000,205834.8,-83162.7,-166082.6,-560686.6,-26078.3,7724.7,0.0,0.0,13673.9,-8284.6,0,0
55.1167,3879.569,90.849,3479.569,503.251,105.465,-31.248,109.996,0.213,-0.129,22,16.5,5.5,0.6447,222000,205834.8,-83162.7,-166111.3,-560664.9,-26089.3,7729.6,0.0,0.0,13634.2,-8258.0,0,0
55.2167,3890.117,87.724,3490.117,506.376,105.486,-31.261,110.02,0.212,-0.129,22,16.51,5.49,0.6444,222000,205834.8,-83162.7,-166139.9,-560643.4,-26100.3,7734.5,0.0,0.0,13594.7,-8231.5,0,0
55.3167,3900.667,84.597,3500.667,509.503,105.507,-31.273,110.044,0.212,-0.128,22,16.51,5.49,0.6441,222000,205834.8,-83162.7,-166168.4,-560622.0,-26111.2,7739.4,0.0,0.0,13555.2,-8205.3,0,0
55.4167,3911.219,81.469,3511.219,512.631,105.528,-31.286,110.068,0.211,-0.128,22,16.51,5.49,0.6438,222000,205834.8,-83162.7,-166196.8,-560600.8,-26122.1,7744.2,0.0,0.0,13515.9,-8179.2,0,0
55.5167,3921.773,78.34,3521.773,515.76,105.549,-31.299,110.092,0.211,-0.127,22,16.52,5.48,0.6435,222000,205834.8,-83162.7,-166225.1,-560579.7,-26133.0,7749.1,0.0,0.0,13476.7,-8153.3,0,0
55.6167,3932.329,75.209,3532.329,518.891,105.57,-31.312,110.116,0.21,-0.127,22,16.52,5.48,0.6432,222000,205834.8,-83162.7,-166253.3,-560558.7,-26143.9,7753.9,0.0,0.0,13437.6,-8127.5,0,0
55.7167,3942.887,72.077,3542.887,522.023,105.591,-31.324,110.14,0.209,-0.127,22,16.52,5.48,0.6429,222000,205834.8,-83162.7,-166281.5,-560537.9,-26154.7,7758.7,0.0,0.0,13398.6,-8101.8,0,0
55.8167,3953.448,68.944,3553.448,525.156,105.612,-31.337,110.163,0.209,-0.126,22,16.53,5.47,0.6427,222000,205834.8,-83162.7,-166309.5,-560517.2,-26165.5,7763.5,0.0,0.0,13359.8,-8076.3,0,0
55.9167,3964.01,65.809,3564.01,528.291,105.633,-31.35,110.187,0.208,-0.126,22,16.53,5.47,0.6424,222000,205834.8,-83162.7,-166337.4,-560496.6,-26176.3,7768.3,0.0,0.0,13321.1,-8051.0,0,0
56.0167,3974.575,62.674,3574.575,531.426,105.654,-31.362,110.21,0.208,-0.125,22,16.53,5.47,0.6421,222000,205834.8,-83162.7,-166365.3,-560476.1,-26187.0,7773.1,0.0,0.0,13282.5,-8025.8,0,0
56.1167,3985.141,59.537,3585.141,534.563,105.674,-31.375,110.234,0.207,-0.125,22,16.54,5.46,0.6418,222000,205834.8,-83162.7,-166393.1,-560455.8,-26197.7,7777.8,0.0,0.0,13244.0,-8000.7,0,0
56.2167,3995.71,56.399,3595.71,537.701,105.695,-31.387,110.257,0.206,-0.125,22,16.54,5.46,0.6415,222000,205834.8,-83162.7,-166420.7,-560435.6,-26208.4,7782.6,0.0,0.0,13205.7,-7975.7,0,0
56.3167,4006.281,53.259,3606.281,540.841,105.716,-31.4,110.28,0.206,-0.124,22,16.54,5.46,0.6412,222000,205834.8,-83162.7,-166448.3,-560415.5,-26219.0,7787.3,0.0,0.0,13167.5,-7950.9,0,0
56.4167,4016.853,50.118,3616.853,543.982,105.736,-31.412,110.304,0.205,-0.124,22,16.55,5.45,0.6409,222000,205834.8,-83162.7,-166475.8,-560395.5,-26229.7,7792.0,0.0,0.0,13129.4,-7926.2,0,0
56.5167,4027.428,46.977,3627.428,547.123,105.757,-31.424,110.327,0.205,-0.123,22,16.55,5.45,0.6407,222000,205834.8,-83162.7,-166503.1,-560375.7,-26240.3,7796.7,0.0,0.0,13091.4,-7901.6,0,0
56.6167,4038.005,43.833,3638.005,550.267,105.777,-31.437,110.35,0.204,-0.123,22,16.55,5.45,0.6404,222000,205834.8,-83162.7,-166530.4,-560355.9,-26250.8,7801.4,0.0,0.0,13053.6,-7877.1,0,0
56.7167,4048.584,40.689,3648.584,553.411,105.798,-31.449,110.373,0.203,-0.123,22,16.55,5.45,0.6401,222000,205834.8,-83162.7,-166557.6,-560336.2,-26261.4,7806.1,0.0,0.0,13015.8,-7852.8,0,0
56.8167,4059.165,37.543,3659.165,556.557,105.818,-31.461,110.396,0.203,-0.122,22,16.56,5.44,0.6398,222000,205834.8,-83162.7,-166584.7,-560316.7,-26271.9,7810.7,0.0,0.0,12978.2,-7828.6,0,0
56.9167,4069.748,34.397,3669.748,559.703,105.838,-31.473,110.419,0.202,-0.122,22,16.56,5.44,0.6396,222000,205834.8,-83162.7,-166611.7,-560297.2,-26282.3,7815.4,0.0,0.0,12940.7,-7804.5,0,0
57.0167,4080.333,31.249,3680.333,562.851,105.858,-31.486,110.441,0.202,-0.122,22,16.56,5.44,0.6393,222000,205834.8,-83162.7,-166638.7,-560277.8,-26292.8,7820.0,0.0,0.0,12903.4,-7780.4,0,0
57.1167,4090.92,28.099,3690.92,566.001,105.878,-31.498,110.464,0.201,-0.121,22,16.57,5.43,0.639,222000,205834.8,-83162.7,-166665.5,-560258.6,-26303.2,7824.7,0.0,0.0,12866.1,-7756.5,0,0
57.2167,4101.509,24.949,3701.509,569.151,105.898,-31.51,110.487,0.2,-0.121,22,16.57,5.43,0.6387,222000,205834.8,-83162.7,-166692.2,-560239.4,-26313.6,7829.3,0.0,0.0,12829.0,-7732.8,0,0
57.3167,4112.1,21.797,3712.1,572.303,105.918,-31.522,110.509,0.2,-0.12,22,16.57,5.43,0.6385,222000,205834.8,-83162.7,-166718.8,-560220.3,-26324.0,7833.9,0.0,0.0,12792.0,-7709.1,0,0
57.4167,4122.693,18.644,3722.693,575.456,105.938,-31.534,110.532,0.199,-0.12,22,16.58,5.42,0.6382,222000,205834.8,-83162.7,-166745.4,-560201.3,-26334.3,7838.5,0.0,0.0,12755.1,-7685.5,0,0
57.5167,4133.288,15.49,3733.288,578.61,105.958,-31.546,110.555,0.199,-0.12,22,16.58,5.42,0.6379,222000,205834.8,-83162.7,-166771.8,-560182.4,-26344.6,7843.1,0.0,0.0,12718.3,-7662.0,0,0
57.6167,4143.885,12.335,3743.885,581.765,105.978,-31.558,110.577,0.198,-0.119,22,16.58,5.42,0.6376,222000,205834.8,-83162.7,-166798.2,-560163.6,-26354.9,7847.6,0.0,0.0,12681.7,-7638.6,0,0
57.7167,4154.484,9.178,3754.484,584.922,105.998,-31.57,110.599,0.198,-0.119,22,16.58,5.42,0.6374,222000,205834.8,-83162.7,-166824.5,-560144.8,-26365.2,7852.2,0.0,0.0,12645.2,-7615.3,0,0
57.8167,4165.085,6.021,3765.085,588.079,106.018,-31.582,110.622,0.197,-0.119,22,16.59,5.41,0.6371,222000,205834.8,-83162.7,-166850.7,-560126.2,-26375.4,7856.7,0.0,0.0,12608.8,-7592.1,0,0
57.9167,4175.688,2.862,3775.688,591.238,106.037,-31.593,110.644,0.196,-0.118,22,16.59,5.41,0.6368,222000,205834.8,-83162.7,-166876.8,-560107.6,-26385.6,7861.2,0.0,0.0,12572.5,-7569.1,0,0
58.0167,4186.292,-0.299,3786.292,594.399,106.05,-31.627,110.666,-0.196,-1.411,23,16.59,6.41,0.7266,222000,204352.1,-86742.3,-190500.0,-639276.4,-26395.8,7865.8,0.0,0.0,-12543.7,-90313.0,0,0
58.1167,4196.89,-3.489,3796.89,597.589,105.894,-32.206,110.683,-2.552,-8.842,29,16.84,12.16,1.2447,222000,194165.6,-107627.7,-331100.7,-1094107.6,-26370.9,7980.4,0.0,0.0,-163306.1,-565914.9,0,0
58.2167,4207.461,-6.771,3807.461,600.871,105.572,-33.263,110.688,-3.335,-10.676,31,17.39,13.61,1.3748,222000,190291.1,-114338.5,-377435.5,-1205012.2,-26296.0,8236.5,0.0,0.0,-213440.3,-683274.2,0,0
58.3167,4217.999,-10.157,3817.999,604.257,105.241,-34.286,110.685,-3.294,-9.921,31,17.95,13.05,1.3241,222000,190291.1,-114338.5,-374898.5,-1156933.6,-26212.9,8494.2,0.0,0.0,-210820.3,-634937.9,0,0
58.4167,4228.504,-13.642,3828.504,607.742,104.915,-35.237,110.674,-3.242,-9.215,31,18.48,12.52,1.2767,222000,190291.1,-114338.5,-371652.1,-1111989.2,-26129.0,8732.9,0.0,0.0,-207490.0,-589754.7,0,0
58.5167,4238.977,-17.218,3838.977,611.318,104.594,-36.119,110.655,-3.181,-8.555,31,18.97,12.03,1.2325,222000,190291.1,-114338.5,-367851.0,-1069987.8,-26044.8,8953.9,0.0,0.0,-203604.6,-547532.3,0,0
58.6167,4249.418,-20.878,3849.418,614.978,104.28,-36.938,110.629,-3.114,-7.939,31,19.43,11.57,1.1911,222000,190291.1,-114338.5,-363626.6,-1030747.0,-25960.4,9158.3,0.0,0.0,-199295.9,-508087.2,0,0
58.7167,4259.828,-24.616,3859.828,618.716,103.973,-37.698,110.596,-3.042,-7.363,31,19.86,11.14,1.1525,222000,190291.1,-114338.5,-359090.2,-994093.1,-25876.2,9347.1,0.0,0.0,-194675.3,-471244.4,0,0
58.8167,4270.208,-28.428,3870.208,622.528,103.673,-38.403,110.557,-2.966,-6.826,31,20.26,10.74,1.1164,222000,190291.1,-114338.5,-354335.1,-959861.3,-25792.5,9521.4,0.0,0.0,-189836.5,-436838.4,0,0
58.9167,4280.558,-32.307,3880.558,626.407,103.381,-39.056,110.512,-2.888,-6.324,31,20.64,10.36,1.0828,222000,190291.1,-114338.5,-349440.0,-927895.7,-25709.3,9682.0,0.0,0.0,-184858.1,-404712.2,0,0
59.0167,4290.879,-36.248,3890.879,630.348,103.096,-39.661,110.462,-2.809,-5.855,31,20.99,10.01,1.0513,222000,190291.1,-114338.5,-344469.9,-898049.3,-25626.9,9829.9,0.0,0.0,-179805.7,-374717.9,0,0
59.1167,4301.173,-40.247,3901.173,634.347,102.82,-40.221,110.407,-2.73,-5.417,31,21.31,9.69,1.0219,222000,190291.1,-114338.5,-339478.9,-870183.7,-25545.4,9965.8,0.0,0.0,-174733.1,-346716.4,0,0
59.2167,4311.439,-44.3,3911.439,638.4,102.552,-40.738,110.347,-2.651,-5.009,31,21.62,9.38,0.9945,222000,190291.1,-114338.5,-334511.3,-844168.7,-25464.7,10090.7,0.0,0.0,-169684.9,-320576.5,0,0
59.3167,4321.679,-48.402,3921.679,642.502,102.291,-41.217,110.283,-2.573,-4.628,31,21.9,9.1,0.9689,222000,190291.1,-114338.5,-329603.0,-819882.2,-25385.1,10205.1,0.0,0.0,-164697.0,-296175.5,0,0
59.4167,4331.893,-52.549,3931.893,646.649,102.038,-41.658,110.214,-2.497,-4.272,31,22.17,8.83,0.9451,222000,190291.1,-114338.5,-324783.0,-797209.5,-25306.6,10309.9,0.0,0.0,-159798.4,-273398.1,0,0
59.5167,4342.082,-56.739,3942.082,650.839,101.793,-42.066,110.142,-2.422,-3.94,31,22.41,8.59,0.9228,222000,190291.1,-114338.5,-320074.0,-776043.5,-25229.1,10405.6,0.0,0.0,-155011.9,-252136.4,0,0
59.6167,4352.248,-60.968,3952.248,655.068,101.555,-42.442,110.067,-2.349,-3.63,31,22.64,8.36,0.902,222000,190291.1,-114338.5,-315493.7,-756283.7,-25152.7,10492.8,0.0,0.0,-150355.3,-232289.4,0,0
59.7167,4362.39,-65.233,3962.39,659.333,101.324,-42.788,109.988,-2.279,-3.34,31,22.86,8.14,0.8827,222000,190291.1,-114338.5,-311055.6,-737836.4,-25077.4,10572.1,0.0,0.0,-145841.9,-213762.7,0,0
59.8167,4372.509,-69.53,3972.509,663.63,101.1,-43.106,109.906,-2.211,-3.07,31,23.06,7.94,0.8646,222000,190291.1,-114338.5,-306769.3,-720613.7,-25003.2,10644.0,0.0,0.0,-141481.4,-196468.1,0,0
59.9167,4382.606,-73.858,3982.606,667.958,100.883,-43.398,109.822,-2.145,-2.818,31,23.25,7.75,0.8478,222000,190291.1,-114338.5,-302641.6,-704533.8,-24930.2,10709.1,0.0,0.0,-137280.6,-180323.2,0,0
60.0167,4392.682,-78.214,3992.682,672.314,100.672,-43.666,109.734,-2.082,-2.582,31,23.42,7.58,0.8321,222000,190291.1,-114338.5,-298676.4,-689520.3,-24858.1,10767.7,0.0,0.0,-133243.5,-165251.1,0,0
60.1167,4402.738,-82.595,4002.738,676.695,100.468,-43.911,109.645,-2.021,-2.362,31,23.58,7.42,0.8176,222000,190291.1,-114338.5,-294875.9,-675501.7,-24787.2,10820.3,0.0,0.0,-129371.9,-151179.8,0,0
60.2167,4412.77,-87.006,4012.77,681.106,100.179,-44.334,109.551,-4.116,-6.906,35,23.8,11.2,1.1578,222000,181851.8,-127334.0,-420543.0,-953394.0,-24703.8,10896.9,0.0,0.0,-263395.0,-441991.1,0,0
60.3167,4422.758,-91.491,4022.758,685.591,99.67,-45.212,109.445,-4.883,-8.043,41,24.32,16.68,1.2314,222000,167545.5,-145645.1,-455526.3,-1008026.3,-24558.3,11097.9,0.0,0.0,-312539.0,-514733.5,0,1
60.4167,4432.697,-96.056,4032.697,690.156,99.192,-45.969,109.326,-4.878,-7.655,42,24.79,17.21,1.2048,222000,164978.2,-148547.0,-452741.7,-980460.5,-24414.5,11273.7,0.0,0.0,-312178.0,-489893.7,0,1
60.5167,4442.588,-100.698,4042.588,694.798,98.69,-46.746,109.201,-5.129,-7.86,42,25.26,16.74,1.2287,222000,164978.2,-148547.0,-468990.0,-993772.1,-24264.4,11451.1,0.0,0.0,-328276.3,-503028.1,0,1
60.6167,4452.426,-105.419,4052.426,699.519,98.162,-47.544,109.07,-5.393,-8.067,42,25.76,16.24,1.2534,222000,164978.2,-148547.0,-486007.8,-1007202.2,-24106.9,11632.4,0.0,0.0,-345136.5,-516276.8,0,1
60.7167,4462.21,-110.221,4062.21,704.321,97.606,-48.363,108.931,-5.669,-8.275,42,26.27,15.73,1.279,222000,164978.2,-148547.0,-503828.8,-1020727.9,-23941.6,11817.5,0.0,0.0,-362792.3,-529617.4,0,1
60.8167,4471.937,-115.106,4071.937,709.206,97.023,-49.203,108.786,-5.957,-8.485,42,26.8,15.2,1.3055,222000,164978.2,-148547.0,-522488.0,-1034323.7,-23768.3,12006.5,0.0,0.0,-381278.2,-543024.2,0,1
60.9167,4481.604,-120.076,4081.604,714.176,96.41,-50.063,108.633,-6.26,-8.695,42,27.35,14.65,1.3329,222000,164978.2,-148547.0,-542021.1,-1047961.3,-23586.6,12199.3,0.0,0.0,-400629.5,-556469.0,0,1
61.0167,4491.207,-125.134,4091.207,719.234,95.765,-50.945,108.473,-6.576,-8.905,42,27.92,14.08,1.3613,222000,164978.2,-148547.0,-562464.4,-1061609.1,-23396.1,12395.8,0.0,0.0,-420882.4,-569920.3,0,1
61.1167,4500.745,-130.281,4100.745,724.381,95.093,-51.84,108.305,-6.739,-8.805,42,28.5,13.5,1.3649,222000,164978.2,-148547.0,-573059.5,-1055413.9,-23197.0,12595.3,0.0,0.0,-431278.3,-563525.6,0,0
61.2167,4510.215,-135.514,4110.215,729.614,94.431,-52.676,108.129,-6.531,-8.053,42,29.06,12.94,1.3142,222000,164978.2,-148547.0,-559932.4,-1007490.5,-22997.8,12781.5,0.0,0.0,-417952.1,-515416.0,0,0
61.3167,4519.621,-140.827,4119.621,734.927,93.79,-53.441,107.947,-6.322,-7.355,42,29.59,12.41,1.2669,222000,164978.2,-148547.0,-546814.8,-962963.0,-22802.7,12948.4,0.0,0.0,-404639.3,-470721.6,0,0
61.4167,4528.963,-146.212,4128.963,740.312,93.17,-54.138,107.757,-6.116,-6.706,42,30.08,11.92,1.2227,222000,164978.2,-148547.0,-533816.1,-921588.8,-22611.6,13097.4,0.0,0.0,-391449.5,-429198.3,0,0
61.5167,4538.245,-151.663,4138.245,745.763,92.57,-54.773,107.561,-5.914,-6.103,42,30.54,11.46,1.1815,222000,164978.2,-148547.0,-521023.9,-883141.4,-22424.7,13229.8,0.0,0.0,-378470.5,-390618.5,0,0
61.6167,4547.468,-157.175,4147.468,751.275,91.99,-55.35,107.359,-5.715,-5.543,42,30.97,11.03,1.143,222000,164978.2,-148547.0,-508507.6,-847409.6,-22242.0,13346.8,0.0,0.0,-365771.4,-354769.8,0,0
61.7167,4556.634,-162.741,4156.634,756.841,91.43,-55.874,107.151,-5.522,-5.023,42,31.37,10.63,1.1071,222000,164978.2,-148547.0,-496320.9,-814196.8,-22063.4,13449.5,0.0,0.0,-353406.1,-321454.3,0,0
61.8167,4565.745,-168.357,4165.745,762.457,90.855,-56.401,106.938,-6.682,-6.666,44,31.75,12.25,1.2526,222000,159693.4,-154214.2,-565456.9,-913796.3,-21886.1,13543.1,0.0,0.0,-427649.6,-426627.4,0,0
61.9167,4574.788,-174.041,4174.788,768.141,90.146,-57.107,106.712,-6.516,-5.944,50,32.28,17.72,1.1794,222000,142698.8,-170061.9,-538080.9,-851884.5,-21669.5,13687.2,0.0,0.0,-417051.5,-380419.1,0,1
62.0167,4583.764,-179.786,4183.764,773.886,89.481,-57.709,106.476,-6.749,-6.074,50,32.74,17.26,1.2025,222000,142698.8,-170061.9,-553188.1,-860333.0,-21463.3,13800.8,0.0,0.0,-431952.6,-388754.1,0,1
62.1167,4592.672,-185.593,4192.672,779.693,88.792,-58.324,106.234,-6.991,-6.204,50,33.22,16.78,1.2264,222000,142698.8,-170061.9,-568885.9,-868741.0,-21251.0,13916.0,0.0,0.0,-447438.0,-397046.8,0,1
62.2167,4601.51,-191.462,4201.51,785.562,88.078,-58.952,105.986,-7.243,-6.332,50,33.71,16.29,1.251,222000,142698.8,-170061.9,-585193.7,-877086.0,-21032.5,14032.9,0.0,0.0,-463527.3,-405275.0,0,1
62.3167,4610.275,-197.394,4210.275,791.494,87.339,-59.593,105.732,-7.504,-6.46,50,34.22,15.78,1.2765,222000,142698.8,-170061.9,-602131.3,-885343.6,-20807.4,14151.4,0.0,0.0,-480239.9,-413414.2,0,1
62.4167,4618.964,-203.392,4218.964,797.492,86.572,-60.246,105.472,-7.775,-6.585,50,34.74,15.26,1.3027,222000,142698.8,-170061.9,-619718.4,-893487.3,-20575.7,14271.2,0.0,0.0,-497595.3,-421438.0,0,1
62.5167,4627.575,-209.455,4227.575,803.555,85.779,-60.912,105.205,-8.056,-6.708,50,35.29,14.71,1.3298,222000,142698.8,-170061.9,-637974.9,-901488.3,-20337.2,14392.4,0.0,0.0,-515613.2,-429317.8,0,1
62.6167,4636.105,-215.585,4236.105,809.685,84.956,-61.589,104.932,-8.349,-6.828,50,35.85,14.15,1.3578,222000,142698.8,-170061.9,-656920.2,-909315.7,-20091.5,14514.8,0.0,0.0,-534312.8,-437022.7,0,1
62.7167,4644.551,-221.784,4244.551,815.884,84.106,-62.276,104.652,-8.541,-6.795,50,36.42,13.58,1.372,222000,142698.8,-170061.9,-669454.1,-907290.7,-19838.6,14638.1,0.0,0.0,-546593.9,-434874.4,0,0
62.8167,4652.913,-228.05,4252.913,822.15,83.27,-62.915,104.365,-8.229,-6.098,50,36.98,13.02,1.3215,222000,142698.8,-170061.9,-649780.7,-862814.7,-19587.0,14750.8,0.0,0.0,-526668.9,-390285.7,0,0
62.9167,4661.193,-234.375,4261.193,828.475,82.465,-63.487,104.072,-7.926,-5.453,50,37.51,12.49,1.2743,222000,142698.8,-170061.9,-630619.8,-821617.7,-19342.4,14845.9,0.0,0.0,-507263.3,-348993.6,0,0
63.0167,4669.394,-240.754,4269.394,834.854,81.689,-63.997,103.772,-7.632,-4.855,50,38.0,12.0,1.2302,222000,142698.8,-170061.9,-612037.3,-783447.6,-19104.7,14924.8,0.0,0.0,-488443.2,-310744.7,0,0
63.1167,4677.515,-247.186,4277.515,841.286,80.861,-64.546,103.464,-8.008,-4.988,55,38.52,16.48,1.2413,222000,127334.0,-181851.8,-620974.0,-780225.5,-18857.0,15008.1,0.0,0.0,-512497.0,-319229.2,0,1
63.2167,4685.558,-253.664,4285.558,847.764,80.134,-64.935,103.141,-7.181,-3.694,58,38.95,19.05,1.113,222000,117642.1,-188266.7,-558619.7,-691051.5,-18626.4,15056.9,0.0,0.0,-459604.0,-236421.3,0,1
63.3167,4693.529,-260.179,4293.529,854.279,79.405,-65.309,102.812,-7.363,-3.761,58,39.37,18.63,1.1338,222000,117642.1,-188266.7,-570489.7,-695364.6,-18399.4,15095.2,0.0,0.0,-471247.1,-240696.1,0,1
63.4167,4701.426,-266.732,4301.426,860.832,78.658,-65.688,102.479,-7.551,-3.826,58,39.79,18.21,1.1552,222000,117642.1,-188266.7,-582729.2,-699575.7,-18168.4,15133.8,0.0,0.0,-483255.5,-244868.6,0,1
63.5167,4709.247,-273.323,4309.247,867.423,77.891,-66.075,102.142,-7.744,-3.889,58,40.23,17.77,1.1771,222000,117642.1,-188266.7,-595346.2,-703668.7,-17933.3,15172.7,0.0,0.0,-495637.4,-248922.8,0,1
63.6167,4716.99,-279.954,4316.99,874.054,77.105,-66.467,101.799,-7.944,-3.951,58,40.69,17.31,1.1998,222000,117642.1,-188266.7,-608348.5,-707626.6,-17694.1,15211.7,0.0,0.0,-508400.5,-252841.6,0,1
63.7167,4724.654,-286.624,4324.654,880.724,76.299,-66.866,101.452,-8.149,-4.009,58,41.15,16.85,1.223,222000,117642.1,-188266.7,-621743.9,-711431.0,-17450.6,15250.7,0.0,0.0,-521552.5,-256607.0,0,1
63.8167,4732.236,-293.334,4332.236,887.434,75.472,-67.27,101.1,-8.361,-4.066,58,41.63,16.37,1.247,222000,117642.1,-188266.7,-635539.8,-715062.8,-17202.8,15289.7,0.0,0.0,-535100.6,-260199.8,0,1
63.9167,4739.734,-300.085,4339.734,894.185,74.623,-67.68,100.743,-8.579,-4.119,58,42.12,15.88,1.2716,222000,117642.1,-188266.7,-649743.1,-718501.5,-16950.6,15328.5,0.0,0.0,-549051.6,-263599.7,0,1
64.0167,4747.145,-306.877,4347.145,900.977,73.752,-68.095,100.38,-8.803,-4.169,58,42.63,15.37,1.297,222000,117642.1,-188266.7,-664360.3,-721725.4,-16693.9,15367.0,0.0,0.0,-563412.2,-266785.0,0,1
64.1167,4754.469,-313.711,4354.469,907.811,72.858,-68.514,100.013,-9.034,-4.215,58,43.15,14.85,1.3231,222000,117642.1,-188266.7,-679397.7,-724711.5,-16432.6,15405.2,0.0,0.0,-578188.2,-269733.0,0,1
64.2167,4761.701,-320.587,4361.701,914.687,71.941,-68.938,99.639,-9.272,-4.257,58,43.69,14.31,1.3499,222000,117642.1,-188266.7,-694860.6,-727435.8,-16166.7,15442.7,0.0,0.0,-593385.2,-272419.7,0,1
64.3167,4768.841,-327.506,4368.841,921.606,71.0,-69.366,99.26,-9.516,-4.294,58,44.24,13.76,1.3775,222000,117642.1,-188266.7,-710753.9,-729872.6,-15896.0,15479.6,0.0,0.0,-609007.8,-274819.7,0,1
64.4167,4775.886,-334.466,4375.886,928.566,70.062,-69.769,98.876,-9.222,-3.784,58,44.79,13.21,1.3388,222000,117642.1,-188266.7,-692209.4,-697268.4,-15624.8,15511.4,0.0,0.0,-590192.1,-242183.6,0,0
64.5167,4782.839,-341.464,4382.839,935.564,69.161,-70.115,98.485,-8.853,-3.228,58,45.31,12.69,1.2922,222000,117642.1,-188266.7,-668871.9,-661691.3,-15362.3,15529.0,0.0,0.0,-566592.1,-206588.9,0,0
64.6167,4789.704,-348.493,4389.704,942.593,68.297,-70.407,98.09,-8.499,-2.714,58,45.79,12.21,1.2485,222000,117642.1,-188266.7,-646464.6,-628791.1,-15108.6,15533.3,0.0,0.0,-543931.2,-173684.5,0,0
64.7167,4796.485,-355.549,4396.485,949.649,67.429,-70.686,97.689,-9.646,-3.62,60,46.26,13.74,1.3784,222000,111000.0,-192257.6,-713453.5,-682787.3,-14860.5,15528.0,0.0,0.0,-617314.1,-231677.0,0,1
64.8167,4803.176,-362.633,4403.176,956.733,66.575,-70.924,97.276,-7.733,-1.505,66,46.75,19.25,1.1028,222000,90295.5,-202807.1,-570607.1,-536845.2,-14604.2,15522.7,0.0,0.0,-494915.7,-96289.6,0,1
64.9167,4809.792,-369.731,4409.792,963.831,65.859,-71.01,96.85,-7.15,-0.808,68,47.1,20.9,1.0204,222000,83162.7,-205834.8,-526400.0,-489188.4,-14382.3,15476.3,0.0,0.0,-457619.6,-51707.0,0,1
65.0167,4816.336,-376.836,4416.336,970.936,65.138,-71.092,96.421,-7.259,-0.819,68,47.44,20.56,1.0377,222000,83162.7,-205834.8,-533563.6,-489877.3,-14162.5,15425.5,0.0,0.0,-464563.5,-52446.6,0,1
65.1167,4822.807,-383.95,4422.807,978.05,64.405,-71.174,95.989,-7.369,-0.829,68,47.8,20.2,1.0554,222000,83162.7,-205834.8,-540868.3,-490457.0,-13941.4,15374.3,0.0,0.0,-471647.0,-53077.5,0,1
65.2167,4829.204,-391.073,4429.204,985.173,63.662,-71.258,95.554,-7.482,-0.837,68,48.16,19.84,1.0735,222000,83162.7,-205834.8,-548314.1,-490919.7,-13718.8,15322.7,0.0,0.0,-478870.2,-53591.8,0,1
65.3167,4835.526,-398.203,4435.526,992.303,62.907,-71.342,95.115,-7.597,-0.843,68,48.53,19.47,1.0921,222000,83162.7,-205834.8,-555900.8,-491257.4,-13494.8,15270.5,0.0,0.0,-486232.9,-53981.7,0,1
65.4167,4841.772,-405.343,4441.772,999.443,62.14,-71.427,94.674,-7.715,-0.847,68,48.91,19.09,1.1111,222000,83162.7,-205834.8,-563627.8,-491461.6,-13269.3,15217.8,0.0,0.0,-493734.5,-54238.6,0,1
65.5167,4847.941,-412.49,4447.941,1006.59,61.362,-71.511,94.229,-7.834,-0.849,68,49.3,18.7,1.1306,222000,83162.7,-205834.8,-571494.6,-491523.7,-13042.5,15164.5,0.0,0.0,-501374.4,-54354.1,0,1
65.6167,4854.031,-419.646,4454.031,1013.746,60.571,-71.596,93.781,-7.955,-0.849,68,49.7,18.3,1.1505,222000,83162.7,-205834.8,-579500.0,-491434.7,-12814.1,15110.4,0.0,0.0,-509151.5,-54319.1,0,1
65.7167,4860.042,-426.811,4460.042,1020.911,59.769,-71.681,93.33,-8.079,-0.846,68,50.11,17.89,1.1709,222000,83162.7,-205834.8,-587642.7,-491185.2,-12584.4,15055.7,0.0,0.0,-517064.4,-54124.4,0,1
65.8167,4865.971,-433.984,4465.971,1028.084,58.953,-71.765,92.875,-8.205,-0.84,68,50.53,17.47,1.1918,222000,83162.7,-205834.8,-595921.1,-490765.8,-12353.2,15000.1,0.0,0.0,-525111.6,-53760.5,0,1
65.9167,4871.818,-441.165,4471.818,1035.265,58.126,-71.849,92.417,-8.333,-0.832,68,50.95,17.05,1.2132,222000,83162.7,-205834.8,-604333.0,-490166.4,-12120.6,14943.6,0.0,0.0,-533290.9,-53217.6,0,1
66.0167,4877.582,-448.355,4477.582,1042.455,57.285,-71.931,91.955,-8.463,-0.82,68,51.39,16.61,1.2351,222000,83162.7,-205834.8,-612876.2,-489377.1,-11886.5,14886.2,0.0,0.0,-541600.0,-52485.7,0,1
66.1167,4883.26,-455.553,4483.26,1049.653,56.431,-72.013,91.489,-8.594,-0.806,68,51.84,16.16,1.2575,222000,83162.7,-205834.8,-621547.8,-488387.2,-11651.0,14827.7,0.0,0.0,-550036.2,-51554.3,0,1
66.2167,4888.853,-462.759,4488.853,1056.859,55.564,-72.092,91.02,-8.728,-0.788,68,52.3,15.7,1.2805,222000,83162.7,-205834.8,-630344.5,-487186.3,-11414.2,14768.2,0.0,0.0,-558596.0,-50412.9,0,1
66.3167,4894.358,-469.973,4494.358,1064.073,54.683,-72.17,90.547,-8.864,-0.766,68,52.77,15.23,1.304,222000,83162.7,-205834.8,-639262.8,-485763.2,-11175.9,14707.5,0.0,0.0,-567276.0,-49050.5,0,1
66.4167,4899.774,-477.194,4499.774,1071.294,53.788,-72.245,90.07,-9.001,-0.742,68,53.25,14.75,1.328,222000,83162.7,-205834.8,-648298.4,-484106.7,-10936.3,14645.5,0.0,0.0,-576072.0,-47456.1,0,1
66.5167,4905.1,-484.423,4505.1,1078.523,52.88,-72.317,89.589,-9.14,-0.713,68,53.74,14.26,1.3526,222000,83162.7,-205834.8,-657446.6,-482205.5,-10695.3,14582.2,0.0,0.0,-584979.3,-45618.2,0,1
66.6167,4910.335,-491.658,4510.335,1085.758,51.958,-72.387,89.104,-9.281,-0.68,68,54.24,13.76,1.3777,222000,83162.7,-205834.8,-666702.4,-480047.9,-10453.1,14517.5,0.0,0.0,-593992.8,-43525.2,0,1
66.7167,4915.477,-498.9,4515.477,1093.0,51.045,-72.436,88.615,-8.965,-0.323,68,54.75,13.25,1.3428,222000,83162.7,-205834.8,-646725.2,-457111.5,-10212.7,14449.0,0.0,0.0,-573775.2,-20657.2,0,0
66.8167,4920.53,-506.145,4520.53,1100.245,50.171,-72.446,88.122,-8.589,0.059,68,55.22,12.78,1.3002,222000,83162.7,-205834.8,-622876.2,-432584.9,-9981.3,14372.0,0.0,0.0,-549694.9,3792.4,0,0
66.9167,4925.498,-513.388,4525.498,1107.488,49.333,-72.419,87.626,-8.23,0.412,68,55.67,12.33,1.2601,222000,83162.7,-205834.8,-600124.5,-409912.1,-9758.8,14287.1,0.0,0.0,-526720.6,26380.2,0,0
67.0167,4930.384,-520.627,4530.384,1114.727,48.53,-72.359,87.126,-7.888,0.738,68,56.08,11.92,1.2225,222000,83162.7,-205834.8,-578442.3,-388939.6,-9544.6,14195.0,0.0,0.0,-504824.3,47260.7,0,0
67.1167,4935.192,-527.858,4535.192,1121.958,47.76,-72.267,86.623,-7.562,1.04,68,56.48,11.52,1.1871,222000,83162.7,-205834.8,-557798.6,-369527.2,-9338.5,14096.4,0.0,0.0,-483974.5,66574.4,0,0
67.2167,4939.925,-535.077,4539.925,1129.177,47.022,-72.146,86.117,-7.252,1.32,68,56.85,11.15,1.1539,222000,83162.7,-205834.8,-538159.3,-351547.1,-9140.0,13991.8,0.0,0.0,-464136.6,84449.9,0,0
67.3167,4944.586,-542.284,4544.586,1136.384,46.315,-71.999,85.609,-6.957,1.578,68,57.19,10.81,1.1227,222000,83162.7,-205834.8,-519488.4,-334882.5,-8948.8,13881.8,0.0,0.0,-445274.5,101004.5,0,0
67.4167,4949.174,-549.476,4549.174,1143.576,45.531,-71.891,85.096,-8.708,0.6,72,57.57,14.43,1.3441,222000,68601.8,-211134.5,-617188.7,-392082.8,-8750.9,13775.0,0.0,0.0,-557337.8,38397.6,0,1
67.5167,4953.68,-556.658,4553.68,1150.758,44.745,-71.766,84.572,-7.589,1.473,76,57.99,18.01,1.1651,222000,53706.7,-215405.7,-530889.9,-331828.6,-8544.0,13669.5,0.0,0.0,-485727.2,94275.3,0,1
67.6167,4958.11,-563.826,4558.11,1157.926,43.983,-71.616,84.044,-7.654,1.507,76,58.38,17.62,1.1844,222000,53706.7,-215405.7,-535211.7,-329534.4,-8346.6,13556.2,0.0,0.0,-489851.6,96456.1,0,1
67.7167,4962.464,-570.979,4562.464,1165.079,43.214,-71.464,83.513,-7.718,1.543,76,58.77,17.23,1.2041,222000,53706.7,-215405.7,-539525.0,-327100.8,-8149.6,13442.1,0.0,0.0,-493967.9,98775.7,0,1
67.8167,4966.74,-578.116,4566.74,1172.216,42.438,-71.307,82.98,-7.782,1.582,76,59.17,16.83,1.2242,222000,53706.7,-215405.7,-543825.4,-324524.1,-7953.0,13327.3,0.0,0.0,-498071.7,101237.5,0,1
67.9167,4970.938,-585.238,4570.938,1179.338,41.656,-71.147,82.444,-7.846,1.623,76,59.58,16.42,1.2446,222000,53706.7,-215405.7,-548108.2,-321800.8,-7756.8,13211.7,0.0,0.0,-502158.3,103845.2,0,1
68.0167,4975.058,-592.343,4575.058,1186.443,40.868,-70.982,81.906,-7.91,1.666,76,60.0,16.0,1.2654,222000,53706.7,-215405.7,-552368.6,-318927.3,-7561.0,13095.4,0.0,0.0,-506223.0,106602.4,0,1
68.1167,4979.098,-599.431,4579.098,1193.531,40.073,-70.813,81.365,-7.973,1.711,76,60.42,15.58,1.2866,222000,53706.7,-215405.7,-556601.5,-315900.0,-7365.8,12978.2,0.0,0.0,-510260.6,109512.5,0,1
68.2167,4983.059,-606.502,4583.059,1200.602,39.272,-70.639,80.822,-8.035,1.759,76,60.85,15.15,1.3082,222000,53706.7,-215405.7,-560801.6,-312715.7,-7171.1,12860.2,0.0,0.0,-514266.1,112578.9,0,1
68.3167,4986.939,-613.556,4586.939,1207.656,38.465,-70.46,80.275,-8.097,1.809,76,61.3,14.7,1.3302,222000,53706.7,-215405.7,-564963.5,-309370.9,-6977.1,12741.3,0.0,0.0,-518233.9,115804.7,0,1
68.4167,4990.738,-620.591,4590.738,1214.691,37.652,-70.276,79.727,-8.159,1.862,76,61.74,14.26,1.3527,222000,53706.7,-215405.7,-569081.4,-305862.6,-6783.6,12621.5,0.0,0.0,-522158.4,119193.2,0,1
68.5167,4994.455,-627.608,4594.455,1221.708,36.832,-70.086,79.175,-8.219,1.918,76,62.2,13.8,1.3755,222000,53706.7,-215405.7,-573149.6,-302187.7,-6590.9,12500.7,0.0,0.0,-526033.8,122747.4,0,1
68.6167,4998.091,-634.605,4598.091,1228.705,36.021,-69.884,78.621,-7.97,2.135,76,62.66,13.34,1.3508,222000,53706.7,-215405.7,-557362.4,-288201.1,-6400.5,12378.2,0.0,0.0,-510056.3,136611.4,0,0
68.7167,5001.648,-641.58,4601.648,1235.68,35.244,-69.656,78.064,-7.628,2.388,76,63.09,12.91,1.3118,222000,53706.7,-215405.7,-535692.5,-271871.7,-6217.7,12251.3,0.0,0.0,-488203.5,152813.9,0,0
68.8167,5005.128,-648.531,4605.128,1242.631,34.501,-69.403,77.505,-7.303,2.622,76,63.5,12.5,1.2748,222000,53706.7,-215405.7,-515051.2,-256776.0,-6042.5,12120.3,0.0,0.0,-467387.1,167778.7,0,0
68.9167,5008.537,-655.455,4608.537,1249.555,33.788,-69.128,76.944,-6.993,2.838,76,63.89,12.11,1.24,222000,53706.7,-215405.7,-495400.2,-242811.0,-5874.5,11985.7,0.0,0.0,-447568.1,181609.0,0,0
69.0167,5011.876,-662.351,4611.876,1256.451,33.106,-68.833,76.38,-6.699,3.037,76,64.25,11.75,1.2071,222000,53706.7,-215405.7,-476700.2,-229882.9,-5713.5,11847.8,0.0,0.0,-428707.0,194399.2,0,0
69.1167,5015.148,-669.216,4615.148,1263.316,32.453,-68.518,75.815,-6.418,3.222,76,64.6,11.4,1.176,222000,53706.7,-215405.7,-458912.0,-217906.3,-5558.9,11707.0,0.0,0.0,-410764.2,206235.1,0,0
69.2167,5018.356,-676.049,4618.356,1270.149,31.827,-68.186,75.248,-6.152,3.394,76,64.93,11.07,1.1467,222000,53706.7,-215405.7,-441996.3,-206803.1,-5410.5,11563.8,0.0,0.0,-393700.2,217195.0,0,0
69.3167,5021.504,-682.847,4621.504,1276.947,31.227,-67.837,74.679,-5.898,3.552,76,65.23,10.77,1.119,222000,53706.7,-215405.7,-425914.4,-196502.4,-5268.0,11418.3,0.0,0.0,-377475.8,227350.3,0,0
69.4167,5024.593,-689.61,4624.593,1283.71,30.651,-67.473,74.109,-5.657,3.699,76,65.52,10.48,1.093,222000,53706.7,-215405.7,-410628.3,-186939.4,-5131.1,11270.9,0.0,0.0,-362052.8,236765.9,0,0
69.5167,5027.625,-696.335,4627.625,1290.435,30.099,-67.095,73.537,-5.428,3.836,76,65.8,10.2,1.0684,222000,53706.7,-215405.7,-396100.8,-178054.8,-4999.5,11121.9,0.0,0.0,-347393.7,245501.4,0,0
69.6167,5030.604,-703.022,4630.604,1297.122,29.569,-66.704,72.964,-5.21,3.963,76,66.05,9.95,1.0453,222000,53706.7,-215405.7,-382295.8,-169794.9,-4872.9,10971.5,0.0,0.0,-333462.0,253611.0,0,0
69.7167,5033.531,-709.669,4633.531,1303.769,29.06,-66.301,72.39,-5.003,4.08,76,66.29,9.71,1.0236,222000,53706.7,-215405.7,-369178.1,-162110.1,-4751.1,10819.9,0.0,0.0,-320222.6,261144.1,0,0
69.8167,5036.408,-716.275,4636.408,1310.375,28.562,-65.89,71.814,-5.366,3.958,77,66.52,10.48,1.0932,222000,49939.1,-216310.2,-388715.8,-168857.2,-4633.8,10667.3,0.0,0.0,-343410.5,253339.9,0,0
69.9167,5039.227,-722.843,4639.227,1316.943,27.903,-65.539,71.232,-6.55,3.584,83,66.88,16.12,1.2593,222000,27055.0,-220345.2,-441752.9,-188641.3,-4494.0,10523.9,0.0,0.0,-419192.0,229377.3,0,1
70.0167,5041.98,-729.375,4641.98,1323.475,27.27,-65.167,70.643,-6.339,3.739,84,67.23,16.77,1.2271,222000,23205.3,-220783.9,-424521.8,-178162.0,-4355.5,10378.3,0.0,0.0,-405672.0,239272.4,0,1
70.1167,5044.67,-735.87,4644.67,1329.97,26.636,-64.791,70.052,-6.339,3.784,84,67.59,16.41,1.2451,222000,23205.3,-220783.9,-424669.8,-175106.0,-4219.2,10232.4,0.0,0.0,-405683.6,242182.5,0,1
70.2167,5047.297,-742.327,4647.297,1336.427,26.002,-64.41,69.46,-6.338,3.831,84,67.96,16.04,1.2632,222000,23205.3,-220783.9,-424724.1,-171986.0,-4084.4,10086.5,0.0,0.0,-405603.1,245156.7,0,1
70.3167,5049.86,-748.746,4649.86,1342.846,25.368,-64.024,68.867,-6.335,3.878,84,68.32,15.68,1.2816,222000,23205.3,-220783.9,-424681.9,-168803.2,-3951.3,9940.8,0.0,0.0,-405427.8,248193.8,0,1
70.4167,5052.36,-755.125,4652.36,1349.225,24.735,-63.633,68.272,-6.331,3.926,84,68.7,15.3,1.3003,222000,23205.3,-220783.9,-424540.5,-165558.7,-3819.8,9795.1,0.0,0.0,-405155.0,251292.6,0,1
70.5167,5054.796,-761.466,4654.796,1355.566,24.102,-63.238,67.675,-6.325,3.976,84,69.07,14.93,1.3191,222000,23205.3,-220783.9,-424297.3,-162254.0,-3690.0,9649.5,0.0,0.0,-404782.0,254451.7,0,1
70.6167,5057.17,-767.766,4657.17,1361.866,23.47,-62.837,67.077,-6.317,4.026,84,69.45,14.55,1.3382,222000,23205.3,-220783.9,-423949.6,-158890.5,-3562.0,9504.1,0.0,0.0,-404306.3,257669.7,0,1
70.7167,5059.48,-774.026,4659.48,1368.126,22.839,-62.432,66.478,-6.308,4.077,84,69.84,14.16,1.3575,222000,23205.3,-220783.9,-423494.9,-155469.8,-3435.7,9358.7,0.0,0.0,-403725.3,260945.1,0,1
70.8167,5061.727,-780.245,4661.727,1374.345,22.209,-62.021,65.877,-6.297,4.129,84,70.23,13.77,1.3771,222000,23205.3,-220783.9,-422930.7,-151993.7,-3311.2,9213.5,0.0,0.0,-403036.5,264275.9,0,1
70.9167,5063.912,-786.423,4663.912,1380.523,21.59,-61.601,65.275,-6.082,4.253,84,70.62,13.38,1.354,222000,23205.3,-220783.9,-409264.8,-143944.5,-3189.4,9068.1,0.0,0.0,-389248.8,272179.7,0,0
71.0167,5066.036,-792.558,4666.036,1386.658,20.997,-61.168,64.672,-5.821,4.386,84,70.99,13.01,1.3205,222000,23205.3,-220783.9,-392700.7,-135260.8,-3072.9,8921.6,0.0,0.0,-372568.3,280716.9,0,0
71.1167,5068.102,-798.649,4668.102,1392.749,20.429,-60.722,64.067,-5.573,4.509,84,71.35,12.65,1.2887,222000,23205.3,-220783.9,-376908.5,-127225.0,-2961.7,8774.3,0.0,0.0,-356665.0,288605.4,0,0
71.2167,5070.113,-804.695,4670.113,1398.795,19.886,-60.265,63.461,-5.336,4.623,84,71.68,12.32,1.2584,222000,23205.3,-220783.9,-361854.5,-119783.9,-2855.5,8626.3,0.0,0.0,-341504.7,295898.5,0,0
71.3167,5072.071,-810.694,4672.071,1404.794,19.366,-59.796,62.854,-5.11,4.729,84,72.0,12.0,1.2297,222000,23205.3,-220783.9,-347505.6,-112889.0,-2754.1,8477.8,0.0,0.0,-327054.4,302645.0,0,0
71.4167,5073.979,-816.646,4673.979,1410.746,18.867,-59.317,62.246,-4.895,4.826,84,72.31,11.69,1.2024,222000,23205.3,-220783.9,-333829.8,-106496.1,-2657.1,8329.1,0.0,0.0,-313281.6,308889.2,0,0
71.5167,5075.837,-822.549,4675.837,1416.649,18.39,-58.83,61.637,-4.69,4.917,84,72.59,11.41,1.1765,222000,23205.3,-220783.9,-320796.0,-100564.6,-2564.4,8180.2,0.0,0.0,-300155.1,314671.7,0,0
71.6167,5077.649,-828.403,4677.649,1422.503,17.932,-58.333,61.027,-4.494,5.0,84,72.87,11.13,1.1519,222000,23205.3,-220783.9,-308374.2,-95057.7,-2475.7,8031.3,0.0,0.0,-287644.5,320029.8,0,0
71.7167,5079.417,-834.207,4679.417,1428.307,17.494,-57.828,60.416,-4.308,5.078,84,73.13,10.87,1.1286,222000,23205.3,-220783.9,-296535.3,-89941.5,-2390.9,7882.6,0.0,0.0,-275720.8,324997.2,0,0
71.8167,5081.142,-839.96,4681.142,1434.06,17.073,-57.316,59.805,-4.131,5.15,84,73.37,10.63,1.1065,222000,23205.3,-220783.9,-285251.4,-85185.3,-2309.7,7734.2,0.0,0.0,-264355.8,329605.0,0,0
71.9167,5082.825,-845.661,4682.825,1439.761,16.67,-56.797,59.193,-3.961,5.217,84,73.61,10.39,1.0855,222000,23205.3,-220783.9,-274495.9,-80760.7,-2231.9,7586.1,0.0,0.0,-253522.5,333881.6,0,0
72.0167,5084.47,-851.31,4684.47,1445.41,16.283,-56.272,58.581,-3.8,5.279,84,73.83,10.17,1.0657,222000,23205.3,-220783.9,-264242.9,-76641.9,-2157.5,7438.6,0.0,0.0,-243195.1,337852.8,0,0
72.1167,5086.076,-856.907,4686.076,1451.007,15.913,-55.741,57.967,-3.646,5.337,84,74.03,9.97,1.047,222000,23205.3,-220783.9,-254467.9,-72805.4,-2086.2,7291.6,0.0,0.0,-233348.8,341542.4,0,0
72.2167,5087.647,-862.449,4687.647,1456.549,15.557,-55.204,57.354,-3.499,5.39,84,74.23,9.77,1.0293,222000,23205.3,-220783.9,-245147.3,-69229.3,-2017.8,7145.3,0.0,0.0,-223959.8,344972.1,0,0
72.3167,5089.182,-867.938,4689.182,1462.038,15.215,-54.662,56.74,-3.359,5.44,84,74.42,9.58,1.0126,222000,23205.3,-220783.9,-236258.6,-65893.9,-1952.3,6999.8,0.0,0.0,-215005.6,348162.0,0,0
72.4167,5090.684,-873.373,4690.684,1467.473,14.887,-54.115,56.125,-3.226,5.486,84,74.59,9.41,0.9968,222000,23205.3,-220783.9,-227780.4,-62781.1,-1889.4,6855.1,0.0,0.0,-206464.5,351130.1,0,0
72.5167,5092.155,-878.752,4692.155,1472.852,14.572,-53.564,55.511,-3.099,5.53,84,74.76,9.24,0.982,222000,23205.3,-220783.9,-219692.1,-59874.0,-1829.1,6711.3,0.0,0.0,-198315.8,353893.4,0,0
72.6167,5093.594,-884.076,4693.594,1478.176,14.269,-53.009,54.895,-2.977,5.57,84,74.91,9.09,0.9681,222000,23205.3,-220783.9,-211974.3,-57157.5,-1771.1,6568.4,0.0,0.0,-190540.1,356467.1,0,0
72.7167,5095.004,-889.344,4695.004,1483.444,13.978,-52.449,54.28,-2.861,5.607,84,75.05,8.95,0.9551,222000,23205.3,-220783.9,-204608.3,-54617.5,-1715.5,6426.6,0.0,0.0,-183118.5,358865.3,0,0
72.8167,5096.385,-894.556,4696.385,1488.656,13.698,-51.887,53.664,-2.751,5.642,84,75.19,8.81,0.943,222000,23205.3,-220783.9,-197576.5,-52241.0,-1662.0,6285.9,0.0,0.0,-176033.2,361101.1,0,0
72.9167,5097.739,-899.712,4697.739,1493.812,13.429,-51.321,53.049,-2.645,5.675,84,75.32,8.68,0.9316,222000,23205.3,-220783.9,-190861.9,-50016.2,-1610.7,6146.3,0.0,0.0,-169267.3,363186.2,0,0
73.0167,5099.067,-904.811,4699.067,1498.911,13.171,-50.751,52.432,-2.544,5.705,84,75.43,8.57,0.921,222000,23205.3,-220783.9,-184448.7,-47932.2,-1561.2,6007.8,0.0,0.0,-162804.6,365131.7,0,0
73.1167,5100.37,-909.853,4700.37,1503.953,12.922,-50.179,51.816,-2.447,5.734,84,75.54,8.46,0.9113,222000,23205.3,-220783.9,-178321.4,-45979.0,-1513.7,5870.6,0.0,0.0,-156629.8,366947.7,0,0
73.2167,5101.648,-914.837,4701.648,1508.937,12.683,-49.604,51.2,-2.355,5.76,84,75.64,8.36,0.9022,222000,23205.3,-220783.9,-172465.8,-44147.4,-1467.9,5734.6,0.0,0.0,-150728.4,368643.4,0,0
73.3167,5102.903,-919.764,4702.903,1513.864,12.453,-49.027,50.583,-2.267,5.785,84,75.73,8.27,0.8939,222000,23205.3,-220783.9,-166867.9,-42428.8,-1423.9,5599.9,0.0,0.0,-145086.5,370227.3,0,0
73.4167,5104.135,-924.633,4704.135,1518.733,12.231,-48.447,49.967,-2.183,5.808,84,75.82,8.18,0.8864,222000,23205.3,-220783.9,-161514.8,-40815.4,-1381.4,5466.6,0.0,0.0,-139690.9,371707.3,0,0
73.5167,5105.345,-929.444,4705.345,1523.544,12.017,-47.865,49.35,-2.102,5.83,84,75.89,8.11,0.8795,222000,23205.3,-220783.9,-156394.0,-39300.0,-1340.5,5334.6,0.0,0.0,-134529.2,373090.7,0,0
73.6167,5106.535,-934.196,4706.535,1528.296,11.812,-47.281,48.734,-2.025,5.85,84,75.96,8.04,0.8733,222000,23205.3,-220783.9,-151493.7,-37876.0,-1301.1,5203.9,0.0,0.0,-129589.5,374384.1,0,0
73.7167,5107.705,-938.89,4707.705,1532.99,11.613,-46.695,48.117,-1.951,5.869,84,76.02,7.98,0.8679,222000,23205.3,-220783.9,-146802.8,-36537.1,-1263.0,5074.7,0.0,0.0,-124860.5,375593.7,0,0
73.8167,5108.855,-943.525,4708.855,1537.625,11.422,-46.107,47.5,-1.88,5.886,84,76.08,7.92,0.863,222000,23205.3,-220783.9,-142310.5,-35277.8,-1226.3,4946.9,0.0,0.0,-120331.4,376725.3,0,0
73.9167,5109.986,-948.101,4709.986,1542.201,11.238,-45.517,46.884,-1.812,5.903,84,76.12,7.88,0.8589,222000,23205.3,-220783.9,-138006.8,-34092.7,-1190.8,4820.5,0.0,0.0,-115992.3,377784.0,0,0
74.0167,5111.1,-952.619,4711.1,1546.719,11.061,-44.926,46.267,-1.747,5.918,84,76.16,7.84,0.8554,222000,23205.3,-220783.9,-133882.0,-32977.0,-1156.6,4695.7,0.0,0.0,-111833.3,378774.8,0,0
74.1167,5112.196,-957.077,4712.196,1551.177,10.89,-44.333,45.651,-1.685,5.933,84,76.19,7.81,0.8525,222000,23205.3,-220783.9,-129927.2,-31926.3,-1123.5,4572.3,0.0,0.0,-107845.4,379702.1,0,0
74.2167,5113.275,-961.475,4713.275,1555.575,10.725,-43.739,45.035,-1.625,5.946,84,76.22,7.78,0.8503,222000,23205.3,-220783.9,-126133.5,-30936.3,-1091.5,4450.4,0.0,0.0,-104019.7,380570.2,0,0
74.3167,5114.338,-965.814,4714.338,1559.914,10.566,-43.144,44.419,-1.568,5.959,84,76.24,7.76,0.8487,222000,23205.3,-220783.9,-122492.9,-30003.3,-1060.6,4330.0,0.0,0.0,-100348.2,381382.8,0,0
74.4167,5115.386,-970.094,4715.386,1564.194,10.412,-42.547,43.803,-1.513,5.971,84,76.25,7.75,0.8477,222000,23205.3,-220783.9,-118997.4,-29123.7,-1030.7,4211.2,0.0,0.0,-96822.8,382143.6,0,0
74.5167,5116.418,-974.314,4716.418,1568.414,10.264,-41.949,43.187,-1.46,5.982,84,76.25,7.75,0.8474,222000,23205.3,-220783.9,-115639.8,-28294.2,-1001.7,4094.0,0.0,0.0,-93436.2,382855.9,0,0
74.6167,5117.436,-978.474,4717.436,1572.574,10.121,-41.35,42.571,-1.409,5.993,84,76.25,7.75,0.8477,222000,23205.3,-220783.9,-112412.9,-27511.8,-973.6,3978.3,0.0,0.0,-90181.2,383522.6,0,0
74.7167,5118.44,-982.574,4718.44,1576.674,9.983,-40.751,41.956,-1.36,6.002,84,76.24,7.76,0.8486,222000,23205.3,-220783.9,-109310.0,-26773.6,-946.5,3864.2,0.0,0.0,-87051.1,384146.8,0,0
74.8167,5119.431,-986.614,4719.431,1580.714,9.85,-40.15,41.34,-1.313,6.011,84,76.22,7.78,0.8502,222000,23205.3,-220783.9,-106324.8,-26076.9,-920.1,3751.7,0.0,0.0,-84039.6,384730.9,0,0
74.9167,5120.408,-990.594,4720.408,1584.694,9.721,-39.548,40.725,-1.268,6.02,84,76.2,7.8,0.8524,222000,23205.3,-220783.9,-103451.2,-25419.4,-894.6,3640.8,0.0,0.0,-81140.5,385277.5,0,0
75.0167,5121.373,-994.513,4721.373,1588.613,9.597,-38.946,40.111,-1.224,6.028,84,76.16,7.84,0.8553,222000,23205.3,-220783.9,-100683.5,-24798.8,-869.8,3531.5,0.0,0.0,-78348.0,385788.8,0,0
75.1167,5122.326,-998.373,4722.326,1592.473,9.477,-38.343,39.496,-1.182,6.035,84,76.12,7.88,0.8588,222000,23205.3,-220783.9,-98016.2,-24212.9,-845.8,3423.8,0.0,0.0,-75656.7,386267.0,0,0
75.2167,5123.267,-1002.172,4723.267,1596.272,9.361,-37.739,38.882,-1.142,6.042,84,76.08,7.92,0.863,222000,23205.3,-220783.9,-95444.1,-23659.9,-822.4,3317.8,0.0,0.0,-73061.2,386714.0,0,0
75.3167,5124.196,-1005.91,4724.196,1600.01,9.249,-37.134,38.269,-1.102,6.049,84,76.02,7.98,0.8679,222000,23205.3,-220783.9,-92962.2,-23137.9,-799.8,3213.3,0.0,0.0,-70556.7,387131.6,0,0
75.4167,5125.115,-1009.589,4725.115,1603.689,9.141,-36.529,37.655,-1.065,6.055,84,75.96,8.04,0.8735,222000,23205.3,-220783.9,-90565.9,-22645.2,-777.8,3110.6,0.0,0.0,-68138.3,387521.5,0,0
75.5167,5126.023,-1013.206,4726.023,1607.306,9.037,-35.923,37.042,-1.028,6.061,84,75.89,8.11,0.8797,222000,23205.3,-220783.9,-88250.5,-22180.2,-756.4,3009.5,0.0,0.0,-65801.6,387885.4,0,0
75.6167,5126.921,-1016.763,4726.921,1610.863,8.936,-35.316,36.429,-0.993,6.066,84,75.81,8.19,0.8867,222000,23205.3,-220783.9,-86012.0,-21741.6,-735.6,2910.0,0.0,0.0,-63542.2,388224.6,0,0
75.7167,5127.808,-1020.259,4727.808,1614.359,8.839,-34.71,35.817,-0.959,6.071,84,75.73,8.27,0.8944,222000,23205.3,-220783.9,-83846.1,-21327.9,-715.3,2812.2,0.0,0.0,-61356.1,388540.5,0,0
75.8167,5128.687,-1023.695,4728.687,1617.795,8.745,-34.102,35.206,-0.926,6.076,84,75.63,8.37,0.9029,222000,23205.3,-220783.9,-81749.0,-20937.8,-695.7,2716.1,0.0,0.0,-59239.3,388834.4,0,0
75.9167,5129.556,-1027.07,4729.556,1621.17,8.654,-33.494,34.594,-0.894,6.08,84,75.53,8.47,0.9122,222000,23205.3,-220783.9,-79716.9,-20570.2,-676.5,2621.7,0.0,0.0,-57188.1,389107.5,0,0
76.0167,5130.416,-1030.384,4730.416,1624.484,8.567,-32.886,33.984,-0.862,6.084,84,75.42,8.58,0.9223,222000,23205.3,-220783.9,-77746.4,-20224.1,-657.8,2528.9,0.0,0.0,-55198.9,389360.9,0,0
76.1167,5131.268,-1033.637,4731.268,1627.737,8.482,-32.278,33.374,-0.832,6.087,84,75.3,8.7,0.9332,222000,23205.3,-220783.9,-75834.1,-19898.3,-639.7,2437.8,0.0,0.0,-53268.4,389595.6,0,0
76.2167,5132.111,-1036.829,4732.111,1630.929,8.401,-31.669,32.764,-0.803,6.091,84,75.17,8.83,0.945,222000,23205.3,-220783.9,-73976.7,-19592.0,-621.9,2348.4,0.0,0.0,-51393.3,389812.5,0,0
76.3167,5132.947,-1039.96,4732.947,1634.06,8.322,-31.059,32.155,-0.775,6.094,84,75.03,8.97,0.9577,222000,23205.3,-220783.9,-72171.1,-19304.3,-604.7,2260.7,0.0,0.0,-49570.5,390012.5,0,0
76.4167,5133.775,-1043.031,4733.775,1637.131,8.246,-30.45,31.547,-0.747,6.097,84,74.87,9.13,0.9714,222000,23205.3,-220783.9,-70414.5,-19034.4,-587.8,2174.6,0.0,0.0,-47797.0,390196.4,0,0
76.5167,5134.595,-1046.04,4734.595,1640.14,8.173,-29.84,30.939,-0.72,6.099,84,74.71,9.29,0.986,222000,23205.3,-220783.9,-68703.9,-18781.4,-571.4,2090.3,0.0,0.0,-46070.0,390365.0,0,0
76.6167,5135.408,-1048.988,4735.408,1643.088,8.103,-29.23,30.332,-0.694,6.102,84,74.54,9.46,1.0017,222000,23205.3,-220783.9,-67036.7,-18544.8,-555.4,2007.7,0.0,0.0,-44386.8,390519.0,0,0
76.7167,5136.214,-1051.876,4736.214,1645.976,8.035,-28.62,29.726,-0.668,6.104,84,74.35,9.65,1.0185,222000,23205.3,-220783.9,-65410.3,-18323.9,-539.8,1926.7,0.0,0.0,-42744.7,390659.0,0,0
76.8167,5137.014,-1054.702,4737.014,1648.802,7.969,-28.009,29.121,-0.643,6.106,84,74.15,9.85,1.0363,222000,23205.3,-220783.9,-63822.2,-18118.0,-524.5,1847.5,0.0,0.0,-41141.4,390785.6,0,0
76.9167,5137.807,-1057.467,4737.807,1651.567,7.907,-27.398,28.516,-0.618,6.108,84,73.94,10.06,1.0554,222000,23205.3,-220783.9,-62270.1,-17926.7,-509.6,1770.0,0.0,0.0,-39574.4,390899.4,0,0
77.0167,5138.594,-1060.172,4738.594,1654.272,7.846,-26.787,27.913,-0.594,6.109,84,73.71,10.29,1.0758,222000,23205.3,-220783.9,-60751.7,-17749.5,-495.0,1694.2,0.0,0.0,-38041.3,391000.8,0,0
77.1167,5139.376,-1062.815,4739.376,1656.915,7.788,-26.176,27.31,-0.571,6.111,84,73.47,10.53,1.0975,222000,23205.3,-220783.9,-59264.7,-17585.8,-480.7,1620.1,0.0,0.0,-36540.1,391090.4,0,0
77.2167,5140.151,-1065.397,4740.151,1659.497,7.732,-25.565,26.709,-0.548,6.112,84,73.22,10.78,1.1205,222000,23205.3,-220783.9,-57807.1,-17435.3,-466.8,1547.6,0.0,0.0,-35068.6,391168.5,0,0
77.3167,5140.921,-1067.918,4740.921,1662.018,7.679,-24.954,26.109,-0.525,6.113,84,72.94,11.06,1.1451,222000,23205.3,-220783.9,-56376.9,-17297.5,-453.2,1477.0,0.0,0.0,-33624.7,391235.6,0,0
77.4167,5141.686,-1070.377,4741.686,1664.477,7.628,-24.343,25.51,-0.503,6.114,84,72.65,11.35,1.1713,222000,23205.3,-220783.9,-54972.1,-17172.3,-439.8,1408.0,0.0,0.0,-32206.6,391291.9,0,0
77.5167,5142.446,-1072.776,4742.446,1666.876,7.579,-23.731,24.912,-0.481,6.115,84,72.34,11.66,1.1992,222000,23205.3,-220783.9,-53590.8,-17059.1,-426.8,1340.7,0.0,0.0,-30812.2,391337.7,0,0
77.6167,5143.201,-1075.113,4743.201,1669.213,7.532,-23.12,24.316,-0.46,6.115,84,72.01,11.99,1.2288,222000,23205.3,-220783.9,-52231.2,-16957.9,-414.0,1275.1,0.0,0.0,-29439.9,391373.4,0,0
77.7167,5143.952,-1077.39,4743.952,1671.49,7.487,-22.508,23.721,-0.439,6.116,84,71.66,12.34,1.2604,222000,23205.3,-220783.9,-50891.6,-16868.3,-401.5,1211.3,0.0,0.0,-28087.8,391399.1,0,0
77.8167,5144.698,-1079.605,4744.698,1673.705,7.444,-21.897,23.127,-0.418,6.116,84,71.29,12.71,1.2941,222000,23205.3,-220783.9,-49570.4,-16790.2,-389.2,1149.2,0.0,0.0,-26754.3,391415.1,0,0
77.9167,5145.44,-1081.759,4745.44,1675.859,7.404,-21.285,22.536,-0.397,6.116,84,70.89,13.11,1.3299,222000,23205.3,-220783.9,-48265.8,-16723.5,-377.2,1088.7,0.0,0.0,-25437.8,391421.4,0,0
78.0167,5146.178,-1083.852,4746.178,1677.952,7.365,-20.673,21.946,-0.377,6.116,84,70.46,13.54,1.3682,222000,23205.3,-220783.9,-46976.4,-16667.9,-365.5,1030.0,0.0,0.0,-24136.6,391418.3,0,0
78.1167,5146.912,-1085.883,4746.912,1679.983,7.329,-20.062,21.359,-0.335,6.124,84,70.01,13.99,1.366,222000,23205.3,-220783.9,-44304.8,-16117.1,-354.0,973.0,0.0,0.0,-21453.5,391912.0,0,1
78.2167,5147.644,-1087.854,4747.644,1681.954,7.299,-19.449,20.773,-0.284,6.135,84,69.52,14.48,1.3413,222000,23205.3,-220783.9,-41029.3,-15327.6,-342.8,917.7,0.0,0.0,-18166.8,392646.2,0,1
78.3167,5148.372,-1089.763,4748.372,1683.863,7.274,-18.834,20.19,-0.234,6.146,84,68.98,15.02,1.3144,222000,23205.3,-220783.9,-37856.1,-14548.1,-332.1,864.0,0.0,0.0,-14982.8,393372.1,0,1
78.4167,5149.098,-1091.61,4749.098,1685.71,7.253,-18.219,19.61,-0.186,6.158,84,68.39,15.61,1.2852,222000,23205.3,-220783.9,-34788.1,-13777.3,-321.6,812.0,0.0,0.0,-11904.4,394090.9,0,1
78.5167,5149.822,-1093.396,4749.822,1687.496,7.237,-17.603,19.032,-0.14,6.169,84,67.76,16.24,1.2536,222000,23205.3,-220783.9,-31828.2,-13013.9,-311.4,761.7,0.0,0.0,-8934.3,394804.0,0,1
78.6167,5150.545,-1095.121,4750.545,1689.221,7.226,-16.985,18.458,-0.095,6.18,84,67.07,16.93,1.2192,222000,23205.3,-220783.9,-28979.1,-12256.5,-301.6,713.1,0.0,0.0,-6075.4,395512.7,0,1
78.7167,5151.268,-1096.783,4751.268,1690.883,7.219,-16.366,17.888,-0.052,6.191,84,66.33,17.67,1.1819,222000,23205.3,-220783.9,-26243.5,-11504.0,-292.0,666.1,0.0,0.0,-3330.2,396218.2,0,1
78.8167,5151.989,-1098.384,4751.989,1692.484,7.216,-15.747,17.321,-0.011,6.202,84,65.52,18.48,1.1416,222000,23205.3,-220783.9,-23623.9,-10755.3,-282.6,620.8,0.0,0.0,-701.2,396921.7,0,1
78.9167,5152.711,-1099.922,4752.711,1694.022,7.217,-15.126,16.759,0.028,6.213,84,64.65,19.35,1.0978,222000,23205.3,-220783.9,-21122.6,-10009.2,-273.5,577.3,0.0,0.0,1809.1,397624.2,0,1
79.0167,5153.433,-1101.398,4753.433,1695.498,7.222,-14.504,16.203,0.066,6.224,84,63.7,20.3,1.0502,222000,23205.3,-220783.9,-18742.0,-9264.8,-264.6,535.4,0.0,0.0,4198.7,398326.7,0,1
79.1167,5154.156,-1102.812,4754.156,1696.912,7.231,-13.881,15.651,0.101,6.235,84,62.66,21.34,0.9987,222000,23205.3,-220783.9,-16484.1,-8521.0,-256.0,495.2,0.0,0.0,6465.3,399030.3,0,1
79.2167,5154.879,-1104.164,4754.879,1698.264,7.243,-13.257,15.106,0.134,6.246,84,61.55,22.45,0.9428,222000,23205.3,-220783.9,-14350.7,-7777.0,-247.5,456.7,0.0,0.0,8607.1,399735.8,0,1
79.3167,5155.604,-1105.453,4755.604,1699.553,7.258,-12.632,14.568,0.166,6.257,84,60.33,23.67,0.882,222000,23205.3,-220783.9,-12343.8,-7032.1,-239.2,419.9,0.0,0.0,10622.3,400443.9,0,1
79.4167,5156.331,-1106.68,4756.331,1700.78,7.277,-12.005,14.038,0.195,6.268,84,59.01,24.99,0.816,222000,23205.3,-220783.9,-10464.8,-6285.3,-231.1,384.7,0.0,0.0,12509.4,401155.6,0,1
79.5167,5157.06,-1107.844,4757.06,1701.944,7.298,-11.378,13.517,0.223,6.279,84,57.58,26.42,0.7442,222000,23205.3,-220783.9,-8715.2,-5536.1,-223.2,351.3,0.0,0.0,14267.0,401871.3,0,1
79.6167,5157.791,-1108.945,4757.791,1703.045,7.321,-10.749,13.006,0.248,6.29,84,56.01,27.99,0.6662,222000,23205.3,-220783.9,-7096.0,-4783.8,-215.4,319.6,0.0,0.0,15893.9,402591.9,0,1
79.7167,5158.525,-1109.983,4758.525,1704.083,7.348,-10.119,12.506,0.272,6.302,84,54.31,29.69,0.5812,222000,23205.3,-220783.9,-5608.2,-4027.7,-207.9,289.5,0.0,0.0,17389.2,403317.9,0,1
79.8167,5159.261,-1110.958,4759.261,1705.058,7.376,-9.489,12.018,0.293,6.313,84,52.46,31.54,0.4887,222000,23205.3,-220783.9,-4252.5,-3267.3,-200.6,261.1,0.0,0.0,18752.3,404049.9,0,1
79.9167,5160.001,-1111.87,4760.001,1705.97,7.407,-8.857,11.545,0.312,6.325,84,50.45,33.55,0.3879,222000,23205.3,-220783.9,-3029.2,-2501.7,-193.5,234.3,0.0,0.0,19982.6,404788.7,0,1
80.0167,5160.743,-1112.719,4760.743,1706.819,7.439,-8.223,11.089,0.329,6.336,84,48.25,35.75,0.2781,222000,23205.3,-220783.9,-1938.7,-1730.2,-186.6,209.1,0.0,0.0,21080.0,405535.1,0,1
80.1167,5161.489,-1113.504,4761.489,1707.604,7.473,-7.589,10.651,0.344,6.348,84,45.86,38.14,0.1586,222000,23205.3,-220783.9,-980.8,-951.8,-180.1,185.6,0.0,0.0,22044.4,406289.9,0,1
80.2167,5162.238,-1114.226,4762.238,1708.326,7.508,-6.954,10.233,0.357,6.36,84,43.26,40.74,0.0285,222000,23205.3,-220783.9,-155.4,-165.1,-173.8,163.6,0.0,0.0,22876.1,407054.6,0,1
80.3167,5162.991,-1114.885,4762.991,1708.985,7.544,-6.317,9.84,0.36,6.362,84,40.44,43.56,0,222000,23205.3,-220783.9,-0.0,-0.0,-167.9,143.1,0.0,0.0,23037.4,407199.2,0,1
80.4167,5163.748,-1115.479,4763.748,1709.579,7.58,-5.681,9.473,0.36,6.362,84,37.38,46.62,0,222000,23205.3,-220783.9,-0.0,-0.0,-162.4,124.1,0.0,0.0,23043.0,407180.2,0,1
80.5167,5164.508,-1116.01,4764.508,1710.11,7.616,-5.045,9.135,0.36,6.362,84,34.09,49.91,0,222000,23205.3,-220783.9,-0.0,-0.0,-157.3,106.5,0.0,0.0,23048.0,407162.6,0,1
80.6167,5165.272,-1116.478,4765.272,1710.578,7.652,-4.409,8.831,0.36,6.362,84,30.56,53.44,0,222000,23205.3,-220783.9,-0.0,-0.0,-152.7,90.2,0.0,0.0,23052.6,407146.3,0,1
80.7167,5166.039,-1116.881,4766.039,1710.981,7.688,-3.773,8.564,0.36,6.361,84,26.79,57.21,0,222000,23205.3,-220783.9,-0.0,-0.0,-148.7,75.1,0.0,0.0,23056.6,407131.2,0,1
80.8167,5166.81,-1117.221,4766.81,1711.321,7.724,-3.136,8.336,0.36,6.361,84,22.79,61.21,0,222000,23205.3,-220783.9,-0.0,-0.0,-145.3,61.0,0.0,0.0,23060.0,407117.2,0,1
80.9167,5167.584,-1117.498,4767.584,1711.598,7.76,-2.5,8.153,0.36,6.361,84,18.58,65.42,0,222000,23205.3,-220783.9,-0.0,-0.0,-142.7,48.0,0.0,0.0,23062.7,407104.1,0,1
81.0167,5168.362,-1117.711,4768.362,1711.811,7.796,-1.864,8.016,0.36,6.361,84,14.19,69.81,0,222000,23205.3,-220783.9,-0.0,-0.0,-140.8,35.6,0.0,0.0,23064.5,407091.7,0,1
81.1167,5169.144,-1117.86,4769.144,1711.96,7.832,-1.228,7.928,0.36,6.361,84,9.68,74.32,0,222000,23205.3,-220783.9,-0.0,-0.0,-139.7,23.8,0.0,0.0,23065.6,407080.0,0,1
81.2167,5169.929,-1117.946,4769.929,1712.046,7.868,-0.592,7.89,0.36,6.36,84,5.07,78.93,0,222000,23205.3,-220783.9,-0.0,-0.0,-139.6,12.4,0.0,0.0,23065.8,407068.5,0,1
81.3167,5170.718,-1117.968,4770.718,1712.068,7.904,0.044,7.904,0.36,6.36,84,0.45,83.55,0,222000,23205.3,-220783.9,-0.0,-0.0,-140.3,1.1,0.0,0.0,23065.0,407057.2,0,1
81.4167,5171.511,-1117.927,4771.511,1712.027,7.94,0.68,7.969,0.36,6.36,84,-4.14,88.14,0,222000,23205.3,-220783.9,0.0,-0.0,-142.0,-10.3,0.0,0.0,23063.4,407045.9,0,1
81.5167,5172.307,-1117.822,4772.307,1711.922,7.976,1.316,8.084,0.36,6.36,84,-8.63,92.63,0,222000,23205.3,-220783.9,0.0,-0.0,-144.5,-21.9,0.0,0.0,23060.8,407034.2,0,1
81.6167,5173.107,-1117.653,4773.107,1711.753,8.012,1.952,8.247,0.36,6.36,84,-12.98,96.98,0,222000,23205.3,-220783.9,0.0,-0.0,-147.9,-34.1,0.0,0.0,23057.4,407022.0,0,1
81.7167,5173.91,-1117.421,4773.91,1711.521,8.048,2.588,8.454,0.36,6.36,84,-17.15,101.15,0,222000,23205.3,-220783.9,0.0,-0.0,-152.2,-47.0,0.0,0.0,23053.1,407009.2,0,1
81.8167,5174.717,-1117.125,4774.717,1711.225,8.084,3.224,8.703,0.36,6.359,84,-21.1,105.1,0,222000,23205.3,-220783.9,0.0,-0.0,-157.3,-60.7,0.0,0.0,23048.0,406995.4,0,1
81.9167,5175.527,-1116.765,4775.527,1710.865,8.12,3.86,8.991,0.36,6.359,84,-24.83,108.83,0,222000,23205.3,-220783.9,0.0,-0.0,-163.2,-75.5,0.0,0.0,23042.2,406980.7,0,1
82.0167,5176.341,-1116.342,4776.341,1710.442,8.156,4.496,9.313,0.36,6.359,84,-28.31,112.31,0,222000,23205.3,-220783.9,0.0,-0.0,-169.7,-91.4,0.0,0.0,23035.6,406964.7,0,1
82.1167,5177.159,-1115.855,4777.159,1709.955,8.192,5.131,9.667,0.36,6.359,84,-31.55,115.55,0,222000,23205.3,-220783.9,0.0,-0.0,-176.9,-108.6,0.0,0.0,23028.5,406947.6,0,1
82.2167,5177.981,-1115.305,4777.981,1709.405,8.228,5.767,10.048,0.36,6.358,84,-34.55,118.55,0,222000,23205.3,-220783.9,0.0,-0.0,-184.6,-127.1,0.0,0.0,23020.7,406929.0,0,1
82.3167,5178.805,-1114.691,4778.805,1708.791,8.264,6.403,10.454,0.36,6.358,84,-37.33,121.33,0,222000,23205.3,-220783.9,0.0,-0.0,-192.9,-147.1,0.0,0.0,23012.4,406909.1,0,1
82.4167,5179.634,-1114.014,4779.634,1708.114,8.3,7.039,10.883,0.359,6.358,84,-39.89,123.89,0,222000,23205.3,-220783.9,0.0,-0.0,-201.7,-168.6,0.0,0.0,23003.7,406887.6,0,1
82.5167,5180.466,-1113.273,4780.466,1707.373,8.336,7.675,11.331,0.359,6.357,84,-42.26,126.26,0,222000,23205.3,-220783.9,0.0,-0.0,-210.9,-191.6,0.0,0.0,22994.5,406864.5,0,1
82.6167,5181.302,-1112.469,4781.302,1706.569,8.372,8.31,11.796,0.359,6.357,84,-44.44,128.44,0,222000,23205.3,-220783.9,0.0,-0.0,-220.5,-216.2,0.0,0.0,22984.8,406839.9,0,1
82.7167,5182.141,-1111.6,4782.141,1705.7,8.408,8.946,12.277,0.359,6.356,84,-46.46,130.46,0,222000,23205.3,-220783.9,0.0,-0.0,-230.5,-242.5,0.0,0.0,22974.9,406813.7,0,1
82.8167,5182.984,-1110.669,4782.984,1704.769,8.444,9.582,12.771,0.359,6.356,84,-48.32,132.32,0,222000,23205.3,-220783.9,0.0,-0.0,-240.8,-270.4,0.0,0.0,22964.5,406785.7,0,1
82.9167,5183.83,-1109.673,4783.83,1703.773,8.48,10.217,13.278,0.359,6.356,84,-50.04,134.04,0,222000,23205.3,-220783.9,0.0,-0.0,-251.4,-300.0,0.0,0.0,22953.9,406756.1,0,1
83.0167,5184.68,-1108.615,4784.68,1702.715,8.515,10.853,13.795,0.358,6.355,84,-51.63,135.63,0,222000,23205.3,-220783.9,0.0,-0.0,-262.4,-331.3,0.0,0.0,22943.0,406724.8,0,1
83.1167,5185.534,-1107.492,4785.534,1701.592,8.551,11.488,14.321,0.358,6.355,84,-53.1,137.1,0,222000,23205.3,-220783.9,0.0,-0.0,-273.5,-364.4,0.0,0.0,22931.8,406691.8,0,1
83.2167,5186.391,-1106.306,4786.391,1700.406,8.587,12.124,14.857,0.358,6.354,84,-54.47,138.47,0,222000,23205.3,-220783.9,0.0,-0.0,-285.0,-399.1,0.0,0.0,22920.3,406657.0,0,1
83.3167,5187.252,-1105.057,4787.252,1699.157,8.623,12.759,15.4,0.358,6.353,84,-55.74,139.74,0,222000,23205.3,-220783.9,0.0,-0.0,-296.7,-435.7,0.0,0.0,22908.6,406620.5,0,1
83.4167,5188.117,-1103.744,4788.117,1697.844,8.659,13.394,15.949,0.358,6.353,84,-56.93,140.93,0,222000,23205.3,-220783.9,0.0,-0.0,-308.6,-473.9,0.0,0.0,22896.7,406582.2,0,1
83.5167,5188.984,-1102.368,4788.984,1696.468,8.694,14.03,16.505,0.358,6.352,84,-58.04,142.04,0,222000,23205.3,-220783.9,0.0,-0.0,-320.7,-514.0,0.0,0.0,22884.6,406542.2,0,1
83.6167,5189.856,-1100.928,4789.856,1695.028,8.73,14.665,17.067,0.357,6.352,84,-59.07,143.07,0,222000,23205.3,-220783.9,0.0,-0.0,-333.0,-555.8,0.0,0.0,22872.3,406500.4,0,1
83.7167,5190.731,-1099.424,4790.731,1693.524,8.766,15.3,17.633,0.357,6.351,84,-60.03,144.03,0,222000,23205.3,-220783.9,0.0,-0.0,-345.5,-599.3,0.0,0.0,22859.8,406456.8,0,1
83.8167,5191.61,-1097.857,4791.61,1691.957,8.802,15.935,18.204,0.357,6.35,84,-60.94,144.94,0,222000,23205.3,-220783.9,0.0,-0.0,-358.2,-644.7,0.0,0.0,22847.1,406411.5,0,1
83.9167,5192.492,-1096.227,4792.492,1690.327,8.837,16.57,18.779,0.357,6.349,84,-61.79,145.79,0,222000,23205.3,-220783.9,0.0,-0.0,-371.1,-691.8,0.0,0.0,22834.2,406364.3,0,1
84.0167,5193.378,-1094.532,4793.378,1688.632,8.873,17.205,19.358,0.357,6.349,84,-62.59,146.59,0,222000,23205.3,-220783.9,0.0,-0.0,-384.1,-740.7,0.0,0.0,22821.2,406315.4,0,1
84.1167,5194.267,-1092.775,4794.267,1686.875,8.909,17.84,19.94,0.356,6.348,84,-63.34,147.34,0,222000,23205.3,-220783.9,0.0,-0.0,-397.3,-791.4,0.0,0.0,22808.0,406264.7,0,1
84.2167,5195.16,-1090.954,4795.16,1685.054,8.944,18.474,20.526,0.356,6.347,84,-64.05,148.05,0,222000,23205.3,-220783.9,0.0,-0.0,-410.7,-843.9,0.0,0.0,22794.7,406212.2,0,1
84.3167,5196.057,-1089.07,4796.057,1683.17,8.98,19.109,21.114,0.356,6.346,84,-64.72,148.72,0,222000,23205.3,-220783.9,0.0,-0.0,-424.2,-898.2,0.0,0.0,22781.2,406157.9,0,1
84.4167,5196.957,-1087.122,4796.957,1681.222,9.015,19.744,21.705,0.356,6.345,84,-65.35,149.35,0,222000,23205.3,-220783.9,0.0,-0.0,-437.8,-954.3,0.0,0.0,22767.5,406101.9,0,1
84.5167,5197.86,-1085.11,4797.86,1679.21,9.051,20.378,22.298,0.356,6.344,84,-65.95,149.95,0,222000,23205.3,-220783.9,0.0,-0.0,-451.6,-1012.1,0.0,0.0,22753.7,406044.0,0,1
84.6167,5198.768,-1083.035,4798.768,1677.135,9.087,21.012,22.893,0.355,6.344,84,-66.52,150.52,0,222000,23205.3,-220783.9,0.0,-0.0,-465.5,-1071.8,0.0,0.0,22739.8,405984.4,0,1
84.7167,5199.679,-1080.897,4799.679,1674.997,9.143,21.65,23.501,0.714,6.399,78,-67.03,145.03,0,222000,46156.4,-217148.8,0.0,-0.0,-480.5,-1133.7,0.0,0.0,45675.9,409557.5,0,1
84.8167,5200.599,-1078.695,4800.599,1672.795,9.234,22.294,24.131,1.006,6.474,73,-67.44,140.44,0,222000,64906.5,-212299.7,0.0,-0.0,-498.1,-1198.8,0.0,0.0,64408.5,414341.5,0,1
84.9167,5201.528,-1076.427,4801.528,1670.527,9.335,22.942,24.768,1.006,6.473,73,-67.8,140.8,0,222000,64906.5,-212299.7,0.0,-0.0,-516.8,-1266.5,0.0,0.0,64389.7,414273.8,0,1
85.0167,5202.467,-1074.095,4802.467,1668.195,9.436,23.589,25.407,1.064,6.49,72,-68.14,140.14,0,222000,68601.8,-211134.5,0.0,-0.0,-535.9,-1336.1,0.0,0.0,68065.8,415369.3,0,1
85.1167,5203.418,-1071.698,4803.418,1665.798,9.562,24.246,26.063,1.402,6.619,66,-68.43,134.43,0,222000,90295.5,-202807.1,0.0,-0.0,-556.8,-1408.7,0.0,0.0,89738.8,423624.2,0,1
85.2167,5204.383,-1069.235,4804.383,1663.335,9.722,24.917,26.746,1.725,6.783,60,-68.66,128.66,0,222000,111000.0,-192257.6,0.0,-0.0,-580.5,-1485.6,0.0,0.0,110419.5,434096.8,0,1
85.3167,5205.366,-1066.703,4805.366,1660.803,9.912,25.606,27.458,2.029,6.979,54,-68.82,122.82,0,222000,130488.3,-179601.8,0.0,-0.0,-607.4,-1567.2,0.0,0.0,129881.0,446671.0,0,1
85.4167,5206.37,-1064.101,4806.37,1658.201,10.132,26.317,28.2,2.311,7.206,48,-68.93,116.93,0,222000,148547.0,-164978.2,0.0,-0.0,-637.3,-1654.1,0.0,0.0,147909.7,461207.7,0,1
85.5167,5207.397,-1061.427,4807.397,1655.527,10.374,27.048,28.969,2.442,7.33,45,-69.01,114.01,0,222000,156977.7,-156977.7,0.0,-0.0,-670.3,-1746.6,0.0,0.0,156307.5,469115.7,0,1
85.6167,5208.449,-1058.679,4808.449,1652.779,10.619,27.782,29.742,2.484,7.372,44,-69.07,113.07,0,222000,159693.4,-154214.2,0.0,-0.0,-704.5,-1842.1,0.0,0.0,158989.0,471783.7,0,1
85.7167,5209.526,-1055.857,4809.526,1649.957,10.881,28.535,30.539,2.722,7.644,38,-69.12,107.12,0,222000,174938.4,-136676.8,0.0,-0.0,-741.0,-1942.5,0.0,0.0,174197.4,489220.6,0,1
85.8167,5210.63,-1052.959,4810.63,1647.059,11.165,29.315,31.369,2.897,7.889,33,-69.15,102.15,0,222000,186184.9,-120909.9,0.0,-0.0,-780.8,-2049.8,0.0,0.0,185404.0,504880.3,0,1
85.9167,5211.764,-1049.981,4811.764,1644.081,11.455,30.104,32.21,2.896,7.887,33,-69.16,102.16,0,222000,186184.9,-120909.9,0.0,-0.0,-822.7,-2161.9,0.0,0.0,185362.1,504768.3,0,1
86.0167,5212.927,-1046.924,4812.927,1641.024,11.755,30.911,33.071,3.077,8.2,27,-69.18,96.18,0,222000,197803.4,-100785.9,0.0,-0.0,-866.7,-2278.9,0.0,0.0,196936.8,524775.3,0,1
86.1167,5214.12,-1043.784,4814.12,1637.884,12.069,31.744,33.961,3.155,8.362,24,-69.18,93.18,0,222000,202807.1,-90295.5,0.0,-0.0,-913.9,-2403.5,0.0,0.0,201893.2,535141.0,0,1
86.2167,5215.346,-1040.561,4815.346,1634.661,12.386,32.583,34.858,3.201,8.471,22,-69.19,91.19,0,222000,205834.8,-83162.7,0.0,-0.0,-962.7,-2532.4,0.0,0.0,204872.1,542144.9,0,1
86.3167,5216.603,-1037.252,4816.603,1631.352,12.713,33.449,35.784,3.301,8.754,17,-69.19,86.19,0,222000,212299.7,-64906.5,0.0,-0.0,-1014.3,-2668.6,0.0,0.0,211285.4,560264.9,0,1
86.4167,5217.894,-1033.856,4817.894,1627.956,13.043,34.324,36.719,3.3,8.752,17,-69.19,86.19,0,222000,212299.7,-64906.5,0.0,-0.0,-1068.1,-2810.6,0.0,0.0,211231.6,560122.8,0,1
86.5167,5219.217,-1030.373,4819.217,1624.473,13.373,35.199,37.654,3.3,8.75,17,-69.2,86.2,0,222000,212299.7,-64906.5,0.0,-0.0,-1123.2,-2956.3,0.0,0.0,211176.4,559977.1,0,1
86.6167,5220.574,-1026.802,4820.574,1620.902,13.703,36.074,38.589,3.299,8.747,17,-69.2,86.2,0,222000,212299.7,-64906.5,0.0,-0.0,-1179.7,-3105.7,0.0,0.0,211119.9,559827.8,0,1
86.7167,5221.964,-1023.143,4821.964,1617.243,14.033,36.95,39.525,3.315,8.803,16,-69.2,85.2,0,222000,213400.1,-61191.5,0.0,-0.0,-1237.6,-3258.7,0.0,0.0,212162.5,563389.9,0,1
86.8167,5223.386,-1019.396,4823.386,1613.496,14.37,37.851,40.486,3.396,9.154,10,-69.21,79.21,0,222000,218627.3,-38549.9,0.0,-0.0,-1298.1,-3418.9,0.0,0.0,217329.2,585871.2,0,1
86.9167,5224.843,-1015.557,4824.843,1609.657,14.711,38.781,41.477,3.422,9.331,7,-69.22,76.22,0,222000,220345.2,-27055.0,0.0,-0.0,-1361.6,-3588.8,0.0,0.0,218983.6,597196.2,0,1
87.0167,5226.334,-1011.624,4826.334,1605.724,15.054,39.714,42.471,3.421,9.328,7,-69.24,76.24,0,222000,220345.2,-27055.0,0.0,-0.0,-1426.9,-3763.9,0.0,0.0,218918.3,597021.1,0,1
87.1167,5227.86,-1007.599,4827.86,1601.699,15.396,40.646,43.464,3.42,9.326,7,-69.25,76.25,0,222000,220345.2,-27055.0,0.0,-0.0,-1493.7,-3943.2,0.0,0.0,218851.5,596841.9,0,1
87.2167,5229.419,-1003.48,4829.419,1597.58,15.737,41.579,44.457,3.418,9.323,7,-69.27,76.27,0,222000,220345.2,-27055.0,0.0,-0.0,-1562.0,-4126.5,0.0,0.0,218783.2,596658.5,0,1
87.3167,5231.013,-999.267,4831.013,1593.367,16.079,42.511,45.45,3.417,9.32,7,-69.28,76.28,0,222000,220345.2,-27055.0,0.0,-0.0,-1631.9,-4313.9,0.0,0.0,218713.4,596471.1,0,1
87.4167,5232.641,-994.962,4832.641,1589.062,16.421,43.443,46.443,3.416,9.317,7,-69.29,76.29,0,222000,220345.2,-27055.0,0.0,-0.0,-1703.2,-4505.4,0.0,0.0,218642.1,596279.6,0,1
87.5167,5234.303,-990.563,4834.303,1584.663,16.762,44.374,47.435,3.415,9.314,7,-69.3,76.3,0,222000,220345.2,-27055.0,0.0,-0.0,-1776.0,-4701.1,0.0,0.0,218569.2,596083.9,0,1
87.6167,5235.999,-986.072,4835.999,1580.172,17.104,45.305,48.426,3.414,9.311,7,-69.32,76.32,0,222000,220345.2,-27055.0,0.0,-0.0,-1850.4,-4900.8,0.0,0.0,218494.9,595884.2,0,1
87.7167,5237.729,-981.487,4837.729,1575.587,17.445,46.236,49.418,3.413,9.308,7,-69.33,76.33,0,222000,220345.2,-27055.0,0.0,-0.0,-1926.2,-5104.6,0.0,0.0,218419.1,595680.4,0,1
87.8167,5239.494,-976.809,4839.494,1570.909,17.786,47.167,50.409,3.412,9.304,7,-69.34,76.34,0,222000,220345.2,-27055.0,0.0,-0.0,-2003.5,-5312.5,0.0,0.0,218341.7,595472.5,0,1
87.9167,5241.292,-972.038,4841.292,1566.138,18.128,48.097,51.4,3.41,9.301,7,-69.35,76.35,0,222000,220345.2,-27055.0,0.0,-0.0,-2082.3,-5524.5,0.0,0.0,218262.9,595260.5,0,1
88.0167,5243.125,-967.174,4843.125,1561.274,18.468,49.027,52.39,3.409,9.298,7,-69.36,76.36,0,222000,220345.2,-27055.0,0.0,-0.0,-2162.6,-5740.5,0.0,0.0,218182.6,595044.5,0,1
88.1167,5244.992,-962.217,4844.992,1556.317,18.809,49.957,53.38,3.408,9.294,7,-69.37,76.37,0,222000,220345.2,-27055.0,0.0,-0.0,-2244.4,-5960.6,0.0,0.0,218100.8,594824.4,0,1
88.2167,5246.892,-957.167,4846.892,1551.267,19.15,50.886,54.37,3.407,9.291,7,-69.38,76.38,0,222000,220345.2,-27055.0,0.0,-0.0,-2327.7,-6184.7,0.0,0.0,218017.5,594600.3,0,1
88.3167,5248.827,-952.024,4848.827,1546.124,19.491,51.815,55.359,3.405,9.287,7,-69.38,76.38,0,222000,220345.2,-27055.0,0.0,-0.0,-2412.5,-6412.9,0.0,0.0,217932.8,594372.1,0,1
88.4167,5250.796,-946.789,4850.796,1540.889,19.831,52.743,56.348,3.404,9.283,7,-69.39,76.39,0,222000,220345.2,-27055.0,0.0,-0.0,-2498.7,-6645.2,0.0,0.0,217846.5,594139.8,0,1
88.5167,5252.799,-941.46,4852.799,1535.56,20.171,53.671,57.337,3.402,9.28,7,-69.4,76.4,0,222000,220345.2,-27055.0,0.0,-0.0,-2586.4,-6881.4,0.0,0.0,217758.8,593903.6,0,1
88.6167,5254.836,-936.039,4854.836,1530.139,20.512,54.599,58.325,3.401,9.276,7,-69.41,76.41,0,222000,220345.2,-27055.0,0.0,-0.0,-2675.6,-7121.8,0.0,0.0,217669.6,593663.2,0,1
88.7167,5256.907,-930.525,4856.907,1524.625,20.852,55.526,59.312,3.4,9.272,7,-69.42,76.42,0,222000,220345.2,-27055.0,0.0,-0.0,-2766.3,-7366.1,0.0,0.0,217578.9,593418.9,0,1
88.8167,5259.012,-924.918,4859.012,1519.018,21.191,56.453,60.3,3.398,9.268,7,-69.42,76.42,0,222000,220345.2,-27055.0,0.0,-0.0,-2858.5,-7614.4,0.0,0.0,217486.8,593170.6,0,1
88.9167,5261.151,-919.219,4861.151,1513.319,21.531,57.38,61.287,3.397,9.264,7,-69.43,76.43,0,222000,220345.2,-27055.0,0.0,-0.0,-2952.1,-7866.8,0.0,0.0,217393.1,592918.2,0,1
89.0167,5263.324,-913.427,4863.324,1507.527,21.871,58.306,62.273,3.395,9.26,7,-69.44,76.44,0,222000,220345.2,-27055.0,0.0,-0.0,-3047.2,-8123.2,0.0,0.0,217298.1,592661.8,0,1
89.1167,5265.531,-907.542,4865.531,1501.642,22.21,59.232,63.259,3.394,9.256,7,-69.44,76.44,0,222000,220345.2,-27055.0,0.0,-0.0,-3143.7,-8383.5,0.0,0.0,217201.5,592401.5,0,1
89.2167,5267.772,-901.565,4867.772,1495.665,22.549,60.157,64.245,3.392,9.252,7,-69.45,76.45,0,222000,220345.2,-27055.0,0.0,-0.0,-3241.8,-8647.9,0.0,0.0,217103.5,592137.1,0,1
89.3167,5270.046,-895.495,4870.046,1489.595,22.889,61.082,65.23,3.391,9.248,7,-69.46,76.46,0,222000,220345.2,-27055.0,0.0,-0.0,-3341.2,-8916.2,0.0,0.0,217004.0,591868.8,0,1
89.4167,5272.355,-889.333,4872.355,1483.433,23.228,62.007,66.215,3.389,9.244,7,-69.46,76.46,0,222000,220345.2,-27055.0,0.0,-0.0,-3442.2,-9188.5,0.0,0.0,216903.1,591596.5,0,1
89.5167,5274.698,-883.079,4874.698,1477.179,23.566,62.931,67.199,3.388,9.239,7,-69.47,76.47,0,222000,220345.2,-27055.0,0.0,-0.0,-3544.5,-9464.8,0.0,0.0,216800.7,591320.2,0,1
89.6167,5277.074,-876.732,4877.074,1470.832,23.905,63.855,68.183,3.386,9.235,7,-69.47,76.47,0,222000,220345.2,-27055.0,0.0,-0.0,-3648.4,-9745.0,0.0,0.0,216696.9,591040.0,0,1
89.7167,5279.484,-870.292,4879.484,1464.392,24.244,64.778,69.166,3.384,9.231,7,-69.48,76.48,0,222000,220345.2,-27055.0,0.0,-0.0,-3753.7,-10029.2,0.0,0.0,216591.6,590755.8,0,1
89.8167,5281.928,-863.761,4881.928,1457.861,24.582,65.701,70.149,3.383,9.226,7,-69.49,76.49,0,222000,220345.2,-27055.0,0.0,-0.0,-3860.4,-10317.3,0.0,0.0,216484.9,590467.7,0,1
89.9167,5284.406,-857.137,4884.406,1451.237,24.92,66.623,71.131,3.381,9.221,7,-69.49,76.49,0,222000,220345.2,-27055.0,0.0,-0.0,-3968.6,-10609.4,0.0,0.0,216376.7,590175.6,0,1
90.0167,5286.918,-850.421,4886.918,1444.521,25.258,67.545,72.113,3.379,9.217,7,-69.5,76.5,0,222000,220345.2,-27055.0,0.0,-0.0,-4078.2,-10905.4,0.0,0.0,216267.1,589879.6,0,1
90.1167,5289.463,-843.612,4889.463,1437.712,25.596,68.466,73.094,3.377,9.212,7,-69.5,76.5,0,222000,220345.2,-27055.0,0.0,-0.0,-4189.2,-11205.3,0.0,0.0,216156.0,589579.7,0,1
90.2167,5292.043,-836.712,4892.043,1430.812,25.933,69.387,74.075,3.376,9.207,7,-69.51,76.51,0,222000,220345.2,-27055.0,0.0,-0.0,-4301.7,-11509.1,0.0,0.0,216043.5,589275.9,0,1
90.3167,5294.656,-829.72,4894.656,1423.82,26.271,70.308,75.056,3.374,9.203,7,-69.51,76.51,0,222000,220345.2,-27055.0,0.0,-0.0,-4415.6,-11816.8,0.0,0.0,215929.6,588968.2,0,1
90.4167,5297.303,-822.635,4897.303,1416.735,26.608,71.228,76.035,3.372,9.198,7,-69.52,76.52,0,222000,220345.2,-27055.0,0.0,-0.0,-4530.9,-12128.4,0.0,0.0,215814.3,588656.6,0,1
90.5167,5299.983,-815.459,4899.983,1409.559,26.945,72.147,77.015,3.37,9.193,7,-69.52,76.52,0,222000,220345.2,-27055.0,0.0,-0.0,-4647.7,-12443.9,0.0,0.0,215697.5,588341.1,0,1
90.6167,5302.697,-808.19,4902.697,1402.29,27.282,73.066,77.994,3.368,9.188,7,-69.52,76.52,0,222000,220345.2,-27055.0,0.0,-0.0,-4765.9,-12763.3,0.0,0.0,215579.4,588021.7,0,1
90.7167,5305.445,-800.83,4905.445,1394.93,27.619,73.985,78.972,3.367,9.183,7,-69.53,76.53,0,222000,220345.2,-27055.0,0.0,-0.0,-4885.5,-13086.6,0.0,0.0,215459.8,587698.4,0,1
90.8167,5308.227,-793.378,4908.227,1387.478,27.956,74.903,79.95,3.365,9.178,7,-69.53,76.53,0,222000,220345.2,-27055.0,0.0,-0.0,-5006.5,-13413.7,0.0,0.0,215338.7,587371.3,0,1
90.9167,5311.042,-785.834,4911.042,1379.934,28.292,75.82,80.927,3.363,9.173,7,-69.54,76.54,0,222000,220345.2,-27055.0,0.0,-0.0,-5128.9,-13744.7,0.0,0.0,215216.3,587040.3,0,1
91.0167,5313.891,-778.199,4913.891,1372.299,28.628,76.737,81.903,3.361,9.167,7,-69.54,76.54,0,222000,220345.2,-27055.0,0.0,-0.0,-5252.8,-14079.5,0.0,0.0,215092.5,586705.5,0,1
91.1167,5316.773,-770.472,4916.773,1364.572,28.964,77.654,82.879,3.359,9.162,7,-69.54,76.54,0,222000,220345.2,-27055.0,0.0,-0.0,-5378.0,-14418.1,0.0,0.0,214967.2,586366.9,0,1
91.2167,5319.689,-762.653,4919.689,1356.753,29.3,78.569,83.855,3.357,9.157,7,-69.55,76.55,0,222000,220345.2,-27055.0,0.0,-0.0,-5504.6,-14760.6,0.0,0.0,214840.6,586024.4,0,1
91.3167,5322.639,-754.743,4922.639,1348.843,29.635,79.485,84.83,3.355,9.151,7,-69.55,76.55,0,222000,220345.2,-27055.0,0.0,-0.0,-5632.7,-15106.9,0.0,0.0,214712.6,585678.1,0,1
91.4167,5325.622,-746.741,4925.622,1340.841,29.97,80.397,85.801,3.336,9.026,9,-69.56,78.56,0,222000,219266.8,-34728.5,0.0,-0.0,-5762.0,-15456.6,0.0,0.0,213504.8,577655.0,0,1
91.5167,5328.638,-738.649,4928.638,1332.749,30.3,81.278,86.742,3.259,8.665,15,-69.56,84.56,0,222000,214435.5,-57457.8,0.0,-0.0,-5890.1,-15800.3,0.0,0.0,208545.4,554581.8,0,1
91.6167,5331.687,-730.472,4931.687,1324.572,30.619,82.124,87.646,3.144,8.315,21,-69.55,90.55,0,222000,207254.9,-79557.7,0.0,-0.0,-6015.3,-16134.1,0.0,0.0,201239.5,532148.2,0,1
91.7167,5334.767,-722.212,4934.767,1316.312,30.925,82.936,88.514,2.995,7.978,27,-69.55,96.55,0,222000,197803.4,-100785.9,0.0,-0.0,-6136.7,-16457.6,0.0,0.0,191666.8,510596.5,0,1
91.8167,5337.876,-713.873,4937.876,1307.973,31.214,83.715,89.345,2.811,7.659,33,-69.55,102.55,0,222000,186184.9,-120909.9,0.0,-0.0,-6253.4,-16770.9,0.0,0.0,179931.5,490159.2,0,1
91.9167,5341.013,-705.457,4941.013,1299.557,31.483,84.463,90.14,2.596,7.36,39,-69.56,108.56,0,222000,172526.4,-139709.1,0.0,-0.0,-6364.7,-17074.0,0.0,0.0,166161.7,471056.9,0,1
92.0167,5344.176,-696.969,4944.176,1291.069,31.733,85.187,90.906,2.477,7.218,42,-69.57,111.57,0,222000,164978.2,-148547.0,0.0,-0.0,-6470.5,-17368.1,0.0,0.0,158507.7,461924.9,0,1
92.1167,5347.364,-688.408,4947.364,1282.508,31.98,85.909,91.668,2.475,7.213,42,-69.58,111.58,0,222000,164978.2,-148547.0,0.0,-0.0,-6575.8,-17662.6,0.0,0.0,158402.4,461630.4,0,1
92.2167,5350.576,-679.775,4950.576,1273.875,32.228,86.63,92.43,2.473,7.208,42,-69.59,111.59,0,222000,164978.2,-148547.0,0.0,-0.0,-6681.9,-17959.3,0.0,0.0,158296.2,461333.7,0,1
92.3167,5353.814,-671.07,4953.814,1265.17,32.475,87.35,93.192,2.472,7.204,42,-69.6,111.6,0,222000,164978.2,-148547.0,0.0,-0.0,-6788.8,-18258.4,0.0,0.0,158189.4,461034.6,0,1
92.4167,5357.076,-662.293,4957.076,1256.393,32.722,88.07,93.953,2.47,7.199,42,-69.62,111.62,0,222000,164978.2,-148547.0,0.0,-0.0,-6896.5,-18559.7,0.0,0.0,158081.7,460733.3,0,1
92.5167,5360.362,-653.444,4960.362,1247.544,32.969,88.79,94.713,2.468,7.194,42,-69.63,111.63,0,222000,164978.2,-148547.0,0.0,-0.0,-7004.9,-18863.2,0.0,0.0,157973.2,460429.8,0,1
92.6167,5363.673,-644.523,4963.673,1238.623,33.216,89.509,95.473,2.467,7.189,42,-69.64,111.64,0,222000,164978.2,-148547.0,0.0,-0.0,-7114.1,-19169.1,0.0,0.0,157864.0,460123.9,0,1
92.7167,5367.009,-635.53,4967.009,1229.63,33.462,90.228,96.233,2.465,7.185,42,-69.65,111.65,0,222000,164978.2,-148547.0,0.0,-0.0,-7224.1,-19477.2,0.0,0.0,157754.1,459815.9,0,1
92.8167,5370.37,-626.465,4970.37,1220.565,33.709,90.946,96.992,2.463,7.18,42,-69.66,111.66,0,222000,164978.2,-148547.0,0.0,-0.0,-7334.8,-19787.5,0.0,0.0,157643.3,459505.5,0,1
92.9167,5373.755,-617.329,4973.755,1211.429,33.955,91.664,97.751,2.461,7.175,42,-69.67,111.67,0,222000,164978.2,-148547.0,0.0,-0.0,-7446.4,-20100.0,0.0,0.0,157531.8,459193.0,0,1
93.0167,5377.165,-608.121,4977.165,1202.221,34.201,92.381,98.509,2.46,7.17,42,-69.68,111.68,0,222000,164978.2,-148547.0,0.0,-0.0,-7558.6,-20414.8,0.0,0.0,157419.5,458878.2,0,1
93.1167,5380.6,-598.841,4980.6,1192.941,34.447,93.098,99.266,2.458,7.165,42,-69.69,111.69,0,222000,164978.2,-148547.0,0.0,-0.0,-7671.7,-20731.9,0.0,0.0,157306.5,458561.1,0,1
93.2167,5384.059,-589.489,4984.059,1183.589,34.692,93.814,100.023,2.456,7.16,42,-69.7,111.7,0,222000,164978.2,-148547.0,0.0,-0.0,-7785.4,-21051.1,0.0,0.0,157192.7,458241.9,0,1
93.3167,5387.542,-580.066,4987.542,1174.166,34.938,94.53,100.78,2.454,7.155,42,-69.71,111.71,0,222000,164978.2,-148547.0,0.0,-0.0,-7900.0,-21372.6,0.0,0.0,157078.2,457920.4,0,1
93.4167,5391.05,-570.571,4991.05,1164.671,35.183,95.245,101.535,2.453,7.15,42,-69.72,111.72,0,222000,164978.2,-148547.0,0.0,-0.0,-8015.3,-21696.3,0.0,0.0,156962.9,457596.8,0,1
93.5167,5394.583,-561.005,4994.583,1155.105,35.428,95.959,102.291,2.451,7.145,42,-69.73,111.73,0,222000,164978.2,-148547.0,0.0,-0.0,-8131.3,-22022.1,0.0,0.0,156846.8,457270.9,0,1
93.6167,5398.14,-551.368,4998.14,1145.468,35.673,96.674,103.046,2.449,7.14,42,-69.74,111.74,0,222000,164978.2,-148547.0,0.0,-0.0,-8248.1,-22350.2,0.0,0.0,156730.0,456942.8,0,1
93.7167,5401.722,-541.659,5001.722,1135.759,35.918,97.387,103.8,2.447,7.135,42,-69.75,111.75,0,222000,164978.2,-148547.0,0.0,-0.0,-8365.7,-22680.4,0.0,0.0,156612.5,456612.6,0,1
93.8167,5405.328,-531.878,5005.328,1125.978,36.163,98.101,104.554,2.445,7.129,42,-69.76,111.76,0,222000,164978.2,-148547.0,0.0,-0.0,-8484.0,-23012.9,0.0,0.0,156494.2,456280.1,0,1
93.9167,5408.958,-522.027,5008.958,1116.127,36.407,98.813,105.307,2.443,7.124,42,-69.77,111.77,0,222000,164978.2,-148547.0,0.0,-0.0,-8603.0,-23347.5,0.0,0.0,156375.2,455945.5,0,1
94.0167,5412.613,-512.104,5012.613,1106.204,36.651,99.525,106.059,2.441,7.119,42,-69.78,111.78,0,222000,164978.2,-148547.0,0.0,-0.0,-8722.7,-23684.2,0.0,0.0,156255.4,455608.8,0,1
94.1167,5416.293,-502.11,5016.293,1096.21,36.896,100.237,106.812,2.44,7.114,42,-69.79,111.79,0,222000,164978.2,-148547.0,0.0,-0.0,-8843.2,-24023.2,0.0,0.0,156134.9,455269.8,0,1
94.2167,5419.996,-492.045,5019.996,1086.145,37.139,100.948,107.563,2.438,7.108,42,-69.8,111.8,0,222000,164978.2,-148547.0,0.0,-0.0,-8964.5,-24364.3,0.0,0.0,156013.7,454928.7,0,1
94.3167,5423.725,-481.908,5023.725,1076.008,37.383,101.658,108.314,2.436,7.103,42,-69.81,111.81,0,222000,164978.2,-148547.0,0.0,-0.0,-9086.4,-24707.5,0.0,0.0,155891.7,454585.5,0,1
94.4167,5427.477,-471.701,5027.477,1065.801,37.626,102.368,109.064,2.434,7.098,42,-69.82,111.82,0,222000,164978.2,-148547.0,0.0,-0.0,-9209.1,-25052.9,0.0,0.0,155769.0,454240.2,0,1
94.5167,5431.254,-461.423,5031.254,1055.523,37.87,103.078,109.814,2.432,7.092,42,-69.83,111.83,0,222000,164978.2,-148547.0,0.0,-0.0,-9332.6,-25400.3,0.0,0.0,155645.6,453892.7,0,1
94.6167,5435.055,-451.073,5035.055,1045.173,38.123,103.798,110.578,2.622,7.32,37,-69.83,106.83,0,222000,177297.1,-133602.9,0.0,-0.0,-9459.1,-25754.1,0.0,0.0,167838.0,468483.0,0,1
94.7167,5438.884,-440.65,5038.884,1034.75,38.397,104.547,111.375,2.823,7.615,31,-69.83,100.83,0,222000,190291.1,-114338.5,0.0,-0.0,-9594.7,-26124.9,0.0,0.0,180696.4,487376.6,0,1
94.8167,5442.74,-430.15,5042.74,1024.25,38.689,105.327,112.208,2.992,7.93,25,-69.83,94.83,0,222000,201200.3,-93821.3,0.0,-0.0,-9739.0,-26514.3,0.0,0.0,191461.3,507504.4,0,1
94.9167,5446.627,-419.57,5046.627,1013.67,38.996,106.139,113.076,3.125,8.26,19,-69.83,88.83,0,222000,209905.1,-72276.1,0.0,-0.0,-9891.4,-26923.2,0.0,0.0,200013.7,528640.7,0,1
95.0167,5450.545,-408.907,5050.545,1003.007,39.315,106.985,113.98,3.223,8.602,13,-69.82,82.82,0,222000,216310.2,-49939.1,0.0,-0.0,-10051.2,-27352.4,0.0,0.0,206258.9,550548.5,0,1
95.1167,5454.496,-398.158,5054.496,992.258,39.641,107.866,114.919,3.283,8.953,7,-69.82,76.82,0,222000,220345.2,-27055.0,0.0,-0.0,-10217.5,-27802.4,0.0,0.0,210127.7,572982.6,0,1
95.2167,5458.479,-387.318,5058.479,981.418,39.971,108.782,115.893,3.306,9.308,1,-69.82,70.82,0,222000,221966.2,-3874.4,0.0,-0.0,-10389.5,-28273.8,0.0,0.0,211576.7,595691.8,0,1
95.3167,5462.495,-376.385,5062.495,970.485,40.301,109.733,116.9,3.29,9.663,-5,-69.83,64.83,0,222000,221155.2,19348.6,0.0,-0.0,-10566.1,-28766.7,0.0,0.0,210589.1,618421.9,0,1
95.4167,5466.544,-365.354,5066.544,959.454,40.627,110.72,117.939,3.237,10.014,-11,-69.85,58.85,0,222000,217921.2,42359.6,0.0,-0.0,-10746.3,-29281.2,0.0,0.0,207174.9,640918.4,0,1
95.5167,5470.626,-354.223,5070.626,948.323,40.946,111.742,119.007,3.146,10.358,-17,-69.87,52.87,0,222000,212299.7,64906.5,0.0,-0.0,-10929.0,-29817.3,0.0,0.0,201370.7,662929.2,0,1
95.6167,5474.738,-342.987,5074.738,937.087,41.254,112.797,120.104,3.019,10.691,-23,-69.9,46.9,0,222000,204352.1,86742.3,0.0,-0.0,-11113.0,-30374.5,0.0,0.0,193239.1,684207.8,0,1
95.7167,5478.881,-331.644,5078.881,925.744,41.551,113.883,121.226,3.148,10.902,-29,-69.95,40.95,0.018,222000,194165.6,107627.7,18606.9,-6791.2,-11297.0,-30952.4,0.0,0.0,201475.5,697724.2,0,1
95.8167,5483.067,-320.196,5083.067,914.296,42.142,114.886,122.371,7.932,9.377,-35,-69.89,34.89,0.321,222000,181851.8,127334.0,337372.2,-123534.8,-11544.1,-31526.7,0.0,0.0,507679.9,600112.5,0,1
95.9167,5487.34,-308.657,5087.34,902.757,43.232,115.724,123.535,13.054,7.632,-41,-69.59,28.59,0.636,222000,167545.5,145645.1,679822.8,-252965.7,-11932.2,-32066.8,0.0,0.0,835436.1,488452.5,0,1
96.0167,5491.754,-297.046,5091.754,891.146,44.853,116.37,124.714,18.513,5.578,-47,-69.04,22.04,0.9635,222000,151403.6,162360.5,1045872.2,-400659.8,-12474.6,-32563.5,0.0,0.0,1184801.2,356977.3,0,1
96.1167,5496.362,-285.382,5096.362,879.482,47.039,116.787,125.905,24.302,3.108,-53,-68.22,15.22,1.3043,222000,133602.9,177297.1,1434877.8,-573210.4,-13184.6,-33004.0,0.0,0.0,1555296.2,198922.7,0,1
96.2167,5501.199,-273.683,5101.199,867.783,49.193,117.192,127.098,17.232,5.719,-59,-67.33,8.33,0.8999,222000,114338.5,190291.1,1002460.4,-418684.9,-13958.3,-33420.5,0.0,0.0,1102840.5,366025.8,0,0
96.3167,5506.194,-261.92,5106.194,856.02,50.395,117.978,128.29,10.23,8.585,-63,-66.91,3.91,0.5023,222000,100785.9,197803.4,568424.5,-242280.0,-14469.3,-33947.1,0.0,0.0,654741.1,549416.4,0,0
96.4167,5511.293,-250.072,5111.293,844.172,51.402,118.84,129.48,9.947,8.647,-63,-66.65,3.65,0.4787,222000,100785.9,197803.4,550709.2,-237717.5,-14897.7,-34512.8,0.0,0.0,636597.4,553413.1,0,0
96.5167,5516.49,-238.138,5116.49,832.238,52.381,119.708,130.667,9.679,8.708,-63,-66.41,3.41,0.4566,222000,100785.9,197803.4,533981.7,-233216.9,-15323.1,-35084.3,0.0,0.0,619444.5,557342.3,0,0
96.6167,5521.786,-226.117,5121.786,820.217,53.419,120.544,131.85,12.852,7.243,-61,-66.16,5.16,0.6147,222000,107627.7,194165.6,730628.9,-322803.8,-15754.1,-35657.6,0.0,0.0,822502.6,463544.2,0,0
96.7167,5527.228,-214.032,5127.228,808.132,55.272,121.003,133.029,22.494,2.665,-55,-65.59,10.59,1.103,222000,127334.0,181851.8,1328652.4,-603008.7,-16400.7,-36136.8,0.0,0.0,1439585.7,170546.2,0,0
96.8167,5532.907,-201.927,5132.907,796.027,57.906,121.06,134.196,26.426,0.265,-49,-64.61,15.61,1.2852,222000,145645.1,167545.5,1562963.5,-741950.5,-17319.3,-36484.2,0.0,0.0,1691289.3,16950.7,0,1
96.9167,5538.84,-189.815,5138.84,783.915,60.295,121.173,135.346,22.037,1.813,-43,-63.68,20.68,1.0315,222000,162360.5,151403.6,1266198.9,-626371.9,-18216.8,-36824.9,0.0,0.0,1410342.6,116046.9,0,1
97.0167,5544.986,-177.683,5144.986,771.783,62.227,121.464,136.476,17.339,3.732,-37,-62.97,25.97,0.767,222000,177297.1,133602.9,951414.4,-485407.3,-18985.9,-37212.9,0.0,0.0,1109725.7,238822.7,0,1
97.1167,5551.298,-165.509,5151.298,759.609,63.718,121.943,137.587,14.201,5.069,-33,-62.48,29.48,0.5913,222000,186184.9,120909.9,742268.6,-386677.7,-19617.6,-37658.1,0.0,0.0,908835.8,324414.0,0,1
97.2167,5557.754,-153.287,5157.754,747.387,65.17,122.426,138.691,14.764,4.645,-33,-62.05,29.05,0.6131,222000,186184.9,120909.9,778936.6,-413344.9,-20225.0,-38113.5,0.0,0.0,944896.4,297291.5,0,1
97.3167,5564.359,-141.018,5164.359,735.118,66.681,122.864,139.792,15.356,4.187,-33,-61.59,28.59,0.636,222000,186184.9,120909.9,817446.1,-442196.6,-20857.1,-38556.6,0.0,0.0,982773.8,267996.7,0,1
97.4167,5571.118,-128.709,5171.118,722.809,68.253,123.254,140.89,15.977,3.693,-33,-61.11,28.11,0.6601,222000,186184.9,120909.9,857866.8,-473433.1,-21515.3,-38986.0,0.0,0.0,1022536.4,236330.8,0,1
97.5167,5578.038,-116.363,5178.038,710.463,69.888,123.592,141.984,16.629,3.157,-33,-60.6,27.6,0.6855,222000,186184.9,120909.9,900265.9,-507274.3,-22200.8,-39400.0,0.0,0.0,1064250.0,202075.5,0,1
97.6167,5585.126,-103.987,5185.126,698.087,71.591,123.875,143.074,17.312,2.578,-33,-60.07,27.07,0.7121,222000,186184.9,120909.9,944707.0,-543961.8,-22915.0,-39796.9,0.0,0.0,1107976.8,164991.1,0,1
97.7167,5592.388,-91.586,5192.388,685.686,73.363,124.096,144.16,18.028,1.95,-33,-59.51,26.51,0.7402,222000,186184.9,120909.9,991248.1,-583760.8,-23659.5,-40174.7,0.0,0.0,1153773.5,124814.3,0,1
97.8167,5599.831,-79.167,5199.831,673.267,75.21,124.252,145.241,18.776,1.27,-33,-58.91,25.91,0.7697,222000,186184.9,120909.9,1039940.3,-626962.5,-24435.6,-40531.2,0.0,0.0,1201689.6,81256.2,0,1
97.9167,5607.464,-66.736,5207.464,660.836,77.133,124.336,146.318,19.559,0.531,-33,-58.29,25.29,0.8008,222000,186184.9,120909.9,1090825.1,-673886.3,-25244.9,-40864.0,0.0,0.0,1251765.2,33999.5,0,1
98.0167,5615.293,-54.301,5215.293,648.401,79.136,124.343,147.39,20.375,-0.27,-33,-57.64,24.64,0.8336,222000,186184.9,120909.9,1143932.1,-724883.0,-26088.9,-41170.7,0.0,0.0,1304028.1,-17303.8,0,1
98.1167,5623.328,-41.871,5223.328,635.971,81.223,124.266,148.456,21.226,-1.141,-33,-56.95,23.95,0.868,222000,186184.9,120909.9,1199275.4,-780336.9,-26969.3,-41448.2,0.0,0.0,1358491.0,-73035.2,0,1
98.2167,5631.576,-29.453,5231.576,623.553,83.397,124.097,149.516,22.112,-2.088,-33,-56.22,23.22,0.9043,222000,186184.9,120909.9,1256850.2,-840669.4,-27887.6,-41693.5,0.0,0.0,1415147.5,-133613.0,0,1
98.3167,5640.047,-17.058,5240.047,611.158,85.661,123.829,150.571,23.031,-3.117,-33,-55.46,22.46,0.9426,222000,186184.9,120909.9,1316628.1,-906341.8,-28845.4,-41903.3,0.0,0.0,1473967.5,-199495.2,0,1
98.4167,5648.75,-4.696,5248.75,598.796,88.02,123.453,151.618,23.983,-4.237,-33,-54.65,21.65,0.983,222000,186184.9,120909.9,1378551.7,-977858.8,-29844.4,-42073.7,0.0,0.0,1534892.1,-271182.6,0,1
98.5167,5657.695,7.621,5257.695,586.479,90.475,122.959,152.658,24.966,-5.457,-33,-53.8,20.8,1.0255,222000,186184.9,120909.9,1442528.6,-1055771.7,-30886.2,-42200.6,0.0,0.0,1597827.3,-349222.4,0,1
98.6167,5666.89,19.882,5266.89,574.218,93.03,122.337,153.691,25.979,-6.785,-33,-52.9,19.9,1.0703,222000,186184.9,120909.9,1508423.7,-1140681.9,-31972.1,-42279.5,0.0,0.0,1662636.5,-434211.5,0,1
98.7167,5676.345,32.074,5276.345,562.026,95.581,121.656,154.713,23.787,-5.769,-30,-51.98,21.98,0.9664,222000,192257.6,111000.0,1363211.4,-1065745.4,-33084.8,-42319.2,0.0,0.0,1522384.3,-369224.7,0,1
98.8167,5686.027,44.216,5286.027,549.884,97.652,121.287,155.713,19.243,-2.729,-25,-51.26,26.26,0.7523,222000,201200.3,93821.3,1064420.4,-853868.0,-34050.6,-42447.0,0.0,0.0,1231570.1,-174653.8,0,1
98.9167,5695.907,56.326,5295.907,537.774,99.62,120.96,156.702,19.991,-3.659,-25,-50.63,25.63,0.7838,222000,201200.3,93821.3,1113152.5,-913239.9,-34955.8,-42607.8,0.0,0.0,1279397.1,-234186.4,0,1
99.0167,5705.987,68.398,5305.987,525.702,101.664,120.536,157.685,20.767,-4.666,-25,-49.97,24.97,0.817,222000,201200.3,93821.3,1163751.7,-977573.1,-35895.1,-42731.3,0.0,0.0,1329056.9,-298643.2,0,1
99.1167,5716.277,80.422,5316.277,513.678,103.787,120.007,158.661,21.57,-5.757,-25,-49.27,24.27,0.8522,222000,201200.3,93821.3,1216167.2,-1047318.2,-36870.0,-42814.2,0.0,0.0,1380497.5,-368471.2,0,1
99.2167,5726.784,92.386,5326.784,501.714,105.993,119.363,159.63,22.401,-6.94,-25,-48.52,23.52,0.8893,222000,201200.3,93821.3,1270318.3,-1122966.2,-37881.7,-42852.4,0.0,0.0,1433636.9,-444157.4,0,1
99.3167,5737.516,104.279,5337.516,489.821,108.282,118.595,160.592,23.256,-8.222,-25,-47.74,22.74,0.9286,222000,201200.3,93821.3,1326087.7,-1205052.3,-38931.5,-42841.8,0.0,0.0,1488356.5,-526232.8,0,1
99.4167,5748.481,116.088,5348.481,478.012,110.604,117.742,161.544,21.947,-7.628,-23,-46.92,23.92,0.8697,222000,204352.1,86742.3,1240272.8,-1159983.7,-40013.8,-42783.4,0.0,0.0,1404611.1,-488184.7,0,1
99.5167,5759.654,127.83,5359.654,466.27,112.46,117.263,162.474,16.097,-2.679,-17,-46.28,29.28,0.6016,222000,212299.7,64906.5,858856.1,-821404.5,-40958.5,-42826.0,0.0,0.0,1030197.3,-171484.0,0,1
99.6167,5770.985,139.549,5370.985,454.551,113.898,117.141,163.385,14.393,-1.309,-15,-45.87,30.87,0.522,222000,214435.5,57457.8,748419.3,-726031.6,-41727.2,-43013.8,0.0,0.0,921127.7,-83747.6,0,1
99.7167,5782.46,151.253,5382.46,442.847,115.366,116.972,164.291,14.884,-1.968,-15,-45.47,30.47,0.5422,222000,214435.5,57457.8,780653.2,-768061.6,-42497.8,-43194.5,0.0,0.0,952590.9,-125958.4,0,1
99.8167,5794.084,162.937,5394.084,431.163,116.884,116.734,165.193,15.399,-2.678,-15,-45.04,30.04,0.5636,222000,214435.5,57457.8,814394.7,-813337.6,-43291.8,-43348.1,0.0,0.0,985538.4,-171387.9,0,1
99.9167,5805.864,174.593,5405.864,419.507,118.455,116.422,166.09,15.937,-3.442,-15,-44.58,29.58,0.5864,222000,214435.5,57457.8,849665.9,-862137.7,-44110.3,-43472.2,0.0,0.0,1019991.2,-220312.1,0,1
100.0167,5817.804,186.213,5417.804,407.887,120.081,116.03,166.981,16.499,-4.266,-15,-44.1,29.1,0.6105,222000,214435.5,57457.8,886478.4,-914765.6,-44954.1,-43564.0,0.0,0.0,1055959.7,-273031.8,0,1
100.1167,5829.91,197.789,5429.91,396.311,121.765,115.553,167.867,17.085,-5.154,-15,-43.59,28.59,0.636,222000,214435.5,57457.8,924830.5,-971552.4,-45824.6,-43620.9,0.0,0.0,1093441.4,-329875.4,0,1
100.2167,5842.187,209.312,5442.187,384.788,123.509,114.982,168.746,17.694,-6.113,-15,-43.05,28.05,0.6632,222000,214435.5,57457.8,964704.7,-1032859.2,-46722.7,-43639.6,0.0,0.0,1132417.5,-391200.9,0,1
100.3167,5854.643,220.772,5454.643,373.328,125.315,114.311,169.62,18.326,-7.147,-15,-42.47,27.47,0.692,222000,214435.5,57457.8,1006063.4,-1099079.6,-47649.4,-43616.8,0.0,0.0,1172849.5,-457398.5,0,1
100.4167,5867.283,232.158,5467.283,361.942,127.186,113.532,170.487,18.979,-8.264,-15,-41.86,26.86,0.7225,222000,214435.5,57457.8,1048845.2,-1170642.3,-48605.9,-43548.8,0.0,0.0,1214674.9,-528893.2,0,1
100.5167,5880.114,243.46,5480.114,350.64,129.123,112.636,171.346,19.653,-9.471,-15,-41.21,26.21,0.755,222000,214435.5,57457.8,1092959.3,-1248013.7,-49593.1,-43431.6,0.0,0.0,1257801.8,-606147.5,0,1
100.6167,5893.143,254.665,5493.143,339.435,131.128,111.613,172.198,20.345,-10.776,-15,-40.52,25.52,0.7894,222000,214435.5,57457.8,1138280.0,-1331701.1,-50611.9,-43260.8,0.0,0.0,1302103.6,-689664.1,0,1
100.7167,5906.376,265.76,5506.376,328.34,133.204,110.454,173.042,21.053,-12.187,-15,-39.79,24.79,0.8259,222000,214435.5,57457.8,1184639.2,-1422254.9,-51663.1,-43031.7,0.0,0.0,1347411.7,-779988.8,0,1
100.8167,5919.821,276.731,5519.821,317.369,135.351,109.147,173.877,21.774,-13.714,-15,-39.02,24.02,0.8647,222000,214435.5,57457.8,1231818.9,-1520271.6,-52747.4,-42739.2,0.0,0.0,1393507.1,-877713.0,0,1
100.9167,5933.485,287.561,5533.485,306.539,137.571,107.681,174.702,22.502,-15.367,-15,-38.19,23.19,0.9058,222000,214435.5,57457.8,1279541.3,-1626396.2,-53865.3,-42377.7,0.0,0.0,1440111.5,-983476.0,0,1
101.0167,5947.376,298.235,5547.376,295.865,139.864,106.041,175.518,23.232,-17.156,-15,-37.32,22.32,0.9495,222000,214435.5,57457.8,1327457.4,-1741324.5,-55017.1,-41941.0,0.0,0.0,1486875.9,-1097967.6,0,1
101.1167,5961.5,308.734,5561.5,285.366,142.23,104.214,176.323,23.959,-19.093,-15,-36.39,21.39,0.9959,222000,214435.5,57457.8,1375135.0,-1865804.7,-56202.7,-41422.5,0.0,0.0,1533367.8,-1221929.4,0,1
101.2167,5975.864,319.039,5575.864,275.061,144.667,102.183,177.116,24.673,-21.19,-15,-35.41,20.41,1.0452,222000,214435.5,57457.8,1422042.8,-2000638.1,-57422.0,-40815.2,0.0,0.0,1579056.3,-1356155.5,0,1
101.3167,5990.477,329.128,5590.477,264.972,147.175,99.933,177.896,25.364,-23.461,-15,-34.36,19.36,1.0976,222000,214435.5,57457.8,1467533.7,-2146679.2,-58674.0,-40111.3,0.0,0.0,1623295.2,-1501492.6,0,1
101.4167,6005.344,338.978,5605.344,255.122,149.75,97.445,178.664,26.02,-25.919,-15,-33.24,18.24,1.1532,222000,214435.5,57457.8,1510824.9,-2304834.0,-59957.6,-39302.4,0.0,0.0,1665302.9,-1658838.5,0,1
101.5167,6020.472,348.564,5620.472,245.536,152.388,94.7,179.416,26.627,-28.58,-15,-32.06,17.06,1.2124,222000,214435.5,57457.8,1550975.0,-2476056.4,-61270.8,-38379.4,0.0,0.0,1704139.7,-1829137.9,0,1
101.6167,6035.868,357.86,5635.868,236.24,155.083,91.676,180.153,27.167,-31.459,-15,-30.81,15.81,1.2752,222000,214435.5,57457.8,1586858.0,-2661342.0,-62611.0,-37332.6,0.0,0.0,1738682.5,-2013376.8,0,1
101.7167,6051.536,366.836,5651.536,227.264,157.827,88.35,180.873,27.619,-34.571,-15,-29.47,14.47,1.342,222000,214435.5,57457.8,1617133.8,-2861718.7,-63974.8,-36151.7,0.0,0.0,1767594.5,-2212572.5,0,1
101.8167,6067.479,375.464,5667.479,218.636,160.561,84.791,181.574,26.391,-34.965,-15,-28.07,13.07,1.3259,222000,214435.5,57457.8,1539948.2,-2888217.7,-65348.3,-34842.6,0.0,0.0,1689035.5,-2237762.5,0,0
101.9167,6083.681,383.747,5683.681,210.353,163.025,81.483,182.254,23.456,-31.751,-15,-26.76,11.76,1.2085,222000,214435.5,57457.8,1353370.6,-2683776.3,-66623.9,-33597.0,0.0,0.0,1501182.2,-2032075.5,0,0
102.0167,6100.114,391.718,5700.114,202.382,165.221,78.485,182.915,20.947,-28.751,-15,-25.59,10.59,1.1033,222000,214435.5,57457.8,1193956.7,-2492891.8,-67786.8,-32466.1,0.0,0.0,1340605.4,-1840060.1,0,0
102.1167,6116.752,399.406,5716.752,194.694,167.187,75.774,183.558,18.799,-25.968,-15,-24.54,9.54,1.009,222000,214435.5,57457.8,1057578.6,-2315832.4,-68852.4,-31443.1,0.0,0.0,1203161.8,-1661977.6,0,0
102.2167,6133.576,406.839,5733.576,187.261,168.958,73.329,184.184,16.958,-23.402,-15,-23.61,8.61,0.9247,222000,214435.5,57457.8,940730.5,-2152474.3,-69834.2,-30520.8,0.0,0.0,1085331.9,-1497697.2,0,0
102.3167,6150.566,414.042,5750.566,180.058,170.559,71.128,184.796,15.377,-21.044,-15,-22.77,7.77,0.8492,222000,214435.5,57457.8,840444.1,-2002422.6,-70743.6,-29692.0,0.0,0.0,984136.0,-1346816.8,0,0
102.4167,6167.708,421.037,5767.708,173.063,172.016,69.151,185.395,14.017,-18.887,-15,-22.02,7.02,0.7816,222000,214435.5,57457.8,754211.9,-1865101.6,-71590.3,-28949.8,0.0,0.0,897057.2,-1208753.5,0,0
102.5167,6184.989,427.847,5784.989,166.253,173.348,67.378,185.982,12.843,-16.919,-15,-21.35,6.35,0.7211,222000,214435.5,57457.8,679919.2,-1739821.7,-72382.8,-28287.1,0.0,0.0,821972.0,-1082811.0,0,0
102.6167,6202.396,434.491,5802.396,159.609,174.572,65.792,186.558,11.83,-15.129,-15,-20.74,5.74,0.667,222000,214435.5,57457.8,615783.4,-1625829.4,-73128.2,-27697.3,0.0,0.0,757090.8,-968228.9,0,0
102.7167,6219.919,440.987,5819.919,153.113,175.703,64.376,187.125,10.952,-13.503,-15,-20.21,5.21,0.6186,222000,214435.5,57457.8,560302.4,-1522343.1,-73832.7,-27174.3,0.0,0.0,700905.2,-864219.6,0,0
102.8167,6237.552,447.349,5837.552,146.751,176.752,63.112,187.682,10.19,-12.031,-15,-19.73,4.73,0.5753,222000,214435.5,57457.8,512209.8,-1428578.9,-74501.7,-26712.2,0.0,0.0,652143.7,-769993.3,0,0
102.9167,6255.284,453.594,5855.284,140.506,177.732,61.988,188.232,9.527,-10.7,-15,-19.29,4.29,0.5365,222000,214435.5,57457.8,470437.4,-1343768.8,-75139.6,-26305.5,0.0,0.0,609733.3,-684776.5,0,0
103.0167,6273.112,459.733,5873.112,134.367,178.65,60.989,188.774,8.949,-9.497,-15,-18.91,3.91,0.5018,222000,214435.5,57457.8,434082.9,-1267173.0,-75750.5,-25949.1,0.0,0.0,572768.0,-607824.3,0,0
103.1167,6291.028,465.78,5891.028,128.32,179.515,60.104,189.31,8.445,-8.413,-15,-18.56,3.56,0.4708,222000,214435.5,57457.8,402383.2,-1198087.8,-76337.7,-25638.4,0.0,0.0,540481.0,-538428.3,0,0
103.2167,6309.027,471.744,5909.027,122.356,180.334,59.32,189.84,8.003,-7.436,-15,-18.26,3.26,0.4431,222000,214435.5,57457.8,374691.5,-1135850.4,-76904.2,-25369.0,0.0,0.0,512222.8,-475921.5,0,0
103.3167,6327.106,477.635,5927.106,116.465,181.111,58.628,190.364,7.616,-6.558,-15,-17.98,2.98,0.4183,222000,214435.5,57457.8,350458.8,-1079841.5,-77452.5,-25137.0,0.0,0.0,487441.8,-419680.7,0,0
103.4167,6345.261,483.461,5945.261,110.639,181.852,58.019,190.884,7.276,-5.768,-15,-17.73,2.73,0.396,222000,214435.5,57457.8,329218.2,-1029486.1,-77984.9,-24938.7,0.0,0.0,465668.8,-369126.9,0,0
103.5167,6363.488,489.232,5963.488,104.868,182.562,57.485,191.399,6.977,-5.058,-15,-17.51,2.51,0.3761,222000,214435.5,57457.8,310571.1,-984252.6,-78503.3,-24770.9,0.0,0.0,446503.3,-323725.7,0,0
103.6167,6381.784,494.952,5981.784,99.148,183.244,57.017,191.91,6.713,-4.422,-15,-17.31,2.31,0.3583,222000,214435.5,57457.8,294177.2,-943652.3,-79009.4,-24630.6,0.0,0.0,429603.4,-282985.2,0,0
103.7167,6400.147,500.63,6000.147,93.47,183.902,56.608,192.417,6.479,-3.851,-15,-17.14,2.14,0.3423,222000,214435.5,57457.8,279744.7,-907237.2,-79504.7,-24515.1,0.0,0.0,414675.6,-246454.4,0,0
103.8167,6418.574,506.269,6018.574,87.831,184.537,56.253,192.921,6.273,-3.339,-15,-16.98,1.98,0.328,222000,214435.5,57457.8,267022.9,-874597.5,-79990.4,-24421.8,0.0,0.0,401468.1,-213721.5,0,0
103.9167,6437.064,511.876,6037.064,82.224,185.154,55.947,193.422,6.09,-2.881,-15,-16.84,1.84,0.3152,222000,214435.5,57457.8,255796.0,-845360.2,-80467.7,-24348.6,0.0,0.0,389763.8,-184410.9,0,0
104.0167,6455.615,517.455,6055.615,76.645,185.753,55.683,193.92,5.928,-2.472,-15,-16.71,1.71,0.3036,222000,214435.5,57457.8,245877.6,-819185.5,-80937.6,-24293.3,0.0,0.0,379375.5,-158181.0,0,0
104.1167,6474.224,523.01,6074.224,71.09,186.337,55.457,194.415,5.783,-2.105,-15,-16.59,1.59,0.2933,222000,214435.5,57457.8,237106.4,-795765.5,-81401.0,-24254.2,0.0,0.0,370140.9,-134721.9,0,0
104.2167,6492.891,528.544,6092.891,65.556,186.908,55.266,194.908,5.655,-1.777,-15,-16.49,1.49,0.284,222000,214435.5,57457.8,229342.5,-774820.6,-81858.6,-24229.7,0.0,0.0,361919.4,-113752.5,0,0
104.3167,6511.615,534.062,6111.615,60.038,187.467,55.106,195.398,5.54,-1.485,-15,-16.4,1.4,0.2756,222000,214435.5,57457.8,222464.3,-756098.4,-82311.1,-24218.1,0.0,0.0,354588.7,-95018.7,0,0
104.4167,6530.394,539.564,6130.394,54.536,188.015,54.973,195.887,5.438,-1.223,-15,-16.31,1.31,0.268,222000,214435.5,57457.8,216365.8,-739370.3,-82759.2,-24218.3,0.0,0.0,348042.1,-78290.7,0,0
104.5167,6549.227,545.055,6149.227,49.045,188.553,54.864,196.373,5.347,-0.99,-15,-16.24,1.24,0.2612,222000,214435.5,57457.8,210954.5,-724430.4,-83203.3,-24228.8,0.0,0.0,342186.7,-63361.4,0,0
104.6167,6568.113,550.536,6168.113,43.564,189.083,54.778,196.858,5.265,-0.782,-15,-16.17,1.17,0.255,222000,214435.5,57457.8,206149.4,-711092.8,-83643.9,-24248.8,0.0,0.0,336941.0,-50043.8,0,0
104.7167,6587.052,556.01,6187.052,38.09,189.605,54.71,197.341,5.191,-0.596,-15,-16.11,1.11,0.2495,222000,214435.5,57457.8,201879.7,-699190.2,-84081.5,-24277.2,0.0,0.0,332233.8,-38169.6,0,0
104.8167,6606.042,561.478,6206.042,32.622,190.12,54.661,197.822,5.125,-0.431,-15,-16.05,1.05,0.2444,222000,214435.5,57457.8,198083.2,-688572.1,-84516.4,-24313.0,0.0,0.0,328002.3,-27587.3,0,0
104.9167,6625.084,566.942,6225.084,27.158,190.629,54.626,198.302,5.065,-0.284,-15,-16.0,1.0,0.2398,222000,214435.5,57457.8,194705.1,-679103.0,-84948.9,-24355.6,0.0,0.0,324191.7,-18160.8,0,0
105.0167,6644.176,572.403,6244.176,21.697,191.133,54.606,198.78,5.012,-0.153,-15,-15.95,0.95,0.2357,222000,214435.5,57457.8,191697.3,-670661.4,-85379.3,-24404.2,0.0,0.0,320753.5,-9767.8,0,0
105.1167,6663.319,577.863,6263.319,16.237,191.631,54.597,199.257,4.963,-0.036,-15,-15.91,0.91,0.2318,222000,214435.5,57457.8,189017.3,-663137.9,-85807.9,-24458.2,0.0,0.0,317644.9,-2298.3,0,0
105.2167,6682.511,583.323,6282.511,10.777,192.125,54.6,199.732,4.919,0.068,-15,-15.87,0.87,0.2284,222000,214435.5,57457.8,186627.8,-656434.8,-86234.9,-24517.0,0.0,0.0,314828.4,4346.0,0,0
105.3167,6701.752,588.783,6301.752,5.317,192.614,54.612,200.207,4.879,0.16,-15,-15.84,0.84,0.2252,222000,214435.5,57457.8,184495.6,-650464.0,-86660.5,-24580.1,0.0,0.0,312270.6,10253.7,0,0
105.4167,6721.042,594.246,6321.042,-0.146,193.1,54.633,200.68,4.843,0.242,-15,-15.8,0.8,0.2222,222000,214435.5,57457.8,182591.7,-645147.0,-87084.9,-24647.1,-0.0,0.0,309942.3,15503.7,0,0
105.5167,6740.362,594.112,6340.362,-0.012,193.276,0.69,193.277,1.786,41.404,-12,-0.0,-12.0,-0.93,222000,217148.8,46156.4,-0.0,2603710.1,-83990.6,-0.0,-18835.2,-627840.0,114322.9,2649866.5,1,0
105.6167,6759.7,594.105,6359.7,-0.005,193.458,0.291,193.458,1.841,17.455,-6,-0.0,-6.0,-0.39,222000,220783.9,23205.3,-0.0,1093927.0,-84148.2,-0.0,-18835.2,-627840.0,117800.4,1117132.3,1,0
105.7167,6779.057,594.102,6379.057,-0.002,193.643,0.091,193.643,1.852,5.451,-3,-0.0,-3.0,-0.12,222000,221695.8,11618.6,-0.0,337236.9,-84309.2,-0.0,-18835.2,-627840.0,118551.3,348855.5,1,0
105.8167,6798.432,594.102,6398.432,-0.002,193.828,0.091,193.828,1.85,5.461,-3,-0.0,-3.0,-0.12,222000,221695.8,11618.6,-0.0,337882.1,-84470.5,-0.0,-18835.2,-627840.0,118390.0,349500.7,1,0
105.9167,6817.825,594.102,6417.825,-0.002,194.013,0.091,194.013,1.847,5.471,-3,-0.0,-3.0,-0.12,222000,221695.8,11618.6,-0.0,338527.1,-84631.8,-0.0,-18835.2,-627840.0,118228.8,350145.7,1,0
106.0167,6837.237,594.102,6437.237,-0.002,194.198,0.091,194.198,1.845,5.481,-3,-0.0,-3.0,-0.12,222000,221695.8,11618.6,-0.0,339171.8,-84793.0,-0.0,-18835.2,-627840.0,118067.6,350790.4,1,0
106.1167,6856.668,594.102,6456.668,-0.002,194.382,0.092,194.382,1.842,5.491,-3,-0.0,-3.0,-0.12,222000,221695.8,11618.6,-0.0,339816.3,-84954.1,-0.0,-18835.2,-627840.0,117906.5,351434.8,1,0
106.2167,6876.117,594.102,6476.117,-0.002,194.566,0.092,194.566,1.84,5.501,-3,-0.0,-3.0,-0.12,222000,221695.8,11618.6,-0.0,340460.4,-85115.1,-0.0,-18835.2,-627840.0,117745.4,352079.0,1,0
106.3167,6895.584,594.102,6495.584,-0.002,194.75,0.092,194.75,1.837,5.511,-3,-0.0,-3.0,-0.12,222000,221695.8,11618.6,-0.0,341104.3,-85276.1,-0.0,-18835.2,-627840.0,117584.5,352722.9,1,0
106.4167,6915.07,594.102,6515.07,-0.002,194.934,0.092,194.934,1.835,5.521,-3,-0.0,-3.0,-0.12,222000,221695.8,11618.6,-0.0,341748.0,-85437.0,-0.0,-18835.2,-627840.0,117423.6,353366.5,1,0
106.5167,6934.574,594.099,6534.574,0.001,195.127,-0.007,195.127,2.131,-0.962,1,-0.0,1.0,0.2402,222000,221966.2,-3874.4,33.0,-685526.7,-85602.3,-4.1,-0.0,0.0,136396.9,-61565.3,0,0
106.6167,6954.099,594.031,6554.099,0.069,195.332,-1.479,195.338,1.917,-24.187,7,0.32,6.68,0.7516,222000,220345.2,-27055.0,-11843.6,-2149199.1,-85786.8,472.7,-0.0,0.0,122714.8,-1547941.4,0,0
106.7167,6973.642,593.726,6573.642,0.374,195.494,-4.129,195.538,1.436,-25.215,8,1.09,6.91,0.7722,222000,219839.5,-30896.4,-41970.5,-2212313.2,-85950.2,1630.6,-0.0,0.0,91918.8,-1613739.0,0,0
106.8167,6993.199,593.174,6593.199,0.926,195.617,-6.484,195.724,1.097,-22.419,8,1.79,6.21,0.709,222000,219839.5,-30896.4,-63558.6,-2034459.6,-86089.9,2689.5,-0.0,0.0,70191.1,-1434826.5,0,0
106.9167,7012.766,592.401,6612.766,1.699,195.712,-8.579,195.9,0.853,-19.929,8,2.41,5.59,0.6528,222000,219839.5,-30896.4,-79055.3,-1876052.4,-86211.3,3632.9,-0.0,0.0,54572.9,-1275475.9,0,0
107.0167,7032.342,591.433,6632.342,2.667,195.786,-10.44,196.065,0.681,-17.713,8,2.97,5.03,0.603,222000,219839.5,-30896.4,-89911.4,-1735077.2,-86318.9,4473.0,-0.0,0.0,43609.2,-1133660.6,0,0
107.1167,7051.924,590.291,6651.924,3.809,195.847,-12.095,196.22,0.565,-15.743,8,3.46,4.54,0.5588,222000,219839.5,-30896.4,-97256.6,-1609695.6,-86415.9,5221.2,-0.0,0.0,36167.0,-1007530.8,0,0
107.2167,7071.512,588.994,6671.512,5.106,195.899,-13.565,196.368,0.49,-13.991,8,3.89,4.11,0.5196,222000,219839.5,-30896.4,-101967.4,-1498239.7,-86505.1,5887.4,-0.0,0.0,31367.0,-895408.7,0,0
107.3167,7091.105,587.56,6691.105,6.54,195.945,-14.872,196.509,0.446,-12.434,8,4.28,3.72,0.4848,222000,219839.5,-30896.4,-104721.4,-1399203.8,-86588.3,6480.6,0.0,0.0,28529.8,-795779.7,0,0
107.4167,7110.702,586.004,6710.702,8.096,195.989,-16.033,196.643,0.424,-11.051,8,4.62,3.38,0.4539,222000,219839.5,-30896.4,-106040.4,-1311233.7,-86667.2,7008.8,0.0,0.0,27131.9,-707281.3,0,0
107.5167,7130.303,584.34,6730.303,9.76,196.031,-17.066,196.772,0.418,-9.823,8,4.93,3.07,0.4265,222000,219839.5,-30896.4,-106324.1,-1233114.5,-86742.9,7479.3,0.0,0.0,26772.5,-628691.6,0,0
107.6167,7149.909,582.579,6749.909,11.521,196.073,-17.983,196.896,0.424,-8.733,8,5.2,2.8,0.4021,222000,219839.5,-30896.4,-105877.3,-1163759.0,-86816.3,7898.4,0.0,0.0,27145.9,-558917.0,0,0
107.7167,7169.518,580.732,6769.518,13.368,196.116,-18.799,197.015,0.438,-7.765,8,5.44,2.56,0.3806,222000,219839.5,-30896.4,-104930.8,-1102195.8,-86888.2,8271.9,0.0,0.0,28020.5,-496980.3,0,0
107.8167,7189.133,578.809,6789.133,15.291,196.161,-19.525,197.13,0.457,-6.906,8,5.65,2.35,0.3614,222000,219839.5,-30896.4,-103658.1,-1047558.2,-86959.0,8604.8,0.0,0.0,29222.4,-442009.9,0,0
107.9167,7208.751,576.818,6808.751,17.282,196.208,-20.17,197.242,0.478,-6.144,8,5.84,2.16,0.3444,222000,219839.5,-30896.4,-102188.4,-999073.9,-87029.2,8901.6,0.0,0.0,30621.9,-393228.7,0,0
108.0167,7228.375,574.767,6828.375,19.333,196.257,-20.745,197.35,0.502,-5.468,8,6.01,1.99,0.3293,222000,219839.5,-30896.4,-100616.7,-956054.9,-87098.9,9166.4,0.0,0.0,32123.9,-349944.9,0,0
108.1167,7248.004,572.662,6848.004,21.438,196.308,-21.256,197.456,0.526,-4.868,8,6.16,1.84,0.3159,222000,219839.5,-30896.4,-99012.0,-917889.2,-87168.5,9402.8,0.0,0.0,33658.9,-311542.9,0,0
108.2167,7267.638,570.51,6867.638,23.59,196.362,-21.711,197.559,0.55,-4.336,8,6.29,1.71,0.304,222000,219839.5,-30896.4,-97423.4,-884032.5,-87238.1,9613.9,0.0,0.0,35178.1,-277475.0,0,0
108.3167,7287.277,568.315,6887.277,25.785,196.419,-22.117,197.66,0.573,-3.863,8,6.41,1.59,0.2934,222000,219839.5,-30896.4,-95884.5,-854000.7,-87307.7,9802.6,0.0,0.0,36647.3,-247254.5,0,0
108.4167,7306.922,566.082,6906.922,28.018,196.477,-22.478,197.759,0.594,-3.445,8,6.51,1.49,0.2841,222000,219839.5,-30896.4,-94418.0,-827363.7,-87377.4,9971.4,0.0,0.0,38044.1,-220448.7,0,0
108.5167,7326.574,563.815,6926.574,30.285,196.538,-22.801,197.856,0.615,-3.073,8,6.6,1.4,0.2757,222000,219839.5,-30896.4,-93037.8,-803739.4,-87447.3,10122.6,0.0,0.0,39354.4,-196673.3,0,0
108.6167,7346.231,561.518,6946.231,32.582,196.6,-23.088,197.952,0.634,-2.744,8,6.69,1.31,0.2683,222000,219839.5,-30896.4,-91751.6,-782788.5,-87517.3,10258.0,0.0,0.0,40570.6,-175586.9,0,0
108.7167,7365.895,559.194,6965.895,34.906,196.665,-23.345,198.046,0.651,-2.451,8,6.76,1.24,0.2618,222000,219839.5,-30896.4,-90562.5,-764209.5,-87587.6,10379.6,0.0,0.0,41689.4,-156886.4,0,0
108.8167,7385.565,556.845,6985.565,37.255,196.731,-23.575,198.138,0.667,-2.192,8,6.82,1.18,0.2559,222000,219839.5,-30896.4,-89470.3,-747734.8,-87658.1,10488.7,0.0,0.0,42711.1,-140302.5,0,0
108.9167,7405.242,554.476,7005.242,39.624,196.799,-23.781,198.23,0.682,-1.962,8,6.88,1.12,0.2507,222000,219839.5,-30896.4,-88472.5,-733127.0,-87728.8,10587.0,0.0,0.0,43638.2,-125596.4,0,0
109.0167,7424.926,552.087,7024.926,42.013,196.868,-23.965,198.321,0.695,-1.759,8,6.93,1.07,0.2461,222000,219839.5,-30896.4,-87565.3,-720175.0,-87799.6,10675.5,0.0,0.0,44474.6,-112556.0,0,0
109.1167,7444.617,549.681,7044.617,44.419,196.938,-24.13,198.41,0.707,-1.578,8,6.98,1.02,0.242,222000,219839.5,-30896.4,-86743.7,-708691.8,-87870.6,10755.3,0.0,0.0,45225.2,-100992.9,0,0
109.2167,7464.315,547.259,7064.315,46.841,197.009,-24.278,198.499,0.717,-1.418,8,7.02,0.98,0.2383,222000,219839.5,-30896.4,-86002.0,-698511.3,-87941.8,10827.6,0.0,0.0,45895.7,-90740.1,0,0
109.3167,7484.02,544.823,7084.02,49.277,197.081,-24.412,198.587,0.726,-1.276,8,7.06,0.94,0.235,222000,219839.5,-30896.4,-85334.6,-689486.0,-88013.1,10893.0,0.0,0.0,46491.8,-81649.5,0,0
109.4167,7503.732,542.375,7103.732,51.725,197.154,-24.532,198.675,0.735,-1.15,8,7.09,0.91,0.2321,222000,219839.5,-30896.4,-84735.6,-681485.3,-88084.4,10952.4,0.0,0.0,47019.5,-73589.4,0,0
109.5167,7523.452,539.915,7123.452,54.185,197.228,-24.64,198.761,0.742,-1.038,8,7.12,0.88,0.2295,222000,219839.5,-30896.4,-84199.3,-674393.1,-88155.9,11006.4,0.0,0.0,47484.3,-66443.1,0,0
109.6167,7543.179,537.445,7143.179,56.655,197.303,-24.738,198.848,0.748,-0.939,8,7.14,0.86,0.2272,222000,219839.5,-30896.4,-83720.2,-668106.4,-88227.5,11055.8,0.0,0.0,47891.8,-60107.1,0,0
109.7167,7562.914,534.966,7162.914,59.134,197.378,-24.827,198.933,0.754,-0.851,8,7.17,0.83,0.2251,222000,219839.5,-30896.4,-83293.0,-662534.0,-88299.1,11100.9,0.0,0.0,48247.4,-54489.6,0,0
109.8167,7582.656,532.479,7182.656,61.621,197.454,-24.907,199.018,0.759,-0.774,8,7.19,0.81,0.2232,222000,219839.5,-30896.4,-82913.0,-657594.9,-88370.8,11142.2,0.0,0.0,48555.8,-49509.1,0,0
109.9167,7602.406,529.984,7202.406,64.116,197.53,-24.981,199.103,0.763,-0.705,8,7.2,0.8,0.2216,222000,219839.5,-30896.4,-82575.4,-653217.1,-88442.5,11180.3,0.0,0.0,48821.7,-45093.2,0,0
110.0167,7622.163,527.482,7222.163,66.618,197.606,-25.047,199.187,0.766,-0.643,8,7.22,0.78,0.2201,222000,219839.5,-30896.4,-82276.1,-649337.1,-88514.2,11215.4,0.0,0.0,49049.2,-41178.1,0,0
110.1167,7641.929,524.974,7241.929,69.126,197.683,-25.109,199.271,0.769,-0.589,8,7.24,0.76,0.2187,222000,219839.5,-30896.4,-82011.3,-645898.2,-88585.9,11248.0,0.0,0.0,49242.3,-37706.7,0,0
110.2167,7661.701,522.459,7261.701,71.641,197.76,-25.165,199.355,0.772,-0.541,8,7.25,0.75,0.2175,222000,219839.5,-30896.4,-81777.4,-642850.4,-88657.6,11278.2,0.0,0.0,49404.6,-34628.7,0,0
110.3167,7681.482,519.94,7281.482,74.16,197.838,-25.216,199.438,0.774,-0.498,8,7.26,0.74,0.2164,222000,219839.5,-30896.4,-81571.1,-640149.2,-88729.3,11306.3,0.0,0.0,49539.1,-31899.3,0,0
110.4167,7701.27,517.415,7301.27,76.685,197.915,-25.264,199.521,0.776,-0.461,8,7.27,0.73,0.2155,222000,219839.5,-30896.4,-81389.7,-637755.3,-88801.0,11332.7,0.0,0.0,49648.8,-29479.0,0,0
110.5167,7721.066,514.886,7321.066,79.214,197.993,-25.308,199.604,0.777,-0.427,8,7.28,0.72,0.2146,222000,219839.5,-30896.4,-81230.4,-635633.6,-88872.6,11357.4,0.0,0.0,49736.5,-27332.6,0,0
110.6167,7740.87,512.353,7340.87,81.747,198.07,-25.349,199.686,0.778,-0.397,8,7.29,0.71,0.2138,222000,219839.5,-30896.4,-81090.9,-633753.2,-88944.2,11380.7,0.0,0.0,49804.4,-25428.9,0,0
110.7167,7760.682,509.816,7360.682,84.284,198.148,-25.387,199.768,0.779,-0.371,8,7.3,0.7,0.213,222000,219839.5,-30896.4,-80969.0,-632086.6,-89015.8,11402.7,0.0,0.0,49854.7,-23740.3,0,0
110.8167,7780.501,507.275,7380.501,86.825,198.226,-25.423,199.85,0.78,-0.348,8,7.31,0.69,0.2124,222000,219839.5,-30896.4,-80862.9,-630609.5,-89087.3,11423.6,0.0,0.0,49889.3,-22242.3,0,0
110.9167,7800.328,504.731,7400.328,89.369,198.304,-25.456,199.931,0.78,-0.327,8,7.31,0.69,0.2117,222000,219839.5,-30896.4,-80770.8,-629300.3,-89158.8,11443.5,0.0,0.0,49910.0,-20913.2,0,0
111.0167,7820.163,502.184,7420.163,91.916,198.382,-25.488,200.013,0.78,-0.308,8,7.32,0.68,0.2112,222000,219839.5,-30896.4,-80691.1,-628139.8,-89230.1,11462.5,0.0,0.0,49918.2,-19733.7,0,0
111.1167,7840.006,499.638,7440.006,94.462,198.487,-25.307,200.094,1.86,8.114,6,7.31,-1.31,0.0325,222000,220783.9,-23205.3,-12407.1,-96779.9,-89305.6,11448.9,0.0,0.0,119071.2,519303.7,0,0
111.2167,7859.874,497.216,7459.874,96.884,198.842,-23.113,200.181,4.622,31.431,0,6.78,-6.78,-0.4603,222000,222000.0,-0.0,163286.8,1373104.2,-89482.4,10641.1,0.0,0.0,295804.4,2011585.2,0,0
111.3167,7879.783,495.079,7479.783,99.021,199.262,-20.183,200.281,3.92,27.833,0,5.92,-5.92,-0.3826,222000,222000.0,-0.0,118598.2,1144202.9,-89720.6,9299.7,0.0,0.0,250877.7,1781342.6,0,0
111.4167,7899.731,493.214,7499.731,100.886,199.622,-17.589,200.395,3.389,24.638,0,5.15,-5.15,-0.3138,222000,222000.0,-0.0,84863.3,940882.9,-89936.7,8111.9,0.0,0.0,216926.6,1576834.8,0,0
111.5167,7919.711,491.592,7519.711,102.508,199.936,-15.294,200.52,2.991,21.802,0,4.48,-4.48,-0.2531,222000,222000.0,-0.0,59564.0,760430.6,-90137.1,7060.4,0.0,0.0,191426.9,1395330.9,0,0
111.6167,7939.722,490.183,7539.722,103.917,200.217,-13.263,200.656,2.694,19.287,0,3.88,-3.88,-0.1994,222000,222000.0,-0.0,40742.2,600371.8,-90326.5,6129.7,0.0,0.0,172415.7,1234341.5,0,0
111.7167,7959.758,488.963,7559.758,105.137,200.473,-11.466,200.801,2.475,17.056,0,3.36,-3.36,-0.152,222000,222000.0,-0.0,26878.0,458468.0,-90508.3,5306.1,0.0,0.0,158369.6,1091614.1,0,0
111.8167,7979.82,487.911,7579.82,106.189,200.711,-9.878,200.954,2.314,15.08,0,2.89,-2.89,-0.1101,222000,222000.0,-0.0,16793.5,332705.1,-90685.3,4577.4,0.0,0.0,148108.2,965122.5,0,0
111.9167,7999.904,487.006,7599.904,107.094,200.935,-8.474,201.114,2.199,13.329,0,2.48,-2.48,-0.0731,222000,222000.0,-0.0,9577.9,221278.2,-90859.4,3932.8,0.0,0.0,140718.5,853050.9,0,0
112.0167,8020.01,486.233,7620.01,107.867,201.15,-7.233,201.28,2.117,11.778,0,2.12,-2.12,-0.0404,222000,222000.0,-0.0,4527.8,122574.8,-91032.0,3362.7,0.0,0.0,135495.9,753777.5,0,0
112.1167,8040.137,485.574,7640.137,108.526,201.359,-6.136,201.452,2.061,10.404,0,1.8,-1.8,-0.0116,222000,222000.0,-0.0,1101.9,35157.9,-91204.0,2858.5,0.0,0.0,131897.9,665856.4,0,0
112.2167,8060.285,485.018,7660.285,109.082,201.562,-5.168,201.629,2.024,9.188,0,1.51,-1.51,0.0139,222000,222000.0,-0.0,-1115.6,-42251.6,-91376.3,2412.8,0.0,0.0,129508.0,588001.2,0,0
112.3167,8080.453,484.552,7680.453,109.548,201.763,-4.313,201.809,2.0,8.11,0,1.26,-1.26,0.0363,222000,222000.0,-0.0,-2443.1,-110790.5,-91549.3,2018.8,0.0,0.0,128007.6,519068.4,0,0
112.4167,8100.641,484.166,7700.641,109.934,201.962,-3.559,201.994,1.987,7.157,0,1.04,-1.04,0.0561,222000,222000.0,-0.0,-3123.3,-171468.2,-91723.3,1670.7,0.0,0.0,127153.4,458042.5,0,0
112.5167,8120.849,483.849,7720.849,110.251,202.161,-2.893,202.181,1.981,6.313,0,0.85,-0.85,0.0735,222000,222000.0,-0.0,-3340.4,-225180.7,-91898.4,1363.3,0.0,0.0,126761.1,404022.5,0,0
112.6167,8141.077,483.595,7741.077,110.505,202.359,-2.306,202.372,1.98,5.566,0,0.68,-0.68,0.0889,222000,222000.0,-0.0,-3233.8,-272722.6,-92074.9,1091.8,0.0,0.0,126691.3,356209.1,0,0
112.7167,8161.324,483.395,7761.324,110.705,202.557,-1.789,202.565,1.982,4.905,0,0.53,-0.53,0.1024,222000,222000.0,-0.0,-2907.7,-314798.6,-92252.7,852.1,0.0,0.0,126839.6,313893.5,0,0
112.8167,8181.591,483.243,7781.591,110.857,202.755,-1.333,202.76,1.986,4.319,0,0.4,-0.4,0.1143,222000,222000.0,-0.0,-2440.1,-352033.3,-92431.7,640.7,0.0,0.0,127128.1,276447.4,0,0
112.9167,8201.878,483.133,7801.878,110.967,202.954,-0.932,202.956,1.992,3.802,0,0.28,-0.28,0.1247,222000,222000.0,-0.0,-1888.3,-384980.4,-92612.1,454.3,0.0,0.0,127499.6,243313.9,0,0
113.0167,8222.185,483.061,7822.185,111.039,203.154,-0.579,203.155,1.999,3.344,0,0.18,-0.18,0.1339,222000,222000.0,-0.0,-1294.0,-414130.4,-92793.6,289.9,0.0,0.0,127912.4,213999.5,0,0
113.1167,8242.512,483.022,7842.512,111.078,203.354,-0.269,203.354,2.005,2.939,0,0.09,-0.09,0.1419,222000,222000.0,-0.0,-687.1,-439918.3,-92976.2,145.2,0.0,0.0,128336.6,188066.9,0,0
113.2167,8262.86,483.011,7862.86,111.089,203.555,0.004,203.555,2.012,2.58,0,0.01,-0.01,0.149,222000,222000.0,-0.0,-88.7,-462729.1,-93159.8,17.9,0.0,0.0,128751.5,165128.7,0,0
113.3167,8283.227,483.026,7883.227,111.074,203.756,0.243,203.757,2.018,2.263,0,-0.06,0.06,0.1552,222000,222000.0,-0.0,487.0,-482904.3,-93344.4,-94.1,0.0,0.0,129142.7,144841.6,0,0
113.4167,8303.614,483.062,7903.614,111.038,203.959,0.453,203.959,2.023,1.983,0,-0.12,0.12,0.1606,222000,222000.0,-0.0,1030.9,-500746.1,-93529.7,-192.6,0.0,0.0,129501.2,126901.3,0,0
113.5167,8324.022,483.119,7924.022,110.981,204.161,0.636,204.162,2.028,1.735,0,-0.17,0.17,0.1653,222000,222000.0,-0.0,1537.3,-516522.5,-93715.9,-278.9,0.0,0.0,129821.4,111038.6,0,0
113.6167,8344.45,483.192,7944.45,110.908,204.364,0.797,204.366,2.033,1.516,0,-0.22,0.22,0.1695,222000,222000.0,-0.0,2003.4,-530470.6,-93902.6,-354.6,0.0,0.0,130100.8,97014.8,0,0
113.7167,8364.898,483.28,7964.898,110.82,204.568,0.937,204.57,2.037,1.322,0,-0.26,0.26,0.1731,222000,222000.0,-0.0,2428.3,-542800.7,-94090.0,-420.9,0.0,0.0,130338.3,84618.3,0,0
113.8167,8385.367,483.381,7985.367,110.719,204.772,1.059,204.774,2.04,1.151,0,-0.29,0.29,0.1762,222000,222000.0,-0.0,2812.4,-553699.0,-94277.8,-478.9,0.0,0.0,130534.5,73662.1,0,0
113.9167,8405.856,483.493,8005.856,110.607,204.976,1.165,204.979,2.042,1.0,0,-0.32,0.32,0.1789,222000,222000.0,-0.0,3157.1,-563330.2,-94466.1,-529.4,0.0,0.0,130690.9,63980.4,0,0
114.0167,8426.365,483.615,8026.365,110.485,205.18,1.257,205.184,2.044,0.866,0,-0.35,0.35,0.1812,222000,222000.0,-0.0,3464.4,-571840.4,-94654.8,-573.4,0.0,0.0,130809.5,55426.1,0,0
114.1167,8446.895,483.745,8046.895,110.355,205.385,1.337,205.389,2.045,0.748,0,-0.37,0.37,0.1833,222000,222000.0,-0.0,3736.5,-579358.9,-94843.8,-611.7,0.0,0.0,130892.7,47869.4,0,0
114.2167,8467.446,483.883,8067.446,110.217,205.589,1.405,205.594,2.046,0.644,0,-0.39,0.39,0.185,222000,222000.0,-0.0,3976.1,-586000.2,-95033.1,-644.8,0.0,0.0,130943.1,41195.0,0,0
114.3167,8488.017,484.027,8088.017,110.073,205.794,1.464,205.799,2.046,0.552,0,-0.41,0.41,0.1865,222000,222000.0,-0.0,4185.8,-591865.5,-95222.6,-673.4,0.0,0.0,130963.2,35301.1,0,0
114.4167,8508.608,484.177,8108.608,109.923,205.998,1.515,206.004,2.046,0.47,0,-0.42,0.42,0.1877,222000,222000.0,-0.0,4368.1,-597044.6,-95412.2,-698.0,0.0,0.0,130955.8,30097.3,0,0
114.5167,8529.22,484.331,8129.22,109.769,206.203,1.557,206.209,2.046,0.398,0,-0.43,0.43,0.1888,222000,222000.0,-0.0,4525.4,-601617.0,-95602.0,-719.1,0.0,0.0,130923.4,25503.9,0,0
114.6167,8549.852,484.489,8149.852,109.611,206.407,1.594,206.414,2.045,0.335,0,-0.44,0.44,0.1897,222000,222000.0,-0.0,4660.3,-605652.9,-95791.9,-737.1,0.0,0.0,130868.4,21450.1,0,0
114.7167,8570.504,484.65,8170.504,109.45,206.612,1.624,206.618,2.044,0.279,0,-0.45,0.45,0.1904,222000,222000.0,-0.0,4774.9,-609214.5,-95981.9,-752.3,0.0,0.0,130793.0,17873.3,0,0
114.8167,8591.178,484.814,8191.178,109.286,206.816,1.649,206.823,2.042,0.23,0,-0.46,0.46,0.191,222000,222000.0,-0.0,4871.2,-612356.9,-96171.9,-765.0,0.0,0.0,130699.3,14718.1,0,0
114.9167,8611.871,484.98,8211.871,109.12,207.02,1.669,207.027,2.04,0.186,0,-0.46,0.46,0.1915,222000,222000.0,-0.0,4951.3,-615128.7,-96362.0,-775.6,0.0,0.0,130589.3,11935.6,0,0
115.0167,8632.585,485.148,8232.585,108.952,207.224,1.686,207.231,2.039,0.148,0,-0.47,0.47,0.1919,222000,222000.0,-0.0,5016.8,-617573.2,-96552.1,-784.3,0.0,0.0,130464.7,9482.5,0,0
115.1167,8653.319,485.317,8253.319,108.783,207.428,1.698,207.435,2.036,0.114,0,-0.47,0.47,0.1922,222000,222000.0,-0.0,5069.3,-619728.3,-96742.1,-791.3,0.0,0.0,130327.2,7320.3,0,0
115.2167,8674.074,485.487,8274.074,108.613,207.631,1.708,207.638,2.034,0.085,0,-0.47,0.47,0.1924,222000,222000.0,-0.0,5110.3,-621627.9,-96932.1,-796.9,0.0,0.0,130178.2,5415.2,0,0
115.3167,8694.849,485.659,8294.849,108.441,207.835,1.715,207.842,2.032,0.058,0,-0.47,0.47,0.1925,222000,222000.0,-0.0,5141.1,-623301.7,-97122.1,-801.1,0.0,0.0,130019.0,3737.2,0,0
115.4167,8715.644,485.83,8315.644,108.27,208.038,1.719,208.045,2.029,0.035,0,-0.47,0.47,0.1926,222000,222000.0,-0.0,5162.8,-624776.1,-97312.0,-804.1,0.0,0.0,129850.8,2259.8,0,0
115.5167,8736.46,486.003,8336.46,108.097,208.24,1.722,208.248,2.026,0.015,0,-0.47,0.47,0.1926,222000,222000.0,-0.0,5176.5,-626074.3,-97501.8,-806.2,0.0,0.0,129674.6,959.5,0,0
115.6167,8757.296,486.175,8357.296,107.925,208.443,1.722,208.45,2.023,-0.003,0,-0.47,0.47,0.1926,222000,222000.0,-0.0,5183.1,-627217.1,-97691.6,-807.3,0.0,0.0,129491.5,-184.4,0,0
115.7167,8778.152,486.347,8378.152,107.753,208.645,1.721,208.652,2.02,-0.019,0,-0.47,0.47,0.1925,222000,222000.0,-0.0,5183.5,-628222.6,-97881.2,-807.6,0.0,0.0,129302.3,-1190.3,0,0
115.8167,8799.028,486.519,8399.028,107.581,208.847,1.718,208.854,2.017,-0.032,0,-0.47,0.47,0.1924,222000,222000.0,-0.0,5178.4,-629107.0,-98070.8,-807.3,0.0,0.0,129107.6,-2074.2,0,0
115.9167,8819.925,486.69,8419.925,107.41,209.048,1.714,209.055,2.014,-0.045,0,-0.47,0.47,0.1923,222000,222000.0,-0.0,5168.4,-629884.3,-98260.2,-806.3,0.0,0.0,128908.2,-2850.6,0,0
116.0167,8840.841,486.862,8440.841,107.238,209.25,1.709,209.257,2.011,-0.055,0,-0.47,0.47,0.1921,222000,222000.0,-0.0,5154.3,-630567.3,-98449.5,-804.7,0.0,0.0,128704.7,-3532.1,0,0
116.1167,8861.778,487.032,8461.778,107.068,209.451,1.703,209.457,2.008,-0.065,0,-0.47,0.47,0.192,222000,222000.0,-0.0,5136.4,-631167.1,-98638.7,-802.7,0.0,0.0,128497.7,-4129.8,0,0
116.2167,8882.735,487.202,8482.735,106.898,209.651,1.696,209.658,2.004,-0.073,0,-0.46,0.46,0.1918,222000,222000.0,-0.0,5115.3,-631693.3,-98827.8,-800.3,0.0,0.0,128287.5,-4653.6,0,0
116.3167,8903.711,487.371,8503.711,106.729,209.851,1.689,209.858,2.001,-0.08,0,-0.46,0.46,0.1915,222000,222000.0,-0.0,5091.3,-632154.8,-99016.7,-797.5,0.0,0.0,128074.5,-5112.2,0,0
116.4167,8924.708,487.54,8524.708,106.56,210.051,1.68,210.058,1.998,-0.086,0,-0.46,0.46,0.1913,222000,222000.0,-0.0,5064.8,-632559.1,-99205.5,-794.3,0.0,0.0,127859.3,-5513.4,0,0
116.5167,8945.725,487.707,8545.725,106.393,210.251,1.671,210.258,1.994,-0.092,0,-0.46,0.46,0.191,222000,222000.0,-0.0,5036.2,-632913.0,-99394.2,-790.9,0.0,0.0,127642.0,-5863.9,0,0
116.6167,8966.762,487.874,8566.762,106.226,210.45,1.662,210.457,1.991,-0.096,0,-0.45,0.45,0.1908,222000,222000.0,-0.0,5005.7,-633222.4,-99582.7,-787.2,0.0,0.0,127423.0,-6169.7,0,0
116.7167,8987.818,488.039,8587.818,106.061,210.649,1.652,210.656,1.988,-0.101,0,-0.45,0.45,0.1905,222000,222000.0,-0.0,4973.6,-633492.7,-99771.1,-783.3,0.0,0.0,127202.5,-6436.1,0,0
116.8167,9008.895,488.204,8608.895,105.896,210.848,1.642,210.854,1.984,-0.104,0,-0.45,0.45,0.1902,222000,222000.0,-0.0,4940.0,-633728.5,-99959.3,-779.2,0.0,0.0,126980.8,-6667.7,0,0
116.9167,9029.991,488.367,8629.991,105.733,211.046,1.631,211.052,1.981,-0.107,0,-0.44,0.44,0.1899,222000,222000.0,-0.0,4905.3,-633933.9,-100147.3,-774.9,0.0,0.0,126758.0,-6868.8,0,0
117.0167,9051.107,488.53,8651.107,105.57,211.244,1.62,211.25,1.977,-0.11,0,-0.44,0.44,0.1896,222000,222000.0,-0.0,4869.5,-634112.5,-100335.2,-770.5,0.0,0.0,126534.3,-7043.0,0,0
117.1167,9072.243,488.691,8672.243,105.409,211.441,1.609,211.447,1.974,-0.112,0,-0.44,0.44,0.1893,222000,222000.0,-0.0,4832.8,-634267.4,-100523.0,-765.9,0.0,0.0,126309.8,-7193.4,0,0
117.2167,9093.399,488.852,8693.399,105.248,211.638,1.598,211.644,1.97,-0.114,0,-0.43,0.43,0.189,222000,222000.0,-0.0,4795.4,-634401.6,-100710.6,-761.3,0.0,0.0,126084.8,-7322.8,0,0
117.3167,9114.574,489.011,8714.574,105.089,211.835,1.586,211.841,1.967,-0.116,0,-0.43,0.43,0.1887,222000,222000.0,-0.0,4757.3,-634517.4,-100898.0,-756.5,0.0,0.0,125859.3,-7433.9,0,0
117.4167,9135.769,489.169,8735.769,104.931,212.032,1.574,212.037,1.963,-0.118,0,-0.43,0.43,0.1883,222000,222000.0,-0.0,4718.7,-634617.2,-101085.3,-751.6,0.0,0.0,125633.4,-7528.8,0,0
117.5167,9156.984,489.325,8756.984,104.775,212.228,1.563,212.233,1.959,-0.119,0,-0.42,0.42,0.188,222000,222000.0,-0.0,4679.6,-634702.7,-101272.4,-746.7,0.0,0.0,125407.2,-7609.4,0,0
117.6167,9178.218,489.481,8778.218,104.619,212.423,1.551,212.429,1.956,-0.12,0,-0.42,0.42,0.1877,222000,222000.0,-0.0,4640.2,-634775.8,-101459.3,-741.7,0.0,0.0,125180.9,-7677.5,0,0
117.7167,9199.472,489.635,8799.472,104.465,212.619,1.539,212.624,1.952,-0.121,0,-0.42,0.42,0.1874,222000,222000.0,-0.0,4600.4,-634837.9,-101646.1,-736.6,0.0,0.0,124954.3,-7734.5,0,0
117.8167,9220.745,489.788,8820.745,104.312,212.814,1.526,212.819,1.949,-0.122,0,-0.41,0.41,0.187,222000,222000.0,-0.0,4560.4,-634890.3,-101832.7,-731.5,0.0,0.0,124727.7,-7781.8,0,0
117.9167,9242.038,489.94,8842.038,104.16,213.009,1.514,213.014,1.945,-0.122,0,-0.41,0.41,0.1867,222000,222000.0,-0.0,4520.2,-634934.3,-102019.1,-726.3,0.0,0.0,124501.1,-7820.6,0,0
118.0167,9263.35,490.091,8863.35,104.009,213.203,1.502,213.208,1.942,-0.123,0,-0.4,0.4,0.1864,222000,222000.0,-0.0,4479.9,-634970.7,-102205.4,-721.1,0.0,0.0,124274.5,-7851.8,0,0
118.1167,9284.681,490.24,8884.681,103.86,213.397,1.49,213.402,1.938,-0.123,0,-0.4,0.4,0.1861,222000,222000.0,-0.0,4439.5,-635000.7,-102391.5,-715.8,0.0,0.0,124048.0,-7876.5,0,0
118.2167,9306.032,490.389,8906.032,103.711,213.59,1.477,213.596,1.935,-0.123,0,-0.4,0.4,0.1857,222000,222000.0,-0.0,4399.0,-635024.8,-102577.4,-710.6,0.0,0.0,123821.6,-7895.4,0,0
118.3167,9327.403,490.536,8927.403,103.564,213.784,1.465,213.789,1.931,-0.124,0,-0.39,0.39,0.1854,222000,222000.0,-0.0,4358.5,-635043.9,-102763.2,-705.3,0.0,0.0,123595.3,-7909.2,0,0
118.4167,9348.792,490.681,8948.792,103.419,213.977,1.453,213.982,1.928,-0.124,0,-0.39,0.39,0.1851,222000,222000.0,-0.0,4317.9,-635058.6,-102948.7,-700.0,0.0,0.0,123369.2,-7918.5,0,0
118.5167,9370.201,490.826,8970.201,103.274,214.169,1.44,214.174,1.924,-0.124,0,-0.39,0.39,0.1847,222000,222000.0,-0.0,4277.4,-635069.3,-103134.1,-694.6,0.0,0.0,123143.3,-7924.0,0,0
118.6167,9391.629,490.969,8991.629,103.131,214.361,1.428,214.366,1.921,-0.124,0,-0.38,0.38,0.1844,222000,222000.0,-0.0,4236.9,-635076.7,-103319.4,-689.3,0.0,0.0,122917.5,-7926.0,0,0
118.7167,9413.077,491.111,9013.077,102.989,214.553,1.415,214.558,1.917,-0.124,0,-0.38,0.38,0.1841,222000,222000.0,-0.0,4196.5,-635081.0,-103504.4,-683.9,0.0,0.0,122692.1,-7925.0,0,0
118.8167,9434.543,491.252,9034.543,102.848,214.745,1.403,214.749,1.914,-0.124,0,-0.37,0.37,0.1837,222000,222000.0,-0.0,4156.2,-635082.8,-103689.3,-678.6,0.0,0.0,122466.8,-7921.3,0,0
118.9167,9456.029,491.392,9056.029,102.708,214.936,1.391,214.94,1.91,-0.124,0,-0.37,0.37,0.1834,222000,222000.0,-0.0,4115.9,-635082.2,-103874.1,-673.2,0.0,0.0,122241.8,-7915.4,0,0
119.0167,9477.534,491.53,9077.534,102.57,215.127,1.378,215.131,1.907,-0.124,0,-0.37,0.37,0.1831,222000,222000.0,-0.0,4075.7,-635079.6,-104058.6,-667.8,0.0,0.0,122017.1,-7907.4,0,0
119.1167,9499.057,491.667,9099.057,102.433,215.317,1.366,215.321,1.903,-0.123,0,-0.36,0.36,0.1828,222000,222000.0,-0.0,4035.6,-635075.3,-104243.0,-662.4,0.0,0.0,121792.7,-7897.7,0,0
119.2167,9520.6,491.803,9120.6,102.297,215.507,1.354,215.511,1.9,-0.123,0,-0.36,0.36,0.1824,222000,222000.0,-0.0,3995.7,-635069.4,-104427.1,-657.0,0.0,0.0,121568.6,-7886.5,0,0
119.3167,9542.162,491.938,9142.162,102.162,215.697,1.341,215.701,1.896,-0.123,0,-0.36,0.36,0.1821,222000,222000.0,-0.0,3955.9,-635062.2,-104611.2,-651.6,0.0,0.0,121344.7,-7873.9,0,0
119.4167,9563.743,492.071,9163.743,102.029,215.886,1.329,215.89,1.893,-0.123,0,-0.35,0.35,0.1818,222000,222000.0,-0.0,3916.2,-635053.9,-104795.0,-646.2,0.0,0.0,121121.2,-7860.1,0,0
119.5167,9585.342,492.203,9185.342,101.897,216.075,1.317,216.079,1.889,-0.123,0,-0.35,0.35,0.1815,222000,222000.0,-0.0,3876.6,-635044.5,-104978.7,-640.8,0.0,0.0,120898.0,-7845.3,0,0
119.6167,9606.961,492.334,9206.961,101.766,216.264,1.305,216.268,1.886,-0.122,0,-0.35,0.35,0.1812,222000,222000.0,-0.0,3837.2,-635034.2,-105162.1,-635.4,0.0,0.0,120675.1,-7829.7,0,0
119.7167,9628.598,492.464,9228.598,101.636,216.452,1.292,216.456,1.882,-0.122,0,-0.34,0.34,0.1808,222000,222000.0,-0.0,3797.9,-635023.2,-105345.4,-630.0,0.0,0.0,120452.5,-7813.3,0,0
119.8167,9650.255,492.593,9250.255,101.507,216.64,1.28,216.644,1.879,-0.122,0,-0.34,0.34,0.1805,222000,222000.0,-0.0,3758.8,-635011.5,-105528.6,-624.7,0.0,0.0,120230.2,-7796.2,0,0
119.9167,9671.93,492.72,9271.93,101.38,216.828,1.268,216.832,1.875,-0.122,0,-0.34,0.34,0.1802,222000,222000.0,-0.0,3719.8,-634999.3,-105711.5,-619.3,0.0,0.0,120008.3,-7778.6,0,0
120.0167,9693.623,492.846,9293.623,101.254,217.015,1.256,217.019,1.872,-0.121,0,-0.33,0.33,0.1799,222000,222000.0,-0.0,3681.0,-634986.5,-105894.3,-613.9,0.0,0.0,119786.7,-7760.4,0,0
120.1167,9715.336,492.971,9315.336,101.129,217.202,1.244,217.206,1.868,-0.121,0,-0.33,0.33,0.1796,222000,222000.0,-0.0,3642.4,-634973.4,-106076.9,-608.5,0.0,0.0,119565.5,-7741.9,0,0
120.2167,9737.067,493.095,9337.067,101.005,217.389,1.232,217.393,1.865,-0.121,0,-0.33,0.33,0.1793,222000,222000.0,-0.0,3603.8,-634959.9,-106259.3,-603.1,0.0,0.0,119344.6,-7723.0,0,0
120.3167,9758.817,493.217,9358.817,100.883,217.575,1.22,217.579,1.861,-0.12,0,-0.32,0.32,0.179,222000,222000.0,-0.0,3565.5,-634946.0,-106441.5,-597.7,0.0,0.0,119124.0,-7703.8,0,0
120.4167,9780.585,493.338,9380.585,100.762,217.761,1.208,217.765,1.858,-0.12,0,-0.32,0.32,0.1786,222000,222000.0,-0.0,3527.3,-634931.9,-106623.5,-592.3,0.0,0.0,118903.8,-7684.3,0,0
120.5167,9802.372,493.458,9402.372,100.642,217.947,1.196,217.95,1.854,-0.12,0,-0.31,0.31,0.1783,222000,222000.0,-0.0,3489.3,-634917.6,-106805.4,-587.0,0.0,0.0,118683.9,-7664.6,0,0
120.6167,9824.177,493.577,9424.177,100.523,218.132,1.184,218.135,1.851,-0.119,0,-0.31,0.31,0.178,222000,222000.0,-0.0,3451.4,-634903.1,-106987.1,-581.6,0.0,0.0,118464.3,-7644.7,0,0
120.7167,9846.001,493.695,9446.001,100.405,218.317,1.172,218.32,1.848,-0.119,0,-0.31,0.31,0.1777,222000,222000.0,-0.0,3413.7,-634888.5,-107168.6,-576.2,0.0,0.0,118245.1,-7624.7,0,0
120.8167,9867.844,493.811,9467.844,100.289,218.502,1.16,218.505,1.844,-0.119,0,-0.3,0.3,0.1774,222000,222000.0,-0.0,3376.2,-634873.7,-107349.9,-570.9,0.0,0.0,118026.3,-7604.6,0,0
120.9167,9889.705,493.927,9489.705,100.173,218.686,1.148,218.689,1.841,-0.119,0,-0.3,0.3,0.1771,222000,222000.0,-0.0,3338.8,-634858.9,-107531.0,-565.5,0.0,0.0,117807.7,-7584.4,0,0
121.0167,9911.584,494.041,9511.584,100.059,218.87,1.136,218.873,1.837,-0.118,0,-0.3,0.3,0.1768,222000,222000.0,-0.0,3301.5,-634843.9,-107712.0,-560.2,0.0,0.0,117589.6,-7564.1,0,0
121.1167,9933.482,494.154,9533.482,99.946,219.053,1.124,219.056,1.834,-0.118,0,-0.29,0.29,0.1765,222000,222000.0,-0.0,3264.5,-634828.9,-107892.8,-554.8,0.0,0.0,117371.7,-7543.8,0,0
121.2167,9955.398,494.265,9555.398,99.835,219.236,1.113,219.239,1.831,-0.118,0,-0.29,0.29,0.1762,222000,222000.0,-0.0,3227.6,-634813.9,-108073.3,-549.5,0.0,0.0,117154.2,-7523.4,0,0
121.3167,9977.332,494.376,9577.332,99.724,219.419,1.101,219.422,1.827,-0.117,0,-0.29,0.29,0.1759,222000,222000.0,-0.0,3190.8,-634798.8,-108253.7,-544.1,0.0,0.0,116937.1,-7503.0,0,0
121.4167,9999.285,494.485,9599.285,99.615,219.602,1.089,219.604,1.824,-0.117,0,-0.28,0.28,0.1756,222000,222000.0,-0.0,3154.3,-634783.7,-108434.0,-538.8,0.0,0.0,116720.3,-7482.5,0,0
121.5167,10021.255,494.594,9621.255,99.506,219.784,1.077,219.787,1.82,-0.117,0,-0.28,0.28,0.1753,222000,222000.0,-0.0,3117.8,-634768.6,-108614.0,-533.5,0.0,0.0,116503.8,-7462.1,0,0
121.6167,10043.244,494.701,9643.244,99.399,219.966,1.066,219.968,1.817,-0.116,0,-0.28,0.28,0.175,222000,222000.0,-0.0,3081.6,-634753.6,-108793.9,-528.2,0.0,0.0,116287.7,-7441.7,0,0
121.7167,10065.252,494.807,9665.252,99.293,220.147,1.054,220.15,1.814,-0.116,0,-0.27,0.27,0.1747,222000,222000.0,-0.0,3045.5,-634738.5,-108973.5,-522.9,0.0,0.0,116071.9,-7421.3,0,0
121.8167,10087.277,494.911,9687.277,99.189,220.328,1.043,220.331,1.81,-0.116,0,-0.27,0.27,0.1744,222000,222000.0,-0.0,3009.5,-634723.4,-109153.0,-517.5,0.0,0.0,115856.5,-7401.0,0,0
121.9167,10109.32,495.015,9709.32,99.085,220.509,1.031,220.512,1.807,-0.115,0,-0.27,0.27,0.1742,222000,222000.0,-0.0,2973.7,-634708.4,-109332.3,-512.2,0.0,0.0,115641.4,-7380.6,0,0
122.0167,10131.382,495.117,9731.382,98.983,220.69,1.02,220.692,1.804,-0.115,0,-0.27,0.27,0.1739,222000,222000.0,-0.0,2938.1,-634693.4,-109511.4,-506.9,0.0,0.0,115426.7,-7360.3,0,0
122.1167,10153.461,495.219,9753.461,98.881,220.87,1.008,220.872,1.8,-0.115,0,-0.26,0.26,0.1736,222000,222000.0,-0.0,2902.6,-634678.4,-109690.3,-501.7,0.0,0.0,115212.3,-7340.1,0,0
122.2167,10175.559,495.319,9775.559,98.781,221.05,0.997,221.052,1.797,-0.114,0,-0.26,0.26,0.1733,222000,222000.0,-0.0,2867.3,-634663.5,-109869.1,-496.4,0.0,0.0,114998.2,-7319.9,0,0
122.3167,10197.674,495.418,9797.674,98.682,221.229,0.985,221.231,1.794,-0.114,0,-0.26,0.26,0.173,222000,222000.0,-0.0,2832.1,-634648.6,-110047.6,-491.1,0.0,0.0,114784.5,-7299.7,0,0
122.4167,10219.808,495.516,9819.808,98.584,221.408,0.974,221.41,1.79,-0.114,0,-0.25,0.25,0.1727,222000,222000.0,-0.0,2797.1,-634633.8,-110226.0,-485.8,0.0,0.0,114571.1,-7279.6,0,0
122.5167,10241.959,495.612,9841.959,98.488,221.587,0.962,221.589,1.787,-0.113,0,-0.25,0.25,0.1724,222000,222000.0,-0.0,2762.2,-634619.0,-110404.1,-480.5,0.0,0.0,114358.1,-7259.6,0,0
122.6167,10264.128,495.708,9864.128,98.392,221.766,0.951,221.768,1.784,-0.113,0,-0.25,0.25,0.1722,222000,222000.0,-0.0,2727.5,-634604.3,-110582.1,-475.3,0.0,0.0,114145.4,-7239.6,0,0
122.7167,10286.315,495.802,9886.315,98.298,221.944,0.94,221.946,1.78,-0.113,0,-0.24,0.24,0.1719,222000,222000.0,-0.0,2692.9,-634589.6,-110759.9,-470.0,0.0,0.0,113933.0,-7219.6,0,0
122.8167,10308.52,495.896,9908.52,98.204,222.122,0.929,222.124,1.777,-0.112,0,-0.24,0.24,0.1716,222000,222000.0,-0.0,2658.5,-634575.0,-110937.5,-464.8,0.0,0.0,113721.0,-7199.7,0,0
122.9167,10330.742,495.988,9930.742,98.112,222.299,0.917,222.301,1.774,-0.112,0,-0.24,0.24,0.1713,222000,222000.0,-0.0,2624.3,-634560.4,-111115.0,-459.5,0.0,0.0,113509.3,-7179.9,0,0
123.0167,10352.982,496.079,9952.982,98.021,222.476,0.906,222.478,1.77,-0.112,0,-0.23,0.23,0.171,222000,222000.0,-0.0,2590.1,-634545.9,-111292.2,-454.3,0.0,0.0,113297.9,-7160.2,0,0
123.1167,10375.24,496.169,9975.24,97.931,222.653,0.895,222.655,1.767,-0.112,0,-0.23,0.23,0.1708,222000,222000.0,-0.0,2556.2,-634531.5,-111469.3,-449.0,0.0,0.0,113086.9,-7140.5,0,0
123.2167,10397.516,496.258,9997.516,97.842,222.83,0.884,222.831,1.764,-0.111,0,-0.23,0.23,0.1705,222000,222000.0,-0.0,2522.4,-634517.1,-111646.1,-443.8,0.0,0.0,112876.2,-7120.9,0,0
123.3167,10419.809,496.346,10019.809,97.754,223.006,0.873,223.008,1.76,-0.111,0,-0.22,0.22,0.1702,222000,222000.0,-0.0,2488.7,-634502.7,-111822.8,-438.6,0.0,0.0,112665.9,-7101.3,0,0
123.4167,10442.12,496.432,10042.12,97.668,223.182,0.862,223.183,1.757,-0.111,0,-0.22,0.22,0.17,222000,222000.0,-0.0,2455.1,-634488.5,-111999.3,-433.4,0.0,0.0,112455.9,-7081.8,0,0
123.5167,10464.448,496.518,10064.448,97.582,223.357,0.851,223.359,1.754,-0.11,0,-0.22,0.22,0.1697,222000,222000.0,-0.0,2421.8,-634474.2,-112175.5,-428.2,0.0,0.0,112246.2,-7062.4,0,0
123.6167,10486.794,496.602,10086.794,97.498,223.532,0.84,223.534,1.751,-0.11,0,-0.22,0.22,0.1694,222000,222000.0,-0.0,2388.5,-634460.1,-112351.6,-423.0,0.0,0.0,112036.9,-7043.1,0,0
123.7167,10509.158,496.685,10109.158,97.415,223.707,0.829,223.709,1.747,-0.11,0,-0.21,0.21,0.1691,222000,222000.0,-0.0,2355.4,-634446.0,-112527.6,-417.8,0.0,0.0,111827.9,-7023.8,0,0
123.8167,10531.539,496.768,10131.539,97.332,223.882,0.818,223.883,1.744,-0.109,0,-0.21,0.21,0.1689,222000,222000.0,-0.0,2322.5,-634432.0,-112703.3,-412.6,0.0,0.0,111619.2,-7004.5,0,0
123.9167,10553.937,496.849,10153.937,97.251,224.056,0.807,224.057,1.741,-0.109,0,-0.21,0.21,0.1686,222000,222000.0,-0.0,2289.6,-634418.0,-112878.8,-407.4,0.0,0.0,111410.9,-6985.4,0,0
124.0167,10576.353,496.929,10176.353,97.171,224.23,0.796,224.231,1.738,-0.109,0,-0.2,0.2,0.1683,222000,222000.0,-0.0,2257.0,-634404.1,-113054.1,-402.2,0.0,0.0,111202.8,-6966.3,0,0
124.1167,10598.786,497.008,10198.786,97.092,224.403,0.785,224.405,1.734,-0.109,0,-0.2,0.2,0.1681,222000,222000.0,-0.0,2224.4,-634390.3,-113229.3,-397.0,0.0,0.0,110995.2,-6947.3,0,0
124.2167,10621.236,497.086,10221.236,97.014,224.577,0.774,224.578,1.731,-0.108,0,-0.2,0.2,0.1678,222000,222000.0,-0.0,2192.0,-634376.5,-113404.2,-391.9,0.0,0.0,110787.8,-6928.3,0,0
124.3167,10643.704,497.162,10243.704,96.938,224.75,0.763,224.751,1.728,-0.108,0,-0.2,0.2,0.1676,222000,222000.0,-0.0,2159.8,-634362.8,-113579.0,-386.7,0.0,0.0,110580.8,-6909.4,0,0
124.4167,10666.189,497.238,10266.189,96.862,224.922,0.753,224.923,1.725,-0.108,0,-0.19,0.19,0.1673,222000,222000.0,-0.0,2127.7,-634349.1,-113753.6,-381.5,0.0,0.0,110374.1,-6890.6,0,0
124.5167,10688.692,497.313,10288.692,96.787,225.095,0.742,225.096,1.721,-0.107,0,-0.19,0.19,0.167,222000,222000.0,-0.0,2095.7,-634335.5,-113927.9,-376.4,0.0,0.0,110167.7,-6871.9,0,0
124.6167,10711.211,497.386,10311.211,96.714,225.266,0.731,225.268,1.718,-0.107,0,-0.19,0.19,0.1668,222000,222000.0,-0.0,2063.8,-634322.0,-114102.1,-371.2,0.0,0.0,109961.7,-6853.2,0,0
124.7167,10733.748,497.459,10333.748,96.641,225.438,0.72,225.439,1.715,-0.107,0,-0.18,0.18,0.1665,222000,222000.0,-0.0,2032.1,-634308.5,-114276.1,-366.1,0.0,0.0,109756.0,-6834.6,0,0
124.8167,10756.301,497.53,10356.301,96.57,225.609,0.71,225.611,1.712,-0.107,0,-0.18,0.18,0.1663,222000,222000.0,-0.0,2000.5,-634295.1,-114449.9,-361.0,0.0,0.0,109550.6,-6816.0,0,0
124.9167,10778.872,497.6,10378.872,96.5,225.78,0.699,225.781,1.709,-0.106,0,-0.18,0.18,0.166,222000,222000.0,-0.0,1969.1,-634281.7,-114623.5,-355.8,0.0,0.0,109345.6,-6797.5,0,0
125.0167,10801.46,497.67,10401.46,96.43,225.951,0.688,225.952,1.705,-0.106,0,-0.18,0.18,0.1658,222000,222000.0,-0.0,1937.8,-634268.4,-114796.9,-350.7,0.0,0.0,109140.9,-6779.1,0,0
125.1167,10824.065,497.732,10424.065,96.368,226.122,0.407,226.122,1.724,-10.88,2,-0.15,2.15,0.3434,222000,221864.8,-7747.7,3427.7,-1316140.4,-114970.3,-299.4,0.0,0.0,110322.2,-696347.5,0,0
125.2167,10846.687,497.63,10446.687,96.47,226.276,-2.436,226.289,1.248,-40.421,8,0.45,7.55,0.8298,222000,219839.5,-30896.4,-24812.1,-3184811.0,-115137.7,897.0,0.0,0.0,79889.7,-2586970.4,0,0
125.3167,10869.319,497.134,10469.319,96.966,226.342,-6.685,226.44,0.312,-40.086,9,1.52,7.48,0.8229,222000,219266.8,-34728.5,-84054.0,-3161694.6,-115258.1,3064.1,0.0,0.0,19954.7,-2565518.9,0,0
125.4167,10891.953,496.246,10491.953,97.854,226.336,-10.386,226.574,-0.293,-34.91,9,2.48,6.52,0.7368,222000,219266.8,-34728.5,-122690.8,-2832368.2,-115329.4,4995.8,0.0,0.0,-18753.4,-2234260.9,0,0
125.5167,10914.584,495.015,10514.584,99.085,226.282,-13.609,226.691,-0.679,-30.392,9,3.31,5.69,0.6618,222000,219266.8,-34728.5,-147345.8,-2544863.3,-115366.5,6679.6,0.0,0.0,-43445.5,-1945072.2,0,0
125.6167,10937.208,493.488,10537.208,100.612,226.2,-16.414,226.795,-0.908,-26.451,9,4.04,4.96,0.5965,222000,219266.8,-34728.5,-161987.3,-2294140.9,-115380.3,8146.9,0.0,0.0,-58100.8,-1692882.4,0,0
125.7167,10959.822,491.701,10559.822,102.399,226.101,-18.855,226.886,-1.026,-23.018,9,4.67,4.33,0.5397,222000,219266.8,-34728.5,-169556.2,-2075668.6,-115378.7,9425.0,0.0,0.0,-65668.1,-1473132.0,0,0
125.8167,10982.426,489.69,10582.426,104.41,225.996,-20.979,226.968,-1.068,-20.027,9,5.22,3.78,0.4903,222000,219266.8,-34728.5,-172219.8,-1885408.3,-115367.3,10538.1,0.0,0.0,-68320.3,-1281758.7,0,0
125.9167,11005.022,487.512,10605.022,106.588,225.978,-21.936,227.04,1.07,3.7,5,5.56,-0.56,0.0996,222000,221155.2,-19348.6,-37278.2,-382917.8,-115377.5,11232.3,0.0,0.0,68499.6,236806.0,0,0
126.0167,11027.633,485.406,10627.633,108.694,226.206,-20.291,227.114,2.419,18.171,2,5.2,-3.2,-0.1383,222000,221864.8,-7747.7,48475.0,532362.1,-115519.6,10518.8,0.0,0.0,154820.2,1162973.3,0,0
126.1167,11050.267,483.477,10650.267,110.623,226.432,-18.615,227.196,2.156,15.804,2,4.77,-2.77,-0.099,222000,221864.8,-7747.7,31828.4,381705.3,-115678.2,9645.8,0.0,0.0,138015.0,1011443.5,0,0
126.2167,11072.922,481.702,10672.922,112.398,226.636,-17.157,227.284,1.957,13.741,2,4.39,-2.39,-0.0649,222000,221864.8,-7747.7,19214.1,250431.9,-115828.3,8886.8,0.0,0.0,125250.6,879411.0,0,0
126.3167,11095.597,480.061,10695.597,114.039,226.822,-15.89,227.378,1.805,11.944,2,4.06,-2.06,-0.0352,222000,221864.8,-7747.7,9653.3,136075.7,-115972.4,8227.1,0.0,0.0,115545.6,764395.1,0,0
126.4167,11118.289,478.538,10718.289,115.562,226.996,-14.788,227.477,1.69,10.378,2,3.77,-1.77,-0.0094,222000,221864.8,-7747.7,2404.4,36475.6,-116112.2,7653.9,0.0,0.0,108156.9,664221.8,0,0
126.5167,11140.998,477.116,10740.998,116.984,227.159,-13.832,227.58,1.602,9.015,2,3.52,-1.52,0.013,222000,221864.8,-7747.7,-3093.8,-50259.1,-116249.1,7156.0,0.0,0.0,102521.9,576989.2,0,0
126.6167,11163.723,475.782,10763.723,118.318,227.316,-13.001,227.687,1.535,7.829,2,3.31,-1.31,0.0324,222000,221864.8,-7747.7,-7266.6,-125780.7,-116383.9,6723.7,0.0,0.0,98214.3,501035.4,0,0
126.7167,11186.464,474.525,10786.464,119.575,227.466,-12.279,227.797,1.483,6.795,2,3.12,-1.12,0.0493,222000,221864.8,-7747.7,-10435.8,-191531.5,-116517.4,6348.6,0.0,0.0,94911.6,434909.4,0,0
126.8167,11209.219,473.334,10809.219,120.766,227.612,-11.653,227.91,1.443,5.896,2,2.96,-0.96,0.064,222000,221864.8,-7747.7,-12845.0,-248770.2,-116650.0,6023.1,0.0,0.0,92369.8,377345.2,0,0
126.9167,11231.988,472.201,10831.988,121.899,227.754,-11.11,228.025,1.413,5.113,2,2.81,-0.81,0.0767,222000,221864.8,-7747.7,-14678.8,-298594.4,-116782.1,5741.0,0.0,0.0,90403.9,327238.9,0,0
127.0167,11254.772,471.119,10854.772,122.981,227.894,-10.639,228.142,1.389,4.432,2,2.69,-0.69,0.0877,222000,221864.8,-7747.7,-16076.8,-341960.9,-116913.9,5496.5,0.0,0.0,88874.1,283628.0,0,0
127.1167,11277.569,470.079,10877.569,124.021,228.032,-10.231,228.261,1.37,3.839,2,2.59,-0.59,0.0973,222000,221864.8,-7747.7,-17144.7,-379703.7,-117045.6,5284.9,0.0,0.0,87674.5,245673.5,0,0
127.2167,11300.381,469.077,10900.381,125.023,228.168,-9.878,228.382,1.355,3.323,2,2.49,-0.49,0.1056,222000,221864.8,-7747.7,-17962.4,-412549.5,-117177.2,5101.9,0.0,0.0,86725.1,212644.7,0,0
127.3167,11323.205,468.107,10923.205,125.993,228.303,-9.573,228.503,1.343,2.874,2,2.41,-0.41,0.1128,222000,221864.8,-7747.7,-18590.6,-441131.5,-117308.9,4943.8,0.0,0.0,85965.2,183904.6,0,0
127.4167,11346.043,467.166,10946.043,126.934,228.436,-9.308,228.626,1.334,2.483,2,2.34,-0.34,0.119,222000,221864.8,-7747.7,-19075.1,-466001.2,-117440.7,4807.3,0.0,0.0,85349.0,158898.4,0,0
127.5167,11368.895,466.248,10968.895,127.852,228.569,-9.08,228.75,1.326,2.143,2,2.28,-0.28,0.1244,222000,221864.8,-7747.7,-19450.5,-487639.0,-117572.5,4689.6,0.0,0.0,84841.8,137142.9,0,0
127.6167,11391.759,465.352,10991.759,128.748,228.701,-8.884,228.874,1.319,1.847,2,2.23,-0.23,0.1291,222000,221864.8,-7747.7,-19743.1,-506463.4,-117704.5,4588.4,0.0,0.0,84417.2,118217.3,0,0
127.7167,11414.637,464.475,11014.637,129.625,228.837,-8.621,228.999,1.526,7.174,1,2.19,-1.19,0.0431,222000,221966.2,-3874.4,-6468.5,-169329.4,-117836.5,4501.4,0.0,0.0,97661.2,459137.6,0,0
127.8167,11437.533,463.737,11037.533,130.363,229.049,-6.078,229.129,2.424,37.887,-5,1.68,-6.68,-0.451,222000,221155.2,19348.6,51977.5,1774127.9,-118004.4,3457.2,0.0,0.0,155128.3,2424773.7,0,0
127.9167,11460.45,463.337,11060.45,130.763,229.26,-2.583,229.275,1.92,32.942,-5,0.78,-5.78,-0.3705,222000,221155.2,19348.6,19942.9,1459491.8,-118191.1,1615.0,0.0,0.0,122907.1,2108295.3,0,0
128.0167,11483.387,463.259,11083.387,130.841,229.433,0.455,229.433,1.608,28.638,-5,0.01,-5.01,-0.3005,222000,221155.2,19348.6,114.9,1185605.8,-118363.4,11.5,0.0,0.0,102906.7,1832805.9,0,0
128.1167,11506.339,463.462,11106.339,130.638,229.582,3.096,229.603,1.431,24.893,-5,-0.67,-4.33,-0.2398,222000,221155.2,19348.6,-11064.9,947334.2,-118528.9,-1384.4,0.0,0.0,91561.4,1593138.4,0,0
128.2167,11529.305,463.902,11129.305,130.198,229.726,5.113,229.783,1.597,10.519,-3,-1.23,-1.77,-0.0092,222000,221695.8,11618.6,-780.2,36297.0,-118693.8,-2551.4,0.0,0.0,102221.7,673204.3,0,0
128.3167,11552.289,464.386,11152.289,129.714,229.927,4.186,229.966,2.249,-22.756,3,-1.14,4.14,0.5224,222000,221695.8,-11618.6,41115.7,-2070218.3,-118887.0,-2361.2,0.0,0.0,143924.4,-1456358.1,0,0
128.4167,11575.294,464.679,11175.294,129.421,230.132,2.087,230.141,1.912,-19.8,3,-0.6,3.6,0.4742,222000,221695.8,-11618.6,19767.6,-1882196.7,-119087.4,-1250.7,0.0,0.0,122376.0,-1267226.0,0,0
128.5167,11598.318,464.779,11198.318,129.321,230.308,0.26,230.308,1.664,-17.226,3,-0.14,3.14,0.4322,222000,221695.8,-11618.6,4079.7,-1718420.2,-119267.8,-283.2,0.0,0.0,106507.6,-1102482.0,0,0
128.6167,11621.358,464.711,11221.358,129.389,230.463,-1.33,230.467,1.482,-14.985,3,0.27,2.73,0.3958,222000,221695.8,-11618.6,-7385.7,-1575845.7,-119432.9,559.8,0.0,0.0,94877.1,-959064.5,0,0
128.7167,11644.412,464.496,11244.412,129.604,230.604,-2.712,230.619,1.35,-13.035,3,0.62,2.38,0.3642,222000,221695.8,-11618.6,-15709.8,-1451786.4,-119586.3,1294.0,0.0,0.0,86399.7,-834270.9,0,0
128.8167,11667.48,464.153,11267.48,129.947,230.733,-3.915,230.766,1.254,-11.339,3,0.93,2.07,0.3367,222000,221695.8,-11618.6,-21704.1,-1343878.8,-119730.5,1933.7,0.0,0.0,80261.1,-725723.7,0,0
128.9167,11690.562,463.753,11290.562,130.347,230.881,-3.585,230.908,1.716,17.236,-2,0.96,-2.96,-0.1165,222000,221864.8,7747.7,7808.8,465502.4,-119877.4,2011.0,0.0,0.0,109796.2,1103101.0,0,0
129.0167,11713.66,463.544,11313.66,130.556,231.056,-1.009,231.059,1.678,25.187,-4,0.35,-4.35,-0.2419,222000,221459.2,15485.9,5984.9,967909.7,-120046.0,742.3,0.0,0.0,107398.1,1611977.9,0,0
129.1167,11736.775,463.581,11336.775,130.519,231.215,1.313,231.219,1.533,21.868,-4,-0.23,-3.77,-0.1889,222000,221459.2,15485.9,-3103.5,756744.9,-120212.2,-493.0,0.0,0.0,98143.6,1399577.8,0,0
129.2167,11759.905,463.832,11359.905,130.268,231.364,3.328,231.388,1.463,18.985,-4,-0.75,-3.25,-0.1429,222000,221459.2,15485.9,-7463.1,573298.7,-120377.3,-1567.1,0.0,0.0,93618.8,1215057.6,0,0
129.3167,11783.05,464.269,11383.05,129.831,231.508,5.078,231.564,1.443,16.481,-4,-1.19,-2.81,-0.103,222000,221459.2,15485.9,-8589.1,413968.1,-120544.1,-2501.1,0.0,0.0,92326.1,1054792.9,0,0
129.4167,11806.21,464.852,11406.21,129.248,231.668,6.033,231.747,1.904,-2.451,-1,-1.5,0.5,0.1952,222000,221966.2,3874.4,20596.9,-785442.1,-120718.0,-3165.6,0.0,0.0,121845.1,-156893.3,0,0
129.5167,11829.389,465.361,11429.389,128.739,231.891,4.163,231.928,2.219,-23.235,3,-1.12,4.12,0.5212,222000,221695.8,-11618.6,41235.2,-2100891.3,-120926.6,-2373.5,0.0,0.0,142004.3,-1487043.4,0,0
129.6167,11852.59,465.65,11452.59,128.45,232.092,2.021,232.101,1.874,-20.192,3,-0.58,3.58,0.4724,222000,221695.8,-11618.6,19375.2,-1907248.7,-121125.2,-1230.5,0.0,0.0,119945.8,-1292257.8,0,0
129.7167,11875.81,465.742,11475.81,128.358,232.264,0.159,232.264,1.621,-17.544,3,-0.11,3.11,0.43,222000,221695.8,-11618.6,3381.2,-1738790.3,-121303.2,-235.9,0.0,0.0,103773.8,-1122804.7,0,0
129.8167,11899.045,465.668,11499.045,128.432,232.416,-1.173,232.419,1.505,-3.869,1,0.27,0.73,0.2154,222000,221966.2,-3874.4,-4159.6,-872149.1,-121465.7,579.3,0.0,0.0,96340.8,-247604.3,0,0
129.9167,11922.296,465.615,11522.296,128.485,232.573,0.312,232.574,1.564,23.466,-4,0.02,-4.02,-0.2117,222000,221459.2,15485.9,290.3,858461.7,-121627.5,41.1,0.0,0.0,100122.0,1501828.8,0,0
130.0167,11945.562,465.774,11545.562,128.326,232.723,2.474,232.737,1.463,20.355,-4,-0.53,-3.47,-0.1627,222000,221459.2,15485.9,-6059.3,660493.6,-121791.2,-1117.3,0.0,0.0,93608.7,1302702.3,0,0
130.1167,11968.843,466.133,11568.843,127.967,232.867,4.349,232.907,1.422,17.655,-4,-1.0,-3.0,-0.1202,222000,221459.2,15485.9,-8509.9,488691.9,-121955.5,-2123.7,0.0,0.0,90993.8,1129894.2,0,0
130.2167,11992.138,466.665,11592.138,127.435,233.009,5.975,233.085,1.422,15.312,-4,-1.41,-2.59,-0.0834,222000,221459.2,15485.9,-8337.8,339625.1,-122122.5,-2998.1,0.0,0.0,90998.9,979952.9,0,0
130.3167,12015.447,467.346,11615.447,126.754,233.152,7.385,233.269,1.448,13.279,-4,-1.76,-2.24,-0.0516,222000,221459.2,15485.9,-6462.5,210301.1,-122293.5,-3758.0,0.0,0.0,92703.3,849869.0,0,0
130.4167,12038.774,468.07,11638.774,126.03,233.361,6.657,233.456,2.482,-21.305,2,-1.72,3.72,0.4849,222000,221864.8,-7747.7,59500.5,-1979950.8,-122492.0,-3681.1,0.0,0.0,158873.3,-1363539.6,0,0
130.5167,12062.125,468.547,11662.125,125.553,233.612,3.31,233.636,2.266,-34.352,5,-0.95,5.95,0.6857,222000,221155.2,-19348.6,46620.0,-2804989.6,-122721.4,-2039.7,0.0,0.0,145053.8,-2198537.8,0,0
130.6167,12085.498,468.69,11685.498,125.41,233.801,0.144,233.801,1.643,-29.814,5,-0.16,5.16,0.6141,222000,221155.2,-19348.6,6900.5,-2516219.4,-122914.0,-337.1,0.0,0.0,105141.7,-1908065.0,0,0
130.7167,12108.886,468.541,11708.886,125.559,233.938,-2.602,233.953,1.204,-25.866,5,0.53,4.47,0.5521,222000,221155.2,-19348.6,-21025.0,-2265066.2,-123071.1,1142.4,0.0,0.0,77059.2,-1655432.4,0,0
130.8167,12132.286,468.139,11732.286,125.961,234.04,-4.985,234.093,0.9,-22.436,5,1.13,3.87,0.4984,222000,221155.2,-19348.6,-40329.6,-2046840.1,-123202.1,2427.5,0.0,0.0,57623.5,-1435921.2,0,0
130.9167,12155.695,467.517,11755.695,126.583,234.118,-7.052,234.224,0.695,-19.458,5,1.65,3.35,0.4519,222000,221155.2,-19348.6,-53372.7,-1857363.3,-123314.1,3543.5,0.0,0.0,44468.4,-1245328.4,0,0
131.0167,12179.11,466.706,11779.11,127.394,234.179,-8.844,234.346,0.56,-16.874,5,2.09,2.91,0.4115,222000,221155.2,-19348.6,-61902.3,-1692940.8,-123412.4,4512.6,0.0,0.0,35840.5,-1079936.8,0,0
131.1167,12202.531,465.729,11802.531,128.371,234.229,-10.398,234.46,0.476,-14.632,5,2.48,2.52,0.3766,222000,221155.2,-19348.6,-67208.4,-1550321.4,-123500.8,5353.9,0.0,0.0,30446.0,-936476.1,0,0
131.2167,12225.957,464.609,11825.957,129.491,234.274,-11.745,234.568,0.427,-12.689,5,2.82,2.18,0.3463,222000,221155.2,-19348.6,-70239.5,-1426655.5,-123582.2,6084.4,0.0,0.0,27333.6,-812079.7,0,0
131.3167,12249.386,463.365,11849.386,130.735,234.315,-12.914,234.671,0.403,-11.004,5,3.11,1.89,0.3201,222000,221155.2,-19348.6,-71689.0,-1319452.6,-123658.6,6718.7,0.0,0.0,25807.6,-704242.5,0,0
131.4167,12272.82,462.013,11872.82,132.087,234.355,-13.927,234.768,0.396,-9.543,5,3.36,1.64,0.2974,222000,221155.2,-19348.6,-72061.4,-1226540.4,-123731.5,7269.4,0.0,0.0,25362.3,-610779.5,0,0
131.5167,12296.258,460.568,11896.258,133.532,234.395,-14.806,234.862,0.401,-8.278,5,3.58,1.42,0.2777,222000,221155.2,-19348.6,-71720.9,-1146027.4,-123802.2,7747.8,0.0,0.0,25632.2,-529788.2,0,0
131.6,12315.793,459.302,11915.793,134.798,234.428,-15.449,234.937,0.41,-7.353,5,3.74,1.26,0.2633,222000,221155.2,-19348.6,-71083.3,-1087211.3,-123859.8,8098.1,0.0,0.0,26212.1,-470621.7,0,0
131.7,12339.238,457.716,11939.238,136.384,234.47,-16.127,235.024,0.425,-6.381,5,3.91,1.09,0.2482,222000,221155.2,-19348.6,-70057.9,-1025313.7,-123928.0,8467.8,0.0,0.0,27169.3,-408354.5,0,0
131.8,12362.687,456.069,11962.687,138.031,234.514,-16.715,235.109,0.442,-5.538,5,4.05,0.95,0.2351,222000,221155.2,-19348.6,-68876.2,-971694.1,-123995.6,8789.1,0.0,0.0,28283.4,-354413.6,0,0
131.9,12386.141,454.367,11986.141,139.733,234.559,-17.225,235.191,0.46,-4.808,5,4.18,0.82,0.2237,222000,221155.2,-19348.6,-67632.7,-925249.4,-124062.8,9068.6,0.0,0.0,29459.7,-307689.4,0,0
132.0,12409.6,452.618,12009.6,141.482,234.606,-17.668,235.27,0.479,-4.175,5,4.29,0.71,0.2139,222000,221155.2,-19348.6,-66390.8,-885022.4,-124129.9,9311.7,0.0,0.0,30634.5,-267219.3,0,0
132.1,12433.064,450.828,12033.064,143.272,234.655,-18.053,235.348,0.496,-3.628,5,4.38,0.62,0.2054,222000,221155.2,-19348.6,-65191.9,-850183.0,-124196.9,9523.4,0.0,0.0,31766.4,-232168.2,0,0
132.2,12456.532,449.003,12056.532,145.097,234.706,-18.388,235.425,0.513,-3.153,5,4.47,0.53,0.198,222000,221155.2,-19348.6,-64061.4,-820011.5,-124264.0,9707.8,0.0,0.0,32829.9,-201812.2,0,0
132.3,12480.006,447.147,12080.006,146.953,234.758,-18.679,235.5,0.528,-2.743,5,4.54,0.46,0.1916,222000,221155.2,-19348.6,-63013.4,-793883.7,-124331.2,9868.6,0.0,0.0,33810.7,-175523.7,0,0
132.4,12503.484,445.264,12103.484,148.836,234.811,-18.932,235.573,0.542,-2.387,5,4.6,0.4,0.186,222000,221155.2,-19348.6,-62054.4,-771259.0,-124398.5,10008.9,0.0,0.0,34702.3,-152758.6,0,0
132.5,12526.969,443.358,12126.969,150.742,234.866,-19.152,235.646,0.555,-2.079,5,4.65,0.35,0.1812,222000,221155.2,-19348.6,-61185.8,-751668.5,-124465.9,10131.5,0.0,0.0,35503.5,-133045.5,0,0
132.6,12550.459,441.431,12150.459,152.669,234.923,-19.344,235.718,0.566,-1.812,5,4.7,0.3,0.177,222000,221155.2,-19348.6,-60405.3,-734706.1,-124533.5,10238.8,0.0,0.0,36216.4,-115975.9,0,0
132.7,12573.954,439.487,12173.954,154.613,234.98,-19.512,235.788,0.576,-1.581,5,4.74,0.26,0.1734,222000,221155.2,-19348.6,-59708.4,-720019.8,-124601.2,10332.7,0.0,0.0,36845.6,-101195.7,0,0
132.8,12597.456,437.527,12197.456,156.573,235.038,-19.658,235.858,0.584,-1.381,5,4.78,0.22,0.1702,222000,221155.2,-19348.6,-59089.6,-707304.7,-124669.0,10415.1,0.0,0.0,37396.6,-88398.2,0,0
132.9,12620.963,435.554,12220.963,158.546,235.097,-19.786,235.928,0.592,-1.208,5,4.81,0.19,0.1675,222000,221155.2,-19348.6,-58542.6,-696296.8,-124736.9,10487.5,0.0,0.0,37875.7,-77317.8,0,0
133.0,12644.476,433.568,12244.476,160.532,235.156,-19.897,235.997,0.598,-1.058,5,4.83,0.17,0.1651,222000,221155.2,-19348.6,-58060.8,-686767.0,-124804.9,10551.3,0.0,0.0,38289.5,-67724.3,0,0
133.1,12667.995,431.573,12267.995,162.527,235.216,-19.996,236.065,0.604,-0.928,5,4.86,0.14,0.163,222000,221155.2,-19348.6,-57638.0,-678517.3,-124872.9,10607.6,0.0,0.0,38644.4,-59418.3,0,0
133.2,12691.52,429.568,12291.52,164.532,235.277,-20.082,236.133,0.609,-0.816,5,4.88,0.12,0.1612,222000,221155.2,-19348.6,-57267.9,-671375.8,-124940.9,10657.4,0.0,0.0,38946.4,-52227.1,0,0
133.3,12715.052,427.556,12315.052,166.544,235.338,-20.158,236.2,0.613,-0.719,5,4.89,0.11,0.1596,222000,221155.2,-19348.6,-56944.7,-665194.0,-125009.0,10701.5,0.0,0.0,39201.5,-46001.1,0,0
133.4,12738.589,425.536,12338.589,168.564,235.4,-20.224,236.267,0.616,-0.635,5,4.91,0.09,0.1583,222000,221155.2,-19348.6,-56663.3,-659843.1,-125077.1,10740.9,0.0,0.0,39414.8,-40610.8,0,0
133.5,12762.133,423.51,12362.133,170.59,235.461,-20.283,236.333,0.619,-0.562,5,4.92,0.08,0.1571,222000,221155.2,-19348.6,-56418.7,-655211.4,-125145.2,10776.0,0.0,0.0,39591.3,-35944.0,0,0
133.6,12785.682,421.478,12385.682,172.622,235.523,-20.336,236.4,0.621,-0.498,5,4.93,0.07,0.156,222000,221155.2,-19348.6,-56206.5,-651202.4,-125213.3,10807.4,0.0,0.0,39735.4,-31903.6,0,0
133.7,12809.238,419.442,12409.238,174.658,235.586,-20.382,236.466,0.623,-0.444,5,4.94,0.06,0.1551,222000,221155.2,-19348.6,-56022.9,-647732.5,-125281.3,10835.7,0.0,0.0,39851.0,-28405.4,0,0
133.8,12832.8,417.401,12432.8,176.699,235.648,-20.424,236.531,0.624,-0.397,5,4.95,0.05,0.1543,222000,221155.2,-19348.6,-55864.3,-644729.1,-125349.3,10861.2,0.0,0.0,39941.6,-25376.5,0,0
133.9,12856.369,415.357,12456.369,178.743,235.71,-20.461,236.597,0.625,-0.356,5,4.96,0.04,0.1536,222000,221155.2,-19348.6,-55727.6,-642129.7,-125417.2,10884.4,0.0,0.0,40010.4,-22753.9,0,0
134.0,12879.944,413.309,12479.944,180.791,235.773,-20.495,236.662,0.626,-0.32,5,4.97,0.03,0.153,222000,221155.2,-19348.6,-55610.0,-639880.0,-125485.1,10905.5,0.0,0.0,40060.2,-20483.0,0,0
134.1,12903.525,411.257,12503.525,182.843,235.836,-20.525,236.727,0.626,-0.289,5,4.97,0.03,0.1524,222000,221155.2,-19348.6,-55509.0,-637932.8,-125552.9,10924.9,0.0,0.0,40093.3,-18516.5,0,0
134.2,12927.112,409.203,12527.112,184.897,235.898,-20.552,236.792,0.627,-0.263,5,4.98,0.02,0.1519,222000,221155.2,-19348.6,-55422.6,-636247.5,-125620.7,10942.6,0.0,0.0,40111.9,-16813.4,0,0
134.3,12950.705,407.147,12550.705,186.953,235.961,-20.577,236.856,0.627,-0.24,5,4.98,0.02,0.1515,222000,221155.2,-19348.6,-55348.9,-634788.8,-125688.4,10959.1,0.0,0.0,40117.9,-15338.3,0,0
134.4,12974.305,405.088,12574.305,189.012,236.024,-20.6,236.921,0.627,-0.22,5,4.99,0.01,0.1511,222000,221155.2,-19348.6,-55286.2,-633526.4,-125756.0,10974.4,0.0,0.0,40113.0,-14060.5,0,0
134.5,12997.911,403.026,12597.911,191.074,236.086,-20.621,236.985,0.627,-0.202,5,4.99,0.01,0.1508,222000,221155.2,-19348.6,-55233.1,-632433.6,-125823.5,10988.7,0.0,0.0,40098.7,-12953.5,0,0
134.6,13021.523,400.963,12621.523,193.137,236.149,-20.64,237.049,0.626,-0.187,5,4.99,0.01,0.1505,222000,221155.2,-19348.6,-55188.2,-631487.8,-125890.9,11002.1,0.0,0.0,40076.1,-11994.3,0,0
134.7,13045.142,398.898,12645.142,195.202,236.211,-20.658,237.113,0.626,-0.174,5,5.0,0.0,0.1502,222000,221155.2,-19348.6,-55150.6,-630669.1,-125958.3,11014.8,0.0,0.0,40046.3,-11162.9,0,0
134.8,13068.767,396.831,12668.767,197.269,236.274,-20.675,237.177,0.625,-0.163,5,5.0,-0.0,0.15,222000,221155.2,-19348.6,-55119.3,-629960.3,-126025.5,11026.8,0.0,0.0,40010.4,-10442.1,0,0
134.9,13092.398,394.763,12692.398,199.337,236.337,-20.691,237.24,0.625,-0.153,5,5.0,-0.0,0.1497,222000,221155.2,-19348.6,-55093.4,-629346.8,-126092.7,11038.2,0.0,0.0,39969.2,-9817.1,0,0
135.0,13116.035,392.693,12716.035,201.407,236.399,-20.706,237.304,0.624,-0.145,5,5.01,-0.01,0.1495,222000,221155.2,-19348.6,-55072.2,-628815.5,-126159.7,11049.2,0.0,0.0,39923.3,-9274.9,0,0
135.1,13139.678,390.621,12739.678,203.479,236.461,-20.72,237.367,0.623,-0.138,5,5.01,-0.01,0.1493,222000,221155.2,-19348.6,-55055.1,-628355.5,-126226.7,11059.7,0.0,0.0,39873.5,-8804.4,0,0
135.2,13163.328,388.549,12763.328,205.551,236.524,-20.733,237.43,0.622,-0.131,5,5.01,-0.01,0.1492,222000,221155.2,-19348.6,-55041.5,-627957.1,-126293.6,11069.8,0.0,0.0,39820.2,-8395.9,0,0
135.3,13186.984,386.475,12786.984,207.625,236.586,-20.746,237.494,0.621,-0.126,5,5.01,-0.01,0.149,222000,221155.2,-19348.6,-55030.9,-627612.1,-126360.3,11079.7,0.0,0.0,39763.9,-8041.0,0,0
135.4,13210.646,384.399,12810.646,209.701,236.648,-20.758,237.556,0.62,-0.121,5,5.01,-0.01,0.1489,222000,221155.2,-19348.6,-55023.1,-627313.2,-126427.0,11089.2,0.0,0.0,39705.2,-7732.5,0,0
135.5,13234.315,382.323,12834.315,211.777,236.71,-20.77,237.619,0.619,-0.117,5,5.01,-0.01,0.1487,222000,221155.2,-19348.6,-55017.5,-627054.1,-126493.6,11098.5,0.0,0.0,39644.2,-7464.2,0,0
135.6,13257.989,380.245,12857.989,213.855,236.772,-20.781,237.682,0.618,-0.113,5,5.02,-0.02,0.1486,222000,221155.2,-19348.6,-55013.8,-626829.6,-126560.0,11107.6,0.0,0.0,39581.4,-7230.6,0,0
135.7,13281.67,378.166,12881.67,215.934,236.833,-20.792,237.744,0.617,-0.11,5,5.02,-0.02,0.1485,222000,221155.2,-19348.6,-55011.9,-626635.0,-126626.4,11116.5,0.0,0.0,39516.9,-7027.1,0,0
135.8,13305.357,376.087,12905.357,218.013,236.895,-20.803,237.807,0.616,-0.107,5,5.02,-0.02,0.1483,222000,221155.2,-19348.6,-55011.5,-626466.1,-126692.6,11125.2,0.0,0.0,39451.1,-6849.5,0,0
135.9,13329.05,374.006,12929.05,220.094,236.957,-20.814,237.869,0.615,-0.105,5,5.02,-0.02,0.1482,222000,221155.2,-19348.6,-55012.4,-626319.6,-126758.7,11133.8,0.0,0.0,39384.1,-6694.4,0,0
136.0,13352.749,371.924,12952.749,222.176,237.018,-20.824,237.931,0.614,-0.102,5,5.02,-0.02,0.1481,222000,221155.2,-19348.6,-55014.3,-626192.4,-126824.8,11142.2,0.0,0.0,39316.1,-6558.8,0,0
136.1,13376.455,369.841,12976.455,224.259,237.08,-20.834,237.993,0.613,-0.101,5,5.02,-0.02,0.148,222000,221155.2,-19348.6,-55017.2,-626081.9,-126890.7,11150.6,0.0,0.0,39247.3,-6439.9,0,0
136.2,13400.166,367.757,13000.166,226.343,237.141,-20.844,238.055,0.612,-0.099,5,5.02,-0.02,0.1479,222000,221155.2,-19348.6,-55021.0,-625985.9,-126956.5,11158.8,0.0,0.0,39177.7,-6335.7,0,0
136.3,13423.884,365.672,13023.884,228.428,237.202,-20.854,238.117,0.611,-0.098,5,5.02,-0.02,0.1478,222000,221155.2,-19348.6,-55025.4,-625902.4,-127022.2,11167.0,0.0,0.0,39107.6,-6244.0,0,0
136.4,13447.608,363.586,13047.608,230.514,237.263,-20.864,238.179,0.61,-0.096,5,5.03,-0.03,0.1477,222000,221155.2,-19348.6,-55030.4,-625829.7,-127087.9,11175.1,0.0,0.0,39036.9,-6163.1,0,0
136.5,13471.338,361.499,13071.338,232.601,237.324,-20.873,238.24,0.609,-0.095,5,5.03,-0.03,0.1476,222000,221155.2,-19348.6,-55036.0,-625766.3,-127153.4,11183.1,0.0,0.0,38965.9,-6091.7,0,0
136.6,13495.074,359.411,13095.074,234.689,237.385,-20.883,238.301,0.608,-0.094,5,5.03,-0.03,0.1476,222000,221155.2,-19348.6,-55042.0,-625711.0,-127218.8,11191.1,0.0,0.0,38894.5,-6028.5,0,0
136.7,13518.816,357.322,13118.816,236.778,237.445,-20.892,238.363,0.607,-0.093,5,5.03,-0.03,0.1475,222000,221155.2,-19348.6,-55048.4,-625662.7,-127284.0,11199.0,0.0,0.0,38822.8,-5972.3,0,0
136.8,13542.564,355.232,13142.564,238.868,237.506,-20.901,238.424,0.605,-0.093,5,5.03,-0.03,0.1474,222000,221155.2,-19348.6,-55055.1,-625620.4,-127349.2,11206.8,0.0,0.0,38750.9,-5922.1,0,0
136.9,13566.318,353.142,13166.318,240.958,237.567,-20.911,238.485,0.604,-0.092,5,5.03,-0.03,0.1473,222000,221155.2,-19348.6,-55062.1,-625583.4,-127414.3,11214.7,0.0,0.0,38678.8,-5877.3,0,0
137.0,13590.078,351.05,13190.078,243.05,237.627,-20.92,238.546,0.603,-0.091,5,5.03,-0.03,0.1472,222000,221155.2,-19348.6,-55069.4,-625550.8,-127479.3,11222.4,0.0,0.0,38606.6,-5837.0,0,0
137.1,13613.844,348.958,13213.844,245.142,237.687,-20.929,238.607,0.602,-0.091,5,5.03,-0.03,0.1471,222000,221155.2,-19348.6,-55076.8,-625522.2,-127544.1,11230.2,0.0,0.0,38534.3,-5800.6,0,0
137.2,13637.616,346.864,13237.616,247.236,237.747,-20.938,238.667,0.601,-0.09,5,5.03,-0.03,0.1471,222000,221155.2,-19348.6,-55084.5,-625497.0,-127608.9,11237.9,0.0,0.0,38461.9,-5767.7,0,0
137.3,13661.395,344.77,13261.395,249.33,237.807,-20.947,238.728,0.6,-0.09,5,5.03,-0.03,0.147,222000,221155.2,-19348.6,-55092.2,-625474.7,-127673.5,11245.6,0.0,0.0,38389.5,-5737.7,0,0
137.4,13685.179,342.675,13285.179,251.425,237.867,-20.956,238.789,0.599,-0.089,5,5.03,-0.03,0.1469,222000,221155.2,-19348.6,-55100.1,-625454.9,-127738.1,11253.2,0.0,0.0,38317.0,-5710.3,0,0
137.5,13708.969,340.579,13308.969,253.521,237.927,-20.965,238.849,0.598,-0.089,5,5.04,-0.04,0.1468,222000,221155.2,-19348.6,-55108.2,-625437.3,-127802.5,11260.9,0.0,0.0,38244.6,-5685.0,0,0
137.6,13732.765,338.482,13332.765,255.618,237.987,-20.974,238.909,0.596,-0.088,5,5.04,-0.04,0.1467,222000,221155.2,-19348.6,-55116.2,-625421.6,-127866.8,11268.5,0.0,0.0,38172.1,-5661.7,0,0
137.7,13756.567,336.384,13356.567,257.716,238.046,-20.982,238.969,0.595,-0.088,5,5.04,-0.04,0.1467,222000,221155.2,-19348.6,-55124.4,-625407.5,-127931.0,11276.0,0.0,0.0,38099.8,-5640.1,0,0
137.8,13780.375,334.285,13380.375,259.815,238.106,-20.991,239.029,0.594,-0.088,5,5.04,-0.04,0.1466,222000,221155.2,-19348.6,-55132.6,-625394.9,-127995.2,11283.6,0.0,0.0,38027.4,-5619.9,0,0
137.9,13804.19,332.185,13404.19,261.915,238.165,-21.0,239.089,0.593,-0.088,5,5.04,-0.04,0.1465,222000,221155.2,-19348.6,-55140.9,-625383.5,-128059.2,11291.2,0.0,0.0,37955.1,-5600.9,0,0
138.0,13828.01,330.085,13428.01,264.015,238.224,-21.009,239.149,0.592,-0.087,5,5.04,-0.04,0.1464,222000,221155.2,-19348.6,-55149.2,-625373.1,-128123.1,11298.7,0.0,0.0,37882.9,-5583.0,0,0
138.1,13851.835,327.983,13451.835,266.117,238.283,-21.017,239.209,0.591,-0.087,5,5.04,-0.04,0.1464,222000,221155.2,-19348.6,-55157.6,-625363.7,-128186.9,11306.2,0.0,0.0,37810.8,-5566.0,0,0
138.2,13875.667,325.881,13475.667,268.219,238.343,-21.026,239.268,0.59,-0.087,5,5.04,-0.04,0.1463,222000,221155.2,-19348.6,-55165.9,-625355.0,-128250.6,11313.7,0.0,0.0,37738.7,-5549.9,0,0
138.3,13899.505,323.778,13499.505,270.322,238.401,-21.035,239.328,0.589,-0.086,5,5.04,-0.04,0.1462,222000,221155.2,-19348.6,-55174.3,-625347.0,-128314.1,11321.1,0.0,0.0,37666.8,-5534.5,0,0
138.4,13923.348,321.674,13523.348,272.426,238.46,-21.043,239.387,0.587,-0.086,5,5.04,-0.04,0.1461,222000,221155.2,-19348.6,-55182.7,-625339.6,-128377.6,11328.6,0.0,0.0,37594.9,-5519.6,0,0
138.5,13947.198,319.569,13547.198,274.531,238.519,-21.052,239.446,0.586,-0.086,5,5.04,-0.04,0.1461,222000,221155.2,-19348.6,-55191.1,-625332.8,-128441.0,11336.0,0.0,0.0,37523.1,-5505.3,0,0
138.6,13971.053,317.464,13571.053,276.636,238.577,-21.061,239.505,0.585,-0.086,5,5.04,-0.04,0.146,222000,221155.2,-19348.6,-55199.5,-625326.4,-128504.2,11343.5,0.0,0.0,37451.5,-5491.5,0,0
138.7,13994.914,315.357,13594.914,278.743,238.636,-21.069,239.564,0.584,-0.086,5,5.05,-0.05,0.1459,222000,221155.2,-19348.6,-55207.9,-625320.3,-128567.4,11350.9,0.0,0.0,37379.9,-5478.0,0,0
138.8,14018.781,313.25,13618.781,280.85,238.694,-21.078,239.623,0.583,-0.085,5,5.05,-0.05,0.1458,222000,221155.2,-19348.6,-55216.3,-625314.7,-128630.5,11358.3,0.0,0.0,37308.4,-5464.9,0,0
138.9,14042.654,311.141,13642.654,282.959,238.752,-21.086,239.682,0.582,-0.085,5,5.05,-0.05,0.1458,222000,221155.2,-19348.6,-55224.7,-625309.3,-128693.4,11365.7,0.0,0.0,37237.1,-5452.2,0,0
139.0,14066.533,309.032,13666.533,285.068,238.811,-21.095,239.74,0.581,-0.085,5,5.05,-0.05,0.1457,222000,221155.2,-19348.6,-55233.1,-625304.1,-128756.3,11373.0,0.0,0.0,37165.9,-5439.6,0,0
139.1,14090.417,306.922,13690.417,287.178,238.869,-21.103,239.799,0.58,-0.085,5,5.05,-0.05,0.1456,222000,221155.2,-19348.6,-55241.5,-625299.2,-128819.0,11380.4,0.0,0.0,37094.7,-5427.4,0,0
139.2,14114.307,304.811,13714.307,289.289,238.926,-21.112,239.857,0.578,-0.085,5,5.05,-0.05,0.1456,222000,221155.2,-19348.6,-55249.8,-625294.4,-128881.6,11387.7,0.0,0.0,37023.7,-5415.3,0,0
139.3,14138.203,302.7,13738.203,291.4,238.984,-21.12,239.916,0.577,-0.084,5,5.05,-0.05,0.1455,222000,221155.2,-19348.6,-55258.2,-625289.9,-128944.2,11395.1,0.0,0.0,36952.9,-5403.4,0,0
139.4,14162.105,300.587,13762.105,293.513,239.042,-21.129,239.974,0.576,-0.084,5,5.05,-0.05,0.1454,222000,221155.2,-19348.6,-55266.5,-625285.4,-129006.6,11402.4,0.0,0.0,36882.1,-5391.6,0,0
139.5,14186.013,298.474,13786.013,295.626,239.1,-21.137,240.032,0.575,-0.084,5,5.05,-0.05,0.1453,222000,221155.2,-19348.6,-55274.9,-625281.2,-129068.9,11409.7,0.0,0.0,36811.5,-5380.0,0,0
139.6,14209.926,296.36,13809.926,297.74,239.157,-21.145,240.09,0.574,-0.084,5,5.05,-0.05,0.1453,222000,221155.2,-19348.6,-55283.2,-625277.0,-129131.1,11417.0,0.0,0.0,36740.9,-5368.6,0,0
139.7,14233.845,294.245,13833.845,299.855,239.214,-21.154,240.148,0.573,-0.084,5,5.05,-0.05,0.1452,222000,221155.2,-19348.6,-55291.5,-625272.9,-129193.2,11424.3,0.0,0.0,36670.5,-5357.2,0,0
139.8,14257.77,292.129,13857.77,301.971,239.272,-21.162,240.206,0.572,-0.084,5,5.05,-0.05,0.1451,222000,221155.2,-19348.6,-55299.7,-625268.9,-129255.2,11431.5,0.0,0.0,36600.3,-5345.9,0,0
139.9,14281.7,290.012,13881.7,304.088,239.329,-21.17,240.263,0.571,-0.083,5,5.05,-0.05,0.1451,222000,221155.2,-19348.6,-55308.0,-625264.9,-129317.1,11438.8,0.0,0.0,36530.1,-5334.7,0,0
140.0,14305.637,287.895,13905.637,306.205,239.386,-21.179,240.321,0.57,-0.083,5,5.06,-0.06,0.145,222000,221155.2,-19348.6,-55316.2,-625261.1,-129378.9,11446.0,0.0,0.0,36460.1,-5323.6,0,0
140.1,14329.579,285.776,13929.579,308.324,239.443,-21.187,240.378,0.569,-0.083,5,5.06,-0.06,0.1449,222000,221155.2,-19348.6,-55324.4,-625257.3,-129440.6,11453.3,0.0,0.0,36390.2,-5312.6,0,0
140.2,14353.526,283.657,13953.526,310.443,239.499,-21.195,240.435,0.568,-0.083,5,5.06,-0.06,0.1448,222000,221155.2,-19348.6,-55332.6,-625253.5,-129502.2,11460.5,0.0,0.0,36320.4,-5301.6,0,0
140.3,14377.479,281.537,13977.479,312.563,239.556,-21.204,240.493,0.566,-0.083,5,5.06,-0.06,0.1448,222000,221155.2,-19348.6,-55340.8,-625249.8,-129563.7,11467.7,0.0,0.0,36250.7,-5290.7,0,0
140.4,14401.438,279.416,14001.438,314.684,239.613,-21.212,240.55,0.565,-0.082,5,5.06,-0.06,0.1447,222000,221155.2,-19348.6,-55349.0,-625246.1,-129625.1,11474.9,0.0,0.0,36181.2,-5279.8,0,0
140.5,14425.403,277.295,14025.403,316.805,239.669,-21.22,240.607,0.564,-0.082,5,5.06,-0.06,0.1446,222000,221155.2,-19348.6,-55357.1,-625242.5,-129686.4,11482.0,0.0,0.0,36111.8,-5269.0,0,0
140.6,14449.373,275.172,14049.373,318.928,239.725,-21.228,240.664,0.563,-0.082,5,5.06,-0.06,0.1446,222000,221155.2,-19348.6,-55365.2,-625238.9,-129747.6,11489.2,0.0,0.0,36042.5,-5258.3,0,0
140.7,14473.349,273.049,14073.349,321.051,239.782,-21.237,240.72,0.562,-0.082,5,5.06,-0.06,0.1445,222000,221155.2,-19348.6,-55373.3,-625235.3,-129808.6,11496.4,0.0,0.0,35973.3,-5247.5,0,0
140.8,14497.33,270.925,14097.33,323.175,239.838,-21.245,240.777,0.561,-0.082,5,5.06,-0.06,0.1444,222000,221155.2,-19348.6,-55381.4,-625231.8,-129869.6,11503.5,0.0,0.0,35904.2,-5236.9,0,0
140.9,14521.317,268.8,14121.317,325.3,239.894,-21.253,240.833,0.56,-0.082,5,5.06,-0.06,0.1444,222000,221155.2,-19348.6,-55389.4,-625228.3,-129930.5,11510.6,0.0,0.0,35835.3,-5226.2,0,0
