time_s,pos_x_m,pos_y_m,x_disp_m,altitude_m,vel_x_ms,vel_y_ms,speed_ms,acc_x_ms2,acc_y_ms2,body_angle_deg,flight_angle_deg,aoa_deg,c_l,thrust_N,thrust_x_N,thrust_y_N,lift_x_N,lift_y_N,drag_x_N,drag_y_N,friction_x_N,normal_y_N,netforce_x_N,netforce_y_N,on_ground,stalled
0.0167,400.0,594.1,0.0,0.0,0.0,0.0,0.0,0.0,0.0,0,0,0,0.15,0,0.0,-0.0,0.0,0.0,0.0,0.0,0.0,-627840.0,0.0,0.0,1,0
0.1167,400.0,594.1,0.0,0.0,0.0,0.0,0.0,0.0,0.0,0,0,0,0.15,0,0.0,-0.0,0.0,0.0,0.0,0.0,0.0,-627840.0,0.0,0.0,1,0
0.2167,400.0,594.1,0.0,0.0,0.0,0.0,0.0,0.0,0.0,0,0,0,0.15,0,0.0,-0.0,0.0,0.0,0.0,0.0,0.0,-627840.0,0.0,0.0,1,0
0.3167,400.0,594.1,0.0,0.0,0.0,0.0,0.0,0.0,0.0,0,0,0,0.15,0,0.0,-0.0,0.0,0.0,0.0,0.0,0.0,-627840.0,0.0,0.0,1,0
0.4167,400.0,594.1,0.0,0.0,0.0,0.0,0.0,0.0,0.0,0,0,0,0.15,0,0.0,-0.0,0.0,0.0,0.0,0.0,0.0,-627840.0,0.0,0.0,1,0
0.5167,400.0,594.1,0.0,0.0,0.0,0.0,0.0,0.0,0.0,0,0,0,0.15,0,0.0,-0.0,0.0,0.0,0.0,0.0,0.0,-627840.0,0.0,0.0,1,0
0.6,400.0,594.1,0.0,0.0,0.0,0.0,0.0,0.0,0.0,0,0,0,0.15,0,0.0,-0.0,0.0,0.0,0.0,0.0,0.0,-627840.0,0.0,0.0,1,0
0.7,400.0,594.1,0.0,0.0,0.0,0.0,0.0,0.0,0.0,0,0,0,0.15,0,0.0,-0.0,0.0,0.0,0.0,0.0,0.0,-627840.0,0.0,0.0,1,0
0.8,400.0,594.1,0.0,0.0,0.0,0.0,0.0,0.0,0.0,0,0,0,0.15,0,0.0,-0.0,0.0,0.0,0.0,0.0,0.0,-627840.0,0.0,0.0,1,0
0.9,400.0,594.1,0.0,0.0,0.0,0.0,0.0,0.0,0.0,0,0,0,0.15,0,0.0,-0.0,0.0,0.0,0.0,0.0,0.0,-627840.0,0.0,0.0,1,0
1.0,400.0,594.1,0.0,0.0,0.0,0.0,0.0,0.0,0.0,0,0,0,0.15,0,0.0,-0.0,0.0,0.0,0.0,0.0,0.0,-627840.0,0.0,0.0,1,0
1.1,400.0,594.1,0.0,0.0,0.0,0.0,0.0,0.0,0.0,0,0,0,0.15,0,0.0,-0.0,0.0,0.0,0.0,0.0,0.0,-627840.0,0.0,0.0,1,0
1.2,400.0,594.1,0.0,0.0,0.0,0.0,0.0,0.0,0.0,0,0,0,0.15,0,0.0,-0.0,0.0,0.0,0.0,0.0,0.0,-627840.0,0.0,0.0,1,0
1.3,400.0,594.1,0.0,0.0,0.0,0.0,0.0,0.0,0.0,0,0,0,0.15,0,0.0,-0.0,0.0,0.0,0.0,0.0,0.0,-627840.0,0.0,0.0,1,0
1.4167,400.0,594.1,0.0,0.0,0.0,0.0,0.0,0.0,0.0,0,0,0,0.15,0,0.0,-0.0,0.0,0.0,0.0,0.0,0.0,-627840.0,0.0,0.0,1,0
1.5167,400.0,594.1,0.0,0.0,0.0,0.0,0.0,0.0,0.0,0,0,0,0.15,0,0.0,-0.0,0.0,0.0,0.0,0.0,0.0,-627840.0,0.0,0.0,1,0
1.6167,400.0,594.1,0.0,0.0,0.0,0.0,0.0,0.0,0.0,0,0,0,0.15,0,0.0,-0.0,0.0,0.0,0.0,0.0,0.0,-627840.0,0.0,0.0,1,0
1.7167,400.0,594.1,0.0,0.0,0.0,0.0,0.0,0.0,0.0,0,0,0,0.15,0,0.0,-0.0,0.0,0.0,0.0,0.0,0.0,-627840.0,0.0,0.0,1,0
1.8167,400.0,594.1,0.0,0.0,0.0,0.0,0.0,0.0,0.0,0,0,0,0.15,0,0.0,-0.0,0.0,0.0,0.0,0.0,0.0,-627840.0,0.0,0.0,1,0
1.9167,400.0,594.1,0.0,0.0,0.0,0.0,0.0,0.0,0.0,0,0,0,0.15,0,0.0,-0.0,0.0,0.0,0.0,0.0,0.0,-627840.0,0.0,0.0,1,0
2.0167,400.0,594.1,0.0,0.0,0.0,0.0,0.0,0.0,0.0,0,0,0,0.15,0,0.0,-0.0,0.0,0.0,0.0,0.0,0.0,-627840.0,0.0,0.0,1,0
2.1167,400.0,594.1,0.0,0.0,0.0,0.0,0.0,0.0,0.0,0,0,0,0.15,0,0.0,-0.0,0.0,0.0,0.0,0.0,0.0,-627840.0,0.0,0.0,1,0
2.2167,400.0,594.1,-0.0,0.0,0.001,0.0,0.001,0.318,0.0,0,0,0,0.15,1500,1500.0,-0.0,0.0,0.0,0.0,0.0,18835.2,-627840.0,20335.2,0.0,1,0
2.3167,400.0,594.1,0.0,0.0,0.006,0.0,0.006,0.365,0.0,0,0,0,0.15,4500,4500.0,-0.0,0.0,0.0,0.0,0.0,18835.2,-627840.0,23335.2,0.0,1,0
2.4167,400.0,594.1,0.0,0.0,0.006,0.0,0.006,0.411,0.0,0,0,0,0.15,7500,7500.0,-0.0,0.0,0.0,0.0,0.0,18835.2,-627840.0,26335.2,0.0,1,0
2.5167,400.0,594.1,0.0,0.0,0.001,0.0,0.001,-0.13,0.0,0,0,0,0.15,10500,10500.0,-0.0,0.0,0.0,0.0,0.0,-18835.2,-627840.0,-8335.2,0.0,1,0
2.6167,400.001,594.1,0.001,0.0,0.0,0.0,0.0,-0.083,0.0,0,0,0,0.15,13500,13500.0,-0.0,0.0,0.0,0.0,0.0,-18835.2,-627840.0,-5335.2,0.0,1,0
2.7167,400.001,594.1,0.001,0.0,0.004,0.0,0.004,-0.036,0.0,0,0,0,0.15,16500,16500.0,-0.0,0.0,0.0,0.0,0.0,-18835.2,-627840.0,-2335.2,0.0,1,0
2.8167,400.001,594.1,0.001,0.0,0.003,0.0,0.003,0.01,0.0,0,0,0,0.15,19500,19500.0,-0.0,0.0,0.0,0.0,0.0,-18835.2,-627840.0,664.8,0.0,1,0
2.9167,400.002,594.1,0.002,0.0,0.007,0.0,0.007,0.057,0.0,0,0,0,0.15,22500,22500.0,-0.0,0.0,0.0,0.0,0.0,-18835.2,-627840.0,3664.8,0.0,1,0
3.0167,400.003,594.1,0.003,0.0,0.016,0.0,0.016,0.104,0.0,0,0,0,0.15,25500,25500.0,-0.0,0.0,0.0,0.0,0.0,-18835.2,-627840.0,6664.8,0.0,1,0
3.1167,400.005,594.1,0.005,0.0,0.029,0.0,0.029,0.151,0.0,0,0,0,0.15,28500,28500.0,-0.0,0.0,0.0,0.0,0.0,-18835.2,-627840.0,9664.8,0.0,1,0
3.2167,400.009,594.1,0.009,0.0,0.047,0.0,0.047,0.198,0.0,0,0,0,0.15,31500,31500.0,-0.0,0.0,0.0,0.0,0.0,-18835.2,-627840.0,12664.8,0.0,1,0
3.3167,400.015,594.1,0.015,0.0,0.069,0.0,0.069,0.245,0.0,0,0,0,0.15,34500,34500.0,-0.0,0.0,0.0,0.0,0.0,-18835.2,-627840.0,15664.8,0.0,1,0
3.4167,400.024,594.1,0.024,0.0,0.096,0.0,0.096,0.292,0.0,0,0,0,0.15,37500,37500.0,-0.0,0.0,0.0,0.0,0.0,-18835.2,-627840.0,18664.8,0.0,1,0
3.5167,400.035,594.1,0.035,0.0,0.128,0.0,0.128,0.339,0.0,0,0,0,0.15,40500,40500.0,-0.0,0.0,0.0,0.0,0.0,-18835.2,-627840.0,21664.8,0.0,1,0
3.6167,400.05,594.1,0.05,0.0,0.165,0.0,0.165,0.385,0.0,0,0,0,0.15,43500,43500.0,-0.0,0.0,0.0,0.0,0.0,-18835.2,-627840.0,24664.8,0.0,1,0
3.7167,400.069,594.1,0.069,0.0,0.206,0.0,0.206,0.432,0.0,0,0,0,0.15,46500,46500.0,-0.0,0.0,0.0,0.0,0.0,-18835.2,-627840.0,27664.8,0.0,1,0
3.8167,400.092,594.1,0.092,0.0,0.252,0.0,0.252,0.479,0.0,0,0,0,0.15,49500,49500.0,-0.0,0.0,0.0,0.0,0.0,-18835.2,-627840.0,30664.8,0.0,1,0
3.9167,400.12,594.1,0.12,0.0,0.303,0.0,0.303,0.526,0.0,0,0,0,0.15,52500,52500.0,-0.0,0.0,0.0,0.0,0.0,-18835.2,-627840.0,33664.8,0.0,1,0
4.0167,400.154,594.1,0.154,0.0,0.358,0.0,0.358,0.573,0.0,0,0,0,0.15,55500,55500.0,-0.0,0.0,0.0,0.0,0.0,-18835.2,-627840.0,36664.8,0.0,1,0
4.1167,400.193,594.1,0.193,0.0,0.418,0.0,0.418,0.62,0.0,0,0,0,0.15,58500,58500.0,-0.0,0.0,0.0,0.0,0.0,-18835.2,-627840.0,39664.8,0.0,1,0
4.2167,400.239,594.1,0.239,0.0,0.483,0.0,0.483,0.667,0.0,0,0,0,0.15,61500,61500.0,-0.0,0.0,0.0,0.0,0.0,-18835.2,-627840.0,42664.8,0.0,1,0
4.3167,400.291,594.1,0.291,0.0,0.552,0.0,0.552,0.714,0.0,0,0,0,0.15,64500,64500.0,-0.0,0.0,0.0,0.0,0.0,-18835.2,-627840.0,45664.8,0.0,1,0
4.4167,400.351,594.1,0.351,0.0,0.626,0.0,0.626,0.76,0.0,0,0,0,0.15,67500,67500.0,-0.0,0.0,0.0,0.0,0.0,-18835.2,-627840.0,48664.8,0.0,1,0
4.5167,400.418,594.1,0.418,0.0,0.705,0.0,0.705,0.807,0.0,0,0,0,0.15,70500,70500.0,-0.0,0.0,0.0,0.0,0.0,-18835.2,-627840.0,51664.8,0.0,1,0
4.6167,400.493,594.1,0.493,0.0,0.789,0.0,0.789,0.854,0.0,0,0,0,0.15,73500,73500.0,-0.0,0.0,0.0,0.0,0.0,-18835.2,-627840.0,54664.8,0.0,1,0
4.7167,400.577,594.1,0.577,0.0,0.877,0.0,0.877,0.901,0.0,0,0,0,0.15,76500,76500.0,-0.0,0.0,0.0,0.0,0.0,-18835.2,-627840.0,57664.8,0.0,1,0
4.8167,400.67,594.1,0.67,0.0,0.97,0.0,0.97,0.948,0.0,0,0,0,0.15,79500,79500.0,-0.0,0.0,0.0,0.0,0.0,-18835.2,-627840.0,60664.8,0.0,1,0
4.9167,400.773,594.1,0.773,0.0,1.067,-0.0,1.067,0.995,-0.0,0,0.0,-0.0,0.15,82500,82500.0,-0.0,-0.0,-12.4,-2.5,0.0,-18834.8,-627827.6,63662.7,-0.0,1,0
5.0167,400.885,594.1,0.885,0.0,1.169,-0.0,1.169,1.042,-0.0,0,0.0,-0.0,0.15,85500,85500.0,-0.0,-0.0,-14.9,-3.0,0.0,-18834.8,-627825.1,66662.3,-0.0,1,0
5.1167,401.008,594.1,1.008,0.0,1.276,-0.0,1.276,1.088,-0.0,0,0.0,-0.0,0.15,88500,88500.0,-0.0,-0.0,-17.8,-3.6,0.0,-18834.7,-627822.2,69661.8,-0.0,1,0
5.2167,401.143,594.1,1.143,0.0,1.388,0.0,1.388,1.135,0.0,0,0.0,-0.0,0.15,91500,91500.0,-0.0,-0.0,-21.1,-4.2,0.0,-18834.6,-627818.9,72661.2,0.0,1,0
5.3167,401.288,594.1,1.288,0.0,1.504,-0.0,1.504,1.182,-0.0,0,-0.0,0.0,0.15,94500,94500.0,-0.0,0.0,-24.8,-5.0,-0.0,-18834.5,-627815.2,75660.6,-0.0,1,0
5.4167,401.445,594.1,1.445,0.0,1.625,-0.0,1.625,1.229,-0.0,0,-0.0,0.0,0.15,97500,97500.0,-0.0,0.0,-29.0,-5.8,-0.0,-18834.3,-627811.0,78659.9,-0.0,1,0
5.5167,401.615,594.1,1.615,0.0,1.751,-0.0,1.751,1.276,-0.0,0,0.0,-0.0,0.15,100500,100500.0,-0.0,-0.0,-33.6,-6.7,0.0,-18834.2,-627806.4,81659.1,-0.0,1,0
5.6167,401.798,594.1,1.798,0.0,1.881,-0.0,1.881,1.323,-0.0,0,0.0,-0.0,0.15,103500,103500.0,-0.0,-0.0,-38.9,-7.8,0.0,-18834.0,-627801.1,84658.2,-0.0,1,0
5.7167,401.994,594.1,1.994,0.0,2.016,-0.0,2.016,1.37,0.0,0,0.0,-0.0,0.15,106500,106500.0,-0.0,-0.0,-44.7,-8.9,0.0,-18833.9,-627795.3,87657.2,0.0,1,0
5.8167,402.203,594.1,2.203,0.0,2.156,-0.0,2.156,1.417,-0.0,0,0.0,-0.0,0.15,109500,109500.0,-0.0,-0.0,-51.1,-10.2,0.0,-18833.7,-627788.9,90656.1,-0.0,1,0
5.9167,402.427,594.1,2.427,0.0,2.3,-0.0,2.3,1.463,-0.0,0,0.0,-0.0,0.15,112500,112500.0,-0.0,-0.0,-58.2,-11.6,0.0,-18833.5,-627781.8,93654.9,-0.0,1,0
6.0167,402.666,594.1,2.666,0.0,2.449,-0.0,2.449,1.51,0.0,0,0.0,-0.0,0.15,115500,115500.0,-0.0,-0.0,-66.1,-13.2,0.0,-18833.2,-627773.9,96653.6,0.0,1,0
6.1167,402.92,594.1,2.92,0.0,2.603,-0.0,2.603,1.557,0.0,0,0.0,-0.0,0.15,118500,118500.0,-0.0,-0.0,-74.7,-14.9,0.0,-18833.0,-627765.3,99652.1,0.0,1,0
6.2167,403.189,594.1,3.189,0.0,2.761,-0.0,2.761,1.604,0.0,0,0.0,-0.0,0.15,121500,121500.0,-0.0,-0.0,-84.1,-16.8,0.0,-18832.7,-627755.9,102650.5,0.0,1,0
6.3167,403.475,594.1,3.475,0.0,2.924,-0.0,2.924,1.651,-0.0,0,0.0,-0.0,0.15,124500,124500.0,-0.0,-0.0,-94.4,-18.9,0.0,-18832.4,-627745.6,105648.8,-0.0,1,0
6.4167,403.777,594.1,3.777,0.0,3.092,-0.0,3.092,1.698,0.0,0,0.0,-0.0,0.15,127500,127500.0,-0.0,-0.0,-105.6,-21.1,0.0,-18832.0,-627734.4,108646.9,0.0,1,0
6.5167,404.096,594.1,4.096,0.0,3.265,-0.0,3.265,1.744,-0.0,0,0.0,-0.0,0.15,130500,130500.0,-0.0,-0.0,-117.7,-23.5,0.0,-18831.7,-627722.3,111644.8,-0.0,1,0
6.6167,404.433,594.1,4.433,0.0,3.442,-0.0,3.442,1.791,-0.0,0,0.0,-0.0,0.15,133500,133500.0,-0.0,-0.0,-130.9,-26.2,0.0,-18831.3,-627709.1,114642.5,-0.0,1,0
6.7167,404.788,594.1,4.788,0.0,3.624,-0.0,3.624,1.838,-0.0,0,0.0,-0.0,0.15,136500,136500.0,-0.0,-0.0,-145.2,-29.0,0.0,-18830.8,-627694.8,117640.1,-0.0,1,0
6.8167,405.161,594.1,5.161,0.0,3.81,-0.0,3.81,1.885,0.0,0,0.0,-0.0,0.15,139500,139500.0,-0.0,-0.0,-160.6,-32.1,0.0,-18830.4,-627679.4,120637.5,0.0,1,0
6.9167,405.553,594.1,5.553,0.0,4.002,-0.0,4.002,1.932,0.0,0,0.0,-0.0,0.15,142500,142500.0,-0.0,-0.0,-177.2,-35.4,0.0,-18829.9,-627662.8,123634.7,0.0,1,0
7.0167,405.965,594.1,5.965,0.0,4.197,-0.0,4.197,1.979,-0.0,0,0.0,-0.0,0.15,145500,145500.0,-0.0,-0.0,-195.0,-39.0,0.0,-18829.3,-627645.0,126631.6,-0.0,1,0
7.1167,406.396,594.1,6.396,0.0,4.398,-0.0,4.398,2.025,0.0,0,0.0,-0.0,0.15,148500,148500.0,-0.0,-0.0,-214.2,-42.8,0.0,-18828.8,-627625.8,129628.4,0.0,1,0
7.2167,406.848,594.1,6.848,0.0,4.603,-0.0,4.603,2.072,0.0,0,0.0,-0.0,0.15,151500,151500.0,-0.0,-0.0,-234.7,-46.9,0.0,-18828.2,-627605.3,132624.9,0.0,1,0
7.3167,407.321,594.1,7.321,0.0,4.813,-0.0,4.813,2.119,-0.0,0,0.0,-0.0,0.15,154500,154500.0,-0.0,-0.0,-256.7,-51.3,0.0,-18827.5,-627583.3,135621.2,-0.0,1,0
7.4167,407.814,594.1,7.814,0.0,5.028,-0.0,5.028,2.166,-0.0,0,0.0,-0.0,0.15,157500,157500.0,-0.0,-0.0,-280.2,-56.0,0.0,-18826.8,-627559.8,138617.2,-0.0,1,0
7.5167,408.33,594.1,8.33,0.0,5.247,-0.0,5.247,2.213,0.0,0,0.0,-0.0,0.15,160500,160500.0,-0.0,-0.0,-305.3,-61.1,0.0,-18826.0,-627534.7,141612.9,0.0,1,0
7.6167,408.868,594.1,8.868,0.0,5.471,-0.0,5.471,2.26,0.0,0,0.0,-0.0,0.15,163500,163500.0,-0.0,-0.0,-332.0,-66.4,0.0,-18825.2,-627508.0,144608.4,0.0,1,0
7.7167,409.428,594.1,9.428,0.0,5.7,-0.0,5.7,2.306,0.0,0,0.0,-0.0,0.15,166500,166500.0,-0.0,-0.0,-360.4,-72.1,0.0,-18824.4,-627479.6,147603.5,0.0,1,0
7.8167,410.012,594.1,10.012,0.0,5.933,-0.0,5.933,2.353,0.0,0,0.0,-0.0,0.15,169500,169500.0,-0.0,-0.0,-390.7,-78.1,0.0,-18823.5,-627449.3,150598.4,0.0,1,0
7.9167,410.619,594.1,10.619,0.0,6.171,-0.0,6.171,2.4,0.0,0,0.0,-0.0,0.15,172500,172500.0,-0.0,-0.0,-422.8,-84.6,0.0,-18822.5,-627417.2,153592.9,0.0,1,0
8.0167,411.25,594.1,11.25,0.0,6.414,-0.0,6.414,2.447,-0.0,0,0.0,-0.0,0.15,175500,175500.0,-0.0,-0.0,-456.8,-91.4,0.0,-18821.5,-627383.2,156587.1,-0.0,1,0
8.1167,411.906,594.1,11.906,0.0,6.661,-0.0,6.661,2.493,0.0,0,0.0,-0.0,0.15,178500,178500.0,-0.0,-0.0,-492.8,-98.6,0.0,-18820.4,-627347.2,159581.0,0.0,1,0
8.2,412.472,594.1,12.472,0.0,6.871,-0.0,6.871,2.532,-0.0,0,0.0,-0.0,0.15,181000,181000.0,-0.0,-0.0,-524.4,-104.9,0.0,-18819.5,-627315.6,162075.6,-0.0,1,0
8.3,413.174,594.1,13.174,0.0,7.127,-0.0,7.127,2.579,-0.0,0,0.0,-0.0,0.15,184000,184000.0,-0.0,-0.0,-564.4,-112.9,0.0,-18818.3,-627275.6,165068.9,-0.0,1,0
8.4,413.901,594.1,13.901,0.0,7.388,-0.0,7.388,2.626,0.0,0,0.0,-0.0,0.15,187000,187000.0,-0.0,-0.0,-606.5,-121.3,0.0,-18817.0,-627233.5,168061.7,0.0,1,0
8.5,414.656,594.1,14.656,0.0,7.653,-0.0,7.653,2.673,-0.0,0,0.0,-0.0,0.15,190000,190000.0,-0.0,-0.0,-651.0,-130.2,0.0,-18815.7,-627189.0,171054.1,-0.0,1,0
8.6,415.437,594.1,15.437,0.0,7.923,-0.0,7.923,2.719,0.0,0,0.0,-0.0,0.15,193000,193000.0,-0.0,-0.0,-697.9,-139.6,0.0,-18814.3,-627142.1,174046.2,0.0,1,0
8.7,416.245,594.1,16.245,0.0,8.198,-0.0,8.198,2.766,0.0,0,0.0,-0.0,0.15,196000,196000.0,-0.0,-0.0,-747.3,-149.5,0.0,-18812.8,-627092.7,177037.8,0.0,1,0
8.8,417.081,594.1,17.081,0.0,8.477,-0.0,8.477,2.813,0.0,0,0.0,-0.0,0.15,199000,199000.0,-0.0,-0.0,-799.2,-159.8,0.0,-18811.2,-627040.8,180028.9,0.0,1,0
8.9,417.945,594.1,17.945,0.0,8.761,-0.0,8.761,2.86,0.0,0,0.0,-0.0,0.15,202000,202000.0,-0.0,-0.0,-853.8,-170.8,0.0,-18809.6,-626986.2,183019.7,0.0,1,0
9.0,418.838,594.1,18.838,0.0,9.05,-0.0,9.05,2.906,-0.0,0,0.0,-0.0,0.15,205000,205000.0,-0.0,-0.0,-911.2,-182.2,0.0,-18807.9,-626928.8,186009.9,-0.0,1,0
9.1,419.76,594.1,19.76,0.0,9.343,-0.0,9.343,2.953,0.0,0,0.0,-0.0,0.15,208000,208000.0,-0.0,-0.0,-971.4,-194.3,0.0,-18806.1,-626868.6,188999.7,0.0,1,0
9.2,420.712,594.1,20.712,0.0,9.641,-0.0,9.641,3.0,-0.0,0,0.0,-0.0,0.15,211000,211000.0,-0.0,-0.0,-1034.5,-206.9,0.0,-18804.2,-626805.5,191988.9,-0.0,1,0
9.3,421.694,594.1,21.694,0.0,9.944,-0.0,9.944,3.047,0.0,0,0.0,-0.0,0.15,214000,214000.0,-0.0,-0.0,-1100.7,-220.1,0.0,-18802.2,-626739.3,194977.7,0.0,1,0
9.4,422.706,594.1,22.706,0.0,10.251,-0.0,10.251,3.093,-0.0,0,0.0,-0.0,0.15,217000,217000.0,-0.0,-0.0,-1169.9,-234.0,0.0,-18800.1,-626670.1,197965.9,-0.0,1,0
9.5,423.749,594.1,23.749,0.0,10.563,-0.0,10.563,3.14,-0.0,0,0.0,-0.0,0.15,220000,220000.0,-0.0,-0.0,-1242.4,-248.5,0.0,-18797.9,-626597.6,200953.6,-0.0,1,0
9.6,424.824,594.1,24.824,0.0,10.88,-0.0,10.88,3.171,0.0,0,0.0,-0.0,0.15,222000,222000.0,-0.0,-0.0,-1318.2,-263.6,0.0,-18795.7,-626521.8,202940.7,0.0,1,0
9.7,425.93,594.1,25.93,0.0,11.197,-0.0,11.197,3.171,0.0,0,0.0,-0.0,0.15,222000,222000.0,-0.0,-0.0,-1396.5,-279.3,0.0,-18793.3,-626443.5,202927.4,0.0,1,0
9.8,427.069,594.1,27.069,0.0,11.514,-0.0,11.514,3.171,-0.0,0,0.0,-0.0,0.15,222000,222000.0,-0.0,-0.0,-1477.1,-295.4,0.0,-18790.9,-626362.9,202913.7,-0.0,1,0
9.9,428.238,594.1,28.238,0.0,11.831,-0.0,11.831,3.17,-0.0,0,0.0,-0.0,0.15,222000,222000.0,-0.0,-0.0,-1560.0,-312.0,0.0,-18788.4,-626280.0,202899.6,-0.0,1,0
10.0,429.44,594.1,29.44,0.0,12.148,-0.0,12.148,3.17,0.0,0,0.0,-0.0,0.15,222000,222000.0,-0.0,-0.0,-1645.1,-329.0,0.0,-18785.8,-626194.9,202885.1,0.0,1,0
10.1,430.673,594.1,30.673,0.0,12.465,-0.0,12.465,3.17,0.0,0,0.0,-0.0,0.15,222000,222000.0,-0.0,-0.0,-1732.5,-346.5,0.0,-18783.2,-626107.5,202870.3,0.0,1,0
10.2,431.938,594.1,31.938,0.0,12.782,-0.0,12.782,3.17,0.0,0,0.0,-0.0,0.15,222000,222000.0,-0.0,-0.0,-1822.1,-364.4,0.0,-18780.5,-626017.9,202855.0,0.0,1,0
10.3,433.235,594.1,33.235,0.0,13.099,-0.0,13.099,3.169,0.0,0,0.0,-0.0,0.15,222000,222000.0,-0.0,-0.0,-1914.0,-382.8,0.0,-18777.8,-625926.0,202839.4,0.0,1,0
10.4,434.563,594.1,34.563,0.0,13.416,-0.0,13.416,3.169,0.0,0,0.0,-0.0,0.15,222000,222000.0,-0.0,-0.0,-2008.1,-401.6,0.0,-18775.0,-625831.9,202823.4,0.0,1,0
10.5,435.923,594.1,35.923,0.0,13.733,-0.0,13.733,3.169,-0.0,0,0.0,-0.0,0.15,222000,222000.0,-0.0,-0.0,-2104.5,-420.9,0.0,-18772.1,-625735.5,202807.0,-0.0,1,0
10.6,437.315,594.1,37.315,0.0,14.049,-0.0,14.049,3.169,0.0,0,0.0,-0.0,0.15,222000,222000.0,-0.0,-0.0,-2203.1,-440.6,0.0,-18769.1,-625636.9,202790.3,0.0,1,0
10.7,438.739,594.1,38.739,0.0,14.366,-0.0,14.366,3.168,-0.0,0,0.0,-0.0,0.15,222000,222000.0,-0.0,-0.0,-2303.9,-460.8,0.0,-18766.1,-625536.1,202773.1,-0.0,1,0
10.8,440.194,594.1,40.194,0.0,14.683,-0.0,14.683,3.168,0.0,0,0.0,-0.0,0.15,222000,222000.0,-0.0,-0.0,-2407.1,-481.4,0.0,-18763.0,-625432.9,202755.6,0.0,1,0
10.9,441.68,594.1,41.68,0.0,15.0,-0.0,15.0,3.168,0.0,0,0.0,-0.0,0.15,222000,222000.0,-0.0,-0.0,-2512.4,-502.5,0.0,-18759.8,-625327.6,202737.7,0.0,1,0
11.0,443.199,594.1,43.199,0.0,15.317,-0.0,15.317,3.167,-0.0,0,0.0,-0.0,0.15,222000,222000.0,-0.0,-0.0,-2620.1,-524.0,0.0,-18756.6,-625219.9,202719.4,-0.0,1,0
11.1,444.749,594.1,44.749,0.0,15.633,-0.0,15.633,3.167,0.0,0,0.0,-0.0,0.15,222000,222000.0,-0.0,-0.0,-2729.9,-546.0,0.0,-18753.3,-625110.1,202700.7,0.0,1,0
11.2,446.331,594.1,46.331,0.0,15.95,-0.0,15.95,3.167,-0.0,0,0.0,-0.0,0.15,222000,222000.0,-0.0,-0.0,-2842.0,-568.4,0.0,-18749.9,-624998.0,202681.7,-0.0,1,0
11.3,447.944,594.1,47.944,0.0,16.267,-0.0,16.267,3.167,-0.0,0,0.0,-0.0,0.15,222000,222000.0,-0.0,-0.0,-2956.4,-591.3,0.0,-18746.5,-624883.6,202662.2,-0.0,1,0
11.4,449.59,594.1,49.59,0.0,16.583,-0.0,16.583,3.166,0.0,0,0.0,-0.0,0.15,222000,222000.0,-0.0,-0.0,-3073.0,-614.6,0.0,-18743.0,-624767.0,202642.4,0.0,1,0
11.5,451.266,594.1,51.266,0.0,16.9,-0.0,16.9,3.166,-0.0,0,0.0,-0.0,0.15,222000,222000.0,-0.0,-0.0,-3191.8,-638.4,0.0,-18739.4,-624648.2,202622.2,-0.0,1,0
11.6,452.975,594.1,52.975,0.0,17.217,-0.0,17.217,3.166,-0.0,0,0.0,-0.0,0.15,222000,222000.0,-0.0,-0.0,-3312.9,-662.6,0.0,-18735.8,-624527.1,202601.6,-0.0,1,0
11.7,454.715,594.1,54.715,0.0,17.533,-0.0,17.533,3.165,-0.0,0,0.0,-0.0,0.15,222000,222000.0,-0.0,-0.0,-3436.2,-687.2,0.0,-18732.1,-624403.8,202580.6,-0.0,1,0
11.8,456.487,594.1,56.487,0.0,17.85,-0.0,17.85,3.165,0.0,0,0.0,-0.0,0.15,222000,222000.0,-0.0,-0.0,-3561.8,-712.4,0.0,-18728.3,-624278.2,202559.3,0.0,1,0
11.9,458.29,594.1,58.29,0.0,18.166,-0.0,18.166,3.165,0.0,0,0.0,-0.0,0.15,222000,222000.0,-0.0,-0.0,-3689.6,-737.9,0.0,-18724.5,-624150.4,202537.6,0.0,1,0
12.0,460.125,594.1,60.125,0.0,18.483,-0.0,18.483,3.164,0.0,0,0.0,-0.0,0.15,222000,222000.0,-0.0,-0.0,-3819.7,-763.9,0.0,-18720.6,-624020.3,202515.5,0.0,1,0
12.1,461.992,594.1,61.992,0.0,18.799,-0.0,18.799,3.164,-0.0,0,0.0,-0.0,0.15,222000,222000.0,-0.0,-0.0,-3951.9,-790.4,0.0,-18716.6,-623888.1,202493.0,-0.0,1,0
12.2,463.89,594.1,63.89,0.0,19.115,-0.0,19.115,3.164,0.0,0,0.0,-0.0,0.15,222000,222000.0,-0.0,-0.0,-4086.5,-817.3,0.0,-18712.6,-623753.5,202470.1,0.0,1,0
12.3,465.82,594.1,65.82,0.0,19.432,-0.0,19.432,3.163,-0.0,0,0.0,-0.0,0.15,222000,222000.0,-0.0,-0.0,-4223.2,-844.6,0.0,-18708.5,-623616.8,202446.9,-0.0,1,0
12.4,467.782,594.1,67.782,0.0,19.748,-0.0,19.748,3.163,0.0,0,0.0,-0.0,0.15,222000,222000.0,-0.0,-0.0,-4362.2,-872.4,0.0,-18704.3,-623477.8,202423.2,0.0,1,0
12.5,469.775,594.1,69.775,0.0,20.064,-0.0,20.064,3.162,0.0,0,0.0,-0.0,0.15,222000,222000.0,-0.0,-0.0,-4503.4,-900.7,0.0,-18700.1,-623336.6,202399.2,0.0,1,0
12.6,471.8,594.1,71.8,0.0,20.381,-0.0,20.381,3.162,0.0,0,0.0,-0.0,0.15,222000,222000.0,-0.0,-0.0,-4646.9,-929.4,0.0,-18695.8,-623193.1,202374.8,0.0,1,0
12.7,473.857,594.1,73.857,0.0,20.697,-0.0,20.697,3.162,0.0,0,0.0,-0.0,0.15,222000,222000.0,-0.0,-0.0,-4792.6,-958.5,0.0,-18691.4,-623047.4,202350.1,0.0,1,0
12.8,475.945,594.1,75.945,0.0,21.013,-0.0,21.013,3.161,-0.0,0,0.0,-0.0,0.15,222000,222000.0,-0.0,-0.0,-4940.5,-988.1,0.0,-18687.0,-622899.5,202324.9,-0.0,1,0
12.9,478.064,594.1,78.064,0.0,21.329,-0.0,21.329,3.161,0.0,0,0.0,-0.0,0.15,222000,222000.0,-0.0,-0.0,-5090.6,-1018.1,0.0,-18682.5,-622749.4,202299.4,0.0,1,0
13.0,480.216,594.1,80.216,0.0,21.645,-0.0,21.645,3.161,0.0,0,0.0,-0.0,0.15,222000,222000.0,-0.0,-0.0,-5243.0,-1048.6,0.0,-18677.9,-622597.0,202273.5,0.0,1,0
13.1,482.399,594.1,82.399,0.0,21.961,-0.0,21.961,3.16,0.0,0,0.0,-0.0,0.15,222000,222000.0,-0.0,-0.0,-5397.6,-1079.5,0.0,-18673.3,-622442.4,202247.2,0.0,1,0
13.2,484.613,594.1,84.613,0.0,22.277,-0.0,22.277,3.16,-0.0,0,0.0,-0.0,0.15,222000,222000.0,-0.0,-0.0,-5554.4,-1110.9,0.0,-18668.6,-622285.6,202220.5,-0.0,1,0
13.3,486.859,594.1,86.859,0.0,22.593,-0.0,22.593,3.159,0.0,0,0.0,-0.0,0.15,222000,222000.0,-0.0,-0.0,-5713.5,-1142.7,0.0,-18663.8,-622126.5,202193.5,0.0,1,0
13.4,489.137,594.1,89.137,0.0,22.909,-0.0,22.909,3.159,0.0,0,0.0,-0.0,0.15,222000,222000.0,-0.0,-0.0,-5874.8,-1175.0,0.0,-18659.0,-621965.2,202166.1,0.0,1,0
13.5,491.446,594.1,91.446,0.0,23.225,-0.0,23.225,3.158,0.0,0,0.0,-0.0,0.15,222000,222000.0,-0.0,-0.0,-6038.2,-1207.6,0.0,-18654.1,-621801.8,202138.3,0.0,1,0
13.6,493.787,594.1,93.787,0.0,23.541,-0.0,23.541,3.158,0.0,0,0.0,-0.0,0.15,222000,222000.0,-0.0,-0.0,-6204.0,-1240.8,0.0,-18649.1,-621636.0,202110.1,0.0,1,0
13.7,496.16,594.1,96.16,0.0,23.856,-0.0,23.856,3.158,0.0,0,0.0,-0.0,0.15,222000,222000.0,-0.0,-0.0,-6371.9,-1274.4,0.0,-18644.0,-621468.1,202081.6,0.0,1,0
13.8,498.564,594.1,98.564,0.0,24.172,-0.0,24.172,3.157,0.0,0,0.0,-0.0,0.15,222000,222000.0,-0.0,-0.0,-6542.1,-1308.4,0.0,-18638.9,-621297.9,202052.6,0.0,1,0
13.9,501.0,594.1,101.0,0.0,24.488,-0.0,24.488,3.157,-0.0,0,0.0,-0.0,0.15,222000,222000.0,-0.0,-0.0,-6714.4,-1342.9,0.0,-18633.8,-621125.6,202023.3,-0.0,1,0
14.0,503.467,594.1,103.467,0.0,24.803,-0.0,24.803,3.156,-0.0,0,0.0,-0.0,0.15,222000,222000.0,-0.0,-0.0,-6889.0,-1377.8,0.0,-18628.5,-620951.0,201993.7,-0.0,1,0
14.1,505.965,594.1,105.965,0.0,25.119,-0.0,25.119,3.156,-0.0,0,0.0,-0.0,0.15,222000,222000.0,-0.0,-0.0,-7065.8,-1413.2,0.0,-18623.2,-620774.2,201963.6,-0.0,1,0
14.2,508.496,594.1,108.496,0.0,25.435,-0.0,25.435,3.155,-0.0,0,0.0,-0.0,0.15,222000,222000.0,-0.0,-0.0,-7244.8,-1449.0,0.0,-18617.9,-620595.2,201933.2,-0.0,1,0
14.3,511.058,594.1,111.058,0.0,25.75,-0.0,25.75,3.155,-0.0,0,0.0,-0.0,0.15,222000,222000.0,-0.0,-0.0,-7426.1,-1485.2,0.0,-18612.4,-620413.9,201902.4,-0.0,1,0
14.4,513.651,594.1,113.651,0.0,26.065,-0.0,26.065,3.154,-0.0,0,0.0,-0.0,0.15,222000,222000.0,-0.0,-0.0,-7609.5,-1521.9,0.0,-18606.9,-620230.5,201871.2,-0.0,1,0
14.5,516.276,594.1,116.276,0.0,26.381,-0.0,26.381,3.154,-0.0,0,0.0,-0.0,0.15,222000,222000.0,-0.0,-0.0,-7795.2,-1559.0,0.0,-18601.3,-620044.8,201839.6,-0.0,1,0
14.6,518.932,594.1,118.932,0.0,26.696,-0.0,26.696,3.153,-0.0,0,0.0,-0.0,0.15,222000,222000.0,-0.0,-0.0,-7983.0,-1596.6,0.0,-18595.7,-619857.0,201807.7,-0.0,1,0
14.7,521.62,594.1,121.62,0.0,27.012,-0.0,27.012,3.153,0.0,0,0.0,-0.0,0.15,222000,222000.0,-0.0,-0.0,-8173.1,-1634.6,0.0,-18590.0,-619666.9,201775.4,0.0,1,0
14.8,524.34,594.1,124.34,0.0,27.327,-0.0,27.327,3.152,0.0,0,0.0,-0.0,0.15,222000,222000.0,-0.0,-0.0,-8365.3,-1673.1,0.0,-18584.2,-619474.7,201742.7,0.0,1,0
14.9,527.091,594.1,127.091,0.0,27.642,-0.0,27.642,3.152,-0.0,0,0.0,-0.0,0.15,222000,222000.0,-0.0,-0.0,-8559.8,-1712.0,0.0,-18578.4,-619280.2,201709.6,-0.0,1,0
15.0,529.874,594.1,129.874,0.0,27.957,-0.0,27.957,3.151,-0.0,0,0.0,-0.0,0.15,222000,222000.0,-0.0,-0.0,-8756.5,-1751.3,0.0,-18572.5,-619083.5,201676.2,-0.0,1,0
15.1,532.688,594.1,132.688,0.0,28.272,-0.0,28.272,3.151,0.0,0,0.0,-0.0,0.15,222000,222000.0,-0.0,-0.0,-8955.3,-1791.1,0.0,-18566.5,-618884.7,201642.4,0.0,1,0
15.2,535.533,594.1,135.533,0.0,28.587,-0.0,28.587,3.15,-0.0,0,0.0,-0.0,0.15,222000,222000.0,-0.0,-0.0,-9156.4,-1831.3,0.0,-18560.5,-618683.6,201608.2,-0.0,1,0
15.3,538.41,594.1,138.41,0.0,28.902,-0.0,28.902,3.15,0.0,0,0.0,-0.0,0.15,222000,222000.0,-0.0,-0.0,-9359.7,-1871.9,0.0,-18554.4,-618480.3,201573.7,0.0,1,0
15.4,541.319,594.1,141.319,0.0,29.217,-0.0,29.217,3.149,0.0,0,0.0,-0.0,0.15,222000,222000.0,-0.0,-0.0,-9565.2,-1913.0,0.0,-18548.2,-618274.8,201538.7,0.0,1,0
15.5,544.259,594.1,144.259,0.0,29.532,-0.0,29.532,3.148,0.0,0,0.0,-0.0,0.15,222000,222000.0,-0.0,-0.0,-9772.8,-1954.6,0.0,-18542.0,-618067.2,201503.4,0.0,1,0
15.6,547.231,594.1,147.231,0.0,29.847,-0.0,29.847,3.148,-0.0,0,0.0,-0.0,0.15,222000,222000.0,-0.0,-0.0,-9982.7,-1996.5,0.0,-18535.7,-617857.3,201467.7,-0.0,1,0
15.7,550.234,594.1,150.234,0.0,30.162,-0.0,30.162,3.147,0.0,0,0.0,-0.0,0.15,222000,222000.0,-0.0,-0.0,-10194.7,-2038.9,0.0,-18529.4,-617645.3,201431.7,0.0,1,0
15.8,553.268,594.1,153.268,0.0,30.476,-0.0,30.476,3.147,-0.0,0,0.0,-0.0,0.15,222000,222000.0,-0.0,-0.0,-10408.9,-2081.8,0.0,-18522.9,-617431.1,201395.3,-0.0,1,0
15.9,556.334,594.1,156.334,0.0,30.791,-0.0,30.791,3.146,-0.0,0,0.0,-0.0,0.15,222000,222000.0,-0.0,-0.0,-10625.4,-2125.1,0.0,-18516.4,-617214.6,201358.5,-0.0,1,0
16.0,559.432,594.1,159.432,0.0,31.106,-0.0,31.106,3.146,0.0,0,0.0,-0.0,0.15,222000,222000.0,-0.0,-0.0,-10844.0,-2168.8,0.0,-18509.9,-616996.0,201321.3,0.0,1,0
16.1,562.561,594.1,162.561,0.0,31.42,-0.0,31.42,3.145,0.0,0,0.0,-0.0,0.15,222000,222000.0,-0.0,-0.0,-11064.8,-2213.0,0.0,-18503.3,-616775.2,201283.8,0.0,1,0
16.2,565.721,594.1,165.721,0.0,31.735,-0.0,31.735,3.144,0.0,0,0.0,-0.0,0.15,222000,222000.0,-0.0,-0.0,-11287.7,-2257.5,0.0,-18496.6,-616552.3,201245.9,0.0,1,0
16.3,568.913,594.1,168.913,0.0,32.049,-0.0,32.049,3.144,0.0,0,0.0,-0.0,0.15,222000,222000.0,-0.0,-0.0,-11512.9,-2302.6,0.0,-18489.8,-616327.1,201207.6,0.0,1,0
16.4,572.136,594.1,172.136,0.0,32.363,-0.0,32.363,3.143,0.0,0,0.0,-0.0,0.15,222000,222000.0,-0.0,-0.0,-11740.2,-2348.0,0.0,-18483.0,-616099.8,201169.0,0.0,1,0
16.5,575.391,594.1,175.391,0.0,32.678,-0.0,32.678,3.143,-0.0,0,0.0,-0.0,0.15,222000,222000.0,-0.0,-0.0,-11969.7,-2393.9,0.0,-18476.1,-615870.3,201129.9,-0.0,1,0
16.6,578.677,594.1,178.677,0.0,32.992,-0.0,32.992,3.142,0.0,0,0.0,-0.0,0.15,222000,222000.0,-0.0,-0.0,-12201.4,-2440.3,0.0,-18469.2,-615638.6,201090.6,0.0,1,0
16.7,581.994,594.1,181.994,0.0,33.306,-0.0,33.306,3.141,0.0,0,0.0,-0.0,0.15,222000,222000.0,-0.0,-0.0,-12435.3,-2487.1,0.0,-18462.1,-615404.7,201050.8,0.0,1,0
16.8,585.343,594.1,185.343,0.0,33.62,-0.0,33.62,3.141,-0.0,0,0.0,-0.0,0.15,222000,222000.0,-0.0,-0.0,-12671.3,-2534.3,0.0,-18455.1,-615168.7,201010.7,-0.0,1,0
16.9,588.723,594.1,188.723,0.0,33.934,-0.0,33.934,3.14,0.0,0,0.0,-0.0,0.15,222000,222000.0,-0.0,-0.0,-12909.5,-2581.9,0.0,-18447.9,-614930.5,200970.2,0.0,1,0
17.0,592.135,594.1,192.135,0.0,34.248,-0.0,34.248,3.14,0.0,0,0.0,-0.0,0.15,222000,222000.0,-0.0,-0.0,-13149.9,-2630.0,0.0,-18440.7,-614690.1,200929.3,0.0,1,0
17.1,595.578,594.1,195.578,0.0,34.562,-0.0,34.562,3.139,0.0,0,0.0,-0.0,0.15,222000,222000.0,-0.0,-0.0,-13392.5,-2678.5,0.0,-18433.4,-614447.5,200888.1,0.0,1,0
17.2,599.053,594.1,199.053,0.0,34.876,-0.0,34.876,3.138,0.0,0,0.0,-0.0,0.15,222000,222000.0,-0.0,-0.0,-13637.2,-2727.4,0.0,-18426.1,-614202.8,200846.5,0.0,1,0
17.3,602.559,594.1,202.559,0.0,35.19,-0.0,35.19,3.138,0.0,0,0.0,-0.0,0.15,222000,222000.0,-0.0,-0.0,-13884.1,-2776.8,0.0,-18418.7,-613955.9,200804.5,0.0,1,0
17.4,606.096,594.1,206.096,0.0,35.503,-0.0,35.503,3.137,0.0,0,0.0,-0.0,0.15,222000,222000.0,-0.0,-0.0,-14133.1,-2826.6,0.0,-18411.2,-613706.9,200762.2,0.0,1,0
17.5,609.665,594.1,209.665,0.0,35.817,-0.0,35.817,3.136,0.0,0,0.0,-0.0,0.15,222000,222000.0,-0.0,-0.0,-14384.3,-2876.9,0.0,-18403.7,-613455.7,200719.5,0.0,1,0
17.6,613.265,594.1,213.265,0.0,36.131,-0.0,36.131,3.136,0.0,0,0.0,-0.0,0.15,222000,222000.0,-0.0,-0.0,-14637.7,-2927.5,0.0,-18396.1,-613202.3,200676.4,0.0,1,0
17.7,616.896,594.1,216.896,0.0,36.444,-0.0,36.444,3.135,-0.0,0,0.0,-0.0,0.15,222000,222000.0,-0.0,-0.0,-14893.2,-2978.6,0.0,-18388.4,-612946.8,200633.0,-0.0,1,0
17.8,620.559,594.1,220.559,0.0,36.758,-0.0,36.758,3.134,-0.0,0,0.0,-0.0,0.15,222000,222000.0,-0.0,-0.0,-15150.8,-3030.2,0.0,-18380.7,-612689.2,200589.2,-0.0,1,0
17.9,624.253,594.1,224.253,0.0,37.071,-0.0,37.071,3.134,-0.0,0,0.0,-0.0,0.15,222000,222000.0,-0.0,-0.0,-15410.7,-3082.1,0.0,-18372.9,-612429.3,200545.0,-0.0,1,0
18.0,627.978,594.1,227.978,0.0,37.384,-0.0,37.384,3.133,0.0,0,0.0,-0.0,0.15,222000,222000.0,-0.0,-0.0,-15672.6,-3134.5,0.0,-18365.0,-612167.4,200500.5,0.0,1,0
18.1,631.735,594.1,231.735,0.0,37.697,-0.0,37.697,3.132,0.0,0,0.0,-0.0,0.15,222000,222000.0,-0.0,-0.0,-15936.8,-3187.4,0.0,-18357.1,-611903.2,200455.6,0.0,1,0
18.2,635.523,594.1,235.523,0.0,38.011,-0.0,38.011,3.131,-0.0,0,0.0,-0.0,0.15,222000,222000.0,-0.0,-0.0,-16203.0,-3240.6,0.0,-18349.1,-611637.0,200410.3,-0.0,1,0
18.3,639.342,594.1,239.342,0.0,38.324,-0.0,38.324,3.131,-0.0,0,0.0,-0.0,0.15,222000,222000.0,-0.0,-0.0,-16471.4,-3294.3,0.0,-18341.1,-611368.6,200364.7,-0.0,1,0
18.4,643.193,594.1,243.193,0.0,38.637,-0.0,38.637,3.13,0.0,0,0.0,-0.0,0.15,222000,222000.0,-0.0,-0.0,-16742.0,-3348.4,0.0,-18332.9,-611098.0,200318.7,0.0,1,0
18.5,647.075,594.1,247.075,0.0,38.95,-0.0,38.95,3.129,0.0,0,0.0,-0.0,0.15,222000,222000.0,-0.0,-0.0,-17014.7,-3402.9,0.0,-18324.8,-610825.3,200272.3,0.0,1,0
18.6,650.988,594.1,250.988,0.0,39.263,0.0,39.263,3.129,0.0,0,-0.0,0.0,0.15,222000,222000.0,-0.0,0.0,-17289.5,-3457.9,-0.0,-18316.5,-610550.5,200225.6,0.0,1,0
18.7,654.932,594.1,254.932,0.0,39.575,-0.0,39.575,3.128,0.0,0,0.0,-0.0,0.15,222000,222000.0,-0.0,-0.0,-17566.5,-3513.3,0.0,-18308.2,-610273.5,200178.5,0.0,1,0
18.8,658.908,594.1,258.908,0.0,39.888,-0.0,39.888,3.127,-0.0,0,0.0,-0.0,0.15,222000,222000.0,-0.0,-0.0,-17845.6,-3569.1,0.0,-18299.8,-609994.4,200131.0,-0.0,1,0
18.9,662.915,594.1,262.915,0.0,40.201,-0.0,40.201,3.126,-0.0,0,0.0,-0.0,0.15,222000,222000.0,-0.0,-0.0,-18126.9,-3625.4,0.0,-18291.4,-609713.1,200083.2,-0.0,1,0
19.0,666.954,594.1,266.954,0.0,40.513,-0.0,40.513,3.126,-0.0,0,0.0,-0.0,0.15,222000,222000.0,-0.0,-0.0,-18410.2,-3682.0,0.0,-18282.9,-609429.8,200035.1,-0.0,1,0
19.1,671.023,594.1,271.023,0.0,40.826,-0.0,40.826,3.125,0.0,0,0.0,-0.0,0.15,222000,222000.0,-0.0,-0.0,-18695.7,-3739.1,0.0,-18274.3,-609144.3,199986.5,0.0,1,0
19.2,675.124,594.1,275.124,0.0,41.138,-0.0,41.138,3.124,0.0,0,0.0,-0.0,0.15,222000,222000.0,-0.0,-0.0,-18983.3,-3796.7,0.0,-18265.7,-608856.7,199937.6,0.0,1,0
19.3,679.256,594.1,279.256,0.0,41.451,-0.0,41.451,3.123,-0.0,0,0.0,-0.0,0.15,222000,222000.0,-0.0,-0.0,-19273.1,-3854.6,0.0,-18257.0,-608566.9,199888.4,-0.0,1,0
19.4,683.419,594.1,283.419,0.0,41.763,-0.0,41.763,3.122,0.0,0,0.0,-0.0,0.15,222000,222000.0,-0.0,-0.0,-19565.0,-3913.0,0.0,-18248.3,-608275.0,199838.8,0.0,1,0
19.5,687.614,594.1,287.614,0.0,42.075,-0.0,42.075,3.122,-0.0,0,0.0,-0.0,0.15,222000,222000.0,-0.0,-0.0,-19859.0,-3971.8,0.0,-18239.4,-607981.0,199788.8,-0.0,1,0
19.6,691.84,594.1,291.84,0.0,42.387,-0.0,42.387,3.121,-0.0,0,0.0,-0.0,0.15,222000,222000.0,-0.0,-0.0,-20155.1,-4031.0,0.0,-18230.5,-607684.9,199738.4,-0.0,1,0
19.7,696.096,594.1,296.096,0.0,42.699,-0.0,42.699,3.12,-0.0,0,0.0,-0.0,0.15,222000,222000.0,-0.0,-0.0,-20453.3,-4090.7,0.0,-18221.6,-607386.7,199687.7,-0.0,1,0
19.8,700.385,594.1,300.385,0.0,43.011,-0.0,43.011,3.119,0.0,0,0.0,-0.0,0.15,222000,222000.0,-0.0,-0.0,-20753.6,-4150.7,0.0,-18212.6,-607086.4,199636.7,0.0,1,0
19.9,704.704,594.1,304.704,0.0,43.323,-0.0,43.323,3.119,-0.0,0,0.0,-0.0,0.15,222000,222000.0,-0.0,-0.0,-21056.1,-4211.2,0.0,-18203.5,-606783.9,199585.3,-0.0,1,0
20.0,709.054,594.1,309.054,0.0,43.635,-0.0,43.635,3.118,-0.0,0,0.0,-0.0,0.15,222000,222000.0,-0.0,-0.0,-21360.6,-4272.1,0.0,-18194.4,-606479.4,199533.5,-0.0,1,0
20.1,713.436,594.1,313.436,0.0,43.947,-0.0,43.947,3.117,-0.0,0,0.0,-0.0,0.15,222000,222000.0,-0.0,-0.0,-21667.3,-4333.5,0.0,-18185.2,-606172.7,199481.4,-0.0,1,0
20.2,717.849,594.1,317.849,0.0,44.258,-0.0,44.258,3.116,0.0,0,0.0,-0.0,0.15,222000,222000.0,-0.0,-0.0,-21976.1,-4395.2,0.0,-18175.9,-605863.9,199428.9,0.0,1,0
20.3,722.293,594.1,322.293,0.0,44.57,-0.0,44.57,3.115,0.0,0,0.0,-0.0,0.15,222000,222000.0,-0.0,-0.0,-22287.0,-4457.4,0.0,-18166.6,-605553.0,199376.0,0.0,1,0
20.4,726.768,594.1,326.768,0.0,44.881,-0.0,44.881,3.114,-0.0,0,0.0,-0.0,0.15,222000,222000.0,-0.0,-0.0,-22599.9,-4520.0,0.0,-18157.2,-605240.1,199322.8,-0.0,1,0
20.5,731.274,594.1,331.274,0.0,45.193,-0.0,45.193,3.114,0.0,0,0.0,-0.0,0.15,222000,222000.0,-0.0,-0.0,-22915.0,-4583.0,0.0,-18147.8,-604925.0,199269.3,0.0,1,0
20.6,735.812,594.1,335.812,0.0,45.504,-0.0,45.504,3.113,0.0,0,0.0,-0.0,0.15,222000,222000.0,-0.0,-0.0,-23232.2,-4646.4,0.0,-18138.2,-604607.8,199215.3,0.0,1,0
20.7,740.38,594.1,340.38,0.0,45.815,-0.0,45.815,3.112,0.0,0,0.0,-0.0,0.15,222000,222000.0,-0.0,-0.0,-23551.4,-4710.3,0.0,-18128.7,-604288.6,199161.1,0.0,1,0
20.8,744.98,594.1,344.98,0.0,46.126,-0.0,46.126,3.111,-0.0,0,0.0,-0.0,0.15,222000,222000.0,-0.0,-0.0,-23872.8,-4774.6,0.0,-18119.0,-603967.2,199106.4,-0.0,1,0
20.9,749.611,594.1,349.611,0.0,46.438,-0.0,46.438,3.11,-0.0,0,0.0,-0.0,0.15,222000,222000.0,-0.0,-0.0,-24196.2,-4839.2,0.0,-18109.3,-603643.8,199051.4,-0.0,1,0
21.0,754.273,594.1,354.273,0.0,46.749,-0.0,46.749,3.109,0.0,0,0.0,-0.0,0.15,222000,222000.0,-0.0,-0.0,-24521.7,-4904.3,0.0,-18099.5,-603318.3,198996.1,0.0,1,0
21.1,758.966,594.1,358.966,0.0,47.059,-0.0,47.059,3.108,0.0,0,0.0,-0.0,0.15,222000,222000.0,-0.0,-0.0,-24849.3,-4969.9,0.0,-18089.7,-602990.7,198940.4,0.0,1,0
21.2,763.69,594.1,363.69,0.0,47.37,-0.0,47.37,3.108,-0.0,0,0.0,-0.0,0.15,222000,222000.0,-0.0,-0.0,-25179.0,-5035.8,0.0,-18079.8,-602661.0,198884.4,-0.0,1,0
21.3,768.445,594.1,368.445,0.0,47.681,-0.0,47.681,3.107,-0.0,0,0.0,-0.0,0.15,222000,222000.0,-0.0,-0.0,-25510.8,-5102.2,0.0,-18069.9,-602329.2,198828.0,-0.0,1,0
21.4,773.231,594.1,373.231,0.0,47.992,-0.0,47.992,3.106,0.0,0,0.0,-0.0,0.15,222000,222000.0,-0.0,-0.0,-25844.6,-5168.9,0.0,-18059.9,-601995.4,198771.2,0.0,1,0
21.5,778.049,594.1,378.049,0.0,48.302,-0.0,48.302,3.105,-0.0,0,0.0,-0.0,0.15,222000,222000.0,-0.0,-0.0,-26180.5,-5236.1,0.0,-18049.8,-601659.5,198714.1,-0.0,1,0
21.6,782.897,594.1,382.897,0.0,48.612,-0.0,48.612,3.104,0.0,0,0.0,-0.0,0.15,222000,222000.0,-0.0,-0.0,-26518.5,-5303.7,0.0,-18039.6,-601321.5,198656.6,0.0,1,0
21.7,787.776,594.1,387.776,0.0,48.923,-0.0,48.923,3.103,-0.0,0,0.0,-0.0,0.15,222000,222000.0,-0.0,-0.0,-26858.6,-5371.7,0.0,-18029.4,-600981.4,198598.8,-0.0,1,0
21.8,792.687,594.1,392.687,0.0,49.233,-0.0,49.233,3.102,0.0,0,0.0,-0.0,0.15,222000,222000.0,-0.0,-0.0,-27200.7,-5440.1,0.0,-18019.2,-600639.3,198540.7,0.0,1,0
21.9167,798.455,594.1,398.455,0.0,49.595,-0.0,49.595,3.101,0.0,0,0.0,-0.0,0.15,222000,222000.0,-0.0,-0.0,-27602.5,-5520.5,0.0,-18007.1,-600237.5,198472.4,0.0,1,0
22.0167,803.432,594.1,403.432,0.0,49.905,-0.0,49.905,3.1,0.0,0,0.0,-0.0,0.15,222000,222000.0,-0.0,-0.0,-27949.1,-5589.8,0.0,-17996.7,-599890.9,198413.5,0.0,1,0
22.1167,808.441,594.1,408.441,0.0,50.215,-0.0,50.215,3.099,0.0,0,0.0,-0.0,0.15,222000,222000.0,-0.0,-0.0,-28297.7,-5659.5,0.0,-17986.3,-599542.3,198354.2,0.0,1,0
22.2167,813.48,594.1,413.48,0.0,50.525,-0.0,50.525,3.098,0.0,0,0.0,-0.0,0.15,222000,222000.0,-0.0,-0.0,-28648.4,-5729.7,0.0,-17975.7,-599191.6,198294.6,0.0,1,0
22.3167,818.551,594.1,418.551,0.0,50.835,-0.0,50.835,3.097,0.0,0,0.0,-0.0,0.15,222000,222000.0,-0.0,-0.0,-29001.2,-5800.2,0.0,-17965.2,-598838.8,198234.6,0.0,1,0
22.4167,823.652,594.1,423.652,0.0,51.144,-0.0,51.144,3.096,-0.0,0,0.0,-0.0,0.15,222000,222000.0,-0.0,-0.0,-29356.0,-5871.2,0.0,-17954.5,-598484.0,198174.3,-0.0,1,0
22.5167,828.785,594.1,428.785,0.0,51.454,-0.0,51.454,3.096,0.0,0,0.0,-0.0,0.15,222000,222000.0,-0.0,-0.0,-29712.8,-5942.6,0.0,-17943.8,-598127.2,198113.6,0.0,1,0
22.6167,833.948,594.1,433.948,0.0,51.763,-0.0,51.763,3.095,0.0,0,0.0,-0.0,0.15,222000,222000.0,-0.0,-0.0,-30071.7,-6014.3,0.0,-17933.0,-597768.3,198052.6,0.0,1,0
22.7167,839.143,594.1,439.143,0.0,52.073,-0.0,52.073,3.094,0.0,0,0.0,-0.0,0.15,222000,222000.0,-0.0,-0.0,-30432.7,-6086.5,0.0,-17922.2,-597407.3,197991.2,0.0,1,0
22.8167,844.368,594.1,444.368,0.0,52.382,-0.0,52.382,3.093,-0.0,0,0.0,-0.0,0.15,222000,222000.0,-0.0,-0.0,-30795.7,-6159.1,0.0,-17911.3,-597044.3,197929.5,-0.0,1,0
22.9167,849.624,594.1,449.624,0.0,52.691,-0.0,52.691,3.092,0.0,0,0.0,-0.0,0.15,222000,222000.0,-0.0,-0.0,-31160.7,-6232.1,0.0,-17900.4,-596679.3,197867.5,0.0,1,0
23.0167,854.911,594.1,454.911,0.0,53.0,-0.0,53.0,3.091,-0.0,0,0.0,-0.0,0.15,222000,222000.0,-0.0,-0.0,-31527.7,-6305.5,0.0,-17889.4,-596312.3,197805.1,-0.0,1,0
23.1167,860.229,594.1,460.229,0.0,53.309,-0.0,53.309,3.09,-0.0,0,0.0,-0.0,0.15,222000,222000.0,-0.0,-0.0,-31896.8,-6379.4,0.0,-17878.3,-595943.2,197742.3,-0.0,1,0
23.2167,865.578,594.1,465.578,0.0,53.618,-0.0,53.618,3.089,-0.0,0,0.0,-0.0,0.15,222000,222000.0,-0.0,-0.0,-32267.9,-6453.6,0.0,-17867.2,-595572.1,197679.2,-0.0,1,0
23.3167,870.958,594.1,470.958,0.0,53.927,-0.0,53.927,3.088,-0.0,0,0.0,-0.0,0.15,222000,222000.0,-0.0,-0.0,-32641.1,-6528.2,0.0,-17856.0,-595198.9,197615.8,-0.0,1,0
23.4167,876.369,594.1,476.369,0.0,54.236,-0.0,54.236,3.087,-0.0,0,0.0,-0.0,0.15,222000,222000.0,-0.0,-0.0,-33016.3,-6603.3,0.0,-17844.7,-594823.7,197552.0,-0.0,1,0
23.5167,881.811,594.1,481.811,0.0,54.545,-0.0,54.545,3.086,0.0,0,0.0,-0.0,0.15,222000,222000.0,-0.0,-0.0,-33393.5,-6678.7,0.0,-17833.4,-594446.5,197487.9,0.0,1,0
23.6167,887.283,594.1,487.283,0.0,54.853,-0.0,54.853,3.085,0.0,0,0.0,-0.0,0.15,222000,222000.0,-0.0,-0.0,-33772.7,-6754.5,0.0,-17822.0,-594067.3,197423.4,0.0,1,0
23.7167,892.786,594.1,492.786,0.0,55.161,-0.0,55.161,3.084,0.0,0,0.0,-0.0,0.15,222000,222000.0,-0.0,-0.0,-34153.9,-6830.8,0.0,-17810.6,-593686.1,197358.6,0.0,1,0
23.8167,898.32,594.1,498.32,0.0,55.47,-0.0,55.47,3.083,-0.0,0,0.0,-0.0,0.15,222000,222000.0,-0.0,-0.0,-34537.1,-6907.4,0.0,-17799.1,-593302.9,197293.5,-0.0,1,0
23.9167,903.885,594.1,503.885,0.0,55.778,-0.0,55.778,3.082,-0.0,0,0.0,-0.0,0.15,222000,222000.0,-0.0,-0.0,-34922.4,-6984.5,0.0,-17787.5,-592917.6,197228.0,-0.0,1,0
24.0167,909.481,594.1,509.481,0.0,56.086,-0.0,56.086,3.081,0.0,0,0.0,-0.0,0.15,222000,222000.0,-0.0,-0.0,-35309.6,-7061.9,0.0,-17775.9,-592530.4,197162.2,0.0,1,0
24.1167,915.108,594.1,515.108,0.0,56.394,-0.0,56.394,3.08,-0.0,0,0.0,-0.0,0.15,222000,222000.0,-0.0,-0.0,-35698.9,-7139.8,0.0,-17764.2,-592141.1,197096.0,-0.0,1,0
24.2167,920.765,594.1,520.765,0.0,56.702,-0.0,56.702,3.079,0.0,0,0.0,-0.0,0.15,222000,222000.0,-0.0,-0.0,-36090.2,-7218.0,0.0,-17752.5,-591749.8,197029.5,0.0,1,0
24.3167,926.453,594.1,526.453,0.0,57.01,-0.0,57.01,3.078,-0.0,0,0.0,-0.0,0.15,222000,222000.0,-0.0,-0.0,-36483.4,-7296.7,0.0,-17740.7,-591356.6,196962.6,-0.0,1,0
24.4167,932.172,594.1,532.172,0.0,57.317,-0.0,57.317,3.076,0.0,0,0.0,-0.0,0.15,222000,222000.0,-0.0,-0.0,-36878.7,-7375.7,0.0,-17728.8,-590961.3,196895.4,0.0,1,0
24.5167,937.922,594.1,537.922,0.0,57.625,-0.0,57.625,3.075,0.0,0,0.0,-0.0,0.15,222000,222000.0,-0.0,-0.0,-37275.9,-7455.2,0.0,-17716.9,-590564.1,196827.9,0.0,1,0
24.6167,943.702,594.1,543.702,0.0,57.933,-0.0,57.933,3.074,0.0,0,0.0,-0.0,0.15,222000,222000.0,-0.0,-0.0,-37675.2,-7535.0,0.0,-17704.9,-590164.8,196760.0,0.0,1,0
24.7167,949.514,594.1,549.514,0.0,58.24,-0.0,58.24,3.073,-0.0,0,0.0,-0.0,0.15,222000,222000.0,-0.0,-0.0,-38076.4,-7615.3,0.0,-17692.9,-589763.6,196691.8,-0.0,1,0
24.8167,955.355,594.1,555.355,0.0,58.547,-0.0,58.547,3.072,-0.0,0,0.0,-0.0,0.15,222000,222000.0,-0.0,-0.0,-38479.6,-7695.9,0.0,-17680.8,-589360.4,196623.3,-0.0,1,0
24.9167,961.228,594.1,561.228,0.0,58.854,-0.0,58.854,3.071,0.0,0,0.0,-0.0,0.15,222000,222000.0,-0.0,-0.0,-38884.8,-7777.0,0.0,-17668.7,-588955.2,196554.4,0.0,1,0
25.0167,967.131,594.1,567.131,0.0,59.161,-0.0,59.161,3.07,-0.0,0,0.0,-0.0,0.15,222000,222000.0,-0.0,-0.0,-39292.0,-7858.4,0.0,-17656.4,-588548.0,196485.2,-0.0,1,0
25.1167,973.066,594.1,573.066,0.0,59.468,-0.0,59.468,3.069,0.0,0,0.0,-0.0,0.15,222000,222000.0,-0.0,-0.0,-39701.1,-7940.2,0.0,-17644.2,-588138.9,196415.6,0.0,1,0
25.2167,979.03,594.1,579.03,0.0,59.775,-0.0,59.775,3.068,0.0,0,0.0,-0.0,0.15,222000,222000.0,-0.0,-0.0,-40112.3,-8022.5,0.0,-17631.8,-587727.7,196345.7,0.0,1,0
25.3167,985.026,594.1,585.026,0.0,60.082,-0.0,60.082,3.067,-0.0,0,0.0,-0.0,0.15,222000,222000.0,-0.0,-0.0,-40525.4,-8105.1,0.0,-17619.4,-587314.6,196275.5,-0.0,1,0
25.4167,991.052,594.1,591.052,0.0,60.389,-0.0,60.389,3.066,-0.0,0,0.0,-0.0,0.15,222000,222000.0,-0.0,-0.0,-40940.4,-8188.1,0.0,-17607.0,-586899.6,196204.9,-0.0,1,0
25.5167,997.108,594.1,597.108,0.0,60.695,-0.0,60.695,3.065,-0.0,0,0.0,-0.0,0.15,222000,222000.0,-0.0,-0.0,-41357.4,-8271.5,0.0,-17594.5,-586482.6,196134.0,-0.0,1,0
25.6167,1003.196,594.1,603.196,0.0,61.001,-0.0,61.001,3.063,0.0,0,0.0,-0.0,0.15,222000,222000.0,-0.0,-0.0,-41776.4,-8355.3,0.0,-17581.9,-586063.6,196062.8,0.0,1,0
25.7167,1009.314,594.1,609.314,0.0,61.308,-0.0,61.308,3.062,0.0,0,0.0,-0.0,0.15,222000,222000.0,-0.0,-0.0,-42197.4,-8439.5,0.0,-17569.3,-585642.6,195991.2,0.0,1,0
25.8167,1015.462,594.1,615.462,0.0,61.614,-0.0,61.614,3.061,-0.0,0,0.0,-0.0,0.15,222000,222000.0,-0.0,-0.0,-42620.3,-8524.1,0.0,-17556.6,-585219.7,195919.4,-0.0,1,0
25.9167,1021.642,594.1,621.642,0.0,61.92,-0.0,61.92,3.06,-0.0,0,0.0,-0.0,0.15,222000,222000.0,-0.0,-0.0,-43045.1,-8609.0,0.0,-17543.8,-584794.9,195847.1,-0.0,1,0
26.0167,1027.852,594.1,627.852,0.0,62.226,-0.0,62.226,3.059,-0.0,0,0.0,-0.0,0.15,222000,222000.0,-0.0,-0.0,-43471.9,-8694.4,0.0,-17531.0,-584368.1,195774.6,-0.0,1,0
26.1167,1034.092,594.1,634.092,0.0,62.532,-0.0,62.532,3.058,0.0,0,0.0,-0.0,0.15,222000,222000.0,-0.0,-0.0,-43900.7,-8780.1,0.0,-17518.2,-583939.3,195701.7,0.0,1,0
26.2167,1040.363,594.1,640.363,0.0,62.837,-0.0,62.837,3.057,-0.0,0,0.0,-0.0,0.15,222000,222000.0,-0.0,-0.0,-44331.4,-8866.3,0.0,-17505.3,-583508.6,195628.5,-0.0,1,0
26.3167,1046.665,594.1,646.665,0.0,63.143,-0.0,63.143,3.056,0.0,0,0.0,-0.0,0.15,222000,222000.0,-0.0,-0.0,-44764.0,-8952.8,0.0,-17492.3,-583076.0,195554.9,0.0,1,0
26.4167,1052.997,594.1,652.997,0.0,63.449,-0.0,63.449,3.054,0.0,0,0.0,-0.0,0.15,222000,222000.0,-0.0,-0.0,-45198.5,-9039.7,0.0,-17479.2,-582641.5,195481.0,0.0,1,0
26.5167,1059.359,594.1,659.359,0.0,63.754,-0.0,63.754,3.053,0.0,0,0.0,-0.0,0.15,222000,222000.0,-0.0,-0.0,-45635.0,-9127.0,0.0,-17466.1,-582205.0,195406.8,0.0,1,0
26.6167,1065.753,594.1,665.753,0.0,64.059,-0.0,64.059,3.052,-0.0,0,0.0,-0.0,0.15,222000,222000.0,-0.0,-0.0,-46073.5,-9214.7,0.0,-17453.0,-581766.5,195332.3,-0.0,1,0
26.7167,1072.176,594.1,672.176,0.0,64.364,-0.0,64.364,3.051,0.0,0,0.0,-0.0,0.15,222000,222000.0,-0.0,-0.0,-46513.8,-9302.8,0.0,-17439.8,-581326.2,195257.4,0.0,1,0
26.8167,1078.63,594.1,678.63,0.0,64.669,-0.0,64.669,3.05,0.0,0,0.0,-0.0,0.15,222000,222000.0,-0.0,-0.0,-46956.1,-9391.2,0.0,-17426.5,-580883.9,195182.3,0.0,1,0
26.9167,1085.115,594.1,685.115,0.0,64.974,-0.0,64.974,3.049,-0.0,0,0.0,-0.0,0.15,222000,222000.0,-0.0,-0.0,-47400.3,-9480.1,0.0,-17413.2,-580439.7,195106.7,-0.0,1,0
27.0167,1091.63,594.1,691.63,0.0,65.279,-0.0,65.279,3.047,0.0,0,0.0,-0.0,0.15,222000,222000.0,-0.0,-0.0,-47846.4,-9569.3,0.0,-17399.8,-579993.6,195030.9,0.0,1,0
27.1167,1098.176,594.1,698.176,0.0,65.584,-0.0,65.584,3.046,0.0,0,0.0,-0.0,0.15,222000,222000.0,-0.0,-0.0,-48294.5,-9658.9,0.0,-17386.4,-579545.5,194954.7,0.0,1,0
27.2167,1104.752,594.1,704.752,0.0,65.888,-0.0,65.888,3.045,0.0,0,0.0,-0.0,0.15,222000,222000.0,-0.0,-0.0,-48744.4,-9748.9,0.0,-17372.9,-579095.6,194878.3,0.0,1,0
27.3167,1111.359,594.1,711.359,0.0,66.193,-0.0,66.193,3.044,0.0,0,0.0,-0.0,0.15,222000,222000.0,-0.0,-0.0,-49196.3,-9839.3,0.0,-17359.3,-578643.7,194801.4,0.0,1,0
27.4167,1117.996,594.1,717.996,0.0,66.497,-0.0,66.497,3.043,-0.0,0,0.0,-0.0,0.15,222000,222000.0,-0.0,-0.0,-49650.0,-9930.0,0.0,-17345.7,-578190.0,194724.3,-0.0,1,0
27.5167,1124.663,594.1,724.663,0.0,66.801,-0.0,66.801,3.041,0.0,0,0.0,-0.0,0.15,222000,222000.0,-0.0,-0.0,-50105.7,-10021.1,0.0,-17332.0,-577734.3,194646.8,0.0,1,0
27.6167,1131.361,594.1,731.361,0.0,67.105,-0.0,67.105,3.04,-0.0,0,0.0,-0.0,0.15,222000,222000.0,-0.0,-0.0,-50563.2,-10112.6,0.0,-17318.3,-577276.8,194569.1,-0.0,1,0
27.7167,1138.089,594.1,738.089,0.0,67.409,-0.0,67.409,3.039,0.0,0,0.0,-0.0,0.15,222000,222000.0,-0.0,-0.0,-51022.7,-10204.5,0.0,-17304.5,-576817.3,194490.9,0.0,1,0
27.8167,1144.848,594.1,744.848,0.0,67.713,-0.0,67.713,3.038,0.0,0,0.0,-0.0,0.15,222000,222000.0,-0.0,-0.0,-51484.0,-10296.8,0.0,-17290.7,-576356.0,194412.5,0.0,1,0
27.9167,1151.637,594.1,751.637,0.0,68.017,-0.0,68.017,3.036,-0.0,0,0.0,-0.0,0.15,222000,222000.0,-0.0,-0.0,-51947.3,-10389.5,0.0,-17276.8,-575892.7,194333.8,-0.0,1,0
28.0167,1158.456,594.1,758.456,0.0,68.32,-0.0,68.32,3.035,-0.0,0,0.0,-0.0,0.15,222000,222000.0,-0.0,-0.0,-52412.4,-10482.5,0.0,-17262.8,-575427.6,194254.7,-0.0,1,0
28.1167,1165.306,594.1,765.306,0.0,68.624,-0.0,68.624,3.034,0.0,0,0.0,-0.0,0.15,222000,222000.0,-0.0,-0.0,-52879.4,-10575.9,0.0,-17248.8,-574960.6,194175.3,0.0,1,0
28.2167,1172.186,594.1,772.186,0.0,68.927,-0.0,68.927,3.033,-0.0,0,0.0,-0.0,0.15,222000,222000.0,-0.0,-0.0,-53348.3,-10669.7,0.0,-17234.8,-574491.7,194095.6,-0.0,1,0
28.3167,1179.097,594.1,779.097,0.0,69.23,-0.0,69.23,3.031,-0.0,0,0.0,-0.0,0.15,222000,222000.0,-0.0,-0.0,-53819.0,-10763.8,0.0,-17220.6,-574021.0,194015.6,-0.0,1,0
28.4167,1186.037,594.1,786.037,0.0,69.533,-0.0,69.533,3.03,-0.0,0,0.0,-0.0,0.15,222000,222000.0,-0.0,-0.0,-54291.6,-10858.3,0.0,-17206.5,-573548.4,193935.2,-0.0,1,0
28.5167,1193.008,594.1,793.008,0.0,69.836,-0.0,69.836,3.029,0.0,0,0.0,-0.0,0.15,222000,222000.0,-0.0,-0.0,-54766.1,-10953.2,0.0,-17192.2,-573073.9,193854.6,0.0,1,0
28.6167,1200.01,594.1,800.01,0.0,70.139,-0.0,70.139,3.028,0.0,0,0.0,-0.0,0.15,222000,222000.0,-0.0,-0.0,-55242.5,-11048.5,0.0,-17177.9,-572597.5,193773.6,0.0,1,0
28.7167,1207.041,594.1,807.041,0.0,70.442,-0.0,70.442,3.026,0.0,0,0.0,-0.0,0.15,222000,222000.0,-0.0,-0.0,-55720.7,-11144.1,0.0,-17163.6,-572119.3,193692.3,0.0,1,0
28.8167,1214.103,594.1,814.103,0.0,70.744,-0.0,70.744,3.025,0.0,0,0.0,-0.0,0.15,222000,222000.0,-0.0,-0.0,-56200.8,-11240.2,0.0,-17149.2,-571639.2,193610.7,0.0,1,0
28.9167,1221.195,594.1,821.195,0.0,71.047,-0.0,71.047,3.024,0.0,0,0.0,-0.0,0.15,222000,222000.0,-0.0,-0.0,-56682.8,-11336.6,0.0,-17134.7,-571157.2,193528.7,0.0,1,0
29.0167,1228.317,594.1,828.317,0.0,71.349,-0.0,71.349,3.023,0.0,0,0.0,-0.0,0.15,222000,222000.0,-0.0,-0.0,-57166.5,-11433.3,0.0,-17120.2,-570673.5,193446.5,0.0,1,0
29.1167,1235.47,594.1,835.47,0.0,71.651,-0.0,71.651,3.021,-0.0,0,0.0,-0.0,0.15,222000,222000.0,-0.0,-0.0,-57652.2,-11530.4,0.0,-17105.6,-570187.8,193363.9,-0.0,1,0
29.2167,1242.653,594.1,842.653,0.0,71.953,-0.0,71.953,3.02,0.0,0,0.0,-0.0,0.15,222000,222000.0,-0.0,-0.0,-58139.7,-11627.9,0.0,-17091.0,-569700.3,193281.1,0.0,1,0
29.3167,1249.866,594.1,849.866,0.0,72.255,-0.0,72.255,3.019,0.0,0,0.0,-0.0,0.15,222000,222000.0,-0.0,-0.0,-58629.0,-11725.8,0.0,-17076.3,-569211.0,193197.9,0.0,1,0
29.4167,1257.109,594.1,857.109,0.0,72.557,-0.0,72.557,3.017,-0.0,0,0.0,-0.0,0.15,222000,222000.0,-0.0,-0.0,-59120.2,-11824.0,0.0,-17061.6,-568719.8,193114.4,-0.0,1,0
29.5167,1264.382,594.1,864.382,0.0,72.859,-0.0,72.859,3.016,-0.0,0,0.0,-0.0,0.15,222000,222000.0,-0.0,-0.0,-59613.2,-11922.6,0.0,-17046.8,-568226.8,193030.6,-0.0,1,0
29.6167,1271.685,594.1,871.685,0.0,73.16,-0.0,73.16,3.015,-0.0,0,0.0,-0.0,0.15,222000,222000.0,-0.0,-0.0,-60108.0,-12021.6,0.0,-17032.0,-567732.0,192946.4,-0.0,1,0
29.7167,1279.019,594.1,879.019,0.0,73.462,-0.0,73.462,3.013,0.0,0,0.0,-0.0,0.15,222000,222000.0,-0.0,-0.0,-60604.6,-12120.9,0.0,-17017.1,-567235.4,192862.0,0.0,1,0
29.8167,1286.383,594.1,886.383,0.0,73.763,-0.0,73.763,3.012,-0.0,0,0.0,-0.0,0.15,222000,222000.0,-0.0,-0.0,-61103.1,-12220.6,0.0,-17002.1,-566736.9,192777.3,-0.0,1,0
29.9167,1293.777,594.1,893.777,0.0,74.064,-0.0,74.064,3.011,0.0,0,0.0,-0.0,0.15,222000,222000.0,-0.0,-0.0,-61603.4,-12320.7,0.0,-16987.1,-566236.6,192692.2,0.0,1,0
30.0167,1301.201,594.1,901.201,0.0,74.365,-0.0,74.365,3.009,-0.0,0,0.0,-0.0,0.15,222000,222000.0,-0.0,-0.0,-62105.5,-12421.1,0.0,-16972.0,-565734.5,192606.9,-0.0,1,0
30.1167,1308.655,594.1,908.655,0.0,74.666,-0.0,74.666,3.008,0.0,0,0.0,-0.0,0.15,222000,222000.0,-0.0,-0.0,-62609.5,-12521.9,0.0,-16956.9,-565230.5,192521.2,0.0,1,0
30.2167,1316.139,594.1,916.139,0.0,74.967,-0.0,74.967,3.007,0.0,0,0.0,-0.0,0.15,222000,222000.0,-0.0,-0.0,-63115.2,-12623.0,0.0,-16941.7,-564724.8,192435.2,0.0,1,0
30.3167,1323.653,594.1,923.653,0.0,75.267,-0.0,75.267,3.005,-0.0,0,0.0,-0.0,0.15,222000,222000.0,-0.0,-0.0,-63622.8,-12724.6,0.0,-16926.5,-564217.2,192348.9,-0.0,1,0
30.4167,1331.197,594.1,931.197,0.0,75.568,-0.0,75.568,3.004,0.0,0,0.0,-0.0,0.15,222000,222000.0,-0.0,-0.0,-64132.1,-12826.4,0.0,-16911.2,-563707.9,192262.3,0.0,1,0
30.5167,1338.772,594.1,938.772,0.0,75.868,-0.0,75.868,3.003,0.0,0,0.0,-0.0,0.15,222000,222000.0,-0.0,-0.0,-64643.3,-12928.7,0.0,-16895.9,-563196.7,192175.4,0.0,1,0
30.6167,1346.376,594.1,946.376,0.0,76.168,-0.0,76.168,3.001,0.0,0,0.0,-0.0,0.15,222000,222000.0,-0.0,-0.0,-65156.2,-13031.2,0.0,-16880.5,-562683.8,192088.2,0.0,1,0
30.7167,1354.01,594.1,954.01,0.0,76.468,-0.0,76.468,3.0,0.0,0,0.0,-0.0,0.15,222000,222000.0,-0.0,-0.0,-65671.0,-13134.2,0.0,-16865.1,-562169.0,192000.7,0.0,1,0
30.8167,1361.674,594.1,961.674,0.0,76.768,-0.0,76.768,2.999,0.0,0,0.0,-0.0,0.15,222000,222000.0,-0.0,-0.0,-66187.5,-13237.5,0.0,-16849.6,-561652.5,191912.9,0.0,1,0
30.9167,1369.369,594.1,969.369,0.0,77.068,-0.0,77.068,2.997,0.0,0,0.0,-0.0,0.15,222000,222000.0,-0.0,-0.0,-66705.8,-13341.2,0.0,-16834.0,-561134.2,191824.8,0.0,1,0
31.0167,1377.093,594.1,977.093,0.0,77.368,-0.0,77.368,2.996,-0.0,0,0.0,-0.0,0.15,222000,222000.0,-0.0,-0.0,-67225.9,-13445.2,0.0,-16818.4,-560614.1,191736.4,-0.0,1,0
31.1167,1384.847,594.1,984.847,0.0,77.667,-0.0,77.667,2.994,0.0,0,0.0,-0.0,0.15,222000,222000.0,-0.0,-0.0,-67747.8,-13549.6,0.0,-16802.8,-560092.2,191647.7,0.0,1,0
31.2167,1392.631,594.1,992.631,0.0,77.967,-0.0,77.967,2.993,0.0,0,0.0,-0.0,0.15,222000,222000.0,-0.0,-0.0,-68271.5,-13654.3,0.0,-16787.1,-559568.5,191558.7,0.0,1,0
31.3167,1400.446,594.1,1000.446,0.0,78.266,-0.0,78.266,2.992,0.0,0,0.0,-0.0,0.15,222000,222000.0,-0.0,-0.0,-68796.9,-13759.4,0.0,-16771.3,-559043.1,191469.3,0.0,1,0
31.4167,1408.29,594.1,1008.29,0.0,78.565,-0.0,78.565,2.99,-0.0,0,0.0,-0.0,0.15,222000,222000.0,-0.0,-0.0,-69324.1,-13864.8,0.0,-16755.5,-558515.9,191379.7,-0.0,1,0
31.5167,1416.164,594.1,1016.164,0.0,78.864,-0.0,78.864,2.989,0.0,0,0.0,-0.0,0.15,222000,222000.0,-0.0,-0.0,-69853.0,-13970.6,0.0,-16739.6,-557987.0,191289.8,0.0,1,0
31.6167,1424.067,594.1,1024.067,0.0,79.163,-0.0,79.163,2.987,0.0,0,0.0,-0.0,0.15,222000,222000.0,-0.0,-0.0,-70383.8,-14076.8,0.0,-16723.7,-557456.2,191199.6,0.0,1,0
31.7167,1432.001,594.1,1032.001,0.0,79.461,-0.0,79.461,2.986,0.0,0,0.0,-0.0,0.15,222000,222000.0,-0.0,-0.0,-70916.2,-14183.2,0.0,-16707.7,-556923.8,191109.0,0.0,1,0
31.8167,1439.965,594.1,1039.965,0.0,79.76,-0.0,79.76,2.985,-0.0,0,0.0,-0.0,0.15,222000,222000.0,-0.0,-0.0,-71450.4,-14290.1,0.0,-16691.7,-556389.6,191018.2,-0.0,1,0
31.9167,1447.958,594.1,1047.958,0.0,80.058,-0.0,80.058,2.983,0.0,0,0.0,-0.0,0.15,222000,222000.0,-0.0,-0.0,-71986.4,-14397.3,0.0,-16675.6,-555853.6,190927.1,0.0,1,0
32.0167,1455.981,594.1,1055.981,0.0,80.356,-0.0,80.356,2.982,0.0,0,0.0,-0.0,0.15,222000,222000.0,-0.0,-0.0,-72524.1,-14504.8,0.0,-16659.5,-555315.9,190835.7,0.0,1,0
32.1167,1464.034,594.1,1064.034,0.0,80.655,-0.0,80.655,2.98,0.0,0,0.0,-0.0,0.15,222000,222000.0,-0.0,-0.0,-73063.6,-14612.7,0.0,-16643.3,-554776.4,190744.0,0.0,1,0
32.2167,1472.117,594.1,1072.117,0.0,80.952,-0.0,80.952,2.979,0.0,0,0.0,-0.0,0.15,222000,222000.0,-0.0,-0.0,-73604.8,-14721.0,0.0,-16627.1,-554235.2,190652.0,0.0,1,0
32.3167,1480.23,594.1,1080.23,0.0,81.25,-0.0,81.25,2.977,0.0,0,0.0,-0.0,0.15,222000,222000.0,-0.0,-0.0,-74147.7,-14829.5,0.0,-16610.8,-553692.3,190559.7,0.0,1,0
32.4167,1488.372,594.1,1088.372,0.0,81.548,-0.0,81.548,2.976,-0.0,0,0.0,-0.0,0.15,222000,222000.0,-0.0,-0.0,-74692.4,-14938.5,0.0,-16594.4,-553147.6,190467.1,-0.0,1,0
32.5167,1496.544,594.1,1096.544,0.0,81.845,-0.0,81.845,2.975,-0.0,0,0.0,-0.0,0.15,222000,222000.0,-0.0,-0.0,-75238.8,-15047.8,0.0,-16578.0,-552601.2,190374.2,-0.0,1,0
32.6167,1504.746,594.1,1104.746,0.0,82.143,-0.0,82.143,2.973,0.0,0,0.0,-0.0,0.15,222000,222000.0,-0.0,-0.0,-75786.9,-15157.4,0.0,-16561.6,-552053.1,190281.0,0.0,1,0
32.7167,1512.978,594.1,1112.978,0.0,82.44,-0.0,82.44,2.972,0.0,0,0.0,-0.0,0.15,222000,222000.0,-0.0,-0.0,-76336.7,-15267.3,0.0,-16545.1,-551503.3,190187.6,0.0,1,0
32.8167,1521.239,594.1,1121.239,0.0,82.737,-0.0,82.737,2.97,0.0,0,0.0,-0.0,0.15,222000,222000.0,-0.0,-0.0,-76888.3,-15377.7,0.0,-16528.6,-550951.7,190093.8,0.0,1,0
32.9167,1529.53,594.1,1129.53,0.0,83.034,-0.0,83.034,2.969,-0.0,0,0.0,-0.0,0.15,222000,222000.0,-0.0,-0.0,-77441.5,-15488.3,0.0,-16512.0,-550398.5,189999.7,-0.0,1,0
33.0167,1537.851,594.1,1137.851,0.0,83.331,-0.0,83.331,2.967,0.0,0,0.0,-0.0,0.15,222000,222000.0,-0.0,-0.0,-77996.5,-15599.3,0.0,-16495.3,-549843.5,189905.4,0.0,1,0
33.1167,1546.201,594.1,1146.201,0.0,83.628,-0.0,83.628,2.966,0.0,0,0.0,-0.0,0.15,222000,222000.0,-0.0,-0.0,-78553.2,-15710.6,0.0,-16478.6,-549286.8,189810.8,0.0,1,0
33.2167,1554.581,594.1,1154.581,0.0,83.924,-0.0,83.924,2.964,0.0,0,0.0,-0.0,0.15,222000,222000.0,-0.0,-0.0,-79111.5,-15822.3,0.0,-16461.9,-548728.5,189715.8,0.0,1,0
33.3167,1562.991,594.1,1162.991,0.0,84.22,-0.0,84.22,2.963,-0.0,0,0.0,-0.0,0.15,222000,222000.0,-0.0,-0.0,-79671.6,-15934.3,0.0,-16445.1,-548168.4,189620.6,-0.0,1,0
33.4167,1571.43,594.1,1171.43,0.0,84.517,-0.0,84.517,2.961,-0.0,0,0.0,-0.0,0.15,222000,222000.0,-0.0,-0.0,-80233.3,-16046.7,0.0,-16428.2,-547606.7,189525.1,-0.0,1,0
33.5167,1579.899,594.1,1179.899,0.0,84.813,-0.0,84.813,2.96,-0.0,0,0.0,-0.0,0.15,222000,222000.0,-0.0,-0.0,-80796.8,-16159.4,0.0,-16411.3,-547043.2,189429.3,-0.0,1,0
33.6167,1588.398,594.1,1188.398,0.0,85.108,-0.0,85.108,2.958,0.0,0,0.0,-0.0,0.15,222000,222000.0,-0.0,-0.0,-81361.9,-16272.4,0.0,-16394.3,-546478.1,189333.3,0.0,1,0
33.7167,1596.926,594.1,1196.926,0.0,85.404,-0.0,85.404,2.957,0.0,0,0.0,-0.0,0.15,222000,222000.0,-0.0,-0.0,-81928.7,-16385.7,0.0,-16377.3,-545911.3,189236.9,0.0,1,0
33.8167,1605.483,594.1,1205.483,0.0,85.7,-0.0,85.7,2.955,0.0,0,0.0,-0.0,0.15,222000,222000.0,-0.0,-0.0,-82497.2,-16499.4,0.0,-16360.3,-545342.8,189140.3,0.0,1,0
33.9167,1614.071,594.1,1214.071,0.0,85.995,-0.0,85.995,2.954,-0.0,0,0.0,-0.0,0.15,222000,222000.0,-0.0,-0.0,-83067.4,-16613.5,0.0,-16343.2,-544772.6,189043.3,-0.0,1,0
34.0167,1622.687,594.1,1222.687,0.0,86.291,-0.0,86.291,2.952,0.0,0,0.0,-0.0,0.15,222000,222000.0,-0.0,-0.0,-83639.2,-16727.8,0.0,-16326.0,-544200.8,188946.1,0.0,1,0
34.1167,1631.334,594.1,1231.334,0.0,86.586,-0.0,86.586,2.951,0.0,0,0.0,-0.0,0.15,222000,222000.0,-0.0,-0.0,-84212.7,-16842.5,0.0,-16308.8,-543627.3,188848.6,0.0,1,0
34.2167,1640.01,594.1,1240.01,0.0,86.881,-0.0,86.881,2.949,0.0,0,0.0,-0.0,0.15,222000,222000.0,-0.0,-0.0,-84787.9,-16957.6,0.0,-16291.6,-543052.1,188750.9,0.0,1,0
34.3167,1648.715,594.1,1248.715,0.0,87.176,-0.0,87.176,2.948,0.0,0,0.0,-0.0,0.15,222000,222000.0,-0.0,-0.0,-85364.7,-17072.9,0.0,-16274.3,-542475.3,188652.8,0.0,1,0
34.4167,1657.45,594.1,1257.45,0.0,87.47,-0.0,87.47,2.946,0.0,0,0.0,-0.0,0.15,222000,222000.0,-0.0,-0.0,-85943.2,-17188.6,0.0,-16256.9,-541896.8,188554.5,0.0,1,0
34.5167,1666.214,594.1,1266.214,0.0,87.765,-0.0,87.765,2.945,0.0,0,0.0,-0.0,0.15,222000,222000.0,-0.0,-0.0,-86523.3,-17304.7,0.0,-16239.5,-541316.7,188455.8,0.0,1,0
34.6167,1675.007,594.1,1275.007,0.0,88.059,-0.0,88.059,2.943,0.0,0,0.0,-0.0,0.15,222000,222000.0,-0.0,-0.0,-87105.0,-17421.0,0.0,-16222.0,-540735.0,188356.9,0.0,1,0
34.7167,1683.83,594.1,1283.83,0.0,88.353,-0.0,88.353,2.942,0.0,0,0.0,-0.0,0.15,222000,222000.0,-0.0,-0.0,-87688.5,-17537.7,0.0,-16204.5,-540151.5,188257.8,0.0,1,0
34.8167,1692.683,594.1,1292.683,0.0,88.647,-0.0,88.647,2.94,-0.0,0,0.0,-0.0,0.15,222000,222000.0,-0.0,-0.0,-88273.5,-17654.7,0.0,-16187.0,-539566.5,188158.3,-0.0,1,0
34.9167,1701.565,594.1,1301.565,0.0,88.941,-0.0,88.941,2.938,0.0,0,0.0,-0.0,0.15,222000,222000.0,-0.0,-0.0,-88860.2,-17772.0,0.0,-16169.4,-538979.8,188058.6,0.0,1,0
35.0167,1710.476,594.1,1310.476,0.0,89.235,-0.0,89.235,2.937,0.0,0,0.0,-0.0,0.15,222000,222000.0,-0.0,-0.0,-89448.5,-17889.7,0.0,-16151.7,-538391.5,187958.6,0.0,1,0
35.1167,1719.417,594.1,1319.417,0.0,89.529,-0.0,89.529,2.935,0.0,0,0.0,-0.0,0.15,222000,222000.0,-0.0,-0.0,-90038.4,-18007.7,0.0,-16134.0,-537801.6,187858.3,0.0,1,0
35.2167,1728.387,594.1,1328.387,0.0,89.822,-0.0,89.822,2.934,0.0,0,0.0,-0.0,0.15,222000,222000.0,-0.0,-0.0,-90630.0,-18126.0,0.0,-16116.3,-537210.0,187757.7,0.0,1,0
35.3167,1737.386,594.1,1337.386,0.0,90.115,-0.0,90.115,2.932,0.0,0,0.0,-0.0,0.15,222000,222000.0,-0.0,-0.0,-91223.2,-18244.6,0.0,-16098.5,-536616.8,187656.9,0.0,1,0
35.4167,1746.415,594.1,1346.415,0.0,90.408,0.0,90.408,2.931,0.0,0,-0.0,0.0,0.15,222000,222000.0,-0.0,0.0,-91818.0,-18363.6,-0.0,-16080.7,-536022.0,187555.7,0.0,1,0
35.5167,1755.473,594.1,1355.473,0.0,90.701,-0.0,90.701,2.929,-0.0,0,0.0,-0.0,0.15,222000,222000.0,-0.0,-0.0,-92414.4,-18482.9,0.0,-16062.8,-535425.6,187454.4,-0.0,1,0
35.6167,1764.56,594.1,1364.56,0.0,90.994,-0.0,90.994,2.927,0.0,0,0.0,-0.0,0.15,222000,222000.0,-0.0,-0.0,-93012.4,-18602.5,0.0,-16044.8,-534827.6,187352.7,0.0,1,0
35.7167,1773.676,594.1,1373.676,0.0,91.287,-0.0,91.287,2.926,-0.0,0,0.0,-0.0,0.15,222000,222000.0,-0.0,-0.0,-93612.0,-18722.4,0.0,-16026.8,-534228.0,187250.8,-0.0,1,0
35.8167,1782.822,594.1,1382.822,0.0,91.579,-0.0,91.579,2.924,0.0,0,0.0,-0.0,0.15,222000,222000.0,-0.0,-0.0,-94213.2,-18842.6,0.0,-16008.8,-533626.8,187148.6,0.0,1,0
35.9167,1791.997,594.1,1391.997,0.0,91.872,0.0,91.872,2.923,0.0,0,-0.0,0.0,0.15,222000,222000.0,-0.0,0.0,-94816.0,-18963.2,-0.0,-15990.7,-533024.0,187046.1,0.0,1,0
36.0167,1801.201,594.1,1401.201,0.0,92.164,0.0,92.164,2.921,0.0,0,-0.0,0.0,0.15,222000,222000.0,-0.0,0.0,-95420.4,-19084.1,-0.0,-15972.6,-532419.6,186943.3,0.0,1,0
36.1167,1810.435,594.1,1410.435,0.0,92.456,0.0,92.456,2.919,0.0,0,-0.0,0.0,0.15,222000,222000.0,-0.0,0.0,-96026.4,-19205.3,-0.0,-15954.4,-531813.6,186840.3,0.0,1,0
36.2167,1819.697,594.1,1419.697,0.0,92.748,-0.0,92.748,2.918,-0.0,0,0.0,-0.0,0.15,222000,222000.0,-0.0,-0.0,-96633.9,-19326.8,0.0,-15936.2,-531206.1,186737.0,-0.0,1,0
36.3167,1828.989,594.1,1428.989,0.0,93.039,0.0,93.039,2.916,0.0,0,-0.0,0.0,0.15,222000,222000.0,-0.0,0.0,-97243.1,-19448.6,-0.0,-15917.9,-530596.9,186633.5,0.0,1,0
36.4167,1838.31,594.1,1438.31,0.0,93.331,-0.0,93.331,2.915,-0.0,0,-0.0,0.0,0.15,222000,222000.0,-0.0,0.0,-97853.8,-19570.8,-0.0,-15899.6,-529986.2,186529.7,-0.0,1,0
36.5167,1847.66,594.1,1447.66,0.0,93.622,-0.0,93.622,2.913,0.0,0,0.0,-0.0,0.15,222000,222000.0,-0.0,-0.0,-98466.1,-19693.2,0.0,-15881.2,-529373.9,186425.6,0.0,1,0
36.6167,1857.039,594.1,1457.039,0.0,93.913,-0.0,93.913,2.911,0.0,0,0.0,-0.0,0.15,222000,222000.0,-0.0,-0.0,-99079.9,-19816.0,0.0,-15862.8,-528760.1,186321.2,0.0,1,0
36.7167,1866.448,594.1,1466.448,0.0,94.205,-0.0,94.205,2.91,-0.0,0,0.0,-0.0,0.15,222000,222000.0,-0.0,-0.0,-99695.3,-19939.1,0.0,-15844.3,-528144.7,186216.6,-0.0,1,0
36.8167,1875.885,594.1,1475.885,0.0,94.495,-0.0,94.495,2.908,-0.0,0,0.0,-0.0,0.15,222000,222000.0,-0.0,-0.0,-100312.3,-20062.5,0.0,-15825.8,-527527.7,186111.7,-0.0,1,0
36.9167,1885.352,594.1,1485.352,0.0,94.786,-0.0,94.786,2.906,0.0,0,0.0,-0.0,0.15,222000,222000.0,-0.0,-0.0,-100930.8,-20186.2,0.0,-15807.3,-526909.2,186006.6,0.0,1,0
37.0167,1894.847,594.1,1494.847,0.0,95.077,-0.0,95.077,2.905,0.0,0,0.0,-0.0,0.15,222000,222000.0,-0.0,-0.0,-101550.9,-20310.2,0.0,-15788.7,-526289.1,185901.1,0.0,1,0
37.1167,1904.372,594.1,1504.372,0.0,95.367,-0.0,95.367,2.903,-0.0,0,0.0,-0.0,0.15,222000,222000.0,-0.0,-0.0,-102172.5,-20434.5,0.0,-15770.0,-525667.5,185795.5,-0.0,1,0
37.2167,1913.925,594.1,1513.925,0.0,95.657,-0.0,95.657,2.901,0.0,0,0.0,-0.0,0.15,222000,222000.0,-0.0,-0.0,-102795.7,-20559.1,0.0,-15751.3,-525044.3,185689.5,0.0,1,0
37.3167,1923.508,594.1,1523.508,0.0,95.954,-0.0,95.954,3.041,0.0,5,0.0,5.0,0.6,222000,221155.2,-19348.6,-0.0,-413723.6,-20686.2,0.0,-5843.0,-194767.9,194626.0,0.0,1,0
37.4167,1933.122,594.1,1533.122,0.0,96.263,-0.0,96.263,3.09,0.0,7,0.0,7.0,0.78,222000,220345.2,-27055.0,-0.0,-541298.3,-20819.2,0.0,-1784.6,-59486.7,197741.5,0.0,1,0
37.5167,1942.766,594.1,1542.766,0.0,96.572,-0.0,96.572,3.089,0.0,7,0.0,7.0,0.78,222000,220345.2,-27055.0,-0.0,-544780.3,-20953.1,0.0,-1680.1,-56004.7,197712.0,0.0,1,0
37.6167,1952.441,594.1,1552.441,0.0,96.881,-0.0,96.881,3.089,0.0,7,0.0,7.0,0.78,222000,220345.2,-27055.0,-0.0,-548272.9,-21087.4,0.0,-1575.4,-52512.1,197682.5,0.0,1,0
37.7167,1962.147,594.1,1562.147,0.0,97.19,-0.0,97.19,3.088,0.0,7,0.0,7.0,0.78,222000,220345.2,-27055.0,-0.0,-551776.2,-21222.2,0.0,-1470.3,-49008.8,197652.8,0.0,1,0
37.8167,1971.884,594.1,1571.884,0.0,97.499,-0.0,97.499,3.088,0.0,7,0.0,7.0,0.78,222000,220345.2,-27055.0,-0.0,-555290.0,-21357.3,0.0,-1364.8,-45495.0,197623.1,0.0,1,0
37.9167,1981.652,594.1,1581.652,0.0,97.807,-0.0,97.807,3.087,0.0,7,0.0,7.0,0.78,222000,220345.2,-27055.0,-0.0,-558814.6,-21492.9,0.0,-1259.1,-41970.4,197593.3,0.0,1,0
38.0167,1991.451,594.1,1591.451,0.0,98.116,-0.0,98.116,3.087,0.0,7,0.0,7.0,0.78,222000,220345.2,-27055.0,-0.0,-562349.7,-21628.8,0.0,-1153.1,-38435.3,197563.4,0.0,1,0
38.1167,2001.281,594.1,1601.281,0.0,98.425,-0.0,98.425,3.086,0.0,7,0.0,7.0,0.78,222000,220345.2,-27055.0,-0.0,-565895.4,-21765.2,0.0,-1046.7,-34889.6,197533.3,0.0,1,0
38.2167,2011.141,594.1,1611.141,0.0,98.733,-0.0,98.733,3.086,0.0,7,0.0,7.0,0.78,222000,220345.2,-27055.0,-0.0,-569451.8,-21902.0,0.0,-940.0,-31333.3,197503.3,0.0,1,0
38.3167,2021.032,594.1,1621.032,0.0,99.042,-0.0,99.042,3.086,0.0,7,0.0,7.0,0.78,222000,220345.2,-27055.0,-0.0,-573018.7,-22039.2,0.0,-833.0,-27766.3,197473.1,0.0,1,0
38.4167,2030.955,594.1,1630.955,0.0,99.35,-0.0,99.35,3.085,0.0,7,0.0,7.0,0.78,222000,220345.2,-27055.0,-0.0,-576596.2,-22176.8,0.0,-725.7,-24188.8,197442.8,0.0,1,0
38.5167,2040.908,594.1,1640.908,0.0,99.659,-0.0,99.659,3.085,0.0,7,0.0,7.0,0.78,222000,220345.2,-27055.0,-0.0,-580184.3,-22314.8,0.0,-618.0,-20600.7,197412.4,0.0,1,0
38.6167,2050.891,594.1,1650.891,0.0,99.967,-0.0,99.967,3.084,0.0,7,0.0,7.0,0.78,222000,220345.2,-27055.0,-0.0,-583783.0,-22453.2,0.0,-510.1,-17002.0,197382.0,0.0,1,0
38.7167,2060.906,594.1,1660.906,0.0,100.276,-0.0,100.276,3.084,0.0,7,0.0,7.0,0.78,222000,220345.2,-27055.0,-0.0,-587392.2,-22592.0,0.0,-401.8,-13392.8,197351.5,0.0,1,0
38.8167,2070.952,594.1,1670.952,0.0,100.584,-0.0,100.584,3.083,0.0,7,0.0,7.0,0.78,222000,220345.2,-27055.0,-0.0,-591012.0,-22731.2,0.0,-293.2,-9773.0,197320.8,0.0,1,0
38.9167,2081.028,594.1,1681.028,0.0,100.892,-0.0,100.892,3.083,0.0,7,0.0,7.0,0.78,222000,220345.2,-27055.0,-0.0,-594642.4,-22870.9,0.0,-184.3,-6142.6,197290.1,0.0,1,0
39.0167,2091.135,594.1,1691.135,0.0,101.201,-0.0,101.201,3.082,0.0,7,0.0,7.0,0.78,222000,220345.2,-27055.0,-0.0,-598283.3,-23010.9,0.0,-75.1,-2501.7,197259.3,0.0,1,0
39.1167,2101.273,594.1,1701.273,0.0,101.509,-0.0,101.509,3.081,-0.018,7,0.0,7.0,0.78,222000,220345.2,-27055.0,-0.8,-601929.2,-23151.3,0.0,0.0,0.0,197193.1,-1144.1,0,0
39.2167,2111.442,594.1,1711.442,0.0,101.817,-0.005,101.817,3.079,-0.073,7,0.0,7.0,0.7798,222000,220345.2,-27055.0,-25.2,-605428.5,-23292.1,1.0,0.0,0.0,197027.9,-4642.5,0,0
39.3167,2121.642,594.099,1721.642,0.001,102.124,-0.016,102.124,3.075,-0.124,7,0.01,6.99,0.7793,222000,220345.2,-27055.0,-81.4,-608724.2,-23433.2,3.1,0.0,0.0,196830.6,-7936.1,0,0
39.4167,2131.872,594.096,1731.872,0.004,102.432,-0.031,102.432,3.072,-0.172,7,0.02,6.98,0.7786,222000,220345.2,-27055.0,-167.9,-611826.3,-23574.6,6.5,0.0,0.0,196602.8,-11034.8,0,0
39.5167,2142.133,594.092,1742.133,0.008,102.739,-0.051,102.739,3.068,-0.218,7,0.03,6.97,0.7776,222000,220345.2,-27055.0,-282.9,-614744.1,-23716.2,10.9,0.0,0.0,196346.2,-13948.2,0,0
39.6167,2152.425,594.085,1752.425,0.015,103.045,-0.075,103.045,3.063,-0.261,7,0.04,6.96,0.7765,222000,220345.2,-27055.0,-424.8,-617486.8,-23858.0,16.4,0.0,0.0,196062.4,-16685.3,0,0
39.7167,2162.747,594.076,1762.747,0.024,103.351,-0.104,103.351,3.059,-0.301,7,0.05,6.95,0.7751,222000,220345.2,-27055.0,-592.0,-620062.9,-24000.1,22.9,0.0,0.0,195753.2,-19255.0,0,0
39.8167,2173.1,594.064,1773.1,0.036,103.657,-0.136,103.657,3.053,-0.339,7,0.07,6.93,0.7735,222000,220345.2,-27055.0,-782.8,-622480.9,-24142.3,30.4,0.0,0.0,195420.1,-21665.6,0,0
39.9167,2183.484,594.048,1783.484,0.052,103.962,-0.172,103.962,3.048,-0.374,7,0.09,6.91,0.7718,222000,220345.2,-27055.0,-995.9,-624748.7,-24284.7,38.7,0.0,0.0,195064.7,-23925.0,0,0
40.0167,2193.898,594.028,1793.898,0.072,104.266,-0.271,104.266,3.018,-2.804,9,0.12,8.88,0.9489,222000,219266.8,-34728.5,-1664.3,-772626.9,-24427.2,52.6,0.0,0.0,193175.3,-179462.7,0,0
40.1167,2204.342,593.966,1804.342,0.134,104.558,-0.941,104.563,2.848,-8.563,14,0.44,13.56,1.3706,222000,215405.7,-53706.7,-8573.8,-1122372.5,-24566.6,187.7,0.0,0.0,182265.3,-548051.5,0,0
40.2167,2214.814,593.823,1814.814,0.277,104.835,-1.772,104.85,2.713,-8.127,14,0.89,13.11,1.3295,222000,215405.7,-53706.7,-17092.7,-1094619.0,-24700.2,385.7,0.0,0.0,173612.7,-520100.0,0,0
40.3167,2225.313,593.6,1825.313,0.5,105.099,-2.56,105.13,2.591,-7.711,14,1.33,12.67,1.2907,222000,215405.7,-53706.7,-24723.7,-1068223.3,-24829.5,574.7,0.0,0.0,165852.5,-493515.2,0,0
40.4167,2235.837,593.3,1835.837,0.8,105.352,-3.308,105.404,2.483,-7.316,14,1.73,12.27,1.254,222000,215405.7,-53706.7,-31558.5,-1043139.2,-24954.6,755.0,0.0,0.0,158892.5,-468250.9,0,0
40.5167,2246.387,592.927,1846.387,1.173,105.594,-4.018,105.671,2.385,-6.942,14,2.12,11.88,1.2195,222000,215405.7,-53706.7,-37679.5,-1019319.6,-25076.1,926.9,0.0,0.0,152650.1,-444259.3,0,0
40.6167,2256.96,592.486,1856.96,1.614,105.828,-4.691,105.932,2.298,-6.586,14,2.48,11.52,1.1868,222000,215405.7,-53706.7,-43161.2,-996716.2,-25194.2,1091.0,0.0,0.0,147050.3,-421491.8,0,0
40.7167,2267.556,591.979,1867.556,2.121,106.053,-5.33,106.187,2.219,-6.248,14,2.82,11.18,1.156,222000,215405.7,-53706.7,-48070.6,-975280.5,-25309.2,1247.5,0.0,0.0,142025.9,-399899.7,0,0
40.8167,2278.174,591.411,1878.174,2.689,106.271,-5.936,106.436,2.149,-5.929,14,3.14,10.86,1.127,222000,215405.7,-53706.7,-52468.1,-954964.1,-25421.3,1396.7,0.0,0.0,137516.3,-379434.1,0,0
40.9167,2288.813,590.784,1888.813,3.316,106.482,-6.511,106.681,2.085,-5.626,14,3.45,10.55,1.0995,222000,215405.7,-53706.7,-56407.7,-935719.0,-25530.7,1539.1,0.0,0.0,133467.3,-360046.6,0,0
41.0167,2299.474,590.1,1899.474,4.0,106.687,-7.056,106.92,2.029,-5.339,14,3.74,10.26,1.0736,222000,215405.7,-53706.7,-59938.0,-917497.8,-25637.8,1674.9,0.0,0.0,129829.8,-341689.6,0,0
41.1167,2310.154,589.364,1910.154,4.736,106.887,-7.574,107.155,1.978,-5.067,14,4.01,9.99,1.0491,222000,215405.7,-53706.7,-63102.8,-900254.0,-25742.6,1804.4,0.0,0.0,126560.2,-324316.2,0,0
41.2167,2320.854,588.578,1920.854,5.522,107.082,-8.066,107.385,1.932,-4.811,14,4.27,9.73,1.026,222000,215405.7,-53706.7,-65941.2,-883942.2,-25845.4,1928.0,0.0,0.0,123619.0,-307880.8,0,0
41.3167,2331.573,587.744,1931.573,6.356,107.273,-8.533,107.611,1.89,-4.568,14,4.51,9.49,1.0042,222000,215405.7,-53706.7,-68488.1,-868518.2,-25946.4,2046.0,0.0,0.0,120971.2,-292338.8,0,0
41.4167,2342.312,586.865,1942.312,7.235,107.459,-8.976,107.834,1.853,-4.338,14,4.74,9.26,0.9836,222000,215405.7,-53706.7,-70775.0,-853939.1,-26045.6,2158.7,0.0,0.0,118585.1,-277647.1,0,0
41.5167,2353.068,585.942,1953.068,8.158,107.643,-9.397,108.052,1.819,-4.121,14,4.95,9.05,0.9641,222000,215405.7,-53706.7,-72830.0,-840163.4,-26143.2,2266.2,0.0,0.0,116432.5,-263763.9,0,0
41.6167,2363.843,584.979,1963.843,9.121,107.823,-9.797,108.267,1.789,-3.916,14,5.16,8.84,0.9457,222000,215405.7,-53706.7,-74678.1,-827151.0,-26239.3,2369.0,0.0,0.0,114488.3,-250648.7,0,0
41.7167,2374.636,583.977,1974.636,10.123,108.0,-10.177,108.478,1.761,-3.723,14,5.35,8.65,0.9283,222000,215405.7,-53706.7,-76341.8,-814863.4,-26334.1,2467.1,0.0,0.0,112729.8,-238262.9,0,0
41.8167,2385.445,582.931,1985.445,11.169,108.152,-10.753,108.685,1.177,-8.641,18,5.6,12.4,1.2657,222000,211134.5,-68601.8,-109374.2,-1114835.8,-26424.0,2592.4,0.0,0.0,75336.3,-553005.2,0,0
41.9167,2396.266,581.801,1996.266,12.299,108.252,-11.654,108.877,1.036,-7.695,24,6.08,17.92,1.1694,222000,202807.1,-90295.5,-109982.4,-1032832.1,-26496.6,2821.5,0.0,0.0,66328.1,-492466.1,0,1
42.0167,2407.097,580.59,2007.097,13.51,108.347,-12.442,109.059,0.884,-8.012,24,6.48,17.52,1.1896,222000,202807.1,-90295.5,-119677.6,-1053360.9,-26564.8,3018.2,0.0,0.0,56564.7,-512798.3,0,1
42.1167,2417.936,579.298,2017.936,14.802,108.426,-13.262,109.234,0.721,-8.339,24,6.9,17.1,1.2106,222000,202807.1,-90295.5,-130062.1,-1074493.5,-26627.8,3223.2,0.0,0.0,46117.2,-533725.9,0,1
42.2167,2428.783,577.922,2028.783,16.178,108.488,-14.115,109.402,0.546,-8.676,24,7.34,16.66,1.2324,222000,202807.1,-90295.5,-141182.7,-1096234.7,-26685.1,3436.7,0.0,0.0,34939.3,-555253.5,0,1
42.3167,2439.634,576.459,2039.634,17.641,108.531,-15.003,109.564,0.359,-9.022,24,7.79,16.21,1.2551,222000,202807.1,-90295.5,-153089.3,-1118587.5,-26736.3,3659.1,0.0,0.0,22981.5,-577383.9,0,1
42.4167,2450.489,574.905,2050.489,19.195,108.556,-15.926,109.718,0.159,-9.377,24,8.27,15.73,1.2788,222000,202807.1,-90295.5,-165834.5,-1141553.1,-26781.1,3890.5,0.0,0.0,10191.5,-600118.1,0,1
42.5167,2461.345,573.257,2061.345,20.843,108.559,-16.885,109.865,-0.054,-9.741,24,8.76,15.24,1.3033,222000,202807.1,-90295.5,-179474.5,-1165130.2,-26819.0,4131.2,0.0,0.0,-3486.4,-623454.5,0,1
42.6167,2472.2,571.511,2072.2,22.589,108.541,-17.881,110.004,-0.283,-10.115,24,9.27,14.73,1.3289,222000,202807.1,-90295.5,-194068.4,-1189315.1,-26849.6,4381.2,0.0,0.0,-18111.0,-647389.4,0,1
42.7167,2483.052,569.663,2083.052,24.437,108.498,-18.914,110.135,-0.527,-10.499,24,9.8,14.2,1.3554,222000,202807.1,-90295.5,-209679.1,-1214101.2,-26872.4,4641.0,0.0,0.0,-33744.5,-671915.8,0,1
42.8167,2493.898,567.709,2093.898,26.391,108.431,-19.986,110.257,-0.777,-10.828,24,10.35,13.65,1.3785,222000,202807.1,-90295.5,-225635.6,-1235441.9,-26887.0,4910.5,0.0,0.0,-49715.5,-692986.9,0,0
42.9167,2504.736,565.649,2104.736,28.451,108.349,-21.029,110.371,-0.836,-10.142,24,10.9,13.1,1.3294,222000,202807.1,-90295.5,-229413.7,-1191784.3,-26895.2,5177.2,0.0,0.0,-53501.8,-649062.6,0,0
43.0167,2515.566,563.489,2115.566,30.611,108.263,-22.005,110.477,-0.879,-9.497,24,11.41,12.59,1.2834,222000,202807.1,-90295.5,-232179.4,-1150752.4,-26900.0,5427.4,0.0,0.0,-56272.3,-607780.5,0,0
43.1167,2526.387,561.235,2126.387,32.865,108.173,-22.919,110.575,-0.909,-8.891,24,11.89,12.11,1.2403,222000,202807.1,-90295.5,-234088.1,-1112209.6,-26901.9,5662.1,0.0,0.0,-58182.9,-569003.0,0,0
43.2167,2537.199,558.892,2137.199,35.208,108.081,-23.774,110.665,-0.928,-8.322,24,12.33,11.67,1.2,222000,202807.1,-90295.5,-235275.1,-1076022.5,-26901.4,5882.1,0.0,0.0,-59369.5,-532595.9,0,0
43.3167,2548.002,556.468,2148.002,37.632,107.988,-24.575,110.749,-0.937,-7.788,24,12.75,11.25,1.1622,222000,202807.1,-90295.5,-235858.1,-1042061.6,-26898.8,6088.2,0.0,0.0,-59949.8,-498428.9,0,0
43.4167,2558.795,553.966,2158.795,40.134,107.894,-25.324,110.826,-0.938,-7.287,24,13.15,10.85,1.1268,222000,202807.1,-90295.5,-235938.7,-1010202.2,-26894.5,6281.4,0.0,0.0,-60026.2,-466376.3,0,0
43.5167,2569.579,551.392,2169.579,42.708,107.801,-26.025,110.898,-0.933,-6.817,24,13.51,10.49,1.0938,222000,202807.1,-90295.5,-235605.0,-980323.9,-26888.7,6462.3,0.0,0.0,-59686.6,-436317.2,0,0
43.6167,2580.354,548.751,2180.354,45.349,107.708,-26.681,110.963,-0.922,-6.377,24,13.86,10.14,1.0628,222000,202807.1,-90295.5,-234932.7,-952311.9,-26881.7,6631.6,0.0,0.0,-59007.3,-408135.8,0,0
43.7167,2591.119,546.047,2191.119,48.053,107.617,-27.295,111.024,-0.907,-5.964,24,14.18,9.82,1.0338,222000,202807.1,-90295.5,-233986.9,-926056.3,-26873.7,6790.2,0.0,0.0,-58053.6,-381721.6,0,0
43.8167,2601.876,543.284,2201.876,50.816,107.527,-27.868,111.08,-0.889,-5.578,24,14.48,9.52,1.0067,222000,202807.1,-90295.5,-232823.6,-901452.5,-26864.9,6938.6,0.0,0.0,-56881.4,-356969.5,0,0
43.9167,2612.623,540.465,2212.623,53.635,107.439,-28.405,111.131,-0.868,-5.215,24,14.76,9.24,0.9813,222000,202807.1,-90295.5,-231490.5,-878401.2,-26855.4,7077.4,0.0,0.0,-55538.8,-333779.4,0,0
44.0167,2623.362,537.595,2223.362,56.505,107.354,-28.906,111.177,-0.845,-4.876,24,15.03,8.97,0.9575,222000,202807.1,-90295.5,-230028.0,-856808.3,-26845.4,7207.2,0.0,0.0,-54066.4,-312056.7,0,0
44.1167,2634.093,534.677,2234.093,59.423,107.271,-29.375,111.22,-0.82,-4.558,24,15.27,8.73,0.9353,222000,202807.1,-90295.5,-228470.8,-836584.7,-26835.0,7328.6,0.0,0.0,-52498.8,-291711.6,0,0
44.2167,2644.815,531.714,2244.815,62.386,107.19,-29.814,111.259,-0.795,-4.26,24,15.51,8.49,0.9144,222000,202807.1,-90295.5,-226847.9,-817645.9,-26824.3,7442.1,0.0,0.0,-50865.2,-272659.3,0,0
44.3167,2655.53,528.708,2255.53,65.392,107.112,-30.223,111.295,-0.769,-3.982,24,15.72,8.28,0.895,222000,202807.1,-90295.5,-225183.8,-799912.7,-26813.4,7548.2,0.0,0.0,-49190.1,-254820.0,0,0
44.4167,2666.236,525.663,2266.236,68.437,107.037,-30.606,111.327,-0.742,-3.721,24,15.92,8.08,0.8768,222000,202807.1,-90295.5,-223498.8,-783309.9,-26802.3,7647.4,0.0,0.0,-47494.0,-238118.0,0,0
44.5167,2676.936,522.582,2276.936,71.518,106.964,-30.964,111.356,-0.716,-3.476,24,16.11,7.89,0.8597,222000,202807.1,-90295.5,-221810.0,-767767.0,-26791.1,7740.0,0.0,0.0,-45794.0,-222482.5,0,0
44.6167,2687.628,519.466,2287.628,74.634,106.894,-31.298,111.382,-0.689,-3.248,24,16.29,7.71,0.8438,222000,202807.1,-90295.5,-220131.2,-753217.4,-26779.9,7826.5,0.0,0.0,-44104.0,-207846.4,0,0
44.7167,2698.314,516.318,2298.314,77.782,106.827,-31.61,111.405,-0.663,-3.034,24,16.46,7.54,0.8289,222000,202807.1,-90295.5,-218474.0,-739598.7,-26768.6,7907.3,0.0,0.0,-42435.5,-194146.9,0,0
44.8167,2708.992,513.139,2308.992,80.961,106.762,-31.902,111.426,-0.637,-2.833,24,16.61,7.39,0.8149,222000,202807.1,-90295.5,-216847.4,-726852.2,-26757.4,7982.7,0.0,0.0,-40797.7,-181325.0,0,0
44.9167,2719.665,509.933,2319.665,84.167,106.7,-32.174,111.445,-0.612,-2.646,24,16.76,7.24,0.8019,222000,202807.1,-90295.5,-215258.8,-714922.6,-26746.3,8053.1,0.0,0.0,-39198.0,-169325.0,0,0
45.0167,2730.331,506.701,2330.331,87.399,106.64,-32.428,111.461,-0.588,-2.47,24,16.89,7.11,0.7897,222000,202807.1,-90295.5,-213713.9,-703758.1,-26735.2,8118.8,0.0,0.0,-37642.0,-158094.8,0,0
45.1167,2740.992,503.444,2340.992,90.656,106.583,-32.665,111.476,-0.565,-2.306,24,17.02,6.98,0.7783,222000,202807.1,-90295.5,-212217.0,-693310.1,-26724.2,8180.1,0.0,0.0,-36134.1,-147585.5,0,0
45.2167,2751.647,500.164,2351.647,93.936,106.527,-32.887,111.488,-0.542,-2.152,24,17.14,6.86,0.7676,222000,202807.1,-90295.5,-210771.2,-683533.0,-26713.4,8237.2,0.0,0.0,-34677.5,-137751.3,0,0
45.3167,2762.297,496.864,2362.297,97.236,106.474,-33.094,111.499,-0.52,-2.009,24,17.25,6.75,0.7577,222000,202807.1,-90295.5,-209378.8,-674384.0,-26702.6,8290.5,0.0,0.0,-33274.3,-128549.1,0,0
45.4167,2772.941,493.543,2372.941,100.557,106.424,-33.287,111.508,-0.499,-1.874,24,17.35,6.65,0.7483,222000,202807.1,-90295.5,-208041.1,-665823.1,-26692.0,8340.1,0.0,0.0,-31926.1,-119938.5,0,0
45.5167,2783.581,490.204,2383.581,103.896,106.375,-33.467,111.515,-0.479,-1.748,24,17.45,6.55,0.7396,222000,202807.1,-90295.5,-206758.9,-657812.6,-26681.6,8386.4,0.0,0.0,-30633.4,-111881.8,0,0
45.6167,2794.215,486.847,2394.215,107.253,106.328,-33.635,111.521,-0.459,-1.63,24,17.54,6.46,0.7315,222000,202807.1,-90295.5,-205532.2,-650317.3,-26671.2,8429.4,0.0,0.0,-29396.3,-104343.4,0,0
45.7167,2804.846,483.474,2404.846,110.626,106.283,-33.791,111.526,-0.441,-1.52,24,17.62,6.38,0.7239,222000,202807.1,-90295.5,-204360.7,-643304.3,-26661.1,8469.5,0.0,0.0,-28214.7,-97290.3,0,0
45.8167,2815.472,480.087,2415.472,114.013,106.24,-33.937,111.529,-0.423,-1.417,24,17.7,6.3,0.7168,222000,202807.1,-90295.5,-203243.7,-636742.6,-26651.0,8506.8,0.0,0.0,-27087.6,-90691.3,0,0
45.9167,2826.093,476.685,2426.093,117.415,106.199,-34.073,111.531,-0.406,-1.321,24,17.78,6.22,0.7101,222000,202807.1,-90295.5,-202180.1,-630603.2,-26641.1,8541.5,0.0,0.0,-26014.2,-84517.2,0,0
46.0167,2836.711,473.27,2436.711,120.83,106.159,-34.2,111.532,-0.391,-1.23,24,17.85,6.15,0.7039,222000,202807.1,-90295.5,-201168.8,-624859.2,-26631.4,8573.8,0.0,0.0,-24993.1,-78740.9,0,0
46.1167,2847.324,469.843,2447.324,124.257,106.121,-34.318,111.532,-0.375,-1.146,24,17.91,6.09,0.6981,222000,202807.1,-90295.5,-200208.2,-619485.0,-26621.8,8603.8,0.0,0.0,-24022.8,-73336.8,0,0
46.2167,2857.934,466.405,2457.934,127.695,106.085,-34.428,111.531,-0.361,-1.067,24,17.97,6.03,0.6927,222000,202807.1,-90295.5,-199296.7,-614457.0,-26612.3,8631.6,0.0,0.0,-23101.9,-68280.9,0,0
46.3167,2868.541,462.956,2468.541,131.144,106.049,-34.53,111.529,-0.347,-0.993,24,18.03,5.97,0.6876,222000,202807.1,-90295.5,-198432.6,-609752.9,-26603.0,8657.4,0.0,0.0,-22228.5,-63551.0,0,0
46.4167,2879.144,459.498,2479.144,134.602,106.015,-34.625,111.526,-0.334,-0.924,24,18.08,5.92,0.6829,222000,202807.1,-90295.5,-197614.2,-605351.9,-26593.8,8681.4,0.0,0.0,-21400.9,-59126.0,0,0
46.5167,2889.743,456.03,2489.743,138.07,105.983,-34.714,111.523,-0.322,-0.859,24,18.13,5.87,0.6785,222000,202807.1,-90295.5,-196839.7,-601234.5,-26584.7,8703.6,0.0,0.0,-20617.3,-54986.4,0,0
46.6167,2900.34,452.554,2500.34,141.546,105.951,-34.796,111.519,-0.311,-0.799,24,18.17,5.83,0.6744,222000,202807.1,-90295.5,-196107.1,-597382.5,-26575.7,8724.2,0.0,0.0,-19875.8,-51113.8,0,0
46.7167,2910.933,449.069,2510.933,145.031,105.921,-34.873,111.514,-0.3,-0.742,24,18.22,5.78,0.6705,222000,202807.1,-90295.5,-195414.7,-593778.8,-26566.9,8743.3,0.0,0.0,-19174.5,-47491.0,0,0
46.8167,2921.523,445.578,2521.523,148.522,105.891,-34.944,111.508,-0.289,-0.689,24,18.26,5.74,0.6669,222000,202807.1,-90295.5,-194760.6,-590407.4,-26558.2,8760.9,0.0,0.0,-18511.7,-44102.0,0,0
46.9167,2932.111,442.08,2532.111,152.02,105.863,-35.01,111.502,-0.279,-0.64,24,18.29,5.71,0.6636,222000,202807.1,-90295.5,-194143.0,-587253.4,-26549.6,8777.2,0.0,0.0,-17885.5,-40931.8,0,0
47.0167,2942.694,438.571,2542.694,155.529,105.792,-35.2,111.494,-1.578,-4.443,27,18.36,8.64,0.9273,222000,197803.4,-100785.9,-272264.8,-820206.7,-26535.5,8808.4,0.0,0.0,-100996.8,-284344.2,0,0
47.1167,2953.258,435.007,2553.258,159.093,105.487,-36.052,111.478,-3.848,-10.603,33,18.77,14.23,1.3541,222000,186184.9,-120909.9,-406012.4,-1194548.7,-26465.3,8995.2,0.0,0.0,-246292.8,-678623.3,0,1
47.2167,2963.783,431.339,2563.783,162.761,105.084,-37.13,111.451,-4.148,-10.846,33,19.36,13.64,1.3775,222000,186184.9,-120909.9,-425303.0,-1210352.2,-26359.3,9262.3,0.0,0.0,-265477.4,-694159.7,0,0
47.3167,2974.267,427.565,2574.267,166.535,104.673,-38.168,111.415,-4.074,-10.049,33,19.94,13.06,1.3253,222000,186184.9,-120909.9,-420692.7,-1159562.2,-26248.0,9522.8,0.0,0.0,-260755.8,-643109.2,0,0
47.4167,2984.711,423.691,2584.711,170.409,104.271,-39.129,111.371,-3.99,-9.304,33,20.48,12.52,1.2766,222000,186184.9,-120909.9,-415439.9,-1112177.0,-26136.7,9763.0,0.0,0.0,-255391.7,-595483.8,0,0
47.5167,2995.115,419.726,2595.115,174.374,103.877,-40.019,111.319,-3.899,-8.61,33,20.99,12.01,1.2311,222000,186184.9,-120909.9,-409706.6,-1067979.8,-26025.8,9984.2,0.0,0.0,-249547.6,-551065.4,0,0
47.6167,3005.48,415.675,2605.48,178.425,103.493,-40.841,111.26,-3.803,-7.963,33,21.46,11.54,1.1886,222000,186184.9,-120909.9,-403629.5,-1026764.3,-25915.7,10187.7,0.0,0.0,-243360.3,-509646.5,0,0
47.7167,3015.808,411.546,2615.808,182.554,103.118,-41.602,111.194,-3.702,-7.36,33,21.9,11.1,1.1489,222000,186184.9,-120909.9,-397322.6,-988335.5,-25806.5,10374.5,0.0,0.0,-236944.3,-471030.8,0,0
47.8167,3026.098,407.345,2626.098,186.755,102.754,-42.305,111.122,-3.6,-6.797,33,22.31,10.69,1.1119,222000,186184.9,-120909.9,-390881.3,-952508.7,-25698.6,10545.9,0.0,0.0,-230395.0,-435032.7,0,0
47.9167,3036.353,403.076,2636.353,191.024,102.4,-42.954,111.044,-3.497,-6.273,33,22.7,10.3,1.0774,222000,186184.9,-120909.9,-384384.0,-919110.5,-25592.0,10702.9,0.0,0.0,-223791.1,-401477.5,0,0
48.0167,3046.573,398.745,2646.573,195.355,102.056,-43.552,110.961,-3.394,-5.784,33,23.05,9.95,1.0452,222000,186184.9,-120909.9,-377895.5,-887977.6,-25486.8,10846.4,0.0,0.0,-217197.4,-370201.1,0,0
48.1167,3056.759,394.358,2656.759,199.742,101.723,-44.104,110.873,-3.292,-5.329,33,23.39,9.61,1.0152,222000,186184.9,-120909.9,-371468.2,-858956.9,-25383.1,10977.3,0.0,0.0,-210666.4,-341049.5,0,0
48.2167,3066.912,389.917,2666.912,204.183,101.4,-44.612,110.78,-3.191,-4.904,33,23.7,9.3,0.9872,222000,186184.9,-120909.9,-365144.2,-831905.1,-25281.0,11096.5,0.0,0.0,-204240.4,-313878.5,0,0
48.3167,3077.034,385.428,2677.034,208.672,101.086,-45.079,110.682,-3.093,-4.509,33,23.99,9.01,0.9611,222000,186184.9,-120909.9,-358957.2,-806688.1,-25180.5,11204.7,0.0,0.0,-197952.8,-288553.2,0,0
48.4167,3087.125,380.895,2687.125,213.205,100.783,-45.508,110.581,-2.997,-4.14,33,24.26,8.74,0.9368,222000,186184.9,-120909.9,-352933.0,-783180.6,-25081.7,11302.8,0.0,0.0,-191829.8,-264947.6,0,0
48.5167,3097.186,376.321,2697.186,217.779,100.488,-45.902,110.476,-2.905,-3.796,33,24.51,8.49,0.9141,222000,186184.9,-120909.9,-347091.4,-761265.7,-24984.4,11391.4,0.0,0.0,-185891.0,-242944.1,0,0
48.6167,3107.218,371.71,2707.218,222.39,100.203,-46.263,110.367,-2.815,-3.476,33,24.74,8.26,0.893,222000,186184.9,-120909.9,-341447.0,-740834.2,-24888.8,11471.1,0.0,0.0,-180151.0,-222433.0,0,0
48.7167,3117.222,367.064,2717.222,227.036,99.927,-46.593,110.255,-2.728,-3.177,33,24.96,8.04,0.8733,222000,186184.9,-120909.9,-336009.9,-721784.6,-24794.8,11542.6,0.0,0.0,-174619.9,-203311.8,0,0
48.8167,3127.199,362.387,2727.199,231.713,99.659,-46.894,110.14,-2.645,-2.898,33,25.17,7.83,0.855,222000,186184.9,-120909.9,-330786.4,-704021.9,-24702.4,11606.5,0.0,0.0,-169303.9,-185485.3,0,0
48.9167,3137.149,357.681,2737.149,236.419,99.399,-47.168,110.023,-2.566,-2.639,33,25.36,7.64,0.838,222000,186184.9,-120909.9,-325780.0,-687458.0,-24611.4,11663.1,0.0,0.0,-164206.6,-168864.8,0,0
49.0167,3147.075,352.95,2747.075,241.15,99.147,-47.418,109.902,-2.49,-2.396,33,25.53,7.47,0.8221,222000,186184.9,-120909.9,-320991.5,-672010.7,-24522.0,11713.1,0.0,0.0,-159328.6,-153367.4,0,0
49.1167,3156.975,348.194,2756.975,245.906,98.902,-47.644,109.78,-2.417,-2.171,33,25.7,7.3,0.8074,222000,186184.9,-120909.9,-316419.7,-657603.5,-24434.0,11756.9,0.0,0.0,-154668.8,-138916.4,0,0
49.2167,3166.851,343.418,2766.851,250.682,98.664,-47.849,109.655,-2.347,-1.96,33,25.85,7.15,0.7937,222000,186184.9,-120909.9,-312061.8,-644165.1,-24347.4,11794.9,0.0,0.0,-150224.4,-125440.0,0,0
49.3167,3176.704,338.622,2776.704,255.478,98.434,-48.033,109.528,-2.281,-1.764,33,25.99,7.01,0.781,222000,186184.9,-120909.9,-307913.7,-631629.4,-24262.1,11827.6,0.0,0.0,-145991.0,-112871.7,0,0
49.4167,3186.534,333.809,2786.534,260.291,98.209,-48.199,109.399,-2.218,-1.58,33,26.12,6.88,0.7692,222000,186184.9,-120909.9,-303970.2,-619934.6,-24178.2,11855.2,0.0,0.0,-141963.6,-101149.3,0,0
49.5167,3196.342,328.98,2796.342,265.12,97.991,-48.347,109.269,-2.158,-1.41,33,26.24,6.76,0.7583,222000,186184.9,-120909.9,-300225.3,-609023.5,-24095.5,11878.2,0.0,0.0,-138136.0,-90215.2,0,0
49.6167,3206.129,324.138,2806.129,269.962,97.778,-48.479,109.137,-2.102,-1.25,33,26.35,6.65,0.7481,222000,186184.9,-120909.9,-296672.5,-598842.6,-24014.0,11896.8,0.0,0.0,-134501.7,-80015.7,0,0
49.7167,3215.895,319.283,2815.895,274.817,97.571,-48.595,109.003,-2.048,-1.102,33,26.46,6.54,0.7387,222000,186184.9,-120909.9,-293304.9,-589342.3,-23933.7,11911.4,0.0,0.0,-131053.7,-70500.8,0,0
49.8167,3225.64,314.417,2825.64,279.683,97.37,-48.697,108.868,-1.997,-0.963,33,26.56,6.44,0.73,222000,186184.9,-120909.9,-290115.0,-580476.4,-23854.5,11922.2,0.0,0.0,-127784.6,-61624.0,0,0
49.9167,3235.366,309.542,2835.366,284.558,97.173,-48.785,108.732,-1.948,-0.833,33,26.64,6.36,0.722,222000,186184.9,-120909.9,-287095.5,-572201.8,-23776.4,11929.5,0.0,0.0,-124687.0,-53342.1,0,0
50.0167,3245.072,304.659,2845.072,289.441,96.981,-48.862,108.594,-1.902,-0.713,33,26.73,6.27,0.7146,222000,186184.9,-120909.9,-284238.9,-564478.6,-23699.2,11933.6,0.0,0.0,-121753.3,-45614.9,0,0
50.1167,3254.759,299.769,2854.759,294.331,96.793,-48.926,108.456,-1.859,-0.6,33,26.8,6.2,0.7077,222000,186184.9,-120909.9,-281537.7,-557269.5,-23623.1,11934.6,0.0,0.0,-118976.0,-38404.8,0,0
50.2167,3264.427,294.873,2864.427,299.227,96.609,-48.98,108.316,-1.818,-0.495,33,26.87,6.13,0.7014,222000,186184.9,-120909.9,-278984.5,-550539.9,-23547.9,11932.8,0.0,0.0,-116347.5,-31676.9,0,0
50.3167,3274.078,289.973,2874.078,304.127,96.43,-49.024,108.176,-1.779,-0.397,33,26.94,6.06,0.6956,222000,186184.9,-120909.9,-276571.9,-544257.5,-23473.6,11928.4,0.0,0.0,-113860.6,-25398.9,0,0
50.4167,3283.71,285.068,2883.71,309.032,96.254,-49.058,108.035,-1.742,-0.305,33,27.0,6.0,0.6902,222000,186184.9,-120909.9,-274292.8,-538392.2,-23400.2,11921.6,0.0,0.0,-111508.1,-19540.5,0,0
50.5167,3293.326,280.161,2893.326,313.939,96.082,-49.084,107.893,-1.708,-0.22,33,27.05,5.95,0.6853,222000,186184.9,-120909.9,-272140.3,-532916.2,-23327.6,11912.5,0.0,0.0,-109283.0,-14073.5,0,0
50.6167,3302.924,275.252,2902.924,318.848,95.913,-49.101,107.751,-1.675,-0.14,33,27.1,5.9,0.6809,222000,186184.9,-120909.9,-270107.6,-527803.2,-23255.7,11901.3,0.0,0.0,-107178.4,-8971.8,0,0
50.7167,3312.506,270.341,2912.506,323.759,95.748,-49.111,107.608,-1.644,-0.066,33,27.15,5.85,0.6768,222000,186184.9,-120909.9,-268188.2,-523029.2,-23184.7,11888.2,0.0,0.0,-105188.0,-4210.9,0,0
50.8167,3322.071,265.43,2922.071,328.67,95.585,-49.113,107.464,-1.614,0.004,33,27.19,5.81,0.6731,222000,186184.9,-120909.9,-266375.9,-518571.5,-23114.3,11873.2,0.0,0.0,-103305.4,231.8,0,0
50.9167,3331.62,260.518,2931.62,333.582,95.425,-49.109,107.32,-1.586,0.068,33,27.23,5.77,0.6697,222000,186184.9,-120909.9,-264664.7,-514409.1,-23044.7,11856.6,0.0,0.0,-101524.5,4377.6,0,0
51.0167,3341.153,255.608,2941.153,338.492,95.268,-49.099,107.176,-1.56,0.129,33,27.26,5.74,0.6666,222000,186184.9,-120909.9,-263048.8,-510522.3,-22975.7,11838.3,0.0,0.0,-99839.6,8246.2,0,0
51.1167,3350.671,250.699,2950.671,343.401,95.114,-49.082,107.031,-1.535,0.185,33,27.29,5.71,0.6638,222000,186184.9,-120909.9,-261522.7,-506892.9,-22907.4,11818.7,0.0,0.0,-98245.3,11855.9,0,0
51.2167,3360.174,245.792,2960.174,348.308,94.961,-49.061,106.886,-1.512,0.238,33,27.32,5.68,0.6614,222000,186184.9,-120909.9,-260081.4,-503503.9,-22839.7,11797.7,0.0,0.0,-96736.2,15224.0,0,0
51.3167,3369.661,240.888,2969.661,353.212,94.812,-49.034,106.741,-1.489,0.287,33,27.34,5.66,0.6591,222000,186184.9,-120909.9,-258719.6,-500339.3,-22772.6,11775.4,0.0,0.0,-95307.4,18366.3,0,0
51.4167,3379.134,235.986,2979.134,358.114,94.664,-49.003,106.595,-1.468,0.333,33,27.36,5.64,0.6572,222000,186184.9,-120909.9,-257432.9,-497384.4,-22706.0,11752.0,0.0,0.0,-93954.1,21297.7,0,0
51.5167,3388.592,231.088,2988.592,363.012,94.518,-48.967,106.449,-1.448,0.376,33,27.38,5.62,0.6554,222000,186184.9,-120909.9,-256216.6,-494625.5,-22640.1,11727.6,0.0,0.0,-92671.8,24032.2,0,0
51.6167,3398.035,226.193,2998.035,367.907,94.375,-48.927,106.303,-1.429,0.415,33,27.4,5.6,0.6539,222000,186184.9,-120909.9,-255066.6,-492049.5,-22574.6,11702.1,0.0,0.0,-91456.3,26582.7,0,0
51.7167,3407.464,221.303,3007.464,372.797,94.233,-48.883,106.157,-1.411,0.453,33,27.42,5.58,0.6526,222000,186184.9,-120909.9,-253978.8,-489644.7,-22509.6,11675.8,0.0,0.0,-90303.6,28961.2,0,0
51.8167,3416.879,216.418,3016.879,377.682,94.093,-48.836,106.011,-1.394,0.487,33,27.43,5.57,0.6515,222000,186184.9,-120909.9,-252949.5,-487399.6,-22445.2,11648.5,0.0,0.0,-89209.8,31179.1,0,0
51.9167,3426.28,211.537,3026.28,382.563,93.954,-48.785,105.865,-1.378,0.519,33,27.44,5.56,0.6505,222000,186184.9,-120909.9,-251975.0,-485304.0,-22381.2,11620.6,0.0,0.0,-88171.3,33246.7,0,0
52.0167,3435.668,206.662,3035.668,387.438,93.817,-48.732,105.719,-1.362,0.55,33,27.45,5.55,0.6497,222000,186184.9,-120909.9,-251052.0,-483348.1,-22317.7,11591.9,0.0,0.0,-87184.9,35173.9,0,0
52.1167,3445.042,201.792,3045.042,392.308,93.682,-48.675,105.573,-1.348,0.578,33,27.45,5.55,0.6491,222000,186184.9,-120909.9,-250177.4,-481522.7,-22254.6,11562.5,0.0,0.0,-86247.1,36969.9,0,0
52.2167,3454.402,196.928,3054.402,397.172,93.548,-48.616,105.426,-1.334,0.604,33,27.46,5.54,0.6486,222000,186184.9,-120909.9,-249348.1,-479819.5,-22192.0,11532.5,0.0,0.0,-85355.2,38643.2,0,0
52.3167,3463.749,192.07,3063.749,402.03,93.415,-48.554,105.28,-1.32,0.628,33,27.46,5.54,0.6483,222000,186184.9,-120909.9,-248561.2,-478230.5,-22129.8,11502.0,0.0,0.0,-84506.1,40201.7,0,0
52.4167,3473.083,187.218,3073.083,406.882,93.284,-48.49,105.134,-1.308,0.651,33,27.47,5.53,0.6481,222000,186184.9,-120909.9,-247814.2,-476748.2,-22068.0,11471.0,0.0,0.0,-83697.3,41652.8,0,0
52.5167,3482.404,182.373,3082.404,411.727,93.154,-48.423,104.988,-1.296,0.672,33,27.47,5.53,0.648,222000,186184.9,-120909.9,-247104.6,-475365.9,-22006.6,11439.4,0.0,0.0,-82926.3,43003.6,0,0
52.6167,3491.712,177.534,3091.712,416.566,93.025,-48.355,104.842,-1.284,0.692,33,27.47,5.53,0.6481,222000,186184.9,-120909.9,-246430.0,-474077.1,-21945.5,11407.5,0.0,0.0,-82190.6,44260.5,0,0
52.7167,3501.007,172.703,3101.007,421.397,92.897,-48.285,104.696,-1.273,0.71,33,27.46,5.54,0.6482,222000,186184.9,-120909.9,-245788.1,-472875.8,-21884.9,11375.2,0.0,0.0,-81488.1,45429.6,0,0
52.8167,3510.289,167.879,3110.289,426.221,92.771,-48.213,104.551,-1.263,0.727,33,27.46,5.54,0.6485,222000,186184.9,-120909.9,-245177.0,-471756.2,-21824.6,11342.5,0.0,0.0,-80816.7,46516.4,0,0
52.9167,3519.559,163.062,3119.559,431.038,92.645,-48.139,104.405,-1.253,0.743,33,27.46,5.54,0.6488,222000,186184.9,-120909.9,-244594.6,-470713.3,-21764.7,11309.5,0.0,0.0,-80174.4,47526.3,0,0
53.0167,3528.816,158.252,3128.816,435.848,92.52,-48.064,104.26,-1.243,0.757,33,27.45,5.55,0.6493,222000,186184.9,-120909.9,-244039.2,-469742.1,-21705.1,11276.2,0.0,0.0,-79559.5,48464.2,0,0
53.1167,3538.061,153.45,3138.061,440.65,92.397,-47.988,104.115,-1.234,0.771,33,27.45,5.55,0.6498,222000,186184.9,-120909.9,-243509.1,-468838.1,-21645.9,11242.6,0.0,0.0,-78970.1,49334.7,0,0
53.2167,3547.293,148.656,3147.293,445.444,92.274,-47.91,103.97,-1.225,0.783,33,27.44,5.56,0.6504,222000,186184.9,-120909.9,-243002.6,-467996.8,-21587.0,11208.8,0.0,0.0,-78404.7,50142.1,0,0
53.3167,3556.514,143.87,3156.514,450.23,92.152,-47.831,103.825,-1.217,0.795,33,27.43,5.57,0.6511,222000,186184.9,-120909.9,-242518.2,-467214.4,-21528.4,11174.8,0.0,0.0,-77861.7,50890.5,0,0
53.4167,3565.722,139.091,3165.722,455.009,92.03,-47.751,103.681,-1.208,0.806,33,27.42,5.58,0.6518,222000,186184.9,-120909.9,-242054.5,-466487.2,-21470.1,11140.6,0.0,0.0,-77339.8,51583.5,0,0
53.5167,3574.918,134.321,3174.918,459.779,91.91,-47.669,103.537,-1.201,0.816,33,27.42,5.58,0.6526,222000,186184.9,-120909.9,-241610.2,-465811.5,-21412.2,11106.2,0.0,0.0,-76837.6,52224.8,0,0
53.6167,3584.102,129.559,3184.102,464.541,91.79,-47.587,103.393,-1.193,0.825,33,27.41,5.59,0.6535,222000,186184.9,-120909.9,-241184.1,-465184.3,-21354.6,11071.7,0.0,0.0,-76353.8,52817.6,0,0
53.7167,3593.274,124.805,3193.274,469.295,91.672,-47.504,103.249,-1.186,0.834,33,27.39,5.61,0.6545,222000,186184.9,-120909.9,-240775.0,-464602.3,-21297.2,11037.1,0.0,0.0,-75887.4,53364.9,0,0
53.8167,3602.434,120.059,3202.434,474.041,91.553,-47.42,103.105,-1.179,0.842,33,27.38,5.62,0.6554,222000,186184.9,-120909.9,-240381.8,-464062.8,-21240.2,11002.3,0.0,0.0,-75437.1,53869.7,0,0
53.9167,3611.583,115.322,3211.583,478.778,91.436,-47.336,102.962,-1.172,0.849,33,27.37,5.63,0.6565,222000,186184.9,-120909.9,-240003.5,-463563.0,-21183.5,10967.4,0.0,0.0,-75002.0,54334.6,0,0
54.0167,3620.719,110.594,3220.719,483.506,91.319,-47.25,102.819,-1.165,0.856,33,27.36,5.64,0.6576,222000,186184.9,-120909.9,-239639.0,-463100.6,-21127.0,10932.5,0.0,0.0,-74581.2,54762.1,0,0
54.1167,3629.844,105.874,3229.844,488.226,91.203,-47.164,102.677,-1.159,0.862,33,27.35,5.65,0.6587,222000,186184.9,-120909.9,-239287.7,-462673.0,-21070.8,10897.5,0.0,0.0,-74173.6,55154.6,0,0
54.2167,3638.958,101.162,3238.958,492.938,91.087,-47.078,102.534,-1.153,0.867,33,27.33,5.67,0.6599,222000,186184.9,-120909.9,-238948.5,-462278.3,-21014.9,10862.5,0.0,0.0,-73778.6,55514.3,0,0
54.3167,3648.06,96.46,3248.06,497.64,90.973,-46.991,102.392,-1.147,0.873,33,27.32,5.68,0.6612,222000,186184.9,-120909.9,-238620.7,-461914.3,-20959.3,10827.4,0.0,0.0,-73395.2,55843.2,0,0
54.4167,3657.151,91.766,3257.151,502.334,90.858,-46.903,102.25,-1.141,0.877,33,27.31,5.69,0.6624,222000,186184.9,-120909.9,-238303.6,-461579.1,-20904.0,10792.3,0.0,0.0,-73022.8,56143.3,0,0
54.5167,3666.23,87.08,3266.23,507.02,90.744,-46.815,102.109,-1.135,0.882,33,27.29,5.71,0.6637,222000,186184.9,-120909.9,-237996.5,-461270.9,-20848.9,10757.2,0.0,0.0,-72660.6,56416.4,0,0
54.6167,3675.298,82.404,3275.298,511.696,90.631,-46.727,101.968,-1.13,0.885,33,27.28,5.72,0.6651,222000,186184.9,-120909.9,-237698.8,-460988.1,-20794.1,10722.0,0.0,0.0,-72308.0,56664.0,0,0
54.7167,3684.354,77.736,3284.354,516.364,90.519,-46.638,101.827,-1.124,0.889,33,27.26,5.74,0.6665,222000,186184.9,-120909.9,-237409.8,-460729.1,-20739.5,10686.9,0.0,0.0,-71964.5,56888.0,0,0
54.8167,3693.399,73.078,3293.399,521.022,90.406,-46.549,101.687,-1.119,0.892,33,27.25,5.75,0.6679,222000,186184.9,-120909.9,-237129.0,-460492.4,-20685.3,10651.8,0.0,0.0,-71629.4,57089.6,0,0
54.9167,3702.434,68.428,3302.434,525.672,90.295,-46.46,101.546,-1.114,0.895,33,27.23,5.77,0.6693,222000,186184.9,-120909.9,-236855.8,-460276.6,-20631.2,10616.7,0.0,0.0,-71302.1,57270.2,0,0
55.0167,3711.457,63.787,3311.457,530.313,90.184,-46.37,101.407,-1.109,0.897,33,27.21,5.79,0.6708,222000,186184.9,-120909.9,-236589.8,-460080.5,-20577.5,10581.7,0.0,0.0,-70982.3,57431.3,0,0
55.1167,3720.469,59.156,3320.469,534.944,90.073,-46.28,101.267,-1.104,0.9,33,27.2,5.8,0.6722,222000,186184.9,-120909.9,-236330.4,-459902.8,-20523.9,10546.6,0.0,0.0,-70669.5,57573.9,0,0
55.2167,3729.469,54.533,3329.469,539.567,89.963,-46.19,101.128,-1.099,0.902,33,27.18,5.82,0.6738,222000,186184.9,-120909.9,-236077.4,-459742.5,-20470.6,10511.7,0.0,0.0,-70363.2,57699.3,0,0
55.3167,3738.459,49.919,3338.459,544.181,89.853,-46.1,100.989,-1.095,0.903,33,27.16,5.84,0.6753,222000,186184.9,-120909.9,-235830.2,-459598.4,-20417.6,10476.7,0.0,0.0,-70062.9,57808.4,0,0
55.4167,3747.438,45.314,3347.438,548.786,89.744,-46.01,100.851,-1.09,0.905,33,27.15,5.85,0.6769,222000,186184.9,-120909.9,-235588.4,-459469.6,-20364.8,10441.9,0.0,0.0,-69768.4,57902.4,0,0
55.5167,3756.406,40.719,3356.406,553.381,89.635,-45.919,100.713,-1.086,0.906,33,27.13,5.87,0.6784,222000,186184.9,-120909.9,-235351.8,-459355.2,-20312.3,10407.1,0.0,0.0,-69479.3,57982.0,0,0
55.6167,3765.364,36.132,3365.364,557.968,89.527,-45.828,100.575,-1.081,0.907,33,27.11,5.89,0.68,222000,186184.9,-120909.9,-235120.0,-459254.3,-20260.0,10372.3,0.0,0.0,-69195.1,58048.2,0,0
55.7167,3774.31,31.554,3374.31,562.546,89.419,-45.738,100.438,-1.077,0.908,33,27.09,5.91,0.6817,222000,186184.9,-120909.9,-234892.7,-459166.0,-20207.9,10337.6,0.0,0.0,-68915.7,58101.8,0,0
55.8167,3783.246,26.986,3383.246,567.114,89.312,-45.647,100.301,-1.073,0.908,33,27.07,5.93,0.6833,222000,186184.9,-120909.9,-234669.5,-459089.6,-20156.1,10303.0,0.0,0.0,-68640.8,58143.5,0,0
55.9167,3792.17,22.427,3392.17,571.673,89.205,-45.556,100.164,-1.068,0.909,33,27.06,5.94,0.685,222000,186184.9,-120909.9,-234450.3,-459024.5,-20104.5,10268.5,0.0,0.0,-68370.0,58174.2,0,0
56.0167,3801.085,17.876,3401.085,576.224,89.098,-45.465,100.028,-1.064,0.909,33,27.04,5.96,0.6866,222000,186184.9,-120909.9,-234234.8,-458969.9,-20053.1,10234.1,0.0,0.0,-68103.0,58194.4,0,0
56.1167,3809.988,13.335,3409.988,580.765,88.992,-45.374,99.892,-1.06,0.909,33,27.02,5.98,0.6883,222000,186184.9,-120909.9,-234022.6,-458925.1,-20002.0,10199.8,0.0,0.0,-67839.8,58204.8,0,0
56.2167,3818.881,8.803,3418.881,585.297,88.886,-45.283,99.756,-1.056,0.909,33,27.0,6.0,0.69,222000,186184.9,-120909.9,-233813.7,-458889.7,-19951.1,10165.5,0.0,0.0,-67579.9,58205.9,0,0
56.3167,3827.764,4.28,3427.764,589.82,88.781,-45.192,99.621,-1.052,0.909,33,26.98,6.02,0.6917,222000,186184.9,-120909.9,-233607.7,-458863.0,-19900.5,10131.4,0.0,0.0,-67323.3,58198.5,0,0
56.4167,3836.636,-0.234,3436.636,594.334,88.676,-45.101,99.486,-1.048,0.909,33,26.96,6.04,0.6935,222000,186184.9,-120909.9,-233404.6,-458844.6,-19850.0,10097.3,0.0,0.0,-67069.7,58182.8,0,0
56.5167,3845.497,-4.739,3445.497,598.839,88.571,-45.01,99.352,-1.044,0.909,33,26.94,6.06,0.6952,222000,186184.9,-120909.9,-233204.0,-458833.9,-19799.8,10063.3,0.0,0.0,-66819.0,58159.5,0,0
56.6167,3854.348,-9.234,3454.348,603.334,88.467,-44.92,99.218,-1.04,0.908,33,26.92,6.08,0.697,222000,186184.9,-120909.9,-233005.9,-458830.6,-19749.8,10029.5,0.0,0.0,-66570.9,58129.0,0,0
56.7167,3863.189,-13.721,3463.189,607.821,88.363,-44.829,99.084,-1.036,0.908,33,26.9,6.1,0.6987,222000,186184.9,-120909.9,-232810.1,-458834.1,-19700.1,9995.7,0.0,0.0,-66325.3,58091.8,0,0
56.8167,3872.019,-18.199,3472.019,612.299,88.26,-44.738,98.951,-1.033,0.907,33,26.88,6.12,0.7005,222000,186184.9,-120909.9,-232616.4,-458844.1,-19650.5,9962.1,0.0,0.0,-66082.1,58048.1,0,0
56.9167,3880.839,-22.667,3480.839,616.767,88.157,-44.647,98.818,-1.029,0.906,33,26.86,6.14,0.7023,222000,186184.9,-120909.9,-232424.7,-458860.2,-19601.2,9928.5,0.0,0.0,-65841.1,57998.5,0,0
57.0167,3889.649,-27.127,3489.649,621.227,88.054,-44.557,98.686,-1.025,0.905,33,26.84,6.16,0.7041,222000,186184.9,-120909.9,-232234.9,-458882.0,-19552.1,9895.1,0.0,0.0,-65602.2,57943.2,0,0
57.1167,3898.448,-31.577,3498.448,625.677,87.952,-44.466,98.554,-1.021,0.904,33,26.82,6.18,0.7059,222000,186184.9,-120909.9,-232046.8,-458909.3,-19503.3,9861.8,0.0,0.0,-65365.2,57882.7,0,0
57.2167,3907.238,-36.018,3507.238,630.118,87.85,-44.376,98.422,-1.018,0.903,33,26.8,6.2,0.7077,222000,186184.9,-120909.9,-231860.3,-458941.6,-19454.6,9828.6,0.0,0.0,-65130.1,57817.1,0,0
57.3167,3916.017,-40.451,3516.017,634.551,87.748,-44.286,98.29,-1.014,0.902,33,26.78,6.22,0.7095,222000,186184.9,-120909.9,-231675.4,-458978.8,-19406.2,9795.5,0.0,0.0,-64896.7,57746.9,0,0
57.4167,3924.786,-44.874,3524.786,638.974,87.647,-44.195,98.159,-1.01,0.901,33,26.76,6.24,0.7114,222000,186184.9,-120909.9,-231491.8,-459020.5,-19357.9,9762.5,0.0,0.0,-64664.9,57672.2,0,0
57.5167,3933.545,-49.288,3533.545,643.388,87.546,-44.105,98.029,-1.007,0.9,33,26.74,6.26,0.7132,222000,186184.9,-120909.9,-231309.6,-459066.5,-19309.9,9729.7,0.0,0.0,-64434.7,57593.4,0,0
57.6167,3942.293,-53.694,3542.293,647.794,87.446,-44.016,97.899,-1.003,0.899,33,26.72,6.28,0.7151,222000,186184.9,-120909.9,-231128.6,-459116.5,-19262.2,9697.0,0.0,0.0,-64205.9,57510.6,0,0
57.7167,3951.032,-58.09,3551.032,652.19,87.346,-43.926,97.769,-1.0,0.897,33,26.7,6.3,0.7169,222000,186184.9,-120909.9,-230948.8,-459170.4,-19214.6,9664.4,0.0,0.0,-63978.5,57424.1,0,0
57.8167,3959.761,-62.477,3559.761,656.577,87.246,-43.836,97.64,-0.996,0.896,33,26.68,6.32,0.7188,222000,186184.9,-120909.9,-230770.0,-459227.8,-19167.2,9631.9,0.0,0.0,-63752.3,57334.2,0,0
57.9167,3968.48,-66.856,3568.48,660.956,87.147,-43.747,97.511,-0.993,0.894,33,26.66,6.34,0.7206,222000,186184.9,-120909.9,-230592.2,-459288.7,-19120.1,9599.5,0.0,0.0,-63527.4,57241.0,0,0
58.0167,3977.189,-71.225,3577.189,665.325,87.048,-43.657,97.382,-0.989,0.893,33,26.64,6.36,0.7225,222000,186184.9,-120909.9,-230415.4,-459352.7,-19073.1,9567.2,0.0,0.0,-63303.6,57144.6,0,0
58.1167,3985.888,-75.586,3585.888,669.686,86.949,-43.568,97.254,-0.986,0.891,33,26.62,6.38,0.7244,222000,186184.9,-120909.9,-230239.4,-459419.9,-19026.4,9535.1,0.0,0.0,-63080.9,57045.4,0,0
58.2167,3994.577,-79.937,3594.577,674.037,86.851,-43.479,97.126,-0.982,0.89,33,26.6,6.4,0.7263,222000,186184.9,-120909.9,-230064.3,-459489.8,-18979.9,9503.1,0.0,0.0,-62859.3,56943.4,0,0
58.3167,4003.256,-84.28,3603.256,678.38,86.753,-43.39,96.998,-0.979,0.888,33,26.58,6.42,0.7282,222000,186184.9,-120909.9,-229889.9,-459562.6,-18933.6,9471.3,0.0,0.0,-62638.6,56838.8,0,0
58.4167,4011.926,-88.614,3611.926,682.714,86.655,-43.301,96.871,-0.975,0.886,33,26.55,6.45,0.7301,222000,186184.9,-120909.9,-229716.2,-459637.8,-18887.5,9439.5,0.0,0.0,-62418.8,56731.8,0,0
58.5167,4020.585,-92.939,3620.585,687.039,86.558,-43.213,96.745,-0.972,0.885,33,26.53,6.47,0.732,222000,186184.9,-120909.9,-229543.1,-459715.5,-18841.6,9407.9,0.0,0.0,-62199.8,56622.5,0,0
58.6167,4029.235,-97.255,3629.235,691.355,86.461,-43.125,96.619,-0.968,0.883,33,26.51,6.49,0.7339,222000,186184.9,-120909.9,-229370.7,-459795.6,-18795.9,9376.4,0.0,0.0,-61981.7,56511.0,0,0
58.7167,4037.876,-101.562,3637.876,695.662,86.364,-43.036,96.493,-0.965,0.881,33,26.49,6.51,0.7358,222000,186184.9,-120909.9,-229198.8,-459877.8,-18750.4,9345.0,0.0,0.0,-61764.4,56397.4,0,0
58.8167,4046.507,-105.861,3646.507,699.961,86.268,-42.948,96.367,-0.962,0.879,33,26.47,6.53,0.7377,222000,186184.9,-120909.9,-229027.5,-459962.0,-18705.1,9313.8,0.0,0.0,-61547.8,56281.9,0,0
58.9167,4055.128,-110.15,3655.128,704.25,86.172,-42.86,96.242,-0.958,0.878,33,26.45,6.55,0.7396,222000,186184.9,-120909.9,-228856.7,-460048.3,-18660.1,9282.7,0.0,0.0,-61331.9,56164.5,0,0
59.0167,4063.739,-114.431,3663.739,708.531,86.076,-42.773,96.118,-0.955,0.876,33,26.43,6.57,0.7415,222000,186184.9,-120909.9,-228686.3,-460136.4,-18615.2,9251.7,0.0,0.0,-61116.6,56045.5,0,0
59.1167,4072.341,-118.704,3672.341,712.804,85.981,-42.685,95.993,-0.952,0.874,33,26.41,6.59,0.7435,222000,186184.9,-120909.9,-228516.3,-460226.2,-18570.5,9220.8,0.0,0.0,-60902.0,55924.7,0,0
59.2167,4080.934,-122.967,3680.934,717.067,85.886,-42.598,95.869,-0.948,0.872,33,26.38,6.62,0.7454,222000,186184.9,-120909.9,-228346.8,-460317.8,-18526.1,9190.1,0.0,0.0,-60688.0,55802.5,0,0
59.3167,4089.517,-127.222,3689.517,721.322,85.791,-42.511,95.746,-0.945,0.87,33,26.36,6.64,0.7473,222000,186184.9,-120909.9,-228177.6,-460410.9,-18481.8,9159.5,0.0,0.0,-60474.6,55678.8,0,0
59.4167,4098.091,-131.468,3698.091,725.568,85.697,-42.424,95.623,-0.942,0.868,33,26.34,6.66,0.7493,222000,186184.9,-120909.9,-228008.8,-460505.5,-18437.8,9129.0,0.0,0.0,-60261.6,55553.6,0,0
59.5167,4106.655,-135.705,3706.655,729.805,85.603,-42.337,95.5,-0.938,0.866,33,26.32,6.68,0.7512,222000,186184.9,-120909.9,-227840.2,-460601.6,-18393.9,9098.7,0.0,0.0,-60049.3,55427.2,0,0
59.6167,4115.21,-139.934,3715.21,734.034,85.509,-42.251,95.378,-0.935,0.864,33,26.3,6.7,0.7532,222000,186184.9,-120909.9,-227672.0,-460699.1,-18350.2,9068.5,0.0,0.0,-59837.4,55299.6,0,0
59.7167,4123.755,-144.154,3723.755,738.254,85.416,-42.165,95.256,-0.932,0.862,33,26.28,6.72,0.7551,222000,186184.9,-120909.9,-227504.1,-460797.8,-18306.8,9038.4,0.0,0.0,-59626.0,55170.7,0,0
59.8167,4132.291,-148.365,3732.291,742.465,85.323,-42.079,95.135,-0.928,0.86,33,26.25,6.75,0.7571,222000,186184.9,-120909.9,-227336.4,-460897.8,-18263.5,9008.4,0.0,0.0,-59415.0,55040.8,0,0
59.9167,4140.818,-152.568,3740.818,746.668,85.23,-41.993,95.014,-0.925,0.858,33,26.23,6.77,0.759,222000,186184.9,-120909.9,-227168.9,-460998.9,-18220.5,8978.6,0.0,0.0,-59204.5,54909.8,0,0
60.0167,4149.336,-156.762,3749.336,750.862,85.138,-41.907,94.893,-0.922,0.856,33,26.21,6.79,0.761,222000,186184.9,-120909.9,-227001.7,-461101.2,-18177.6,8948.9,0.0,0.0,-58994.4,54777.8,0,0
60.1167,4157.844,-160.948,3757.844,755.048,85.046,-41.822,94.773,-0.919,0.854,33,26.19,6.81,0.763,222000,186184.9,-120909.9,-226834.6,-461204.6,-18134.9,8919.3,0.0,0.0,-58784.7,54644.8,0,0
60.2167,4166.343,-165.125,3766.343,759.225,84.954,-41.736,94.653,-0.915,0.852,33,26.17,6.83,0.7649,222000,186184.9,-120909.9,-226667.8,-461309.0,-18092.4,8889.9,0.0,0.0,-58575.4,54511.0,0,0
60.3167,4174.834,-169.294,3774.834,763.394,84.863,-41.651,94.533,-0.912,0.85,33,26.15,6.85,0.7669,222000,186184.9,-120909.9,-226501.1,-461414.3,-18050.2,8860.5,0.0,0.0,-58366.4,54376.3,0,0
60.4167,4183.315,-173.454,3783.315,767.554,84.772,-41.566,94.414,-0.909,0.848,33,26.12,6.88,0.7689,222000,186184.9,-120909.9,-226334.6,-461520.6,-18008.1,8831.4,0.0,0.0,-58157.8,54240.8,0,0
60.5167,4191.786,-177.606,3791.786,771.706,84.681,-41.482,94.296,-0.905,0.845,33,26.1,6.9,0.7708,222000,186184.9,-120909.9,-226168.3,-461627.8,-17966.2,8802.3,0.0,0.0,-57949.6,54104.6,0,0
60.6167,4200.249,-181.749,3800.249,775.849,84.591,-41.397,94.177,-0.902,0.843,33,26.08,6.92,0.7728,222000,186184.9,-120909.9,-226002.1,-461735.9,-17924.5,8773.4,0.0,0.0,-57741.7,53967.6,0,0
60.7167,4208.703,-185.884,3808.703,779.984,84.501,-41.313,94.059,-0.899,0.841,33,26.06,6.94,0.7748,222000,186184.9,-120909.9,-225836.0,-461844.7,-17883.0,8744.5,0.0,0.0,-57534.1,53830.0,0,0
60.8167,4217.148,-190.01,3817.148,784.11,84.411,-41.229,93.942,-0.896,0.839,33,26.04,6.96,0.7768,222000,186184.9,-120909.9,-225670.1,-461954.4,-17841.7,8715.9,0.0,0.0,-57326.9,53691.6,0,0
60.9167,4225.584,-194.128,3825.584,788.228,84.322,-41.145,93.825,-0.892,0.837,33,26.01,6.99,0.7787,222000,186184.9,-120909.9,-225504.2,-462064.7,-17800.6,8687.3,0.0,0.0,-57119.9,53552.7,0,0
61.0167,4234.011,-198.238,3834.011,792.338,84.233,-41.062,93.708,-0.889,0.835,33,25.99,7.01,0.7807,222000,186184.9,-120909.9,-225338.5,-462175.9,-17759.6,8658.9,0.0,0.0,-56913.2,53413.2,0,0
61.1167,4242.429,-202.339,3842.429,796.439,84.144,-40.979,93.592,-0.886,0.832,33,25.97,7.03,0.7827,222000,186184.9,-120909.9,-225172.9,-462287.6,-17718.9,8630.6,0.0,0.0,-56706.9,53273.1,0,0
61.2167,4250.838,-206.432,3850.838,800.532,84.056,-40.895,93.476,-0.883,0.83,33,25.95,7.05,0.7847,222000,186184.9,-120909.9,-225007.3,-462400.1,-17678.3,8602.4,0.0,0.0,-56500.8,53132.5,0,0
61.3167,4259.239,-210.517,3859.239,804.617,83.968,-40.813,93.361,-0.88,0.828,33,25.93,7.07,0.7867,222000,186184.9,-120909.9,-224841.9,-462513.2,-17638.0,8574.4,0.0,0.0,-56295.0,52991.3,0,0
61.4167,4267.63,-214.593,3867.63,808.693,83.88,-40.73,93.246,-0.876,0.826,33,25.9,7.1,0.7887,222000,186184.9,-120909.9,-224676.5,-462626.9,-17597.8,8546.4,0.0,0.0,-56089.4,52849.7,0,0
61.5167,4276.013,-218.662,3876.013,812.762,83.792,-40.647,93.131,-0.873,0.824,33,25.88,7.12,0.7907,222000,186184.9,-120909.9,-224511.2,-462741.2,-17557.8,8518.6,0.0,0.0,-55884.2,52707.6,0,0
61.6167,4284.387,-222.722,3884.387,816.822,83.705,-40.565,93.017,-0.87,0.821,33,25.86,7.14,0.7927,222000,186184.9,-120909.9,-224346.0,-462856.0,-17518.0,8491.0,0.0,0.0,-55679.2,52565.1,0,0
61.7167,4292.753,-226.773,3892.753,820.873,83.618,-40.483,92.903,-0.867,0.819,33,25.84,7.16,0.7946,222000,186184.9,-120909.9,-224180.8,-462971.4,-17478.4,8463.4,0.0,0.0,-55474.4,52422.2,0,0
61.8167,4301.11,-230.817,3901.11,824.917,83.532,-40.401,92.789,-0.864,0.817,33,25.82,7.18,0.7966,222000,186184.9,-120909.9,-224015.8,-463087.3,-17439.0,8436.0,0.0,0.0,-55269.9,52278.8,0,0
61.9167,4309.458,-234.852,3909.458,828.952,83.446,-40.32,92.676,-0.86,0.815,33,25.79,7.21,0.7986,222000,186184.9,-120909.9,-223850.7,-463203.7,-17399.8,8408.7,0.0,0.0,-55065.6,52135.1,0,0
62.0167,4317.797,-238.879,3917.797,832.979,83.36,-40.239,92.563,-0.857,0.812,33,25.77,7.23,0.8006,222000,186184.9,-120909.9,-223685.8,-463320.6,-17360.7,8381.5,0.0,0.0,-54861.6,51991.1,0,0
62.1167,4326.128,-242.899,3926.128,836.999,83.274,-40.157,92.451,-0.854,0.81,33,25.75,7.25,0.8026,222000,186184.9,-120909.9,-223520.9,-463438.0,-17321.8,8354.5,0.0,0.0,-54657.8,51846.6,0,0
62.2167,4334.451,-246.91,3934.451,841.01,83.189,-40.077,92.339,-0.851,0.808,33,25.73,7.27,0.8046,222000,186184.9,-120909.9,-223356.0,-463555.8,-17283.2,8327.6,0.0,0.0,-54454.3,51701.9,0,0
62.3167,4342.765,-250.913,3942.765,845.013,83.104,-39.996,92.228,-0.848,0.806,33,25.7,7.3,0.8066,222000,186184.9,-120909.9,-223191.2,-463674.1,-17244.7,8300.8,0.0,0.0,-54251.0,51556.8,0,0
62.4167,4351.07,-254.907,3951.07,849.007,83.02,-39.915,92.117,-0.844,0.803,33,25.68,7.32,0.8086,222000,186184.9,-120909.9,-223026.5,-463792.8,-17206.3,8274.1,0.0,0.0,-54047.9,51411.5,0,0
62.5167,4359.367,-258.894,3959.367,852.994,82.935,-39.835,92.006,-0.841,0.801,33,25.66,7.34,0.8106,222000,186184.9,-120909.9,-222861.8,-463911.9,-17168.2,8247.6,0.0,0.0,-53845.1,51265.8,0,0
62.6167,4367.656,-262.873,3967.656,856.973,82.851,-39.755,91.896,-0.838,0.799,33,25.64,7.36,0.8127,222000,186184.9,-120909.9,-222697.1,-464031.4,-17130.3,8221.1,0.0,0.0,-53642.5,51119.9,0,0
62.7167,4375.936,-266.844,3975.936,860.944,82.768,-39.676,91.786,-0.835,0.796,33,25.61,7.39,0.8147,222000,186184.9,-120909.9,-222532.5,-464151.2,-17092.5,8194.8,0.0,0.0,-53440.1,50973.7,0,0
62.8167,4384.208,-270.807,3984.208,864.907,82.684,-39.596,91.676,-0.832,0.794,33,25.59,7.41,0.8167,222000,186184.9,-120909.9,-222367.9,-464271.5,-17054.9,8168.6,0.0,0.0,-53238.0,50827.3,0,0
62.9167,4392.472,-274.762,3992.472,868.862,82.601,-39.517,91.567,-0.829,0.792,33,25.57,7.43,0.8187,222000,186184.9,-120909.9,-222203.4,-464392.1,-17017.5,8142.6,0.0,0.0,-53036.1,50680.6,0,0
63.0167,4400.727,-278.708,4000.727,872.808,82.539,-39.395,91.459,-0.003,2.476,31,25.54,5.46,0.6416,222000,190291.1,-114338.5,-173517.0,-363163.6,-16981.7,8113.7,0.0,0.0,-207.5,158451.6,0,0
63.1167,4408.987,-282.621,4008.987,876.721,82.658,-38.904,91.355,1.547,5.653,27,25.27,1.73,0.3061,222000,197803.4,-100785.9,-81785.6,-173292.5,-16981.3,8014.4,0.0,0.0,99036.5,361776.0,0,0
63.2167,4417.261,-286.48,4017.261,880.58,82.806,-38.356,91.258,1.436,5.367,27,24.91,2.09,0.338,222000,197803.4,-100785.9,-88925.9,-191480.0,-16993.8,7892.1,0.0,0.0,91883.8,343466.2,0,0
63.3167,4425.55,-290.284,4025.55,884.384,82.943,-37.835,91.165,1.333,5.095,27,24.57,2.43,0.3683,222000,197803.4,-100785.9,-95464.2,-208756.6,-17004.9,7776.3,0.0,0.0,85334.3,326073.9,0,0
63.4167,4433.852,-294.039,4033.852,888.139,83.071,-37.341,91.078,1.24,4.837,27,24.26,2.74,0.397,222000,197803.4,-100785.9,-101456.1,-225166.3,-17015.0,7666.7,0.0,0.0,79332.4,309554.5,0,0
63.5167,4442.166,-297.745,4042.166,891.845,83.19,-36.871,90.995,1.154,4.592,27,23.95,3.05,0.4243,222000,197803.4,-100785.9,-106951.4,-240751.5,-17024.0,7562.7,0.0,0.0,73828.0,293865.3,0,0
63.6167,4450.492,-301.406,4050.492,895.506,83.301,-36.426,90.917,1.075,4.359,27,23.67,3.33,0.4501,222000,197803.4,-100785.9,-111995.2,-255553.0,-17032.1,7464.3,0.0,0.0,68776.1,278965.4,0,0
63.7167,4458.828,-305.024,4058.828,899.124,83.404,-36.003,90.843,1.002,4.138,27,23.39,3.61,0.4747,222000,197803.4,-100785.9,-116628.3,-269609.4,-17039.5,7371.0,0.0,0.0,64135.7,264815.7,0,0
63.8167,4467.174,-308.601,4067.174,902.701,83.5,-35.601,90.773,0.935,3.928,27,23.13,3.87,0.498,222000,197803.4,-100785.9,-120887.3,-282957.9,-17046.2,7282.6,0.0,0.0,59869.9,251378.8,0,0
63.9167,4475.529,-312.139,4075.529,906.239,83.59,-35.22,90.707,0.874,3.728,27,22.89,4.11,0.5201,222000,197803.4,-100785.9,-124805.7,-295633.9,-17052.2,7198.8,0.0,0.0,55945.5,238619.0,0,0
64.0167,4483.893,-315.639,4083.893,909.739,83.674,-34.859,90.645,0.818,3.539,27,22.65,4.35,0.5411,222000,197803.4,-100785.9,-128413.5,-307671.1,-17057.8,7119.4,0.0,0.0,52332.2,226502.4,0,0
64.1167,4492.265,-319.105,4092.265,913.205,83.753,-34.515,90.586,0.766,3.359,27,22.43,4.57,0.561,222000,197803.4,-100785.9,-131738.0,-319101.7,-17062.8,7044.2,0.0,0.0,49002.7,214996.7,0,0
64.2167,4500.645,-322.537,4100.645,916.637,83.827,-34.189,90.531,0.718,3.189,27,22.22,4.78,0.58,222000,197803.4,-100785.9,-134803.8,-329956.1,-17067.4,6972.9,0.0,0.0,45932.2,204070.9,0,0
64.3167,4509.032,-325.938,4109.032,920.038,83.896,-33.88,90.479,0.673,3.026,27,22.02,4.98,0.5979,222000,197803.4,-100785.9,-137633.4,-340263.6,-17071.7,6905.4,0.0,0.0,43098.3,193695.8,0,0
64.4167,4517.425,-329.309,4117.425,923.409,83.961,-33.586,90.429,0.633,2.873,27,21.83,5.17,0.615,222000,197803.4,-100785.9,-140247.0,-350051.8,-17075.7,6841.3,0.0,0.0,40480.8,183843.6,0,0
64.5167,4525.825,-332.651,4125.825,926.751,84.022,-33.308,90.383,0.595,2.726,27,21.65,5.35,0.6312,222000,197803.4,-100785.9,-142663.0,-359346.9,-17079.4,6780.6,0.0,0.0,38061.1,174487.8,0,0
64.6167,4534.23,-335.966,4134.23,930.066,84.079,-33.043,90.339,0.56,2.588,27,21.48,5.52,0.6466,222000,197803.4,-100785.9,-144898.2,-368173.9,-17082.8,6723.1,0.0,0.0,35822.5,165603.3,0,0
64.7167,4542.641,-339.257,4142.641,933.357,84.116,-32.835,90.298,-0.153,0.755,29,21.33,7.67,0.8403,222000,194165.6,-107627.7,-186865.3,-478541.3,-17084.9,6671.5,0.0,0.0,-9784.6,48342.5,0,0
64.8167,4551.046,-342.549,4151.046,936.649,83.981,-33.054,90.252,-2.206,-4.254,35,21.43,13.57,1.371,222000,181851.8,-127334.0,-305987.9,-779436.3,-17056.0,6695.8,0.0,0.0,-141192.2,-272234.5,0,0
64.9167,4559.433,-345.874,4159.433,939.974,83.798,-33.361,90.194,-1.52,-2.099,41,21.68,19.32,1.0995,222000,167545.5,-145645.1,-247802.8,-623294.7,-17006.0,6761.1,0.0,0.0,-97263.3,-134338.8,0,1
65.0167,4567.805,-349.22,4167.805,943.32,83.657,-33.533,90.127,-1.425,-1.74,42,21.82,20.18,1.0565,222000,164978.2,-148547.0,-239198.2,-597430.7,-16964.7,6792.3,0.0,0.0,-91184.8,-111345.4,0,1
65.1167,4576.162,-352.584,4176.162,946.684,83.512,-33.709,90.059,-1.465,-1.777,42,21.96,20.04,1.0634,222000,164978.2,-148547.0,-241835.3,-599834.2,-16922.6,6822.7,0.0,0.0,-93779.7,-113718.5,0,1
65.2167,4584.505,-355.965,4184.505,950.065,83.363,-33.889,89.988,-1.507,-1.814,42,22.1,19.9,1.0704,222000,164978.2,-148547.0,-244544.9,-602273.2,-16879.4,6853.7,0.0,0.0,-96446.2,-116126.5,0,1
65.3167,4592.832,-359.365,4192.832,953.465,83.21,-34.073,89.916,-1.55,-1.853,42,22.24,19.76,1.0777,222000,164978.2,-148547.0,-247329.1,-604747.3,-16835.1,6885.2,0.0,0.0,-99186.0,-118569.1,0,1
65.4167,4601.144,-362.783,4201.144,956.883,83.053,-34.26,89.841,-1.594,-1.891,42,22.39,19.61,1.0851,222000,164978.2,-148547.0,-250189.8,-607256.1,-16789.5,6917.3,0.0,0.0,-102001.2,-121045.8,0,1
65.5167,4609.44,-366.22,4209.44,960.32,82.891,-34.452,89.765,-1.639,-1.931,42,22.54,19.46,1.0927,222000,164978.2,-148547.0,-253129.1,-609799.1,-16742.7,6949.9,0.0,0.0,-104893.6,-123556.2,0,1
65.6167,4617.719,-369.677,4217.719,963.777,82.724,-34.647,89.686,-1.685,-1.97,42,22.7,19.3,1.1004,222000,164978.2,-148547.0,-256148.9,-612375.7,-16694.7,6983.2,0.0,0.0,-107865.4,-126099.5,0,1
65.7167,4625.982,-373.153,4225.982,967.253,82.553,-34.846,89.606,-1.733,-2.011,42,22.86,19.14,1.1084,222000,164978.2,-148547.0,-259251.3,-614985.2,-16645.4,7017.0,0.0,0.0,-110918.5,-128675.2,0,1
65.8167,4634.227,-376.65,4234.227,970.75,82.376,-35.05,89.523,-1.782,-2.051,42,23.02,18.98,1.1165,222000,164978.2,-148547.0,-262438.5,-617626.9,-16594.7,7051.3,0.0,0.0,-114055.1,-131282.6,0,1
65.9167,4642.454,-380.167,4242.454,974.267,82.195,-35.257,89.438,-1.832,-2.093,42,23.19,18.81,1.1249,222000,164978.2,-148547.0,-265712.7,-620300.0,-16542.8,7086.3,0.0,0.0,-117277.3,-133920.7,0,1
66.0167,4650.662,-383.705,4250.662,977.805,82.009,-35.469,89.351,-1.884,-2.134,42,23.36,18.64,1.1335,222000,164978.2,-148547.0,-269075.9,-623003.4,-16489.4,7121.8,0.0,0.0,-120587.2,-136588.6,0,1
66.1167,4658.854,-387.26,4258.854,981.36,81.854,-35.588,89.256,-1.203,-0.236,47,23.49,23.51,0.89,222000,151403.6,-162360.5,-211963.8,-487698.6,-16439.0,7144.7,0.0,0.0,-76999.1,-15074.4,0,1
66.2167,4667.034,-390.815,4267.034,984.915,81.776,-35.494,89.147,-0.63,1.338,51,23.47,27.53,0.6891,222000,139709.1,-172526.4,-163618.0,-376774.5,-16401.7,7122.6,0.0,0.0,-40310.6,85661.7,0,1
66.3167,4675.208,-394.356,4275.208,988.456,81.715,-35.358,89.037,-0.605,1.377,51,23.41,27.59,0.6859,222000,139709.1,-172526.4,-162035.1,-374274.1,-16369.0,7086.6,0.0,0.0,-38694.9,88126.1,0,1
66.4167,4683.376,-397.884,4283.376,991.984,81.656,-35.218,88.927,-0.579,1.416,51,23.34,27.66,0.6826,222000,139709.1,-172526.4,-160408.8,-371712.2,-16336.9,7050.0,0.0,0.0,-37036.6,90651.4,0,1
66.5167,4691.538,-401.398,4291.538,995.498,81.6,-35.074,88.818,-0.552,1.457,51,23.27,27.73,0.6791,222000,139709.1,-172526.4,-158738.6,-369087.1,-16305.6,7012.8,0.0,0.0,-35335.0,93239.3,0,1
66.6167,4699.695,-404.896,4299.695,998.996,81.546,-34.926,88.711,-0.525,1.498,51,23.2,27.8,0.6754,222000,139709.1,-172526.4,-157023.9,-366397.2,-16275.0,6974.8,0.0,0.0,-33589.8,95891.3,0,1
66.7167,4707.847,-408.38,4307.847,1002.48,81.495,-34.774,88.604,-0.497,1.541,51,23.12,27.88,0.6715,222000,139709.1,-172526.4,-155264.4,-363640.7,-16245.2,6936.2,0.0,0.0,-31800.4,98609.2,0,1
66.8167,4715.993,-411.849,4315.993,1005.949,81.447,-34.617,88.498,-0.468,1.584,51,23.04,27.96,0.6675,222000,139709.1,-172526.4,-153459.5,-360815.9,-16216.1,6896.9,0.0,0.0,-29966.5,101394.6,0,1
66.9167,4724.136,-415.301,4324.136,1009.401,81.402,-34.456,88.394,-0.439,1.629,51,22.96,28.04,0.6633,222000,139709.1,-172526.4,-151608.9,-357921.0,-16187.9,6856.9,0.0,0.0,-28087.6,104249.5,0,1
67.0167,4732.273,-418.737,4332.273,1012.837,81.36,-34.291,88.291,-0.409,1.675,51,22.87,28.13,0.6589,222000,139709.1,-172526.4,-149712.0,-354954.0,-16160.5,6816.2,0.0,0.0,-26163.4,107175.8,0,1
67.1167,4740.407,-422.156,4340.407,1016.256,81.321,-34.121,88.189,-0.378,1.721,51,22.78,28.22,0.6544,222000,139709.1,-172526.4,-147768.6,-351913.0,-16133.9,6774.7,0.0,0.0,-24193.5,110175.2,0,1
67.2167,4748.537,-425.558,4348.537,1019.658,81.285,-33.946,88.088,-0.347,1.77,51,22.68,28.32,0.6496,222000,139709.1,-172526.4,-145778.4,-348796.0,-16108.2,6732.4,0.0,0.0,-22177.5,113250.0,0,1
67.3167,4756.663,-428.942,4356.663,1023.042,81.252,-33.766,87.989,-0.314,1.819,51,22.58,28.42,0.6446,222000,139709.1,-172526.4,-143740.9,-345600.8,-16083.4,6689.4,0.0,0.0,-20115.2,116402.2,0,1
67.4167,4764.787,-432.308,4364.787,1026.408,81.222,-33.581,87.891,-0.281,1.869,51,22.48,28.52,0.6395,222000,139709.1,-172526.4,-141655.8,-342325.2,-16059.5,6645.5,0.0,0.0,-18006.2,119633.9,0,1
67.5167,4772.905,-435.661,4372.905,1029.761,81.151,-33.524,87.803,-1.03,-0.366,45,22.44,22.56,0.9374,222000,156977.7,-156977.7,-206853.1,-500918.9,-16031.4,6620.1,0.0,0.0,-65906.8,-23436.5,0,1
67.6167,4781.013,-439.021,4381.013,1033.121,81.008,-33.674,87.728,-1.583,-1.88,41,22.55,18.45,1.1428,222000,167545.5,-145645.1,-252898.6,-609151.4,-15990.9,6638.9,0.0,0.0,-101344.0,-120317.6,0,1
67.7167,4789.104,-442.399,4389.104,1036.499,80.847,-33.864,87.652,-1.629,-1.917,41,22.7,18.3,1.1505,222000,167545.5,-145645.1,-255824.2,-611534.8,-15945.7,6670.6,0.0,0.0,-104224.3,-122669.3,0,1
67.8167,4797.179,-445.797,4397.179,1039.897,80.681,-34.058,87.575,-1.675,-1.954,41,22.86,18.14,1.1584,222000,167545.5,-145645.1,-258826.2,-613944.2,-15899.2,6702.8,0.0,0.0,-107179.8,-125046.5,0,1
67.9167,4805.237,-449.214,4405.237,1043.314,80.511,-34.255,87.495,-1.722,-1.991,41,23.02,17.98,1.1665,222000,167545.5,-145645.1,-261906.4,-616378.5,-15851.5,6735.5,0.0,0.0,-110212.3,-127448.2,0,1
68.0167,4813.278,-452.652,4413.278,1046.752,80.334,-34.463,87.414,-1.908,-2.395,40,23.19,16.81,1.2248,222000,170061.9,-142698.8,-276347.7,-645174.3,-15802.4,6768.7,0.0,0.0,-122088.2,-153264.5,0,1
68.1167,4821.299,-456.114,4421.299,1050.214,80.141,-34.714,87.336,-1.288,-1.075,34,23.4,10.6,1.1036,222000,184046.3,-124140.8,-250753.5,-579339.0,-15748.4,6816.3,0.0,0.0,-82455.6,-68823.5,0,0
68.2167,4829.306,-459.592,4429.306,1053.692,80.013,-34.816,87.26,-1.265,-0.982,34,23.5,10.5,1.095,222000,184046.3,-124140.8,-249320.7,-573397.3,-15709.6,6830.7,0.0,0.0,-80983.9,-62867.4,0,0
68.3167,4837.3,-463.079,4437.3,1057.179,79.888,-34.909,87.182,-1.243,-0.894,34,23.59,10.41,1.0869,222000,184046.3,-124140.8,-247931.2,-567764.9,-15671.0,6843.2,0.0,0.0,-79555.9,-57222.5,0,0
68.4167,4845.282,-466.575,4445.282,1060.675,79.765,-34.994,87.104,-1.221,-0.811,34,23.67,10.33,1.0793,222000,184046.3,-124140.8,-246585.2,-562425.9,-15632.7,6853.9,0.0,0.0,-78171.5,-51872.9,0,0
68.5167,4853.251,-470.079,4453.251,1064.179,79.644,-35.07,87.024,-1.2,-0.731,34,23.75,10.25,1.0722,222000,184046.3,-124140.8,-245282.1,-557365.3,-15594.6,6862.8,0.0,0.0,-76830.4,-46803.3,0,0
68.6167,4861.209,-473.59,4461.209,1067.69,79.525,-35.139,86.943,-1.18,-0.656,34,23.83,10.17,1.0656,222000,184046.3,-124140.8,-244021.6,-552568.5,-15556.8,6870.1,0.0,0.0,-75532.1,-41999.3,0,0
68.7167,4869.154,-477.108,4469.154,1071.208,79.402,-35.213,86.86,-1.517,-1.362,35,23.9,11.1,1.1494,222000,181851.8,-127334.0,-263430.7,-594580.1,-15519.3,6875.9,0.0,0.0,-97098.3,-87198.2,0,0
68.8167,4877.082,-480.645,4477.082,1074.745,79.184,-35.483,86.771,-2.162,-2.545,40,24.1,15.9,1.2706,222000,170061.9,-142698.8,-292987.8,-654911.6,-15463.1,6917.7,0.0,0.0,-138389.1,-162852.7,0,1
68.9167,4884.988,-484.208,4484.988,1078.308,78.964,-35.74,86.676,-2.228,-2.59,40,24.32,15.68,1.2813,222000,170061.9,-142698.8,-297265.2,-657877.4,-15403.6,6960.2,0.0,0.0,-142606.9,-165776.1,0,1
69.0167,4892.871,-487.797,4492.871,1081.897,78.737,-36.002,86.578,-2.296,-2.636,40,24.53,15.47,1.2922,222000,170061.9,-142698.8,-301655.1,-660855.4,-15342.3,7003.2,0.0,0.0,-146935.5,-168711.1,0,1
69.1167,4900.731,-491.413,4500.731,1085.513,78.504,-36.268,86.477,-2.365,-2.682,40,24.76,15.24,1.3034,222000,170061.9,-142698.8,-306160.0,-663843.2,-15279.2,7046.7,0.0,0.0,-151377.4,-171655.4,0,1
69.2167,4908.567,-495.056,4508.567,1089.156,78.263,-36.539,86.373,-2.436,-2.728,40,24.99,15.01,1.3149,222000,170061.9,-142698.8,-310782.3,-666838.2,-15214.4,7090.7,0.0,0.0,-155934.8,-174606.3,0,1
69.3167,4916.379,-498.725,4516.379,1092.825,78.015,-36.815,86.265,-2.51,-2.774,40,25.22,14.78,1.3266,222000,170061.9,-142698.8,-315524.4,-669837.5,-15147.7,7135.3,0.0,0.0,-160610.2,-177561.0,0,1
69.4167,4924.166,-502.423,4524.166,1096.523,77.76,-37.095,86.155,-2.584,-2.821,40,25.46,14.54,1.3386,222000,170061.9,-142698.8,-320388.6,-672838.0,-15079.2,7180.3,0.0,0.0,-165405.9,-180516.6,0,1
69.5167,4931.927,-506.149,4531.927,1100.249,77.497,-37.38,86.041,-2.661,-2.867,40,25.71,14.29,1.3509,222000,170061.9,-142698.8,-325377.5,-675836.7,-15008.7,7225.8,0.0,0.0,-170324.3,-183469.7,0,1
69.6167,4939.661,-509.904,4539.661,1104.004,77.226,-37.669,85.923,-2.74,-2.913,40,25.96,14.04,1.3635,222000,170061.9,-142698.8,-330493.3,-678830.0,-14936.3,7271.8,0.0,0.0,-175367.7,-186417.1,0,1
69.7167,4947.367,-513.688,4547.367,1107.788,76.948,-37.963,85.803,-2.821,-2.959,40,26.22,13.78,1.3763,222000,170061.9,-142698.8,-335738.4,-681814.5,-14861.8,7318.3,0.0,0.0,-180538.4,-189355.1,0,1
69.8167,4955.045,-517.502,4555.045,1111.602,76.664,-38.255,85.678,-2.818,-2.833,40,26.48,13.52,1.3671,222000,170061.9,-142698.8,-335596.6,-673794.2,-14785.8,7364.3,0.0,0.0,-180320.5,-181288.7,0,0
69.9167,4962.695,-521.343,4562.695,1115.443,76.386,-38.525,85.551,-2.76,-2.607,40,26.72,13.28,1.3448,222000,170061.9,-142698.8,-332001.1,-659422.9,-14710.1,7406.1,0.0,0.0,-176649.3,-166875.6,0,0
70.0167,4970.318,-525.21,4570.318,1119.31,76.113,-38.773,85.42,-2.704,-2.394,40,26.96,13.04,1.3238,222000,170061.9,-142698.8,-328453.8,-645816.1,-14635.0,7443.2,0.0,0.0,-173026.9,-153231.8,0,0
70.1167,4977.914,-529.101,4577.914,1123.201,75.846,-39.0,85.286,-2.648,-2.192,40,27.18,12.82,1.3041,222000,170061.9,-142698.8,-324964.7,-632933.4,-14560.7,7475.9,0.0,0.0,-169463.5,-140316.4,0,0
70.2167,4985.483,-533.013,4585.483,1127.113,75.584,-39.208,85.149,-2.593,-2.001,40,27.38,12.62,1.2854,222000,170061.9,-142698.8,-321542.1,-620736.3,-14487.1,7504.4,0.0,0.0,-165967.3,-128090.8,0,0
70.3167,4993.026,-536.945,4593.026,1131.045,75.328,-39.398,85.009,-2.54,-1.821,40,27.58,12.42,1.2679,222000,170061.9,-142698.8,-318192.6,-609188.3,-14414.3,7528.9,0.0,0.0,-162545.1,-116518.2,0,0
70.4167,5000.544,-540.895,4600.544,1134.995,75.077,-39.57,84.867,-2.488,-1.649,40,27.76,12.24,1.2514,222000,170061.9,-142698.8,-314921.7,-598254.7,-14342.2,7549.7,0.0,0.0,-159202.0,-105563.8,0,0
70.5167,5008.038,-544.861,4608.038,1138.961,74.831,-39.725,84.722,-2.437,-1.487,40,27.93,12.07,1.2359,222000,170061.9,-142698.8,-311733.4,-587902.7,-14270.8,7567.1,0.0,0.0,-155942.3,-95194.5,0,0
70.6167,5015.507,-548.842,4615.507,1142.942,74.591,-39.865,84.575,-2.387,-1.334,40,28.1,11.9,1.2213,222000,170061.9,-142698.8,-308630.6,-578101.1,-14200.2,7581.0,0.0,0.0,-152768.9,-85378.9,0,0
70.7167,5022.952,-552.836,4622.952,1146.936,74.355,-39.99,84.426,-2.339,-1.189,40,28.25,11.75,1.2077,222000,170061.9,-142698.8,-305615.4,-568820.6,-14130.3,7591.9,0.0,0.0,-149683.8,-76087.6,0,0
70.8167,5030.374,-556.842,4630.374,1150.942,74.124,-40.101,84.276,-2.292,-1.051,40,28.39,11.61,1.1949,222000,170061.9,-142698.8,-302689.2,-560033.3,-14061.1,7599.8,0.0,0.0,-146688.5,-67292.3,0,0
70.9167,5037.773,-560.857,4637.773,1154.957,73.897,-40.198,84.123,-2.247,-0.921,40,28.52,11.48,1.1829,222000,170061.9,-142698.8,-299852.5,-551712.8,-13992.7,7605.0,0.0,0.0,-143783.4,-58966.7,0,0
71.0167,5045.15,-564.882,4645.15,1158.982,73.675,-40.283,83.969,-2.203,-0.798,40,28.65,11.35,1.1716,222000,170061.9,-142698.8,-297105.5,-543834.1,-13925.0,7607.5,0.0,0.0,-140968.6,-51085.4,0,0
71.1167,5052.505,-568.915,4652.505,1163.015,73.457,-40.356,83.813,-2.16,-0.682,40,28.77,11.23,1.1611,222000,170061.9,-142698.8,-294447.5,-536373.5,-13858.0,7607.5,0.0,0.0,-138243.6,-43624.9,0,0
71.2167,5059.838,-572.954,4659.838,1167.054,73.244,-40.418,83.655,-2.119,-0.571,40,28.87,11.13,1.1514,222000,170061.9,-142698.8,-291877.8,-529308.9,-13791.7,7605.2,0.0,0.0,-135607.6,-36562.6,0,0
71.3167,5067.15,-576.999,4667.15,1171.099,73.034,-40.469,83.497,-2.079,-0.467,40,28.98,11.02,1.1422,222000,170061.9,-142698.8,-289395.1,-522619.1,-13726.1,7600.7,0.0,0.0,-133059.3,-29877.3,0,0
71.4167,5074.44,-581.05,4674.44,1175.15,72.791,-40.574,83.335,-3.101,-2.184,43,29.1,13.9,1.3703,222000,162360.5,-151403.6,-347165.5,-623824.0,-13657.4,7600.5,0.0,0.0,-198462.3,-139787.1,0,1
71.5167,5081.703,-585.116,4681.703,1179.216,72.53,-40.689,83.164,-2.367,-0.634,48,29.27,18.73,1.1291,222000,148547.0,-164978.2,-286474.6,-511057.2,-13578.4,7611.4,0.0,0.0,-151506.0,-40583.9,0,1
71.6167,5088.943,-589.188,4688.943,1183.288,72.292,-40.753,82.987,-2.387,-0.633,48,29.39,18.61,1.135,222000,148547.0,-164978.2,-287813.7,-510969.3,-13505.3,7607.1,0.0,0.0,-152772.0,-40500.3,0,1
71.7167,5096.158,-593.267,4696.158,1187.367,72.052,-40.816,82.81,-2.407,-0.631,48,29.51,18.49,1.141,222000,148547.0,-164978.2,-289156.9,-510861.3,-13431.8,7602.6,0.0,0.0,-154041.7,-40396.8,0,1
71.8167,5103.349,-597.353,4703.349,1191.453,71.81,-40.879,82.63,-2.427,-0.629,48,29.63,18.37,1.147,222000,148547.0,-164978.2,-290503.8,-510732.5,-13357.9,7597.9,0.0,0.0,-155314.7,-40272.7,0,1
71.9167,5110.516,-601.444,4710.516,1195.544,71.566,-40.942,82.45,-2.447,-0.627,48,29.75,18.25,1.1531,222000,148547.0,-164978.2,-291854.0,-510582.2,-13283.5,7593.0,0.0,0.0,-156590.5,-40127.4,0,1
72.0167,5117.658,-605.542,4717.658,1199.642,71.321,-41.004,82.268,-2.467,-0.624,48,29.88,18.12,1.1592,222000,148547.0,-164978.2,-293206.8,-510409.7,-13208.8,7587.8,0.0,0.0,-157868.6,-39960.0,0,1
72.1167,5124.776,-609.646,4724.776,1203.746,71.073,-41.067,82.084,-2.487,-0.621,48,30.0,18.0,1.1654,222000,148547.0,-164978.2,-294561.8,-510214.4,-13133.7,7582.4,0.0,0.0,-159148.4,-39770.1,0,1
72.2167,5131.868,-613.756,4731.868,1207.856,70.823,-41.129,81.899,-2.507,-0.618,48,30.12,17.88,1.1717,222000,148547.0,-164978.2,-295918.3,-509995.5,-13058.1,7576.8,0.0,0.0,-160429.4,-39556.9,0,1
72.3167,5138.936,-617.873,4738.936,1211.973,70.571,-41.19,81.712,-2.527,-0.614,48,30.25,17.75,1.178,222000,148547.0,-164978.2,-297275.8,-509752.4,-12982.2,7570.9,0.0,0.0,-161711.0,-39319.7,0,1
72.4167,5145.978,-621.995,4745.978,1216.095,70.317,-41.251,81.524,-2.547,-0.61,48,30.38,17.62,1.1843,222000,148547.0,-164978.2,-298633.6,-509484.3,-12905.8,7564.7,0.0,0.0,-162992.5,-39057.7,0,1
72.5167,5152.995,-626.124,4752.995,1220.224,70.061,-41.312,81.334,-2.567,-0.606,48,30.5,17.5,1.1907,222000,148547.0,-164978.2,-299991.2,-509190.6,-12829.1,7558.3,0.0,0.0,-164273.3,-38770.4,0,1
72.6167,5159.986,-630.259,4759.986,1224.359,69.803,-41.372,81.143,-2.587,-0.601,48,30.63,17.37,1.1972,222000,148547.0,-164978.2,-301347.8,-508870.5,-12752.0,7551.6,0.0,0.0,-165552.8,-38457.1,0,1
72.7167,5166.951,-634.4,4766.951,1228.5,69.544,-41.432,80.95,-2.607,-0.596,48,30.76,17.24,1.2037,222000,148547.0,-164978.2,-302702.8,-508523.3,-12674.4,7544.6,0.0,0.0,-166830.2,-38116.8,0,1
72.8167,5173.89,-638.546,4773.89,1232.646,69.282,-41.491,80.756,-2.627,-0.59,48,30.89,17.11,1.2102,222000,148547.0,-164978.2,-304055.3,-508148.2,-12596.5,7537.3,0.0,0.0,-168104.9,-37749.1,0,1
72.9167,5180.803,-642.699,4780.803,1236.799,69.018,-41.55,80.56,-2.646,-0.584,48,31.03,16.97,1.2168,222000,148547.0,-164978.2,-305404.7,-507744.6,-12518.3,7529.6,0.0,0.0,-169376.0,-37353.2,0,1
73.0167,5187.69,-646.857,4787.69,1240.957,68.752,-41.608,80.362,-2.666,-0.577,48,31.16,16.84,1.2235,222000,148547.0,-164978.2,-306750.3,-507311.8,-12439.6,7521.7,0.0,0.0,-170642.9,-36928.2,0,1
73.1167,5194.549,-651.021,4794.549,1245.121,68.484,-41.665,80.163,-2.686,-0.57,48,31.29,16.71,1.2302,222000,148547.0,-164978.2,-308091.1,-506848.9,-12360.6,7513.4,0.0,0.0,-171904.6,-36473.6,0,1
73.2167,5201.382,-655.191,4801.382,1249.291,68.215,-41.722,79.962,-2.706,-0.562,48,31.43,16.57,1.2369,222000,148547.0,-164978.2,-309426.3,-506355.3,-12281.2,7504.9,0.0,0.0,-173160.5,-35988.6,0,1
73.3167,5208.188,-659.367,4808.188,1253.467,67.943,-41.778,79.76,-2.725,-0.554,48,31.56,16.44,1.2437,222000,148547.0,-164978.2,-310755.2,-505830.3,-12201.4,7495.9,0.0,0.0,-174409.6,-35472.5,0,1
73.4167,5214.966,-663.548,4814.966,1257.648,67.669,-41.833,79.556,-2.745,-0.546,48,31.7,16.3,1.2505,222000,148547.0,-164978.2,-312076.7,-505273.0,-12121.4,7486.6,0.0,0.0,-175651.1,-34924.6,0,1
73.5167,5221.717,-667.734,4821.717,1261.834,67.394,-41.887,79.35,-2.764,-0.537,48,31.84,16.16,1.2574,222000,148547.0,-164978.2,-313390.0,-504682.9,-12040.9,7477.0,0.0,0.0,-176884.0,-34344.1,0,1
73.6167,5228.44,-671.926,4828.44,1266.026,67.116,-41.94,79.142,-2.783,-0.527,48,31.98,16.02,1.2643,222000,148547.0,-164978.2,-314694.2,-504059.1,-11960.1,7467.0,0.0,0.0,-178107.4,-33730.3,0,1
73.7167,5235.135,-676.123,4835.135,1270.223,66.837,-41.992,78.933,-2.802,-0.517,48,32.12,15.88,1.2713,222000,148547.0,-164978.2,-315988.3,-503400.9,-11879.0,7456.5,0.0,0.0,-179320.3,-33082.6,0,1
73.8167,5241.803,-680.325,4841.803,1274.425,66.556,-42.043,78.723,-2.821,-0.506,48,32.26,15.74,1.2783,222000,148547.0,-164978.2,-317271.2,-502707.7,-11797.6,7445.7,0.0,0.0,-180521.8,-32400.1,0,1
73.9167,5248.442,-684.532,4848.442,1278.632,66.272,-42.093,78.51,-2.839,-0.495,48,32.4,15.6,1.2854,222000,148547.0,-164978.2,-318541.9,-501978.7,-11715.8,7434.6,0.0,0.0,-181710.8,-31682.3,0,1
74.0167,5255.052,-688.744,4855.052,1282.844,65.987,-42.142,78.296,-2.858,-0.483,48,32.54,15.46,1.2925,222000,148547.0,-164978.2,-319799.4,-501213.3,-11633.8,7422.9,0.0,0.0,-182886.2,-30928.5,0,1
74.1167,5261.634,-692.961,4861.634,1287.061,65.701,-42.189,78.08,-2.876,-0.471,48,32.68,15.32,1.2996,222000,148547.0,-164978.2,-321042.6,-500410.6,-11551.4,7410.9,0.0,0.0,-184047.0,-30137.8,0,1
74.2167,5268.188,-697.183,4868.188,1291.283,65.412,-42.236,77.863,-2.894,-0.458,48,32.83,15.17,1.3068,222000,148547.0,-164978.2,-322270.3,-499570.1,-11468.8,7398.5,0.0,0.0,-185192.1,-29309.8,0,1
74.3167,5274.712,-701.409,4874.712,1295.509,65.122,-42.281,77.643,-2.911,-0.444,48,32.97,15.03,1.314,222000,148547.0,-164978.2,-323481.5,-498691.1,-11385.9,7385.6,0.0,0.0,-186320.3,-28443.7,0,1
74.4167,5281.207,-705.64,4881.207,1299.74,64.829,-42.324,77.422,-2.929,-0.43,48,33.11,14.89,1.3212,222000,148547.0,-164978.2,-324674.8,-497772.9,-11302.7,7372.2,0.0,0.0,-187430.5,-27538.8,0,1
74.5167,5287.673,-709.875,4887.673,1303.975,64.536,-42.366,77.199,-2.946,-0.416,48,33.26,14.74,1.3285,222000,148547.0,-164978.2,-325849.2,-496814.8,-11219.2,7358.4,0.0,0.0,-188521.4,-26594.5,0,1
74.6167,5294.109,-714.114,4894.109,1308.214,64.24,-42.407,76.975,-2.962,-0.4,48,33.41,14.59,1.3358,222000,148547.0,-164978.2,-327003.4,-495816.3,-11135.5,7344.1,0.0,0.0,-189591.9,-25610.3,0,1
74.7167,5300.516,-718.357,4900.516,1312.457,63.943,-42.446,76.749,-2.979,-0.384,48,33.55,14.45,1.3431,222000,148547.0,-164978.2,-328136.2,-494776.7,-11051.5,7329.4,0.0,0.0,-190640.7,-24585.4,0,1
74.8167,5306.893,-722.604,4906.893,1316.704,63.644,-42.484,76.521,-2.995,-0.367,48,33.7,14.3,1.3504,222000,148547.0,-164978.2,-329246.1,-493695.3,-10967.4,7314.1,0.0,0.0,-191666.5,-23519.4,0,1
74.9167,5313.239,-726.854,4913.239,1320.954,63.344,-42.519,76.291,-3.01,-0.35,48,33.85,14.15,1.3578,222000,148547.0,-164978.2,-330332.0,-492571.8,-10883.0,7298.4,0.0,0.0,-192668.0,-22411.5,0,1
75.0167,5319.556,-731.108,4919.556,1325.208,63.042,-42.553,76.059,-3.026,-0.332,48,33.99,14.01,1.3652,222000,148547.0,-164978.2,-331392.5,-491405.3,-10798.4,7282.2,0.0,0.0,-193643.9,-21261.3,0,1
75.1167,5325.843,-735.365,4925.843,1329.465,62.738,-42.586,75.826,-3.041,-0.314,48,34.14,13.86,1.3726,222000,148547.0,-164978.2,-332426.3,-490195.5,-10713.6,7265.4,0.0,0.0,-194592.8,-20068.2,0,1
75.2167,5332.099,-739.626,4932.099,1333.726,62.433,-42.616,75.591,-3.055,-0.294,48,34.29,13.71,1.3801,222000,148547.0,-164978.2,-333431.8,-488941.8,-10628.6,7248.1,0.0,0.0,-195513.4,-18831.8,0,1
75.3167,5338.324,-743.889,4938.324,1337.989,62.13,-42.639,75.354,-3.005,-0.181,48,34.44,13.56,1.3706,222000,148547.0,-164978.2,-330299.8,-481704.6,-10543.8,7229.8,0.0,0.0,-192296.6,-11613.0,0,0
75.4167,5344.52,-748.153,4944.52,1342.253,61.833,-42.65,75.116,-2.942,-0.055,48,34.57,13.43,1.3583,222000,148547.0,-164978.2,-326403.7,-473599.9,-10460.2,7209.1,0.0,0.0,-188316.8,-3528.9,0,0
75.5167,5350.686,-752.418,4950.686,1346.518,61.543,-42.649,74.876,-2.882,0.065,48,34.7,13.3,1.3469,222000,148547.0,-164978.2,-322630.1,-465912.7,-10377.6,7186.2,0.0,0.0,-184460.8,4135.4,0,0
75.6167,5356.824,-756.683,4956.824,1350.783,61.258,-42.635,74.635,-2.824,0.178,48,34.82,13.18,1.3363,222000,148547.0,-164978.2,-318977.3,-458621.2,-10296.2,7161.2,0.0,0.0,-180726.5,11401.9,0,0
75.7167,5362.933,-760.945,4962.933,1355.045,60.979,-42.611,74.392,-2.767,0.286,48,34.93,13.07,1.3265,222000,148547.0,-164978.2,-315442.9,-451704.6,-10215.9,7134.2,0.0,0.0,-177111.8,18291.4,0,0
75.8167,5369.015,-765.204,4969.015,1359.304,60.705,-42.577,74.148,-2.713,0.388,48,35.03,12.97,1.3174,222000,148547.0,-164978.2,-312024.4,-445143.4,-10136.7,7105.3,0.0,0.0,-173614.1,24823.7,0,0
75.9167,5375.07,-769.459,4975.07,1363.559,60.437,-42.532,73.903,-2.66,0.485,48,35.12,12.88,1.3091,222000,148547.0,-164978.2,-308719.1,-438919.2,-10058.5,7074.8,0.0,0.0,-170230.6,31017.4,0,0
76.0167,5381.099,-773.709,4981.099,1367.809,60.174,-42.478,73.657,-2.609,0.576,48,35.21,12.79,1.3015,222000,148547.0,-164978.2,-305524.1,-433014.4,-9981.3,7042.6,0.0,0.0,-166958.4,36890.0,0,0
76.1167,5387.101,-777.954,4987.101,1372.054,59.916,-42.416,73.41,-2.559,0.663,48,35.28,12.72,1.2945,222000,148547.0,-164978.2,-302436.3,-427412.6,-9905.1,7008.9,0.0,0.0,-163794.4,42458.1,0,0
76.2167,5393.078,-782.191,4993.078,1376.291,59.663,-42.344,73.162,-2.511,0.746,48,35.35,12.65,1.2882,222000,148547.0,-164978.2,-299452.5,-422098.1,-9830.0,6973.7,0.0,0.0,-160735.4,47737.4,0,0
76.3167,5399.029,-786.421,4999.029,1380.521,59.415,-42.265,72.914,-2.465,0.824,48,35.42,12.58,1.2825,222000,148547.0,-164978.2,-296569.5,-417056.3,-9755.7,6937.3,0.0,0.0,-157778.2,52742.8,0,0
76.4167,5404.957,-790.642,5004.957,1384.742,59.171,-42.179,72.665,-2.421,0.898,48,35.47,12.53,1.2774,222000,148547.0,-164978.2,-293784.0,-412273.2,-9682.4,6899.7,0.0,0.0,-154919.4,57488.3,0,0
76.5167,5410.86,-794.855,5010.86,1388.955,58.931,-42.085,72.415,-2.377,0.969,48,35.52,12.48,1.2728,222000,148547.0,-164978.2,-291092.7,-407735.6,-9610.1,6860.9,0.0,0.0,-152155.8,61987.1,0,0
76.6167,5416.739,-799.058,5016.739,1393.158,58.696,-41.984,72.165,-2.336,1.035,48,35.57,12.43,1.2688,222000,148547.0,-164978.2,-288492.4,-403431.2,-9538.6,6821.0,0.0,0.0,-149484.0,66251.7,0,0
76.7167,5422.595,-803.25,5022.595,1397.35,58.465,-41.877,71.915,-2.295,1.098,48,35.61,12.39,1.2654,222000,148547.0,-164978.2,-285979.7,-399348.1,-9468.0,6780.2,0.0,0.0,-146900.7,70293.9,0,0
76.8167,5428.428,-807.431,5028.428,1401.531,58.237,-41.763,71.664,-2.256,1.158,48,35.64,12.36,1.2624,222000,148547.0,-164978.2,-283551.3,-395475.3,-9398.2,6738.4,0.0,0.0,-144402.6,74125.0,0,0
76.9167,5434.239,-811.6,5034.239,1405.7,58.014,-41.644,71.413,-2.219,1.215,48,35.67,12.33,1.2599,222000,148547.0,-164978.2,-281204.2,-391802.3,-9329.3,6695.9,0.0,0.0,-141986.5,77755.4,0,0
77.0167,5440.027,-815.757,5040.027,1409.857,57.794,-41.519,71.162,-2.182,1.269,48,35.69,12.31,1.2579,222000,148547.0,-164978.2,-278935.0,-388319.0,-9261.3,6652.5,0.0,0.0,-139649.3,81195.3,0,0
77.1167,5445.794,-819.902,5045.794,1414.002,57.578,-41.39,70.911,-2.147,1.32,48,35.71,12.29,1.2563,222000,148547.0,-164978.2,-276740.8,-385016.3,-9194.0,6608.4,0.0,0.0,-137387.8,84454.0,0,0
77.2167,5451.54,-824.033,5051.54,1418.133,57.365,-41.255,70.659,-2.112,1.368,48,35.72,12.28,1.2552,222000,148547.0,-164978.2,-274618.4,-381885.1,-9127.5,6563.7,0.0,0.0,-135198.9,87540.5,0,0
77.3167,5457.264,-828.15,5057.264,1422.25,57.156,-41.115,70.408,-2.079,1.413,48,35.73,12.27,1.2544,222000,148547.0,-164978.2,-272564.9,-378917.0,-9061.8,6518.4,0.0,0.0,-133079.7,90463.2,0,0
77.4167,5462.968,-832.253,5062.968,1426.353,56.95,-40.971,70.157,-2.047,1.457,48,35.73,12.27,1.2541,222000,148547.0,-164978.2,-270577.4,-376104.2,-8996.9,6472.6,0.0,0.0,-131027.3,93230.2,0,0
77.5167,5468.651,-836.342,5068.651,1430.442,56.747,-40.823,69.906,-2.016,1.498,48,35.73,12.27,1.2542,222000,148547.0,-164978.2,-268653.2,-373439.0,-8932.7,6426.2,0.0,0.0,-129038.9,95849.0,0,0
77.6167,5474.314,-840.415,5074.314,1434.515,56.547,-40.671,69.655,-1.986,1.536,48,35.73,12.27,1.2546,222000,148547.0,-164978.2,-266789.5,-370914.5,-8869.2,6379.4,0.0,0.0,-127111.7,98326.8,0,0
77.7167,5479.957,-844.474,5079.957,1438.574,56.35,-40.515,69.404,-1.957,1.573,48,35.72,12.28,1.2554,222000,148547.0,-164978.2,-264983.6,-368523.7,-8806.5,6332.2,0.0,0.0,-125243.1,100670.3,0,0
77.8167,5485.581,-848.516,5085.581,1442.616,56.156,-40.356,69.153,-1.929,1.608,48,35.7,12.3,1.2566,222000,148547.0,-164978.2,-263233.0,-366260.5,-8744.4,6284.6,0.0,0.0,-123430.4,102886.0,0,0
77.9167,5491.185,-852.542,5091.185,1446.642,55.965,-40.193,68.903,-1.901,1.64,48,35.69,12.31,1.258,222000,148547.0,-164978.2,-261535.3,-364118.7,-8683.1,6236.8,0.0,0.0,-121671.4,104980.0,0,0
78.0167,5496.771,-856.552,5096.771,1450.652,55.777,-40.028,68.653,-1.874,1.671,48,35.67,12.33,1.2598,222000,148547.0,-164978.2,-259888.1,-362092.5,-8622.4,6188.6,0.0,0.0,-119963.5,106957.9,0,0
78.1167,5502.337,-860.545,5102.337,1454.645,55.591,-39.859,68.404,-1.849,1.7,48,35.64,12.36,1.262,222000,148547.0,-164978.2,-258289.0,-360176.8,-8562.4,6140.2,0.0,0.0,-118304.4,108825.3,0,0
78.2167,5507.886,-864.521,5107.886,1458.621,55.407,-39.687,68.155,-1.823,1.728,48,35.62,12.38,1.2644,222000,148547.0,-164978.2,-256735.9,-358366.1,-8503.0,6091.6,0.0,0.0,-116691.9,110587.3,0,0
78.3167,5513.416,-868.479,5113.416,1462.579,55.226,-39.513,67.906,-1.799,1.754,48,35.59,12.41,1.2671,222000,148547.0,-164978.2,-255226.6,-356655.8,-8444.3,6042.8,0.0,0.0,-115123.9,112248.8,0,0
78.4167,5518.928,-872.42,5118.928,1466.52,55.048,-39.336,67.658,-1.775,1.778,48,35.55,12.45,1.2701,222000,148547.0,-164978.2,-253759.2,-355041.3,-8386.2,5993.9,0.0,0.0,-113598.4,113814.5,0,0
78.5167,5524.423,-876.343,5124.423,1470.443,54.872,-39.157,67.41,-1.752,1.801,48,35.52,12.48,1.2734,222000,148547.0,-164978.2,-252331.5,-353518.0,-8328.8,5944.9,0.0,0.0,-112113.3,115288.7,0,0
78.6167,5529.9,-880.248,5129.9,1474.348,54.698,-38.975,67.164,-1.729,1.823,48,35.48,12.52,1.2769,222000,148547.0,-164978.2,-250941.8,-352082.0,-8271.9,5895.7,0.0,0.0,-110666.8,116675.5,0,0
78.7167,5535.359,-884.135,5135.359,1478.235,54.526,-38.792,66.917,-1.707,1.843,48,35.44,12.56,1.2807,222000,148547.0,-164978.2,-249588.3,-350729.3,-8215.7,5846.5,0.0,0.0,-109257.0,117979.0,0,0
78.8167,5540.802,-888.004,5140.802,1482.104,54.357,-38.606,66.672,-1.686,1.863,48,35.39,12.61,1.2848,222000,148547.0,-164978.2,-248269.1,-349456.2,-8160.1,5797.3,0.0,0.0,-107882.2,119202.9,0,0
78.9167,5546.228,-891.853,5146.228,1485.953,54.189,-38.419,66.427,-1.665,1.88,48,35.34,12.66,1.289,222000,148547.0,-164978.2,-246982.7,-348259.2,-8105.1,5748.0,0.0,0.0,-106540.7,120350.7,0,0
79.0167,5551.637,-895.684,5151.637,1489.784,54.024,-38.23,66.183,-1.644,1.897,48,35.29,12.71,1.2936,222000,148547.0,-164978.2,-245727.4,-347134.9,-8050.6,5698.8,0.0,0.0,-105231.0,121425.8,0,0
79.1167,5557.03,-899.496,5157.03,1493.596,53.861,-38.039,65.939,-1.624,1.913,48,35.24,12.76,1.2983,222000,148547.0,-164978.2,-244501.7,-346080.1,-7996.7,5649.6,0.0,0.0,-103951.4,122431.3,0,0
79.2167,5562.407,-903.289,5162.407,1497.389,53.7,-37.847,65.697,-1.605,1.928,48,35.19,12.81,1.3033,222000,148547.0,-164978.2,-243304.2,-345091.9,-7943.4,5600.4,0.0,0.0,-102700.6,123370.4,0,0
79.3167,5567.768,-907.062,5167.768,1501.162,53.54,-37.654,65.455,-1.586,1.941,48,35.13,12.87,1.3085,222000,148547.0,-164978.2,-242133.4,-344167.4,-7890.7,5551.4,0.0,0.0,-101477.1,124245.8,0,0
79.4167,5573.112,-910.816,5173.112,1504.916,53.383,-37.459,65.214,-1.567,1.954,48,35.07,12.93,1.3139,222000,148547.0,-164978.2,-240988.1,-343303.9,-7838.5,5502.4,0.0,0.0,-100279.6,125060.3,0,0
79.5167,5578.442,-914.551,5178.442,1508.651,53.227,-37.263,64.974,-1.549,1.966,48,35.01,12.99,1.3195,222000,148547.0,-164978.2,-239866.9,-342498.8,-7786.8,5453.5,0.0,0.0,-99106.7,125816.5,0,0
79.6167,5583.755,-918.266,5183.755,1512.366,53.073,-37.065,64.735,-1.531,1.977,48,34.94,13.06,1.3253,222000,148547.0,-164978.2,-238768.6,-341749.7,-7735.7,5404.7,0.0,0.0,-97957.3,126516.9,0,0
79.7167,5589.054,-921.961,5189.054,1516.061,52.921,-36.867,64.497,-1.513,1.987,48,34.87,13.13,1.3313,222000,148547.0,-164978.2,-237692.1,-341054.2,-7685.2,5356.1,0.0,0.0,-96830.3,127163.7,0,0
79.8167,5594.337,-925.636,5194.337,1519.736,52.771,-36.668,64.26,-1.496,1.996,48,34.81,13.19,1.3375,222000,148547.0,-164978.2,-236636.2,-340410.2,-7635.1,5307.6,0.0,0.0,-95724.4,127759.2,0,0
79.9167,5599.606,-929.291,5199.606,1523.391,52.623,-36.468,64.024,-1.479,2.005,48,34.73,13.27,1.3439,222000,148547.0,-164978.2,-235599.9,-339815.5,-7585.6,5259.2,0.0,0.0,-94638.6,128305.6,0,0
80.0167,5604.859,-932.926,5204.859,1527.026,52.476,-36.267,63.789,-1.462,2.013,48,34.66,13.34,1.3505,222000,148547.0,-164978.2,-234582.3,-339268.3,-7536.6,5211.1,0.0,0.0,-93571.9,128804.7,0,0
80.1167,5610.098,-936.541,5210.098,1530.641,52.33,-36.065,63.554,-1.446,2.02,48,34.59,13.41,1.3572,222000,148547.0,-164978.2,-233582.2,-338766.5,-7488.2,5163.1,0.0,0.0,-92523.3,129258.5,0,0
80.2167,5615.323,-940.135,5215.323,1534.235,52.187,-35.863,63.321,-1.43,2.026,48,34.51,13.49,1.3641,222000,148547.0,-164978.2,-232598.8,-338308.5,-7440.2,5115.4,0.0,0.0,-91492.0,129668.8,0,0
80.3167,5620.533,-943.71,5220.533,1537.81,52.045,-35.66,63.09,-1.414,2.032,48,34.43,13.57,1.3712,222000,148547.0,-164978.2,-231631.2,-337892.4,-7392.7,5067.8,0.0,0.0,-90477.0,130037.3,0,0
80.4167,5625.73,-947.264,5225.73,1541.364,51.904,-35.456,62.859,-1.398,2.037,48,34.35,13.65,1.3784,222000,148547.0,-164978.2,-230678.6,-337516.7,-7345.8,5020.5,0.0,0.0,-89477.4,130365.6,0,0
80.5167,5630.912,-950.798,5230.912,1544.898,51.766,-35.251,62.629,-1.365,2.068,48,34.27,13.73,1.3789,222000,148547.0,-164978.2,-228591.0,-335501.2,-7299.4,4973.4,0.0,0.0,-87343.3,132334.0,0,1
80.6167,5636.081,-954.311,5236.081,1548.411,51.632,-35.042,62.401,-1.319,2.116,48,34.18,13.82,1.3745,222000,148547.0,-164978.2,-225679.9,-332334.6,-7253.8,4925.9,0.0,0.0,-84386.7,135453.1,0,1
80.7167,5641.236,-957.802,5241.236,1551.902,51.503,-34.827,62.173,-1.271,2.166,48,34.08,13.92,1.3697,222000,148547.0,-164978.2,-222710.7,-329142.7,-7209.2,4878.1,0.0,0.0,-81373.0,138597.2,0,1
80.8167,5646.379,-961.272,5246.379,1555.372,51.379,-34.608,61.947,-1.223,2.215,48,33.98,14.02,1.3645,222000,148547.0,-164978.2,-219684.6,-325925.5,-7165.6,4829.8,0.0,0.0,-78303.2,141766.2,0,1
80.9167,5651.51,-964.72,5251.51,1558.82,51.259,-34.383,61.723,-1.175,2.265,48,33.87,14.13,1.3591,222000,148547.0,-164978.2,-216602.4,-322682.9,-7122.9,4781.3,0.0,0.0,-75178.3,144960.2,0,1
81.0167,5656.629,-968.145,5256.629,1562.245,51.145,-34.154,61.5,-1.125,2.315,48,33.75,14.25,1.3532,222000,148547.0,-164978.2,-213465.2,-319414.9,-7081.2,4732.4,0.0,0.0,-71999.4,148179.3,0,1
81.1167,5661.738,-971.547,5261.738,1565.647,51.035,-33.92,61.279,-1.074,2.366,48,33.63,14.37,1.347,222000,148547.0,-164978.2,-210274.2,-316121.3,-7040.5,4683.1,0.0,0.0,-68767.7,151423.7,0,1
81.2167,5666.835,-974.925,5266.835,1569.025,50.931,-33.68,61.06,-1.023,2.417,48,33.5,14.5,1.3404,222000,148547.0,-164978.2,-207030.6,-312801.8,-7000.8,4633.5,0.0,0.0,-65484.4,154693.6,0,1
81.3167,5671.922,-978.279,5271.922,1572.379,50.831,-33.435,60.842,-0.971,2.469,48,33.36,14.64,1.3335,222000,148547.0,-164978.2,-203735.8,-309456.3,-6962.1,4583.6,0.0,0.0,-62150.9,157989.1,0,1
81.4167,5677.0,-981.608,5277.0,1575.708,50.737,-33.185,60.626,-0.918,2.52,48,33.21,14.79,1.3261,222000,148547.0,-164978.2,-200390.9,-306084.5,-6924.5,4533.4,0.0,0.0,-58768.4,161310.7,0,1
81.5167,5682.068,-984.911,5282.068,1579.011,50.649,-32.93,60.413,-0.865,2.573,48,33.06,14.94,1.3183,222000,148547.0,-164978.2,-196997.5,-302686.0,-6887.9,4482.8,0.0,0.0,-55338.4,164658.7,0,1
81.6167,5687.128,-988.189,5287.128,1582.289,50.565,-32.67,60.201,-0.81,2.626,48,32.89,15.11,1.3102,222000,148547.0,-164978.2,-193557.1,-299260.3,-6852.3,4432.0,0.0,0.0,-51862.4,168033.5,0,1
81.7167,5692.18,-991.441,5292.18,1585.541,50.488,-32.404,59.992,-0.755,2.679,48,32.72,15.28,1.3016,222000,148547.0,-164978.2,-190071.0,-295807.1,-6817.8,4380.8,0.0,0.0,-48341.9,171435.6,0,1
81.8167,5697.225,-994.665,5297.225,1588.765,50.415,-32.133,59.785,-0.7,2.732,48,32.54,15.46,1.2926,222000,148547.0,-164978.2,-186541.1,-292325.7,-6784.4,4329.3,0.0,0.0,-44778.5,174865.5,0,1
81.9167,5702.262,-997.863,5302.262,1591.963,50.349,-31.857,59.581,-0.643,2.786,48,32.35,15.65,1.2832,222000,148547.0,-164978.2,-182968.8,-288815.6,-6752.1,4277.6,0.0,0.0,-41173.9,178323.8,0,1
82.0167,5707.294,-1001.032,5307.294,1595.132,50.288,-31.575,59.379,-0.586,2.841,48,32.16,15.84,1.2734,222000,148547.0,-164978.2,-179356.0,-285276.2,-6720.9,4225.5,0.0,0.0,-37529.9,181811.2,0,1
82.1167,5712.319,-1004.173,5312.319,1598.273,50.232,-31.288,59.179,-0.529,2.896,48,31.95,16.05,1.2631,222000,148547.0,-164978.2,-175704.4,-281706.6,-6690.8,4173.2,0.0,0.0,-33848.2,185328.4,0,1
82.2167,5717.339,-1007.285,5317.339,1601.385,50.183,-30.995,58.983,-0.471,2.951,48,31.74,16.26,1.2524,222000,148547.0,-164978.2,-172015.8,-278106.2,-6661.9,4120.6,0.0,0.0,-30130.7,188876.2,0,1
82.3167,5722.355,-1010.367,5322.355,1604.467,50.139,-30.697,58.79,-0.412,3.007,48,31.51,16.49,1.2412,222000,148547.0,-164978.2,-168292.3,-274473.9,-6634.1,4067.7,0.0,0.0,-26379.4,192455.6,0,1
82.4167,5727.367,-1013.419,5327.367,1607.519,50.101,-30.393,58.599,-0.353,3.064,48,31.28,16.72,1.2296,222000,148547.0,-164978.2,-164535.6,-270809.0,-6607.4,4014.5,0.0,0.0,-22596.1,196067.4,0,1
82.5167,5732.375,-1016.44,5332.375,1610.54,50.07,-30.083,58.412,-0.293,3.121,48,31.04,16.96,1.2175,222000,148547.0,-164978.2,-160748.0,-267110.3,-6582.0,3961.1,0.0,0.0,-18783.0,199712.6,0,1
82.6167,5737.38,-1019.43,5337.38,1613.53,50.044,-29.768,58.228,-0.233,3.178,48,30.79,17.21,1.2049,222000,148547.0,-164978.2,-156931.4,-263376.8,-6557.7,3907.3,0.0,0.0,-14942.1,203392.4,0,1
82.7167,5742.383,-1022.388,5342.383,1616.488,50.024,-29.446,58.047,-0.173,3.236,48,30.53,17.47,1.1919,222000,148547.0,-164978.2,-153088.1,-259607.2,-6534.5,3853.4,0.0,0.0,-11075.6,207108.0,0,1
82.8167,5747.385,-1025.313,5347.385,1619.413,50.01,-29.119,57.87,-0.112,3.295,48,30.26,17.74,1.1783,222000,148547.0,-164978.2,-149220.1,-255800.4,-6512.6,3799.1,0.0,0.0,-7185.8,210860.6,0,1
82.9167,5752.386,-1028.206,5352.386,1622.306,50.002,-28.786,57.697,-0.051,3.354,48,29.98,18.02,1.1643,222000,148547.0,-164978.2,-145329.9,-251954.9,-6491.9,3744.6,0.0,0.0,-3274.8,214651.5,0,1
83.0167,5757.386,-1031.065,5357.386,1625.165,50.001,-28.448,57.527,0.01,3.414,48,29.69,18.31,1.1498,222000,148547.0,-164978.2,-141419.7,-248069.4,-6472.4,3689.8,0.0,0.0,654.9,218482.2,0,1
83.1167,5762.386,-1033.89,5362.386,1627.99,50.005,-28.103,57.361,0.072,3.474,48,29.39,18.61,1.1348,222000,148547.0,-164978.2,-137491.9,-244142.3,-6454.2,3634.8,0.0,0.0,4600.9,222354.3,0,1
83.2167,5767.387,-1036.68,5367.387,1630.78,50.016,-27.752,57.2,0.134,3.535,48,29.08,18.92,1.1193,222000,148547.0,-164978.2,-133548.9,-240172.0,-6437.2,3579.4,0.0,0.0,8560.9,226269.3,0,1
83.3167,5772.39,-1039.434,5372.39,1633.534,50.033,-27.395,57.042,0.196,3.597,48,28.76,19.24,1.1033,222000,148547.0,-164978.2,-129593.3,-236156.7,-6421.4,3523.8,0.0,0.0,12532.2,230229.0,0,1
83.4167,5777.394,-1042.152,5377.394,1636.252,50.056,-27.031,56.889,0.258,3.66,48,28.43,19.57,1.0868,222000,148547.0,-164978.2,-125627.7,-232094.7,-6406.9,3467.9,0.0,0.0,16512.4,234235.1,0,1
83.5167,5782.402,-1044.834,5382.402,1638.934,50.086,-26.661,56.74,0.32,3.723,48,28.08,19.92,1.0697,222000,148547.0,-164978.2,-121654.6,-227984.1,-6393.7,3411.8,0.0,0.0,20498.6,238289.5,0,1
83.6167,5787.412,-1047.478,5387.412,1641.578,50.122,-26.285,56.596,0.383,3.787,48,27.73,20.27,1.0522,222000,148547.0,-164978.2,-117676.8,-223822.8,-6381.8,3355.3,0.0,0.0,24488.3,242394.3,0,1
83.7167,5792.427,-1050.084,5392.427,1644.184,50.163,-25.903,56.456,0.445,3.852,48,27.37,20.63,1.0341,222000,148547.0,-164978.2,-113697.1,-219608.8,-6371.2,3298.5,0.0,0.0,28478.7,246551.6,0,1
83.8167,5797.446,-1052.652,5397.446,1646.752,50.212,-25.514,56.322,0.507,3.918,48,27.0,21.0,1.0154,222000,148547.0,-164978.2,-109718.2,-215339.8,-6361.9,3241.5,0.0,0.0,32466.9,250763.5,0,1
83.9167,5802.47,-1055.18,5402.47,1649.28,50.266,-25.118,56.192,0.57,3.985,48,26.62,21.38,0.9963,222000,148547.0,-164978.2,-105743.0,-211013.5,-6353.9,3184.1,0.0,0.0,36450.0,255032.4,0,1
84.0167,5807.5,-1057.669,5407.5,1651.769,50.327,-24.716,56.068,0.632,4.053,48,26.22,21.78,0.9766,222000,148547.0,-164978.2,-101774.6,-206627.5,-6347.3,3126.4,0.0,0.0,40425.1,259360.7,0,1
84.1167,5812.537,-1060.116,5412.537,1654.216,50.393,-24.306,55.949,0.694,4.121,48,25.82,22.18,0.9564,222000,148547.0,-164978.2,-97815.9,-202179.2,-6342.0,3068.3,0.0,0.0,44389.1,263750.9,0,1
84.2167,5817.58,-1062.523,5417.58,1656.623,50.466,-23.89,55.835,0.755,4.191,48,25.4,22.6,0.9356,222000,148547.0,-164978.2,-93870.2,-197665.9,-6338.1,3009.9,0.0,0.0,48338.8,268205.8,0,1
84.3167,5822.631,-1064.887,5422.631,1658.987,50.545,-23.467,55.727,0.817,4.261,48,24.98,23.02,0.9143,222000,148547.0,-164978.2,-89940.5,-193085.0,-6335.5,2951.1,0.0,0.0,52271.1,272728.0,0,1
84.4167,5827.691,-1067.209,5427.691,1661.309,50.631,-23.037,55.625,0.878,4.333,48,24.54,23.46,0.8924,222000,148547.0,-164978.2,-86030.1,-188433.3,-6334.3,2891.9,0.0,0.0,56182.6,277320.5,0,1
84.5167,5832.759,-1069.487,5432.759,1663.587,50.722,-22.599,55.529,0.939,4.406,48,24.09,23.91,0.87,222000,148547.0,-164978.2,-82142.5,-183708.0,-6334.5,2832.4,0.0,0.0,60070.0,281986.2,0,1
84.6167,5837.837,-1071.721,5437.837,1665.821,50.819,-22.154,55.438,0.999,4.48,48,23.63,24.37,0.8471,222000,148547.0,-164978.2,-78281.0,-178905.8,-6336.1,2772.4,0.0,0.0,63929.9,286728.4,0,1
84.7167,5842.925,-1073.91,5442.925,1668.01,50.923,-21.702,55.354,1.059,4.555,48,23.16,24.84,0.8236,222000,148547.0,-164978.2,-74449.4,-174023.5,-6339.1,2711.9,0.0,0.0,67758.5,291550.3,0,1
84.8167,5848.024,-1076.054,5448.024,1670.154,51.032,-21.242,55.276,1.118,4.632,48,22.68,25.32,0.7995,222000,148547.0,-164978.2,-70651.1,-169057.6,-6343.5,2651.0,0.0,0.0,71552.4,296455.3,0,1
84.9167,5853.133,-1078.151,5453.133,1672.251,51.147,-20.774,55.205,1.177,4.71,48,22.19,25.81,0.7749,222000,148547.0,-164978.2,-66889.9,-164004.6,-6349.4,2589.6,0.0,0.0,75307.6,301446.9,0,1
85.0167,5858.255,-1080.2,5458.255,1674.3,51.268,-20.299,55.141,1.235,4.79,48,21.68,26.32,0.7497,222000,148547.0,-164978.2,-63169.9,-158860.7,-6356.8,2527.7,0.0,0.0,79020.4,306528.8,0,1
85.1167,5863.389,-1082.202,5463.389,1676.302,51.395,-19.815,55.083,1.292,4.87,48,21.17,26.83,0.724,222000,148547.0,-164978.2,-59494.9,-153622.2,-6365.6,2465.3,0.0,0.0,82686.6,311704.9,0,1
85.2167,5868.537,-1084.155,5468.537,1678.255,51.528,-19.323,55.032,1.348,4.953,48,20.64,27.36,0.6977,222000,148547.0,-164978.2,-55869.1,-148284.9,-6375.8,2402.2,0.0,0.0,86302.0,316979.1,0,1
85.3167,5873.697,-1086.058,5473.697,1680.158,51.666,-18.823,54.988,1.404,5.037,48,20.11,27.89,0.6709,222000,148547.0,-164978.2,-52296.9,-142844.8,-6387.6,2338.5,0.0,0.0,89862.5,322355.6,0,1
85.4167,5878.872,-1087.911,5478.872,1682.011,51.809,-18.314,54.951,1.459,5.122,48,19.56,28.44,0.6435,222000,148547.0,-164978.2,-48782.6,-137297.5,-6400.8,2274.2,0.0,0.0,93363.6,327838.6,0,1
85.5167,5884.062,-1089.712,5484.062,1683.812,51.958,-17.797,54.922,1.513,5.21,48,19.0,29.0,0.6156,222000,148547.0,-164978.2,-45331.0,-131638.6,-6415.5,2209.3,0.0,0.0,96800.5,333432.5,0,1
85.6167,5889.267,-1091.461,5489.267,1685.561,52.113,-17.271,54.9,1.565,5.299,48,18.43,29.57,0.5871,222000,148547.0,-164978.2,-41946.6,-125863.4,-6431.8,2143.5,0.0,0.0,100168.5,339142.0,0,1
85.7167,5894.487,-1093.157,5494.487,1687.257,52.272,-16.735,54.886,1.617,5.39,48,17.85,30.15,0.558,222000,148547.0,-164978.2,-38634.7,-119967.1,-6449.6,2077.1,0.0,0.0,103462.7,344971.8,0,1
85.8167,5899.724,-1094.799,5499.724,1688.899,52.437,-16.191,54.88,1.667,5.483,48,17.26,30.74,0.5284,222000,148547.0,-164978.2,-35400.3,-113944.8,-6468.9,2009.8,0.0,0.0,106677.8,350926.8,0,1
85.9167,5904.978,-1096.386,5504.978,1690.486,52.606,-15.637,54.881,1.716,5.578,48,16.66,31.34,0.4983,222000,148547.0,-164978.2,-32248.8,-107791.3,-6489.8,1941.6,0.0,0.0,109808.4,357012.2,0,1
86.0167,5910.248,-1097.917,5510.248,1692.017,52.78,-15.087,54.894,1.748,5.291,45,16.05,28.95,0.6179,222000,156977.7,-156977.7,-38586.4,-134136.0,-6512.3,1873.4,0.0,0.0,111879.0,338599.6,0,1
86.1167,5915.537,-1099.397,5515.537,1693.497,52.956,-14.596,54.93,1.753,4.624,39,15.5,23.5,0.8903,222000,172526.4,-139709.1,-53788.8,-194012.7,-6537.8,1812.6,0.0,0.0,112199.8,295930.7,0,1
86.2167,5920.842,-1100.83,5520.842,1694.93,53.132,-14.152,54.985,1.783,4.449,37,15.0,22.0,0.9654,222000,177297.1,-133602.9,-56603.7,-211280.4,-6565.8,1759.0,0.0,0.0,114127.6,284715.7,0,1
86.3167,5926.166,-1102.219,5526.166,1696.319,53.313,-13.703,55.046,1.832,4.519,37,14.5,22.5,0.9404,222000,177297.1,-133602.9,-53464.3,-206747.1,-6595.3,1705.5,0.0,0.0,117237.4,289195.5,0,1
86.4167,5931.508,-1103.563,5531.508,1697.663,53.499,-13.247,55.115,1.88,4.59,37,13.99,23.01,0.9151,222000,177297.1,-133602.9,-50370.2,-202131.3,-6626.4,1651.3,0.0,0.0,120300.5,293757.1,0,1
86.5167,5936.869,-1104.861,5536.869,1698.961,53.69,-12.784,55.191,1.927,4.663,37,13.48,23.52,0.8895,222000,177297.1,-133602.9,-47324.3,-197429.0,-6658.9,1596.2,0.0,0.0,123313.8,298404.2,0,1
86.6167,5942.25,-1106.112,5542.25,1700.212,53.885,-12.314,55.274,1.973,4.737,37,12.96,24.04,0.8634,222000,177297.1,-133602.9,-44329.8,-192636.5,-6693.0,1540.2,0.0,0.0,126274.2,303140.8,0,1
86.7167,5947.65,-1107.316,5547.65,1701.416,54.085,-11.842,55.366,2.012,4.559,35,12.43,22.57,0.9372,222000,181851.8,-127334.0,-46348.2,-210204.0,-6728.7,1483.6,0.0,0.0,128774.8,291785.7,0,1
86.8167,5953.07,-1108.475,5553.07,1702.575,54.287,-11.426,55.476,2.022,3.874,29,11.96,17.04,1.2134,222000,194165.6,-107627.7,-57966.9,-273695.9,-6766.9,1433.2,0.0,0.0,129431.7,247949.6,0,1
86.9167,5958.511,-1109.596,5558.511,1703.696,54.49,-11.058,55.601,2.049,3.674,27,11.54,15.46,1.2925,222000,197803.4,-100785.9,-59886.3,-293283.2,-6807.3,1390.0,0.0,0.0,131109.9,235160.9,0,1
87.0167,5963.972,-1110.681,5563.972,1704.781,54.698,-10.688,55.732,2.091,3.72,27,11.13,15.87,1.2718,222000,197803.4,-100785.9,-57101.8,-290351.4,-6849.1,1347.0,0.0,0.0,133852.5,238049.7,0,1
87.1167,5969.454,-1111.728,5569.454,1705.828,54.909,-10.314,55.869,2.134,3.765,27,10.71,16.29,1.2509,222000,197803.4,-100785.9,-54342.7,-287381.9,-6892.3,1303.3,0.0,0.0,136568.4,240975.5,0,1
87.2167,5974.957,-1112.737,5574.957,1706.837,55.128,-9.939,56.017,2.318,4.183,22,10.3,11.7,1.2032,222000,205834.8,-83162.7,-50552.8,-278238.8,-6937.4,1260.4,0.0,0.0,148344.6,267699.0,0,0
87.3167,5980.485,-1113.702,5580.485,1707.802,55.384,-9.418,56.179,2.632,5.508,18,9.75,8.25,0.8924,222000,211134.5,-68601.8,-35726.6,-207904.0,-6988.8,1201.0,0.0,0.0,168419.1,352535.2,0,0
87.4167,5986.038,-1114.612,5586.038,1708.712,55.647,-8.88,56.351,2.63,5.288,18,9.16,8.84,0.9454,222000,211134.5,-68601.8,-35799.3,-221958.2,-7043.3,1136.0,0.0,0.0,168291.9,338416.1,0,0
87.5167,5991.618,-1115.47,5591.618,1709.57,55.91,-8.364,56.532,2.631,5.072,18,8.6,9.4,0.9961,222000,211134.5,-68601.8,-35644.8,-235705.6,-7099.2,1073.6,0.0,0.0,168390.6,324606.2,0,0
87.6167,5997.225,-1116.277,5597.225,1710.377,56.173,-7.869,56.721,2.636,4.861,18,8.06,9.94,1.0445,222000,211134.5,-68601.8,-35289.3,-249152.5,-7156.4,1013.6,0.0,0.0,168688.8,311099.3,0,0
87.7167,6002.857,-1117.036,5602.857,1711.136,56.437,-7.395,56.919,2.643,4.655,18,7.55,10.45,1.0907,222000,211134.5,-68601.8,-34757.5,-262304.9,-7215.0,956.0,0.0,0.0,169162.0,297889.4,0,0
87.8167,6008.517,-1117.749,5608.517,1711.849,56.702,-6.941,57.125,2.653,4.453,18,7.06,10.94,1.1347,222000,211134.5,-68601.8,-34072.2,-275168.3,-7274.9,900.8,0.0,0.0,169787.5,284970.7,0,0
87.9167,6014.202,-1118.418,5614.202,1712.518,56.968,-6.508,57.338,2.665,4.255,18,6.59,11.41,1.1767,222000,211134.5,-68601.8,-33254.4,-287748.2,-7336.2,847.8,0.0,0.0,170543.9,272337.9,0,0
88.0167,6019.915,-1119.044,5619.915,1713.144,57.235,-6.093,57.558,2.678,4.062,18,6.15,11.85,1.2166,222000,211134.5,-68601.8,-32324.0,-300049.6,-7398.8,797.1,0.0,0.0,171411.8,259985.7,0,0
88.1167,6025.654,-1119.63,5625.654,1713.73,57.504,-5.698,57.785,2.693,3.874,18,5.73,12.27,1.2546,222000,211134.5,-68601.8,-31299.2,-312077.4,-7462.7,748.5,0.0,0.0,172372.6,247909.3,0,0
88.2167,6031.42,-1120.178,5631.42,1714.278,57.774,-5.322,58.019,2.71,3.689,18,5.33,12.67,1.2905,222000,211134.5,-68601.8,-30197.0,-323836.2,-7527.9,702.0,0.0,0.0,173409.6,236104.0,0,0
88.3167,6037.213,-1120.689,5637.213,1714.789,58.046,-4.963,58.258,2.727,3.509,18,4.95,13.05,1.3246,222000,211134.5,-68601.8,-29033.1,-335330.2,-7594.4,657.5,0.0,0.0,174507.1,224565.6,0,0
88.4167,6043.034,-1121.166,5643.034,1715.266,58.32,-4.623,58.503,2.745,3.333,18,4.59,13.41,1.3569,222000,211134.5,-68601.8,-27822.0,-346563.5,-7662.2,615.1,0.0,0.0,175650.4,213289.8,0,0
88.5167,6048.882,-1121.609,5648.882,1715.709,58.595,-4.299,58.753,2.766,3.198,18,4.25,13.75,1.378,222000,211134.5,-68601.8,-26397.1,-355127.4,-7731.2,574.7,0.0,0.0,177006.3,204685.5,0,1
88.6167,6054.757,-1122.02,5654.757,1716.12,58.874,-3.978,59.008,2.798,3.214,18,3.92,14.08,1.3615,222000,211134.5,-68601.8,-24264.6,-354060.7,-7801.5,534.7,0.0,0.0,179068.4,205712.2,0,1
88.7167,6060.661,-1122.399,5660.661,1716.499,59.155,-3.656,59.268,2.83,3.23,18,3.59,14.41,1.345,222000,211134.5,-68601.8,-22152.9,-352994.5,-7873.3,494.1,0.0,0.0,181108.3,206737.9,0,1
88.8167,6066.593,-1122.746,5666.593,1716.846,59.44,-3.332,59.533,2.861,3.246,18,3.26,14.74,1.3286,222000,211134.5,-68601.8,-20062.2,-351928.0,-7946.5,453.0,0.0,0.0,183125.9,207763.3,0,1
88.9167,6072.554,-1123.06,5672.554,1717.16,59.728,-3.006,59.804,2.893,3.262,18,2.94,15.06,1.3123,222000,211134.5,-68601.8,-17992.6,-350860.3,-8021.1,411.3,0.0,0.0,185120.9,208789.3,0,1
89.0167,6078.544,-1123.341,5678.544,1717.441,60.019,-2.679,60.079,2.923,3.278,18,2.61,15.39,1.296,222000,211134.5,-68601.8,-15944.1,-349790.5,-8097.2,369.1,0.0,0.0,187093.3,209816.8,0,1
89.1167,6084.563,-1123.59,5684.563,1717.69,60.313,-2.35,60.359,2.954,3.294,18,2.29,15.71,1.2797,222000,211134.5,-68601.8,-13916.8,-348717.9,-8174.7,326.2,0.0,0.0,189043.0,210846.6,0,1
89.2167,6090.612,-1123.806,5690.612,1717.906,60.61,-2.02,60.644,2.984,3.311,18,1.96,16.04,1.2636,222000,211134.5,-68601.8,-11910.9,-347641.4,-8253.6,282.8,0.0,0.0,190970.0,211879.6,0,1
89.3167,6096.69,-1123.988,5696.69,1718.088,60.911,-1.688,60.934,3.014,3.327,18,1.64,16.36,1.2475,222000,211134.5,-68601.8,-9926.4,-346560.2,-8334.0,238.7,0.0,0.0,192874.2,212916.7,0,1
89.4167,6102.799,-1124.138,5702.799,1718.238,61.214,-1.354,61.229,3.043,3.343,18,1.32,16.68,1.2315,222000,211134.5,-68601.8,-7963.3,-345473.2,-8415.9,194.0,0.0,0.0,194755.3,213959.0,0,1
89.5167,6108.938,-1124.254,5708.938,1718.354,61.52,-1.019,61.528,3.072,3.359,18,1.0,17.0,1.2156,222000,211134.5,-68601.8,-6021.8,-344379.6,-8499.2,148.6,0.0,0.0,196613.5,215007.2,0,1
89.6167,6115.108,-1124.336,5715.108,1718.436,61.828,-0.682,61.832,3.101,3.376,18,0.68,17.32,1.1997,222000,211134.5,-68601.8,-4102.0,-343278.3,-8584.0,102.6,0.0,0.0,198448.5,216062.5,0,1
89.7167,6121.309,-1124.384,5721.309,1718.484,62.14,-0.343,62.141,3.129,3.393,18,0.37,17.63,1.1839,222000,211134.5,-68601.8,-2203.9,-342168.3,-8670.3,55.8,0.0,0.0,200260.3,217125.8,0,1
89.8167,6127.541,-1124.399,5727.541,1718.499,62.455,-0.003,62.455,3.157,3.409,18,0.06,17.94,1.1682,222000,211134.5,-68601.8,-327.7,-341048.6,-8758.1,8.4,0.0,0.0,202048.8,218198.1,0,1
89.9167,6133.805,-1124.379,5733.805,1718.479,62.772,0.339,62.773,3.185,3.426,18,-0.26,18.26,1.1526,222000,211134.5,-68601.8,1526.6,-339918.0,-8847.3,-39.7,0.0,0.0,203813.8,219280.5,0,1
90.0167,6140.101,-1124.325,5740.101,1718.425,63.092,0.682,63.096,3.212,3.443,18,-0.57,18.57,1.1371,222000,211134.5,-68601.8,3358.9,-338775.5,-8938.1,-88.6,0.0,0.0,205555.4,220374.1,0,1
90.1167,6146.429,-1124.237,5746.429,1718.337,63.415,1.028,63.423,3.239,3.461,18,-0.88,18.88,1.1216,222000,211134.5,-68601.8,5169.0,-337619.9,-9030.3,-138.3,0.0,0.0,207273.3,221480.1,0,1
90.2167,6152.79,-1124.114,5752.79,1718.214,63.74,1.375,63.755,3.265,3.478,18,-1.18,19.18,1.1063,222000,211134.5,-68601.8,6956.9,-336450.1,-9124.1,-188.7,0.0,0.0,208967.4,222599.4,0,1
90.3167,6159.183,-1123.956,5759.183,1718.056,64.068,1.724,64.092,3.291,3.496,18,-1.49,19.49,1.091,222000,211134.5,-68601.8,8722.4,-335264.9,-9219.3,-239.9,0.0,0.0,210637.6,223733.4,0,1
90.4167,6165.609,-1123.763,5765.609,1717.863,64.399,2.074,64.432,3.317,3.514,18,-1.79,19.79,1.0758,222000,211134.5,-68601.8,10465.4,-334063.1,-9316.1,-291.9,0.0,0.0,212283.9,224883.2,0,1
90.5167,6172.068,-1123.535,5772.068,1717.635,64.732,2.427,64.778,3.342,3.532,18,-2.1,20.1,1.0606,222000,211134.5,-68601.8,12185.7,-332843.4,-9414.4,-344.7,0.0,0.0,213905.9,226050.1,0,1
90.6167,6178.561,-1123.272,5778.561,1717.372,65.068,2.781,65.127,3.367,3.551,18,-2.4,20.4,1.0456,222000,211134.5,-68601.8,13883.3,-331604.6,-9514.2,-398.3,0.0,0.0,215503.6,227235.3,0,1
90.7167,6185.087,-1122.973,5785.087,1717.073,65.406,3.137,65.481,3.392,3.569,18,-2.7,20.7,1.0307,222000,211134.5,-68601.8,15557.9,-330345.2,-9615.5,-452.9,0.0,0.0,217076.9,228440.2,0,1
90.8167,6191.648,-1122.639,5791.648,1716.739,65.748,3.485,65.84,3.478,3.197,16,-2.99,18.99,1.1159,222000,213400.1,-61191.5,18888.1,-361509.6,-9718.5,-507.8,0.0,0.0,222569.6,204631.1,0,1
90.9167,6198.243,-1122.275,5798.243,1716.375,66.107,3.742,66.213,3.647,2.347,10,-3.21,13.21,1.3388,222000,218627.3,-38549.9,24584.5,-438508.0,-9826.2,-550.9,0.0,0.0,233385.6,150231.2,0,0
91.0167,6204.875,-1121.88,5804.875,1715.98,66.468,4.122,66.596,3.612,4.24,6,-3.49,9.49,1.0042,222000,220783.9,-23205.3,20295.4,-332636.9,-9937.0,-606.3,0.0,0.0,231142.2,271391.5,0,0
91.1167,6211.543,-1121.443,5811.543,1715.543,66.832,4.534,66.985,3.655,4.022,6,-3.83,9.83,1.0344,222000,220783.9,-23205.3,23181.4,-346528.8,-10049.7,-672.3,0.0,0.0,233915.5,257433.6,0,0
91.2167,6218.248,-1120.967,5818.248,1715.067,67.2,4.924,67.38,3.698,3.81,6,-4.14,10.14,1.0626,222000,220783.9,-23205.3,26062.6,-360035.6,-10164.5,-735.8,0.0,0.0,236682.0,243863.3,0,0
91.3167,6224.99,-1120.453,5824.99,1714.553,67.572,5.293,67.779,3.741,3.604,6,-4.43,10.43,1.0889,222000,220783.9,-23205.3,28922.7,-373164.7,-10281.2,-796.9,0.0,0.0,239425.4,230673.1,0,0
91.4167,6231.769,-1119.903,5831.769,1714.003,67.949,5.641,68.183,3.783,3.404,6,-4.7,10.7,1.1132,222000,220783.9,-23205.3,31747.3,-385923.1,-10399.9,-855.5,0.0,0.0,242131.2,217856.1,0,0
91.5167,6238.586,-1119.32,5838.586,1713.42,68.33,5.97,68.59,3.825,3.209,6,-4.95,10.95,1.1358,222000,220783.9,-23205.3,34523.0,-398317.3,-10520.6,-911.8,0.0,0.0,244786.3,205405.6,0,0
91.6167,6245.441,-1118.704,5845.441,1712.804,68.714,6.28,69.001,3.865,3.021,6,-5.19,11.19,1.1567,222000,220783.9,-23205.3,37238.4,-410353.8,-10643.2,-965.8,0.0,0.0,247379.1,193315.0,0,0
91.7167,6252.335,-1118.059,5852.335,1712.159,69.103,6.571,69.415,3.905,2.837,6,-5.4,11.4,1.1759,222000,220783.9,-23205.3,39882.9,-422038.8,-10767.6,-1017.5,0.0,0.0,249899.2,181578.3,0,0
91.8167,6259.268,-1117.386,5859.268,1711.486,69.496,6.845,69.832,3.943,2.659,6,-5.59,11.59,1.1935,222000,220783.9,-23205.3,42447.6,-433378.3,-10893.8,-1067.0,0.0,0.0,252337.7,170189.4,0,0
91.9167,6266.241,-1116.686,5866.241,1710.786,69.892,7.101,70.252,3.979,2.487,6,-5.77,11.77,1.2095,222000,220783.9,-23205.3,44924.6,-444378.0,-11021.8,-1114.3,0.0,0.0,254686.6,159142.4,0,0
92.0167,6273.254,-1115.962,5873.254,1710.062,70.292,7.339,70.675,4.015,2.319,6,-5.94,11.94,1.2242,222000,220783.9,-23205.3,47306.9,-455043.6,-11151.5,-1159.3,0.0,0.0,256939.3,148431.8,0,0
92.1167,6280.306,-1115.215,5880.306,1709.315,70.696,7.562,71.099,4.048,2.157,6,-6.08,12.08,1.2374,222000,220783.9,-23205.3,49589.0,-465380.5,-11282.8,-1202.3,0.0,0.0,259090.0,138051.9,0,0
92.2167,6287.4,-1114.447,5887.4,1708.547,71.103,7.768,71.526,4.08,2.0,6,-6.21,12.21,1.2493,222000,220783.9,-23205.3,51765.9,-475394.1,-11415.8,-1243.1,0.0,0.0,261133.9,127997.5,0,0
92.3167,6294.534,-1113.659,5894.534,1707.759,71.512,7.959,71.954,4.11,1.848,6,-6.33,12.33,1.2599,222000,220783.9,-23205.3,53833.7,-485089.8,-11550.4,-1281.8,0.0,0.0,263067.1,118263.1,0,0
92.4167,6301.709,-1112.853,5901.709,1706.953,71.925,8.136,72.384,4.139,1.701,6,-6.44,12.44,1.2693,222000,220783.9,-23205.3,55789.2,-494472.6,-11686.4,-1318.5,0.0,0.0,264886.6,108843.5,0,0
92.5167,6308.926,-1112.029,5908.926,1706.129,72.34,8.297,72.815,4.165,1.558,6,-6.53,12.53,1.2776,222000,220783.9,-23205.3,57630.3,-503547.8,-11824.0,-1353.2,0.0,0.0,266590.1,99733.6,0,0
92.6167,6316.184,-1111.191,5916.184,1705.291,72.759,8.445,73.247,4.19,1.421,6,-6.61,12.61,1.2848,222000,220783.9,-23205.3,59355.1,-512320.5,-11962.9,-1386.0,0.0,0.0,268176.0,90928.2,0,0
92.7167,6323.485,-1110.339,5923.485,1704.439,73.179,8.579,73.68,4.213,1.288,6,-6.68,12.68,1.2909,222000,220783.9,-23205.3,60962.7,-520795.7,-12103.2,-1416.8,0.0,0.0,269643.3,82422.2,0,0
92.8167,6330.827,-1109.473,5930.827,1703.573,73.601,8.701,74.114,4.234,1.16,6,-6.73,12.73,1.296,222000,220783.9,-23205.3,62452.8,-528978.6,-12244.9,-1445.7,0.0,0.0,270991.8,74210.5,0,0
92.9167,6338.212,-1108.597,5938.212,1702.697,74.026,8.809,74.548,4.253,1.036,6,-6.78,12.78,1.3002,222000,220783.9,-23205.3,63825.4,-536874.1,-12387.8,-1472.7,0.0,0.0,272221.5,66287.9,0,0
93.0167,6345.639,-1107.71,5945.639,1701.81,74.452,8.906,74.983,4.271,0.916,6,-6.82,12.82,1.3034,222000,220783.9,-23205.3,65081.2,-544487.4,-12531.9,-1497.9,0.0,0.0,273333.2,58649.4,0,0
93.1167,6353.11,-1106.815,5953.11,1700.915,74.88,8.991,75.418,4.286,0.801,6,-6.84,12.84,1.3059,222000,220783.9,-23205.3,66221.3,-551823.6,-12677.1,-1521.3,0.0,0.0,274328.1,51289.8,0,0
93.2167,6360.623,-1105.911,5960.623,1700.011,75.31,9.064,75.853,4.3,0.691,6,-6.86,12.86,1.3075,222000,220783.9,-23205.3,67247.2,-558887.8,-12823.5,-1543.0,0.0,0.0,275207.6,44204.0,0,0
93.3167,6368.179,-1105.001,5968.179,1699.101,75.741,9.127,76.289,4.312,0.584,6,-6.87,12.87,1.3084,222000,220783.9,-23205.3,68160.8,-565685.1,-12970.9,-1562.9,0.0,0.0,275973.7,37386.7,0,0
93.4167,6375.778,-1104.085,5975.778,1698.185,76.173,9.171,76.723,4.368,-0.011,7,-6.87,13.87,1.3719,222000,220345.2,-27055.0,72304.5,-599937.4,-13119.4,-1581.1,0.0,0.0,279530.4,-733.5,0,1
93.5167,6383.42,-1103.164,5983.42,1697.264,76.593,9.264,77.151,4.066,1.602,13,-6.88,19.88,1.0714,222000,216310.2,-49939.1,57185.9,-473766.7,-13266.4,-1601.3,0.0,0.0,260229.7,102532.8,0,1
93.6167,6391.103,-1102.226,5991.103,1696.326,76.99,9.474,77.57,3.969,2.142,15,-7.0,22.0,0.9657,222000,214435.5,-57457.8,52960.1,-431619.0,-13408.3,-1645.2,0.0,0.0,253987.4,137118.0,0,1
93.7167,6398.825,-1101.266,5998.825,1695.366,77.387,9.687,77.991,3.984,2.112,15,-7.12,22.12,0.9597,222000,214435.5,-57457.8,54111.3,-433497.4,-13550.7,-1691.5,0.0,0.0,254996.1,135193.3,0,1
93.8167,6406.587,-1100.285,6006.587,1694.385,77.787,9.896,78.414,4.0,2.081,15,-7.23,22.23,0.9539,222000,214435.5,-57457.8,55251.4,-435443.2,-13694.4,-1737.6,0.0,0.0,255992.5,133201.3,0,1
93.9167,6414.389,-1099.283,6014.389,1693.383,78.188,10.103,78.838,4.015,2.049,15,-7.34,22.34,0.9483,222000,214435.5,-57457.8,56380.5,-437458.6,-13839.5,-1783.7,0.0,0.0,256976.5,131139.9,0,1
94.0167,6422.231,-1098.261,6022.231,1692.361,78.59,10.305,79.263,4.03,2.016,15,-7.45,22.45,0.9428,222000,214435.5,-57457.8,57498.6,-439545.9,-13985.8,-1829.5,0.0,0.0,257948.4,129006.7,0,1
94.1167,6430.114,-1097.219,6030.114,1691.319,78.994,10.505,79.689,4.045,1.981,15,-7.56,22.56,0.9376,222000,214435.5,-57457.8,58606.0,-441707.7,-14133.4,-1875.2,0.0,0.0,258908.2,126799.3,0,1
94.2167,6438.037,-1096.157,6038.037,1690.257,79.399,10.701,80.117,4.06,1.946,15,-7.66,22.66,0.9325,222000,214435.5,-57457.8,59702.6,-443946.3,-14282.2,-1920.7,0.0,0.0,259855.9,124515.2,0,1
94.3167,6446.0,-1095.075,6046.0,1689.175,79.806,10.894,80.546,4.075,1.909,15,-7.76,22.76,0.9276,222000,214435.5,-57457.8,60788.6,-446264.4,-14432.3,-1965.9,0.0,0.0,260791.8,122151.8,0,1
94.4167,6454.005,-1093.975,6054.005,1688.075,80.215,11.082,80.977,4.089,1.87,15,-7.85,22.85,0.9229,222000,214435.5,-57457.8,61864.0,-448664.9,-14583.7,-2010.9,0.0,0.0,261715.8,119706.4,0,1
94.5167,6462.05,-1092.856,6062.05,1686.956,80.624,11.267,81.408,4.104,1.831,15,-7.94,22.94,0.9184,222000,214435.5,-57457.8,62928.9,-451150.6,-14736.3,-2055.5,0.0,0.0,262628.1,117176.1,0,1
94.6167,6470.137,-1091.719,6070.137,1685.819,81.036,11.448,81.84,4.118,1.79,15,-8.03,23.03,0.9141,222000,214435.5,-57457.8,63983.2,-453724.5,-14890.2,-2099.8,0.0,0.0,263528.5,114557.9,0,1
94.7167,6478.264,-1090.564,6078.264,1684.664,81.448,11.624,82.273,4.132,1.748,15,-8.11,23.11,0.91,222000,214435.5,-57457.8,65026.9,-456389.7,-15045.3,-2143.7,0.0,0.0,264417.1,111848.8,0,1
94.8167,6486.433,-1089.391,6086.433,1683.491,81.862,11.796,82.708,4.145,1.704,15,-8.19,23.19,0.9061,222000,214435.5,-57457.8,66060.1,-459149.4,-15201.6,-2187.1,0.0,0.0,265294.0,109045.6,0,1
94.9167,6494.644,-1088.202,6094.644,1682.302,82.277,11.964,83.143,4.159,1.659,15,-8.26,23.26,0.9024,222000,214435.5,-57457.8,67082.6,-462007.2,-15359.2,-2230.1,0.0,0.0,266159.0,106144.8,0,1
95.0167,6502.896,-1086.996,6102.896,1681.096,82.694,12.127,83.579,4.172,1.612,15,-8.33,23.33,0.8989,222000,214435.5,-57457.8,68094.5,-464966.5,-15518.0,-2272.6,0.0,0.0,267012.0,103143.1,0,1
95.1167,6511.189,-1085.774,6111.189,1679.874,83.112,12.286,84.015,4.185,1.563,15,-8.4,23.4,0.8956,222000,214435.5,-57457.8,69095.4,-468031.0,-15678.0,-2314.5,0.0,0.0,267853.0,100036.6,0,1
95.2167,6519.525,-1084.536,6119.525,1678.636,83.531,12.439,84.452,4.198,1.513,15,-8.46,23.46,0.8925,222000,214435.5,-57457.8,70085.4,-471204.7,-15839.1,-2355.9,0.0,0.0,268681.8,96821.6,0,1
95.3167,6527.903,-1083.284,6127.903,1677.384,83.952,12.587,84.89,4.211,1.461,15,-8.52,23.52,0.8896,222000,214435.5,-57457.8,71064.2,-474491.4,-16001.5,-2396.5,0.0,0.0,269498.2,93494.2,0,1
95.4167,6536.322,-1082.017,6136.322,1676.117,84.374,12.73,85.329,4.223,1.407,15,-8.57,23.57,0.8869,222000,214435.5,-57457.8,72031.6,-477895.4,-16165.0,-2436.5,0.0,0.0,270302.1,90050.2,0,1
95.5167,6544.784,-1080.735,6144.784,1674.835,84.797,12.868,85.768,4.236,1.351,15,-8.62,23.62,0.8844,222000,214435.5,-57457.8,72987.2,-481421.1,-16329.7,-2475.7,0.0,0.0,271093.0,86485.3,0,1
95.6167,6553.289,-1079.441,6153.289,1673.541,85.221,12.999,86.207,4.248,1.294,15,-8.67,23.67,0.8822,222000,214435.5,-57457.8,73930.8,-485073.0,-16495.6,-2514.1,0.0,0.0,271870.8,82795.0,0,1
95.7167,6561.836,-1078.134,6161.836,1672.234,85.647,13.125,86.646,4.26,1.234,15,-8.71,23.71,0.8802,222000,214435.5,-57457.8,74862.0,-488855.8,-16662.6,-2551.7,0.0,0.0,272634.9,78974.7,0,1
95.8167,6570.425,-1076.814,6170.425,1670.914,86.073,13.245,87.086,4.272,1.172,15,-8.74,23.74,0.8783,222000,214435.5,-57457.8,75780.2,-492774.5,-16830.7,-2588.3,0.0,0.0,273385.1,75019.4,0,1
95.9167,6579.058,-1075.483,6179.058,1669.583,86.501,13.359,87.527,4.283,1.108,15,-8.77,23.77,0.8768,222000,214435.5,-57457.8,76685.1,-496834.2,-16999.9,-2623.9,0.0,0.0,274120.7,70924.1,0,1
96.0167,6587.733,-1074.141,6187.733,1668.241,86.93,13.466,87.967,4.294,1.042,15,-8.8,23.8,0.8754,222000,214435.5,-57457.8,77576.0,-501040.2,-17170.3,-2658.5,0.0,0.0,274841.2,66683.5,0,1
96.1167,6596.451,-1072.788,6196.451,1666.888,87.36,13.566,88.407,4.305,0.973,15,-8.82,23.82,0.8743,222000,214435.5,-57457.8,78452.1,-505398.2,-17341.7,-2691.9,0.0,0.0,275546.0,62292.1,0,1
96.2167,6605.212,-1071.426,6205.212,1665.526,87.791,13.659,88.848,4.316,0.902,15,-8.84,23.84,0.8734,222000,214435.5,-57457.8,79312.9,-509913.9,-17514.2,-2724.2,0.0,0.0,276234.2,57744.1,0,1
96.3167,6614.016,-1070.055,6214.016,1664.155,88.224,13.745,89.288,4.327,0.829,15,-8.85,23.85,0.8728,222000,214435.5,-57457.8,80157.4,-514593.3,-17687.8,-2755.2,0.0,0.0,276905.1,53033.6,0,1
96.4167,6622.864,-1068.676,6222.864,1662.776,88.657,13.823,89.728,4.337,0.752,15,-8.86,23.86,0.8724,222000,214435.5,-57457.8,80984.6,-519442.9,-17862.4,-2784.9,0.0,0.0,277557.7,48154.4,0,1
96.5167,6631.755,-1067.289,6231.755,1661.389,89.091,13.894,90.168,4.347,0.673,15,-8.86,23.86,0.8723,222000,214435.5,-57457.8,81793.5,-524469.0,-18038.0,-2813.1,0.0,0.0,278191.0,43100.0,0,1
96.6167,6640.689,-1065.896,6240.689,1659.996,89.526,13.957,90.608,4.356,0.592,15,-8.86,23.86,0.8724,222000,214435.5,-57457.8,82582.9,-529678.6,-18214.7,-2839.9,0.0,0.0,278803.8,37863.7,0,1
96.7167,6649.668,-1064.497,6249.668,1658.597,89.963,14.011,91.047,4.366,0.507,15,-8.85,23.85,0.8728,222000,214435.5,-57457.8,83351.5,-535078.7,-18392.3,-2865.0,0.0,0.0,279394.7,32438.4,0,1
96.8167,6658.689,-1063.094,6258.689,1657.194,90.4,14.057,91.486,4.374,0.419,15,-8.84,23.84,0.8734,222000,214435.5,-57457.8,84097.7,-540676.7,-18570.8,-2888.5,0.0,0.0,279962.4,26816.9,0,1
96.9167,6667.755,-1061.686,6267.755,1655.786,90.838,14.093,91.924,4.383,0.328,15,-8.82,23.82,0.8744,222000,214435.5,-57457.8,84820.0,-546480.3,-18750.4,-2910.3,0.0,0.0,280505.2,20991.6,0,1
97.0167,6676.864,-1060.275,6276.864,1654.375,91.276,14.12,92.362,4.391,0.234,15,-8.8,23.8,0.8756,222000,214435.5,-57457.8,85516.6,-552497.5,-18930.8,-2930.1,0.0,0.0,281021.3,14954.5,0,1
97.1167,6686.017,-1058.862,6286.017,1652.962,91.716,14.138,92.799,4.399,0.136,15,-8.77,23.77,0.877,222000,214435.5,-57457.8,86185.4,-558736.6,-19112.1,-2948.1,0.0,0.0,281508.8,8697.5,0,1
97.2167,6695.215,-1057.447,6295.215,1651.547,92.156,14.146,93.235,4.406,0.035,15,-8.73,23.73,0.8788,222000,214435.5,-57457.8,86824.3,-565206.2,-19294.3,-2963.9,0.0,0.0,281965.5,2212.1,0,1
97.3167,6704.456,-1056.033,6304.456,1650.133,92.597,14.143,93.671,4.412,-0.07,15,-8.69,23.69,0.8809,222000,214435.5,-57457.8,87430.8,-571915.3,-19477.3,-2977.6,0.0,0.0,282389.0,-4510.7,0,1
97.4167,6713.741,-1054.619,6313.741,1648.719,93.039,14.13,94.105,4.418,-0.179,15,-8.64,23.64,0.8833,222000,214435.5,-57457.8,88002.3,-578873.3,-19661.2,-2989.0,0.0,0.0,282776.7,-11480.1,0,1
97.5167,6723.071,-1053.209,6323.071,1647.309,93.49,14.059,94.541,4.699,-1.674,12,-8.58,20.58,1.0367,222000,217148.8,-46156.4,103429.4,-685829.2,-19847.0,-2993.1,0.0,0.0,300731.2,-107138.7,0,1
97.6167,6732.449,-1051.82,6332.449,1645.92,93.99,13.719,94.986,5.204,-4.667,6,-8.36,14.36,1.3476,222000,220783.9,-23205.3,132289.7,-900403.2,-20045.1,-2945.1,0.0,0.0,333028.5,-298713.6,0,1
97.7167,6741.878,-1050.475,6341.878,1644.575,94.505,13.262,95.432,5.111,-4.497,5,-8.04,13.04,1.3236,222000,221155.2,-19348.6,126204.7,-893448.7,-20250.2,-2860.5,0.0,0.0,327109.7,-287817.7,0,0
97.8167,6751.358,-1049.175,6351.358,1643.275,95.011,12.822,95.872,5.011,-4.343,5,-7.74,12.74,1.2962,222000,221155.2,-19348.6,120033.6,-883692.9,-20453.1,-2778.2,0.0,0.0,320735.7,-277979.7,0,0
97.9167,6760.888,-1047.917,6360.888,1642.017,95.506,12.396,96.307,4.917,-4.195,5,-7.44,12.44,1.2699,222000,221155.2,-19348.6,114209.9,-874249.0,-20653.9,-2698.2,0.0,0.0,314711.3,-268455.8,0,0
98.0167,6770.467,-1046.702,6370.467,1640.802,95.993,11.985,96.738,4.828,-4.051,5,-7.16,12.16,1.2446,222000,221155.2,-19348.6,108712.7,-865115.5,-20852.6,-2620.4,0.0,0.0,309015.3,-259244.5,0,0
98.1167,6780.095,-1045.527,6380.095,1639.627,96.471,11.588,97.164,4.744,-3.912,5,-6.89,11.89,1.2204,222000,221155.2,-19348.6,103522.0,-856289.7,-21049.3,-2544.8,0.0,0.0,303627.9,-250343.1,0,0
98.2167,6789.769,-1044.39,6389.769,1638.49,96.94,11.205,97.586,4.665,-3.777,5,-6.64,11.64,1.1972,222000,221155.2,-19348.6,98619.1,-847768.2,-21244.2,-2471.3,0.0,0.0,298530.1,-241748.1,0,0
98.3167,6799.49,-1043.292,6399.49,1637.392,97.402,10.835,98.003,4.589,-3.648,5,-6.39,11.39,1.1749,222000,221155.2,-19348.6,93986.4,-839546.8,-21437.3,-2399.9,0.0,0.0,293704.3,-233455.3,0,0
98.4167,6809.257,-1042.229,6409.257,1636.329,97.857,10.477,98.416,4.518,-3.523,5,-6.15,11.15,1.1535,222000,221155.2,-19348.6,89607.2,-831620.6,-21628.8,-2330.5,0.0,0.0,289133.7,-225459.7,0,0
98.5167,6819.069,-1041.202,6419.069,1635.302,98.305,10.132,98.826,4.45,-3.402,5,-5.92,10.92,1.133,222000,221155.2,-19348.6,85466.0,-823984.2,-21818.7,-2263.1,0.0,0.0,284802.6,-217755.9,0,0
98.6167,6828.925,-1040.208,6428.925,1634.308,98.746,9.799,99.231,4.386,-3.287,5,-5.7,10.7,1.1132,222000,221155.2,-19348.6,81548.1,-816631.8,-22007.0,-2197.6,0.0,0.0,280696.3,-210338.0,0,0
98.7167,6838.825,-1039.247,6438.825,1633.347,99.181,9.477,99.633,4.325,-3.175,5,-5.49,10.49,1.0943,222000,221155.2,-19348.6,77839.6,-809557.0,-22193.9,-2134.0,0.0,0.0,276800.9,-203199.5,0,0
98.8167,6848.769,-1038.317,6448.769,1632.417,99.61,9.165,100.031,4.267,-3.068,5,-5.29,10.29,1.0761,222000,221155.2,-19348.6,74327.8,-802753.2,-22379.5,-2072.1,0.0,0.0,273103.5,-196333.9,0,0
98.9167,6858.754,-1037.419,6458.754,1631.519,100.034,8.865,100.426,4.212,-2.965,5,-5.1,10.1,1.0586,222000,221155.2,-19348.6,71000.3,-796213.6,-22563.8,-2012.1,0.0,0.0,269591.7,-189734.2,0,0
99.0167,6868.782,-1036.549,6468.782,1630.649,100.452,8.574,100.817,4.16,-2.866,5,-4.91,9.91,1.0418,222000,221155.2,-19348.6,67845.9,-789931.1,-22746.9,-1953.7,0.0,0.0,266254.2,-183393.3,0,0
99.1167,6878.852,-1035.708,6478.852,1629.808,100.865,8.293,101.205,4.111,-2.77,5,-4.73,9.73,1.0257,222000,221155.2,-19348.6,64853.8,-783898.5,-22928.8,-1897.0,0.0,0.0,263080.2,-177304.0,0,0
99.2167,6888.962,-1034.895,6488.962,1628.995,101.273,8.021,101.591,4.063,-2.679,5,-4.56,9.56,1.0101,222000,221155.2,-19348.6,62014.1,-778108.4,-23109.7,-1841.8,0.0,0.0,260059.6,-171458.8,0,0
99.3167,6899.113,-1034.108,6499.113,1628.208,101.677,7.759,101.973,4.018,-2.591,5,-4.39,9.39,0.9952,222000,221155.2,-19348.6,59317.4,-772553.5,-23289.5,-1788.2,0.0,0.0,257183.1,-165850.3,0,0
99.4167,6909.304,-1033.347,6509.304,1627.447,102.076,7.504,102.352,3.976,-2.507,5,-4.23,9.23,0.9808,222000,221155.2,-19348.6,56754.8,-767226.4,-23468.3,-1736.0,0.0,0.0,254441.8,-160471.0,0,0
99.5167,6919.535,-1032.611,6519.535,1626.711,102.472,7.258,102.728,3.935,-2.427,5,-4.08,9.08,0.9669,222000,221155.2,-19348.6,54318.3,-762119.6,-23646.1,-1685.3,0.0,0.0,251827.4,-155313.5,0,0
99.6167,6929.805,-1031.899,6529.805,1625.999,102.863,7.02,103.102,3.896,-2.35,5,-3.93,8.93,0.9536,222000,221155.2,-19348.6,52000.1,-757225.7,-23823.1,-1636.0,0.0,0.0,249332.2,-150370.3,0,0
99.7167,6940.114,-1031.222,6540.114,1625.322,103.266,6.498,103.47,4.151,-8.079,10,-3.68,13.68,1.381,222000,218627.3,-38549.9,71007.3,-1104829.0,-24001.3,-1542.6,0.0,0.0,265633.3,-517081.5,0,0
99.8167,6950.464,-1030.613,6550.464,1624.713,103.662,5.809,103.825,3.903,-6.757,13,-3.27,16.27,1.2519,222000,216310.2,-49939.1,57666.7,-1008949.9,-24177.6,-1381.9,0.0,0.0,249799.2,-432430.9,0,1
99.9167,6960.853,-1030.073,6560.853,1624.173,104.047,5.112,104.173,3.811,-7.115,13,-2.88,15.88,1.2715,222000,216310.2,-49939.1,51912.4,-1032007.8,-24349.5,-1224.8,0.0,0.0,243873.1,-455331.7,0,1
100.0167,6971.279,-1029.604,6571.279,1623.704,104.423,4.379,104.514,3.709,-7.484,13,-2.47,15.47,1.2919,222000,216310.2,-49939.1,45567.0,-1055849.8,-24518.1,-1058.1,0.0,0.0,237359.0,-479007.0,0,1
100.1167,6981.743,-1029.211,6581.743,1623.311,104.787,3.608,104.849,3.597,-7.867,13,-2.05,15.05,1.3132,222000,216310.2,-49939.1,38582.2,-1080492.9,-24683.3,-881.4,0.0,0.0,230209.0,-503473.5,0,1
100.2167,6992.242,-1028.897,6592.242,1622.997,105.14,2.799,105.177,3.475,-8.262,13,-1.6,14.6,1.3354,222000,216310.2,-49939.1,30906.4,-1105953.3,-24844.6,-694.3,0.0,0.0,222371.9,-528746.8,0,1
100.3167,7002.776,-1028.666,6602.776,1622.766,105.479,1.949,105.497,3.341,-8.669,13,-1.14,14.14,1.3586,222000,216310.2,-49939.1,22484.2,-1132245.8,-25001.8,-496.5,0.0,0.0,213792.6,-554841.4,0,1
100.4167,7013.343,-1028.523,6613.343,1622.623,105.805,1.058,105.81,3.193,-9.041,13,-0.66,13.66,1.379,222000,216310.2,-49939.1,13220.0,-1156223.5,-25154.3,-287.6,0.0,0.0,204375.9,-578610.3,0,0
100.5167,7023.942,-1028.469,6623.942,1622.569,106.115,0.182,106.115,3.038,-8.574,13,-0.18,13.18,1.3358,222000,216310.2,-49939.1,3448.7,-1126590.9,-25301.8,-77.5,0.0,0.0,194457.1,-548767.5,0,0
100.6167,7034.571,-1028.499,6634.571,1622.599,106.411,-0.65,106.413,2.899,-8.131,13,0.28,12.72,1.2951,222000,216310.2,-49939.1,-5309.2,-1098408.9,-25444.3,123.0,0.0,0.0,185556.7,-520385.1,0,0
100.7167,7045.229,-1028.611,6645.229,1622.711,106.693,-1.438,106.703,2.775,-7.71,13,0.7,12.3,1.2567,222000,216310.2,-49939.1,-13158.1,-1071630.4,-25582.3,314.1,0.0,0.0,177569.8,-493415.5,0,0
100.8167,7055.914,-1028.798,6655.914,1622.898,106.964,-2.185,106.986,2.663,-7.31,13,1.11,11.89,1.2205,222000,216310.2,-49939.1,-20192.2,-1046206.4,-25716.1,496.3,0.0,0.0,170401.8,-467809.2,0,0
100.9167,7066.626,-1029.058,6666.626,1623.158,107.224,-2.894,107.263,2.562,-6.93,13,1.48,11.52,1.1864,222000,216310.2,-49939.1,-26496.5,-1022086.4,-25846.2,670.0,0.0,0.0,163967.5,-443515.5,0,0
101.0167,7077.363,-1029.387,6677.363,1623.487,107.475,-3.566,107.534,2.472,-6.57,13,1.84,11.16,1.1542,222000,216310.2,-49939.1,-32147.3,-999219.3,-25972.7,835.6,0.0,0.0,158190.2,-420482.9,0,0
101.1167,7088.124,-1029.781,6688.124,1623.881,107.718,-4.203,107.8,2.391,-6.229,13,2.18,10.82,1.1238,222000,216310.2,-49939.1,-37213.3,-977553.9,-26096.1,993.4,0.0,0.0,153000.7,-398659.6,0,0
101.2167,7098.91,-1030.237,6698.91,1624.337,107.952,-4.807,108.059,2.318,-5.906,13,2.5,10.5,1.0952,222000,216310.2,-49939.1,-41756.4,-957039.1,-26216.5,1143.8,0.0,0.0,148337.2,-377994.4,0,0
101.3167,7109.718,-1030.751,6709.718,1624.851,108.18,-5.379,108.314,2.252,-5.601,13,2.8,10.2,1.0681,222000,216310.2,-49939.1,-45831.9,-937624.2,-26334.3,1287.2,0.0,0.0,144144.0,-358436.1,0,0
101.4167,7120.55,-1031.321,6720.55,1625.421,108.402,-5.923,108.564,2.193,-5.311,13,3.08,9.92,1.0427,222000,216310.2,-49939.1,-49489.5,-919259.6,-26449.6,1423.9,0.0,0.0,140371.1,-339934.8,0,0
101.5167,7131.402,-1031.944,6731.402,1626.044,108.618,-6.438,108.809,2.14,-5.038,13,3.35,9.65,1.0186,222000,216310.2,-49939.1,-52773.8,-901896.5,-26562.6,1554.3,0.0,0.0,136973.7,-322441.3,0,0
101.6167,7142.277,-1032.616,6742.277,1626.716,108.829,-6.926,109.05,2.092,-4.78,13,3.6,9.4,0.9959,222000,216310.2,-49939.1,-55724.7,-885487.4,-26673.6,1678.6,0.0,0.0,133911.9,-305907.9,0,0
101.7167,7153.172,-1033.336,6753.172,1627.436,109.036,-7.39,109.286,2.049,-4.536,13,3.84,9.16,0.9745,222000,216310.2,-49939.1,-58377.9,-869986.1,-26782.6,1797.2,0.0,0.0,131149.7,-290288.0,0,0
101.8167,7164.087,-1034.101,6764.087,1628.201,109.239,-7.83,109.519,2.01,-4.305,13,4.06,8.94,0.9543,222000,216310.2,-49939.1,-60765.4,-855347.9,-26889.9,1910.3,0.0,0.0,128654.9,-275536.7,0,0
101.9167,7175.023,-1034.909,6775.023,1629.009,109.438,-8.248,109.748,1.975,-4.088,13,4.28,8.72,0.9352,222000,216310.2,-49939.1,-62915.7,-841529.5,-26995.5,2018.3,0.0,0.0,126399.0,-261610.3,0,0
102.0167,7185.978,-1035.757,6785.978,1629.857,109.633,-8.644,109.974,1.943,-3.882,13,4.48,8.52,0.9172,222000,216310.2,-49939.1,-64854.4,-828489.2,-27099.6,2121.4,0.0,0.0,124356.1,-248467.0,0,0
102.1167,7196.952,-1036.643,6796.952,1630.743,109.826,-9.021,110.196,1.914,-3.689,13,4.67,8.33,0.9001,222000,216310.2,-49939.1,-66604.4,-816187.1,-27202.4,2219.8,0.0,0.0,122503.4,-236066.4,0,0
102.2167,7207.946,-1037.566,6807.946,1631.666,110.016,-9.379,110.415,1.888,-3.506,13,4.84,8.16,0.884,222000,216310.2,-49939.1,-68185.9,-804584.5,-27303.8,2313.9,0.0,0.0,120820.4,-224369.8,0,0
102.3167,7218.959,-1038.524,6818.959,1632.624,110.203,-9.72,110.631,1.864,-3.333,13,5.01,7.99,0.8688,222000,216310.2,-49939.1,-69617.3,-793644.7,-27404.1,2403.8,0.0,0.0,119288.7,-213340.0,0,0
102.4167,7229.99,-1039.515,6829.99,1633.615,110.388,-10.043,110.844,1.842,-3.171,13,5.17,7.83,0.8544,222000,216310.2,-49939.1,-70914.8,-783332.2,-27503.3,2489.9,0.0,0.0,117892.1,-202941.5,0,0
102.5167,7241.039,-1040.541,6841.039,1634.641,110.558,-10.486,111.054,1.409,-7.029,16,5.36,10.64,1.1077,222000,213400.1,-61191.5,-95593.1,-1019069.0,-27599.7,2589.0,0.0,0.0,90207.3,-449831.5,0,0
102.6167,7252.101,-1041.647,6852.101,1635.747,110.656,-11.506,111.252,0.824,-10.903,20,5.84,14.16,1.3577,222000,208611.8,-75928.5,-128198.0,-1252528.4,-27676.6,2832.7,0.0,0.0,52737.2,-697784.1,0,1
102.7167,7263.17,-1042.863,6863.17,1636.963,110.724,-12.619,111.441,0.598,-11.171,20,6.41,13.59,1.3733,222000,208611.8,-75928.5,-142617.0,-1269959.9,-27742.0,3115.4,0.0,0.0,38252.7,-714933.0,0,0
102.8167,7274.246,-1044.188,6874.246,1638.288,110.777,-13.696,111.621,0.486,-10.489,20,6.96,13.04,1.3236,222000,208611.8,-75928.5,-149731.7,-1226604.1,-27800.9,3393.7,0.0,0.0,31079.2,-671299.0,0,0
102.9167,7285.326,-1045.617,6885.326,1639.717,110.82,-14.708,111.792,0.393,-9.847,20,7.48,12.52,1.2771,222000,208611.8,-75928.5,-155623.5,-1185773.2,-27855.1,3655.8,0.0,0.0,25133.1,-630205.9,0,0
103.0167,7296.41,-1047.144,6896.41,1641.244,110.855,-15.657,111.955,0.316,-9.243,20,7.96,12.04,1.2335,222000,208611.8,-75928.5,-160459.9,-1147347.2,-27905.2,3902.6,0.0,0.0,20246.7,-591533.1,0,0
103.1167,7307.498,-1048.762,6907.498,1642.862,110.883,-16.548,112.111,0.254,-8.674,20,8.42,11.58,1.1926,222000,208611.8,-75928.5,-164387.8,-1111207.2,-27951.6,4135.0,0.0,0.0,16272.4,-555160.6,0,0
103.2167,7318.587,-1050.466,6918.587,1644.566,110.905,-17.384,112.259,0.204,-8.14,20,8.84,11.16,1.1544,222000,208611.8,-75928.5,-167535.8,-1077236.2,-27994.8,4353.9,0.0,0.0,13081.2,-520970.8,0,0
103.3167,7329.679,-1052.25,6929.679,1646.35,110.923,-18.168,112.401,0.165,-7.638,20,9.24,10.76,1.1186,222000,208611.8,-75928.5,-170016.5,-1045320.0,-28035.2,4559.8,0.0,0.0,10560.1,-488848.7,0,0
103.4167,7340.772,-1054.11,6940.772,1648.21,110.938,-18.904,112.537,0.135,-7.167,20,9.61,10.39,1.085,222000,208611.8,-75928.5,-171928.1,-1015347.8,-28073.1,4753.6,0.0,0.0,8610.5,-458682.7,0,0
103.5167,7351.867,-1056.041,6951.867,1650.141,110.95,-19.595,112.667,0.112,-6.724,20,9.96,10.04,1.0536,222000,208611.8,-75928.5,-173356.2,-987212.6,-28109.0,4936.0,0.0,0.0,7146.6,-430365.1,0,0
103.6167,7362.962,-1058.039,6962.962,1652.139,110.96,-20.243,112.792,0.095,-6.309,20,10.29,9.71,1.0242,222000,208611.8,-75928.5,-174375.4,-960811.3,-28142.9,5107.6,0.0,0.0,6093.5,-403792.1,0,0
103.7167,7374.059,-1060.099,6974.059,1654.199,110.969,-20.851,112.911,0.084,-5.92,20,10.59,9.41,0.9967,222000,208611.8,-75928.5,-175050.3,-936045.1,-28175.2,5269.1,0.0,0.0,5386.3,-378864.5,0,0
103.8167,7385.156,-1062.218,6985.156,1656.318,110.977,-21.421,113.026,0.078,-5.554,20,10.88,9.12,0.9709,222000,208611.8,-75928.5,-175436.9,-912819.5,-28206.0,5421.0,0.0,0.0,4968.9,-355487.0,0,0
103.9167,7396.254,-1064.391,6996.254,1658.491,110.985,-21.957,113.136,0.075,-5.212,20,11.15,8.85,0.9467,222000,208611.8,-75928.5,-175583.6,-891044.6,-28235.6,5563.9,0.0,0.0,4792.5,-333569.1,0,0
104.0167,7407.353,-1066.616,7007.353,1660.716,110.992,-22.459,113.242,0.075,-4.891,20,11.4,8.6,0.9241,222000,208611.8,-75928.5,-175532.3,-870634.5,-28264.2,5698.5,0.0,0.0,4815.3,-313024.5,0,0
104.1167,7418.453,-1068.89,7018.453,1662.99,111.0,-22.93,113.344,0.078,-4.59,20,11.63,8.37,0.9029,222000,208611.8,-75928.5,-175319.0,-851507.9,-28291.7,5825.0,0.0,0.0,5001.0,-293771.3,0,0
104.2167,7429.558,-1071.188,7029.558,1665.288,111.11,-22.897,113.445,1.828,3.765,14,11.68,2.32,0.3589,222000,215405.7,-53706.7,-70079.9,-339042.6,-28337.7,5857.4,0.0,0.0,116988.0,240948.1,0,0
104.3167,7440.684,-1073.436,7040.684,1667.536,111.384,-22.083,113.552,3.151,10.205,9,11.3,-2.3,-0.0573,222000,219266.8,-34728.5,10857.2,54317.2,-28428.2,5682.3,0.0,0.0,201695.8,653111.1,0,0
104.4167,7451.84,-1075.586,7051.84,1669.686,111.69,-21.104,113.667,3.01,9.508,9,10.78,-1.78,-0.0105,222000,219266.8,-34728.5,1897.4,9962.5,-28535.6,5434.7,0.0,0.0,192628.6,608508.7,0,0
104.5167,7463.027,-1077.643,7063.027,1671.743,111.984,-20.191,113.79,2.889,8.854,9,10.3,-1.3,0.0331,222000,219266.8,-34728.5,-5749.3,-31641.1,-28641.9,5204.3,0.0,0.0,184875.7,566674.7,0,0
104.6167,7474.241,-1079.612,7074.241,1673.712,112.267,-19.342,113.921,2.785,8.241,9,9.85,-0.85,0.0737,222000,219266.8,-34728.5,-12264.4,-70654.4,-28747.4,4990.0,0.0,0.0,178255.1,527447.1,0,0
104.7167,7485.484,-1081.5,7085.484,1675.6,112.54,-18.552,114.059,2.697,7.667,9,9.43,-0.43,0.1115,222000,219266.8,-34728.5,-17805.5,-107230.9,-28852.4,4790.9,0.0,0.0,172608.9,490671.5,0,0
104.8167,7496.754,-1083.311,7096.754,1677.411,112.805,-17.817,114.204,2.622,7.128,9,9.04,-0.04,0.1466,222000,219266.8,-34728.5,-22509.3,-141516.1,-28957.2,4605.9,0.0,0.0,167800.3,456201.3,0,0
104.9167,7508.049,-1085.053,7108.049,1679.153,113.064,-17.134,114.355,2.558,6.623,9,8.67,0.33,0.1793,222000,219266.8,-34728.5,-26494.3,-173648.2,-29061.9,4434.1,0.0,0.0,163710.6,423897.5,0,0
105.0167,7519.371,-1086.729,7119.371,1680.829,113.316,-16.499,114.511,2.504,6.15,9,8.34,0.66,0.2096,222000,219266.8,-34728.5,-29863.1,-203757.6,-29166.8,4274.7,0.0,0.0,160236.9,393628.6,0,0
105.1167,7530.717,-1088.344,7130.717,1682.444,113.564,-15.91,114.673,2.458,5.707,9,8.03,0.97,0.2377,222000,219266.8,-34728.5,-32704.7,-231967.9,-29271.8,4127.0,0.0,0.0,157290.3,365270.7,0,0
105.2167,7542.087,-1089.903,7142.087,1684.003,113.807,-15.364,114.84,2.419,5.292,9,7.73,1.27,0.2639,222000,219266.8,-34728.5,-35096.0,-258395.1,-29377.2,3990.1,0.0,0.0,154793.6,338706.6,0,0
105.3167,7553.482,-1091.409,7153.482,1685.509,114.047,-14.858,115.011,2.386,4.904,9,7.47,1.53,0.2881,222000,219266.8,-34728.5,-37103.3,-283148.9,-29483.0,3863.4,0.0,0.0,152680.5,313826.1,0,0
105.4167,7564.901,-1092.868,7164.901,1686.968,114.284,-14.389,115.186,2.358,4.539,9,7.22,1.78,0.3106,222000,219266.8,-34728.5,-38784.2,-306332.3,-29589.3,3746.3,0.0,0.0,150893.3,290525.5,0,0
105.5167,7576.343,-1094.281,7176.343,1688.381,114.518,-13.955,115.366,2.334,4.199,9,6.98,2.02,0.3314,222000,219266.8,-34728.5,-40188.2,-328042.4,-29696.1,3638.0,0.0,0.0,149382.5,268707.2,0,0
105.6167,7587.808,-1095.653,7187.808,1689.753,114.751,-13.554,115.548,2.314,3.879,9,6.77,2.23,0.3507,222000,219266.8,-34728.5,-41357.9,-348370.4,-29803.4,3538.2,0.0,0.0,148105.5,248279.4,0,0
105.7167,7599.297,-1096.986,7199.297,1691.086,114.981,-13.183,115.734,2.297,3.581,9,6.57,2.43,0.3685,222000,219266.8,-34728.5,-42330.0,-367401.8,-29911.3,3446.2,0.0,0.0,147025.5,229156.0,0,0
105.8167,7610.808,-1098.284,7210.808,1692.384,115.21,-12.842,115.923,2.283,3.301,9,6.39,2.61,0.385,222000,219266.8,-34728.5,-43136.2,-385217.1,-30019.8,3361.6,0.0,0.0,146110.8,211256.0,0,0
105.9167,7622.342,-1099.55,7222.342,1693.65,115.438,-12.527,116.115,2.271,3.039,9,6.22,2.78,0.4002,222000,219266.8,-34728.5,-43803.5,-401891.9,-30128.8,3283.8,0.0,0.0,145334.5,194503.5,0,0
106.0167,7633.899,-1100.786,7233.899,1694.886,115.664,-12.238,116.31,2.261,2.794,9,6.06,2.94,0.4142,222000,219266.8,-34728.5,-44355.1,-417497.2,-30238.4,3212.5,0.0,0.0,144673.2,178826.9,0,0
106.1167,7645.479,-1101.994,7245.479,1696.094,115.89,-11.972,116.506,2.252,2.565,9,5.92,3.08,0.4271,222000,219266.8,-34728.5,-44811.0,-432099.5,-30348.6,3147.3,0.0,0.0,144107.2,164159.3,0,0
106.2167,7657.081,-1103.176,7257.081,1697.276,116.114,-11.728,116.705,2.244,2.351,9,5.79,3.21,0.439,222000,219266.8,-34728.5,-45188.0,-445761.4,-30459.3,3087.7,0.0,0.0,143619.5,150437.9,0,0
106.3167,7668.705,-1104.336,7268.705,1698.436,116.338,-11.505,116.906,2.237,2.15,9,5.67,3.33,0.45,222000,219266.8,-34728.5,-45500.6,-458541.5,-30570.5,3033.5,0.0,0.0,143195.7,137603.6,0,0
106.4167,7680.352,-1105.474,7280.352,1699.574,116.562,-11.301,117.108,2.232,1.963,9,5.56,3.44,0.46,222000,219266.8,-34728.5,-45761.0,-470494.8,-30682.3,2984.2,0.0,0.0,142823.6,125601.0,0,0
106.5167,7692.021,-1106.594,7292.021,1700.694,116.785,-11.115,117.312,2.226,1.787,9,5.45,3.55,0.4692,222000,219266.8,-34728.5,-45979.6,-481673.0,-30794.5,2939.6,0.0,0.0,142492.8,114378.1,0,0
106.6167,7703.713,-1107.695,7303.713,1701.795,117.007,-10.946,117.518,2.222,1.623,9,5.36,3.64,0.4777,222000,219266.8,-34728.5,-46165.1,-492124.7,-30907.2,2899.3,0.0,0.0,142194.5,103886.2,0,0
106.7167,7715.427,-1108.781,7315.427,1702.881,117.229,-10.792,117.725,2.218,1.47,9,5.27,3.73,0.4854,222000,219266.8,-34728.5,-46325.0,-501895.3,-31020.3,2863.2,0.0,0.0,141921.5,94079.4,0,0
106.8167,7727.162,-1109.852,7327.162,1703.952,117.45,-10.654,117.933,2.214,1.327,9,5.2,3.8,0.4924,222000,219266.8,-34728.5,-46465.4,-511027.6,-31133.8,2830.9,0.0,0.0,141667.6,84914.8,0,0
106.9167,7738.92,-1110.91,7338.92,1705.01,117.671,-10.529,118.142,2.21,1.193,9,5.12,3.88,0.4988,222000,219266.8,-34728.5,-46591.5,-519561.5,-31247.7,2802.1,0.0,0.0,141427.6,76352.2,0,0
107.0167,7750.7,-1111.956,7350.7,1706.056,117.892,-10.417,118.352,2.206,1.068,9,5.06,3.94,0.5046,222000,219266.8,-34728.5,-46707.5,-527534.7,-31362.0,2776.8,0.0,0.0,141197.3,68353.6,0,0
107.1167,7762.502,-1112.992,7362.502,1707.092,118.113,-10.317,118.562,2.203,0.951,9,5.0,4.0,0.5099,222000,219266.8,-34728.5,-46816.9,-534982.5,-31476.6,2754.6,0.0,0.0,140973.3,60883.6,0,0
107.2167,7774.326,-1114.018,7374.326,1708.118,118.333,-10.228,118.774,2.199,0.842,9,4.95,4.05,0.5146,222000,219266.8,-34728.5,-46922.6,-541938.0,-31591.6,2735.3,0.0,0.0,140752.7,53908.9,0,0
107.3167,7786.173,-1115.036,7386.173,1709.136,118.552,-10.15,118.986,2.196,0.741,9,4.9,4.1,0.5189,222000,219266.8,-34728.5,-47026.9,-548432.2,-31706.8,2718.8,0.0,0.0,140533.1,47398.2,0,0
107.4167,7798.041,-1116.047,7398.041,1710.147,118.772,-10.082,119.199,2.192,0.646,9,4.86,4.14,0.5227,222000,219266.8,-34728.5,-47131.7,-554494.3,-31822.3,2704.9,0.0,0.0,140312.8,41322.1,0,0
107.5167,7809.931,-1117.052,7409.931,1711.152,118.991,-10.022,119.412,2.189,0.557,9,4.82,4.18,0.5262,222000,219266.8,-34728.5,-47238.5,-560151.8,-31938.1,2693.4,0.0,0.0,140090.3,35653.2,0,0
107.6167,7821.842,-1118.051,7421.842,1712.151,119.21,-9.971,119.626,2.185,0.474,9,4.79,4.21,0.5292,222000,219266.8,-34728.5,-47348.3,-565430.1,-32054.0,2684.2,0.0,0.0,139864.5,30365.6,0,0
107.7167,7833.776,-1119.046,7433.776,1713.146,119.428,-9.929,119.84,2.182,0.397,9,4.76,4.24,0.5319,222000,219266.8,-34728.5,-47462.1,-570353.5,-32170.2,2677.1,0.0,0.0,139634.5,25435.1,0,0
107.8167,7845.732,-1120.036,7445.732,1714.136,119.646,-9.893,120.054,2.178,0.326,9,4.73,4.27,0.5342,222000,219266.8,-34728.5,-47580.5,-574944.5,-32286.6,2671.9,0.0,0.0,139399.7,20839.0,0,0
107.9167,7857.709,-1121.023,7457.709,1715.123,119.866,-9.838,120.269,2.308,1.837,8,4.71,3.29,0.4463,222000,219839.5,-30896.4,-39697.9,-482014.8,-32403.2,2668.7,0.0,0.0,147738.5,117597.4,0,0
108.0167,7869.711,-1121.973,7469.711,1716.073,120.141,-9.121,120.487,3.048,10.892,2,4.43,-2.43,-0.0687,222000,221864.8,-7747.7,5768.6,74465.5,-32532.8,2520.2,0.0,0.0,195100.5,697078.0,0,0
108.1167,7881.744,-1122.803,7481.744,1716.903,120.468,-7.691,120.713,3.271,14.659,-1,3.77,-4.77,-0.2793,222000,221966.2,3874.4,20051.6,304283.4,-32681.3,2153.6,0.0,0.0,209336.4,938151.5,0,0
108.2167,7893.81,-1123.49,7493.81,1717.59,120.788,-6.286,120.952,3.156,13.624,-1,3.09,-4.09,-0.2179,222000,221966.2,3874.4,12863.5,238467.4,-32832.9,1771.1,0.0,0.0,201996.8,871952.9,0,0
108.3167,7905.907,-1124.041,7505.907,1718.141,121.099,-4.98,121.201,3.071,12.659,-1,2.46,-3.46,-0.161,222000,221966.2,3874.4,7591.8,177027.3,-32985.2,1414.6,0.0,0.0,196572.9,810156.3,0,0
108.4167,7918.034,-1124.468,7518.034,1718.568,121.402,-3.767,121.46,3.012,11.758,-1,1.87,-2.87,-0.1084,222000,221966.2,3874.4,3909.0,119688.9,-33138.5,1082.3,0.0,0.0,192736.7,752485.6,0,0
108.5167,7930.192,-1124.778,7530.192,1718.878,121.701,-2.641,121.729,2.972,10.917,-1,1.33,-2.33,-0.0596,222000,221966.2,3874.4,1536.0,66191.2,-33293.4,772.6,0.0,0.0,190208.8,698678.2,0,0
108.6167,7942.379,-1124.981,7542.379,1719.081,121.996,-1.596,122.007,2.949,10.133,-1,0.83,-1.83,-0.0146,222000,221966.2,3874.4,235.7,16287.0,-33450.2,484.0,0.0,0.0,188751.6,648485.4,0,0
108.7167,7954.596,-1125.083,7554.596,1719.183,122.291,-0.625,122.292,2.94,9.401,-1,0.37,-1.37,0.027,222000,221966.2,3874.4,-193.6,-30257.0,-33609.1,215.0,0.0,0.0,188163.5,601672.4,0,0
108.8167,7966.842,-1125.093,7566.842,1719.193,122.585,0.275,122.585,2.942,8.719,-1,-0.06,-0.94,0.0654,222000,221966.2,3874.4,77.7,-73660.5,-33770.3,-35.6,0.0,0.0,188273.6,558018.3,0,0
108.9167,7979.118,-1125.016,7579.118,1719.116,122.88,1.109,122.885,2.952,8.083,-1,-0.45,-0.55,0.1009,222000,221966.2,3874.4,905.2,-114130.0,-33933.9,-269.1,0.0,0.0,188937.5,517315.3,0,0
109.0167,7991.423,-1124.885,7591.423,1718.985,123.181,1.314,123.188,3.051,-2.159,5,-0.63,5.63,0.6565,222000,221155.2,-19348.6,8184.3,-746290.7,-34100.6,-374.0,0.0,0.0,195238.9,-138173.2,0,0
109.1167,8003.759,-1124.791,7603.759,1718.891,123.485,0.534,123.486,2.993,-11.746,11,-0.34,11.34,1.1705,222000,217921.2,-42359.6,7905.1,-1337017.8,-34268.2,-202.6,0.0,0.0,191558.2,-751740.0,0,0
109.2167,8016.125,-1124.814,7616.125,1718.914,123.77,-0.758,123.772,2.759,-12.555,12,0.25,11.75,1.2071,222000,217148.8,-46156.4,-6139.6,-1385354.5,-34428.8,152.6,0.0,0.0,176580.3,-803518.3,0,0
109.3167,8028.517,-1124.963,7628.517,1719.063,124.032,-2.048,124.049,2.477,-15.071,14,0.83,13.17,1.3353,222000,215405.7,-53706.7,-22307.8,-1539146.8,-34580.6,501.2,0.0,0.0,158517.2,-964512.2,0,0
109.4167,8040.934,-1125.252,7640.934,1719.352,124.261,-3.43,124.308,2.181,-11.976,20,1.49,18.51,1.14,222000,208611.8,-75928.5,-34309.6,-1319285.2,-34719.1,902.9,0.0,0.0,139583.0,-766470.8,0,1
109.5167,8053.372,-1125.666,7653.372,1719.766,124.466,-4.661,124.553,1.957,-12.554,20,2.05,17.95,1.1679,222000,208611.8,-75928.5,-48538.7,-1356615.3,-34846.5,1246.8,0.0,0.0,125226.6,-803457.0,0,1
109.6167,8065.829,-1126.207,7665.829,1720.307,124.647,-5.952,124.789,1.71,-13.153,20,2.63,17.37,1.1972,222000,208611.8,-75928.5,-64181.9,-1395297.6,-34965.1,1608.3,0.0,0.0,109464.7,-841777.7,0,1
109.7167,8078.303,-1126.88,7678.303,1720.98,124.803,-7.303,125.016,1.44,-13.773,20,3.24,16.76,1.2277,222000,208611.8,-75928.5,-81364.6,-1435349.7,-35074.1,1988.2,0.0,0.0,92173.1,-881450.0,0,1
109.8167,8090.791,-1127.693,7690.791,1721.793,124.93,-8.717,125.233,1.144,-14.414,20,3.88,16.12,1.2596,222000,208611.8,-75928.5,-100221.8,-1476784.4,-35172.7,2387.0,0.0,0.0,73217.3,-922485.9,0,1
109.9167,8103.29,-1128.649,7703.29,1722.749,125.028,-10.154,125.44,0.925,-13.347,22,4.54,17.46,1.1926,222000,205834.8,-83162.7,-111356.4,-1401695.4,-35260.0,2801.2,0.0,0.0,59218.4,-854216.8,0,1
110.0167,8115.799,-1129.73,7715.799,1723.83,125.125,-11.218,125.626,1.014,-8.674,28,5.06,22.94,0.9184,222000,196014.4,-104222.7,-95757.5,-1081870.2,-35340.4,3128.0,0.0,0.0,64916.5,-555124.8,0,1
110.1167,8128.317,-1130.895,7728.317,1724.995,125.228,-11.947,125.797,0.995,-7.28,30,5.4,24.6,0.8352,222000,192257.6,-111000.0,-93129.9,-986089.7,-35418.2,3345.0,0.0,0.0,63709.6,-465904.7,0,1
110.2167,8140.845,-1132.133,7740.845,1726.233,125.32,-12.694,125.962,0.87,-7.615,30,5.73,24.27,0.8518,222000,192257.6,-111000.0,-101072.3,-1007772.2,-35491.6,3559.6,0.0,0.0,55693.8,-487372.7,0,1
110.3167,8153.382,-1133.448,7753.382,1727.548,125.4,-13.476,126.122,0.735,-7.963,30,6.07,23.93,0.8692,222000,192257.6,-111000.0,-109638.9,-1030287.7,-35560.0,3784.2,0.0,0.0,47058.7,-509663.6,0,1
110.4167,8165.926,-1134.843,7765.926,1728.943,125.465,-14.293,126.276,0.59,-8.325,30,6.44,23.56,0.8873,222000,192257.6,-111000.0,-118879.6,-1053659.5,-35623.1,4019.2,0.0,0.0,37755.0,-532800.3,0,1
110.5167,8178.476,-1136.322,7778.476,1730.422,125.515,-15.148,126.426,0.433,-8.7,30,6.82,23.18,0.9063,222000,192257.6,-111000.0,-128847.8,-1077910.0,-35680.4,4265.0,0.0,0.0,27729.4,-556804.9,0,1
110.6167,8191.029,-1137.888,7791.029,1731.988,125.548,-16.04,126.569,0.264,-9.089,30,7.21,22.79,0.9261,222000,192257.6,-111000.0,-139601.6,-1103061.0,-35731.5,4522.1,0.0,0.0,16924.6,-581698.9,0,1
110.7167,8203.585,-1139.546,7803.585,1733.646,125.564,-16.972,126.706,0.082,-9.492,30,7.63,22.37,0.9468,222000,192257.6,-111000.0,-151203.0,-1129133.1,-35775.9,4790.8,0.0,0.0,5278.7,-607502.3,0,1
110.8167,8216.141,-1141.3,7816.141,1735.4,125.561,-17.946,126.837,-0.114,-9.91,30,8.06,21.94,0.9685,222000,192257.6,-111000.0,-163719.3,-1156145.5,-35813.3,5071.4,0.0,0.0,-7275.0,-634234.0,0,1
110.9167,8228.697,-1143.152,7828.697,1737.252,125.543,-18.918,126.96,-0.105,-8.573,32,8.51,23.49,0.8908,222000,188266.7,-117642.1,-159156.3,-1064252.0,-35843.4,5360.3,0.0,0.0,-6733.1,-548693.8,0,1
111.0167,8241.252,-1145.081,7841.252,1739.181,125.563,-19.484,127.065,0.423,-3.548,38,8.79,29.21,0.6052,222000,174938.4,-136676.8,-111974.8,-723768.2,-35877.0,5550.6,0.0,0.0,27086.6,-227054.4,0,1
111.1167,8253.81,-1147.051,7853.81,1741.151,125.601,-19.848,127.16,0.365,-3.706,38,8.95,29.05,0.6131,222000,174938.4,-136676.8,-115634.5,-734008.0,-35915.3,5658.0,0.0,0.0,23388.5,-237186.8,0,1
111.2167,8266.372,-1149.058,7866.372,1743.158,125.634,-20.228,127.252,0.304,-3.871,38,9.12,28.88,0.6214,222000,174938.4,-136676.8,-119517.9,-744659.5,-35951.3,5770.2,0.0,0.0,19469.2,-247726.2,0,1
111.3167,8278.937,-1151.103,7878.937,1745.203,125.661,-20.625,127.343,0.239,-4.042,38,9.29,28.71,0.63,222000,174938.4,-136676.8,-123639.7,-755737.7,-35984.8,5887.2,0.0,0.0,15313.9,-258687.4,0,1
111.4167,8291.505,-1153.19,7891.505,1747.29,125.681,-21.04,127.43,0.17,-4.22,38,9.47,28.53,0.6391,222000,174938.4,-136676.8,-128015.9,-767257.7,-36015.7,6009.2,0.0,0.0,10906.8,-270085.4,0,1
111.5167,8304.074,-1155.319,7904.074,1749.419,125.694,-21.472,127.515,0.097,-4.405,38,9.66,28.34,0.6486,222000,174938.4,-136676.8,-132663.6,-779235.3,-36043.8,6136.4,0.0,0.0,6231.0,-281935.8,0,1
111.6167,8316.643,-1157.492,7916.643,1751.592,125.699,-21.924,127.597,0.02,-4.598,38,9.86,28.14,0.6585,222000,174938.4,-136676.8,-137601.0,-791686.2,-36069.0,6269.1,0.0,0.0,1268.4,-294254.0,0,1
111.7167,8329.213,-1159.712,7929.213,1753.812,125.696,-22.395,127.676,-0.063,-4.798,38,10.07,27.93,0.6688,222000,174938.4,-136676.8,-142847.8,-804626.7,-36091.1,6407.4,0.0,0.0,-4000.5,-307056.2,0,1
111.8167,8341.782,-1161.98,7941.782,1756.08,125.685,-22.887,127.752,-0.15,-5.006,38,10.28,27.72,0.6797,222000,174938.4,-136676.8,-148425.0,-818073.1,-36109.9,6551.5,0.0,0.0,-9596.6,-320358.4,0,1
111.9167,8354.35,-1164.299,7954.35,1758.399,125.665,-23.4,127.825,-0.243,-5.222,38,10.51,27.49,0.691,222000,174938.4,-136676.8,-154355.3,-832041.9,-36125.2,6701.7,0.0,0.0,-15542.2,-334177.0,0,1
112.0167,8366.914,-1166.67,7966.914,1760.77,125.635,-23.935,127.894,-0.342,-5.446,38,10.75,27.25,0.7028,222000,174938.4,-136676.8,-160662.9,-846549.8,-36136.9,6858.3,0.0,0.0,-21861.4,-348528.4,0,1
112.1167,8379.476,-1169.096,7979.476,1763.196,125.594,-24.494,127.961,-0.447,-5.679,38,10.99,27.01,0.7151,222000,174938.4,-136676.8,-167373.7,-861613.7,-36144.7,7021.3,0.0,0.0,-28580.0,-363429.3,0,1
112.2167,8392.032,-1171.579,7992.032,1765.679,125.543,-25.075,128.023,-0.558,-5.92,38,11.25,26.75,0.728,222000,174938.4,-136676.8,-174515.6,-877250.3,-36148.4,7191.2,0.0,0.0,-35725.5,-378896.0,0,1
112.3167,8404.583,-1174.122,8004.583,1768.222,125.481,-25.682,128.082,-0.677,-6.171,38,11.52,26.48,0.7415,222000,174938.4,-136676.8,-182118.4,-893476.4,-36147.6,7368.0,0.0,0.0,-43327.7,-394945.2,0,1
112.4167,8417.127,-1176.726,8017.127,1770.826,125.406,-26.314,128.137,-0.803,-6.431,38,11.8,26.2,0.7556,222000,174938.4,-136676.8,-190214.3,-910308.5,-36142.3,7552.1,0.0,0.0,-51418.2,-411593.2,0,1
112.5167,8429.662,-1179.396,8029.662,1773.496,125.318,-26.973,128.187,-0.938,-6.701,38,12.1,25.9,0.7703,222000,174938.4,-136676.8,-198837.5,-927762.9,-36132.1,7743.8,0.0,0.0,-60031.2,-428855.9,0,1
112.6167,8442.188,-1182.133,8042.188,1776.233,125.215,-27.659,128.234,-1.081,-6.98,38,12.4,25.6,0.7857,222000,174938.4,-136676.8,-208024.9,-945855.6,-36116.6,7943.2,0.0,0.0,-69203.1,-446749.2,0,1
112.7167,8454.703,-1184.941,8054.703,1779.041,125.098,-28.374,128.276,-1.234,-7.27,38,12.72,25.28,0.8017,222000,174938.4,-136676.8,-217815.8,-964602.1,-36095.7,8150.7,0.0,0.0,-78973.1,-465288.2,0,1
112.8167,8467.205,-1187.821,8067.205,1781.921,124.966,-29.119,128.313,-1.397,-7.57,38,13.06,24.94,0.8184,222000,174938.4,-136676.8,-228252.6,-984017.1,-36068.9,8366.5,0.0,0.0,-89383.1,-484487.4,0,1
112.9167,8479.693,-1190.778,8079.693,1784.878,124.816,-29.894,128.346,-1.57,-7.881,38,13.41,24.59,0.8359,222000,174938.4,-136676.8,-239380.4,-1004114.7,-36035.9,8590.9,0.0,0.0,-100477.8,-504360.6,0,1
113.0167,8492.165,-1193.814,8092.165,1787.914,124.648,-30.7,128.373,-1.755,-8.202,38,13.77,24.23,0.8542,222000,174938.4,-136676.8,-251247.6,-1024907.8,-35996.3,8824.2,0.0,0.0,-112305.5,-524920.4,0,1
113.1167,8504.619,-1196.933,8104.619,1791.033,124.461,-31.54,128.396,-1.952,-8.534,38,14.15,23.85,0.8732,222000,174938.4,-136676.8,-263906.0,-1046408.2,-35949.8,9066.6,0.0,0.0,-124917.3,-546178.4,0,1
113.2167,8517.054,-1200.138,8117.054,1794.238,124.254,-32.413,128.412,-2.162,-8.877,38,14.55,23.45,0.8931,222000,174938.4,-136676.8,-277411.0,-1068626.2,-35895.8,9318.4,0.0,0.0,-138368.4,-568144.6,0,1
113.3167,8529.466,-1203.432,8129.466,1797.532,124.025,-33.321,128.423,-2.386,-9.232,38,14.97,23.03,0.9139,222000,174938.4,-136676.8,-291821.8,-1091570.3,-35834.0,9579.9,0.0,0.0,-152717.4,-590827.2,0,1
113.4167,8541.854,-1206.818,8141.854,1800.918,123.773,-34.266,128.428,-2.625,-9.597,38,15.4,22.6,0.9355,222000,174938.4,-136676.8,-307201.5,-1115247.1,-35763.9,9851.4,0.0,0.0,-168027.0,-614232.5,0,1
113.5167,8554.215,-1210.302,8154.215,1804.402,123.495,-35.248,128.427,-2.881,-9.974,38,15.85,22.15,0.9581,222000,174938.4,-136676.8,-323617.6,-1139660.6,-35685.0,10133.1,0.0,0.0,-184364.2,-638364.4,0,1
113.6167,8566.547,-1213.886,8166.547,1807.986,123.191,-36.268,128.419,-3.153,-10.363,38,16.32,21.68,0.9817,222000,174938.4,-136676.8,-341142.1,-1164812.4,-35596.7,10425.3,0.0,0.0,-201800.4,-663223.9,0,1
113.7167,8578.847,-1217.574,8178.847,1811.674,122.859,-37.327,128.404,-3.444,-10.763,38,16.82,21.18,1.0063,222000,174938.4,-136676.8,-359851.6,-1190700.5,-35498.5,10728.3,0.0,0.0,-220411.7,-688809.0,0,1
113.8167,8591.112,-1221.371,8191.112,1815.471,122.497,-38.427,128.383,-3.754,-11.174,38,17.33,20.67,1.0319,222000,174938.4,-136676.8,-379827.6,-1217319.5,-35389.7,11042.3,0.0,0.0,-240278.9,-715114.1,0,1
113.9167,8603.339,-1225.28,8203.339,1819.38,122.102,-39.569,128.354,-4.086,-11.596,38,17.86,20.14,1.0587,222000,174938.4,-136676.8,-401157.0,-1244659.8,-35269.7,11367.5,0.0,0.0,-261488.3,-742129.1,0,1
114.0167,8615.524,-1229.305,8215.524,1823.405,121.673,-40.754,128.317,-4.44,-12.029,38,18.42,19.58,1.0866,222000,174938.4,-136676.8,-423931.8,-1272707.0,-35137.9,11704.2,0.0,0.0,-284131.3,-769839.6,0,1
114.1167,8627.665,-1233.452,8227.665,1827.552,121.208,-41.983,128.272,-4.817,-12.472,38,19.01,18.99,1.1157,222000,174938.4,-136676.8,-448249.8,-1301441.3,-34993.4,12052.6,0.0,0.0,-308304.9,-798225.5,0,1
114.2167,8639.757,-1237.724,8239.757,1831.824,120.703,-43.256,128.219,-5.22,-12.926,38,19.61,18.39,1.1461,222000,174938.4,-136676.8,-474214.6,-1330836.8,-34835.6,12412.9,0.0,0.0,-334111.8,-827260.8,0,1
114.3167,8651.795,-1242.127,8251.795,1836.227,120.156,-44.576,128.158,-5.651,-13.389,38,20.25,17.75,1.1778,222000,174938.4,-136676.8,-501935.4,-1360860.9,-34663.6,12785.2,0.0,0.0,-361660.7,-856912.6,0,1
114.4167,8663.777,-1246.663,8263.777,1840.763,119.564,-45.942,128.087,-6.11,-13.862,38,20.91,17.09,1.2108,222000,174938.4,-136676.8,-531528.0,-1391473.1,-34476.6,13169.7,0.0,0.0,-391066.3,-887140.2,0,1
114.5167,8675.696,-1251.34,8275.696,1845.44,118.925,-47.356,128.006,-6.601,-14.342,38,21.6,16.4,1.2452,222000,174938.4,-136676.8,-563114.1,-1422624.2,-34273.7,13566.5,0.0,0.0,-422449.4,-917894.6,0,1
114.6167,8687.549,-1256.16,8287.549,1850.26,118.234,-48.819,127.916,-7.124,-14.83,38,22.31,15.69,1.2811,222000,174938.4,-136676.8,-596821.7,-1454255.5,-34053.9,13975.6,0.0,0.0,-455937.2,-949116.8,0,1
114.7167,8699.329,-1261.13,8299.329,1855.23,117.49,-50.331,127.816,-7.682,-15.324,38,23.06,14.94,1.3186,222000,174938.4,-136676.8,-632784.9,-1486297.5,-33816.3,14397.1,0.0,0.0,-491662.8,-980737.2,0,1
114.8167,8711.032,-1266.254,8311.032,1860.354,116.687,-51.892,127.705,-8.278,-15.823,38,23.84,14.16,1.3576,222000,174938.4,-136676.8,-671144.4,-1518668.4,-33559.7,14831.0,0.0,0.0,-529765.7,-1012674.3,0,1
114.9167,8722.651,-1271.536,8322.651,1865.636,115.834,-53.48,127.583,-8.538,-15.516,38,24.65,13.35,1.3515,222000,174938.4,-136676.8,-688088.3,-1499438.6,-33284.5,15274.1,0.0,0.0,-546434.4,-993001.3,0,0
115.0167,8734.185,-1276.971,8334.185,1871.071,114.996,-54.949,127.45,-8.259,-14.127,38,25.42,12.58,1.2824,222000,174938.4,-136676.8,-670529.8,-1410988.3,-33008.7,15686.4,0.0,0.0,-528600.1,-904138.7,0,0
115.1167,8745.637,-1282.545,8345.637,1876.645,114.187,-56.287,127.306,-7.969,-12.852,38,26.13,11.87,1.2185,222000,174938.4,-136676.8,-652238.8,-1329773.6,-32738.8,16058.0,0.0,0.0,-510039.2,-822552.4,0,0
115.2167,8757.01,-1288.245,8357.01,1882.345,113.407,-57.503,127.152,-7.674,-11.682,38,26.78,11.22,1.1595,222000,174938.4,-136676.8,-633581.9,-1255209.2,-32475.2,16392.3,0.0,0.0,-491118.8,-747653.8,0,0
115.3167,8768.307,-1294.061,8368.307,1888.161,112.657,-58.608,126.99,-7.377,-10.608,38,27.39,10.61,1.105,222000,174938.4,-136676.8,-614850.9,-1186751.0,-32218.4,16692.2,0.0,0.0,-472130.9,-678895.6,0,0
115.4167,8779.53,-1299.981,8379.53,1894.081,111.936,-59.61,126.819,-7.083,-9.621,38,27.95,10.05,1.0547,222000,174938.4,-136676.8,-596275.4,-1123895.1,-31968.5,16960.7,0.0,0.0,-453305.6,-615771.2,0,0
115.5167,8790.684,-1305.996,8390.684,1900.096,111.245,-60.519,126.641,-6.794,-8.716,38,28.46,9.54,1.0082,222000,174938.4,-136676.8,-578034.0,-1066176.1,-31725.6,17200.2,0.0,0.0,-434821.2,-557812.7,0,0
115.6167,8801.769,-1312.096,8401.769,1906.196,110.582,-61.341,126.456,-6.513,-7.884,38,28.94,9.06,0.9652,222000,174938.4,-136676.8,-560262.4,-1013165.7,-31489.6,17413.2,0.0,0.0,-416813.6,-504589.4,0,0
115.7167,8812.79,-1318.274,8412.79,1912.374,109.947,-62.085,126.265,-6.24,-7.12,38,29.38,8.62,0.9256,222000,174938.4,-136676.8,-543061.6,-964470.2,-31260.5,17601.8,0.0,0.0,-399383.7,-455705.3,0,0
115.8167,8823.749,-1324.522,8423.749,1918.622,109.338,-62.755,126.068,-5.978,-6.419,38,29.79,8.21,0.889,222000,174938.4,-136676.8,-526504.0,-919728.2,-31038.1,17767.9,0.0,0.0,-382603.7,-410797.1,0,0
115.9167,8834.649,-1330.834,8434.649,1924.934,108.755,-63.359,125.865,-5.727,-5.774,38,30.16,7.84,0.8552,222000,174938.4,-136676.8,-510638.9,-878608.5,-30822.1,17913.5,0.0,0.0,-366522.7,-369531.8,0,0
116.0167,8845.491,-1337.202,8445.491,1931.302,108.197,-63.902,125.658,-5.487,-5.181,38,30.51,7.49,0.824,222000,174938.4,-136676.8,-495496.8,-840808.1,-30612.5,18040.3,0.0,0.0,-351171.0,-331604.6,0,0
116.1167,8856.28,-1343.621,8456.28,1937.721,107.661,-64.388,125.446,-5.259,-4.637,38,30.83,7.17,0.7952,222000,174938.4,-136676.8,-481093.2,-806049.3,-30408.9,18149.7,0.0,0.0,-336563.8,-296736.4,0,0
116.2167,8867.016,-1350.085,8467.016,1944.185,107.148,-64.822,125.23,-5.042,-4.136,38,31.13,6.87,0.7687,222000,174938.4,-136676.8,-467431.6,-774078.4,-30211.2,18243.2,0.0,0.0,-322704.4,-264672.0,0,0
116.3167,8877.702,-1356.59,8477.702,1950.69,106.656,-65.208,125.01,-4.837,-3.675,38,31.4,6.6,0.7442,222000,174938.4,-136676.8,-454506.1,-744663.3,-30018.9,18322.1,0.0,0.0,-309586.6,-235178.1,0,0
116.4167,8888.339,-1363.131,8488.339,1957.231,106.184,-65.55,124.787,-4.644,-3.251,38,31.65,6.35,0.7216,222000,174938.4,-136676.8,-442303.5,-717591.9,-29832.0,18387.6,0.0,0.0,-297197.1,-208041.2,0,0
116.5167,8898.931,-1369.704,8498.931,1963.804,105.73,-65.852,124.561,-4.461,-2.86,38,31.88,6.12,0.7008,222000,174938.4,-136676.8,-430805.3,-692670.3,-29650.0,18440.8,0.0,0.0,-285516.9,-183066.4,0,0
116.6167,8909.479,-1376.305,8509.479,1970.405,105.294,-66.117,124.331,-4.289,-2.501,38,32.09,5.91,0.6817,222000,174938.4,-136676.8,-419988.5,-669721.2,-29472.8,18482.7,0.0,0.0,-274522.9,-160075.3,0,0
116.7167,8919.983,-1382.931,8519.983,1977.031,104.874,-66.348,124.1,-4.128,-2.17,38,32.29,5.71,0.6641,222000,174938.4,-136676.8,-409827.5,-648582.4,-29300.1,18514.2,0.0,0.0,-264189.2,-138905.0,0,0
116.8167,8930.447,-1389.577,8530.447,1983.677,104.471,-66.547,123.865,-3.976,-1.866,38,32.47,5.53,0.6479,222000,174938.4,-136676.8,-400294.5,-629105.7,-29131.6,18536.2,0.0,0.0,-254487.8,-119406.4,0,0
116.9167,8940.871,-1396.242,8540.871,1990.342,104.081,-66.717,123.629,-3.834,-1.585,38,32.63,5.37,0.6329,222000,174938.4,-136676.8,-391360.5,-611155.6,-28967.2,18549.5,0.0,0.0,-245389.4,-101443.0,0,0
117.0167,8951.257,-1402.922,8551.257,1997.022,103.706,-66.86,123.39,-3.701,-1.326,38,32.79,5.21,0.6192,222000,174938.4,-136676.8,-382995.9,-594608.1,-28806.5,18554.7,0.0,0.0,-236864.1,-84890.2,0,0
117.1167,8961.607,-1409.616,8561.607,2003.716,103.343,-66.979,123.15,-3.576,-1.088,38,32.93,5.07,0.6067,222000,174938.4,-136676.8,-375171.0,-579349.5,-28649.4,18552.6,0.0,0.0,-228882.0,-69633.7,0,0
117.2167,8971.921,-1416.319,8571.921,2010.419,102.992,-67.075,122.908,-3.46,-0.868,38,33.05,4.95,0.5951,222000,174938.4,-136676.8,-367856.0,-565276.0,-28495.7,18543.7,0.0,0.0,-221413.3,-55569.1,0,0
117.3167,8982.2,-1423.031,8582.2,2017.131,102.653,-67.15,122.665,-3.35,-0.666,38,33.17,4.83,0.5845,222000,174938.4,-136676.8,-361022.1,-552292.3,-28345.1,18528.6,0.0,0.0,-214428.9,-42600.5,0,0
117.4167,8992.446,-1429.75,8592.446,2023.85,102.324,-67.205,122.42,-3.248,-0.479,38,33.28,4.72,0.5748,222000,174938.4,-136676.8,-354641.0,-540311.4,-28197.6,18507.9,0.0,0.0,-207900.1,-30640.3,0,0
117.5167,9002.659,-1436.472,8602.659,2030.572,102.004,-67.243,122.174,-3.153,-0.306,38,33.38,4.62,0.566,222000,174938.4,-136676.8,-348685.2,-529253.2,-28052.8,18481.9,0.0,0.0,-201799.6,-19608.1,0,0
117.6167,9012.842,-1443.198,8612.842,2037.298,101.694,-67.264,121.927,-3.064,-0.147,38,33.47,4.53,0.5579,222000,174938.4,-136676.8,-343128.6,-519044.5,-27910.7,18451.1,0.0,0.0,-196100.8,-9430.2,0,0
117.7167,9022.994,-1449.925,8622.994,2044.025,101.393,-67.27,121.679,-2.981,-0.001,38,33.55,4.45,0.5505,222000,174938.4,-136676.8,-337945.8,-509618.1,-27771.0,18415.9,0.0,0.0,-190778.4,-39.0,0,0
117.8167,9033.116,-1456.652,8633.116,2050.752,101.099,-67.262,121.43,-2.903,0.135,38,33.62,4.38,0.5438,222000,174938.4,-136676.8,-333112.8,-500912.4,-27633.7,18376.8,0.0,0.0,-185808.1,8627.5,0,0
117.9167,9043.209,-1463.377,8643.209,2057.477,100.813,-67.241,121.18,-2.831,0.26,38,33.69,4.31,0.5377,222000,174938.4,-136676.8,-328606.8,-492870.7,-27498.7,18333.9,0.0,0.0,-181167.0,16626.3,0,0
118.0167,9053.274,-1470.099,8653.274,2064.199,100.534,-67.209,120.93,-2.763,0.375,38,33.75,4.25,0.5322,222000,174938.4,-136676.8,-324406.1,-485441.2,-27365.7,18287.7,0.0,0.0,-176833.4,24009.6,0,0
118.1167,9063.311,-1476.817,8663.311,2070.917,100.262,-67.165,120.679,-2.7,0.482,38,33.81,4.19,0.5272,222000,174938.4,-136676.8,-320490.3,-478576.0,-27234.6,18238.3,0.0,0.0,-172786.5,30825.5,0,0
118.2167,9073.322,-1483.531,8673.322,2077.631,99.995,-67.111,120.428,-2.641,0.58,38,33.86,4.14,0.5227,222000,174938.4,-136676.8,-316840.0,-472231.4,-27105.5,18186.2,0.0,0.0,-169007.1,37117.9,0,0
118.3167,9083.306,-1490.238,8683.306,2084.338,99.734,-67.047,120.176,-2.586,0.671,38,33.9,4.1,0.5186,222000,174938.4,-136676.8,-313437.2,-466367.1,-26978.0,18131.5,0.0,0.0,-165476.8,42927.6,0,0
118.4167,9093.265,-1496.939,8693.265,2091.039,99.479,-66.975,119.924,-2.534,0.755,38,33.94,4.06,0.515,222000,174938.4,-136676.8,-310264.7,-460945.9,-26852.3,18074.4,0.0,0.0,-162178.6,48291.7,0,0
118.5167,9103.198,-1503.632,8703.198,2097.732,99.228,-66.895,119.671,-2.486,0.832,38,33.98,4.02,0.5117,222000,174938.4,-136676.8,-307306.5,-455933.8,-26728.1,18015.1,0.0,0.0,-159096.2,53244.5,0,0
118.6167,9113.106,-1510.316,8713.106,2104.416,98.982,-66.808,119.419,-2.441,0.903,38,34.01,3.99,0.5089,222000,174938.4,-136676.8,-304547.8,-451299.4,-26605.4,17954.0,0.0,0.0,-156214.8,57817.7,0,0
118.7167,9122.99,-1516.992,8722.99,2111.092,98.741,-66.714,119.166,-2.399,0.969,38,34.04,3.96,0.5064,222000,174938.4,-136676.8,-301974.3,-447013.9,-26484.1,17891.0,0.0,0.0,-153520.0,62040.2,0,0
118.8167,9132.851,-1523.657,8732.851,2117.757,98.503,-66.613,118.912,-2.359,1.03,38,34.06,3.94,0.5042,222000,174938.4,-136676.8,-299573.1,-443050.8,-26364.1,17826.4,0.0,0.0,-150998.9,65938.8,0,0
118.9167,9142.687,-1530.312,8742.687,2124.412,98.269,-66.507,118.659,-2.322,1.087,38,34.09,3.91,0.5022,222000,174938.4,-136676.8,-297331.9,-439385.4,-26245.4,17760.3,0.0,0.0,-148639.0,69538.1,0,0
119.0167,9152.501,-1536.957,8752.501,2131.057,98.039,-66.395,118.406,-2.288,1.138,38,34.1,3.9,0.5006,222000,174938.4,-136676.8,-295239.3,-435995.3,-26128.0,17692.9,0.0,0.0,-146428.9,72860.7,0,0
119.1167,9162.291,-1543.589,8762.291,2137.689,97.812,-66.278,118.153,-2.256,1.186,38,34.12,3.88,0.4992,222000,174938.4,-136676.8,-293284.7,-432859.7,-26011.6,17624.2,0.0,0.0,-144358.0,75927.7,0,0
119.2167,9172.059,-1550.21,8772.059,2144.31,97.588,-66.157,117.899,-2.225,1.231,38,34.13,3.87,0.4981,222000,174938.4,-136676.8,-291458.2,-429959.4,-25896.4,17554.5,0.0,0.0,-142416.2,78758.2,0,0
119.3167,9181.805,-1556.819,8781.805,2150.919,97.368,-66.032,117.646,-2.197,1.271,38,34.14,3.86,0.4972,222000,174938.4,-136676.8,-289750.5,-427276.8,-25782.2,17483.8,0.0,0.0,-140594.3,81370.1,0,0
119.4167,9191.527,-1563.418,8791.527,2157.518,97.065,-66.026,117.393,-4.71,-2.392,41,34.19,6.81,0.7632,222000,167545.5,-145645.1,-443356.3,-652693.2,-25657.7,17428.6,0.0,0.0,-301468.5,-153069.7,0,0
119.5167,9201.193,-1570.052,8801.193,2164.152,96.307,-66.67,117.132,-9.601,-9.231,47,34.59,12.41,1.2671,222000,151403.6,-162360.5,-740426.9,-1073818.3,-25423.0,17529.9,0.0,0.0,-614446.3,-590808.9,0,0
119.6167,9210.764,-1576.777,8810.764,2170.877,95.31,-67.613,116.857,-9.192,-8.086,53,35.25,17.75,1.1782,222000,133602.9,-177297.1,-696788.4,-985769.9,-25100.2,17742.0,0.0,0.0,-588285.6,-517485.0,0,1
119.7167,9220.247,-1583.576,8820.247,2177.676,94.517,-68.216,116.563,-7.009,-4.561,59,35.76,23.24,0.9032,222000,114338.5,-190291.1,-538080.1,-747292.8,-24820.2,17871.5,0.0,0.0,-448561.8,-291872.5,0,1
119.8167,9229.66,-1590.421,8829.66,2184.521,93.846,-68.618,116.257,-6.786,-4.066,60,36.11,23.89,0.8711,222000,111000.0,-192257.6,-520712.1,-713724.1,-24578.7,17931.9,0.0,0.0,-434290.8,-260209.9,0,1
119.9167,9239.005,-1597.307,8839.005,2191.407,93.157,-69.031,115.946,-6.98,-4.185,60,36.48,23.52,0.8894,222000,111000.0,-192257.6,-533360.4,-721388.1,-24334.1,17991.5,0.0,0.0,-446694.5,-267814.2,0,1
120.0167,9248.279,-1604.235,8848.279,2198.335,92.447,-69.457,115.632,-7.181,-4.304,60,36.85,23.15,0.9082,222000,111000.0,-192257.6,-546515.4,-729106.5,-24084.5,18053.0,0.0,0.0,-459600.0,-275471.2,0,1
120.1167,9257.481,-1611.206,8857.481,2205.306,91.717,-69.894,115.313,-7.391,-4.424,60,37.24,22.76,0.9277,222000,111000.0,-192257.6,-560196.3,-736866.0,-23829.8,18116.4,0.0,0.0,-473026.1,-283167.2,0,1
120.2167,9266.609,-1618.221,8866.609,2212.321,90.965,-70.344,114.991,-7.609,-4.545,60,37.65,22.35,0.9478,222000,111000.0,-192257.6,-574422.6,-744651.5,-23569.7,18181.7,0.0,0.0,-486992.3,-290887.5,0,1
120.3167,9275.661,-1625.283,8875.661,2219.383,90.191,-70.805,114.664,-7.836,-4.666,60,38.06,21.94,0.9686,222000,111000.0,-192257.6,-589214.2,-752446.4,-23304.2,18248.7,0.0,0.0,-501518.3,-298615.3,0,1
120.4167,9284.634,-1632.391,8884.634,2226.491,89.394,-71.279,114.332,-8.072,-4.786,60,38.49,21.51,0.9902,222000,111000.0,-192257.6,-604591.4,-760232.5,-23032.9,18317.4,0.0,0.0,-516624.3,-306332.7,0,1
120.5167,9293.525,-1639.547,8893.525,2233.647,88.572,-71.765,113.996,-8.318,-4.907,60,38.94,21.06,1.0125,222000,111000.0,-192257.6,-620575.2,-767989.7,-22755.7,18387.8,0.0,0.0,-532330.9,-314019.6,0,1
120.6167,9302.333,-1646.752,8902.333,2240.852,87.726,-72.262,113.656,-8.573,-5.026,60,39.4,20.6,1.0355,222000,111000.0,-192257.6,-637186.5,-775696.2,-22472.5,18459.7,0.0,0.0,-548658.9,-321654.1,0,1
120.7167,9311.055,-1654.008,8911.055,2248.108,86.853,-72.772,113.31,-8.838,-5.144,60,39.88,20.12,1.0594,222000,111000.0,-192257.6,-654446.6,-783328.0,-22182.9,18533.2,0.0,0.0,-565629.5,-329212.5,0,1
120.8167,9319.688,-1661.315,8919.688,2255.415,85.953,-73.293,112.959,-9.114,-5.26,60,40.37,19.63,1.084,222000,111000.0,-192257.6,-672377.2,-790859.0,-21886.9,18607.9,0.0,0.0,-583264.1,-336668.6,0,1
120.9167,9328.23,-1668.676,8928.23,2262.776,85.025,-73.826,112.603,-9.4,-5.375,60,40.88,19.12,1.1095,222000,111000.0,-192257.6,-691000.0,-798260.7,-21584.2,18684.0,0.0,0.0,-601584.2,-343994.3,0,1
121.0167,9336.677,-1676.09,8936.677,2270.19,84.068,-74.37,112.242,-9.697,-5.487,60,41.41,18.59,1.1359,222000,111000.0,-192257.6,-710336.7,-805502.4,-21274.7,18761.2,0.0,0.0,-620611.3,-351158.8,0,1
121.1167,9345.026,-1683.559,8945.026,2277.659,83.08,-74.925,111.875,-10.006,-5.596,60,41.95,18.05,1.1631,222000,111000.0,-192257.6,-730409.0,-812550.6,-20958.0,18839.3,0.0,0.0,-640367.0,-358128.9,0,1
121.2167,9353.275,-1691.085,8953.275,2285.185,82.061,-75.491,111.503,-10.326,-5.701,60,42.52,17.48,1.1913,222000,111000.0,-192257.6,-751238.5,-819369.2,-20634.0,18918.3,0.0,0.0,-660872.6,-364868.6,0,1
121.3167,9361.42,-1698.667,8961.42,2292.767,81.009,-76.067,111.124,-10.659,-5.802,60,43.1,16.9,1.2204,222000,111000.0,-192257.6,-772846.6,-825919.3,-20302.6,18998.0,0.0,0.0,-682149.2,-371339.0,0,1
121.4167,9369.456,-1706.31,8969.456,2300.41,79.888,-76.693,110.743,-10.842,-5.803,56,43.73,12.27,1.2543,222000,124140.8,-184046.3,-798095.9,-834281.0,-19954.3,19088.8,0.0,0.0,-693909.3,-371398.6,0,0
121.5167,9377.397,-1713.996,8977.397,2308.096,79.158,-76.9,110.361,-4.812,0.513,50,44.14,5.86,0.677,222000,142698.8,-170061.9,-431011.7,-444072.9,-19679.4,19100.6,0.0,0.0,-307992.3,32805.9,0,0
121.6167,9385.3,-1721.668,8985.3,2315.768,79.009,-76.508,109.982,0.817,6.282,44,44.12,-0.12,0.139,222000,159693.4,-154214.2,-87832.2,-90564.2,-19551.5,18961.7,0.0,0.0,52309.7,402023.4,0,0
121.7167,9393.217,-1729.271,8993.217,2323.371,79.304,-75.659,109.606,3.242,8.799,41,43.73,-2.73,-0.0955,222000,167545.5,-145645.1,59507.6,62211.3,-19547.4,18697.8,0.0,0.0,207505.8,563104.0,0,0
121.8167,9401.165,-1736.786,9001.165,2330.886,79.605,-74.803,109.236,2.85,8.393,41,43.29,-2.29,-0.056,222000,167545.5,-145645.1,34408.0,36526.7,-19556.9,18422.5,0.0,0.0,182396.7,537144.1,0,0
121.9167,9409.141,-1744.219,9009.141,2338.319,79.869,-73.986,108.872,2.491,8.011,41,42.88,-1.88,-0.0189,222000,167545.5,-145645.1,11446.2,12327.6,-19557.6,18159.3,0.0,0.0,159434.1,512681.8,0,0
122.0167,9417.142,-1751.572,9017.142,2345.672,80.099,-73.207,108.513,2.163,7.651,41,42.49,-1.49,0.016,222000,167545.5,-145645.1,-9577.2,-10455.9,-19550.4,17907.4,0.0,0.0,138417.9,489646.4,0,0
122.1167,9425.164,-1758.849,9025.164,2352.949,80.297,-72.461,108.159,1.862,7.312,41,42.12,-1.12,0.049,222000,167545.5,-145645.1,-28841.1,-31894.0,-19536.1,17666.1,0.0,0.0,119168.3,467967.1,0,0
122.2167,9433.203,-1766.053,9033.203,2360.153,80.467,-71.749,107.809,1.586,6.993,41,41.78,-0.78,0.08,222000,167545.5,-145645.1,-46506.5,-52055.7,-19515.2,17434.9,0.0,0.0,101523.8,447574.0,0,0
122.3167,9441.259,-1773.188,9041.259,2367.288,80.611,-71.067,107.465,1.333,6.694,41,41.45,-0.45,0.1093,222000,167545.5,-145645.1,-62717.9,-71009.2,-19488.5,17213.0,0.0,0.0,85339.1,428398.7,0,0
122.4167,9449.327,-1780.256,9049.327,2374.356,80.73,-70.414,107.124,1.101,6.412,41,41.14,-0.14,0.137,222000,167545.5,-145645.1,-77605.8,-88820.3,-19456.4,16999.9,0.0,0.0,70483.3,410374.4,0,0
122.5167,9457.406,-1787.261,9057.406,2381.361,80.814,-69.805,106.788,0.061,5.192,42,40.85,1.15,0.2531,222000,164978.2,-148547.0,-141672.5,-163811.7,-19419.6,16795.0,0.0,0.0,3886.1,332276.3,0,0
122.6167,9465.474,-1794.226,9065.474,2388.326,80.528,-69.623,106.452,-4.901,-0.521,48,40.81,7.19,0.7968,222000,148547.0,-164978.2,-442897.6,-512855.0,-19310.0,16675.9,0.0,0.0,-313660.6,-33317.2,0,0
122.7167,9473.486,-1801.205,9073.486,2395.305,79.762,-69.982,106.111,-9.601,-5.706,54,41.17,12.83,1.3049,222000,130488.3,-179601.8,-725875.4,-830109.9,-19084.1,16687.8,0.0,0.0,-614471.2,-365183.9,0,0
122.8167,9481.403,-1808.24,9081.403,2402.34,78.744,-70.6,105.759,-10.014,-5.876,55,41.78,13.22,1.3399,222000,127334.0,-181851.8,-749426.6,-838818.0,-18780.6,16779.2,0.0,0.0,-640873.2,-376050.6,0,0
122.9167,9489.22,-1815.333,9089.22,2409.433,77.767,-71.145,105.401,-9.602,-5.163,55,42.36,12.64,1.2875,222000,127334.0,-181851.8,-723372.3,-793286.7,-18483.8,16854.8,0.0,0.0,-614522.1,-330443.7,0,0
123.0167,9496.942,-1822.476,9096.942,2416.576,76.83,-71.623,105.037,-9.205,-4.507,55,42.9,12.1,1.2386,222000,127334.0,-181851.8,-698266.6,-751317.7,-18197.1,16912.2,0.0,0.0,-589129.7,-288417.2,0,0
123.1167,9504.573,-1829.662,9104.573,2423.762,75.974,-71.994,104.667,-7.144,-2.161,53,43.4,9.6,1.014,222000,133602.9,-177297.1,-572883.5,-605803.8,-17923.5,16949.5,0.0,0.0,-457204.0,-138311.4,0,0
123.2167,9512.142,-1836.859,9112.142,2430.959,75.566,-71.888,104.298,-1.937,3.307,47,43.58,3.42,0.4577,222000,151403.6,-162360.5,-257651.4,-270744.3,-17744.1,16886.0,0.0,0.0,-123991.8,211621.2,0,0
123.3167,9519.7,-1844.015,9119.7,2438.115,75.657,-71.259,103.932,2.884,8.369,41,43.36,-2.36,-0.0623,222000,167545.5,-145645.1,34698.8,36745.3,-17684.2,16699.3,0.0,0.0,184560.2,535639.5,0,0
123.4167,9527.295,-1851.08,9127.295,2445.18,76.204,-70.141,103.571,7.25,13.143,35,42.76,-7.76,-0.5486,222000,181851.8,-127334.0,299882.1,324273.3,-17733.2,16399.3,0.0,0.0,464000.7,841178.7,0,0
123.5167,9534.968,-1858.005,9134.968,2452.105,77.159,-68.559,103.217,11.111,17.72,29,41.81,-12.81,-1.0032,222000,194165.6,-107627.7,534808.0,597872.6,-17879.2,15993.2,0.0,0.0,711094.4,1134078.1,0,0
123.6167,9542.759,-1864.744,9142.759,2458.844,78.454,-66.544,102.874,12.501,19.918,23,40.52,-17.52,-1.1895,222000,204352.1,-86742.3,613833.6,718190.4,-18113.8,15481.8,0.0,0.0,800071.9,1274769.9,0,1
123.7167,9550.672,-1871.287,9150.672,2465.387,79.584,-64.656,102.538,10.457,18.109,17,39.28,-22.28,-0.9513,222000,212299.7,-64906.5,475289.8,581028.8,-18323.3,14988.7,0.0,0.0,669266.2,1158951.0,0,1
123.8167,9558.686,-1877.652,9158.686,2471.752,80.531,-62.936,102.207,9.196,17.019,13,38.19,-25.19,-0.8062,222000,216310.2,-49939.1,390732.7,496778.0,-18486.7,14540.4,0.0,0.0,588556.2,1089219.3,0,1
123.9167,9566.794,-1883.845,9166.794,2477.945,81.463,-61.201,101.891,9.407,17.604,13,37.1,-24.1,-0.8604,222000,216310.2,-49939.1,404380.2,534666.1,-18641.9,14099.3,0.0,0.0,602048.5,1126666.3,0,1
124.0167,9574.995,-1889.86,9174.995,2483.96,82.416,-59.404,101.593,9.603,18.221,13,35.98,-22.98,-0.9167,222000,216310.2,-49939.1,417086.3,574589.2,-18803.8,13649.4,0.0,0.0,614592.6,1166139.5,0,1
124.1167,9583.294,-1895.693,9183.294,2489.793,83.387,-57.545,101.315,9.782,18.871,13,34.81,-21.81,-0.9751,222000,216310.2,-49939.1,428711.3,616648.7,-18972.3,13190.1,0.0,0.0,626049.1,1207739.6,0,1
124.2167,9591.69,-1901.335,9191.69,2495.435,84.374,-55.618,101.056,9.942,19.556,13,33.6,-20.6,-1.0356,222000,216310.2,-49939.1,439101.3,660948.5,-19147.3,12720.5,0.0,0.0,636264.1,1251569.8,0,1
124.3167,9600.185,-1906.781,9200.185,2500.881,85.377,-53.621,100.818,10.079,20.277,13,32.34,-19.34,-1.0983,222000,216310.2,-49939.1,448086.5,707594.6,-19328.4,12239.8,0.0,0.0,645068.3,1297735.2,0,1
124.4167,9608.782,-1912.023,9208.782,2506.123,86.391,-51.549,100.602,10.192,21.037,13,31.05,-18.05,-1.1632,222000,216310.2,-49939.1,455480.0,756694.8,-19515.5,11747.0,0.0,0.0,652274.7,1346342.6,0,1
124.5167,9617.481,-1917.053,9217.481,2511.153,87.416,-49.399,100.408,10.276,21.836,13,29.7,-16.7,-1.2305,222000,216310.2,-49939.1,461075.6,808357.5,-19708.2,11241.3,0.0,0.0,657677.5,1397499.7,0,1
124.6167,9626.283,-1921.864,9226.283,2515.964,88.447,-47.167,100.237,10.329,22.677,13,28.31,-15.31,-1.3001,222000,216310.2,-49939.1,464646.0,862691.5,-19906.2,10721.5,0.0,0.0,661049.9,1451313.9,0,1
124.7167,9635.188,-1926.446,9235.188,2520.546,89.481,-44.848,100.091,10.346,23.561,13,26.87,-13.87,-1.3722,222000,216310.2,-49939.1,465940.8,919804.5,-20109.1,10186.6,0.0,0.0,662141.9,1507891.9,0,1
124.8167,9644.185,-1930.813,9244.185,2524.913,90.318,-42.846,99.966,8.03,19.557,13,25.58,-12.58,-0.9823,222000,216310.2,-49939.1,317887.2,664043.5,-20280.3,9708.5,0.0,0.0,513917.0,1251652.8,0,0
124.9167,9653.262,-1934.986,9253.262,2529.086,91.077,-40.953,99.861,7.29,18.497,13,24.4,-11.4,-0.8761,222000,216310.2,-49939.1,270672.8,596666.1,-20431.6,9268.6,0.0,0.0,466551.3,1183835.6,0,0
125.0167,9662.41,-1938.976,9262.41,2533.076,91.767,-39.163,99.774,6.638,17.483,13,23.29,-10.29,-0.7761,222000,216310.2,-49939.1,229066.0,532147.6,-20570.7,8854.8,0.0,0.0,424805.4,1118903.2,0,0
125.1167,9671.618,-1942.809,9271.618,2536.909,92.253,-37.825,99.707,3.649,10.494,19,22.4,-3.4,-0.156,222000,209905.1,-72276.1,44327.2,107543.6,-20676.4,8522.4,0.0,0.0,233556.0,671629.8,0,0
125.2167,9680.859,-1946.545,9280.859,2540.645,92.502,-37.063,99.65,2.204,6.928,22,21.9,0.1,0.1586,222000,205834.8,-83162.7,-44066.5,-109596.8,-20725.4,8333.2,0.0,0.0,141043.0,443413.8,0,0
125.3167,9690.121,-1950.212,9290.121,2544.312,92.713,-36.393,99.6,2.06,6.527,22,21.5,0.5,0.1952,222000,205834.8,-83162.7,-53221.1,-135128.5,-20762.8,8177.5,0.0,0.0,131850.9,417726.3,0,0
125.4167,9699.404,-1953.814,9299.404,2547.914,92.912,-35.763,99.557,1.93,6.147,22,21.11,0.89,0.2297,222000,205834.8,-83162.7,-61502.2,-159270.4,-20798.4,8031.3,0.0,0.0,123534.1,393438.3,0,0
125.5167,9708.706,-1957.355,9308.706,2551.455,93.098,-35.169,99.519,1.813,5.789,22,20.75,1.25,0.2622,222000,205834.8,-83162.7,-69000.3,-182093.9,-20832.4,7894.0,0.0,0.0,116002.1,370477.4,0,0
125.6167,9718.026,-1960.839,9318.026,2554.939,93.273,-34.61,99.487,1.706,5.45,22,20.41,1.59,0.2928,222000,205834.8,-83162.7,-75795.8,-203668.0,-20865.1,7765.0,0.0,0.0,109174.0,348774.4,0,0
125.7167,9727.363,-1964.269,9327.363,2558.369,93.438,-34.084,99.46,1.609,5.129,22,20.09,1.91,0.3217,222000,205834.8,-83162.7,-81960.7,-224058.3,-20896.5,7644.0,0.0,0.0,102977.6,328263.0,0,0
125.8167,9736.716,-1967.649,9336.716,2561.749,93.593,-33.589,99.438,1.521,4.826,22,19.79,2.21,0.3488,222000,205834.8,-83162.7,-87559.3,-243327.7,-20926.8,7530.3,0.0,0.0,97348.7,308880.0,0,0
125.9167,9746.084,-1970.98,9346.084,2565.08,93.741,-33.123,99.421,1.441,4.54,22,19.51,2.49,0.3744,222000,205834.8,-83162.7,-92648.9,-261536.0,-20956.3,7423.7,0.0,0.0,92229.7,290565.0,0,0
126.0167,9755.467,-1974.267,9355.467,2568.367,93.881,-32.685,99.408,1.368,4.27,22,19.24,2.76,0.3985,222000,205834.8,-83162.7,-97280.6,-278740.3,-20984.9,7323.7,0.0,0.0,87569.3,273260.8,0,0
126.1167,9764.862,-1977.511,9364.862,2571.611,94.013,-32.273,99.399,1.302,4.014,22,18.99,3.01,0.4212,222000,205834.8,-83162.7,-101500.3,-294994.7,-21012.8,7230.0,0.0,0.0,83321.7,256912.6,0,0
126.2167,9774.271,-1980.716,9374.271,2574.816,94.14,-31.886,99.393,1.241,3.773,22,18.75,3.25,0.4425,222000,205834.8,-83162.7,-105349.0,-310350.7,-21040.1,7142.1,0.0,0.0,79445.7,241468.7,0,0
126.3167,9783.692,-1983.883,9383.692,2577.983,94.261,-31.522,99.392,1.186,3.545,22,18.53,3.47,0.4626,222000,205834.8,-83162.7,-108863.3,-324857.1,-21066.9,7059.8,0.0,0.0,75904.6,226880.0,0,0
126.4167,9793.125,-1987.015,9393.125,2581.115,94.377,-31.18,99.394,1.135,3.33,22,18.32,3.68,0.4815,222000,205834.8,-83162.7,-112075.9,-338560.3,-21093.2,6982.6,0.0,0.0,72665.7,213099.7,0,0
126.5167,9802.569,-1990.114,9402.569,2584.214,94.487,-30.859,99.399,1.089,3.126,22,18.12,3.88,0.4993,222000,205834.8,-83162.7,-115016.3,-351504.0,-21119.1,6910.4,0.0,0.0,69699.4,200083.8,0,0
126.6167,9812.03,-1993.166,9412.03,2587.266,94.712,-30.197,99.409,3.038,9.068,16,17.78,-1.78,-0.0098,222000,213400.1,-61191.5,2225.2,6940.7,-21163.9,6785.2,0.0,0.0,194461.4,580374.4,0,0
126.7167,9821.523,-1996.118,9421.523,2590.218,95.117,-28.96,99.428,4.742,14.704,10,17.08,-7.08,-0.4874,222000,218627.3,-38549.9,106092.8,345249.1,-21251.9,6530.6,0.0,0.0,303468.2,941069.7,0,0
126.8167,9831.066,-1998.914,9431.066,2593.014,95.675,-27.174,99.459,6.123,20.076,4,16.06,-12.06,-0.9351,222000,221459.2,-15485.9,191800.3,666375.1,-21377.6,6153.0,0.0,0.0,391881.9,1284882.2,0,0
126.9167,9840.673,-2001.498,9440.673,2595.598,96.356,-24.838,99.506,6.75,23.826,-2,14.69,-16.69,-1.2309,222000,221864.8,7747.7,231692.8,883644.9,-21537.2,5647.1,0.0,0.0,432020.4,1524879.7,0,1
127.0167,9850.345,-2003.849,9450.345,2597.949,96.973,-22.581,99.567,5.77,21.663,-8,13.32,-21.32,-0.9993,222000,219839.5,30896.4,171115.8,722580.7,-21691.8,5136.9,0.0,0.0,369263.5,1386454.0,0,1
127.1167,9860.074,-2005.986,9460.074,2600.086,97.497,-20.547,99.639,4.878,19.373,-14,12.09,-26.09,-0.7609,222000,215405.7,53706.7,118603.5,553620.4,-21827.9,4676.3,0.0,0.0,312181.3,1239843.3,0,1
127.2167,9869.85,-2007.934,9469.85,2602.034,97.937,-18.75,99.715,4.062,16.952,-20,11.0,-31.0,-0.5152,222000,208611.8,75928.5,73298.6,376923.0,-21946.3,4267.8,0.0,0.0,259964.1,1084959.3,0,1
127.3167,9879.665,-2009.717,9479.665,2603.817,98.299,-17.202,99.792,3.308,14.402,-26,10.07,-36.07,-0.2621,222000,199532.3,97318.4,34199.0,192627.0,-22047.3,3914.3,0.0,0.0,211684.0,921699.7,0,1
127.4167,9889.513,-2011.36,9489.513,2605.46,98.588,-15.917,99.864,2.598,11.718,-32,9.29,-41.29,-0.0012,222000,188266.7,117642.1,141.6,866.3,-22131.0,3618.6,0.0,0.0,166277.3,749966.9,0,1
127.5167,9899.386,-2012.883,9499.386,2606.983,98.835,-14.73,99.927,2.387,11.998,-38,8.59,-46.59,0,222000,174938.4,136676.8,-0.0,-0.0,-22201.7,3355.0,0.0,0.0,152736.7,767871.9,0,1
127.6167,9909.283,-2014.285,9509.283,2608.385,99.06,-13.514,99.978,2.147,12.268,-44,7.89,-51.89,0,222000,159693.4,154214.2,-0.0,-0.0,-22264.9,3084.5,0.0,0.0,137428.5,785138.6,0,1
127.7167,9919.201,-2015.564,9519.201,2609.664,99.26,-12.273,100.015,1.881,12.511,-50,7.17,-57.17,0,222000,142698.8,170061.9,-0.0,-0.0,-22319.7,2807.4,0.0,0.0,120379.1,800709.3,0,1
127.8167,9929.137,-2016.718,9529.137,2610.818,99.431,-11.009,100.039,1.59,12.725,-56,6.44,-62.44,0,222000,124140.8,184046.3,-0.0,-0.0,-22365.1,2524.6,0.0,0.0,101775.8,814411.0,0,1
127.9167,9939.088,-2017.744,9539.088,2611.844,99.572,-9.725,100.046,1.278,12.908,-62,5.7,-67.7,0,222000,104222.7,196014.4,-0.0,-0.0,-22400.2,2236.8,0.0,0.0,81822.5,826091.1,0,1
128.0167,9949.052,-2018.641,9549.052,2612.741,99.681,-8.426,100.036,0.949,13.057,-68,4.96,-72.96,0,222000,83162.7,205834.8,-0.0,-0.0,-22424.4,1944.7,0.0,0.0,60738.3,835619.5,0,1
128.1167,9959.025,-2019.407,9559.025,2613.507,99.756,-7.113,100.009,0.606,13.17,-74,4.2,-78.2,0,222000,61191.5,213400.1,-0.0,-0.0,-22437.1,1649.4,0.0,0.0,38754.4,842889.5,0,1
128.2167,9969.003,-2020.041,9569.003,2614.141,99.796,-5.791,99.964,0.252,13.247,-80,3.45,-83.45,0,222000,38549.9,218627.3,-0.0,-0.0,-22437.9,1351.8,0.0,0.0,16112.0,847819.1,0,1
128.3167,9978.983,-2020.543,9578.983,2614.643,99.8,-4.464,99.9,-0.108,13.287,-86,2.69,-88.69,0,222000,15485.9,221459.2,-0.0,-0.0,-22426.6,1052.9,0.0,0.0,-6940.6,850352.1,0,1
128.4167,9988.962,-2020.912,9588.962,2615.012,99.768,-3.135,99.817,-0.471,13.288,-92,1.93,-93.93,0,222000,-7747.7,221864.8,-0.0,-0.0,-22402.9,753.6,0.0,0.0,-30150.6,850458.4,0,1
128.5167,9998.935,-2021.148,9598.935,2615.248,99.715,-1.807,99.731,-0.531,13.281,-93,1.17,-94.17,0,222000,-11618.6,221695.8,-0.0,-0.0,-22371.5,454.9,0.0,0.0,-33990.0,849990.7,0,1
128.6167,10008.904,-2021.251,9608.904,2615.351,99.662,-0.479,99.663,-0.531,13.276,-93,0.4,-93.4,0,222000,-11618.6,221695.8,-0.0,-0.0,-22343.6,156.9,0.0,0.0,-33962.2,849692.7,0,1
128.7167,10018.867,-2021.221,9618.867,2615.321,99.619,0.849,99.622,-0.288,13.276,-89,-0.36,-88.64,0,222000,3874.4,221966.2,0.0,-0.0,-22322.4,-140.6,0.0,0.0,-18448.0,849665.6,0,1
128.8167,10028.828,-2021.059,9628.828,2615.159,99.611,2.175,99.635,0.074,13.246,-83,-1.12,-81.88,0,222000,27055.0,220345.2,0.0,-0.0,-22320.1,-437.9,0.0,0.0,4734.9,847747.4,0,1
128.9167,10038.791,-2020.765,9638.791,2614.865,99.639,3.496,99.701,0.431,13.178,-77,-1.88,-75.12,0,222000,49939.1,216310.2,0.0,-0.0,-22337.9,-734.6,0.0,0.0,27601.2,843415.6,0,1
129.0167,10048.758,-2020.338,9648.758,2614.438,99.703,4.808,99.819,0.78,13.074,-71,-2.64,-68.36,0,222000,72276.1,209905.1,0.0,-0.0,-22375.4,-1030.2,0.0,0.0,49900.7,836714.9,0,1
129.1167,10058.733,-2019.781,9658.733,2613.881,99.786,6.113,99.974,0.836,13.049,-70,-3.38,-66.62,0,222000,75928.5,208611.8,0.0,-0.0,-22427.9,-1325.3,0.0,0.0,53500.6,835126.5,0,1
129.2167,10068.717,-2019.094,9668.717,2613.194,99.87,7.418,100.145,0.835,13.044,-70,-4.12,-65.88,0,222000,75928.5,208611.8,0.0,-0.0,-22484.6,-1621.3,0.0,0.0,53443.9,834830.5,0,1
129.3167,10078.709,-2018.276,9678.709,2612.376,99.953,8.722,100.333,0.834,13.04,-70,-4.86,-65.14,0,222000,75928.5,208611.8,0.0,-0.0,-22545.0,-1918.5,0.0,0.0,53383.5,834533.3,0,1
129.4167,10088.709,-2017.328,9688.709,2611.428,100.037,10.026,100.538,0.833,13.035,-70,-5.6,-64.4,0,222000,75928.5,208611.8,0.0,-0.0,-22609.3,-2217.1,0.0,0.0,53319.2,834234.7,0,1
129.5167,10098.717,-2016.249,9698.717,2610.349,100.12,11.329,100.759,0.832,13.03,-70,-6.33,-63.67,0,222000,75928.5,208611.8,0.0,-0.0,-22677.2,-2517.1,0.0,0.0,53251.2,833934.6,0,1
129.6167,10108.734,-2015.04,9708.734,2609.14,100.203,12.631,100.996,0.831,13.026,-70,-7.06,-62.94,0,222000,75928.5,208611.8,0.0,-0.0,-22748.9,-2818.8,0.0,0.0,53179.6,833633.0,0,1
129.7167,10118.759,-2013.701,9718.759,2607.801,100.286,13.934,101.25,0.83,13.021,-70,-7.79,-62.21,0,222000,75928.5,208611.8,0.0,-0.0,-22824.3,-3122.2,0.0,0.0,53104.2,833329.5,0,1
129.8167,10128.793,-2012.232,9728.793,2606.332,100.369,15.236,101.519,0.829,13.016,-70,-8.51,-61.49,0,222000,75928.5,208611.8,0.0,-0.0,-22903.4,-3427.6,0.0,0.0,53025.1,833024.2,0,1
129.9167,10138.835,-2010.633,9738.835,2604.733,100.452,16.537,101.804,0.827,13.011,-70,-9.23,-60.77,0,222000,75928.5,208611.8,0.0,-0.0,-22986.1,-3735.0,0.0,0.0,52942.4,832716.8,0,1
130.0167,10148.885,-2008.903,9748.885,2603.003,100.535,17.838,102.105,0.826,13.006,-70,-9.94,-60.06,0,222000,75928.5,208611.8,0.0,-0.0,-23072.4,-4044.5,0.0,0.0,52856.1,832407.2,0,1
130.1167,10158.943,-2007.043,9758.943,2601.143,100.617,19.138,102.421,0.824,13.001,-70,-10.65,-59.35,0,222000,75928.5,208611.8,0.0,-0.0,-23162.3,-4356.3,0.0,0.0,52766.1,832095.4,0,1
130.2167,10169.009,-2005.054,9769.009,2599.154,100.699,20.438,102.753,0.823,12.997,-70,-11.36,-58.64,0,222000,75928.5,208611.8,0.0,-0.0,-23255.8,-4670.6,0.0,0.0,52672.7,831781.2,0,1
130.3167,10179.084,-2002.934,9779.084,2597.034,100.782,21.737,103.099,0.821,12.992,-70,-12.06,-57.94,0,222000,75928.5,208611.8,0.0,-0.0,-23352.8,-4987.4,0.0,0.0,52575.7,831464.4,0,1
130.4167,10189.167,-2000.685,9789.167,2594.785,100.864,23.036,103.461,0.82,12.987,-70,-12.75,-57.25,0,222000,75928.5,208611.8,0.0,-0.0,-23453.3,-5306.9,0.0,0.0,52475.2,831144.9,0,1
130.5167,10199.258,-1998.305,9799.258,2592.405,100.946,24.335,103.837,0.818,12.982,-70,-13.44,-56.56,0,222000,75928.5,208611.8,0.0,-0.0,-23557.2,-5629.1,0.0,0.0,52371.2,830822.6,0,1
130.6167,10209.358,-1995.796,9809.358,2589.896,101.027,25.632,104.228,0.817,12.977,-70,-14.12,-55.88,0,222000,75928.5,208611.8,0.0,-0.0,-23664.6,-5954.3,0.0,0.0,52263.9,830497.5,0,1
130.7167,10219.465,-1993.157,9819.465,2587.257,101.109,26.93,104.634,0.815,12.971,-70,-14.8,-55.2,0,222000,75928.5,208611.8,0.0,-0.0,-23775.4,-6282.4,0.0,0.0,52153.1,830169.3,0,1
130.8167,10229.581,-1990.388,9829.581,2584.488,101.19,28.227,105.053,0.813,12.966,-70,-15.47,-54.53,0,222000,75928.5,208611.8,0.0,-0.0,-23889.5,-6613.7,0.0,0.0,52039.0,829838.0,0,1
130.9167,10239.705,-1987.49,9839.705,2581.59,101.272,29.523,105.487,0.811,12.961,-70,-16.14,-53.86,0,222000,75928.5,208611.8,0.0,-0.0,-24006.9,-6948.3,0.0,0.0,51921.6,829503.5,0,1
131.0167,10249.836,-1984.462,9849.836,2578.562,101.353,30.819,105.935,0.809,12.956,-70,-16.8,-53.2,0,222000,75928.5,208611.8,0.0,-0.0,-24127.6,-7286.1,0.0,0.0,51800.9,829165.6,0,1
131.1167,10259.976,-1981.305,9859.976,2575.405,101.433,32.114,106.396,0.807,12.95,-70,-17.46,-52.54,0,222000,75928.5,208611.8,0.0,-0.0,-24251.5,-7627.5,0.0,0.0,51677.0,828824.3,0,1
131.2167,10270.124,-1978.018,9870.124,2572.118,101.514,33.409,106.87,0.805,12.945,-70,-18.11,-51.89,0,222000,75928.5,208611.8,0.0,-0.0,-24378.6,-7972.3,0.0,0.0,51549.9,828479.4,0,1
131.3167,10280.281,-1974.602,9880.281,2568.702,101.594,34.703,107.358,0.803,12.94,-70,-18.75,-51.25,0,222000,75928.5,208611.8,0.0,-0.0,-24508.8,-8320.9,0.0,0.0,51419.6,828130.9,0,1
131.4167,10290.445,-1971.056,9890.445,2565.156,101.675,35.997,107.859,0.801,12.934,-70,-19.39,-50.61,0,222000,75928.5,208611.8,0.0,-0.0,-24642.2,-8673.1,0.0,0.0,51286.3,827778.6,0,1
131.5167,10300.617,-1967.381,9900.617,2561.481,101.755,37.29,108.372,0.799,12.928,-70,-20.02,-49.98,0,222000,75928.5,208611.8,0.0,-0.0,-24778.6,-9029.2,0.0,0.0,51149.9,827422.5,0,1
131.6,10309.1,-1964.219,9909.1,2558.319,101.821,38.367,108.81,0.797,12.924,-70,-20.54,-49.46,0,222000,75928.5,208611.8,0.0,-0.0,-24894.6,-9329.0,0.0,0.0,51033.9,827122.8,0,1
131.7,10319.286,-1960.307,9919.286,2554.407,101.901,39.659,109.346,0.795,12.918,-70,-21.16,-48.84,0,222000,75928.5,208611.8,0.0,-0.0,-25036.6,-9692.3,0.0,0.0,50891.9,826759.4,0,1
131.8,10329.481,-1956.266,9929.481,2550.366,101.98,40.95,109.895,0.793,12.912,-70,-21.78,-48.22,0,222000,75928.5,208611.8,0.0,-0.0,-25181.4,-10059.8,0.0,0.0,50747.0,826392.0,0,1
131.9,10339.684,-1952.096,9939.684,2546.196,102.059,42.241,110.455,0.791,12.907,-70,-22.38,-47.62,0,222000,75928.5,208611.8,0.0,-0.0,-25329.2,-10431.4,0.0,0.0,50599.3,826020.3,0,1
132.0,10349.894,-1947.796,9949.894,2541.896,102.138,43.531,111.028,0.788,12.901,-70,-22.98,-47.02,0,222000,75928.5,208611.8,0.0,-0.0,-25479.9,-10807.3,0.0,0.0,50448.6,825644.5,0,1
132.1,10360.113,-1943.368,9960.113,2537.468,102.217,44.821,111.612,0.786,12.895,-70,-23.58,-46.42,0,222000,75928.5,208611.8,0.0,-0.0,-25633.3,-11187.5,0.0,0.0,50295.2,825264.2,0,1
132.2,10370.339,-1938.811,9970.339,2532.911,102.295,46.11,112.207,0.783,12.889,-70,-24.17,-45.83,0,222000,75928.5,208611.8,0.0,-0.0,-25789.5,-11572.1,0.0,0.0,50138.9,824879.6,0,1
132.3,10380.573,-1934.125,9980.573,2528.225,102.374,47.399,112.814,0.781,12.883,-70,-24.75,-45.25,0,222000,75928.5,208611.8,0.0,-0.0,-25948.5,-11961.2,0.0,0.0,49980.0,824490.5,0,1
132.4,10390.815,-1929.31,9990.815,2523.41,102.452,48.687,113.432,0.778,12.877,-70,-25.32,-44.68,0,222000,75928.5,208611.8,0.0,-0.0,-26110.1,-12354.9,0.0,0.0,49818.4,824096.9,0,1
132.5,10401.065,-1924.366,10001.065,2518.466,102.529,49.974,114.06,0.776,12.87,-70,-25.89,-44.11,0,222000,75928.5,208611.8,0.0,-0.0,-26274.4,-12753.1,0.0,0.0,49654.1,823698.7,0,1
132.6,10411.322,-1919.293,10011.322,2513.393,102.607,51.261,114.699,0.773,12.864,-70,-26.45,-43.55,0,222000,75928.5,208611.8,0.0,-0.0,-26441.2,-13156.0,0.0,0.0,49487.2,823295.7,0,1
132.7,10421.587,-1914.092,10021.587,2508.192,102.684,52.547,115.348,0.771,12.858,-70,-27.01,-42.99,0,222000,75928.5,208611.8,0.0,-0.0,-26610.7,-13563.7,0.0,0.0,49317.8,822888.0,0,1
132.8,10431.86,-1908.763,10031.86,2502.863,102.761,53.832,116.007,0.768,12.851,-70,-27.56,-42.44,0,222000,75928.5,208611.8,0.0,-0.0,-26782.6,-13976.2,0.0,0.0,49145.9,822475.6,0,1
132.9,10442.141,-1903.304,10042.141,2497.404,102.837,55.117,116.676,0.765,12.845,-70,-28.1,-41.9,0,222000,75928.5,208611.8,0.0,-0.0,-26957.0,-14393.6,0.0,0.0,48971.5,822058.2,0,1
